time,stage_id,x2,v2
0.0,stage1,0.0,0.0
0.001,stage1,6.649668608333333e-05,0.016598839449944443
0.002,stage1,6.649668608333333e-05,0.016598839449944443
0.003,stage1,6.649668608333333e-05,0.016598839449944443
0.004,stage1,6.649668608333333e-05,0.016598839449944443
0.005,stage1,6.649668608333333e-05,0.016598839449944443
0.006,stage1,6.649668608333333e-05,0.016598839449944443
0.007,stage1,6.649668608333333e-05,0.016598839449944443
0.008,stage1,6.649668608333333e-05,0.016598839449944443
0.009,stage1,6.649668608333333e-05,0.016598839449944443
0.01,stage1,6.649668608333333e-05,0.016598839449944443
0.011,stage1,0.0003312854133633342,0.036323991666909874
0.012,stage1,0.0003312854133633342,0.036323991666909874
0.013,stage1,0.0003312854133633342,0.036323991666909874
0.014,stage1,0.0003312854133633342,0.036323991666909874
0.015,stage1,0.0003312854133633342,0.036323991666909874
0.016,stage1,0.0003312854133633342,0.036323991666909874
0.017,stage1,0.0003312854133633342,0.036323991666909874
0.018,stage1,0.0003312854133633342,0.036323991666909874
0.019,stage1,0.0003312854133633342,0.036323991666909874
0.02,stage1,0.0003312854133633342,0.036323991666909874
0.021,stage1,0.0007922521230437079,0.05583282965023133
0.022,stage1,0.0007922521230437079,0.05583282965023133
0.023,stage1,0.0007922521230437079,0.05583282965023133
0.024,stage1,0.0007922521230437079,0.05583282965023133
0.025,stage1,0.0007922521230437079,0.05583282965023133
0.026,stage1,0.0007922521230437079,0.05583282965023133
0.027,stage1,0.0007922521230437079,0.05583282965023133
0.028,stage1,0.0007922521230437079,0.05583282965023133
0.029,stage1,0.0007922521230437079,0.05583282965023133
0.03,stage1,0.0007922521230437079,0.05583282965023133
0.031,stage1,0.0014471859113979306,0.07511583844014388
0.032,stage1,0.0014471859113979306,0.07511583844014388
0.033,stage1,0.0014471859113979306,0.07511583844014388
0.034,stage1,0.0014471859113979306,0.07511583844014388
0.035,stage1,0.0014471859113979306,0.07511583844014388
0.036,stage1,0.0014471859113979306,0.07511583844014388
0.037,stage1,0.0014471859113979306,0.07511583844014388
0.038,stage1,0.0014471859113979306,0.07511583844014388
0.039,stage1,0.0014471859113979306,0.07511583844014388
0.04,stage1,0.0014471859113979306,0.07511583844014388
0.041,stage1,0.002293781852564072,0.09416372898140385
0.042,stage1,0.002293781852564072,0.09416372898140385
0.043,stage1,0.002293781852564072,0.09416372898140385
0.044,stage1,0.002293781852564072,0.09416372898140385
0.045,stage1,0.002293781852564072,0.09416372898140385
0.046,stage1,0.002293781852564072,0.09416372898140385
0.047,stage1,0.002293781852564072,0.09416372898140385
0.048,stage1,0.002293781852564072,0.09416372898140385
0.049,stage1,0.002293781852564072,0.09416372898140385
0.05,stage1,0.002293781852564072,0.09416372898140385
0.051,stage1,0.0033296432696576905,0.11296744051365967
0.052,stage1,0.0033296432696576905,0.11296744051365967
0.053,stage1,0.0033296432696576905,0.11296744051365967
0.054,stage1,0.0033296432696576905,0.11296744051365967
0.055,stage1,0.0033296432696576905,0.11296744051365967
0.056,stage1,0.0033296432696576905,0.11296744051365967
0.057,stage1,0.0033296432696576905,0.11296744051365967
0.058,stage1,0.0033296432696576905,0.11296744051365967
0.059,stage1,0.0033296432696576905,0.11296744051365967
0.06,stage1,0.0033296432696576905,0.11296744051365967
0.061,stage1,0.0045522840290929175,0.13151814282277027
0.062,stage1,0.0045522840290929175,0.13151814282277027
0.063,stage1,0.0045522840290929175,0.13151814282277027
0.064,stage1,0.0045522840290929175,0.13151814282277027
0.065,stage1,0.0045522840290929175,0.13151814282277027
0.066,stage1,0.0045522840290929175,0.13151814282277027
0.067,stage1,0.0045522840290929175,0.13151814282277027
0.068,stage1,0.0045522840290929175,0.13151814282277027
0.069,stage1,0.0045522840290929175,0.13151814282277027
0.07,stage1,0.0045522840290929175,0.13151814282277027
0.071,stage1,0.00595913085672263,0.14980723835335402
0.072,stage1,0.00595913085672263,0.14980723835335402
0.073,stage1,0.00595913085672263,0.14980723835335402
0.074,stage1,0.00595913085672263,0.14980723835335402
0.075,stage1,0.00595913085672263,0.14980723835335402
0.076,stage1,0.00595913085672263,0.14980723835335402
0.077,stage1,0.00595913085672263,0.14980723835335402
0.078,stage1,0.00595913085672263,0.14980723835335402
0.079,stage1,0.00595913085672263,0.14980723835335402
0.08,stage1,0.00595913085672263,0.14980723835335402
0.081,stage1,0.007547525674411647,0.16782636418290411
0.082,stage1,0.007547525674411647,0.16782636418290411
0.083,stage1,0.007547525674411647,0.16782636418290411
0.084,stage1,0.007547525674411647,0.16782636418290411
0.085,stage1,0.007547525674411647,0.16782636418290411
0.086,stage1,0.007547525674411647,0.16782636418290411
0.087,stage1,0.007547525674411647,0.16782636418290411
0.088,stage1,0.007547525674411647,0.16782636418290411
0.089,stage1,0.007547525674411647,0.16782636418290411
0.09,stage1,0.007547525674411647,0.16782636418290411
0.091,stage1,0.009314727955660565,0.18556739385787183
0.092,stage1,0.009314727955660565,0.18556739385787183
0.093,stage1,0.009314727955660565,0.18556739385787183
0.094,stage1,0.009314727955660565,0.18556739385787183
0.095,stage1,0.009314727955660565,0.18556739385787183
0.096,stage1,0.009314727955660565,0.18556739385787183
0.097,stage1,0.009314727955660565,0.18556739385787183
0.098,stage1,0.009314727955660565,0.18556739385787183
0.099,stage1,0.009314727955660565,0.18556739385787183
0.1,stage1,0.01125791709890218,0.20302243909218348
0.101,stage1,0.01125791709890218,0.20302243909218348
0.102,stage1,0.01125791709890218,0.20302243909218348
0.103,stage1,0.01125791709890218,0.20302243909218348
0.104,stage1,0.01125791709890218,0.20302243909218348
0.105,stage1,0.01125791709890218,0.20302243909218348
0.106,stage1,0.01125791709890218,0.20302243909218348
0.107,stage1,0.01125791709890218,0.20302243909218348
0.108,stage1,0.01125791709890218,0.20302243909218348
0.109,stage1,0.01125791709890218,0.20302243909218348
0.11,stage1,0.013374194817097453,0.220183851328721
0.111,stage1,0.013374194817097453,0.220183851328721
0.112,stage1,0.013374194817097453,0.220183851328721
0.113,stage1,0.013374194817097453,0.220183851328721
0.114,stage1,0.013374194817097453,0.220183851328721
0.115,stage1,0.013374194817097453,0.220183851328721
0.116,stage1,0.013374194817097453,0.220183851328721
0.117,stage1,0.013374194817097453,0.220183851328721
0.118,stage1,0.013374194817097453,0.220183851328721
0.119,stage1,0.013374194817097453,0.220183851328721
0.12,stage1,0.01566058754226353,0.23704422316435897
0.121,stage1,0.01566058754226353,0.23704422316435897
0.122,stage1,0.01566058754226353,0.23704422316435897
0.123,stage1,0.01566058754226353,0.23704422316435897
0.124,stage1,0.01566058754226353,0.23704422316435897
0.125,stage1,0.01566058754226353,0.23704422316435897
0.126,stage1,0.01566058754226353,0.23704422316435897
0.127,stage1,0.01566058754226353,0.23704422316435897
0.128,stage1,0.01566058754226353,0.23704422316435897
0.129,stage1,0.01566058754226353,0.23704422316435897
0.13,stage1,0.018114048843572636,0.25359638963921277
0.131,stage1,0.018114048843572636,0.25359638963921277
0.132,stage1,0.018114048843572636,0.25359638963921277
0.133,stage1,0.018114048843572636,0.25359638963921277
0.134,stage1,0.018114048843572636,0.25359638963921277
0.135,stage1,0.018114048843572636,0.25359638963921277
0.136,stage1,0.018114048843572636,0.25359638963921277
0.137,stage1,0.018114048843572636,0.25359638963921277
0.138,stage1,0.018114048843572636,0.25359638963921277
0.139,stage1,0.018114048843572636,0.25359638963921277
0.14,stage1,0.020731461857667482,0.26983342939081406
0.141,stage1,0.020731461857667482,0.26983342939081406
0.142,stage1,0.020731461857667482,0.26983342939081406
0.143,stage1,0.020731461857667482,0.26983342939081406
0.144,stage1,0.020731461857667482,0.26983342939081406
0.145,stage1,0.020731461857667482,0.26983342939081406
0.146,stage1,0.020731461857667482,0.26983342939081406
0.147,stage1,0.020731461857667482,0.26983342939081406
0.148,stage1,0.020731461857667482,0.26983342939081406
0.149,stage1,0.020731461857667482,0.26983342939081406
0.15,stage1,0.020731461857667482,0.26983342939081406
0.151,stage1,0.023509641729846244,0.2857486656739892
0.152,stage1,0.023509641729846244,0.2857486656739892
0.153,stage1,0.023509641729846244,0.2857486656739892
0.154,stage1,0.023509641729846244,0.2857486656739892
0.155,stage1,0.023509641729846244,0.2857486656739892
0.156,stage1,0.023509641729846244,0.2857486656739892
0.157,stage1,0.023509641729846244,0.2857486656739892
0.158,stage1,0.023509641729846244,0.2857486656739892
0.159,stage1,0.023509641729846244,0.2857486656739892
0.16,stage1,0.023509641729846244,0.2857486656739892
0.161,stage1,0.026445338064778345,0.30133566724727606
0.162,stage1,0.026445338064778345,0.30133566724727606
0.163,stage1,0.026445338064778345,0.30133566724727606
0.164,stage1,0.026445338064778345,0.30133566724727606
0.165,stage1,0.026445338064778345,0.30133566724727606
0.166,stage1,0.026445338064778345,0.30133566724727606
0.167,stage1,0.026445338064778345,0.30133566724727606
0.168,stage1,0.026445338064778345,0.30133566724727606
0.169,stage1,0.026445338064778345,0.30133566724727606
0.17,stage1,0.026445338064778345,0.30133566724727606
0.171,stage1,0.029535237385420778,0.3165882491267724
0.172,stage1,0.029535237385420778,0.3165882491267724
0.173,stage1,0.029535237385420778,0.3165882491267724
0.174,stage1,0.029535237385420778,0.3165882491267724
0.175,stage1,0.029535237385420778,0.3165882491267724
0.176,stage1,0.029535237385420778,0.3165882491267724
0.177,stage1,0.029535237385420778,0.3165882491267724
0.178,stage1,0.029535237385420778,0.3165882491267724
0.179,stage1,0.029535237385420778,0.3165882491267724
0.18,stage1,0.029535237385420778,0.3165882491267724
0.181,stage1,0.032775965598814016,0.3315004732083665
0.182,stage1,0.032775965598814016,0.3315004732083665
0.183,stage1,0.032775965598814016,0.3315004732083665
0.184,stage1,0.032775965598814016,0.3315004732083665
0.185,stage1,0.032775965598814016,0.3315004732083665
0.186,stage1,0.032775965598814016,0.3315004732083665
0.187,stage1,0.032775965598814016,0.3315004732083665
0.188,stage1,0.032775965598814016,0.3315004732083665
0.189,stage1,0.032775965598814016,0.3315004732083665
0.19,stage1,0.032775965598814016,0.3315004732083665
0.191,stage1,0.036164090467446335,0.34606664875935617
0.192,stage1,0.036164090467446335,0.34606664875935617
0.193,stage1,0.036164090467446335,0.34606664875935617
0.194,stage1,0.036164090467446335,0.34606664875935617
0.195,stage1,0.036164090467446335,0.34606664875935617
0.196,stage1,0.036164090467446335,0.34606664875935617
0.197,stage1,0.036164090467446335,0.34606664875935617
0.198,stage1,0.036164090467446335,0.34606664875935617
0.199,stage1,0.036164090467446335,0.34606664875935617
0.2,stage1,0.036164090467446335,0.34606664875935617
0.201,stage1,0.03969612408488564,0.360281332780518
0.202,stage1,0.03969612408488564,0.360281332780518
0.203,stage1,0.03969612408488564,0.360281332780518
0.204,stage1,0.03969612408488564,0.360281332780518
0.205,stage1,0.03969612408488564,0.360281332780518
0.206,stage1,0.03969612408488564,0.360281332780518
0.207,stage1,0.03969612408488564,0.360281332780518
0.208,stage1,0.03969612408488564,0.360281332780518
0.209,stage1,0.03969612408488564,0.360281332780518
0.21,stage1,0.03969612408488564,0.360281332780518
0.211,stage1,0.04336852535438892,0.37413933023974233
0.212,stage1,0.04336852535438892,0.37413933023974233
0.213,stage1,0.04336852535438892,0.37413933023974233
0.214,stage1,0.04336852535438892,0.37413933023974233
0.215,stage1,0.04336852535438892,0.37413933023974233
0.216,stage1,0.04336852535438892,0.37413933023974233
0.217,stage1,0.04336852535438892,0.37413933023974233
0.218,stage1,0.04336852535438892,0.37413933023974233
0.219,stage1,0.04336852535438892,0.37413933023974233
0.22,stage1,0.04336852535438892,0.37413933023974233
0.221,stage1,0.04717770246921068,0.38763569417840227
0.222,stage1,0.04717770246921068,0.38763569417840227
0.223,stage1,0.04717770246921068,0.38763569417840227
0.224,stage1,0.04717770246921068,0.38763569417840227
0.225,stage1,0.04717770246921068,0.38763569417840227
0.226,stage1,0.04717770246921068,0.38763569417840227
0.227,stage1,0.04717770246921068,0.38763569417840227
0.228,stage1,0.04717770246921068,0.38763569417840227
0.229,stage1,0.04717770246921068,0.38763569417840227
0.23,stage1,0.04717770246921068,0.38763569417840227
0.231,stage1,0.05112001539334385,0.40076572569167696
0.232,stage1,0.05112001539334385,0.40076572569167696
0.233,stage1,0.05112001539334385,0.40076572569167696
0.234,stage1,0.05112001539334385,0.40076572569167696
0.235,stage1,0.05112001539334385,0.40076572569167696
0.236,stage1,0.05112001539334385,0.40076572569167696
0.237,stage1,0.05112001539334385,0.40076572569167696
0.238,stage1,0.05112001539334385,0.40076572569167696
0.239,stage1,0.05112001539334385,0.40076572569167696
0.24,stage1,0.05112001539334385,0.40076572569167696
0.241,stage1,0.05519177834143894,0.4135249737840999
0.242,stage1,0.05519177834143894,0.4135249737840999
0.243,stage1,0.05519177834143894,0.4135249737840999
0.244,stage1,0.05519177834143894,0.4135249737840999
0.245,stage1,0.05519177834143894,0.4135249737840999
0.246,stage1,0.05519177834143894,0.4135249737840999
0.247,stage1,0.05519177834143894,0.4135249737840999
0.248,stage1,0.05519177834143894,0.4135249737840999
0.249,stage1,0.05519177834143894,0.4135249737840999
0.25,stage1,0.05519177834143894,0.4135249737840999
0.251,stage1,0.05938926225666034,0.42590923510165285
0.252,stage1,0.05938926225666034,0.42590923510165285
0.253,stage1,0.05938926225666034,0.42590923510165285
0.254,stage1,0.05938926225666034,0.42590923510165285
0.255,stage1,0.05938926225666034,0.42590923510165285
0.256,stage1,0.05938926225666034,0.42590923510165285
0.257,stage1,0.05938926225666034,0.42590923510165285
0.258,stage1,0.05938926225666034,0.42590923510165285
0.259,stage1,0.05938926225666034,0.42590923510165285
0.26,stage1,0.05938926225666034,0.42590923510165285
0.261,stage1,0.0637086972852519,0.43791455354177355
0.262,stage1,0.0637086972852519,0.43791455354177355
0.263,stage1,0.0637086972852519,0.43791455354177355
0.264,stage1,0.0637086972852519,0.43791455354177355
0.265,stage1,0.0637086972852519,0.43791455354177355
0.266,stage1,0.0637086972852519,0.43791455354177355
0.267,stage1,0.0637086972852519,0.43791455354177355
0.268,stage1,0.0637086972852519,0.43791455354177355
0.269,stage1,0.0637086972852519,0.43791455354177355
0.27,stage1,0.0637086972852519,0.43791455354177355
0.271,stage1,0.06814627524659814,0.44953721974269395
0.272,stage1,0.06814627524659814,0.44953721974269395
0.273,stage1,0.06814627524659814,0.44953721974269395
0.274,stage1,0.06814627524659814,0.44953721974269395
0.275,stage1,0.06814627524659814,0.44953721974269395
0.276,stage1,0.06814627524659814,0.44953721974269395
0.277,stage1,0.06814627524659814,0.44953721974269395
0.278,stage1,0.06814627524659814,0.44953721974269395
0.279,stage1,0.06814627524659814,0.44953721974269395
0.28,stage1,0.06814627524659814,0.44953721974269395
0.281,stage1,0.07269815209758147,0.46077377045356993
0.282,stage1,0.07269815209758147,0.46077377045356993
0.283,stage1,0.07269815209758147,0.46077377045356993
0.284,stage1,0.07269815209758147,0.46077377045356993
0.285,stage1,0.07269815209758147,0.46077377045356993
0.286,stage1,0.07269815209758147,0.46077377045356993
0.287,stage1,0.07269815209758147,0.46077377045356993
0.288,stage1,0.07269815209758147,0.46077377045356993
0.289,stage1,0.07269815209758147,0.46077377045356993
0.29,stage1,0.07269815209758147,0.46077377045356993
0.291,stage1,0.07736045039005107,0.4716209877869105
0.292,stage1,0.07736045039005107,0.4716209877869105
0.293,stage1,0.07736045039005107,0.4716209877869105
0.294,stage1,0.07736045039005107,0.4716209877869105
0.295,stage1,0.07736045039005107,0.4716209877869105
0.296,stage1,0.07736045039005107,0.4716209877869105
0.297,stage1,0.07736045039005107,0.4716209877869105
0.298,stage1,0.07736045039005107,0.4716209877869105
0.299,stage1,0.07736045039005107,0.4716209877869105
0.3,stage1,0.07736045039005107,0.4716209877869105
0.301,stage1,0.08212926172023385,0.48207589835485565
0.302,stage1,0.08212926172023385,0.48207589835485565
0.303,stage1,0.08212926172023385,0.48207589835485565
0.304,stage1,0.08212926172023385,0.48207589835485565
0.305,stage1,0.08212926172023385,0.48207589835485565
0.306,stage1,0.08212926172023385,0.48207589835485565
0.307,stage1,0.08212926172023385,0.48207589835485565
0.308,stage1,0.08212926172023385,0.48207589835485565
0.309,stage1,0.08212926172023385,0.48207589835485565
0.31,stage1,0.08212926172023385,0.48207589835485565
0.311,stage1,0.08700064916893416,0.4921357722908974
0.312,stage1,0.08700064916893416,0.4921357722908974
0.313,stage1,0.08700064916893416,0.4921357722908974
0.314,stage1,0.08700064916893416,0.4921357722908974
0.315,stage1,0.08700064916893416,0.4921357722908974
0.316,stage1,0.08700064916893416,0.4921357722908974
0.317,stage1,0.08700064916893416,0.4921357722908974
0.318,stage1,0.08700064916893416,0.4921357722908974
0.319,stage1,0.08700064916893416,0.4921357722908974
0.32,stage1,0.08700064916893416,0.4921357722908974
0.321,stage1,0.09197064973138468,0.5017981221586765
0.322,stage1,0.09197064973138468,0.5017981221586765
0.323,stage1,0.09197064973138468,0.5017981221586765
0.324,stage1,0.09197064973138468,0.5017981221586765
0.325,stage1,0.09197064973138468,0.5017981221586765
0.326,stage1,0.09197064973138468,0.5017981221586765
0.327,stage1,0.09197064973138468,0.5017981221586765
0.328,stage1,0.09197064973138468,0.5017981221586765
0.329,stage1,0.09197064973138468,0.5017981221586765
0.33,stage1,0.09197064973138468,0.5017981221586765
0.331,stage1,0.0970352767356277,0.5110607017495307
0.332,stage1,0.0970352767356277,0.5110607017495307
0.333,stage1,0.0970352767356277,0.5110607017495307
0.334,stage1,0.0970352767356277,0.5110607017495307
0.335,stage1,0.0970352767356277,0.5110607017495307
0.336,stage1,0.0970352767356277,0.5110607017495307
0.337,stage1,0.0970352767356277,0.5110607017495307
0.338,stage1,0.0970352767356277,0.5110607017495307
0.339,stage1,0.0970352767356277,0.5110607017495307
0.34,stage1,0.0970352767356277,0.5110607017495307
0.341,stage1,0.10219052224832265,0.519921504770506
0.342,stage1,0.10219052224832265,0.519921504770506
0.343,stage1,0.10219052224832265,0.519921504770506
0.344,stage1,0.10219052224832265,0.519921504770506
0.345,stage1,0.10219052224832265,0.519921504770506
0.346,stage1,0.10219052224832265,0.519921504770506
0.347,stage1,0.10219052224832265,0.519921504770506
0.348,stage1,0.10219052224832265,0.519921504770506
0.349,stage1,0.10219052224832265,0.519921504770506
0.35,stage1,0.10219052224832265,0.519921504770506
0.351,stage1,0.1074323594668934,0.5283787634245838
0.352,stage1,0.1074323594668934,0.5283787634245838
0.353,stage1,0.1074323594668934,0.5283787634245838
0.354,stage1,0.1074323594668934,0.5283787634245838
0.355,stage1,0.1074323594668934,0.5283787634245838
0.356,stage1,0.1074323594668934,0.5283787634245838
0.357,stage1,0.1074323594668934,0.5283787634245838
0.358,stage1,0.1074323594668934,0.5283787634245838
0.359,stage1,0.1074323594668934,0.5283787634245838
0.36,stage1,0.1074323594668934,0.5283787634245838
0.361,stage1,0.11275674509694643,0.5364309468849074
0.362,stage1,0.11275674509694643,0.5364309468849074
0.363,stage1,0.11275674509694643,0.5364309468849074
0.364,stage1,0.11275674509694643,0.5364309468849074
0.365,stage1,0.11275674509694643,0.5364309468849074
0.366,stage1,0.11275674509694643,0.5364309468849074
0.367,stage1,0.11275674509694643,0.5364309468849074
0.368,stage1,0.11275674509694643,0.5364309468849074
0.369,stage1,0.11275674509694643,0.5364309468849074
0.37,stage1,0.11275674509694643,0.5364309468849074
0.371,stage1,0.11815962171390865,0.5440767596648342
0.372,stage1,0.11815962171390865,0.5440767596648342
0.373,stage1,0.11815962171390865,0.5440767596648342
0.374,stage1,0.11815962171390865,0.5440767596648342
0.375,stage1,0.11815962171390865,0.5440767596648342
0.376,stage1,0.11815962171390865,0.5440767596648342
0.377,stage1,0.11815962171390865,0.5440767596648342
0.378,stage1,0.11815962171390865,0.5440767596648342
0.379,stage1,0.11815962171390865,0.5440767596648342
0.38,stage1,0.11815962171390865,0.5440767596648342
0.381,stage1,0.12363692010785281,0.5513151398856648
0.382,stage1,0.12363692010785281,0.5513151398856648
0.383,stage1,0.12363692010785281,0.5513151398856648
0.384,stage1,0.12363692010785281,0.5513151398856648
0.385,stage1,0.12363692010785281,0.5513151398856648
0.386,stage1,0.12363692010785281,0.5513151398856648
0.387,stage1,0.12363692010785281,0.5513151398856648
0.388,stage1,0.12363692010785281,0.5513151398856648
0.389,stage1,0.12363692010785281,0.5513151398856648
0.39,stage1,0.12363692010785281,0.5513151398856648
0.391,stage1,0.12918456161049632,0.5581452574439423
0.392,stage1,0.12918456161049632,0.5581452574439423
0.393,stage1,0.12918456161049632,0.5581452574439423
0.394,stage1,0.12918456161049632,0.5581452574439423
0.395,stage1,0.12918456161049632,0.5581452574439423
0.396,stage1,0.12918456161049632,0.5581452574439423
0.397,stage1,0.12918456161049632,0.5581452574439423
0.398,stage1,0.12918456161049632,0.5581452574439423
0.399,stage1,0.12918456161049632,0.5581452574439423
0.4,stage1,0.12918456161049632,0.5581452574439423
0.401,stage1,0.1347984604033789,0.5645665120802367
0.402,stage1,0.1347984604033789,0.5645665120802367
0.403,stage1,0.1347984604033789,0.5645665120802367
0.404,stage1,0.1347984604033789,0.5645665120802367
0.405,stage1,0.1347984604033789,0.5645665120802367
0.406,stage1,0.1347984604033789,0.5645665120802367
0.407,stage1,0.1347984604033789,0.5645665120802367
0.408,stage1,0.1347984604033789,0.5645665120802367
0.409,stage1,0.1347984604033789,0.5645665120802367
0.41,stage1,0.1347984604033789,0.5645665120802367
0.411,stage1,0.14047452580624367,0.5705785313513678
0.412,stage1,0.14047452580624367,0.5705785313513678
0.413,stage1,0.14047452580624367,0.5705785313513678
0.414,stage1,0.14047452580624367,0.5705785313513678
0.415,stage1,0.14047452580624367,0.5705785313513678
0.416,stage1,0.14047452580624367,0.5705785313513678
0.417,stage1,0.14047452580624367,0.5705785313513678
0.418,stage1,0.14047452580624367,0.5705785313513678
0.419,stage1,0.14047452580624367,0.5705785313513678
0.42,stage1,0.14047452580624367,0.5705785313513678
0.421,stage1,0.14620866454466594,0.5761811685080437
0.422,stage1,0.14620866454466594,0.5761811685080437
0.423,stage1,0.14620866454466594,0.5761811685080437
0.424,stage1,0.14620866454466594,0.5761811685080437
0.425,stage1,0.14620866454466594,0.5761811685080437
0.426,stage1,0.14620866454466594,0.5761811685080437
0.427,stage1,0.14620866454466594,0.5761811685080437
0.428,stage1,0.14620866454466594,0.5761811685080437
0.429,stage1,0.14620866454466594,0.5761811685080437
0.43,stage1,0.14620866454466594,0.5761811685080437
0.431,stage1,0.15199678299599367,0.5813745002799201
0.432,stage1,0.15199678299599367,0.5813745002799201
0.433,stage1,0.15199678299599367,0.5813745002799201
0.434,stage1,0.15199678299599367,0.5813745002799201
0.435,stage1,0.15199678299599367,0.5813745002799201
0.436,stage1,0.15199678299599367,0.5813745002799201
0.437,stage1,0.15199678299599367,0.5813745002799201
0.438,stage1,0.15199678299599367,0.5813745002799201
0.439,stage1,0.15199678299599367,0.5813745002799201
0.44,stage1,0.15199678299599367,0.5813745002799201
0.441,stage1,0.15783478941268425,0.5861588245701144
0.442,stage1,0.15783478941268425,0.5861588245701144
0.443,stage1,0.15783478941268425,0.5861588245701144
0.444,stage1,0.15783478941268425,0.5861588245701144
0.445,stage1,0.15783478941268425,0.5861588245701144
0.446,stage1,0.15783478941268425,0.5861588245701144
0.447,stage1,0.15783478941268425,0.5861588245701144
0.448,stage1,0.15783478941268425,0.5861588245701144
0.449,stage1,0.15783478941268425,0.5861588245701144
0.45,stage1,0.15783478941268425,0.5861588245701144
0.451,stage1,0.16371859612214212,0.5905346580612307
0.452,stage1,0.16371859612214212,0.5905346580612307
0.453,stage1,0.16371859612214212,0.5905346580612307
0.454,stage1,0.16371859612214212,0.5905346580612307
0.455,stage1,0.16371859612214212,0.5905346580612307
0.456,stage1,0.16371859612214212,0.5905346580612307
0.457,stage1,0.16371859612214212,0.5905346580612307
0.458,stage1,0.16371859612214212,0.5905346580612307
0.459,stage1,0.16371859612214212,0.5905346580612307
0.46,stage1,0.16371859612214212,0.5905346580612307
0.461,stage1,0.169644121702183,0.5945027337349771
0.462,stage1,0.169644121702183,0.5945027337349771
0.463,stage1,0.169644121702183,0.5945027337349771
0.464,stage1,0.169644121702183,0.5945027337349771
0.465,stage1,0.169644121702183,0.5945027337349771
0.466,stage1,0.169644121702183,0.5945027337349771
0.467,stage1,0.169644121702183,0.5945027337349771
0.468,stage1,0.169644121702183,0.5945027337349771
0.469,stage1,0.169644121702183,0.5945027337349771
0.47,stage1,0.169644121702183,0.5945027337349771
0.471,stage1,0.17560729313127088,0.5980639983074774
0.472,stage1,0.17560729313127088,0.5980639983074774
0.473,stage1,0.17560729313127088,0.5980639983074774
0.474,stage1,0.17560729313127088,0.5980639983074774
0.475,stage1,0.17560729313127088,0.5980639983074774
0.476,stage1,0.17560729313127088,0.5980639983074774
0.477,stage1,0.17560729313127088,0.5980639983074774
0.478,stage1,0.17560729313127088,0.5980639983074774
0.479,stage1,0.17560729313127088,0.5980639983074774
0.48,stage1,0.17560729313127088,0.5980639983074774
0.481,stage1,0.18160404791269563,0.6012196095824043
0.482,stage1,0.18160404791269563,0.6012196095824043
0.483,stage1,0.18160404791269563,0.6012196095824043
0.484,stage1,0.18160404791269563,0.6012196095824043
0.485,stage1,0.18160404791269563,0.6012196095824043
0.486,stage1,0.18160404791269563,0.6012196095824043
0.487,stage1,0.18160404791269563,0.6012196095824043
0.488,stage1,0.18160404791269563,0.6012196095824043
0.489,stage1,0.18160404791269563,0.6012196095824043
0.49,stage1,0.18160404791269563,0.6012196095824043
0.491,stage1,0.18763033617187974,0.6039709337240756
0.492,stage1,0.18763033617187974,0.6039709337240756
0.493,stage1,0.18763033617187974,0.6039709337240756
0.494,stage1,0.18763033617187974,0.6039709337240756
0.495,stage1,0.18763033617187974,0.6039709337240756
0.496,stage1,0.18763033617187974,0.6039709337240756
0.497,stage1,0.18763033617187974,0.6039709337240756
0.498,stage1,0.18763033617187974,0.6039709337240756
0.499,stage1,0.18763033617187974,0.6039709337240756
0.5,stage1,0.18763033617187974,0.6039709337240756
0.501,stage1,0.193682122726025,0.6063195424526783
0.502,stage1,0.193682122726025,0.6063195424526783
0.503,stage1,0.193682122726025,0.6063195424526783
0.504,stage1,0.193682122726025,0.6063195424526783
0.505,stage1,0.193682122726025,0.6063195424526783
0.506,stage1,0.193682122726025,0.6063195424526783
0.507,stage1,0.193682122726025,0.6063195424526783
0.508,stage1,0.193682122726025,0.6063195424526783
0.509,stage1,0.193682122726025,0.6063195424526783
0.51,stage1,0.193682122726025,0.6063195424526783
0.511,stage1,0.1997553891253312,0.6082672101638
0.512,stage1,0.1997553891253312,0.6082672101638
0.513,stage1,0.1997553891253312,0.6082672101638
0.514,stage1,0.1997553891253312,0.6082672101638
0.515,stage1,0.1997553891253312,0.6082672101638
0.516,stage1,0.1997553891253312,0.6082672101638
0.517,stage1,0.1997553891253312,0.6082672101638
0.518,stage1,0.1997553891253312,0.6082672101638
0.519,stage1,0.1997553891253312,0.6082672101638
0.52,stage1,0.1997553891253312,0.6082672101638
0.521,stage1,0.20584613566504062,0.6098159109744647
0.522,stage1,0.20584613566504062,0.6098159109744647
0.523,stage1,0.20584613566504062,0.6098159109744647
0.524,stage1,0.20584613566504062,0.6098159109744647
0.525,stage1,0.20584613566504062,0.6098159109744647
0.526,stage1,0.20584613566504062,0.6098159109744647
0.527,stage1,0.20584613566504062,0.6098159109744647
0.528,stage1,0.20584613566504062,0.6098159109744647
0.529,stage1,0.20584613566504062,0.6098159109744647
0.53,stage1,0.20584613566504062,0.6098159109744647
0.531,stage1,0.21195038336758484,0.6109678156978839
0.532,stage1,0.21195038336758484,0.6109678156978839
0.533,stage1,0.21195038336758484,0.6109678156978839
0.534,stage1,0.21195038336758484,0.6109678156978839
0.535,stage1,0.21195038336758484,0.6109678156978839
0.536,stage1,0.21195038336758484,0.6109678156978839
0.537,stage1,0.21195038336758484,0.6109678156978839
0.538,stage1,0.21195038336758484,0.6109678156978839
0.539,stage1,0.21195038336758484,0.6109678156978839
0.54,stage1,0.21195038336758484,0.6109678156978839
0.541,stage1,0.2180641759341318,0.6117252887491478
0.542,stage1,0.2180641759341318,0.6117252887491478
0.543,stage1,0.2180641759341318,0.6117252887491478
0.544,stage1,0.2180641759341318,0.6117252887491478
0.545,stage1,0.2180641759341318,0.6117252887491478
0.546,stage1,0.2180641759341318,0.6117252887491478
0.547,stage1,0.2180641759341318,0.6117252887491478
0.548,stage1,0.2180641759341318,0.6117252887491478
0.549,stage1,0.2180641759341318,0.6117252887491478
0.55,stage1,0.2180641759341318,0.6117252887491478
0.551,stage1,0.22418358166485378,0.6120908849840943
0.552,stage1,0.22418358166485378,0.6120908849840943
0.553,stage1,0.22418358166485378,0.6120908849840943
0.554,stage1,0.22418358166485378,0.6120908849840943
0.555,stage1,0.22418358166485378,0.6120908849840943
0.556,stage1,0.22418358166485378,0.6120908849840943
0.557,stage1,0.22418358166485378,0.6120908849840943
0.558,stage1,0.22418358166485378,0.6120908849840943
0.559,stage1,0.22418358166485378,0.6120908849840943
0.56,stage1,0.22418358166485378,0.6120908849840943
0.561,stage1,0.2303046953472593,0.6120673464736046
0.562,stage1,0.2303046953472593,0.6120673464736046
0.563,stage1,0.2303046953472593,0.6120673464736046
0.564,stage1,0.2303046953472593,0.6120673464736046
0.565,stage1,0.2303046953472593,0.6120673464736046
0.566,stage1,0.2303046953472593,0.6120673464736046
0.567,stage1,0.2303046953472593,0.6120673464736046
0.568,stage1,0.2303046953472593,0.6120673464736046
0.569,stage1,0.2303046953472593,0.6120673464736046
0.57,stage1,0.2303046953472593,0.6120673464736046
0.571,stage1,0.23642364011195469,0.6116575992155825
0.572,stage1,0.23642364011195469,0.6116575992155825
0.573,stage1,0.23642364011195469,0.6116575992155825
0.574,stage1,0.23642364011195469,0.6116575992155825
0.575,stage1,0.23642364011195469,0.6116575992155825
0.576,stage1,0.23642364011195469,0.6116575992155825
0.577,stage1,0.23642364011195469,0.6116575992155825
0.578,stage1,0.23642364011195469,0.6116575992155825
0.579,stage1,0.23642364011195469,0.6116575992155825
0.58,stage1,0.23642364011195469,0.6116575992155825
0.581,stage1,0.24253656925522307,0.6108647497868849
0.582,stage1,0.24253656925522307,0.6108647497868849
0.583,stage1,0.24253656925522307,0.6108647497868849
0.584,stage1,0.24253656925522307,0.6108647497868849
0.585,stage1,0.24253656925522307,0.6108647497868849
0.586,stage1,0.24253656925522307,0.6108647497868849
0.587,stage1,0.24253656925522307,0.6108647497868849
0.588,stage1,0.24253656925522307,0.6108647497868849
0.589,stage1,0.24253656925522307,0.6108647497868849
0.59,stage1,0.24253656925522307,0.6108647497868849
0.591,stage1,0.2486396680278321,0.6096920819374788
0.592,stage1,0.2486396680278321,0.6096920819374788
0.593,stage1,0.2486396680278321,0.6096920819374788
0.594,stage1,0.2486396680278321,0.6096920819374788
0.595,stage1,0.2486396680278321,0.6096920819374788
0.596,stage1,0.2486396680278321,0.6096920819374788
0.597,stage1,0.2486396680278321,0.6096920819374788
0.598,stage1,0.2486396680278321,0.6096920819374788
0.599,stage1,0.2486396680278321,0.6096920819374788
0.6,stage1,0.2486396680278321,0.6096920819374788
0.601,stage1,0.2547291553895038,0.6081430531291048
0.602,stage1,0.2547291553895038,0.6081430531291048
0.603,stage1,0.2547291553895038,0.6081430531291048
0.604,stage1,0.2547291553895038,0.6081430531291048
0.605,stage1,0.2547291553895038,0.6081430531291048
0.606,stage1,0.2547291553895038,0.6081430531291048
0.607,stage1,0.2547291553895038,0.6081430531291048
0.608,stage1,0.2547291553895038,0.6081430531291048
0.609,stage1,0.2547291553895038,0.6081430531291048
0.61,stage1,0.2547291553895038,0.6081430531291048
0.611,stage1,0.2608012857285031,0.606221291020732
0.612,stage1,0.2608012857285031,0.606221291020732
0.613,stage1,0.2608012857285031,0.606221291020732
0.614,stage1,0.2608012857285031,0.606221291020732
0.615,stage1,0.2608012857285031,0.606221291020732
0.616,stage1,0.2608012857285031,0.606221291020732
0.617,stage1,0.2608012857285031,0.606221291020732
0.618,stage1,0.2608012857285031,0.606221291020732
0.619,stage1,0.2608012857285031,0.606221291020732
0.62,stage1,0.2608012857285031,0.606221291020732
0.621,stage1,0.26685235054582435,0.6039305899030959
0.622,stage1,0.26685235054582435,0.6039305899030959
0.623,stage1,0.26685235054582435,0.6039305899030959
0.624,stage1,0.26685235054582435,0.6039305899030959
0.625,stage1,0.26685235054582435,0.6039305899030959
0.626,stage1,0.26685235054582435,0.6039305899030959
0.627,stage1,0.26685235054582435,0.6039305899030959
0.628,stage1,0.26685235054582435,0.6039305899030959
0.629,stage1,0.26685235054582435,0.6039305899030959
0.63,stage1,0.26685235054582435,0.6039305899030959
0.631,stage1,0.27287868010347843,0.6012749070846105
0.632,stage1,0.27287868010347843,0.6012749070846105
0.633,stage1,0.27287868010347843,0.6012749070846105
0.634,stage1,0.27287868010347843,0.6012749070846105
0.635,stage1,0.27287868010347843,0.6012749070846105
0.636,stage1,0.27287868010347843,0.6012749070846105
0.637,stage1,0.27287868010347843,0.6012749070846105
0.638,stage1,0.27287868010347843,0.6012749070846105
0.639,stage1,0.27287868010347843,0.6012749070846105
0.64,stage1,0.27287868010347843,0.6012749070846105
0.641,stage1,0.27887664503640514,0.5982583592309477
0.642,stage1,0.27887664503640514,0.5982583592309477
0.643,stage1,0.27887664503640514,0.5982583592309477
0.644,stage1,0.27887664503640514,0.5982583592309477
0.645,stage1,0.27887664503640514,0.5982583592309477
0.646,stage1,0.27887664503640514,0.5982583592309477
0.647,stage1,0.27887664503640514,0.5982583592309477
0.648,stage1,0.27887664503640514,0.5982583592309477
0.649,stage1,0.27887664503640514,0.5982583592309477
0.65,stage1,0.27887664503640514,0.5982583592309477
0.651,stage1,0.2848426579275594,0.5948852186605802
0.652,stage1,0.2848426579275594,0.5948852186605802
0.653,stage1,0.2848426579275594,0.5948852186605802
0.654,stage1,0.2848426579275594,0.5948852186605802
0.655,stage1,0.2848426579275594,0.5948852186605802
0.656,stage1,0.2848426579275594,0.5948852186605802
0.657,stage1,0.2848426579275594,0.5948852186605802
0.658,stage1,0.2848426579275594,0.5948852186605802
0.659,stage1,0.2848426579275594,0.5948852186605802
0.66,stage1,0.2848426579275594,0.5948852186605802
0.661,stage1,0.2907731748457424,0.5911599095985792
0.662,stage1,0.2907731748457424,0.5911599095985792
0.663,stage1,0.2907731748457424,0.5911599095985792
0.664,stage1,0.2907731748457424,0.5911599095985792
0.665,stage1,0.2907731748457424,0.5911599095985792
0.666,stage1,0.2907731748457424,0.5911599095985792
0.667,stage1,0.2907731748457424,0.5911599095985792
0.668,stage1,0.2907731748457424,0.5911599095985792
0.669,stage1,0.2907731748457424,0.5911599095985792
0.67,stage1,0.2907731748457424,0.5911599095985792
0.671,stage1,0.29666469684577107,0.5870870043909607
0.672,stage1,0.29666469684577107,0.5870870043909607
0.673,stage1,0.29666469684577107,0.5870870043909607
0.674,stage1,0.29666469684577107,0.5870870043909607
0.675,stage1,0.29666469684577107,0.5870870043909607
0.676,stage1,0.29666469684577107,0.5870870043909607
0.677,stage1,0.29666469684577107,0.5870870043909607
0.678,stage1,0.29666469684577107,0.5870870043909607
0.679,stage1,0.29666469684577107,0.5870870043909607
0.68,stage1,0.29666469684577107,0.5870870043909607
0.681,stage1,0.302513771430604,0.5826712196818666
0.682,stage1,0.302513771430604,0.5826712196818666
0.683,stage1,0.302513771430604,0.5826712196818666
0.684,stage1,0.302513771430604,0.5826712196818666
0.685,stage1,0.302513771430604,0.5826712196818666
0.686,stage1,0.302513771430604,0.5826712196818666
0.687,stage1,0.302513771430604,0.5826712196818666
0.688,stage1,0.302513771430604,0.5826712196818666
0.689,stage1,0.302513771430604,0.5826712196818666
0.69,stage1,0.302513771430604,0.5826712196818666
0.691,stage1,0.30831699397506224,0.5779174125558668
0.692,stage1,0.30831699397506224,0.5779174125558668
0.693,stage1,0.30831699397506224,0.5779174125558668
0.694,stage1,0.30831699397506224,0.5779174125558668
0.695,stage1,0.30831699397506224,0.5779174125558668
0.696,stage1,0.30831699397506224,0.5779174125558668
0.697,stage1,0.30831699397506224,0.5779174125558668
0.698,stage1,0.30831699397506224,0.5779174125558668
0.699,stage1,0.30831699397506224,0.5779174125558668
0.7,stage1,0.30831699397506224,0.5779174125558668
0.701,stage1,0.3140710091108086,0.5728305766476605
0.702,stage1,0.3140710091108086,0.5728305766476605
0.703,stage1,0.3140710091108086,0.5728305766476605
0.704,stage1,0.3140710091108086,0.5728305766476605
0.705,stage1,0.3140710091108086,0.5728305766476605
0.706,stage1,0.3140710091108086,0.5728305766476605
0.707,stage1,0.3140710091108086,0.5728305766476605
0.708,stage1,0.3140710091108086,0.5728305766476605
0.709,stage1,0.3140710091108086,0.5728305766476605
0.71,stage1,0.3140710091108086,0.5728305766476605
0.711,stage1,0.3197725120722703,0.5674158382214493
0.712,stage1,0.3197725120722703,0.5674158382214493
0.713,stage1,0.3197725120722703,0.5674158382214493
0.714,stage1,0.3197725120722703,0.5674158382214493
0.715,stage1,0.3197725120722703,0.5674158382214493
0.716,stage1,0.3197725120722703,0.5674158382214493
0.717,stage1,0.3197725120722703,0.5674158382214493
0.718,stage1,0.3197725120722703,0.5674158382214493
0.719,stage1,0.3197725120722703,0.5674158382214493
0.72,stage1,0.3197725120722703,0.5674158382214493
0.721,stage1,0.3254182500032133,0.5616784522222491
0.722,stage1,0.3254182500032133,0.5616784522222491
0.723,stage1,0.3254182500032133,0.5616784522222491
0.724,stage1,0.3254182500032133,0.5616784522222491
0.725,stage1,0.3254182500032133,0.5616784522222491
0.726,stage1,0.3254182500032133,0.5616784522222491
0.727,stage1,0.3254182500032133,0.5616784522222491
0.728,stage1,0.3254182500032133,0.5616784522222491
0.729,stage1,0.3254182500032133,0.5616784522222491
0.73,stage1,0.3254182500032133,0.5616784522222491
0.731,stage1,0.33100502322369835,0.5556237983013954
0.732,stage1,0.33100502322369835,0.5556237983013954
0.733,stage1,0.33100502322369835,0.5556237983013954
0.734,stage1,0.33100502322369835,0.5556237983013954
0.735,stage1,0.33100502322369835,0.5556237983013954
0.736,stage1,0.33100502322369835,0.5556237983013954
0.737,stage1,0.33100502322369835,0.5556237983013954
0.738,stage1,0.33100502322369835,0.5556237983013954
0.739,stage1,0.33100502322369835,0.5556237983013954
0.74,stage1,0.33100502322369835,0.5556237983013954
0.741,stage1,0.33652968645717324,0.5492573768184912
0.742,stage1,0.33652968645717324,0.5492573768184912
0.743,stage1,0.33652968645717324,0.5492573768184912
0.744,stage1,0.33652968645717324,0.5492573768184912
0.745,stage1,0.33652968645717324,0.5492573768184912
0.746,stage1,0.33652968645717324,0.5492573768184912
0.747,stage1,0.33652968645717324,0.5492573768184912
0.748,stage1,0.33652968645717324,0.5492573768184912
0.749,stage1,0.33652968645717324,0.5492573768184912
0.75,stage1,0.33652968645717324,0.5492573768184912
0.751,stage1,0.34198915001747543,0.5425848048220341
0.752,stage1,0.34198915001747543,0.5425848048220341
0.753,stage1,0.34198915001747543,0.5425848048220341
0.754,stage1,0.34198915001747543,0.5425848048220341
0.755,stage1,0.34198915001747543,0.5425848048220341
0.756,stage1,0.34198915001747543,0.5425848048220341
0.757,stage1,0.34198915001747543,0.5425848048220341
0.758,stage1,0.34198915001747543,0.5425848048220341
0.759,stage1,0.34198915001747543,0.5425848048220341
0.76,stage1,0.34198915001747543,0.5425848048220341
0.761,stage1,0.3473803809555439,0.5356118120109479
0.762,stage1,0.3473803809555439,0.5356118120109479
0.763,stage1,0.3473803809555439,0.5356118120109479
0.764,stage1,0.3473803809555439,0.5356118120109479
0.765,stage1,0.3473803809555439,0.5356118120109479
0.766,stage1,0.3473803809555439,0.5356118120109479
0.767,stage1,0.3473803809555439,0.5356118120109479
0.768,stage1,0.3473803809555439,0.5356118120109479
0.769,stage1,0.3473803809555439,0.5356118120109479
0.77,stage1,0.3473803809555439,0.5356118120109479
0.771,stage1,0.35270040416566,0.5283442366792314
0.772,stage1,0.35270040416566,0.5283442366792314
0.773,stage1,0.35270040416566,0.5283442366792314
0.774,stage1,0.35270040416566,0.5283442366792314
0.775,stage1,0.35270040416566,0.5283442366792314
0.776,stage1,0.35270040416566,0.5283442366792314
0.777,stage1,0.35270040416566,0.5283442366792314
0.778,stage1,0.35270040416566,0.5283442366792314
0.779,stage1,0.35270040416566,0.5283442366792314
0.78,stage1,0.35270040416566,0.5283442366792314
0.781,stage1,0.35794630345105943,0.5207880216459243
0.782,stage1,0.35794630345105943,0.5207880216459243
0.783,stage1,0.35794630345105943,0.5207880216459243
0.784,stage1,0.35794630345105943,0.5207880216459243
0.785,stage1,0.35794630345105943,0.5207880216459243
0.786,stage1,0.35794630345105943,0.5207880216459243
0.787,stage1,0.35794630345105943,0.5207880216459243
0.788,stage1,0.35794630345105943,0.5207880216459243
0.789,stage1,0.35794630345105943,0.5207880216459243
0.79,stage1,0.35794630345105943,0.5207880216459243
0.791,stage1,0.36311522254877987,0.5129492101725753
0.792,stage1,0.36311522254877987,0.5129492101725753
0.793,stage1,0.36311522254877987,0.5129492101725753
0.794,stage1,0.36311522254877987,0.5129492101725753
0.795,stage1,0.36311522254877987,0.5129492101725753
0.796,stage1,0.36311522254877987,0.5129492101725753
0.797,stage1,0.36311522254877987,0.5129492101725753
0.798,stage1,0.36311522254877987,0.5129492101725753
0.799,stage1,0.36311522254877987,0.5129492101725753
0.8,stage1,0.36311522254877987,0.5129492101725753
0.801,stage1,0.36820436611362956,0.504833941870381
0.802,stage1,0.36820436611362956,0.504833941870381
0.803,stage1,0.36820436611362956,0.504833941870381
0.804,stage1,0.36820436611362956,0.504833941870381
0.805,stage1,0.36820436611362956,0.504833941870381
0.806,stage1,0.36820436611362956,0.504833941870381
0.807,stage1,0.36820436611362956,0.504833941870381
0.808,stage1,0.36820436611362956,0.504833941870381
0.809,stage1,0.36820436611362956,0.504833941870381
0.81,stage1,0.36820436611362956,0.504833941870381
0.811,stage1,0.37321100066118484,0.4964484485991501
0.812,stage1,0.37321100066118484,0.4964484485991501
0.813,stage1,0.37321100066118484,0.4964484485991501
0.814,stage1,0.37321100066118484,0.4964484485991501
0.815,stage1,0.37321100066118484,0.4964484485991501
0.816,stage1,0.37321100066118484,0.4964484485991501
0.817,stage1,0.37321100066118484,0.4964484485991501
0.818,stage1,0.37321100066118484,0.4964484485991501
0.819,stage1,0.37321100066118484,0.4964484485991501
0.82,stage1,0.37321100066118484,0.4964484485991501
0.821,stage1,0.3781324554697451,0.48779905036022825
0.822,stage1,0.3781324554697451,0.48779905036022825
0.823,stage1,0.3781324554697451,0.48779905036022825
0.824,stage1,0.3781324554697451,0.48779905036022825
0.825,stage1,0.3781324554697451,0.48779905036022825
0.826,stage1,0.3781324554697451,0.48779905036022825
0.827,stage1,0.3781324554697451,0.48779905036022825
0.828,stage1,0.3781324554697451,0.48779905036022825
0.829,stage1,0.3781324554697451,0.48779905036022825
0.83,stage1,0.3781324554697451,0.48779905036022825
0.831,stage1,0.38296612344119596,0.47889215118550127
0.832,stage1,0.38296612344119596,0.47889215118550127
0.833,stage1,0.38296612344119596,0.47889215118550127
0.834,stage1,0.38296612344119596,0.47889215118550127
0.835,stage1,0.38296612344119596,0.47889215118550127
0.836,stage1,0.38296612344119596,0.47889215118550127
0.837,stage1,0.38296612344119596,0.47889215118550127
0.838,stage1,0.38296612344119596,0.47889215118550127
0.839,stage1,0.38296612344119596,0.47889215118550127
0.84,stage1,0.38296612344119596,0.47889215118550127
0.841,stage1,0.3877094619207511,0.4697342350245762
0.842,stage1,0.3877094619207511,0.4697342350245762
0.843,stage1,0.3877094619207511,0.4697342350245762
0.844,stage1,0.3877094619207511,0.4697342350245762
0.845,stage1,0.3877094619207511,0.4697342350245762
0.846,stage1,0.3877094619207511,0.4697342350245762
0.847,stage1,0.3877094619207511,0.4697342350245762
0.848,stage1,0.3877094619207511,0.4697342350245762
0.849,stage1,0.3877094619207511,0.4697342350245762
0.85,stage1,0.3877094619207511,0.4697342350245762
0.851,stage1,0.39235999347556627,0.46033186163221856
0.852,stage1,0.39235999347556627,0.46033186163221856
0.853,stage1,0.39235999347556627,0.46033186163221856
0.854,stage1,0.39235999347556627,0.46033186163221856
0.855,stage1,0.39235999347556627,0.46033186163221856
0.856,stage1,0.39235999347556627,0.46033186163221856
0.857,stage1,0.39235999347556627,0.46033186163221856
0.858,stage1,0.39235999347556627,0.46033186163221856
0.859,stage1,0.39235999347556627,0.46033186163221856
0.86,stage1,0.39235999347556627,0.46033186163221856
0.861,stage1,0.3969153066322367,0.4506916624581049
0.862,stage1,0.3969153066322367,0.4506916624581049
0.863,stage1,0.3969153066322367,0.4506916624581049
0.864,stage1,0.3969153066322367,0.4506916624581049
0.865,stage1,0.3969153066322367,0.4506916624581049
0.866,stage1,0.3969153066322367,0.4506916624581049
0.867,stage1,0.3969153066322367,0.4506916624581049
0.868,stage1,0.3969153066322367,0.4506916624581049
0.869,stage1,0.3969153066322367,0.4506916624581049
0.87,stage1,0.3969153066322367,0.4506916624581049
0.871,stage1,0.40137305657321243,0.4408203365409262
0.872,stage1,0.40137305657321243,0.4408203365409262
0.873,stage1,0.40137305657321243,0.4408203365409262
0.874,stage1,0.40137305657321243,0.4408203365409262
0.875,stage1,0.40137305657321243,0.4408203365409262
0.876,stage1,0.40137305657321243,0.4408203365409262
0.877,stage1,0.40137305657321243,0.4408203365409262
0.878,stage1,0.40137305657321243,0.4408203365409262
0.879,stage1,0.40137305657321243,0.4408203365409262
0.88,stage1,0.40137305657321243,0.4408203365409262
0.881,stage1,0.40573096579218526,0.43072464640885805
0.882,stage1,0.40573096579218526,0.43072464640885805
0.883,stage1,0.40573096579218526,0.43072464640885805
0.884,stage1,0.40573096579218526,0.43072464640885805
0.885,stage1,0.40573096579218526,0.43072464640885805
0.886,stage1,0.40573096579218526,0.43072464640885805
0.887,stage1,0.40573096579218526,0.43072464640885805
0.888,stage1,0.40573096579218526,0.43072464640885805
0.889,stage1,0.40573096579218526,0.43072464640885805
0.89,stage1,0.40573096579218526,0.43072464640885805
0.891,stage1,0.4099868247085198,0.42041141398838755
0.892,stage1,0.4099868247085198,0.42041141398838755
0.893,stage1,0.4099868247085198,0.42041141398838755
0.894,stage1,0.4099868247085198,0.42041141398838755
0.895,stage1,0.4099868247085198,0.42041141398838755
0.896,stage1,0.4099868247085198,0.42041141398838755
0.897,stage1,0.4099868247085198,0.42041141398838755
0.898,stage1,0.4099868247085198,0.42041141398838755
0.899,stage1,0.4099868247085198,0.42041141398838755
0.9,stage1,0.4099868247085198,0.42041141398838755
0.901,stage1,0.4141384922408234,0.40988751652346544
0.902,stage1,0.4141384922408234,0.40988751652346544
0.903,stage1,0.4141384922408234,0.40988751652346544
0.904,stage1,0.4141384922408234,0.40988751652346544
0.905,stage1,0.4141384922408234,0.40988751652346544
0.906,stage1,0.4141384922408234,0.40988751652346544
0.907,stage1,0.4141384922408234,0.40988751652346544
0.908,stage1,0.4141384922408234,0.40988751652346544
0.909,stage1,0.4141384922408234,0.40988751652346544
0.91,stage1,0.4141384922408234,0.40988751652346544
0.911,stage1,0.4181838963397667,0.3991598825069258
0.912,stage1,0.4181838963397667,0.3991598825069258
0.913,stage1,0.4181838963397667,0.3991598825069258
0.914,stage1,0.4181838963397667,0.3991598825069258
0.915,stage1,0.4181838963397667,0.3991598825069258
0.916,stage1,0.4181838963397667,0.3991598825069258
0.917,stage1,0.4181838963397667,0.3991598825069258
0.918,stage1,0.4181838963397667,0.3991598825069258
0.919,stage1,0.4181838963397667,0.3991598825069258
0.92,stage1,0.4181838963397667,0.3991598825069258
0.921,stage1,0.4221210344802886,0.3882354876260907
0.922,stage1,0.4221210344802886,0.3882354876260907
0.923,stage1,0.4221210344802886,0.3882354876260907
0.924,stage1,0.4221210344802886,0.3882354876260907
0.925,stage1,0.4221210344802886,0.3882354876260907
0.926,stage1,0.4221210344802886,0.3882354876260907
0.927,stage1,0.4221210344802886,0.3882354876260907
0.928,stage1,0.4221210344802886,0.3882354876260907
0.929,stage1,0.4221210344802886,0.3882354876260907
0.93,stage1,0.4221210344802886,0.3882354876260907
0.931,stage1,0.4259479741133351,0.37712135072445174
0.932,stage1,0.4259479741133351,0.37712135072445174
0.933,stage1,0.4259479741133351,0.37712135072445174
0.934,stage1,0.4259479741133351,0.37712135072445174
0.935,stage1,0.4259479741133351,0.37712135072445174
0.936,stage1,0.4259479741133351,0.37712135072445174
0.937,stage1,0.4259479741133351,0.37712135072445174
0.938,stage1,0.4259479741133351,0.37712135072445174
0.939,stage1,0.4259479741133351,0.37712135072445174
0.94,stage1,0.4259479741133351,0.37712135072445174
0.941,stage1,0.42966285307730406,0.36582452978129254
0.942,stage1,0.42966285307730406,0.36582452978129254
0.943,stage1,0.42966285307730406,0.36582452978129254
0.944,stage1,0.42966285307730406,0.36582452978129254
0.945,stage1,0.42966285307730406,0.36582452978129254
0.946,stage1,0.42966285307730406,0.36582452978129254
0.947,stage1,0.42966285307730406,0.36582452978129254
0.948,stage1,0.42966285307730406,0.36582452978129254
0.949,stage1,0.42966285307730406,0.36582452978129254
0.95,stage1,0.42966285307730406,0.36582452978129254
0.951,stage1,0.4332638799693826,0.35435211791109034
0.952,stage1,0.4332638799693826,0.35435211791109034
0.953,stage1,0.4332638799693826,0.35435211791109034
0.954,stage1,0.4332638799693826,0.35435211791109034
0.955,stage1,0.4332638799693826,0.35435211791109034
0.956,stage1,0.4332638799693826,0.35435211791109034
0.957,stage1,0.4332638799693826,0.35435211791109034
0.958,stage1,0.4332638799693826,0.35435211791109034
0.959,stage1,0.4332638799693826,0.35435211791109034
0.96,stage1,0.4332638799693826,0.35435211791109034
0.961,stage1,0.4367493344769859,0.34271123938450515
0.962,stage1,0.4367493344769859,0.34271123938450515
0.963,stage1,0.4367493344769859,0.34271123938450515
0.964,stage1,0.4367493344769859,0.34271123938450515
0.965,stage1,0.4367493344769859,0.34271123938450515
0.966,stage1,0.4367493344769859,0.34271123938450515
0.967,stage1,0.4367493344769859,0.34271123938450515
0.968,stage1,0.4367493344769859,0.34271123938450515
0.969,stage1,0.4367493344769859,0.34271123938450515
0.97,stage1,0.4367493344769859,0.34271123938450515
0.971,stage1,0.4401175676695206,0.3309090456727374
0.972,stage1,0.4401175676695206,0.3309090456727374
0.973,stage1,0.4401175676695206,0.3309090456727374
0.974,stage1,0.4401175676695206,0.3309090456727374
0.975,stage1,0.4401175676695206,0.3309090456727374
0.976,stage1,0.4401175676695206,0.3309090456727374
0.977,stage1,0.4401175676695206,0.3309090456727374
0.978,stage1,0.4401175676695206,0.3309090456727374
0.979,stage1,0.4401175676695206,0.3309090456727374
0.98,stage1,0.4401175676695206,0.3309090456727374
0.981,stage1,0.44336700225071624,0.3189527115170057
0.982,stage1,0.44336700225071624,0.3189527115170057
0.983,stage1,0.44336700225071624,0.3189527115170057
0.984,stage1,0.44336700225071624,0.3189527115170057
0.985,stage1,0.44336700225071624,0.3189527115170057
0.986,stage1,0.44336700225071624,0.3189527115170057
0.987,stage1,0.44336700225071624,0.3189527115170057
0.988,stage1,0.44336700225071624,0.3189527115170057
0.989,stage1,0.44336700225071624,0.3189527115170057
0.99,stage1,0.44336700225071624,0.3189527115170057
0.991,stage1,0.44649613277178407,0.3068494310248659
0.992,stage1,0.44649613277178407,0.3068494310248659
0.993,stage1,0.44649613277178407,0.3068494310248659
0.994,stage1,0.44649613277178407,0.3068494310248659
0.995,stage1,0.44649613277178407,0.3068494310248659
0.996,stage1,0.44649613277178407,0.3068494310248659
0.997,stage1,0.44649613277178407,0.3068494310248659
0.998,stage1,0.44649613277178407,0.3068494310248659
0.999,stage1,0.44649613277178407,0.3068494310248659
1.0,stage1,0.44649613277178407,0.3068494310248659
1.001,stage1,0.4495035258056806,0.29460641379506236
1.002,stage1,0.4495035258056806,0.29460641379506236
1.003,stage1,0.4495035258056806,0.29460641379506236
1.004,stage1,0.4495035258056806,0.29460641379506236
1.005,stage1,0.4495035258056806,0.29460641379506236
1.006,stage1,0.4495035258056806,0.29460641379506236
1.007,stage1,0.4495035258056806,0.29460641379506236
1.008,stage1,0.4495035258056806,0.29460641379506236
1.009,stage1,0.4495035258056806,0.29460641379506236
1.01,stage1,0.4495035258056806,0.29460641379506236
1.011,stage1,0.45238782008276884,0.28223088107257205
1.012,stage1,0.45238782008276884,0.28223088107257205
1.013,stage1,0.45238782008276884,0.28223088107257205
1.014,stage1,0.45238782008276884,0.28223088107257205
1.015,stage1,0.45238782008276884,0.28223088107257205
1.016,stage1,0.45238782008276884,0.28223088107257205
1.017,stage1,0.45238782008276884,0.28223088107257205
1.018,stage1,0.45238782008276884,0.28223088107257205
1.019,stage1,0.45238782008276884,0.28223088107257205
1.02,stage1,0.45238782008276884,0.28223088107257205
1.021,stage1,0.45514772658818825,0.2697300619354696
1.022,stage1,0.45514772658818825,0.2697300619354696
1.023,stage1,0.45514772658818825,0.2697300619354696
1.024,stage1,0.45514772658818825,0.2697300619354696
1.025,stage1,0.45514772658818825,0.2697300619354696
1.026,stage1,0.45514772658818825,0.2697300619354696
1.027,stage1,0.45514772658818825,0.2697300619354696
1.028,stage1,0.45514772658818825,0.2697300619354696
1.029,stage1,0.45514772658818825,0.2697300619354696
1.03,stage1,0.45514772658818825,0.2697300619354696
1.031,stage1,0.4577820286212586,0.2571111895152105
1.032,stage1,0.4577820286212586,0.2571111895152105
1.033,stage1,0.4577820286212586,0.2571111895152105
1.034,stage1,0.4577820286212586,0.2571111895152105
1.035,stage1,0.4577820286212586,0.2571111895152105
1.036,stage1,0.4577820286212586,0.2571111895152105
1.037,stage1,0.4577820286212586,0.2571111895152105
1.038,stage1,0.4577820286212586,0.2571111895152105
1.039,stage1,0.4577820286212586,0.2571111895152105
1.04,stage1,0.4577820286212586,0.2571111895152105
1.041,stage1,0.46028958181726065,0.24438149725189579
1.042,stage1,0.46028958181726065,0.24438149725189579
1.043,stage1,0.46028958181726065,0.24438149725189579
1.044,stage1,0.46028958181726065,0.24438149725189579
1.045,stage1,0.46028958181726065,0.24438149725189579
1.046,stage1,0.46028958181726065,0.24438149725189579
1.047,stage1,0.46028958181726065,0.24438149725189579
1.048,stage1,0.46028958181726065,0.24438149725189579
1.049,stage1,0.46028958181726065,0.24438149725189579
1.05,stage1,0.46028958181726065,0.24438149725189579
1.051,stage1,0.46266931413195056,0.23154821518605073
1.052,stage1,0.46266931413195056,0.23154821518605073
1.053,stage1,0.46266931413195056,0.23154821518605073
1.054,stage1,0.46266931413195056,0.23154821518605073
1.055,stage1,0.46266931413195056,0.23154821518605073
1.056,stage1,0.46266931413195056,0.23154821518605073
1.057,stage1,0.46266931413195056,0.23154821518605073
1.058,stage1,0.46266931413195056,0.23154821518605073
1.059,stage1,0.46266931413195056,0.23154821518605073
1.06,stage1,0.46266931413195056,0.23154821518605073
1.061,stage1,0.4649202257891812,0.21861856628841433
1.062,stage1,0.4649202257891812,0.21861856628841433
1.063,stage1,0.4649202257891812,0.21861856628841433
1.064,stage1,0.4649202257891812,0.21861856628841433
1.065,stage1,0.4649202257891812,0.21861856628841433
1.066,stage1,0.4649202257891812,0.21861856628841433
1.067,stage1,0.4649202257891812,0.21861856628841433
1.068,stage1,0.4649202257891812,0.21861856628841433
1.069,stage1,0.4649202257891812,0.21861856628841433
1.07,stage1,0.4649202257891812,0.21861856628841433
1.071,stage1,0.467041389192017,0.20559976282920434
1.072,stage1,0.467041389192017,0.20559976282920434
1.073,stage1,0.467041389192017,0.20559976282920434
1.074,stage1,0.467041389192017,0.20559976282920434
1.075,stage1,0.467041389192017,0.20559976282920434
1.076,stage1,0.467041389192017,0.20559976282920434
1.077,stage1,0.467041389192017,0.20559976282920434
1.078,stage1,0.467041389192017,0.20559976282920434
1.079,stage1,0.467041389192017,0.20559976282920434
1.08,stage1,0.467041389192017,0.20559976282920434
1.081,stage1,0.4690319487977455,0.19249900278828758
1.082,stage1,0.4690319487977455,0.19249900278828758
1.083,stage1,0.4690319487977455,0.19249900278828758
1.084,stage1,0.4690319487977455,0.19249900278828758
1.085,stage1,0.4690319487977455,0.19249900278828758
1.086,stage1,0.4690319487977455,0.19249900278828758
1.087,stage1,0.4690319487977455,0.19249900278828758
1.088,stage1,0.4690319487977455,0.19249900278828758
1.089,stage1,0.4690319487977455,0.19249900278828758
1.09,stage1,0.4690319487977455,0.19249900278828758
1.091,stage1,0.4708911209572003,0.17932346630765134
1.092,stage1,0.4708911209572003,0.17932346630765134
1.093,stage1,0.4708911209572003,0.17932346630765134
1.094,stage1,0.4708911209572003,0.17932346630765134
1.095,stage1,0.4708911209572003,0.17932346630765134
1.096,stage1,0.4708911209572003,0.17932346630765134
1.097,stage1,0.4708911209572003,0.17932346630765134
1.098,stage1,0.4708911209572003,0.17932346630765134
1.099,stage1,0.4708911209572003,0.17932346630765134
1.1,stage1,0.4708911209572003,0.17932346630765134
1.101,stage1,0.47261819371882624,0.16608031218753588
1.102,stage1,0.47261819371882624,0.16608031218753588
1.103,stage1,0.47261819371882624,0.16608031218753588
1.104,stage1,0.47261819371882624,0.16608031218753588
1.105,stage1,0.47261819371882624,0.16608031218753588
1.106,stage1,0.47261819371882624,0.16608031218753588
1.107,stage1,0.47261819371882624,0.16608031218753588
1.108,stage1,0.47261819371882624,0.16608031218753588
1.109,stage1,0.47261819371882624,0.16608031218753588
1.11,stage1,0.47261819371882624,0.16608031218753588
1.111,stage1,0.4742125265979298,0.1527766744275538
1.112,stage1,0.4742125265979298,0.1527766744275538
1.113,stage1,0.4742125265979298,0.1527766744275538
1.114,stage1,0.4742125265979298,0.1527766744275538
1.115,stage1,0.4742125265979298,0.1527766744275538
1.116,stage1,0.4742125265979298,0.1527766744275538
1.117,stage1,0.4742125265979298,0.1527766744275538
1.118,stage1,0.4742125265979298,0.1527766744275538
1.119,stage1,0.4742125265979298,0.1527766744275538
1.12,stage1,0.4742125265979298,0.1527766744275538
1.121,stage1,0.4756735503115708,0.13941965881408575
1.122,stage1,0.4756735503115708,0.13941965881408575
1.123,stage1,0.4756735503115708,0.13941965881408575
1.124,stage1,0.4756735503115708,0.13941965881408575
1.125,stage1,0.4756735503115708,0.13941965881408575
1.126,stage1,0.4756735503115708,0.13941965881408575
1.127,stage1,0.4756735503115708,0.13941965881408575
1.128,stage1,0.4756735503115708,0.13941965881408575
1.129,stage1,0.4756735503115708,0.13941965881408575
1.13,stage1,0.4756735503115708,0.13941965881408575
1.131,stage1,0.477000766479565,0.1260163395552067
1.132,stage1,0.477000766479565,0.1260163395552067
1.133,stage1,0.477000766479565,0.1260163395552067
1.134,stage1,0.477000766479565,0.1260163395552067
1.135,stage1,0.477000766479565,0.1260163395552067
1.136,stage1,0.477000766479565,0.1260163395552067
1.137,stage1,0.477000766479565,0.1260163395552067
1.138,stage1,0.477000766479565,0.1260163395552067
1.139,stage1,0.477000766479565,0.1260163395552067
1.14,stage1,0.477000766479565,0.1260163395552067
1.141,stage1,0.4781937472920782,0.11257375596436031
1.142,stage1,0.4781937472920782,0.11257375596436031
1.143,stage1,0.4781937472920782,0.11257375596436031
1.144,stage1,0.4781937472920782,0.11257375596436031
1.145,stage1,0.4781937472920782,0.11257375596436031
1.146,stage1,0.4781937472920782,0.11257375596436031
1.147,stage1,0.4781937472920782,0.11257375596436031
1.148,stage1,0.4781937472920782,0.11257375596436031
1.149,stage1,0.4781937472920782,0.11257375596436031
1.15,stage1,0.4781937472920782,0.11257375596436031
1.151,stage1,0.47925213514430615,0.09909890919396315
1.152,stage1,0.47925213514430615,0.09909890919396315
1.153,stage1,0.47925213514430615,0.09909890919396315
1.154,stage1,0.47925213514430615,0.09909890919396315
1.155,stage1,0.47925213514430615,0.09909890919396315
1.156,stage1,0.47925213514430615,0.09909890919396315
1.157,stage1,0.47925213514430615,0.09909890919396315
1.158,stage1,0.47925213514430615,0.09909890919396315
1.159,stage1,0.47925213514430615,0.09909890919396315
1.16,stage1,0.47925213514430615,0.09909890919396315
1.161,stage1,0.480175642238745,0.08559875902008336
1.162,stage1,0.480175642238745,0.08559875902008336
1.163,stage1,0.480175642238745,0.08559875902008336
1.164,stage1,0.480175642238745,0.08559875902008336
1.165,stage1,0.480175642238745,0.08559875902008336
1.166,stage1,0.480175642238745,0.08559875902008336
1.167,stage1,0.480175642238745,0.08559875902008336
1.168,stage1,0.480175642238745,0.08559875902008336
1.169,stage1,0.480175642238745,0.08559875902008336
1.17,stage1,0.480175642238745,0.08559875902008336
1.171,stage1,0.48096405015556815,0.07208022067930213
1.172,stage1,0.48096405015556815,0.07208022067930213
1.173,stage1,0.48096405015556815,0.07208022067930213
1.174,stage1,0.48096405015556815,0.07208022067930213
1.175,stage1,0.48096405015556815,0.07208022067930213
1.176,stage1,0.48096405015556815,0.07208022067930213
1.177,stage1,0.48096405015556815,0.07208022067930213
1.178,stage1,0.48096405015556815,0.07208022067930213
1.179,stage1,0.48096405015556815,0.07208022067930213
1.18,stage1,0.48096405015556815,0.07208022067930213
1.181,stage1,0.48161720939163755,0.058550161758829
1.182,stage1,0.48161720939163755,0.058550161758829
1.183,stage1,0.48161720939163755,0.058550161758829
1.184,stage1,0.48161720939163755,0.058550161758829
1.185,stage1,0.48161720939163755,0.058550161758829
1.186,stage1,0.48161720939163755,0.058550161758829
1.187,stage1,0.48161720939163755,0.058550161758829
1.188,stage1,0.48161720939163755,0.058550161758829
1.189,stage1,0.48161720939163755,0.058550161758829
1.19,stage1,0.48161720939163755,0.058550161758829
1.191,stage1,0.4821350388686864,0.045015399140904876
1.192,stage1,0.4821350388686864,0.045015399140904876
1.193,stage1,0.4821350388686864,0.045015399140904876
1.194,stage1,0.4821350388686864,0.045015399140904876
1.195,stage1,0.4821350388686864,0.045015399140904876
1.196,stage1,0.4821350388686864,0.045015399140904876
1.197,stage1,0.4821350388686864,0.045015399140904876
1.198,stage1,0.4821350388686864,0.045015399140904876
1.199,stage1,0.4821350388686864,0.045015399140904876
1.2,stage1,0.4821350388686864,0.045015399140904876
1.201,stage1,0.4825175254112216,0.03148269600248951
1.202,stage1,0.4825175254112216,0.03148269600248951
1.203,stage1,0.4825175254112216,0.03148269600248951
1.204,stage1,0.4825175254112216,0.03148269600248951
1.205,stage1,0.4825175254112216,0.03148269600248951
1.206,stage1,0.4825175254112216,0.03148269600248951
1.207,stage1,0.4825175254112216,0.03148269600248951
1.208,stage1,0.4825175254112216,0.03148269600248951
1.209,stage1,0.4825175254112216,0.03148269600248951
1.21,stage1,0.4825175254112216,0.03148269600248951
1.211,stage1,0.4827647231947036,0.017958758871192654
1.212,stage1,0.4827647231947036,0.017958758871192654
1.213,stage1,0.4827647231947036,0.017958758871192654
1.214,stage1,0.4827647231947036,0.017958758871192654
1.215,stage1,0.4827647231947036,0.017958758871192654
1.216,stage1,0.4827647231947036,0.017958758871192654
1.217,stage1,0.4827647231947036,0.017958758871192654
1.218,stage1,0.4827647231947036,0.017958758871192654
1.219,stage1,0.4827647231947036,0.017958758871192654
1.22,stage1,0.4827647231947036,0.017958758871192654
1.221,stage1,0.4828767531645704,0.004450234738370551
1.222,stage1,0.4828767531645704,0.004450234738370551
1.223,stage1,0.4828767531645704,0.004450234738370551
1.224,stage1,0.4828767531645704,0.004450234738370551
1.225,stage1,0.4828767531645704,0.004450234738370551
1.226,stage1,0.4828767531645704,0.004450234738370551
1.227,stage1,0.4828767531645704,0.004450234738370551
1.228,stage1,0.4828767531645704,0.004450234738370551
1.229,stage1,0.4828767531645704,0.004450234738370551
1.23,stage1,0.4828767531645704,0.004450234738370551
1.231,stage1,0.48285380242668247,-0.009036291769728136
1.232,stage1,0.48285380242668247,-0.009036291769728136
1.233,stage1,0.48285380242668247,-0.009036291769728136
1.234,stage1,0.48285380242668247,-0.009036291769728136
1.235,stage1,0.48285380242668247,-0.009036291769728136
1.236,stage1,0.48285380242668247,-0.009036291769728136
1.237,stage1,0.48285380242668247,-0.009036291769728136
1.238,stage1,0.48285380242668247,-0.009036291769728136
1.239,stage1,0.48285380242668247,-0.009036291769728136
1.24,stage1,0.48285380242668247,-0.009036291769728136
1.241,stage1,0.4826961236097723,-0.02249430116192061
1.242,stage1,0.4826961236097723,-0.02249430116192061
1.243,stage1,0.4826961236097723,-0.02249430116192061
1.244,stage1,0.4826961236097723,-0.02249430116192061
1.245,stage1,0.4826961236097723,-0.02249430116192061
1.246,stage1,0.4826961236097723,-0.02249430116192061
1.247,stage1,0.4826961236097723,-0.02249430116192061
1.248,stage1,0.4826961236097723,-0.02249430116192061
1.249,stage1,0.4826961236097723,-0.02249430116192061
1.25,stage1,0.4826961236097723,-0.02249430116192061
1.251,stage1,0.4824040342004929,-0.03591734179234383
1.252,stage1,0.4824040342004929,-0.03591734179234383
1.253,stage1,0.4824040342004929,-0.03591734179234383
1.254,stage1,0.4824040342004929,-0.03591734179234383
1.255,stage1,0.4824040342004929,-0.03591734179234383
1.256,stage1,0.4824040342004929,-0.03591734179234383
1.257,stage1,0.4824040342004929,-0.03591734179234383
1.258,stage1,0.4824040342004929,-0.03591734179234383
1.259,stage1,0.4824040342004929,-0.03591734179234383
1.26,stage1,0.4824040342004929,-0.03591734179234383
1.261,stage1,0.48197791585166483,-0.0492990325102331
1.262,stage1,0.48197791585166483,-0.0492990325102331
1.263,stage1,0.48197791585166483,-0.0492990325102331
1.264,stage1,0.48197791585166483,-0.0492990325102331
1.265,stage1,0.48197791585166483,-0.0492990325102331
1.266,stage1,0.48197791585166483,-0.0492990325102331
1.267,stage1,0.48197791585166483,-0.0492990325102331
1.268,stage1,0.48197791585166483,-0.0492990325102331
1.269,stage1,0.48197791585166483,-0.0492990325102331
1.27,stage1,0.48197791585166483,-0.0492990325102331
1.271,stage1,0.4814182136643316,-0.06263306524849235
1.272,stage1,0.4814182136643316,-0.06263306524849235
1.273,stage1,0.4814182136643316,-0.06263306524849235
1.274,stage1,0.4814182136643316,-0.06263306524849235
1.275,stage1,0.4814182136643316,-0.06263306524849235
1.276,stage1,0.4814182136643316,-0.06263306524849235
1.277,stage1,0.4814182136643316,-0.06263306524849235
1.278,stage1,0.4814182136643316,-0.06263306524849235
1.279,stage1,0.4814182136643316,-0.06263306524849235
1.28,stage1,0.4814182136643316,-0.06263306524849235
1.281,stage1,0.48072543544423757,-0.07591320755036088
1.282,stage1,0.48072543544423757,-0.07591320755036088
1.283,stage1,0.48072543544423757,-0.07591320755036088
1.284,stage1,0.48072543544423757,-0.07591320755036088
1.285,stage1,0.48072543544423757,-0.07591320755036088
1.286,stage1,0.48072543544423757,-0.07591320755036088
1.287,stage1,0.48072543544423757,-0.07591320755036088
1.288,stage1,0.48072543544423757,-0.07591320755036088
1.289,stage1,0.48072543544423757,-0.07591320755036088
1.29,stage1,0.48072543544423757,-0.07591320755036088
1.291,stage1,0.47990015093335225,-0.08913330503351881
1.292,stage1,0.47990015093335225,-0.08913330503351881
1.293,stage1,0.47990015093335225,-0.08913330503351881
1.294,stage1,0.47990015093335225,-0.08913330503351881
1.295,stage1,0.47990015093335225,-0.08913330503351881
1.296,stage1,0.47990015093335225,-0.08913330503351881
1.297,stage1,0.47990015093335225,-0.08913330503351881
1.298,stage1,0.47990015093335225,-0.08913330503351881
1.299,stage1,0.47990015093335225,-0.08913330503351881
1.3,stage1,0.47990015093335225,-0.08913330503351881
1.301,stage1,0.47894299101706816,-0.10228728379101178
1.302,stage1,0.47894299101706816,-0.10228728379101178
1.303,stage1,0.47894299101706816,-0.10228728379101178
1.304,stage1,0.47894299101706816,-0.10228728379101178
1.305,stage1,0.47894299101706816,-0.10228728379101178
1.306,stage1,0.47894299101706816,-0.10228728379101178
1.307,stage1,0.47894299101706816,-0.10228728379101178
1.308,stage1,0.47894299101706816,-0.10228728379101178
1.309,stage1,0.47894299101706816,-0.10228728379101178
1.31,stage1,0.47894299101706816,-0.10228728379101178
1.311,stage1,0.47785464690770835,-0.11536915272841237
1.312,stage1,0.47785464690770835,-0.11536915272841237
1.313,stage1,0.47785464690770835,-0.11536915272841237
1.314,stage1,0.47785464690770835,-0.11536915272841237
1.315,stage1,0.47785464690770835,-0.11536915272841237
1.316,stage1,0.47785464690770835,-0.11536915272841237
1.317,stage1,0.47785464690770835,-0.11536915272841237
1.318,stage1,0.47785464690770835,-0.11536915272841237
1.319,stage1,0.47785464690770835,-0.11536915272841237
1.32,stage1,0.47785464690770835,-0.11536915272841237
1.321,stage1,0.47663586930498314,-0.1283730058366739
1.322,stage1,0.47663586930498314,-0.1283730058366739
1.323,stage1,0.47663586930498314,-0.1283730058366739
1.324,stage1,0.47663586930498314,-0.1283730058366739
1.325,stage1,0.47663586930498314,-0.1283730058366739
1.326,stage1,0.47663586930498314,-0.1283730058366739
1.327,stage1,0.47663586930498314,-0.1283730058366739
1.328,stage1,0.47663586930498314,-0.1283730058366739
1.329,stage1,0.47663586930498314,-0.1283730058366739
1.33,stage1,0.47663586930498314,-0.1283730058366739
1.331,stage1,0.47528746753404216,-0.1412930244001693
1.332,stage1,0.47528746753404216,-0.1412930244001693
1.333,stage1,0.47528746753404216,-0.1412930244001693
1.334,stage1,0.47528746753404216,-0.1412930244001693
1.335,stage1,0.47528746753404216,-0.1412930244001693
1.336,stage1,0.47528746753404216,-0.1412930244001693
1.337,stage1,0.47528746753404216,-0.1412930244001693
1.338,stage1,0.47528746753404216,-0.1412930244001693
1.339,stage1,0.47528746753404216,-0.1412930244001693
1.34,stage1,0.47528746753404216,-0.1412930244001693
1.341,stage1,0.4738103086617718,-0.15412347913944527
1.342,stage1,0.4738103086617718,-0.15412347913944527
1.343,stage1,0.4738103086617718,-0.15412347913944527
1.344,stage1,0.4738103086617718,-0.15412347913944527
1.345,stage1,0.4738103086617718,-0.15412347913944527
1.346,stage1,0.4738103086617718,-0.15412347913944527
1.347,stage1,0.4738103086617718,-0.15412347913944527
1.348,stage1,0.4738103086617718,-0.15412347913944527
1.349,stage1,0.4738103086617718,-0.15412347913944527
1.35,stage1,0.4738103086617718,-0.15412347913944527
1.351,stage1,0.47220531659199366,-0.1668587322882593
1.352,stage1,0.47220531659199366,-0.1668587322882593
1.353,stage1,0.47220531659199366,-0.1668587322882593
1.354,stage1,0.47220531659199366,-0.1668587322882593
1.355,stage1,0.47220531659199366,-0.1668587322882593
1.356,stage1,0.47220531659199366,-0.1668587322882593
1.357,stage1,0.47220531659199366,-0.1668587322882593
1.358,stage1,0.47220531659199366,-0.1668587322882593
1.359,stage1,0.47220531659199366,-0.1668587322882593
1.36,stage1,0.47220531659199366,-0.1668587322882593
1.361,stage1,0.47047347114022253,-0.17949323960450383
1.362,stage1,0.47047347114022253,-0.17949323960450383
1.363,stage1,0.47047347114022253,-0.17949323960450383
1.364,stage1,0.47047347114022253,-0.17949323960450383
1.365,stage1,0.47047347114022253,-0.17949323960450383
1.366,stage1,0.47047347114022253,-0.17949323960450383
1.367,stage1,0.47047347114022253,-0.17949323960450383
1.368,stage1,0.47047347114022253,-0.17949323960450383
1.369,stage1,0.47047347114022253,-0.17949323960450383
1.37,stage1,0.47047347114022253,-0.17949323960450383
1.371,stage1,0.46861580708864753,-0.19202155231465914
1.372,stage1,0.46861580708864753,-0.19202155231465914
1.373,stage1,0.46861580708864753,-0.19202155231465914
1.374,stage1,0.46861580708864753,-0.19202155231465914
1.375,stage1,0.46861580708864753,-0.19202155231465914
1.376,stage1,0.46861580708864753,-0.19202155231465914
1.377,stage1,0.46861580708864753,-0.19202155231465914
1.378,stage1,0.46861580708864753,-0.19202155231465914
1.379,stage1,0.46861580708864753,-0.19202155231465914
1.38,stage1,0.46861580708864753,-0.19202155231465914
1.381,stage1,0.4666334132220022,-0.20443831899145273
1.382,stage1,0.4666334132220022,-0.20443831899145273
1.383,stage1,0.4666334132220022,-0.20443831899145273
1.384,stage1,0.4666334132220022,-0.20443831899145273
1.385,stage1,0.4666334132220022,-0.20443831899145273
1.386,stage1,0.4666334132220022,-0.20443831899145273
1.387,stage1,0.4666334132220022,-0.20443831899145273
1.388,stage1,0.4666334132220022,-0.20443831899145273
1.389,stage1,0.4666334132220022,-0.20443831899145273
1.39,stage1,0.4666334132220022,-0.20443831899145273
1.391,stage1,0.46452743134499336,-0.21673828736444017
1.392,stage1,0.46452743134499336,-0.21673828736444017
1.393,stage1,0.46452743134499336,-0.21673828736444017
1.394,stage1,0.46452743134499336,-0.21673828736444017
1.395,stage1,0.46452743134499336,-0.21673828736444017
1.396,stage1,0.46452743134499336,-0.21673828736444017
1.397,stage1,0.46452743134499336,-0.21673828736444017
1.398,stage1,0.46452743134499336,-0.21673828736444017
1.399,stage1,0.46452743134499336,-0.21673828736444017
1.4,stage1,0.46452743134499336,-0.21673828736444017
1.401,stage1,0.46229905528196036,-0.22891630606325802
1.402,stage1,0.46229905528196036,-0.22891630606325802
1.403,stage1,0.46229905528196036,-0.22891630606325802
1.404,stage1,0.46229905528196036,-0.22891630606325802
1.405,stage1,0.46229905528196036,-0.22891630606325802
1.406,stage1,0.46229905528196036,-0.22891630606325802
1.407,stage1,0.46229905528196036,-0.22891630606325802
1.408,stage1,0.46229905528196036,-0.22891630606325802
1.409,stage1,0.46229905528196036,-0.22891630606325802
1.41,stage1,0.46229905528196036,-0.22891630606325802
1.411,stage1,0.4599495298594396,-0.24096732629333587
1.412,stage1,0.4599495298594396,-0.24096732629333587
1.413,stage1,0.4599495298594396,-0.24096732629333587
1.414,stage1,0.4599495298594396,-0.24096732629333587
1.415,stage1,0.4599495298594396,-0.24096732629333587
1.416,stage1,0.4599495298594396,-0.24096732629333587
1.417,stage1,0.4599495298594396,-0.24096732629333587
1.418,stage1,0.4599495298594396,-0.24096732629333587
1.419,stage1,0.4599495298594396,-0.24096732629333587
1.42,stage1,0.4599495298594396,-0.24096732629333587
1.421,stage1,0.45748014987231017,-0.25288640344389024
1.422,stage1,0.45748014987231017,-0.25288640344389024
1.423,stage1,0.45748014987231017,-0.25288640344389024
1.424,stage1,0.45748014987231017,-0.25288640344389024
1.425,stage1,0.45748014987231017,-0.25288640344389024
1.426,stage1,0.45748014987231017,-0.25288640344389024
1.427,stage1,0.45748014987231017,-0.25288640344389024
1.428,stage1,0.45748014987231017,-0.25288640344389024
1.429,stage1,0.45748014987231017,-0.25288640344389024
1.43,stage1,0.45748014987231017,-0.25288640344389024
1.431,stage1,0.45489225903419883,-0.2646686986280587
1.432,stage1,0.45489225903419883,-0.2646686986280587
1.433,stage1,0.45489225903419883,-0.2646686986280587
1.434,stage1,0.45489225903419883,-0.2646686986280587
1.435,stage1,0.45489225903419883,-0.2646686986280587
1.436,stage1,0.45489225903419883,-0.2646686986280587
1.437,stage1,0.45489225903419883,-0.2646686986280587
1.438,stage1,0.45489225903419883,-0.2646686986280587
1.439,stage1,0.45489225903419883,-0.2646686986280587
1.44,stage1,0.45489225903419883,-0.2646686986280587
1.441,stage1,0.45218724891282347,-0.27630948015506734
1.442,stage1,0.45218724891282347,-0.27630948015506734
1.443,stage1,0.45218724891282347,-0.27630948015506734
1.444,stage1,0.45218724891282347,-0.27630948015506734
1.445,stage1,0.45218724891282347,-0.27630948015506734
1.446,stage1,0.45218724891282347,-0.27630948015506734
1.447,stage1,0.45218724891282347,-0.27630948015506734
1.448,stage1,0.45218724891282347,-0.27630948015506734
1.449,stage1,0.45218724891282347,-0.27630948015506734
1.45,stage1,0.45218724891282347,-0.27630948015506734
1.451,stage1,0.44936655785095486,-0.28780412493436097
1.452,stage1,0.44936655785095486,-0.28780412493436097
1.453,stage1,0.44936655785095486,-0.28780412493436097
1.454,stage1,0.44936655785095486,-0.28780412493436097
1.455,stage1,0.44936655785095486,-0.28780412493436097
1.456,stage1,0.44936655785095486,-0.28780412493436097
1.457,stage1,0.44936655785095486,-0.28780412493436097
1.458,stage1,0.44936655785095486,-0.28780412493436097
1.459,stage1,0.44936655785095486,-0.28780412493436097
1.46,stage1,0.44936655785095486,-0.28780412493436097
1.461,stage1,0.44643166987367777,-0.2991481198116581
1.462,stage1,0.44643166987367777,-0.2991481198116581
1.463,stage1,0.44643166987367777,-0.2991481198116581
1.464,stage1,0.44643166987367777,-0.2991481198116581
1.465,stage1,0.44643166987367777,-0.2991481198116581
1.466,stage1,0.44643166987367777,-0.2991481198116581
1.467,stage1,0.44643166987367777,-0.2991481198116581
1.468,stage1,0.44643166987367777,-0.2991481198116581
1.469,stage1,0.44643166987367777,-0.2991481198116581
1.47,stage1,0.44643166987367777,-0.2991481198116581
1.471,stage1,0.4433841135826315,-0.31033706283692936
1.472,stage1,0.4433841135826315,-0.31033706283692936
1.473,stage1,0.4433841135826315,-0.31033706283692936
1.474,stage1,0.4433841135826315,-0.31033706283692936
1.475,stage1,0.4433841135826315,-0.31033706283692936
1.476,stage1,0.4433841135826315,-0.31033706283692936
1.477,stage1,0.4433841135826315,-0.31033706283692936
1.478,stage1,0.4433841135826315,-0.31033706283692936
1.479,stage1,0.4433841135826315,-0.31033706283692936
1.48,stage1,0.4433841135826315,-0.31033706283692936
1.481,stage1,0.4402254610379113,-0.32136666446432965
1.482,stage1,0.4402254610379113,-0.32136666446432965
1.483,stage1,0.4402254610379113,-0.32136666446432965
1.484,stage1,0.4402254610379113,-0.32136666446432965
1.485,stage1,0.4402254610379113,-0.32136666446432965
1.486,stage1,0.4402254610379113,-0.32136666446432965
1.487,stage1,0.4402254610379113,-0.32136666446432965
1.488,stage1,0.4402254610379113,-0.32136666446432965
1.489,stage1,0.4402254610379113,-0.32136666446432965
1.49,stage1,0.4402254610379113,-0.32136666446432965
1.491,stage1,0.4369573266283101,-0.33223274868415065
1.492,stage1,0.4369573266283101,-0.33223274868415065
1.493,stage1,0.4369573266283101,-0.33223274868415065
1.494,stage1,0.4369573266283101,-0.33223274868415065
1.495,stage1,0.4369573266283101,-0.33223274868415065
1.496,stage1,0.4369573266283101,-0.33223274868415065
1.497,stage1,0.4369573266283101,-0.33223274868415065
1.498,stage1,0.4369573266283101,-0.33223274868415065
1.499,stage1,0.4369573266283101,-0.33223274868415065
1.5,stage1,0.4369573266283101,-0.33223274868415065
1.501,stage1,0.4335813659305804,-0.34293125408689046
1.502,stage1,0.4335813659305804,-0.34293125408689046
1.503,stage1,0.4335813659305804,-0.34293125408689046
1.504,stage1,0.4335813659305804,-0.34293125408689046
1.505,stage1,0.4335813659305804,-0.34293125408689046
1.506,stage1,0.4335813659305804,-0.34293125408689046
1.507,stage1,0.4335813659305804,-0.34293125408689046
1.508,stage1,0.4335813659305804,-0.34293125408689046
1.509,stage1,0.4335813659305804,-0.34293125408689046
1.51,stage1,0.4335813659305804,-0.34293125408689046
1.511,stage1,0.43009927455839436,-0.3534582348595732
1.512,stage1,0.43009927455839436,-0.3534582348595732
1.513,stage1,0.43009927455839436,-0.3534582348595732
1.514,stage1,0.43009927455839436,-0.3534582348595732
1.515,stage1,0.43009927455839436,-0.3534582348595732
1.516,stage1,0.43009927455839436,-0.3534582348595732
1.517,stage1,0.43009927455839436,-0.3534582348595732
1.518,stage1,0.43009927455839436,-0.3534582348595732
1.519,stage1,0.43009927455839436,-0.3534582348595732
1.52,stage1,0.43009927455839436,-0.3534582348595732
1.521,stage1,0.4265127870016788,-0.3638098617144813
1.522,stage1,0.4265127870016788,-0.3638098617144813
1.523,stage1,0.4265127870016788,-0.3638098617144813
1.524,stage1,0.4265127870016788,-0.3638098617144813
1.525,stage1,0.4265127870016788,-0.3638098617144813
1.526,stage1,0.4265127870016788,-0.3638098617144813
1.527,stage1,0.4265127870016788,-0.3638098617144813
1.528,stage1,0.4265127870016788,-0.3638098617144813
1.529,stage1,0.4265127870016788,-0.3638098617144813
1.53,stage1,0.4265127870016788,-0.3638098617144813
1.531,stage1,0.4228236754569997,-0.37398242275049737
1.532,stage1,0.4228236754569997,-0.37398242275049737
1.533,stage1,0.4228236754569997,-0.37398242275049737
1.534,stage1,0.4228236754569997,-0.37398242275049737
1.535,stage1,0.4228236754569997,-0.37398242275049737
1.536,stage1,0.4228236754569997,-0.37398242275049737
1.537,stage1,0.4228236754569997,-0.37398242275049737
1.538,stage1,0.4228236754569997,-0.37398242275049737
1.539,stage1,0.4228236754569997,-0.37398242275049737
1.54,stage1,0.4228236754569997,-0.37398242275049737
1.541,stage1,0.41903374864966986,-0.3839723242472825
1.542,stage1,0.41903374864966986,-0.3839723242472825
1.543,stage1,0.41903374864966986,-0.3839723242472825
1.544,stage1,0.41903374864966986,-0.3839723242472825
1.545,stage1,0.41903374864966986,-0.3839723242472825
1.546,stage1,0.41903374864966986,-0.3839723242472825
1.547,stage1,0.41903374864966986,-0.3839723242472825
1.548,stage1,0.41903374864966986,-0.3839723242472825
1.549,stage1,0.41903374864966986,-0.3839723242472825
1.55,stage1,0.41903374864966986,-0.3839723242472825
1.551,stage1,0.4151448506482487,-0.39377609139255054
1.552,stage1,0.4151448506482487,-0.39377609139255054
1.553,stage1,0.4151448506482487,-0.39377609139255054
1.554,stage1,0.4151448506482487,-0.39377609139255054
1.555,stage1,0.4151448506482487,-0.39377609139255054
1.556,stage1,0.4151448506482487,-0.39377609139255054
1.557,stage1,0.4151448506482487,-0.39377609139255054
1.558,stage1,0.4151448506482487,-0.39377609139255054
1.559,stage1,0.4151448506482487,-0.39377609139255054
1.56,stage1,0.4151448506482487,-0.39377609139255054
1.561,stage1,0.41115885967210364,-0.4033903689427279
1.562,stage1,0.41115885967210364,-0.4033903689427279
1.563,stage1,0.41115885967210364,-0.4033903689427279
1.564,stage1,0.41115885967210364,-0.4033903689427279
1.565,stage1,0.41115885967210364,-0.4033903689427279
1.566,stage1,0.41115885967210364,-0.4033903689427279
1.567,stage1,0.41115885967210364,-0.4033903689427279
1.568,stage1,0.41115885967210364,-0.4033903689427279
1.569,stage1,0.41115885967210364,-0.4033903689427279
1.57,stage1,0.41115885967210364,-0.4033903689427279
1.571,stage1,0.4070776868926958,-0.41281192181731907
1.572,stage1,0.4070776868926958,-0.41281192181731907
1.573,stage1,0.4070776868926958,-0.41281192181731907
1.574,stage1,0.4070776868926958,-0.41281192181731907
1.575,stage1,0.4070776868926958,-0.41281192181731907
1.576,stage1,0.4070776868926958,-0.41281192181731907
1.577,stage1,0.4070776868926958,-0.41281192181731907
1.578,stage1,0.4070776868926958,-0.41281192181731907
1.579,stage1,0.4070776868926958,-0.41281192181731907
1.58,stage1,0.4070776868926958,-0.41281192181731907
1.581,stage1,0.40290327522925246,-0.42203763562732777
1.582,stage1,0.40290327522925246,-0.42203763562732777
1.583,stage1,0.40290327522925246,-0.42203763562732777
1.584,stage1,0.40290327522925246,-0.42203763562732777
1.585,stage1,0.40290327522925246,-0.42203763562732777
1.586,stage1,0.40290327522925246,-0.42203763562732777
1.587,stage1,0.40290327522925246,-0.42203763562732777
1.588,stage1,0.40290327522925246,-0.42203763562732777
1.589,stage1,0.40290327522925246,-0.42203763562732777
1.59,stage1,0.40290327522925246,-0.42203763562732777
1.591,stage1,0.39863759813948335,-0.4310645171381138
1.592,stage1,0.39863759813948335,-0.4310645171381138
1.593,stage1,0.39863759813948335,-0.4310645171381138
1.594,stage1,0.39863759813948335,-0.4310645171381138
1.595,stage1,0.39863759813948335,-0.4310645171381138
1.596,stage1,0.39863759813948335,-0.4310645171381138
1.597,stage1,0.39863759813948335,-0.4310645171381138
1.598,stage1,0.39863759813948335,-0.4310645171381138
1.599,stage1,0.39863759813948335,-0.4310645171381138
1.6,stage1,0.39863759813948335,-0.4310645171381138
1.601,stage1,0.39428265840599463,-0.4398896946670936
1.602,stage1,0.39428265840599463,-0.4398896946670936
1.603,stage1,0.39428265840599463,-0.4398896946670936
1.604,stage1,0.39428265840599463,-0.4398896946670936
1.605,stage1,0.39428265840599463,-0.4398896946670936
1.606,stage1,0.39428265840599463,-0.4398896946670936
1.607,stage1,0.39428265840599463,-0.4398896946670936
1.608,stage1,0.39428265840599463,-0.4398896946670936
1.609,stage1,0.39428265840599463,-0.4398896946670936
1.61,stage1,0.39428265840599463,-0.4398896946670936
1.611,stage1,0.3898404869190497,-0.44851041841672185
1.612,stage1,0.3898404869190497,-0.44851041841672185
1.613,stage1,0.3898404869190497,-0.44851041841672185
1.614,stage1,0.3898404869190497,-0.44851041841672185
1.615,stage1,0.3898404869190497,-0.44851041841672185
1.616,stage1,0.3898404869190497,-0.44851041841672185
1.617,stage1,0.3898404869190497,-0.44851041841672185
1.618,stage1,0.3898404869190497,-0.44851041841672185
1.619,stage1,0.3898404869190497,-0.44851041841672185
1.62,stage1,0.3898404869190497,-0.44851041841672185
1.621,stage1,0.38531314145632173,-0.4569240607432189
1.622,stage1,0.38531314145632173,-0.4569240607432189
1.623,stage1,0.38531314145632173,-0.4569240607432189
1.624,stage1,0.38531314145632173,-0.4569240607432189
1.625,stage1,0.38531314145632173,-0.4569240607432189
1.626,stage1,0.38531314145632173,-0.4569240607432189
1.627,stage1,0.38531314145632173,-0.4569240607432189
1.628,stage1,0.38531314145632173,-0.4569240607432189
1.629,stage1,0.38531314145632173,-0.4569240607432189
1.63,stage1,0.38531314145632173,-0.4569240607432189
1.631,stage1,0.3807027054602785,-0.46512811636153706
1.632,stage1,0.3807027054602785,-0.46512811636153706
1.633,stage1,0.3807027054602785,-0.46512811636153706
1.634,stage1,0.3807027054602785,-0.46512811636153706
1.635,stage1,0.3807027054602785,-0.46512811636153706
1.636,stage1,0.3807027054602785,-0.46512811636153706
1.637,stage1,0.3807027054602785,-0.46512811636153706
1.638,stage1,0.3807027054602785,-0.46512811636153706
1.639,stage1,0.3807027054602785,-0.46512811636153706
1.64,stage1,0.3807027054602785,-0.46512811636153706
1.641,stage1,0.376011286813834,-0.4731202024870845
1.642,stage1,0.376011286813834,-0.4731202024870845
1.643,stage1,0.376011286813834,-0.4731202024870845
1.644,stage1,0.376011286813834,-0.4731202024870845
1.645,stage1,0.376011286813834,-0.4731202024870845
1.646,stage1,0.376011286813834,-0.4731202024870845
1.647,stage1,0.376011286813834,-0.4731202024870845
1.648,stage1,0.376011286813834,-0.4731202024870845
1.649,stage1,0.376011286813834,-0.4731202024870845
1.65,stage1,0.376011286813834,-0.4731202024870845
1.651,stage1,0.37124101661489667,-0.48089805891475323
1.652,stage1,0.37124101661489667,-0.48089805891475323
1.653,stage1,0.37124101661489667,-0.48089805891475323
1.654,stage1,0.37124101661489667,-0.48089805891475323
1.655,stage1,0.37124101661489667,-0.48089805891475323
1.656,stage1,0.37124101661489667,-0.48089805891475323
1.657,stage1,0.37124101661489667,-0.48089805891475323
1.658,stage1,0.37124101661489667,-0.48089805891475323
1.659,stage1,0.37124101661489667,-0.48089805891475323
1.66,stage1,0.37124101661489667,-0.48089805891475323
1.661,stage1,0.36639404795043856,-0.488459548035823
1.662,stage1,0.36639404795043856,-0.488459548035823
1.663,stage1,0.36639404795043856,-0.488459548035823
1.664,stage1,0.36639404795043856,-0.488459548035823
1.665,stage1,0.36639404795043856,-0.488459548035823
1.666,stage1,0.36639404795043856,-0.488459548035823
1.667,stage1,0.36639404795043856,-0.488459548035823
1.668,stage1,0.36639404795043856,-0.488459548035823
1.669,stage1,0.36639404795043856,-0.488459548035823
1.67,stage1,0.36639404795043856,-0.488459548035823
1.671,stage1,0.3614725546707037,-0.4958026547933378
1.672,stage1,0.3614725546707037,-0.4958026547933378
1.673,stage1,0.3614725546707037,-0.4958026547933378
1.674,stage1,0.3614725546707037,-0.4958026547933378
1.675,stage1,0.3614725546707037,-0.4958026547933378
1.676,stage1,0.3614725546707037,-0.4958026547933378
1.677,stage1,0.3614725546707037,-0.4958026547933378
1.678,stage1,0.3614725546707037,-0.4958026547933378
1.679,stage1,0.3614725546707037,-0.4958026547933378
1.68,stage1,0.3614725546707037,-0.4958026547933378
1.681,stage1,0.35647873016416765,-0.502925486576578
1.682,stage1,0.35647873016416765,-0.502925486576578
1.683,stage1,0.35647873016416765,-0.502925486576578
1.684,stage1,0.35647873016416765,-0.502925486576578
1.685,stage1,0.35647873016416765,-0.502925486576578
1.686,stage1,0.35647873016416765,-0.502925486576578
1.687,stage1,0.35647873016416765,-0.502925486576578
1.688,stage1,0.35647873016416765,-0.502925486576578
1.689,stage1,0.35647873016416765,-0.502925486576578
1.69,stage1,0.35647873016416765,-0.502925486576578
1.691,stage1,0.35141478613385396,-0.509826273055273
1.692,stage1,0.35141478613385396,-0.509826273055273
1.693,stage1,0.35141478613385396,-0.509826273055273
1.694,stage1,0.35141478613385396,-0.509826273055273
1.695,stage1,0.35141478613385396,-0.509826273055273
1.696,stage1,0.35141478613385396,-0.509826273055273
1.697,stage1,0.35141478613385396,-0.509826273055273
1.698,stage1,0.35141478613385396,-0.509826273055273
1.699,stage1,0.35141478613385396,-0.509826273055273
1.7,stage1,0.35141478613385396,-0.509826273055273
1.701,stage1,0.34628295137560744,-0.516503365954226
1.702,stage1,0.34628295137560744,-0.516503365954226
1.703,stage1,0.34628295137560744,-0.516503365954226
1.704,stage1,0.34628295137560744,-0.516503365954226
1.705,stage1,0.34628295137560744,-0.516503365954226
1.706,stage1,0.34628295137560744,-0.516503365954226
1.707,stage1,0.34628295137560744,-0.516503365954226
1.708,stage1,0.34628295137560744,-0.516503365954226
1.709,stage1,0.34628295137560744,-0.516503365954226
1.71,stage1,0.34628295137560744,-0.516503365954226
1.711,stage1,0.34108547055891586,-0.5229552387690432
1.712,stage1,0.34108547055891586,-0.5229552387690432
1.713,stage1,0.34108547055891586,-0.5229552387690432
1.714,stage1,0.34108547055891586,-0.5229552387690432
1.715,stage1,0.34108547055891586,-0.5229552387690432
1.716,stage1,0.34108547055891586,-0.5229552387690432
1.717,stage1,0.34108547055891586,-0.5229552387690432
1.718,stage1,0.34108547055891586,-0.5229552387690432
1.719,stage1,0.34108547055891586,-0.5229552387690432
1.72,stage1,0.34108547055891586,-0.5229552387690432
1.721,stage1,0.3358246030108661,-0.5291804864236826
1.722,stage1,0.3358246030108661,-0.5291804864236826
1.723,stage1,0.3358246030108661,-0.5291804864236826
1.724,stage1,0.3358246030108661,-0.5291804864236826
1.725,stage1,0.3358246030108661,-0.5291804864236826
1.726,stage1,0.3358246030108661,-0.5291804864236826
1.727,stage1,0.3358246030108661,-0.5291804864236826
1.728,stage1,0.3358246030108661,-0.5291804864236826
1.729,stage1,0.3358246030108661,-0.5291804864236826
1.73,stage1,0.3358246030108661,-0.5291804864236826
1.731,stage1,0.33050262150381254,-0.5351778248705621
1.732,stage1,0.33050262150381254,-0.5351778248705621
1.733,stage1,0.33050262150381254,-0.5351778248705621
1.734,stage1,0.33050262150381254,-0.5351778248705621
1.735,stage1,0.33050262150381254,-0.5351778248705621
1.736,stage1,0.33050262150381254,-0.5351778248705621
1.737,stage1,0.33050262150381254,-0.5351778248705621
1.738,stage1,0.33050262150381254,-0.5351778248705621
1.739,stage1,0.33050262150381254,-0.5351778248705621
1.74,stage1,0.33050262150381254,-0.5351778248705621
1.741,stage1,0.32512181104732846,-0.540946090633983
1.742,stage1,0.32512181104732846,-0.540946090633983
1.743,stage1,0.32512181104732846,-0.540946090633983
1.744,stage1,0.32512181104732846,-0.540946090633983
1.745,stage1,0.32512181104732846,-0.540946090633983
1.746,stage1,0.32512181104732846,-0.540946090633983
1.747,stage1,0.32512181104732846,-0.540946090633983
1.748,stage1,0.32512181104732846,-0.540946090633983
1.749,stage1,0.32512181104732846,-0.540946090633983
1.75,stage1,0.32512181104732846,-0.540946090633983
1.751,stage1,0.31968446768500325,-0.5464842402976524
1.752,stage1,0.31968446768500325,-0.5464842402976524
1.753,stage1,0.31968446768500325,-0.5464842402976524
1.754,stage1,0.31968446768500325,-0.5464842402976524
1.755,stage1,0.31968446768500325,-0.5464842402976524
1.756,stage1,0.31968446768500325,-0.5464842402976524
1.757,stage1,0.31968446768500325,-0.5464842402976524
1.758,stage1,0.31968446768500325,-0.5464842402976524
1.759,stage1,0.31968446768500325,-0.5464842402976524
1.76,stage1,0.31968446768500325,-0.5464842402976524
1.761,stage1,0.31419289729664085,-0.5517913499371015
1.762,stage1,0.31419289729664085,-0.5517913499371015
1.763,stage1,0.31419289729664085,-0.5517913499371015
1.764,stage1,0.31419289729664085,-0.5517913499371015
1.765,stage1,0.31419289729664085,-0.5517913499371015
1.766,stage1,0.31419289729664085,-0.5517913499371015
1.767,stage1,0.31419289729664085,-0.5517913499371015
1.768,stage1,0.31419289729664085,-0.5517913499371015
1.769,stage1,0.31419289729664085,-0.5517913499371015
1.77,stage1,0.31419289729664085,-0.5517913499371015
1.771,stage1,0.3086494144064058,-0.556866614497822
1.772,stage1,0.3086494144064058,-0.556866614497822
1.773,stage1,0.3086494144064058,-0.556866614497822
1.774,stage1,0.3086494144064058,-0.556866614497822
1.775,stage1,0.3086494144064058,-0.556866614497822
1.776,stage1,0.3086494144064058,-0.556866614497822
1.777,stage1,0.3086494144064058,-0.556866614497822
1.778,stage1,0.3086494144064058,-0.556866614497822
1.779,stage1,0.3086494144064058,-0.556866614497822
1.78,stage1,0.3086494144064058,-0.556866614497822
1.781,stage1,0.30305634099745604,-0.5617093471199576
1.782,stage1,0.30305634099745604,-0.5617093471199576
1.783,stage1,0.30305634099745604,-0.5617093471199576
1.784,stage1,0.30305634099745604,-0.5617093471199576
1.785,stage1,0.30305634099745604,-0.5617093471199576
1.786,stage1,0.30305634099745604,-0.5617093471199576
1.787,stage1,0.30305634099745604,-0.5617093471199576
1.788,stage1,0.30305634099745604,-0.5617093471199576
1.789,stage1,0.30305634099745604,-0.5617093471199576
1.79,stage1,0.30305634099745604,-0.5617093471199576
1.791,stage1,0.29741600533359247,-0.5663189784104091
1.792,stage1,0.29741600533359247,-0.5663189784104091
1.793,stage1,0.29741600533359247,-0.5663189784104091
1.794,stage1,0.29741600533359247,-0.5663189784104091
1.795,stage1,0.29741600533359247,-0.5663189784104091
1.796,stage1,0.29741600533359247,-0.5663189784104091
1.797,stage1,0.29741600533359247,-0.5663189784104091
1.798,stage1,0.29741600533359247,-0.5663189784104091
1.799,stage1,0.29741600533359247,-0.5663189784104091
1.8,stage1,0.29741600533359247,-0.5663189784104091
1.801,stage1,0.2917307407884466,-0.5706950556632279
1.802,stage1,0.2917307407884466,-0.5706950556632279
1.803,stage1,0.2917307407884466,-0.5706950556632279
1.804,stage1,0.2917307407884466,-0.5706950556632279
1.805,stage1,0.2917307407884466,-0.5706950556632279
1.806,stage1,0.2917307407884466,-0.5706950556632279
1.807,stage1,0.2917307407884466,-0.5706950556632279
1.808,stage1,0.2917307407884466,-0.5706950556632279
1.809,stage1,0.2917307407884466,-0.5706950556632279
1.81,stage1,0.2917307407884466,-0.5706950556632279
1.811,stage1,0.28600288468271906,-0.5748372420291894
1.812,stage1,0.28600288468271906,-0.5748372420291894
1.813,stage1,0.28600288468271906,-0.5748372420291894
1.814,stage1,0.28600288468271906,-0.5748372420291894
1.815,stage1,0.28600288468271906,-0.5748372420291894
1.816,stage1,0.28600288468271906,-0.5748372420291894
1.817,stage1,0.28600288468271906,-0.5748372420291894
1.818,stage1,0.28600288468271906,-0.5748372420291894
1.819,stage1,0.28600288468271906,-0.5748372420291894
1.82,stage1,0.28600288468271906,-0.5748372420291894
1.821,stage1,0.28023477712997324,-0.5787453156354566
1.822,stage1,0.28023477712997324,-0.5787453156354566
1.823,stage1,0.28023477712997324,-0.5787453156354566
1.824,stage1,0.28023477712997324,-0.5787453156354566
1.825,stage1,0.28023477712997324,-0.5787453156354566
1.826,stage1,0.28023477712997324,-0.5787453156354566
1.827,stage1,0.28023477712997324,-0.5787453156354566
1.828,stage1,0.28023477712997324,-0.5787453156354566
1.829,stage1,0.28023477712997324,-0.5787453156354566
1.83,stage1,0.28023477712997324,-0.5787453156354566
1.831,stage1,0.2744287598914772,-0.5824191686562569
1.832,stage1,0.2744287598914772,-0.5824191686562569
1.833,stage1,0.2744287598914772,-0.5824191686562569
1.834,stage1,0.2744287598914772,-0.5824191686562569
1.835,stage1,0.2744287598914772,-0.5824191686562569
1.836,stage1,0.2744287598914772,-0.5824191686562569
1.837,stage1,0.2744287598914772,-0.5824191686562569
1.838,stage1,0.2744287598914772,-0.5824191686562569
1.839,stage1,0.2744287598914772,-0.5824191686562569
1.84,stage1,0.2744287598914772,-0.5824191686562569
1.841,stage1,0.26858717524058023,-0.585858806335514
1.842,stage1,0.26858717524058023,-0.585858806335514
1.843,stage1,0.26858717524058023,-0.585858806335514
1.844,stage1,0.26858717524058023,-0.585858806335514
1.845,stage1,0.26858717524058023,-0.585858806335514
1.846,stage1,0.26858717524058023,-0.585858806335514
1.847,stage1,0.26858717524058023,-0.585858806335514
1.848,stage1,0.26858717524058023,-0.585858806335514
1.849,stage1,0.26858717524058023,-0.585858806335514
1.85,stage1,0.26858717524058023,-0.585858806335514
1.851,stage1,0.2627123648370996,-0.5890643459623889
1.852,stage1,0.2627123648370996,-0.5890643459623889
1.853,stage1,0.2627123648370996,-0.5890643459623889
1.854,stage1,0.2627123648370996,-0.5890643459623889
1.855,stage1,0.2627123648370996,-0.5890643459623889
1.856,stage1,0.2627123648370996,-0.5890643459623889
1.857,stage1,0.2627123648370996,-0.5890643459623889
1.858,stage1,0.2627123648370996,-0.5890643459623889
1.859,stage1,0.2627123648370996,-0.5890643459623889
1.86,stage1,0.2627123648370996,-0.5890643459623889
1.861,stage1,0.2568066686121827,-0.5920360158006986
1.862,stage1,0.2568066686121827,-0.5920360158006986
1.863,stage1,0.2568066686121827,-0.5920360158006986
1.864,stage1,0.2568066686121827,-0.5920360158006986
1.865,stage1,0.2568066686121827,-0.5920360158006986
1.866,stage1,0.2568066686121827,-0.5920360158006986
1.867,stage1,0.2568066686121827,-0.5920360158006986
1.868,stage1,0.2568066686121827,-0.5920360158006986
1.869,stage1,0.2568066686121827,-0.5920360158006986
1.87,stage1,0.2568066686121827,-0.5920360158006986
1.871,stage1,0.2508724236641021,-0.594774153973197
1.872,stage1,0.2508724236641021,-0.594774153973197
1.873,stage1,0.2508724236641021,-0.594774153973197
1.874,stage1,0.2508724236641021,-0.594774153973197
1.875,stage1,0.2508724236641021,-0.594774153973197
1.876,stage1,0.2508724236641021,-0.594774153973197
1.877,stage1,0.2508724236641021,-0.594774153973197
1.878,stage1,0.2508724236641021,-0.594774153973197
1.879,stage1,0.2508724236641021,-0.594774153973197
1.88,stage1,0.2508724236641021,-0.594774153973197
1.881,stage1,0.24491196316542904,-0.5972792073017098
1.882,stage1,0.24491196316542904,-0.5972792073017098
1.883,stage1,0.24491196316542904,-0.5972792073017098
1.884,stage1,0.24491196316542904,-0.5972792073017098
1.885,stage1,0.24491196316542904,-0.5972792073017098
1.886,stage1,0.24491196316542904,-0.5972792073017098
1.887,stage1,0.24491196316542904,-0.5972792073017098
1.888,stage1,0.24491196316542904,-0.5972792073017098
1.889,stage1,0.24491196316542904,-0.5972792073017098
1.89,stage1,0.24491196316542904,-0.5972792073017098
1.891,stage1,0.23892761528202197,-0.5995517301041355
1.892,stage1,0.23892761528202197,-0.5995517301041355
1.893,stage1,0.23892761528202197,-0.5995517301041355
1.894,stage1,0.23892761528202197,-0.5995517301041355
1.895,stage1,0.23892761528202197,-0.5995517301041355
1.896,stage1,0.23892761528202197,-0.5995517301041355
1.897,stage1,0.23892761528202197,-0.5995517301041355
1.898,stage1,0.23892761528202197,-0.5995517301041355
1.899,stage1,0.23892761528202197,-0.5995517301041355
1.9,stage1,0.23892761528202197,-0.5995517301041355
1.901,stage1,0.232921702104257,-0.601592382949328
1.902,stage1,0.232921702104257,-0.601592382949328
1.903,stage1,0.232921702104257,-0.601592382949328
1.904,stage1,0.232921702104257,-0.601592382949328
1.905,stage1,0.232921702104257,-0.601592382949328
1.906,stage1,0.232921702104257,-0.601592382949328
1.907,stage1,0.232921702104257,-0.601592382949328
1.908,stage1,0.232921702104257,-0.601592382949328
1.909,stage1,0.232921702104257,-0.601592382949328
1.91,stage1,0.232921702104257,-0.601592382949328
1.911,stage1,0.22689653859091533,-0.6034019313708926
1.912,stage1,0.22689653859091533,-0.6034019313708926
1.913,stage1,0.22689653859091533,-0.6034019313708926
1.914,stage1,0.22689653859091533,-0.6034019313708926
1.915,stage1,0.22689653859091533,-0.6034019313708926
1.916,stage1,0.22689653859091533,-0.6034019313708926
1.917,stage1,0.22689653859091533,-0.6034019313708926
1.918,stage1,0.22689653859091533,-0.6034019313708926
1.919,stage1,0.22689653859091533,-0.6034019313708926
1.92,stage1,0.22689653859091533,-0.6034019313708926
1.921,stage1,0.22085443152613404,-0.6049812445409367
1.922,stage1,0.22085443152613404,-0.6049812445409367
1.923,stage1,0.22085443152613404,-0.6049812445409367
1.924,stage1,0.22085443152613404,-0.6049812445409367
1.925,stage1,0.22085443152613404,-0.6049812445409367
1.926,stage1,0.22085443152613404,-0.6049812445409367
1.927,stage1,0.22085443152613404,-0.6049812445409367
1.928,stage1,0.22085443152613404,-0.6049812445409367
1.929,stage1,0.22085443152613404,-0.6049812445409367
1.93,stage1,0.22085443152613404,-0.6049812445409367
1.931,stage1,0.21479767848981526,-0.6063312939048242
1.932,stage1,0.21479767848981526,-0.6063312939048242
1.933,stage1,0.21479767848981526,-0.6063312939048242
1.934,stage1,0.21479767848981526,-0.6063312939048242
1.935,stage1,0.21479767848981526,-0.6063312939048242
1.936,stage1,0.21479767848981526,-0.6063312939048242
1.937,stage1,0.21479767848981526,-0.6063312939048242
1.938,stage1,0.21479767848981526,-0.6063312939048242
1.939,stage1,0.21479767848981526,-0.6063312939048242
1.94,stage1,0.21479767848981526,-0.6063312939048242
1.941,stage1,0.2087285668418782,-0.607453151777994
1.942,stage1,0.2087285668418782,-0.607453151777994
1.943,stage1,0.2087285668418782,-0.607453151777994
1.944,stage1,0.2087285668418782,-0.607453151777994
1.945,stage1,0.2087285668418782,-0.607453151777994
1.946,stage1,0.2087285668418782,-0.607453151777994
1.947,stage1,0.2087285668418782,-0.607453151777994
1.948,stage1,0.2087285668418782,-0.607453151777994
1.949,stage1,0.2087285668418782,-0.607453151777994
1.95,stage1,0.2087285668418782,-0.607453151777994
1.951,stage1,0.2026493727207284,-0.6083479899059101
1.952,stage1,0.2026493727207284,-0.6083479899059101
1.953,stage1,0.2026493727207284,-0.6083479899059101
1.954,stage1,0.2026493727207284,-0.6083479899059101
1.955,stage1,0.2026493727207284,-0.6083479899059101
1.956,stage1,0.2026493727207284,-0.6083479899059101
1.957,stage1,0.2026493727207284,-0.6083479899059101
1.958,stage1,0.2026493727207284,-0.6083479899059101
1.959,stage1,0.2026493727207284,-0.6083479899059101
1.96,stage1,0.2026493727207284,-0.6083479899059101
1.961,stage1,0.1965623600563072,-0.6090170779882206
1.962,stage1,0.1965623600563072,-0.6090170779882206
1.963,stage1,0.1965623600563072,-0.6090170779882206
1.964,stage1,0.1965623600563072,-0.6090170779882206
1.965,stage1,0.1965623600563072,-0.6090170779882206
1.966,stage1,0.1965623600563072,-0.6090170779882206
1.967,stage1,0.1965623600563072,-0.6090170779882206
1.968,stage1,0.1965623600563072,-0.6090170779882206
1.969,stage1,0.1965623600563072,-0.6090170779882206
1.97,stage1,0.1965623600563072,-0.6090170779882206
1.971,stage1,0.1904697795980742,-0.6094617821682065
1.972,stage1,0.1904697795980742,-0.6094617821682065
1.973,stage1,0.1904697795980742,-0.6094617821682065
1.974,stage1,0.1904697795980742,-0.6094617821682065
1.975,stage1,0.1904697795980742,-0.6094617821682065
1.976,stage1,0.1904697795980742,-0.6094617821682065
1.977,stage1,0.1904697795980742,-0.6094617821682065
1.978,stage1,0.1904697795980742,-0.6094617821682065
1.979,stage1,0.1904697795980742,-0.6094617821682065
1.98,stage1,0.1904697795980742,-0.6094617821682065
1.981,stage1,0.18437386795826413,-0.6096835634886124
1.982,stage1,0.18437386795826413,-0.6096835634886124
1.983,stage1,0.18437386795826413,-0.6096835634886124
1.984,stage1,0.18437386795826413,-0.6096835634886124
1.985,stage1,0.18437386795826413,-0.6096835634886124
1.986,stage1,0.18437386795826413,-0.6096835634886124
1.987,stage1,0.18437386795826413,-0.6096835634886124
1.988,stage1,0.18437386795826413,-0.6096835634886124
1.989,stage1,0.18437386795826413,-0.6096835634886124
1.99,stage1,0.18437386795826413,-0.6096835634886124
1.991,stage1,0.17827684667074892,-0.6096839763149545
1.992,stage1,0.17827684667074892,-0.6096839763149545
1.993,stage1,0.17827684667074892,-0.6096839763149545
1.994,stage1,0.17827684667074892,-0.6096839763149545
1.995,stage1,0.17827684667074892,-0.6096839763149545
1.996,stage1,0.17827684667074892,-0.6096839763149545
1.997,stage1,0.17827684667074892,-0.6096839763149545
1.998,stage1,0.17827684667074892,-0.6096839763149545
1.999,stage1,0.17827684667074892,-0.6096839763149545
2.0,stage1,0.17827684667074892,-0.6096839763149545
2.001,stage1,0.17218092126582485,-0.6094646667274068
2.002,stage1,0.17218092126582485,-0.6094646667274068
2.003,stage1,0.17218092126582485,-0.6094646667274068
2.004,stage1,0.17218092126582485,-0.6094646667274068
2.005,stage1,0.17218092126582485,-0.6094646667274068
2.006,stage1,0.17218092126582485,-0.6094646667274068
2.007,stage1,0.17218092126582485,-0.6094646667274068
2.008,stage1,0.17218092126582485,-0.6094646667274068
2.009,stage1,0.17218092126582485,-0.6094646667274068
2.01,stage1,0.17218092126582485,-0.6094646667274068
2.011,stage1,0.16608828036123321,-0.6090273708823722
2.012,stage1,0.16608828036123321,-0.6090273708823722
2.013,stage1,0.16608828036123321,-0.6090273708823722
2.014,stage1,0.16608828036123321,-0.6090273708823722
2.015,stage1,0.16608828036123321,-0.6090273708823722
2.016,stage1,0.16608828036123321,-0.6090273708823722
2.017,stage1,0.16608828036123321,-0.6090273708823722
2.018,stage1,0.16608828036123321,-0.6090273708823722
2.019,stage1,0.16608828036123321,-0.6090273708823722
2.02,stage1,0.16608828036123321,-0.6090273708823722
2.021,stage1,0.16000109476971225,-0.6083739133448498
2.022,stage1,0.16000109476971225,-0.6083739133448498
2.023,stage1,0.16000109476971225,-0.6083739133448498
2.024,stage1,0.16000109476971225,-0.6083739133448498
2.025,stage1,0.16000109476971225,-0.6083739133448498
2.026,stage1,0.16000109476971225,-0.6083739133448498
2.027,stage1,0.16000109476971225,-0.6083739133448498
2.028,stage1,0.16000109476971225,-0.6083739133448498
2.029,stage1,0.16000109476971225,-0.6083739133448498
2.03,stage1,0.16000109476971225,-0.6083739133448498
2.031,stage1,0.15392151662336678,-0.6075062053927113
2.032,stage1,0.15392151662336678,-0.6075062053927113
2.033,stage1,0.15392151662336678,-0.6075062053927113
2.034,stage1,0.15392151662336678,-0.6075062053927113
2.035,stage1,0.15392151662336678,-0.6075062053927113
2.036,stage1,0.15392151662336678,-0.6075062053927113
2.037,stage1,0.15392151662336678,-0.6075062053927113
2.038,stage1,0.15392151662336678,-0.6075062053927113
2.039,stage1,0.15392151662336678,-0.6075062053927113
2.04,stage1,0.15392151662336678,-0.6075062053927113
2.041,stage1,0.14785167851513095,-0.6064262432940053
2.042,stage1,0.14785167851513095,-0.6064262432940053
2.043,stage1,0.14785167851513095,-0.6064262432940053
2.044,stage1,0.14785167851513095,-0.6064262432940053
2.045,stage1,0.14785167851513095,-0.6064262432940053
2.046,stage1,0.14785167851513095,-0.6064262432940053
2.047,stage1,0.14785167851513095,-0.6064262432940053
2.048,stage1,0.14785167851513095,-0.6064262432940053
2.049,stage1,0.14785167851513095,-0.6064262432940053
2.05,stage1,0.14785167851513095,-0.6064262432940053
2.051,stage1,0.14179369265758798,-0.6051361065584085
2.052,stage1,0.14179369265758798,-0.6051361065584085
2.053,stage1,0.14179369265758798,-0.6051361065584085
2.054,stage1,0.14179369265758798,-0.6051361065584085
2.055,stage1,0.14179369265758798,-0.6051361065584085
2.056,stage1,0.14179369265758798,-0.6051361065584085
2.057,stage1,0.14179369265758798,-0.6051361065584085
2.058,stage1,0.14179369265758798,-0.6051361065584085
2.059,stage1,0.14179369265758798,-0.6051361065584085
2.06,stage1,0.14179369265758798,-0.6051361065584085
2.061,stage1,0.1357496500594001,-0.6036379561639457
2.062,stage1,0.1357496500594001,-0.6036379561639457
2.063,stage1,0.1357496500594001,-0.6036379561639457
2.064,stage1,0.1357496500594001,-0.6036379561639457
2.065,stage1,0.1357496500594001,-0.6036379561639457
2.066,stage1,0.1357496500594001,-0.6036379561639457
2.067,stage1,0.1357496500594001,-0.6036379561639457
2.068,stage1,0.1357496500594001,-0.6036379561639457
2.069,stage1,0.1357496500594001,-0.6036379561639457
2.07,stage1,0.1357496500594001,-0.6036379561639457
2.071,stage1,0.12972161971959018,-0.6019340327601018
2.072,stage1,0.12972161971959018,-0.6019340327601018
2.073,stage1,0.12972161971959018,-0.6019340327601018
2.074,stage1,0.12972161971959018,-0.6019340327601018
2.075,stage1,0.12972161971959018,-0.6019340327601018
2.076,stage1,0.12972161971959018,-0.6019340327601018
2.077,stage1,0.12972161971959018,-0.6019340327601018
2.078,stage1,0.12972161971959018,-0.6019340327601018
2.079,stage1,0.12972161971959018,-0.6019340327601018
2.08,stage1,0.12371164783990576,-0.6000266548484504
2.081,stage1,0.12371164783990576,-0.6000266548484504
2.082,stage1,0.12371164783990576,-0.6000266548484504
2.083,stage1,0.12371164783990576,-0.6000266548484504
2.084,stage1,0.12371164783990576,-0.6000266548484504
2.085,stage1,0.12371164783990576,-0.6000266548484504
2.086,stage1,0.12371164783990576,-0.6000266548484504
2.087,stage1,0.12371164783990576,-0.6000266548484504
2.088,stage1,0.12371164783990576,-0.6000266548484504
2.089,stage1,0.12371164783990576,-0.6000266548484504
2.09,stage1,0.11772175705548432,-0.597918216941921
2.091,stage1,0.11772175705548432,-0.597918216941921
2.092,stage1,0.11772175705548432,-0.597918216941921
2.093,stage1,0.11772175705548432,-0.597918216941921
2.094,stage1,0.11772175705548432,-0.597918216941921
2.095,stage1,0.11772175705548432,-0.597918216941921
2.096,stage1,0.11772175705548432,-0.597918216941921
2.097,stage1,0.11772175705548432,-0.597918216941921
2.098,stage1,0.11772175705548432,-0.597918216941921
2.099,stage1,0.11772175705548432,-0.597918216941921
2.1,stage1,0.11175394568402808,-0.5956111877038316
2.101,stage1,0.11175394568402808,-0.5956111877038316
2.102,stage1,0.11175394568402808,-0.5956111877038316
2.103,stage1,0.11175394568402808,-0.5956111877038316
2.104,stage1,0.11175394568402808,-0.5956111877038316
2.105,stage1,0.11175394568402808,-0.5956111877038316
2.106,stage1,0.11175394568402808,-0.5956111877038316
2.107,stage1,0.11175394568402808,-0.5956111877038316
2.108,stage1,0.11175394568402808,-0.5956111877038316
2.109,stage1,0.11175394568402808,-0.5956111877038316
2.11,stage1,0.10581018699368502,-0.5931081080678061
2.111,stage1,0.10581018699368502,-0.5931081080678061
2.112,stage1,0.10581018699368502,-0.5931081080678061
2.113,stage1,0.10581018699368502,-0.5931081080678061
2.114,stage1,0.10581018699368502,-0.5931081080678061
2.115,stage1,0.10581018699368502,-0.5931081080678061
2.116,stage1,0.10581018699368502,-0.5931081080678061
2.117,stage1,0.10581018699368502,-0.5931081080678061
2.118,stage1,0.10581018699368502,-0.5931081080678061
2.119,stage1,0.10581018699368502,-0.5931081080678061
2.12,stage1,0.0998924284898216,-0.5904115893397008
2.121,stage1,0.0998924284898216,-0.5904115893397008
2.122,stage1,0.0998924284898216,-0.5904115893397008
2.123,stage1,0.0998924284898216,-0.5904115893397008
2.124,stage1,0.0998924284898216,-0.5904115893397008
2.125,stage1,0.0998924284898216,-0.5904115893397008
2.126,stage1,0.0998924284898216,-0.5904115893397008
2.127,stage1,0.0998924284898216,-0.5904115893397008
2.128,stage1,0.0998924284898216,-0.5904115893397008
2.129,stage1,0.0998924284898216,-0.5904115893397008
2.13,stage1,0.09400259122086144,-0.5875243112826574
2.131,stage1,0.09400259122086144,-0.5875243112826574
2.132,stage1,0.09400259122086144,-0.5875243112826574
2.133,stage1,0.09400259122086144,-0.5875243112826574
2.134,stage1,0.09400259122086144,-0.5875243112826574
2.135,stage1,0.09400259122086144,-0.5875243112826574
2.136,stage1,0.09400259122086144,-0.5875243112826574
2.137,stage1,0.09400259122086144,-0.5875243112826574
2.138,stage1,0.09400259122086144,-0.5875243112826574
2.139,stage1,0.09400259122086144,-0.5875243112826574
2.14,stage1,0.08814256910335325,-0.5844490201863993
2.141,stage1,0.08814256910335325,-0.5844490201863993
2.142,stage1,0.08814256910335325,-0.5844490201863993
2.143,stage1,0.08814256910335325,-0.5844490201863993
2.144,stage1,0.08814256910335325,-0.5844490201863993
2.145,stage1,0.08814256910335325,-0.5844490201863993
2.146,stage1,0.08814256910335325,-0.5844490201863993
2.147,stage1,0.08814256910335325,-0.5844490201863993
2.148,stage1,0.08814256910335325,-0.5844490201863993
2.149,stage1,0.08814256910335325,-0.5844490201863993
2.15,stage1,0.08231422826641992,-0.581188526921887
2.151,stage1,0.08231422826641992,-0.581188526921887
2.152,stage1,0.08231422826641992,-0.581188526921887
2.153,stage1,0.08231422826641992,-0.581188526921887
2.154,stage1,0.08231422826641992,-0.581188526921887
2.155,stage1,0.08231422826641992,-0.581188526921887
2.156,stage1,0.08231422826641992,-0.581188526921887
2.157,stage1,0.08231422826641992,-0.581188526921887
2.158,stage1,0.08231422826641992,-0.581188526921887
2.159,stage1,0.08231422826641992,-0.581188526921887
2.16,stage1,0.07651940641572963,-0.5777457049824393
2.161,stage1,0.07651940641572963,-0.5777457049824393
2.162,stage1,0.07651940641572963,-0.5777457049824393
2.163,stage1,0.07651940641572963,-0.5777457049824393
2.164,stage1,0.07651940641572963,-0.5777457049824393
2.165,stage1,0.07651940641572963,-0.5777457049824393
2.166,stage1,0.07651940641572963,-0.5777457049824393
2.167,stage1,0.07651940641572963,-0.5777457049824393
2.168,stage1,0.07651940641572963,-0.5777457049824393
2.169,stage1,0.07651940641572963,-0.5777457049824393
2.17,stage1,0.07075991221711882,-0.5741234885124282
2.171,stage1,0.07075991221711882,-0.5741234885124282
2.172,stage1,0.07075991221711882,-0.5741234885124282
2.173,stage1,0.07075991221711882,-0.5741234885124282
2.174,stage1,0.07075991221711882,-0.5741234885124282
2.175,stage1,0.07075991221711882,-0.5741234885124282
2.176,stage1,0.07075991221711882,-0.5741234885124282
2.177,stage1,0.07075991221711882,-0.5741234885124282
2.178,stage1,0.07075991221711882,-0.5741234885124282
2.179,stage1,0.07075991221711882,-0.5741234885124282
2.18,stage1,0.06503752469998571,-0.5703248703246502
2.181,stage1,0.06503752469998571,-0.5703248703246502
2.182,stage1,0.06503752469998571,-0.5703248703246502
2.183,stage1,0.06503752469998571,-0.5703248703246502
2.184,stage1,0.06503752469998571,-0.5703248703246502
2.185,stage1,0.06503752469998571,-0.5703248703246502
2.186,stage1,0.06503752469998571,-0.5703248703246502
2.187,stage1,0.06503752469998571,-0.5703248703246502
2.188,stage1,0.06503752469998571,-0.5703248703246502
2.189,stage1,0.06503752469998571,-0.5703248703246502
2.19,stage1,0.05935399268056219,-0.5663528999074661
2.191,stage1,0.05935399268056219,-0.5663528999074661
2.192,stage1,0.05935399268056219,-0.5663528999074661
2.193,stage1,0.05935399268056219,-0.5663528999074661
2.194,stage1,0.05935399268056219,-0.5663528999074661
2.195,stage1,0.05935399268056219,-0.5663528999074661
2.196,stage1,0.05935399268056219,-0.5663528999074661
2.197,stage1,0.05935399268056219,-0.5663528999074661
2.198,stage1,0.05935399268056219,-0.5663528999074661
2.199,stage1,0.05935399268056219,-0.5663528999074661
2.2,stage1,0.05371103420516095,-0.5622106814228037
2.201,stage1,0.05371103420516095,-0.5622106814228037
2.202,stage1,0.05371103420516095,-0.5622106814228037
2.203,stage1,0.05371103420516095,-0.5622106814228037
2.204,stage1,0.05371103420516095,-0.5622106814228037
2.205,stage1,0.05371103420516095,-0.5622106814228037
2.206,stage1,0.05371103420516095,-0.5622106814228037
2.207,stage1,0.05371103420516095,-0.5622106814228037
2.208,stage1,0.05371103420516095,-0.5622106814228037
2.209,stage1,0.05371103420516095,-0.5622106814228037
2.21,stage1,0.04811033601348365,-0.5579013716961063
2.211,stage1,0.04811033601348365,-0.5579013716961063
2.212,stage1,0.04811033601348365,-0.5579013716961063
2.213,stage1,0.04811033601348365,-0.5579013716961063
2.214,stage1,0.04811033601348365,-0.5579013716961063
2.215,stage1,0.04811033601348365,-0.5579013716961063
2.216,stage1,0.04811033601348365,-0.5579013716961063
2.217,stage1,0.04811033601348365,-0.5579013716961063
2.218,stage1,0.04811033601348365,-0.5579013716961063
2.219,stage1,0.04811033601348365,-0.5579013716961063
2.22,stage1,0.04255355302206549,-0.5534281781993038
2.221,stage1,0.04255355302206549,-0.5534281781993038
2.222,stage1,0.04255355302206549,-0.5534281781993038
2.223,stage1,0.04255355302206549,-0.5534281781993038
2.224,stage1,0.04255355302206549,-0.5534281781993038
2.225,stage1,0.04255355302206549,-0.5534281781993038
2.226,stage1,0.04255355302206549,-0.5534281781993038
2.227,stage1,0.04255355302206549,-0.5534281781993038
2.228,stage1,0.04255355302206549,-0.5534281781993038
2.229,stage1,0.04255355302206549,-0.5534281781993038
2.23,stage1,0.03704230782792042,-0.5487943570278787
2.231,stage1,0.03704230782792042,-0.5487943570278787
2.232,stage1,0.03704230782792042,-0.5487943570278787
2.233,stage1,0.03704230782792042,-0.5487943570278787
2.234,stage1,0.03704230782792042,-0.5487943570278787
2.235,stage1,0.03704230782792042,-0.5487943570278787
2.236,stage1,0.03704230782792042,-0.5487943570278787
2.237,stage1,0.03704230782792042,-0.5487943570278787
2.238,stage1,0.03704230782792042,-0.5487943570278787
2.239,stage1,0.03704230782792042,-0.5487943570278787
2.24,stage1,0.031578190232440836,-0.5440032108730898
2.241,stage1,0.031578190232440836,-0.5440032108730898
2.242,stage1,0.031578190232440836,-0.5440032108730898
2.243,stage1,0.031578190232440836,-0.5440032108730898
2.244,stage1,0.031578190232440836,-0.5440032108730898
2.245,stage1,0.031578190232440836,-0.5440032108730898
2.246,stage1,0.031578190232440836,-0.5440032108730898
2.247,stage1,0.031578190232440836,-0.5440032108730898
2.248,stage1,0.031578190232440836,-0.5440032108730898
2.249,stage1,0.031578190232440836,-0.5440032108730898
2.25,stage1,0.026162756785594758,-0.5390580869904078
2.251,stage1,0.026162756785594758,-0.5390580869904078
2.252,stage1,0.026162756785594758,-0.5390580869904078
2.253,stage1,0.026162756785594758,-0.5390580869904078
2.254,stage1,0.026162756785594758,-0.5390580869904078
2.255,stage1,0.026162756785594758,-0.5390580869904078
2.256,stage1,0.026162756785594758,-0.5390580869904078
2.257,stage1,0.026162756785594758,-0.5390580869904078
2.258,stage1,0.026162756785594758,-0.5390580869904078
2.259,stage1,0.026162756785594758,-0.5390580869904078
2.26,stage1,0.02079753035045334,-0.5339623751652112
2.261,stage1,0.02079753035045334,-0.5339623751652112
2.262,stage1,0.02079753035045334,-0.5339623751652112
2.263,stage1,0.02079753035045334,-0.5339623751652112
2.264,stage1,0.02079753035045334,-0.5339623751652112
2.265,stage1,0.02079753035045334,-0.5339623751652112
2.266,stage1,0.02079753035045334,-0.5339623751652112
2.267,stage1,0.02079753035045334,-0.5339623751652112
2.268,stage1,0.02079753035045334,-0.5339623751652112
2.269,stage1,0.02079753035045334,-0.5339623751652112
2.27,stage1,0.015483999688070722,-0.5287195056767784
2.271,stage1,0.015483999688070722,-0.5287195056767784
2.272,stage1,0.015483999688070722,-0.5287195056767784
2.273,stage1,0.015483999688070722,-0.5287195056767784
2.274,stage1,0.015483999688070722,-0.5287195056767784
2.275,stage1,0.015483999688070722,-0.5287195056767784
2.276,stage1,0.015483999688070722,-0.5287195056767784
2.277,stage1,0.015483999688070722,-0.5287195056767784
2.278,stage1,0.015483999688070722,-0.5287195056767784
2.279,stage1,0.015483999688070722,-0.5287195056767784
2.28,stage1,0.01022361906272819,-0.5233329472616065
2.281,stage1,0.01022361906272819,-0.5233329472616065
2.282,stage1,0.01022361906272819,-0.5233329472616065
2.283,stage1,0.01022361906272819,-0.5233329472616065
2.284,stage1,0.01022361906272819,-0.5233329472616065
2.285,stage1,0.01022361906272819,-0.5233329472616065
2.286,stage1,0.01022361906272819,-0.5233329472616065
2.287,stage1,0.01022361906272819,-0.5233329472616065
2.288,stage1,0.01022361906272819,-0.5233329472616065
2.289,stage1,0.01022361906272819,-0.5233329472616065
2.29,stage1,0.005017807867544302,-0.5178062050770742
2.291,stage1,0.005017807867544302,-0.5178062050770742
2.292,stage1,0.005017807867544302,-0.5178062050770742
2.293,stage1,0.005017807867544302,-0.5178062050770742
2.294,stage1,0.005017807867544302,-0.5178062050770742
2.295,stage1,0.005017807867544302,-0.5178062050770742
2.296,stage1,0.005017807867544302,-0.5178062050770742
2.297,stage1,0.005017807867544302,-0.5178062050770742
2.298,stage1,0.005017807867544302,-0.5178062050770742
2.299,stage1,0.005017807867544302,-0.5178062050770742
2.3,stage1,-0.00013204972955758575,-0.5121428186664582
2.301,stage1,-0.00013204972955758575,-0.5121428186664582
2.302,stage1,-0.00013204972955758575,-0.5121428186664582
2.303,stage1,-0.00013204972955758575,-0.5121428186664582
2.304,stage1,-0.00013204972955758575,-0.5121428186664582
2.305,stage1,-0.00013204972955758575,-0.5121428186664582
2.306,stage1,-0.00013204972955758575,-0.5121428186664582
2.307,stage1,-0.00013204972955758575,-0.5121428186664582
2.308,stage1,-0.00013204972955758575,-0.5121428186664582
2.309,stage1,-0.00013204972955758575,-0.5121428186664582
2.31,stage1,-0.005224605119542853,-0.5063463599263012
2.311,stage1,-0.005224605119542853,-0.5063463599263012
2.312,stage1,-0.005224605119542853,-0.5063463599263012
2.313,stage1,-0.005224605119542853,-0.5063463599263012
2.314,stage1,-0.005224605119542853,-0.5063463599263012
2.315,stage1,-0.005224605119542853,-0.5063463599263012
2.316,stage1,-0.005224605119542853,-0.5063463599263012
2.317,stage1,-0.005224605119542853,-0.5063463599263012
2.318,stage1,-0.005224605119542853,-0.5063463599263012
2.319,stage1,-0.005224605119542853,-0.5063463599263012
2.32,stage1,-0.010258545565648734,-0.5004204310771182
2.321,stage1,-0.010258545565648734,-0.5004204310771182
2.322,stage1,-0.010258545565648734,-0.5004204310771182
2.323,stage1,-0.010258545565648734,-0.5004204310771182
2.324,stage1,-0.010258545565648734,-0.5004204310771182
2.325,stage1,-0.010258545565648734,-0.5004204310771182
2.326,stage1,-0.010258545565648734,-0.5004204310771182
2.327,stage1,-0.010258545565648734,-0.5004204310771182
2.328,stage1,-0.010258545565648734,-0.5004204310771182
2.329,stage1,-0.010258545565648734,-0.5004204310771182
2.33,stage1,-0.015232594496495241,-0.4943686626384182
2.331,stage1,-0.015232594496495241,-0.4943686626384182
2.332,stage1,-0.015232594496495241,-0.4943686626384182
2.333,stage1,-0.015232594496495241,-0.4943686626384182
2.334,stage1,-0.015232594496495241,-0.4943686626384182
2.335,stage1,-0.015232594496495241,-0.4943686626384182
2.336,stage1,-0.015232594496495241,-0.4943686626384182
2.337,stage1,-0.015232594496495241,-0.4943686626384182
2.338,stage1,-0.015232594496495241,-0.4943686626384182
2.339,stage1,-0.015232594496495241,-0.4943686626384182
2.34,stage1,-0.020145511778971916,-0.48819471140900367
2.341,stage1,-0.020145511778971916,-0.48819471140900367
2.342,stage1,-0.020145511778971916,-0.48819471140900367
2.343,stage1,-0.020145511778971916,-0.48819471140900367
2.344,stage1,-0.020145511778971916,-0.48819471140900367
2.345,stage1,-0.020145511778971916,-0.48819471140900367
2.346,stage1,-0.020145511778971916,-0.48819471140900367
2.347,stage1,-0.020145511778971916,-0.48819471140900367
2.348,stage1,-0.020145511778971916,-0.48819471140900367
2.349,stage1,-0.020145511778971916,-0.48819471140900367
2.35,stage1,-0.024996093970957936,-0.4819022584535015
2.351,stage1,-0.024996093970957936,-0.4819022584535015
2.352,stage1,-0.024996093970957936,-0.4819022584535015
2.353,stage1,-0.024996093970957936,-0.4819022584535015
2.354,stage1,-0.024996093970957936,-0.4819022584535015
2.355,stage1,-0.024996093970957936,-0.4819022584535015
2.356,stage1,-0.024996093970957936,-0.4819022584535015
2.357,stage1,-0.024996093970957936,-0.4819022584535015
2.358,stage1,-0.024996093970957936,-0.4819022584535015
2.359,stage1,-0.024996093970957936,-0.4819022584535015
2.36,stage1,-0.029783174553942603,-0.4754950070960649
2.361,stage1,-0.029783174553942603,-0.4754950070960649
2.362,stage1,-0.029783174553942603,-0.4754950070960649
2.363,stage1,-0.029783174553942603,-0.4754950070960649
2.364,stage1,-0.029783174553942603,-0.4754950070960649
2.365,stage1,-0.029783174553942603,-0.4754950070960649
2.366,stage1,-0.029783174553942603,-0.4754950070960649
2.367,stage1,-0.029783174553942603,-0.4754950070960649
2.368,stage1,-0.029783174553942603,-0.4754950070960649
2.369,stage1,-0.029783174553942603,-0.4754950070960649
2.37,stage1,-0.03450562414562259,-0.46897668092217243
2.371,stage1,-0.03450562414562259,-0.46897668092217243
2.372,stage1,-0.03450562414562259,-0.46897668092217243
2.373,stage1,-0.03450562414562259,-0.46897668092217243
2.374,stage1,-0.03450562414562259,-0.46897668092217243
2.375,stage1,-0.03450562414562259,-0.46897668092217243
2.376,stage1,-0.03450562414562259,-0.46897668092217243
2.377,stage1,-0.03450562414562259,-0.46897668092217243
2.378,stage1,-0.03450562414562259,-0.46897668092217243
2.379,stage1,-0.03450562414562259,-0.46897668092217243
2.38,stage1,-0.039162350692561444,-0.4623510217894388
2.381,stage1,-0.039162350692561444,-0.4623510217894388
2.382,stage1,-0.039162350692561444,-0.4623510217894388
2.383,stage1,-0.039162350692561444,-0.4623510217894388
2.384,stage1,-0.039162350692561444,-0.4623510217894388
2.385,stage1,-0.039162350692561444,-0.4623510217894388
2.386,stage1,-0.039162350692561444,-0.4623510217894388
2.387,stage1,-0.039162350692561444,-0.4623510217894388
2.388,stage1,-0.039162350692561444,-0.4623510217894388
2.389,stage1,-0.039162350692561444,-0.4623510217894388
2.39,stage1,-0.04375229964300605,-0.4556217878483376
2.391,stage1,-0.04375229964300605,-0.4556217878483376
2.392,stage1,-0.04375229964300605,-0.4556217878483376
2.393,stage1,-0.04375229964300605,-0.4556217878483376
2.394,stage1,-0.04375229964300605,-0.4556217878483376
2.395,stage1,-0.04375229964300605,-0.4556217878483376
2.396,stage1,-0.04375229964300605,-0.4556217878483376
2.397,stage1,-0.04375229964300605,-0.4556217878483376
2.398,stage1,-0.04375229964300605,-0.4556217878483376
2.399,stage1,-0.04375229964300605,-0.4556217878483376
2.4,stage1,-0.04827445409996358,-0.44879275157372284
2.401,stage1,-0.04827445409996358,-0.44879275157372284
2.402,stage1,-0.04827445409996358,-0.44879275157372284
2.403,stage1,-0.04827445409996358,-0.44879275157372284
2.404,stage1,-0.04827445409996358,-0.44879275157372284
2.405,stage1,-0.04827445409996358,-0.44879275157372284
2.406,stage1,-0.04827445409996358,-0.44879275157372284
2.407,stage1,-0.04827445409996358,-0.44879275157372284
2.408,stage1,-0.04827445409996358,-0.44879275157372284
2.409,stage1,-0.04827445409996358,-0.44879275157372284
2.41,stage1,-0.05272783495465124,-0.4418676978080215
2.411,stage1,-0.05272783495465124,-0.4418676978080215
2.412,stage1,-0.05272783495465124,-0.4418676978080215
2.413,stage1,-0.05272783495465124,-0.4418676978080215
2.414,stage1,-0.05272783495465124,-0.4418676978080215
2.415,stage1,-0.05272783495465124,-0.4418676978080215
2.416,stage1,-0.05272783495465124,-0.4418676978080215
2.417,stage1,-0.05272783495465124,-0.4418676978080215
2.418,stage1,-0.05272783495465124,-0.4418676978080215
2.419,stage1,-0.05272783495465124,-0.4418676978080215
2.42,stage1,-0.05711150100043996,-0.4348504218169563
2.421,stage1,-0.05711150100043996,-0.4348504218169563
2.422,stage1,-0.05711150100043996,-0.4348504218169563
2.423,stage1,-0.05711150100043996,-0.4348504218169563
2.424,stage1,-0.05711150100043996,-0.4348504218169563
2.425,stage1,-0.05711150100043996,-0.4348504218169563
2.426,stage1,-0.05711150100043996,-0.4348504218169563
2.427,stage1,-0.05711150100043996,-0.4348504218169563
2.428,stage1,-0.05711150100043996,-0.4348504218169563
2.429,stage1,-0.05711150100043996,-0.4348504218169563
2.43,stage1,-0.061424549027421435,-0.4277447273586416
2.431,stage1,-0.061424549027421435,-0.4277447273586416
2.432,stage1,-0.061424549027421435,-0.4277447273586416
2.433,stage1,-0.061424549027421435,-0.4277447273586416
2.434,stage1,-0.061424549027421435,-0.4277447273586416
2.435,stage1,-0.061424549027421435,-0.4277447273586416
2.436,stage1,-0.061424549027421435,-0.4277447273586416
2.437,stage1,-0.061424549027421435,-0.4277447273586416
2.438,stage1,-0.061424549027421435,-0.4277447273586416
2.439,stage1,-0.061424549027421435,-0.4277447273586416
2.44,stage1,-0.06566611389773643,-0.42055442476688115
2.441,stage1,-0.06566611389773643,-0.42055442476688115
2.442,stage1,-0.06566611389773643,-0.42055442476688115
2.443,stage1,-0.06566611389773643,-0.42055442476688115
2.444,stage1,-0.06566611389773643,-0.42055442476688115
2.445,stage1,-0.06566611389773643,-0.42055442476688115
2.446,stage1,-0.06566611389773643,-0.42055442476688115
2.447,stage1,-0.06566611389773643,-0.42055442476688115
2.448,stage1,-0.06566611389773643,-0.42055442476688115
2.449,stage1,-0.06566611389773643,-0.42055442476688115
2.45,stage1,-0.06983536860181054,-0.4132833290494823
2.451,stage1,-0.06983536860181054,-0.4132833290494823
2.452,stage1,-0.06983536860181054,-0.4132833290494823
2.453,stage1,-0.06983536860181054,-0.4132833290494823
2.454,stage1,-0.06983536860181054,-0.4132833290494823
2.455,stage1,-0.06983536860181054,-0.4132833290494823
2.456,stage1,-0.06983536860181054,-0.4132833290494823
2.457,stage1,-0.06983536860181054,-0.4132833290494823
2.458,stage1,-0.06983536860181054,-0.4132833290494823
2.459,stage1,-0.06983536860181054,-0.4132833290494823
2.46,stage1,-0.07393152429565146,-0.40593525800238384
2.461,stage1,-0.07393152429565146,-0.40593525800238384
2.462,stage1,-0.07393152429565146,-0.40593525800238384
2.463,stage1,-0.07393152429565146,-0.40593525800238384
2.464,stage1,-0.07393152429565146,-0.40593525800238384
2.465,stage1,-0.07393152429565146,-0.40593525800238384
2.466,stage1,-0.07393152429565146,-0.40593525800238384
2.467,stage1,-0.07393152429565146,-0.40593525800238384
2.468,stage1,-0.07393152429565146,-0.40593525800238384
2.469,stage1,-0.07393152429565146,-0.40593525800238384
2.47,stage1,-0.07795383031936982,-0.3985140303403804
2.471,stage1,-0.07795383031936982,-0.3985140303403804
2.472,stage1,-0.07795383031936982,-0.3985140303403804
2.473,stage1,-0.07795383031936982,-0.3985140303403804
2.474,stage1,-0.07795383031936982,-0.3985140303403804
2.475,stage1,-0.07795383031936982,-0.3985140303403804
2.476,stage1,-0.07795383031936982,-0.3985140303403804
2.477,stage1,-0.07795383031936982,-0.3985140303403804
2.478,stage1,-0.07795383031936982,-0.3985140303403804
2.479,stage1,-0.07795383031936982,-0.3985140303403804
2.48,stage1,-0.08190157419709358,-0.39102346384521025
2.481,stage1,-0.08190157419709358,-0.39102346384521025
2.482,stage1,-0.08190157419709358,-0.39102346384521025
2.483,stage1,-0.08190157419709358,-0.39102346384521025
2.484,stage1,-0.08190157419709358,-0.39102346384521025
2.485,stage1,-0.08190157419709358,-0.39102346384521025
2.486,stage1,-0.08190157419709358,-0.39102346384521025
2.487,stage1,-0.08190157419709358,-0.39102346384521025
2.488,stage1,-0.08190157419709358,-0.39102346384521025
2.489,stage1,-0.08190157419709358,-0.39102346384521025
2.49,stage1,-0.08577408161845311,-0.3834673735317565
2.491,stage1,-0.08577408161845311,-0.3834673735317565
2.492,stage1,-0.08577408161845311,-0.3834673735317565
2.493,stage1,-0.08577408161845311,-0.3834673735317565
2.494,stage1,-0.08577408161845311,-0.3834673735317565
2.495,stage1,-0.08577408161845311,-0.3834673735317565
2.496,stage1,-0.08577408161845311,-0.3834673735317565
2.497,stage1,-0.08577408161845311,-0.3834673735317565
2.498,stage1,-0.08577408161845311,-0.3834673735317565
2.499,stage1,-0.08577408161845311,-0.3834673735317565
2.5,stage1,-0.08957071640182199,-0.3758495698330961
2.501,stage1,-0.08957071640182199,-0.3758495698330961
2.502,stage1,-0.08957071640182199,-0.3758495698330961
2.503,stage1,-0.08957071640182199,-0.3758495698330961
2.504,stage1,-0.08957071640182199,-0.3758495698330961
2.505,stage1,-0.08957071640182199,-0.3758495698330961
2.506,stage1,-0.08957071640182199,-0.3758495698330961
2.507,stage1,-0.08957071640182199,-0.3758495698330961
2.508,stage1,-0.08957071640182199,-0.3758495698330961
2.509,stage1,-0.08957071640182199,-0.3758495698330961
2.51,stage1,-0.09329088043950555,-0.3681738568051147
2.511,stage1,-0.09329088043950555,-0.3681738568051147
2.512,stage1,-0.09329088043950555,-0.3681738568051147
2.513,stage1,-0.09329088043950555,-0.3681738568051147
2.514,stage1,-0.09329088043950555,-0.3681738568051147
2.515,stage1,-0.09329088043950555,-0.3681738568051147
2.516,stage1,-0.09329088043950555,-0.3681738568051147
2.517,stage1,-0.09329088043950555,-0.3681738568051147
2.518,stage1,-0.09329088043950555,-0.3681738568051147
2.519,stage1,-0.09329088043950555,-0.3681738568051147
2.52,stage1,-0.09693401362507627,-0.36044403035138717
2.521,stage1,-0.09693401362507627,-0.36044403035138717
2.522,stage1,-0.09693401362507627,-0.36044403035138717
2.523,stage1,-0.09693401362507627,-0.36044403035138717
2.524,stage1,-0.09693401362507627,-0.36044403035138717
2.525,stage1,-0.09693401362507627,-0.36044403035138717
2.526,stage1,-0.09693401362507627,-0.36044403035138717
2.527,stage1,-0.09693401362507627,-0.36044403035138717
2.528,stage1,-0.09693401362507627,-0.36044403035138717
2.529,stage1,-0.09693401362507627,-0.36044403035138717
2.53,stage1,-0.10049959376306218,-0.35266387646900854
2.531,stage1,-0.10049959376306218,-0.35266387646900854
2.532,stage1,-0.10049959376306218,-0.35266387646900854
2.533,stage1,-0.10049959376306218,-0.35266387646900854
2.534,stage1,-0.10049959376306218,-0.35266387646900854
2.535,stage1,-0.10049959376306218,-0.35266387646900854
2.536,stage1,-0.10049959376306218,-0.35266387646900854
2.537,stage1,-0.10049959376306218,-0.35266387646900854
2.538,stage1,-0.10049959376306218,-0.35266387646900854
2.539,stage1,-0.10049959376306218,-0.35266387646900854
2.54,stage1,-0.10398713646120113,-0.34483716951604204
2.541,stage1,-0.10398713646120113,-0.34483716951604204
2.542,stage1,-0.10398713646120113,-0.34483716951604204
2.543,stage1,-0.10398713646120113,-0.34483716951604204
2.544,stage1,-0.10398713646120113,-0.34483716951604204
2.545,stage1,-0.10398713646120113,-0.34483716951604204
2.546,stage1,-0.10398713646120113,-0.34483716951604204
2.547,stage1,-0.10398713646120113,-0.34483716951604204
2.548,stage1,-0.10398713646120113,-0.34483716951604204
2.549,stage1,-0.10398713646120113,-0.34483716951604204
2.55,stage1,-0.10739619500548028,-0.3369676705012333
2.551,stage1,-0.10739619500548028,-0.3369676705012333
2.552,stage1,-0.10739619500548028,-0.3369676705012333
2.553,stage1,-0.10739619500548028,-0.3369676705012333
2.554,stage1,-0.10739619500548028,-0.3369676705012333
2.555,stage1,-0.10739619500548028,-0.3369676705012333
2.556,stage1,-0.10739619500548028,-0.3369676705012333
2.557,stage1,-0.10739619500548028,-0.3369676705012333
2.558,stage1,-0.10739619500548028,-0.3369676705012333
2.559,stage1,-0.10739619500548028,-0.3369676705012333
2.56,stage1,-0.11072636021818683,-0.3290591253966234
2.561,stage1,-0.11072636021818683,-0.3290591253966234
2.562,stage1,-0.11072636021818683,-0.3290591253966234
2.563,stage1,-0.11072636021818683,-0.3290591253966234
2.564,stage1,-0.11072636021818683,-0.3290591253966234
2.565,stage1,-0.11072636021818683,-0.3290591253966234
2.566,stage1,-0.11072636021818683,-0.3290591253966234
2.567,stage1,-0.11072636021818683,-0.3290591253966234
2.568,stage1,-0.11072636021818683,-0.3290591253966234
2.569,stage1,-0.11072636021818683,-0.3290591253966234
2.57,stage1,-0.11397726029920176,-0.32111526347367536
2.571,stage1,-0.11397726029920176,-0.32111526347367536
2.572,stage1,-0.11397726029920176,-0.32111526347367536
2.573,stage1,-0.11397726029920176,-0.32111526347367536
2.574,stage1,-0.11397726029920176,-0.32111526347367536
2.575,stage1,-0.11397726029920176,-0.32111526347367536
2.576,stage1,-0.11397726029920176,-0.32111526347367536
2.577,stage1,-0.11397726029920176,-0.32111526347367536
2.578,stage1,-0.11397726029920176,-0.32111526347367536
2.579,stage1,-0.11397726029920176,-0.32111526347367536
2.58,stage1,-0.11714856065077506,-0.31313979566350986
2.581,stage1,-0.11714856065077506,-0.31313979566350986
2.582,stage1,-0.11714856065077506,-0.31313979566350986
2.583,stage1,-0.11714856065077506,-0.31313979566350986
2.584,stage1,-0.11714856065077506,-0.31313979566350986
2.585,stage1,-0.11714856065077506,-0.31313979566350986
2.586,stage1,-0.11714856065077506,-0.31313979566350986
2.587,stage1,-0.11714856065077506,-0.31313979566350986
2.588,stage1,-0.11714856065077506,-0.31313979566350986
2.589,stage1,-0.11714856065077506,-0.31313979566350986
2.59,stage1,-0.1202399636860262,-0.30513641294183097
2.591,stage1,-0.1202399636860262,-0.30513641294183097
2.592,stage1,-0.1202399636860262,-0.30513641294183097
2.593,stage1,-0.1202399636860262,-0.30513641294183097
2.594,stage1,-0.1202399636860262,-0.30513641294183097
2.595,stage1,-0.1202399636860262,-0.30513641294183097
2.596,stage1,-0.1202399636860262,-0.30513641294183097
2.597,stage1,-0.1202399636860262,-0.30513641294183097
2.598,stage1,-0.1202399636860262,-0.30513641294183097
2.599,stage1,-0.1202399636860262,-0.30513641294183097
2.6,stage1,-0.12325120862141965,-0.29710878473910124
2.601,stage1,-0.12325120862141965,-0.29710878473910124
2.602,stage1,-0.12325120862141965,-0.29710878473910124
2.603,stage1,-0.12325120862141965,-0.29710878473910124
2.604,stage1,-0.12325120862141965,-0.29710878473910124
2.605,stage1,-0.12325120862141965,-0.29710878473910124
2.606,stage1,-0.12325120862141965,-0.29710878473910124
2.607,stage1,-0.12325120862141965,-0.29710878473910124
2.608,stage1,-0.12325120862141965,-0.29710878473910124
2.609,stage1,-0.12325120862141965,-0.29710878473910124
2.61,stage1,-0.1261820712534707,-0.28906055737651054
2.611,stage1,-0.1261820712534707,-0.28906055737651054
2.612,stage1,-0.1261820712534707,-0.28906055737651054
2.613,stage1,-0.1261820712534707,-0.28906055737651054
2.614,stage1,-0.1261820712534707,-0.28906055737651054
2.615,stage1,-0.1261820712534707,-0.28906055737651054
2.616,stage1,-0.1261820712534707,-0.28906055737651054
2.617,stage1,-0.1261820712534707,-0.28906055737651054
2.618,stage1,-0.1261820712534707,-0.28906055737651054
2.619,stage1,-0.1261820712534707,-0.28906055737651054
2.62,stage1,-0.12903236371994212,-0.2809953525282627
2.621,stage1,-0.12903236371994212,-0.2809953525282627
2.622,stage1,-0.12903236371994212,-0.2809953525282627
2.623,stage1,-0.12903236371994212,-0.2809953525282627
2.624,stage1,-0.12903236371994212,-0.2809953525282627
2.625,stage1,-0.12903236371994212,-0.2809953525282627
2.626,stage1,-0.12903236371994212,-0.2809953525282627
2.627,stage1,-0.12903236371994212,-0.2809953525282627
2.628,stage1,-0.12903236371994212,-0.2809953525282627
2.629,stage1,-0.12903236371994212,-0.2809953525282627
2.63,stage1,-0.13180193424579736,-0.27291676571068707
2.631,stage1,-0.13180193424579736,-0.27291676571068707
2.632,stage1,-0.13180193424579736,-0.27291676571068707
2.633,stage1,-0.13180193424579736,-0.27291676571068707
2.634,stage1,-0.13180193424579736,-0.27291676571068707
2.635,stage1,-0.13180193424579736,-0.27291676571068707
2.636,stage1,-0.13180193424579736,-0.27291676571068707
2.637,stage1,-0.13180193424579736,-0.27291676571068707
2.638,stage1,-0.13180193424579736,-0.27291676571068707
2.639,stage1,-0.13180193424579736,-0.27291676571068707
2.64,stage1,-0.1344906668741811,-0.26482836479866345
2.641,stage1,-0.1344906668741811,-0.26482836479866345
2.642,stage1,-0.1344906668741811,-0.26482836479866345
2.643,stage1,-0.1344906668741811,-0.26482836479866345
2.644,stage1,-0.1344906668741811,-0.26482836479866345
2.645,stage1,-0.1344906668741811,-0.26482836479866345
2.646,stage1,-0.1344906668741811,-0.26482836479866345
2.647,stage1,-0.1344906668741811,-0.26482836479866345
2.648,stage1,-0.1344906668741811,-0.26482836479866345
2.649,stage1,-0.1344906668741811,-0.26482836479866345
2.65,stage1,-0.13709848118270251,-0.2567336885698302
2.651,stage1,-0.13709848118270251,-0.2567336885698302
2.652,stage1,-0.13709848118270251,-0.2567336885698302
2.653,stage1,-0.13709848118270251,-0.2567336885698302
2.654,stage1,-0.13709848118270251,-0.2567336885698302
2.655,stage1,-0.13709848118270251,-0.2567336885698302
2.656,stage1,-0.13709848118270251,-0.2567336885698302
2.657,stage1,-0.13709848118270251,-0.2567336885698302
2.658,stage1,-0.13709848118270251,-0.2567336885698302
2.659,stage1,-0.13709848118270251,-0.2567336885698302
2.66,stage1,-0.13962533198530144,-0.24863624527702738
2.661,stage1,-0.13962533198530144,-0.24863624527702738
2.662,stage1,-0.13962533198530144,-0.24863624527702738
2.663,stage1,-0.13962533198530144,-0.24863624527702738
2.664,stage1,-0.13962533198530144,-0.24863624527702738
2.665,stage1,-0.13962533198530144,-0.24863624527702738
2.666,stage1,-0.13962533198530144,-0.24863624527702738
2.667,stage1,-0.13962533198530144,-0.24863624527702738
2.668,stage1,-0.13962533198530144,-0.24863624527702738
2.669,stage1,-0.13962533198530144,-0.24863624527702738
2.67,stage1,-0.14207120901998202,-0.24053951124940812
2.671,stage1,-0.14207120901998202,-0.24053951124940812
2.672,stage1,-0.14207120901998202,-0.24053951124940812
2.673,stage1,-0.14207120901998202,-0.24053951124940812
2.674,stage1,-0.14207120901998202,-0.24053951124940812
2.675,stage1,-0.14207120901998202,-0.24053951124940812
2.676,stage1,-0.14207120901998202,-0.24053951124940812
2.677,stage1,-0.14207120901998202,-0.24053951124940812
2.678,stage1,-0.14207120901998202,-0.24053951124940812
2.679,stage1,-0.14207120901998202,-0.24053951124940812
2.68,stage1,-0.14443613662270247,-0.23244692952263293
2.681,stage1,-0.14443613662270247,-0.23244692952263293
2.682,stage1,-0.14443613662270247,-0.23244692952263293
2.683,stage1,-0.14443613662270247,-0.23244692952263293
2.684,stage1,-0.14443613662270247,-0.23244692952263293
2.685,stage1,-0.14443613662270247,-0.23244692952263293
2.686,stage1,-0.14443613662270247,-0.23244692952263293
2.687,stage1,-0.14443613662270247,-0.23244692952263293
2.688,stage1,-0.14443613662270247,-0.23244692952263293
2.689,stage1,-0.14443613662270247,-0.23244692952263293
2.69,stage1,-0.14672017338771381,-0.22436190849854315
2.691,stage1,-0.14672017338771381,-0.22436190849854315
2.692,stage1,-0.14672017338771381,-0.22436190849854315
2.693,stage1,-0.14672017338771381,-0.22436190849854315
2.694,stage1,-0.14672017338771381,-0.22436190849854315
2.695,stage1,-0.14672017338771381,-0.22436190849854315
2.696,stage1,-0.14672017338771381,-0.22436190849854315
2.697,stage1,-0.14672017338771381,-0.22436190849854315
2.698,stage1,-0.14672017338771381,-0.22436190849854315
2.699,stage1,-0.14672017338771381,-0.22436190849854315
2.7,stage1,-0.14892341181464447,-0.21628782063469124
2.701,stage1,-0.14892341181464447,-0.21628782063469124
2.702,stage1,-0.14892341181464447,-0.21628782063469124
2.703,stage1,-0.14892341181464447,-0.21628782063469124
2.704,stage1,-0.14892341181464447,-0.21628782063469124
2.705,stage1,-0.14892341181464447,-0.21628782063469124
2.706,stage1,-0.14892341181464447,-0.21628782063469124
2.707,stage1,-0.14892341181464447,-0.21628782063469124
2.708,stage1,-0.14892341181464447,-0.21628782063469124
2.709,stage1,-0.14892341181464447,-0.21628782063469124
2.71,stage1,-0.15104597794263083,-0.20822800116408718
2.711,stage1,-0.15104597794263083,-0.20822800116408718
2.712,stage1,-0.15104597794263083,-0.20822800116408718
2.713,stage1,-0.15104597794263083,-0.20822800116408718
2.714,stage1,-0.15104597794263083,-0.20822800116408718
2.715,stage1,-0.15104597794263083,-0.20822800116408718
2.716,stage1,-0.15104597794263083,-0.20822800116408718
2.717,stage1,-0.15104597794263083,-0.20822800116408718
2.718,stage1,-0.15104597794263083,-0.20822800116408718
2.719,stage1,-0.15104597794263083,-0.20822800116408718
2.72,stage1,-0.15308803097179785,-0.20018574684550147
2.721,stage1,-0.15308803097179785,-0.20018574684550147
2.722,stage1,-0.15308803097179785,-0.20018574684550147
2.723,stage1,-0.15308803097179785,-0.20018574684550147
2.724,stage1,-0.15308803097179785,-0.20018574684550147
2.725,stage1,-0.15308803097179785,-0.20018574684550147
2.726,stage1,-0.15308803097179785,-0.20018574684550147
2.727,stage1,-0.15308803097179785,-0.20018574684550147
2.728,stage1,-0.15308803097179785,-0.20018574684550147
2.729,stage1,-0.15308803097179785,-0.20018574684550147
2.73,stage1,-0.15504976287239672,-0.19216431474464696
2.731,stage1,-0.15504976287239672,-0.19216431474464696
2.732,stage1,-0.15504976287239672,-0.19216431474464696
2.733,stage1,-0.15504976287239672,-0.19216431474464696
2.734,stage1,-0.15504976287239672,-0.19216431474464696
2.735,stage1,-0.15504976287239672,-0.19216431474464696
2.736,stage1,-0.15504976287239672,-0.19216431474464696
2.737,stage1,-0.15504976287239672,-0.19216431474464696
2.738,stage1,-0.15504976287239672,-0.19216431474464696
2.739,stage1,-0.15504976287239672,-0.19216431474464696
2.74,stage1,-0.15693139798191016,-0.18416692104654314
2.741,stage1,-0.15693139798191016,-0.18416692104654314
2.742,stage1,-0.15693139798191016,-0.18416692104654314
2.743,stage1,-0.15693139798191016,-0.18416692104654314
2.744,stage1,-0.15693139798191016,-0.18416692104654314
2.745,stage1,-0.15693139798191016,-0.18416692104654314
2.746,stage1,-0.15693139798191016,-0.18416692104654314
2.747,stage1,-0.15693139798191016,-0.18416692104654314
2.748,stage1,-0.15693139798191016,-0.18416692104654314
2.749,stage1,-0.15693139798191016,-0.18416692104654314
2.75,stage1,-0.15873319259043833,-0.176196739899348
2.751,stage1,-0.15873319259043833,-0.176196739899348
2.752,stage1,-0.15873319259043833,-0.176196739899348
2.753,stage1,-0.15873319259043833,-0.176196739899348
2.754,stage1,-0.15873319259043833,-0.176196739899348
2.755,stage1,-0.15873319259043833,-0.176196739899348
2.756,stage1,-0.15873319259043833,-0.176196739899348
2.757,stage1,-0.15873319259043833,-0.176196739899348
2.758,stage1,-0.15873319259043833,-0.176196739899348
2.759,stage1,-0.15873319259043833,-0.176196739899348
2.76,stage1,-0.16045543451468158,-0.16825690228992438
2.761,stage1,-0.16045543451468158,-0.16825690228992438
2.762,stage1,-0.16045543451468158,-0.16825690228992438
2.763,stage1,-0.16045543451468158,-0.16825690228992438
2.764,stage1,-0.16045543451468158,-0.16825690228992438
2.765,stage1,-0.16045543451468158,-0.16825690228992438
2.766,stage1,-0.16045543451468158,-0.16825690228992438
2.767,stage1,-0.16045543451468158,-0.16825690228992438
2.768,stage1,-0.16045543451468158,-0.16825690228992438
2.769,stage1,-0.16045543451468158,-0.16825690228992438
2.77,stage1,-0.1620984426608386,-0.16035049495138895
2.771,stage1,-0.1620984426608386,-0.16035049495138895
2.772,stage1,-0.1620984426608386,-0.16035049495138895
2.773,stage1,-0.1620984426608386,-0.16035049495138895
2.774,stage1,-0.1620984426608386,-0.16035049495138895
2.775,stage1,-0.1620984426608386,-0.16035049495138895
2.776,stage1,-0.1620984426608386,-0.16035049495138895
2.777,stage1,-0.1620984426608386,-0.16035049495138895
2.778,stage1,-0.1620984426608386,-0.16035049495138895
2.779,stage1,-0.1620984426608386,-0.16035049495138895
2.78,stage1,-0.1636625665767408,-0.15248055930287405
2.781,stage1,-0.1636625665767408,-0.15248055930287405
2.782,stage1,-0.1636625665767408,-0.15248055930287405
2.783,stage1,-0.1636625665767408,-0.15248055930287405
2.784,stage1,-0.1636625665767408,-0.15248055930287405
2.785,stage1,-0.1636625665767408,-0.15248055930287405
2.786,stage1,-0.1636625665767408,-0.15248055930287405
2.787,stage1,-0.1636625665767408,-0.15248055930287405
2.788,stage1,-0.1636625665767408,-0.15248055930287405
2.789,stage1,-0.1636625665767408,-0.15248055930287405
2.79,stage1,-0.16514818599354658,-0.1446500904217142
2.791,stage1,-0.16514818599354658,-0.1446500904217142
2.792,stage1,-0.16514818599354658,-0.1446500904217142
2.793,stage1,-0.16514818599354658,-0.1446500904217142
2.794,stage1,-0.16514818599354658,-0.1446500904217142
2.795,stage1,-0.16514818599354658,-0.1446500904217142
2.796,stage1,-0.16514818599354658,-0.1446500904217142
2.797,stage1,-0.16514818599354658,-0.1446500904217142
2.798,stage1,-0.16514818599354658,-0.1446500904217142
2.799,stage1,-0.16514818599354658,-0.1446500904217142
2.8,stage1,-0.16655571035731995,-0.13686203604825087
2.801,stage1,-0.16655571035731995,-0.13686203604825087
2.802,stage1,-0.16655571035731995,-0.13686203604825087
2.803,stage1,-0.16655571035731995,-0.13686203604825087
2.804,stage1,-0.16655571035731995,-0.13686203604825087
2.805,stage1,-0.16655571035731995,-0.13686203604825087
2.806,stage1,-0.16655571035731995,-0.13686203604825087
2.807,stage1,-0.16655571035731995,-0.13686203604825087
2.808,stage1,-0.16655571035731995,-0.13686203604825087
2.809,stage1,-0.16655571035731995,-0.13686203604825087
2.81,stage1,-0.1678855783508214,-0.1291192956234309
2.811,stage1,-0.1678855783508214,-0.1291192956234309
2.812,stage1,-0.1678855783508214,-0.1291192956234309
2.813,stage1,-0.1678855783508214,-0.1291192956234309
2.814,stage1,-0.1678855783508214,-0.1291192956234309
2.815,stage1,-0.1678855783508214,-0.1291192956234309
2.816,stage1,-0.1678855783508214,-0.1291192956234309
2.817,stage1,-0.1678855783508214,-0.1291192956234309
2.818,stage1,-0.1678855783508214,-0.1291192956234309
2.819,stage1,-0.1678855783508214,-0.1291192956234309
2.82,stage1,-0.16913825740583924,-0.12142471935935653
2.821,stage1,-0.16913825740583924,-0.12142471935935653
2.822,stage1,-0.16913825740583924,-0.12142471935935653
2.823,stage1,-0.16913825740583924,-0.12142471935935653
2.824,stage1,-0.16913825740583924,-0.12142471935935653
2.825,stage1,-0.16913825740583924,-0.12142471935935653
2.826,stage1,-0.16913825740583924,-0.12142471935935653
2.827,stage1,-0.16913825740583924,-0.12142471935935653
2.828,stage1,-0.16913825740583924,-0.12142471935935653
2.829,stage1,-0.16913825740583924,-0.12142471935935653
2.83,stage1,-0.17031424320639174,-0.11378110734292607
2.831,stage1,-0.17031424320639174,-0.11378110734292607
2.832,stage1,-0.17031424320639174,-0.11378110734292607
2.833,stage1,-0.17031424320639174,-0.11378110734292607
2.834,stage1,-0.17031424320639174,-0.11378110734292607
2.835,stage1,-0.17031424320639174,-0.11378110734292607
2.836,stage1,-0.17031424320639174,-0.11378110734292607
2.837,stage1,-0.17031424320639174,-0.11378110734292607
2.838,stage1,-0.17031424320639174,-0.11378110734292607
2.839,stage1,-0.17031424320639174,-0.11378110734292607
2.84,stage1,-0.17141405918313174,-0.10619120867268761
2.841,stage1,-0.17141405918313174,-0.10619120867268761
2.842,stage1,-0.17141405918313174,-0.10619120867268761
2.843,stage1,-0.17141405918313174,-0.10619120867268761
2.844,stage1,-0.17141405918313174,-0.10619120867268761
2.845,stage1,-0.17141405918313174,-0.10619120867268761
2.846,stage1,-0.17141405918313174,-0.10619120867268761
2.847,stage1,-0.17141405918313174,-0.10619120867268761
2.848,stage1,-0.17141405918313174,-0.10619120867268761
2.849,stage1,-0.17141405918313174,-0.10619120867268761
2.85,stage1,-0.17243825599928628,-0.09865772062900949
2.851,stage1,-0.17243825599928628,-0.09865772062900949
2.852,stage1,-0.17243825599928628,-0.09865772062900949
2.853,stage1,-0.17243825599928628,-0.09865772062900949
2.854,stage1,-0.17243825599928628,-0.09865772062900949
2.855,stage1,-0.17243825599928628,-0.09865772062900949
2.856,stage1,-0.17243825599928628,-0.09865772062900949
2.857,stage1,-0.17243825599928628,-0.09865772062900949
2.858,stage1,-0.17243825599928628,-0.09865772062900949
2.859,stage1,-0.17243825599928628,-0.09865772062900949
2.86,stage1,-0.17338741102846478,-0.0911832878776543
2.861,stage1,-0.17338741102846478,-0.0911832878776543
2.862,stage1,-0.17338741102846478,-0.0911832878776543
2.863,stage1,-0.17338741102846478,-0.0911832878776543
2.864,stage1,-0.17338741102846478,-0.0911832878776543
2.865,stage1,-0.17338741102846478,-0.0911832878776543
2.866,stage1,-0.17338741102846478,-0.0911832878776543
2.867,stage1,-0.17338741102846478,-0.0911832878776543
2.868,stage1,-0.17338741102846478,-0.0911832878776543
2.869,stage1,-0.17338741102846478,-0.0911832878776543
2.87,stage1,-0.17426212782467046,-0.08377050170682553
2.871,stage1,-0.17426212782467046,-0.08377050170682553
2.872,stage1,-0.17426212782467046,-0.08377050170682553
2.873,stage1,-0.17426212782467046,-0.08377050170682553
2.874,stage1,-0.17426212782467046,-0.08377050170682553
2.875,stage1,-0.17426212782467046,-0.08377050170682553
2.876,stage1,-0.17426212782467046,-0.08377050170682553
2.877,stage1,-0.17426212782467046,-0.08377050170682553
2.878,stage1,-0.17426212782467046,-0.08377050170682553
2.879,stage1,-0.17426212782467046,-0.08377050170682553
2.88,stage1,-0.17506303558484965,-0.07642189929773864
2.881,stage1,-0.17506303558484965,-0.07642189929773864
2.882,stage1,-0.17506303558484965,-0.07642189929773864
2.883,stage1,-0.17506303558484965,-0.07642189929773864
2.884,stage1,-0.17506303558484965,-0.07642189929773864
2.885,stage1,-0.17506303558484965,-0.07642189929773864
2.886,stage1,-0.17506303558484965,-0.07642189929773864
2.887,stage1,-0.17506303558484965,-0.07642189929773864
2.888,stage1,-0.17506303558484965,-0.07642189929773864
2.889,stage1,-0.17506303558484965,-0.07642189929773864
2.89,stage1,-0.17579078860431463,-0.06913996302875135
2.891,stage1,-0.17579078860431463,-0.06913996302875135
2.892,stage1,-0.17579078860431463,-0.06913996302875135
2.893,stage1,-0.17579078860431463,-0.06913996302875135
2.894,stage1,-0.17579078860431463,-0.06913996302875135
2.895,stage1,-0.17579078860431463,-0.06913996302875135
2.896,stage1,-0.17579078860431463,-0.06913996302875135
2.897,stage1,-0.17579078860431463,-0.06913996302875135
2.898,stage1,-0.17579078860431463,-0.06913996302875135
2.899,stage1,-0.17579078860431463,-0.06913996302875135
2.9,stage1,-0.1764460657253757,-0.06192711981307064
2.901,stage1,-0.1764460657253757,-0.06192711981307064
2.902,stage1,-0.1764460657253757,-0.06192711981307064
2.903,stage1,-0.1764460657253757,-0.06192711981307064
2.904,stage1,-0.1764460657253757,-0.06192711981307064
2.905,stage1,-0.1764460657253757,-0.06192711981307064
2.906,stage1,-0.1764460657253757,-0.06192711981307064
2.907,stage1,-0.1764460657253757,-0.06192711981307064
2.908,stage1,-0.1764460657253757,-0.06192711981307064
2.909,stage1,-0.1764460657253757,-0.06192711981307064
2.91,stage1,-0.17702956977951811,-0.05478574047003756
2.911,stage1,-0.17702956977951811,-0.05478574047003756
2.912,stage1,-0.17702956977951811,-0.05478574047003756
2.913,stage1,-0.17702956977951811,-0.05478574047003756
2.914,stage1,-0.17702956977951811,-0.05478574047003756
2.915,stage1,-0.17702956977951811,-0.05478574047003756
2.916,stage1,-0.17702956977951811,-0.05478574047003756
2.917,stage1,-0.17702956977951811,-0.05478574047003756
2.918,stage1,-0.17702956977951811,-0.05478574047003756
2.919,stage1,-0.17702956977951811,-0.05478574047003756
2.92,stage1,-0.17754202702345984,-0.04771813912997374
2.921,stage1,-0.17754202702345984,-0.04771813912997374
2.922,stage1,-0.17754202702345984,-0.04771813912997374
2.923,stage1,-0.17754202702345984,-0.04771813912997374
2.924,stage1,-0.17754202702345984,-0.04771813912997374
2.925,stage1,-0.17754202702345984,-0.04771813912997374
2.926,stage1,-0.17754202702345984,-0.04771813912997374
2.927,stage1,-0.17754202702345984,-0.04771813912997374
2.928,stage1,-0.17754202702345984,-0.04771813912997374
2.929,stage1,-0.17754202702345984,-0.04771813912997374
2.93,stage1,-0.17798418656942527,-0.040726572672557484
2.931,stage1,-0.17798418656942527,-0.040726572672557484
2.932,stage1,-0.17798418656942527,-0.040726572672557484
2.933,stage1,-0.17798418656942527,-0.040726572672557484
2.934,stage1,-0.17798418656942527,-0.040726572672557484
2.935,stage1,-0.17798418656942527,-0.040726572672557484
2.936,stage1,-0.17798418656942527,-0.040726572672557484
2.937,stage1,-0.17798418656942527,-0.040726572672557484
2.938,stage1,-0.17798418656942527,-0.040726572672557484
2.939,stage1,-0.17798418656942527,-0.040726572672557484
2.94,stage1,-0.1783568198099703,-0.033813240198680546
2.941,stage1,-0.1783568198099703,-0.033813240198680546
2.942,stage1,-0.1783568198099703,-0.033813240198680546
2.943,stage1,-0.1783568198099703,-0.033813240198680546
2.944,stage1,-0.1783568198099703,-0.033813240198680546
2.945,stage1,-0.1783568198099703,-0.033813240198680546
2.946,stage1,-0.1783568198099703,-0.033813240198680546
2.947,stage1,-0.1783568198099703,-0.033813240198680546
2.948,stage1,-0.1783568198099703,-0.033813240198680546
2.949,stage1,-0.1783568198099703,-0.033813240198680546
2.95,stage1,-0.17866071983769305,-0.02698028253572094
2.951,stage1,-0.17866071983769305,-0.02698028253572094
2.952,stage1,-0.17866071983769305,-0.02698028253572094
2.953,stage1,-0.17866071983769305,-0.02698028253572094
2.954,stage1,-0.17866071983769305,-0.02698028253572094
2.955,stage1,-0.17866071983769305,-0.02698028253572094
2.956,stage1,-0.17866071983769305,-0.02698028253572094
2.957,stage1,-0.17866071983769305,-0.02698028253572094
2.958,stage1,-0.17866071983769305,-0.02698028253572094
2.959,stage1,-0.17866071983769305,-0.02698028253572094
2.96,stage1,-0.17889670086016404,-0.02022978177615093
2.961,stage1,-0.17889670086016404,-0.02022978177615093
2.962,stage1,-0.17889670086016404,-0.02022978177615093
2.963,stage1,-0.17889670086016404,-0.02022978177615093
2.964,stage1,-0.17889670086016404,-0.02022978177615093
2.965,stage1,-0.17889670086016404,-0.02022978177615093
2.966,stage1,-0.17889670086016404,-0.02022978177615093
2.967,stage1,-0.17889670086016404,-0.02022978177615093
2.968,stage1,-0.17889670086016404,-0.02022978177615093
2.969,stage1,-0.17889670086016404,-0.02022978177615093
2.97,stage1,-0.17906559761040883,-0.013563760849383603
2.971,stage1,-0.17906559761040883,-0.013563760849383603
2.972,stage1,-0.17906559761040883,-0.013563760849383603
2.973,stage1,-0.17906559761040883,-0.013563760849383603
2.974,stage1,-0.17906559761040883,-0.013563760849383603
2.975,stage1,-0.17906559761040883,-0.013563760849383603
2.976,stage1,-0.17906559761040883,-0.013563760849383603
2.977,stage1,-0.17906559761040883,-0.013563760849383603
2.978,stage1,-0.17906559761040883,-0.013563760849383603
2.979,stage1,-0.17906559761040883,-0.013563760849383603
2.98,stage1,-0.17916826475327466,-0.006984183126746053
2.981,stage1,-0.17916826475327466,-0.006984183126746053
2.982,stage1,-0.17916826475327466,-0.006984183126746053
2.983,stage1,-0.17916826475327466,-0.006984183126746053
2.984,stage1,-0.17916826475327466,-0.006984183126746053
2.985,stage1,-0.17916826475327466,-0.006984183126746053
2.986,stage1,-0.17916826475327466,-0.006984183126746053
2.987,stage1,-0.17916826475327466,-0.006984183126746053
2.988,stage1,-0.17916826475327466,-0.006984183126746053
2.989,stage1,-0.17916826475327466,-0.006984183126746053
2.99,stage1,-0.17920557628801215,-0.0004929520594516307
2.991,stage1,-0.17920557628801215,-0.0004929520594516307
2.992,stage1,-0.17920557628801215,-0.0004929520594516307
2.993,stage1,-0.17920557628801215,-0.0004929520594516307
2.994,stage1,-0.17920557628801215,-0.0004929520594516307
2.995,stage1,-0.17920557628801215,-0.0004929520594516307
2.996,stage1,-0.17920557628801215,-0.0004929520594516307
2.997,stage1,-0.17920557628801215,-0.0004929520594516307
2.998,stage1,-0.17920557628801215,-0.0004929520594516307
2.999,stage1,-0.17920557628801215,-0.0004929520594516307
3.0,stage1,-0.17917842494740097,0.0059080891505712795
3.001,stage1,-0.17917842494740097,0.0059080891505712795
3.002,stage1,-0.17917842494740097,0.0059080891505712795
3.003,stage1,-0.17917842494740097,0.0059080891505712795
3.004,stage1,-0.17917842494740097,0.0059080891505712795
3.005,stage1,-0.17917842494740097,0.0059080891505712795
3.006,stage1,-0.17917842494740097,0.0059080891505712795
3.007,stage1,-0.17917842494740097,0.0059080891505712795
3.008,stage1,-0.17917842494740097,0.0059080891505712795
3.009,stage1,-0.17917842494740097,0.0059080891505712795
3.01,stage1,-0.17908772159374753,0.012217157847151433
3.011,stage1,-0.17908772159374753,0.012217157847151433
3.012,stage1,-0.17908772159374753,0.012217157847151433
3.013,stage1,-0.17908772159374753,0.012217157847151433
3.014,stage1,-0.17908772159374753,0.012217157847151433
3.015,stage1,-0.17908772159374753,0.012217157847151433
3.016,stage1,-0.17908772159374753,0.012217157847151433
3.017,stage1,-0.17908772159374753,0.012217157847151433
3.018,stage1,-0.17908772159374753,0.012217157847151433
3.019,stage1,-0.17908772159374753,0.012217157847151433
3.02,stage1,-0.17893439461208063,0.01843253218382005
3.021,stage1,-0.17893439461208063,0.01843253218382005
3.022,stage1,-0.17893439461208063,0.01843253218382005
3.023,stage1,-0.17893439461208063,0.01843253218382005
3.024,stage1,-0.17893439461208063,0.01843253218382005
3.025,stage1,-0.17893439461208063,0.01843253218382005
3.026,stage1,-0.17893439461208063,0.01843253218382005
3.027,stage1,-0.17893439461208063,0.01843253218382005
3.028,stage1,-0.17893439461208063,0.01843253218382005
3.029,stage1,-0.17893439461208063,0.01843253218382005
3.03,stage1,-0.17871938930086964,0.0245525513554159
3.031,stage1,-0.17871938930086964,0.0245525513554159
3.032,stage1,-0.17871938930086964,0.0245525513554159
3.033,stage1,-0.17871938930086964,0.0245525513554159
3.034,stage1,-0.17871938930086964,0.0245525513554159
3.035,stage1,-0.17871938930086964,0.0245525513554159
3.036,stage1,-0.17871938930086964,0.0245525513554159
3.037,stage1,-0.17871938930086964,0.0245525513554159
3.038,stage1,-0.17871938930086964,0.0245525513554159
3.039,stage1,-0.17871938930086964,0.0245525513554159
3.04,stage1,-0.17844366726058736,0.030575615797551046
3.041,stage1,-0.17844366726058736,0.030575615797551046
3.042,stage1,-0.17844366726058736,0.030575615797551046
3.043,stage1,-0.17844366726058736,0.030575615797551046
3.044,stage1,-0.17844366726058736,0.030575615797551046
3.045,stage1,-0.17844366726058736,0.030575615797551046
3.046,stage1,-0.17844366726058736,0.030575615797551046
3.047,stage1,-0.17844366726058736,0.030575615797551046
3.048,stage1,-0.17844366726058736,0.030575615797551046
3.049,stage1,-0.17844366726058736,0.030575615797551046
3.05,stage1,-0.17810820578043812,0.036500187354152044
3.051,stage1,-0.17810820578043812,0.036500187354152044
3.052,stage1,-0.17810820578043812,0.036500187354152044
3.053,stage1,-0.17810820578043812,0.036500187354152044
3.054,stage1,-0.17810820578043812,0.036500187354152044
3.055,stage1,-0.17810820578043812,0.036500187354152044
3.056,stage1,-0.17810820578043812,0.036500187354152044
3.057,stage1,-0.17810820578043812,0.036500187354152044
3.058,stage1,-0.17810820578043812,0.036500187354152044
3.059,stage1,-0.17810820578043812,0.036500187354152044
3.06,stage1,-0.1777139972235692,0.04232478941330522
3.061,stage1,-0.1777139972235692,0.04232478941330522
3.062,stage1,-0.1777139972235692,0.04232478941330522
3.063,stage1,-0.1777139972235692,0.04232478941330522
3.064,stage1,-0.1777139972235692,0.04232478941330522
3.065,stage1,-0.1777139972235692,0.04232478941330522
3.066,stage1,-0.1777139972235692,0.04232478941330522
3.067,stage1,-0.1777139972235692,0.04232478941330522
3.068,stage1,-0.1777139972235692,0.04232478941330522
3.069,stage1,-0.1777139972235692,0.04232478941330522
3.07,stage1,-0.17726204841108106,0.04804800701164808
3.071,stage1,-0.17726204841108106,0.04804800701164808
3.072,stage1,-0.17726204841108106,0.04804800701164808
3.073,stage1,-0.17726204841108106,0.04804800701164808
3.074,stage1,-0.17726204841108106,0.04804800701164808
3.075,stage1,-0.17726204841108106,0.04804800701164808
3.076,stage1,-0.17726204841108106,0.04804800701164808
3.077,stage1,-0.17726204841108106,0.04804800701164808
3.078,stage1,-0.17726204841108106,0.04804800701164808
3.079,stage1,-0.17726204841108106,0.04804800701164808
3.08,stage1,-0.17675338000515006,0.05366848690756221
3.081,stage1,-0.17675338000515006,0.05366848690756221
3.082,stage1,-0.17675338000515006,0.05366848690756221
3.083,stage1,-0.17675338000515006,0.05366848690756221
3.084,stage1,-0.17675338000515006,0.05366848690756221
3.085,stage1,-0.17675338000515006,0.05366848690756221
3.086,stage1,-0.17675338000515006,0.05366848690756221
3.087,stage1,-0.17675338000515006,0.05366848690756221
3.088,stage1,-0.17675338000515006,0.05366848690756221
3.089,stage1,-0.17675338000515006,0.05366848690756221
3.09,stage1,-0.17618902589157412,0.05918493762343585
3.091,stage1,-0.17618902589157412,0.05918493762343585
3.092,stage1,-0.17618902589157412,0.05918493762343585
3.093,stage1,-0.17618902589157412,0.05918493762343585
3.094,stage1,-0.17618902589157412,0.05918493762343585
3.095,stage1,-0.17618902589157412,0.05918493762343585
3.096,stage1,-0.17618902589157412,0.05918493762343585
3.097,stage1,-0.17618902589157412,0.05918493762343585
3.098,stage1,-0.17618902589157412,0.05918493762343585
3.099,stage1,-0.17618902589157412,0.05918493762343585
3.1,stage1,-0.1755700325620491,0.06459612945727734
3.101,stage1,-0.1755700325620491,0.06459612945727734
3.102,stage1,-0.1755700325620491,0.06459612945727734
3.103,stage1,-0.1755700325620491,0.06459612945727734
3.104,stage1,-0.1755700325620491,0.06459612945727734
3.105,stage1,-0.1755700325620491,0.06459612945727734
3.106,stage1,-0.1755700325620491,0.06459612945727734
3.107,stage1,-0.1755700325620491,0.06459612945727734
3.108,stage1,-0.1755700325620491,0.06459612945727734
3.109,stage1,-0.1755700325620491,0.06459612945727734
3.11,stage1,-0.1748974584964812,0.06990089446397273
3.111,stage1,-0.1748974584964812,0.06990089446397273
3.112,stage1,-0.1748974584964812,0.06990089446397273
3.113,stage1,-0.1748974584964812,0.06990089446397273
3.114,stage1,-0.1748974584964812,0.06990089446397273
3.115,stage1,-0.1748974584964812,0.06990089446397273
3.116,stage1,-0.1748974584964812,0.06990089446397273
3.117,stage1,-0.1748974584964812,0.06990089446397273
3.118,stage1,-0.1748974584964812,0.06990089446397273
3.119,stage1,-0.1748974584964812,0.06990089446397273
3.12,stage1,-0.17417237354563725,0.07509812640649334
3.121,stage1,-0.17417237354563725,0.07509812640649334
3.122,stage1,-0.17417237354563725,0.07509812640649334
3.123,stage1,-0.17417237354563725,0.07509812640649334
3.124,stage1,-0.17417237354563725,0.07509812640649334
3.125,stage1,-0.17417237354563725,0.07509812640649334
3.126,stage1,-0.17417237354563725,0.07509812640649334
3.127,stage1,-0.17417237354563725,0.07509812640649334
3.128,stage1,-0.17417237354563725,0.07509812640649334
3.129,stage1,-0.17417237354563725,0.07509812640649334
3.13,stage1,-0.17339585831443183,0.08018678067737084
3.131,stage1,-0.17339585831443183,0.08018678067737084
3.132,stage1,-0.17339585831443183,0.08018678067737084
3.133,stage1,-0.17339585831443183,0.08018678067737084
3.134,stage1,-0.17339585831443183,0.08018678067737084
3.135,stage1,-0.17339585831443183,0.08018678067737084
3.136,stage1,-0.17339585831443183,0.08018678067737084
3.137,stage1,-0.17339585831443183,0.08018678067737084
3.138,stage1,-0.17339585831443183,0.08018678067737084
3.139,stage1,-0.17339585831443183,0.08018678067737084
3.14,stage1,-0.172569003546147,0.08516587419076894
3.141,stage1,-0.172569003546147,0.08516587419076894
3.142,stage1,-0.172569003546147,0.08516587419076894
3.143,stage1,-0.172569003546147,0.08516587419076894
3.144,stage1,-0.172569003546147,0.08516587419076894
3.145,stage1,-0.172569003546147,0.08516587419076894
3.146,stage1,-0.172569003546147,0.08516587419076894
3.147,stage1,-0.172569003546147,0.08516587419076894
3.148,stage1,-0.172569003546147,0.08516587419076894
3.149,stage1,-0.172569003546147,0.08516587419076894
3.15,stage1,-0.17169290950787683,0.0900344852454925
3.151,stage1,-0.17169290950787683,0.0900344852454925
3.152,stage1,-0.17169290950787683,0.0900344852454925
3.153,stage1,-0.17169290950787683,0.0900344852454925
3.154,stage1,-0.17169290950787683,0.0900344852454925
3.155,stage1,-0.17169290950787683,0.0900344852454925
3.156,stage1,-0.17169290950787683,0.0900344852454925
3.157,stage1,-0.17169290950787683,0.0900344852454925
3.158,stage1,-0.17169290950787683,0.0900344852454925
3.159,stage1,-0.17169290950787683,0.0900344852454925
3.16,stage1,-0.17076868537748577,0.09479175335928548
3.161,stage1,-0.17076868537748577,0.09479175335928548
3.162,stage1,-0.17076868537748577,0.09479175335928548
3.163,stage1,-0.17076868537748577,0.09479175335928548
3.164,stage1,-0.17076868537748577,0.09479175335928548
3.165,stage1,-0.17076868537748577,0.09479175335928548
3.166,stage1,-0.17076868537748577,0.09479175335928548
3.167,stage1,-0.17076868537748577,0.09479175335928548
3.168,stage1,-0.17076868537748577,0.09479175335928548
3.169,stage1,-0.17076868537748577,0.09479175335928548
3.17,stage1,-0.169797448632366,0.09943687907478047
3.171,stage1,-0.169797448632366,0.09943687907478047
3.172,stage1,-0.169797448632366,0.09943687907478047
3.173,stage1,-0.169797448632366,0.09943687907478047
3.174,stage1,-0.169797448632366,0.09943687907478047
3.175,stage1,-0.169797448632366,0.09943687907478047
3.176,stage1,-0.169797448632366,0.09943687907478047
3.177,stage1,-0.169797448632366,0.09943687907478047
3.178,stage1,-0.169797448632366,0.09943687907478047
3.179,stage1,-0.169797448632366,0.09943687907478047
3.18,stage1,-0.16878032444027563,0.10396912373747245
3.181,stage1,-0.16878032444027563,0.10396912373747245
3.182,stage1,-0.16878032444027563,0.10396912373747245
3.183,stage1,-0.16878032444027563,0.10396912373747245
3.184,stage1,-0.16878032444027563,0.10396912373747245
3.185,stage1,-0.16878032444027563,0.10396912373747245
3.186,stage1,-0.16878032444027563,0.10396912373747245
3.187,stage1,-0.16878032444027563,0.10396912373747245
3.188,stage1,-0.16878032444027563,0.10396912373747245
3.189,stage1,-0.16878032444027563,0.10396912373747245
3.19,stage1,-0.16771844505253514,0.1083878092461004
3.191,stage1,-0.16771844505253514,0.1083878092461004
3.192,stage1,-0.16771844505253514,0.1083878092461004
3.193,stage1,-0.16771844505253514,0.1083878092461004
3.194,stage1,-0.16771844505253514,0.1083878092461004
3.195,stage1,-0.16771844505253514,0.1083878092461004
3.196,stage1,-0.16771844505253514,0.1083878092461004
3.197,stage1,-0.16771844505253514,0.1083878092461004
3.198,stage1,-0.16771844505253514,0.1083878092461004
3.199,stage1,-0.16771844505253514,0.1083878092461004
3.2,stage1,-0.16661294919985675,0.1126923177758294
3.201,stage1,-0.16661294919985675,0.1126923177758294
3.202,stage1,-0.16661294919985675,0.1126923177758294
3.203,stage1,-0.16661294919985675,0.1126923177758294
3.204,stage1,-0.16661294919985675,0.1126923177758294
3.205,stage1,-0.16661294919985675,0.1126923177758294
3.206,stage1,-0.16661294919985675,0.1126923177758294
3.207,stage1,-0.16661294919985675,0.1126923177758294
3.208,stage1,-0.16661294919985675,0.1126923177758294
3.209,stage1,-0.16661294919985675,0.1126923177758294
3.21,stage1,-0.165464981491076,0.11688209147463646
3.211,stage1,-0.165464981491076,0.11688209147463646
3.212,stage1,-0.165464981491076,0.11688209147463646
3.213,stage1,-0.165464981491076,0.11688209147463646
3.214,stage1,-0.165464981491076,0.11688209147463646
3.215,stage1,-0.165464981491076,0.11688209147463646
3.216,stage1,-0.165464981491076,0.11688209147463646
3.217,stage1,-0.165464981491076,0.11688209147463646
3.218,stage1,-0.165464981491076,0.11688209147463646
3.219,stage1,-0.165464981491076,0.11688209147463646
3.22,stage1,-0.1642756918150517,0.12095663213331197
3.221,stage1,-0.1642756918150517,0.12095663213331197
3.222,stage1,-0.1642756918150517,0.12095663213331197
3.223,stage1,-0.1642756918150517,0.12095663213331197
3.224,stage1,-0.1642756918150517,0.12095663213331197
3.225,stage1,-0.1642756918150517,0.12095663213331197
3.226,stage1,-0.1642756918150517,0.12095663213331197
3.227,stage1,-0.1642756918150517,0.12095663213331197
3.228,stage1,-0.1642756918150517,0.12095663213331197
3.229,stage1,-0.1642756918150517,0.12095663213331197
3.23,stage1,-0.1630462347459963,0.12491550082949789
3.231,stage1,-0.1630462347459963,0.12491550082949789
3.232,stage1,-0.1630462347459963,0.12491550082949789
3.233,stage1,-0.1630462347459963,0.12491550082949789
3.234,stage1,-0.1630462347459963,0.12491550082949789
3.235,stage1,-0.1630462347459963,0.12491550082949789
3.236,stage1,-0.1630462347459963,0.12491550082949789
3.237,stage1,-0.1630462347459963,0.12491550082949789
3.238,stage1,-0.1630462347459963,0.12491550082949789
3.239,stage1,-0.1630462347459963,0.12491550082949789
3.24,stage1,-0.1617777689524937,0.12875831754619282
3.241,stage1,-0.1617777689524937,0.12875831754619282
3.242,stage1,-0.1617777689524937,0.12875831754619282
3.243,stage1,-0.1617777689524937,0.12875831754619282
3.244,stage1,-0.1617777689524937,0.12875831754619282
3.245,stage1,-0.1617777689524937,0.12875831754619282
3.246,stage1,-0.1617777689524937,0.12875831754619282
3.247,stage1,-0.1617777689524937,0.12875831754619282
3.248,stage1,-0.1617777689524937,0.12875831754619282
3.249,stage1,-0.1617777689524937,0.12875831754619282
3.25,stage1,-0.1604714566104579,0.13248476076516214
3.251,stage1,-0.1604714566104579,0.13248476076516214
3.252,stage1,-0.1604714566104579,0.13248476076516214
3.253,stage1,-0.1604714566104579,0.13248476076516214
3.254,stage1,-0.1604714566104579,0.13248476076516214
3.255,stage1,-0.1604714566104579,0.13248476076516214
3.256,stage1,-0.1604714566104579,0.13248476076516214
3.257,stage1,-0.1604714566104579,0.13248476076516214
3.258,stage1,-0.1604714566104579,0.13248476076516214
3.259,stage1,-0.1604714566104579,0.13248476076516214
3.26,stage1,-0.15912846282028104,0.13609456703569978
3.261,stage1,-0.15912846282028104,0.13609456703569978
3.262,stage1,-0.15912846282028104,0.13609456703569978
3.263,stage1,-0.15912846282028104,0.13609456703569978
3.264,stage1,-0.15912846282028104,0.13609456703569978
3.265,stage1,-0.15912846282028104,0.13609456703569978
3.266,stage1,-0.15912846282028104,0.13609456703569978
3.267,stage1,-0.15912846282028104,0.13609456703569978
3.268,stage1,-0.15912846282028104,0.13609456703569978
3.269,stage1,-0.15912846282028104,0.13609456703569978
3.27,stage1,-0.15774995502841554,0.1395875305191961
3.271,stage1,-0.15774995502841554,0.1395875305191961
3.272,stage1,-0.15774995502841554,0.1395875305191961
3.273,stage1,-0.15774995502841554,0.1395875305191961
3.274,stage1,-0.15774995502841554,0.1395875305191961
3.275,stage1,-0.15774995502841554,0.1395875305191961
3.276,stage1,-0.15774995502841554,0.1395875305191961
3.277,stage1,-0.15774995502841554,0.1395875305191961
3.278,stage1,-0.15774995502841554,0.1395875305191961
3.279,stage1,-0.15774995502841554,0.1395875305191961
3.28,stage1,-0.15633710245362917,0.14296350250997364
3.281,stage1,-0.15633710245362917,0.14296350250997364
3.282,stage1,-0.15633710245362917,0.14296350250997364
3.283,stage1,-0.15633710245362917,0.14296350250997364
3.284,stage1,-0.15633710245362917,0.14296350250997364
3.285,stage1,-0.15633710245362917,0.14296350250997364
3.286,stage1,-0.15633710245362917,0.14296350250997364
3.287,stage1,-0.15633710245362917,0.14296350250997364
3.288,stage1,-0.15633710245362917,0.14296350250997364
3.289,stage1,-0.15633710245362917,0.14296350250997364
3.29,stage1,-0.15489107551816875,0.14622239093286005
3.291,stage1,-0.15489107551816875,0.14622239093286005
3.292,stage1,-0.15489107551816875,0.14622239093286005
3.293,stage1,-0.15489107551816875,0.14622239093286005
3.294,stage1,-0.15489107551816875,0.14622239093286005
3.295,stage1,-0.15489107551816875,0.14622239093286005
3.296,stage1,-0.15489107551816875,0.14622239093286005
3.297,stage1,-0.15489107551816875,0.14622239093286005
3.298,stage1,-0.15489107551816875,0.14622239093286005
3.299,stage1,-0.15489107551816875,0.14622239093286005
3.3,stage1,-0.15341304528406233,0.14936415981797416
3.301,stage1,-0.15341304528406233,0.14936415981797416
3.302,stage1,-0.15341304528406233,0.14936415981797416
3.303,stage1,-0.15341304528406233,0.14936415981797416
3.304,stage1,-0.15341304528406233,0.14936415981797416
3.305,stage1,-0.15341304528406233,0.14936415981797416
3.306,stage1,-0.15341304528406233,0.14936415981797416
3.307,stage1,-0.15341304528406233,0.14936415981797416
3.308,stage1,-0.15341304528406233,0.14936415981797416
3.309,stage1,-0.15341304528406233,0.14936415981797416
3.31,stage1,-0.1519041828947855,0.15238882875320806
3.311,stage1,-0.1519041828947855,0.15238882875320806
3.312,stage1,-0.1519041828947855,0.15238882875320806
3.313,stage1,-0.1519041828947855,0.15238882875320806
3.314,stage1,-0.1519041828947855,0.15238882875320806
3.315,stage1,-0.1519041828947855,0.15238882875320806
3.316,stage1,-0.1519041828947855,0.15238882875320806
3.317,stage1,-0.1519041828947855,0.15238882875320806
3.318,stage1,-0.1519041828947855,0.15238882875320806
3.319,stage1,-0.1519041828947855,0.15238882875320806
3.32,stage1,-0.1503656590225123,0.15529647231489413
3.321,stage1,-0.1503656590225123,0.15529647231489413
3.322,stage1,-0.1503656590225123,0.15529647231489413
3.323,stage1,-0.1503656590225123,0.15529647231489413
3.324,stage1,-0.1503656590225123,0.15529647231489413
3.325,stage1,-0.1503656590225123,0.15529647231489413
3.326,stage1,-0.1503656590225123,0.15529647231489413
3.327,stage1,-0.1503656590225123,0.15529647231489413
3.328,stage1,-0.1503656590225123,0.15529647231489413
3.329,stage1,-0.1503656590225123,0.15529647231489413
3.33,stage1,-0.1487986433211666,0.1580872194771522
3.331,stage1,-0.1487986433211666,0.1580872194771522
3.332,stage1,-0.1487986433211666,0.1580872194771522
3.333,stage1,-0.1487986433211666,0.1580872194771522
3.334,stage1,-0.1487986433211666,0.1580872194771522
3.335,stage1,-0.1487986433211666,0.1580872194771522
3.336,stage1,-0.1487986433211666,0.1580872194771522
3.337,stage1,-0.1487986433211666,0.1580872194771522
3.338,stage1,-0.1487986433211666,0.1580872194771522
3.339,stage1,-0.1487986433211666,0.1580872194771522
3.34,stage1,-0.14720430388548428,0.16076125300041755
3.341,stage1,-0.14720430388548428,0.16076125300041755
3.342,stage1,-0.14720430388548428,0.16076125300041755
3.343,stage1,-0.14720430388548428,0.16076125300041755
3.344,stage1,-0.14720430388548428,0.16076125300041755
3.345,stage1,-0.14720430388548428,0.16076125300041755
3.346,stage1,-0.14720430388548428,0.16076125300041755
3.347,stage1,-0.14720430388548428,0.16076125300041755
3.348,stage1,-0.14720430388548428,0.16076125300041755
3.349,stage1,-0.14720430388548428,0.16076125300041755
3.35,stage1,-0.14558380671629237,0.16331880879965596
3.351,stage1,-0.14558380671629237,0.16331880879965596
3.352,stage1,-0.14558380671629237,0.16331880879965596
3.353,stage1,-0.14558380671629237,0.16331880879965596
3.354,stage1,-0.14558380671629237,0.16331880879965596
3.355,stage1,-0.14558380671629237,0.16331880879965596
3.356,stage1,-0.14558380671629237,0.16331880879965596
3.357,stage1,-0.14558380671629237,0.16331880879965596
3.358,stage1,-0.14558380671629237,0.16331880879965596
3.359,stage1,-0.14558380671629237,0.16331880879965596
3.36,stage1,-0.14393831519220535,0.16576017529277728
3.361,stage1,-0.14393831519220535,0.16576017529277728
3.362,stage1,-0.14393831519220535,0.16576017529277728
3.363,stage1,-0.14393831519220535,0.16576017529277728
3.364,stage1,-0.14393831519220535,0.16576017529277728
3.365,stage1,-0.14393831519220535,0.16576017529277728
3.366,stage1,-0.14393831519220535,0.16576017529277728
3.367,stage1,-0.14393831519220535,0.16576017529277728
3.368,stage1,-0.14393831519220535,0.16576017529277728
3.369,stage1,-0.14393831519220535,0.16576017529277728
3.37,stage1,-0.14226898954793418,0.16808569272976343
3.371,stage1,-0.14226898954793418,0.16808569272976343
3.372,stage1,-0.14226898954793418,0.16808569272976343
3.373,stage1,-0.14226898954793418,0.16808569272976343
3.374,stage1,-0.14226898954793418,0.16808569272976343
3.375,stage1,-0.14226898954793418,0.16808569272976343
3.376,stage1,-0.14226898954793418,0.16808569272976343
3.377,stage1,-0.14226898954793418,0.16808569272976343
3.378,stage1,-0.14226898954793418,0.16808569272976343
3.379,stage1,-0.14226898954793418,0.16808569272976343
3.38,stage1,-0.14057698635939833,0.1702957525030316
3.381,stage1,-0.14057698635939833,0.1702957525030316
3.382,stage1,-0.14057698635939833,0.1702957525030316
3.383,stage1,-0.14057698635939833,0.1702957525030316
3.384,stage1,-0.14057698635939833,0.1702957525030316
3.385,stage1,-0.14057698635939833,0.1702957525030316
3.386,stage1,-0.14057698635939833,0.1702957525030316
3.387,stage1,-0.14057698635939833,0.1702957525030316
3.388,stage1,-0.14057698635939833,0.1702957525030316
3.389,stage1,-0.14057698635939833,0.1702957525030316
3.39,stage1,-0.1388634580358258,0.17239079643955746
3.391,stage1,-0.1388634580358258,0.17239079643955746
3.392,stage1,-0.1388634580358258,0.17239079643955746
3.393,stage1,-0.1388634580358258,0.17239079643955746
3.394,stage1,-0.1388634580358258,0.17239079643955746
3.395,stage1,-0.1388634580358258,0.17239079643955746
3.396,stage1,-0.1388634580358258,0.17239079643955746
3.397,stage1,-0.1388634580358258,0.17239079643955746
3.398,stage1,-0.1388634580358258,0.17239079643955746
3.399,stage1,-0.1388634580358258,0.17239079643955746
3.4,stage1,-0.13712955231902094,0.17437131607528686
3.401,stage1,-0.13712955231902094,0.17437131607528686
3.402,stage1,-0.13712955231902094,0.17437131607528686
3.403,stage1,-0.13712955231902094,0.17437131607528686
3.404,stage1,-0.13712955231902094,0.17437131607528686
3.405,stage1,-0.13712955231902094,0.17437131607528686
3.406,stage1,-0.13712955231902094,0.17437131607528686
3.407,stage1,-0.13712955231902094,0.17437131607528686
3.408,stage1,-0.13712955231902094,0.17437131607528686
3.409,stage1,-0.13712955231902094,0.17437131607528686
3.41,stage1,-0.13537641178997442,0.17623785191236876
3.411,stage1,-0.13537641178997442,0.17623785191236876
3.412,stage1,-0.13537641178997442,0.17623785191236876
3.413,stage1,-0.13537641178997442,0.17623785191236876
3.414,stage1,-0.13537641178997442,0.17623785191236876
3.415,stage1,-0.13537641178997442,0.17623785191236876
3.416,stage1,-0.13537641178997442,0.17623785191236876
3.417,stage1,-0.13537641178997442,0.17623785191236876
3.418,stage1,-0.13537641178997442,0.17623785191236876
3.419,stage1,-0.13537641178997442,0.17623785191236876
3.42,stage1,-0.13360517338298458,0.17799099265974463
3.421,stage1,-0.13360517338298458,0.17799099265974463
3.422,stage1,-0.13360517338298458,0.17799099265974463
3.423,stage1,-0.13360517338298458,0.17799099265974463
3.424,stage1,-0.13360517338298458,0.17799099265974463
3.425,stage1,-0.13360517338298458,0.17799099265974463
3.426,stage1,-0.13360517338298458,0.17799099265974463
3.427,stage1,-0.13360517338298458,0.17799099265974463
3.428,stage1,-0.13360517338298458,0.17799099265974463
3.429,stage1,-0.13360517338298458,0.17799099265974463
3.43,stage1,-0.13181696790745395,0.17963137445763294
3.431,stage1,-0.13181696790745395,0.17963137445763294
3.432,stage1,-0.13181696790745395,0.17963137445763294
3.433,stage1,-0.13181696790745395,0.17963137445763294
3.434,stage1,-0.13181696790745395,0.17963137445763294
3.435,stage1,-0.13181696790745395,0.17963137445763294
3.436,stage1,-0.13181696790745395,0.17963137445763294
3.437,stage1,-0.13181696790745395,0.17963137445763294
3.438,stage1,-0.13181696790745395,0.17963137445763294
3.439,stage1,-0.13181696790745395,0.17963137445763294
3.44,stage1,-0.13001291957751895,0.18115968008645028
3.441,stage1,-0.13001291957751895,0.18115968008645028
3.442,stage1,-0.13001291957751895,0.18115968008645028
3.443,stage1,-0.13001291957751895,0.18115968008645028
3.444,stage1,-0.13001291957751895,0.18115968008645028
3.445,stage1,-0.13001291957751895,0.18115968008645028
3.446,stage1,-0.13001291957751895,0.18115968008645028
3.447,stage1,-0.13001291957751895,0.18115968008645028
3.448,stage1,-0.13001291957751895,0.18115968008645028
3.449,stage1,-0.13001291957751895,0.18115968008645028
3.45,stage1,-0.1281941455496662,0.18257663816071257
3.451,stage1,-0.1281941455496662,0.18257663816071257
3.452,stage1,-0.1281941455496662,0.18257663816071257
3.453,stage1,-0.1281941455496662,0.18257663816071257
3.454,stage1,-0.1281941455496662,0.18257663816071257
3.455,stage1,-0.1281941455496662,0.18257663816071257
3.456,stage1,-0.1281941455496662,0.18257663816071257
3.457,stage1,-0.1281941455496662,0.18257663816071257
3.458,stage1,-0.1281941455496662,0.18257663816071257
3.459,stage1,-0.1281941455496662,0.18257663816071257
3.46,stage1,-0.12636175546848252,0.18388302230846224
3.461,stage1,-0.12636175546848252,0.18388302230846224
3.462,stage1,-0.12636175546848252,0.18388302230846224
3.463,stage1,-0.12636175546848252,0.18388302230846224
3.464,stage1,-0.12636175546848252,0.18388302230846224
3.465,stage1,-0.12636175546848252,0.18388302230846224
3.466,stage1,-0.12636175546848252,0.18388302230846224
3.467,stage1,-0.12636175546848252,0.18388302230846224
3.468,stage1,-0.12636175546848252,0.18388302230846224
3.469,stage1,-0.12636175546848252,0.18388302230846224
3.47,stage1,-0.12451685102068069,0.185079650336769
3.471,stage1,-0.12451685102068069,0.185079650336769
3.472,stage1,-0.12451685102068069,0.185079650336769
3.473,stage1,-0.12451685102068069,0.185079650336769
3.474,stage1,-0.12451685102068069,0.185079650336769
3.475,stage1,-0.12451685102068069,0.185079650336769
3.476,stage1,-0.12451685102068069,0.185079650336769
3.477,stage1,-0.12451685102068069,0.185079650336769
3.478,stage1,-0.12451685102068069,0.185079650336769
3.479,stage1,-0.12451685102068069,0.185079650336769
3.48,stage1,-0.12266052549753763,0.18616738338385344
3.481,stage1,-0.12266052549753763,0.18616738338385344
3.482,stage1,-0.12266052549753763,0.18616738338385344
3.483,stage1,-0.12266052549753763,0.18616738338385344
3.484,stage1,-0.12266052549753763,0.18616738338385344
3.485,stage1,-0.12266052549753763,0.18616738338385344
3.486,stage1,-0.12266052549753763,0.18616738338385344
3.487,stage1,-0.12266052549753763,0.18616738338385344
3.488,stage1,-0.12266052549753763,0.18616738338385344
3.489,stage1,-0.12266052549753763,0.18616738338385344
3.49,stage1,-0.12079386336587593,0.18714712505838352
3.491,stage1,-0.12079386336587593,0.18714712505838352
3.492,stage1,-0.12079386336587593,0.18714712505838352
3.493,stage1,-0.12079386336587593,0.18714712505838352
3.494,stage1,-0.12079386336587593,0.18714712505838352
3.495,stage1,-0.12079386336587593,0.18714712505838352
3.496,stage1,-0.12079386336587593,0.18714712505838352
3.497,stage1,-0.12079386336587593,0.18714712505838352
3.498,stage1,-0.12079386336587593,0.18714712505838352
3.499,stage1,-0.12079386336587593,0.18714712505838352
3.5,stage1,-0.11891793984771422,0.18801982056649585
3.501,stage1,-0.11891793984771422,0.18801982056649585
3.502,stage1,-0.11891793984771422,0.18801982056649585
3.503,stage1,-0.11891793984771422,0.18801982056649585
3.504,stage1,-0.11891793984771422,0.18801982056649585
3.505,stage1,-0.11891793984771422,0.18801982056649585
3.506,stage1,-0.11891793984771422,0.18801982056649585
3.507,stage1,-0.11891793984771422,0.18801982056649585
3.508,stage1,-0.11891793984771422,0.18801982056649585
3.509,stage1,-0.11891793984771422,0.18801982056649585
3.51,stage1,-0.11703382050870645,0.18878645582709327
3.511,stage1,-0.11703382050870645,0.18878645582709327
3.512,stage1,-0.11703382050870645,0.18878645582709327
3.513,stage1,-0.11703382050870645,0.18878645582709327
3.514,stage1,-0.11703382050870645,0.18878645582709327
3.515,stage1,-0.11703382050870645,0.18878645582709327
3.516,stage1,-0.11703382050870645,0.18878645582709327
3.517,stage1,-0.11703382050870645,0.18878645582709327
3.518,stage1,-0.11703382050870645,0.18878645582709327
3.519,stage1,-0.11703382050870645,0.18878645582709327
3.52,stage1,-0.11514256085548442,0.18944805657597125
3.521,stage1,-0.11514256085548442,0.18944805657597125
3.522,stage1,-0.11514256085548442,0.18944805657597125
3.523,stage1,-0.11514256085548442,0.18944805657597125
3.524,stage1,-0.11514256085548442,0.18944805657597125
3.525,stage1,-0.11514256085548442,0.18944805657597125
3.526,stage1,-0.11514256085548442,0.18944805657597125
3.527,stage1,-0.11514256085548442,0.18944805657597125
3.528,stage1,-0.11514256085548442,0.18944805657597125
3.529,stage1,-0.11514256085548442,0.18944805657597125
3.53,stage1,-0.11324520594201273,0.1900056874593259
3.531,stage1,-0.11324520594201273,0.1900056874593259
3.532,stage1,-0.11324520594201273,0.1900056874593259
3.533,stage1,-0.11324520594201273,0.1900056874593259
3.534,stage1,-0.11324520594201273,0.1900056874593259
3.535,stage1,-0.11324520594201273,0.1900056874593259
3.536,stage1,-0.11324520594201273,0.1900056874593259
3.537,stage1,-0.11324520594201273,0.1900056874593259
3.538,stage1,-0.11324520594201273,0.1900056874593259
3.539,stage1,-0.11324520594201273,0.1900056874593259
3.54,stage1,-0.11134278998505931,0.1904604511171955
3.541,stage1,-0.11134278998505931,0.1904604511171955
3.542,stage1,-0.11134278998505931,0.1904604511171955
3.543,stage1,-0.11134278998505931,0.1904604511171955
3.544,stage1,-0.11134278998505931,0.1904604511171955
3.545,stage1,-0.11134278998505931,0.1904604511171955
3.546,stage1,-0.11134278998505931,0.1904604511171955
3.547,stage1,-0.11134278998505931,0.1904604511171955
3.548,stage1,-0.11134278998505931,0.1904604511171955
3.549,stage1,-0.11134278998505931,0.1904604511171955
3.55,stage1,-0.10943633598887964,0.19081348725738795
3.551,stage1,-0.10943633598887964,0.19081348725738795
3.552,stage1,-0.10943633598887964,0.19081348725738795
3.553,stage1,-0.10943633598887964,0.19081348725738795
3.554,stage1,-0.10943633598887964,0.19081348725738795
3.555,stage1,-0.10943633598887964,0.19081348725738795
3.556,stage1,-0.10943633598887964,0.19081348725738795
3.557,stage1,-0.10943633598887964,0.19081348725738795
3.558,stage1,-0.10943633598887964,0.19081348725738795
3.559,stage1,-0.10943633598887964,0.19081348725738795
3.56,stage1,-0.10752685537920695,0.19106597172044476
3.561,stage1,-0.10752685537920695,0.19106597172044476
3.562,stage1,-0.10752685537920695,0.19106597172044476
3.563,stage1,-0.10752685537920695,0.19106597172044476
3.564,stage1,-0.10752685537920695,0.19106597172044476
3.565,stage1,-0.10752685537920695,0.19106597172044476
3.566,stage1,-0.10752685537920695,0.19106597172044476
3.567,stage1,-0.10752685537920695,0.19106597172044476
3.568,stage1,-0.10752685537920695,0.19106597172044476
3.569,stage1,-0.10752685537920695,0.19106597172044476
3.57,stage1,-0.10561534764663533,0.19121911553619242
3.571,stage1,-0.10561534764663533,0.19121911553619242
3.572,stage1,-0.10561534764663533,0.19121911553619242
3.573,stage1,-0.10561534764663533,0.19121911553619242
3.574,stage1,-0.10561534764663533,0.19121911553619242
3.575,stage1,-0.10561534764663533,0.19121911553619242
3.576,stage1,-0.10561534764663533,0.19121911553619242
3.577,stage1,-0.10561534764663533,0.19121911553619242
3.578,stage1,-0.10561534764663533,0.19121911553619242
3.579,stage1,-0.10561534764663533,0.19121911553619242
3.58,stage1,-0.10370279999947703,0.19127416397242966
3.581,stage1,-0.10370279999947703,0.19127416397242966
3.582,stage1,-0.10370279999947703,0.19127416397242966
3.583,stage1,-0.10370279999947703,0.19127416397242966
3.584,stage1,-0.10370279999947703,0.19127416397242966
3.585,stage1,-0.10370279999947703,0.19127416397242966
3.586,stage1,-0.10370279999947703,0.19127416397242966
3.587,stage1,-0.10370279999947703,0.19127416397242966
3.588,stage1,-0.10370279999947703,0.19127416397242966
3.589,stage1,-0.10370279999947703,0.19127416397242966
3.59,stage1,-0.10179018702617001,0.1912323955762984
3.591,stage1,-0.10179018702617001,0.1912323955762984
3.592,stage1,-0.10179018702617001,0.1912323955762984
3.593,stage1,-0.10179018702617001,0.1912323955762984
3.594,stage1,-0.10179018702617001,0.1912323955762984
3.595,stage1,-0.10179018702617001,0.1912323955762984
3.596,stage1,-0.10179018702617001,0.1912323955762984
3.597,stage1,-0.10179018702617001,0.1912323955762984
3.598,stage1,-0.10179018702617001,0.1912323955762984
3.599,stage1,-0.10179018702617001,0.1912323955762984
3.6,stage1,-0.09987847036730604,0.19109512120888403
3.601,stage1,-0.09987847036730604,0.19109512120888403
3.602,stage1,-0.09987847036730604,0.19109512120888403
3.603,stage1,-0.09987847036730604,0.19109512120888403
3.604,stage1,-0.09987847036730604,0.19109512120888403
3.605,stage1,-0.09987847036730604,0.19109512120888403
3.606,stage1,-0.09987847036730604,0.19109512120888403
3.607,stage1,-0.09987847036730604,0.19109512120888403
3.608,stage1,-0.09987847036730604,0.19109512120888403
3.609,stage1,-0.09987847036730604,0.19109512120888403
3.61,stage1,-0.09796859839734437,0.19086368307358859
3.611,stage1,-0.09796859839734437,0.19086368307358859
3.612,stage1,-0.09796859839734437,0.19086368307358859
3.613,stage1,-0.09796859839734437,0.19086368307358859
3.614,stage1,-0.09796859839734437,0.19086368307358859
3.615,stage1,-0.09796859839734437,0.19086368307358859
3.616,stage1,-0.09796859839734437,0.19086368307358859
3.617,stage1,-0.09796859839734437,0.19086368307358859
3.618,stage1,-0.09796859839734437,0.19086368307358859
3.619,stage1,-0.09796859839734437,0.19086368307358859
3.62,stage1,-0.09606150591607059,0.19053945373881861
3.621,stage1,-0.09606150591607059,0.19053945373881861
3.622,stage1,-0.09606150591607059,0.19053945373881861
3.623,stage1,-0.09606150591607059,0.19053945373881861
3.624,stage1,-0.09606150591607059,0.19053945373881861
3.625,stage1,-0.09606150591607059,0.19053945373881861
3.626,stage1,-0.09606150591607059,0.19053945373881861
3.627,stage1,-0.09606150591607059,0.19053945373881861
3.628,stage1,-0.09606150591607059,0.19053945373881861
3.629,stage1,-0.09606150591607059,0.19053945373881861
3.63,stage1,-0.09415811384985476,0.19012383515552647
3.631,stage1,-0.09415811384985476,0.19012383515552647
3.632,stage1,-0.09415811384985476,0.19012383515552647
3.633,stage1,-0.09415811384985476,0.19012383515552647
3.634,stage1,-0.09415811384985476,0.19012383515552647
3.635,stage1,-0.09415811384985476,0.19012383515552647
3.636,stage1,-0.09415811384985476,0.19012383515552647
3.637,stage1,-0.09415811384985476,0.19012383515552647
3.638,stage1,-0.09415811384985476,0.19012383515552647
3.639,stage1,-0.09415811384985476,0.19012383515552647
3.64,stage1,-0.09225932896275764,0.18961825767014118
3.641,stage1,-0.09225932896275764,0.18961825767014118
3.642,stage1,-0.09225932896275764,0.18961825767014118
3.643,stage1,-0.09225932896275764,0.18961825767014118
3.644,stage1,-0.09225932896275764,0.18961825767014118
3.645,stage1,-0.09225932896275764,0.18961825767014118
3.646,stage1,-0.09225932896275764,0.18961825767014118
3.647,stage1,-0.09225932896275764,0.18961825767014118
3.648,stage1,-0.09225932896275764,0.18961825767014118
3.649,stage1,-0.09225932896275764,0.18961825767014118
3.65,stage1,-0.09036604357752841,0.1890241790334224
3.651,stage1,-0.09036604357752841,0.1890241790334224
3.652,stage1,-0.09036604357752841,0.1890241790334224
3.653,stage1,-0.09036604357752841,0.1890241790334224
3.654,stage1,-0.09036604357752841,0.1890241790334224
3.655,stage1,-0.09036604357752841,0.1890241790334224
3.656,stage1,-0.09036604357752841,0.1890241790334224
3.657,stage1,-0.09036604357752841,0.1890241790334224
3.658,stage1,-0.09036604357752841,0.1890241790334224
3.659,stage1,-0.09036604357752841,0.1890241790334224
3.66,stage1,-0.08847913530653205,0.18834308340576716
3.661,stage1,-0.08847913530653205,0.18834308340576716
3.662,stage1,-0.08847913530653205,0.18834308340576716
3.663,stage1,-0.08847913530653205,0.18834308340576716
3.664,stage1,-0.08847913530653205,0.18834308340576716
3.665,stage1,-0.08847913530653205,0.18834308340576716
3.666,stage1,-0.08847913530653205,0.18834308340576716
3.667,stage1,-0.08847913530653205,0.18834308340576716
3.668,stage1,-0.08847913530653205,0.18834308340576716
3.669,stage1,-0.08847913530653205,0.18834308340576716
3.67,stage1,-0.08659946679263923,0.1875764803594962
3.671,stage1,-0.08659946679263923,0.1875764803594962
3.672,stage1,-0.08659946679263923,0.1875764803594962
3.673,stage1,-0.08659946679263923,0.1875764803594962
3.674,stage1,-0.08659946679263923,0.1875764803594962
3.675,stage1,-0.08659946679263923,0.1875764803594962
3.676,stage1,-0.08659946679263923,0.1875764803594962
3.677,stage1,-0.08659946679263923,0.1875764803594962
3.678,stage1,-0.08659946679263923,0.1875764803594962
3.679,stage1,-0.08659946679263923,0.1875764803594962
3.68,stage1,-0.08472788546010616,0.1867259038786424
3.681,stage1,-0.08472788546010616,0.1867259038786424
3.682,stage1,-0.08472788546010616,0.1867259038786424
3.683,stage1,-0.08472788546010616,0.1867259038786424
3.684,stage1,-0.08472788546010616,0.1867259038786424
3.685,stage1,-0.08472788546010616,0.1867259038786424
3.686,stage1,-0.08472788546010616,0.1867259038786424
3.687,stage1,-0.08472788546010616,0.1867259038786424
3.688,stage1,-0.08472788546010616,0.1867259038786424
3.689,stage1,-0.08472788546010616,0.1867259038786424
3.69,stage1,-0.08286522327546697,0.18579291135676074
3.691,stage1,-0.08286522327546697,0.18579291135676074
3.692,stage1,-0.08286522327546697,0.18579291135676074
3.693,stage1,-0.08286522327546697,0.18579291135676074
3.694,stage1,-0.08286522327546697,0.18579291135676074
3.695,stage1,-0.08286522327546697,0.18579291135676074
3.696,stage1,-0.08286522327546697,0.18579291135676074
3.697,stage1,-0.08286522327546697,0.18579291135676074
3.698,stage1,-0.08286522327546697,0.18579291135676074
3.699,stage1,-0.08286522327546697,0.18579291135676074
3.7,stage1,-0.0810122965184557,0.18477908259327408
3.701,stage1,-0.0810122965184557,0.18477908259327408
3.702,stage1,-0.0810122965184557,0.18477908259327408
3.703,stage1,-0.0810122965184557,0.18477908259327408
3.704,stage1,-0.0810122965184557,0.18477908259327408
3.705,stage1,-0.0810122965184557,0.18477908259327408
3.706,stage1,-0.0810122965184557,0.18477908259327408
3.707,stage1,-0.0810122965184557,0.18477908259327408
3.708,stage1,-0.0810122965184557,0.18477908259327408
3.709,stage1,-0.0810122965184557,0.18477908259327408
3.71,stage1,-0.07916990556297003,0.1836860187888658
3.711,stage1,-0.07916990556297003,0.1836860187888658
3.712,stage1,-0.07916990556297003,0.1836860187888658
3.713,stage1,-0.07916990556297003,0.1836860187888658
3.714,stage1,-0.07916990556297003,0.1836860187888658
3.715,stage1,-0.07916990556297003,0.1836860187888658
3.716,stage1,-0.07916990556297003,0.1836860187888658
3.717,stage1,-0.07916990556297003,0.1836860187888658
3.718,stage1,-0.07916990556297003,0.1836860187888658
3.719,stage1,-0.07916990556297003,0.1836860187888658
3.72,stage1,-0.07733883466808371,0.1825153415404248
3.721,stage1,-0.07733883466808371,0.1825153415404248
3.722,stage1,-0.07733883466808371,0.1825153415404248
3.723,stage1,-0.07733883466808371,0.1825153415404248
3.724,stage1,-0.07733883466808371,0.1825153415404248
3.725,stage1,-0.07733883466808371,0.1825153415404248
3.726,stage1,-0.07733883466808371,0.1825153415404248
3.727,stage1,-0.07733883466808371,0.1825153415404248
3.728,stage1,-0.07733883466808371,0.1825153415404248
3.729,stage1,-0.07733883466808371,0.1825153415404248
3.73,stage1,-0.07551985177910973,0.18126869183604408
3.731,stage1,-0.07551985177910973,0.18126869183604408
3.732,stage1,-0.07551985177910973,0.18126869183604408
3.733,stage1,-0.07551985177910973,0.18126869183604408
3.734,stage1,-0.07551985177910973,0.18126869183604408
3.735,stage1,-0.07551985177910973,0.18126869183604408
3.736,stage1,-0.07551985177910973,0.18126869183604408
3.737,stage1,-0.07551985177910973,0.18126869183604408
3.738,stage1,-0.07551985177910973,0.18126869183604408
3.739,stage1,-0.07551985177910973,0.18126869183604408
3.74,stage1,-0.0737137083387112,0.17994772905056935
3.741,stage1,-0.0737137083387112,0.17994772905056935
3.742,stage1,-0.0737137083387112,0.17994772905056935
3.743,stage1,-0.0737137083387112,0.17994772905056935
3.744,stage1,-0.0737137083387112,0.17994772905056935
3.745,stage1,-0.0737137083387112,0.17994772905056935
3.746,stage1,-0.0737137083387112,0.17994772905056935
3.747,stage1,-0.0737137083387112,0.17994772905056935
3.748,stage1,-0.0737137083387112,0.17994772905056935
3.749,stage1,-0.0737137083387112,0.17994772905056935
3.75,stage1,-0.07192113910805181,0.17855412994218872
3.751,stage1,-0.07192113910805181,0.17855412994218872
3.752,stage1,-0.07192113910805181,0.17855412994218872
3.753,stage1,-0.07192113910805181,0.17855412994218872
3.754,stage1,-0.07192113910805181,0.17855412994218872
3.755,stage1,-0.07192113910805181,0.17855412994218872
3.756,stage1,-0.07192113910805181,0.17855412994218872
3.757,stage1,-0.07192113910805181,0.17855412994218872
3.758,stage1,-0.07192113910805181,0.17855412994218872
3.759,stage1,-0.07192113910805181,0.17855412994218872
3.76,stage1,-0.07014286199797329,0.17708958765054864
3.761,stage1,-0.07014286199797329,0.17708958765054864
3.762,stage1,-0.07014286199797329,0.17708958765054864
3.763,stage1,-0.07014286199797329,0.17708958765054864
3.764,stage1,-0.07014286199797329,0.17708958765054864
3.765,stage1,-0.07014286199797329,0.17708958765054864
3.766,stage1,-0.07014286199797329,0.17708958765054864
3.767,stage1,-0.07014286199797329,0.17708958765054864
3.768,stage1,-0.07014286199797329,0.17708958765054864
3.769,stage1,-0.07014286199797329,0.17708958765054864
3.77,stage1,-0.06837957791018204,0.17555581069687698
3.771,stage1,-0.06837957791018204,0.17555581069687698
3.772,stage1,-0.06837957791018204,0.17555581069687698
3.773,stage1,-0.06837957791018204,0.17555581069687698
3.774,stage1,-0.06837957791018204,0.17555581069687698
3.775,stage1,-0.06837957791018204,0.17555581069687698
3.776,stage1,-0.06837957791018204,0.17555581069687698
3.777,stage1,-0.06837957791018204,0.17555581069687698
3.778,stage1,-0.06837957791018204,0.17555581069687698
3.779,stage1,-0.06837957791018204,0.17555581069687698
3.78,stage1,-0.06663197058842249,0.17395452198658728
3.781,stage1,-0.06663197058842249,0.17395452198658728
3.782,stage1,-0.06663197058842249,0.17395452198658728
3.783,stage1,-0.06663197058842249,0.17395452198658728
3.784,stage1,-0.06663197058842249,0.17395452198658728
3.785,stage1,-0.06663197058842249,0.17395452198658728
3.786,stage1,-0.06663197058842249,0.17395452198658728
3.787,stage1,-0.06663197058842249,0.17395452198658728
3.788,stage1,-0.06663197058842249,0.17395452198658728
3.789,stage1,-0.06663197058842249,0.17395452198658728
3.79,stage1,-0.06490070647961009,0.1722874578148326
3.791,stage1,-0.06490070647961009,0.1722874578148326
3.792,stage1,-0.06490070647961009,0.1722874578148326
3.793,stage1,-0.06490070647961009,0.1722874578148326
3.794,stage1,-0.06490070647961009,0.1722874578148326
3.795,stage1,-0.06490070647961009,0.1722874578148326
3.796,stage1,-0.06490070647961009,0.1722874578148326
3.797,stage1,-0.06490070647961009,0.1722874578148326
3.798,stage1,-0.06490070647961009,0.1722874578148326
3.799,stage1,-0.06490070647961009,0.1722874578148326
3.8,stage1,-0.06318643460489204,0.17055636687547177
3.801,stage1,-0.06318643460489204,0.17055636687547177
3.802,stage1,-0.06318643460489204,0.17055636687547177
3.803,stage1,-0.06318643460489204,0.17055636687547177
3.804,stage1,-0.06318643460489204,0.17055636687547177
3.805,stage1,-0.06318643460489204,0.17055636687547177
3.806,stage1,-0.06318643460489204,0.17055636687547177
3.807,stage1,-0.06318643460489204,0.17055636687547177
3.808,stage1,-0.06318643460489204,0.17055636687547177
3.809,stage1,-0.06318643460489204,0.17055636687547177
3.81,stage1,-0.06148978644059946,0.16876300927390397
3.811,stage1,-0.06148978644059946,0.16876300927390397
3.812,stage1,-0.06148978644059946,0.16876300927390397
3.813,stage1,-0.06148978644059946,0.16876300927390397
3.814,stage1,-0.06148978644059946,0.16876300927390397
3.815,stage1,-0.06148978644059946,0.16876300927390397
3.816,stage1,-0.06148978644059946,0.16876300927390397
3.817,stage1,-0.06148978644059946,0.16876300927390397
3.818,stage1,-0.06148978644059946,0.16876300927390397
3.819,stage1,-0.06148978644059946,0.16876300927390397
3.82,stage1,-0.05981137580904991,0.16690915554422153
3.821,stage1,-0.05981137580904991,0.16690915554422153
3.822,stage1,-0.05981137580904991,0.16690915554422153
3.823,stage1,-0.05981137580904991,0.16690915554422153
3.824,stage1,-0.05981137580904991,0.16690915554422153
3.825,stage1,-0.05981137580904991,0.16690915554422153
3.826,stage1,-0.05981137580904991,0.16690915554422153
3.827,stage1,-0.05981137580904991,0.16690915554422153
3.828,stage1,-0.05981137580904991,0.16690915554422153
3.829,stage1,-0.05981137580904991,0.16690915554422153
3.83,stage1,-0.05815179877915504,0.16499658567112419
3.831,stage1,-0.05815179877915504,0.16499658567112419
3.832,stage1,-0.05815179877915504,0.16499658567112419
3.833,stage1,-0.05815179877915504,0.16499658567112419
3.834,stage1,-0.05815179877915504,0.16499658567112419
3.835,stage1,-0.05815179877915504,0.16499658567112419
3.836,stage1,-0.05815179877915504,0.16499658567112419
3.837,stage1,-0.05815179877915504,0.16499658567112419
3.838,stage1,-0.05815179877915504,0.16499658567112419
3.839,stage1,-0.05815179877915504,0.16499658567112419
3.84,stage1,-0.05651163357678336,0.16302708811703112
3.841,stage1,-0.05651163357678336,0.16302708811703112
3.842,stage1,-0.05651163357678336,0.16302708811703112
3.843,stage1,-0.05651163357678336,0.16302708811703112
3.844,stage1,-0.05651163357678336,0.16302708811703112
3.845,stage1,-0.05651163357678336,0.16302708811703112
3.846,stage1,-0.05651163357678336,0.16302708811703112
3.847,stage1,-0.05651163357678336,0.16302708811703112
3.848,stage1,-0.05651163357678336,0.16302708811703112
3.849,stage1,-0.05651163357678336,0.16302708811703112
3.85,stage1,-0.05489144050482421,0.1610024588548207
3.851,stage1,-0.05489144050482421,0.1610024588548207
3.852,stage1,-0.05489144050482421,0.1610024588548207
3.853,stage1,-0.05489144050482421,0.1610024588548207
3.854,stage1,-0.05489144050482421,0.1610024588548207
3.855,stage1,-0.05489144050482421,0.1610024588548207
3.856,stage1,-0.05489144050482421,0.1610024588548207
3.857,stage1,-0.05489144050482421,0.1610024588548207
3.858,stage1,-0.05489144050482421,0.1610024588548207
3.859,stage1,-0.05489144050482421,0.1610024588548207
3.86,stage1,-0.05329176187289435,0.15892450040662015
3.861,stage1,-0.05329176187289435,0.15892450040662015
3.862,stage1,-0.05329176187289435,0.15892450040662015
3.863,stage1,-0.05329176187289435,0.15892450040662015
3.864,stage1,-0.05329176187289435,0.15892450040662015
3.865,stage1,-0.05329176187289435,0.15892450040662015
3.866,stage1,-0.05329176187289435,0.15892450040662015
3.867,stage1,-0.05329176187289435,0.15892450040662015
3.868,stage1,-0.05329176187289435,0.15892450040662015
3.869,stage1,-0.05329176187289435,0.15892450040662015
3.87,stage1,-0.05171312193662471,0.15679502088906078
3.871,stage1,-0.05171312193662471,0.15679502088906078
3.872,stage1,-0.05171312193662471,0.15679502088906078
3.873,stage1,-0.05171312193662471,0.15679502088906078
3.874,stage1,-0.05171312193662471,0.15679502088906078
3.875,stage1,-0.05171312193662471,0.15679502088906078
3.876,stage1,-0.05171312193662471,0.15679502088906078
3.877,stage1,-0.05171312193662471,0.15679502088906078
3.878,stage1,-0.05171312193662471,0.15679502088906078
3.879,stage1,-0.05171312193662471,0.15679502088906078
3.88,stage1,-0.050156026846460575,0.15461583306540674
3.881,stage1,-0.050156026846460575,0.15461583306540674
3.882,stage1,-0.050156026846460575,0.15461583306540674
3.883,stage1,-0.050156026846460575,0.15461583306540674
3.884,stage1,-0.050156026846460575,0.15461583306540674
3.885,stage1,-0.050156026846460575,0.15461583306540674
3.886,stage1,-0.050156026846460575,0.15461583306540674
3.887,stage1,-0.050156026846460575,0.15461583306540674
3.888,stage1,-0.050156026846460575,0.15461583306540674
3.889,stage1,-0.050156026846460575,0.15461583306540674
3.89,stage1,-0.04862096460590439,0.15238875340495828
3.891,stage1,-0.04862096460590439,0.15238875340495828
3.892,stage1,-0.04862096460590439,0.15238875340495828
3.893,stage1,-0.04862096460590439,0.15238875340495828
3.894,stage1,-0.04862096460590439,0.15238875340495828
3.895,stage1,-0.04862096460590439,0.15238875340495828
3.896,stage1,-0.04862096460590439,0.15238875340495828
3.897,stage1,-0.04862096460590439,0.15238875340495828
3.898,stage1,-0.04862096460590439,0.15238875340495828
3.899,stage1,-0.04862096460590439,0.15238875340495828
3.9,stage1,-0.047108405039126555,0.15011560115012212
3.901,stage1,-0.047108405039126555,0.15011560115012212
3.902,stage1,-0.047108405039126555,0.15011560115012212
3.903,stage1,-0.047108405039126555,0.15011560115012212
3.904,stage1,-0.047108405039126555,0.15011560115012212
3.905,stage1,-0.047108405039126555,0.15011560115012212
3.906,stage1,-0.047108405039126555,0.15011560115012212
3.907,stage1,-0.047108405039126555,0.15011560115012212
3.908,stage1,-0.047108405039126555,0.15011560115012212
3.909,stage1,-0.047108405039126555,0.15011560115012212
3.91,stage1,-0.04561879976786556,0.1477981973915349
3.911,stage1,-0.04561879976786556,0.1477981973915349
3.912,stage1,-0.04561879976786556,0.1477981973915349
3.913,stage1,-0.04561879976786556,0.1477981973915349
3.914,stage1,-0.04561879976786556,0.1477981973915349
3.915,stage1,-0.04561879976786556,0.1477981973915349
3.916,stage1,-0.04561879976786556,0.1477981973915349
3.917,stage1,-0.04561879976786556,0.1477981973915349
3.918,stage1,-0.04561879976786556,0.1477981973915349
3.919,stage1,-0.04561879976786556,0.1477981973915349
3.92,stage1,-0.044152582197535054,0.14543836415161698
3.921,stage1,-0.044152582197535054,0.14543836415161698
3.922,stage1,-0.044152582197535054,0.14543836415161698
3.923,stage1,-0.044152582197535054,0.14543836415161698
3.924,stage1,-0.044152582197535054,0.14543836415161698
3.925,stage1,-0.044152582197535054,0.14543836415161698
3.926,stage1,-0.044152582197535054,0.14543836415161698
3.927,stage1,-0.044152582197535054,0.14543836415161698
3.928,stage1,-0.044152582197535054,0.14543836415161698
3.929,stage1,-0.044152582197535054,0.14543836415161698
3.93,stage1,-0.042710167512451665,0.14303792347692645
3.931,stage1,-0.042710167512451665,0.14303792347692645
3.932,stage1,-0.042710167512451665,0.14303792347692645
3.933,stage1,-0.042710167512451665,0.14303792347692645
3.934,stage1,-0.042710167512451665,0.14303792347692645
3.935,stage1,-0.042710167512451665,0.14303792347692645
3.936,stage1,-0.042710167512451665,0.14303792347692645
3.937,stage1,-0.042710167512451665,0.14303792347692645
3.938,stage1,-0.042710167512451665,0.14303792347692645
3.939,stage1,-0.042710167512451665,0.14303792347692645
3.94,stage1,-0.04129195268009378,0.14059869653967513
3.941,stage1,-0.04129195268009378,0.14059869653967513
3.942,stage1,-0.04129195268009378,0.14059869653967513
3.943,stage1,-0.04129195268009378,0.14059869653967513
3.944,stage1,-0.04129195268009378,0.14059869653967513
3.945,stage1,-0.04129195268009378,0.14059869653967513
3.946,stage1,-0.04129195268009378,0.14059869653967513
3.947,stage1,-0.04129195268009378,0.14059869653967513
3.948,stage1,-0.04129195268009378,0.14059869653967513
3.949,stage1,-0.04129195268009378,0.14059869653967513
3.95,stage1,-0.03989831646429788,0.13812250274876015
3.951,stage1,-0.03989831646429788,0.13812250274876015
3.952,stage1,-0.03989831646429788,0.13812250274876015
3.953,stage1,-0.03989831646429788,0.13812250274876015
3.954,stage1,-0.03989831646429788,0.13812250274876015
3.955,stage1,-0.03989831646429788,0.13812250274876015
3.956,stage1,-0.03989831646429788,0.13812250274876015
3.957,stage1,-0.03989831646429788,0.13812250274876015
3.958,stage1,-0.03989831646429788,0.13812250274876015
3.959,stage1,-0.03989831646429788,0.13812250274876015
3.96,stage1,-0.03852961944729552,0.13561115887065633
3.961,stage1,-0.03852961944729552,0.13561115887065633
3.962,stage1,-0.03852961944729552,0.13561115887065633
3.963,stage1,-0.03852961944729552,0.13561115887065633
3.964,stage1,-0.03852961944729552,0.13561115887065633
3.965,stage1,-0.03852961944729552,0.13561115887065633
3.966,stage1,-0.03852961944729552,0.13561115887065633
3.967,stage1,-0.03852961944729552,0.13561115887065633
3.968,stage1,-0.03852961944729552,0.13561115887065633
3.969,stage1,-0.03852961944729552,0.13561115887065633
3.97,stage1,-0.0371862040604907,0.13306647816050676
3.971,stage1,-0.0371862040604907,0.13306647816050676
3.972,stage1,-0.0371862040604907,0.13306647816050676
3.973,stage1,-0.0371862040604907,0.13306647816050676
3.974,stage1,-0.0371862040604907,0.13306647816050676
3.975,stage1,-0.0371862040604907,0.13306647816050676
3.976,stage1,-0.0371862040604907,0.13306647816050676
3.977,stage1,-0.0371862040604907,0.13306647816050676
3.978,stage1,-0.0371862040604907,0.13306647816050676
3.979,stage1,-0.0371862040604907,0.13306647816050676
3.98,stage1,-0.03586839462387396,0.13049026950374004
3.981,stage1,-0.03586839462387396,0.13049026950374004
3.982,stage1,-0.03586839462387396,0.13049026950374004
3.983,stage1,-0.03586839462387396,0.13049026950374004
3.984,stage1,-0.03586839462387396,0.13049026950374004
3.985,stage1,-0.03586839462387396,0.13049026950374004
3.986,stage1,-0.03586839462387396,0.13049026950374004
3.987,stage1,-0.03586839462387396,0.13049026950374004
3.988,stage1,-0.03586839462387396,0.13049026950374004
3.989,stage1,-0.03586839462387396,0.13049026950374004
3.99,stage1,-0.03457649739396629,0.12788433656853457
3.991,stage1,-0.03457649739396629,0.12788433656853457
3.992,stage1,-0.03457649739396629,0.12788433656853457
3.993,stage1,-0.03457649739396629,0.12788433656853457
3.994,stage1,-0.03457649739396629,0.12788433656853457
3.995,stage1,-0.03457649739396629,0.12788433656853457
3.996,stage1,-0.03457649739396629,0.12788433656853457
3.997,stage1,-0.03457649739396629,0.12788433656853457
3.998,stage1,-0.03457649739396629,0.12788433656853457
3.999,stage1,-0.03457649739396629,0.12788433656853457
4.0,stage1,-0.03331080062018295,0.1252504769694415
4.001,stage1,-0.03331080062018295,0.1252504769694415
4.002,stage1,-0.03331080062018295,0.1252504769694415
4.003,stage1,-0.03331080062018295,0.1252504769694415
4.004,stage1,-0.03331080062018295,0.1252504769694415
4.005,stage1,-0.03331080062018295,0.1252504769694415
4.006,stage1,-0.03331080062018295,0.1252504769694415
4.007,stage1,-0.03331080062018295,0.1252504769694415
4.008,stage1,-0.03331080062018295,0.1252504769694415
4.009,stage1,-0.03331080062018295,0.1252504769694415
4.01,stage1,-0.0320715746095039,0.12259048144246959
4.011,stage1,-0.0320715746095039,0.12259048144246959
4.012,stage1,-0.0320715746095039,0.12259048144246959
4.013,stage1,-0.0320715746095039,0.12259048144246959
4.014,stage1,-0.0320715746095039,0.12259048144246959
4.015,stage1,-0.0320715746095039,0.12259048144246959
4.016,stage1,-0.0320715746095039,0.12259048144246959
4.017,stage1,-0.0320715746095039,0.12259048144246959
4.018,stage1,-0.0320715746095039,0.12259048144246959
4.019,stage1,-0.0320715746095039,0.12259048144246959
4.02,stage1,-0.030859071799334902,0.11990613303192618
4.021,stage1,-0.030859071799334902,0.11990613303192618
4.022,stage1,-0.030859071799334902,0.11990613303192618
4.023,stage1,-0.030859071799334902,0.11990613303192618
4.024,stage1,-0.030859071799334902,0.11990613303192618
4.025,stage1,-0.030859071799334902,0.11990613303192618
4.026,stage1,-0.030859071799334902,0.11990613303192618
4.027,stage1,-0.030859071799334902,0.11990613303192618
4.028,stage1,-0.030859071799334902,0.11990613303192618
4.029,stage1,-0.030859071799334902,0.11990613303192618
4.03,stage1,-0.029673526838440246,0.1171992062893001
4.031,stage1,-0.029673526838440246,0.1171992062893001
4.032,stage1,-0.029673526838440246,0.1171992062893001
4.033,stage1,-0.029673526838440246,0.1171992062893001
4.034,stage1,-0.029673526838440246,0.1171992062893001
4.035,stage1,-0.029673526838440246,0.1171992062893001
4.036,stage1,-0.029673526838440246,0.1171992062893001
4.037,stage1,-0.029673526838440246,0.1171992062893001
4.038,stage1,-0.029673526838440246,0.1171992062893001
4.039,stage1,-0.029673526838440246,0.1171992062893001
4.04,stage1,-0.02851515667582523,0.11447146648446338
4.041,stage1,-0.02851515667582523,0.11447146648446338
4.042,stage1,-0.02851515667582523,0.11447146648446338
4.043,stage1,-0.02851515667582523,0.11447146648446338
4.044,stage1,-0.02851515667582523,0.11447146648446338
4.045,stage1,-0.02851515667582523,0.11447146648446338
4.046,stage1,-0.02851515667582523,0.11447146648446338
4.047,stage1,-0.02851515667582523,0.11447146648446338
4.048,stage1,-0.02851515667582523,0.11447146648446338
4.049,stage1,-0.02851515667582523,0.11447146648446338
4.05,stage1,-0.027384160657443948,0.11172466882945976
4.051,stage1,-0.027384160657443948,0.11172466882945976
4.052,stage1,-0.027384160657443948,0.11172466882945976
4.053,stage1,-0.027384160657443948,0.11172466882945976
4.054,stage1,-0.027384160657443948,0.11172466882945976
4.055,stage1,-0.027384160657443948,0.11172466882945976
4.056,stage1,-0.027384160657443948,0.11172466882945976
4.057,stage1,-0.027384160657443948,0.11172466882945976
4.058,stage1,-0.027384160657443948,0.11172466882945976
4.059,stage1,-0.027384160657443948,0.11172466882945976
4.06,stage1,-0.026280720630605173,0.10896055771513914
4.061,stage1,-0.026280720630605173,0.10896055771513914
4.062,stage1,-0.026280720630605173,0.10896055771513914
4.063,stage1,-0.026280720630605173,0.10896055771513914
4.064,stage1,-0.026280720630605173,0.10896055771513914
4.065,stage1,-0.026280720630605173,0.10896055771513914
4.066,stage1,-0.026280720630605173,0.10896055771513914
4.067,stage1,-0.026280720630605173,0.10896055771513914
4.068,stage1,-0.026280720630605173,0.10896055771513914
4.069,stage1,-0.026280720630605173,0.10896055771513914
4.07,stage1,-0.025205001055946603,0.10618086596088819
4.071,stage1,-0.025205001055946603,0.10618086596088819
4.072,stage1,-0.025205001055946603,0.10618086596088819
4.073,stage1,-0.025205001055946603,0.10618086596088819
4.074,stage1,-0.025205001055946603,0.10618086596088819
4.075,stage1,-0.025205001055946603,0.10618086596088819
4.076,stage1,-0.025205001055946603,0.10618086596088819
4.077,stage1,-0.025205001055946603,0.10618086596088819
4.078,stage1,-0.025205001055946603,0.10618086596088819
4.079,stage1,-0.025205001055946603,0.10618086596088819
4.08,stage1,-0.02415714912684532,0.10338731407769841
4.081,stage1,-0.02415714912684532,0.10338731407769841
4.082,stage1,-0.02415714912684532,0.10338731407769841
4.083,stage1,-0.02415714912684532,0.10338731407769841
4.084,stage1,-0.02415714912684532,0.10338731407769841
4.085,stage1,-0.02415714912684532,0.10338731407769841
4.086,stage1,-0.02415714912684532,0.10338731407769841
4.087,stage1,-0.02415714912684532,0.10338731407769841
4.088,stage1,-0.02415714912684532,0.10338731407769841
4.089,stage1,-0.02415714912684532,0.10338731407769841
4.09,stage1,-0.02313729489612993,0.10058160954480382
4.091,stage1,-0.02313729489612993,0.10058160954480382
4.092,stage1,-0.02313729489612993,0.10058160954480382
4.093,stage1,-0.02313729489612993,0.10058160954480382
4.094,stage1,-0.02313729489612993,0.10058160954480382
4.095,stage1,-0.02313729489612993,0.10058160954480382
4.096,stage1,-0.02313729489612993,0.10058160954480382
4.097,stage1,-0.02313729489612993,0.10058160954480382
4.098,stage1,-0.02313729489612993,0.10058160954480382
4.099,stage1,-0.02313729489612993,0.10058160954480382
4.1,stage1,-0.022145551409957498,0.09776544610011147
4.101,stage1,-0.022145551409957498,0.09776544610011147
4.102,stage1,-0.022145551409957498,0.09776544610011147
4.103,stage1,-0.022145551409957498,0.09776544610011147
4.104,stage1,-0.022145551409957498,0.09776544610011147
4.105,stage1,-0.022145551409957498,0.09776544610011147
4.106,stage1,-0.022145551409957498,0.09776544610011147
4.107,stage1,-0.022145551409957498,0.09776544610011147
4.108,stage1,-0.022145551409957498,0.09776544610011147
4.109,stage1,-0.022145551409957498,0.09776544610011147
4.11,stage1,-0.02118201484871637,0.09494050304463904
4.111,stage1,-0.02118201484871637,0.09494050304463904
4.112,stage1,-0.02118201484871637,0.09494050304463904
4.113,stage1,-0.02118201484871637,0.09494050304463904
4.114,stage1,-0.02118201484871637,0.09494050304463904
4.115,stage1,-0.02118201484871637,0.09494050304463904
4.116,stage1,-0.02118201484871637,0.09494050304463904
4.117,stage1,-0.02118201484871637,0.09494050304463904
4.118,stage1,-0.02118201484871637,0.09494050304463904
4.119,stage1,-0.02118201484871637,0.09494050304463904
4.12,stage1,-0.020246764674813695,0.09210844456116453
4.121,stage1,-0.020246764674813695,0.09210844456116453
4.122,stage1,-0.020246764674813695,0.09210844456116453
4.123,stage1,-0.020246764674813695,0.09210844456116453
4.124,stage1,-0.020246764674813695,0.09210844456116453
4.125,stage1,-0.020246764674813695,0.09210844456116453
4.126,stage1,-0.020246764674813695,0.09210844456116453
4.127,stage1,-0.020246764674813695,0.09210844456116453
4.128,stage1,-0.020246764674813695,0.09210844456116453
4.129,stage1,-0.020246764674813695,0.09210844456116453
4.13,stage1,-0.01933986378720457,0.08927091904728408
4.131,stage1,-0.01933986378720457,0.08927091904728408
4.132,stage1,-0.01933986378720457,0.08927091904728408
4.133,stage1,-0.01933986378720457,0.08927091904728408
4.134,stage1,-0.01933986378720457,0.08927091904728408
4.135,stage1,-0.01933986378720457,0.08927091904728408
4.136,stage1,-0.01933986378720457,0.08927091904728408
4.137,stage1,-0.01933986378720457,0.08927091904728408
4.138,stage1,-0.01933986378720457,0.08927091904728408
4.139,stage1,-0.01933986378720457,0.08927091904728408
4.14,stage1,-0.018461358682517807,0.08642955846306488
4.141,stage1,-0.018461358682517807,0.08642955846306488
4.142,stage1,-0.018461358682517807,0.08642955846306488
4.143,stage1,-0.018461358682517807,0.08642955846306488
4.144,stage1,-0.018461358682517807,0.08642955846306488
4.145,stage1,-0.018461358682517807,0.08642955846306488
4.146,stage1,-0.018461358682517807,0.08642955846306488
4.147,stage1,-0.018461358682517807,0.08642955846306488
4.148,stage1,-0.018461358682517807,0.08642955846306488
4.149,stage1,-0.018461358682517807,0.08642955846306488
4.15,stage1,-0.017611279622631412,0.083585977693471
4.151,stage1,-0.017611279622631412,0.083585977693471
4.152,stage1,-0.017611279622631412,0.083585977693471
4.153,stage1,-0.017611279622631412,0.083585977693471
4.154,stage1,-0.017611279622631412,0.083585977693471
4.155,stage1,-0.017611279622631412,0.083585977693471
4.156,stage1,-0.017611279622631412,0.083585977693471
4.157,stage1,-0.017611279622631412,0.083585977693471
4.158,stage1,-0.017611279622631412,0.083585977693471
4.159,stage1,-0.017611279622631412,0.083585977693471
4.16,stage1,-0.01678964080854928,0.0807417739257308
4.161,stage1,-0.01678964080854928,0.0807417739257308
4.162,stage1,-0.01678964080854928,0.0807417739257308
4.163,stage1,-0.01678964080854928,0.0807417739257308
4.164,stage1,-0.01678964080854928,0.0807417739257308
4.165,stage1,-0.01678964080854928,0.0807417739257308
4.166,stage1,-0.01678964080854928,0.0807417739257308
4.167,stage1,-0.01678964080854928,0.0807417739257308
4.168,stage1,-0.01678964080854928,0.0807417739257308
4.169,stage1,-0.01678964080854928,0.0807417739257308
4.17,stage1,-0.015996440560428815,0.07789852604180583
4.171,stage1,-0.015996440560428815,0.07789852604180583
4.172,stage1,-0.015996440560428815,0.07789852604180583
4.173,stage1,-0.015996440560428815,0.07789852604180583
4.174,stage1,-0.015996440560428815,0.07789852604180583
4.175,stage1,-0.015996440560428815,0.07789852604180583
4.176,stage1,-0.015996440560428815,0.07789852604180583
4.177,stage1,-0.015996440560428815,0.07789852604180583
4.178,stage1,-0.015996440560428815,0.07789852604180583
4.179,stage1,-0.015996440560428815,0.07789852604180583
4.18,stage1,-0.015231661503607712,0.0750577940261115
4.181,stage1,-0.015231661503607712,0.0750577940261115
4.182,stage1,-0.015231661503607712,0.0750577940261115
4.183,stage1,-0.015231661503607712,0.0750577940261115
4.184,stage1,-0.015231661503607712,0.0750577940261115
4.185,stage1,-0.015231661503607712,0.0750577940261115
4.186,stage1,-0.015231661503607712,0.0750577940261115
4.187,stage1,-0.015231661503607712,0.0750577940261115
4.188,stage1,-0.015231661503607712,0.0750577940261115
4.189,stage1,-0.015231661503607712,0.0750577940261115
4.19,stage1,-0.014495270760476707,0.07222111838863127
4.191,stage1,-0.014495270760476707,0.07222111838863127
4.192,stage1,-0.014495270760476707,0.07222111838863127
4.193,stage1,-0.014495270760476707,0.07222111838863127
4.194,stage1,-0.014495270760476707,0.07222111838863127
4.195,stage1,-0.014495270760476707,0.07222111838863127
4.196,stage1,-0.014495270760476707,0.07222111838863127
4.197,stage1,-0.014495270760476707,0.07222111838863127
4.198,stage1,-0.014495270760476707,0.07222111838863127
4.199,stage1,-0.014495270760476707,0.07222111838863127
4.2,stage1,-0.013787220148043646,0.06939001960355684
4.201,stage1,-0.013787220148043646,0.06939001960355684
4.202,stage1,-0.013787220148043646,0.06939001960355684
4.203,stage1,-0.013787220148043646,0.06939001960355684
4.204,stage1,-0.013787220148043646,0.06939001960355684
4.205,stage1,-0.013787220148043646,0.06939001960355684
4.206,stage1,-0.013787220148043646,0.06939001960355684
4.207,stage1,-0.013787220148043646,0.06939001960355684
4.208,stage1,-0.013787220148043646,0.06939001960355684
4.209,stage1,-0.013787220148043646,0.06939001960355684
4.21,stage1,-0.013107446381033012,0.06656599756357771
4.211,stage1,-0.013107446381033012,0.06656599756357771
4.212,stage1,-0.013107446381033012,0.06656599756357771
4.213,stage1,-0.013107446381033012,0.06656599756357771
4.214,stage1,-0.013107446381033012,0.06656599756357771
4.215,stage1,-0.013107446381033012,0.06656599756357771
4.216,stage1,-0.013107446381033012,0.06656599756357771
4.217,stage1,-0.013107446381033012,0.06656599756357771
4.218,stage1,-0.013107446381033012,0.06656599756357771
4.219,stage1,-0.013107446381033012,0.06656599756357771
4.22,stage1,-0.01245587128036382,0.06375053104993472
4.221,stage1,-0.01245587128036382,0.06375053104993472
4.222,stage1,-0.01245587128036382,0.06375053104993472
4.223,stage1,-0.01245587128036382,0.06375053104993472
4.224,stage1,-0.01245587128036382,0.06375053104993472
4.225,stage1,-0.01245587128036382,0.06375053104993472
4.226,stage1,-0.01245587128036382,0.06375053104993472
4.227,stage1,-0.01245587128036382,0.06375053104993472
4.228,stage1,-0.01245587128036382,0.06375053104993472
4.229,stage1,-0.01245587128036382,0.06375053104993472
4.23,stage1,-0.01183240198684772,0.060945077218343024
4.231,stage1,-0.01183240198684772,0.060945077218343024
4.232,stage1,-0.01183240198684772,0.060945077218343024
4.233,stage1,-0.01183240198684772,0.060945077218343024
4.234,stage1,-0.01183240198684772,0.060945077218343024
4.235,stage1,-0.01183240198684772,0.060945077218343024
4.236,stage1,-0.01183240198684772,0.060945077218343024
4.237,stage1,-0.01183240198684772,0.060945077218343024
4.238,stage1,-0.01183240198684772,0.060945077218343024
4.239,stage1,-0.01183240198684772,0.060945077218343024
4.24,stage1,-0.011236931179948124,0.058151071100881156
4.241,stage1,-0.011236931179948124,0.058151071100881156
4.242,stage1,-0.011236931179948124,0.058151071100881156
4.243,stage1,-0.011236931179948124,0.058151071100881156
4.244,stage1,-0.011236931179948124,0.058151071100881156
4.245,stage1,-0.011236931179948124,0.058151071100881156
4.246,stage1,-0.011236931179948124,0.058151071100881156
4.247,stage1,-0.011236931179948124,0.058151071100881156
4.248,stage1,-0.011236931179948124,0.058151071100881156
4.249,stage1,-0.011236931179948124,0.058151071100881156
4.25,stage1,-0.010669337301440235,0.05536992512393393
4.251,stage1,-0.010669337301440235,0.05536992512393393
4.252,stage1,-0.010669337301440235,0.05536992512393393
4.253,stage1,-0.010669337301440235,0.05536992512393393
4.254,stage1,-0.010669337301440235,0.05536992512393393
4.255,stage1,-0.010669337301440235,0.05536992512393393
4.256,stage1,-0.010669337301440235,0.05536992512393393
4.257,stage1,-0.010669337301440235,0.05536992512393393
4.258,stage1,-0.010669337301440235,0.05536992512393393
4.259,stage1,-0.010669337301440235,0.05536992512393393
4.26,stage1,-0.01012948478381104,0.05260302864226803
4.261,stage1,-0.01012948478381104,0.05260302864226803
4.262,stage1,-0.01012948478381104,0.05260302864226803
4.263,stage1,-0.01012948478381104,0.05260302864226803
4.264,stage1,-0.01012948478381104,0.05260302864226803
4.265,stage1,-0.01012948478381104,0.05260302864226803
4.266,stage1,-0.01012948478381104,0.05260302864226803
4.267,stage1,-0.01012948478381104,0.05260302864226803
4.268,stage1,-0.01012948478381104,0.05260302864226803
4.269,stage1,-0.01012948478381104,0.05260302864226803
4.27,stage1,-0.009617224283237606,0.04985174748931037
4.271,stage1,-0.009617224283237606,0.04985174748931037
4.272,stage1,-0.009617224283237606,0.04985174748931037
4.273,stage1,-0.009617224283237606,0.04985174748931037
4.274,stage1,-0.009617224283237606,0.04985174748931037
4.275,stage1,-0.009617224283237606,0.04985174748931037
4.276,stage1,-0.009617224283237606,0.04985174748931037
4.277,stage1,-0.009617224283237606,0.04985174748931037
4.278,stage1,-0.009617224283237606,0.04985174748931037
4.279,stage1,-0.009617224283237606,0.04985174748931037
4.28,stage1,-0.00913239291698131,0.047117423543690765
4.281,stage1,-0.00913239291698131,0.047117423543690765
4.282,stage1,-0.00913239291698131,0.047117423543690765
4.283,stage1,-0.00913239291698131,0.047117423543690765
4.284,stage1,-0.00913239291698131,0.047117423543690765
4.285,stage1,-0.00913239291698131,0.047117423543690765
4.286,stage1,-0.00913239291698131,0.047117423543690765
4.287,stage1,-0.00913239291698131,0.047117423543690765
4.288,stage1,-0.00913239291698131,0.047117423543690765
4.289,stage1,-0.00913239291698131,0.047117423543690765
4.29,stage1,-0.008674814505035093,0.04440137431210131
4.291,stage1,-0.008674814505035093,0.04440137431210131
4.292,stage1,-0.008674814505035093,0.04440137431210131
4.293,stage1,-0.008674814505035093,0.04440137431210131
4.294,stage1,-0.008674814505035093,0.04440137431210131
4.295,stage1,-0.008674814505035093,0.04440137431210131
4.296,stage1,-0.008674814505035093,0.04440137431210131
4.297,stage1,-0.008674814505035093,0.04440137431210131
4.298,stage1,-0.008674814505035093,0.04440137431210131
4.299,stage1,-0.008674814505035093,0.04440137431210131
4.3,stage1,-0.00824429981586036,0.04170489252851682
4.301,stage1,-0.00824429981586036,0.04170489252851682
4.302,stage1,-0.00824429981586036,0.04170489252851682
4.303,stage1,-0.00824429981586036,0.04170489252851682
4.304,stage1,-0.00824429981586036,0.04170489252851682
4.305,stage1,-0.00824429981586036,0.04170489252851682
4.306,stage1,-0.00824429981586036,0.04170489252851682
4.307,stage1,-0.00824429981586036,0.04170489252851682
4.308,stage1,-0.00824429981586036,0.04170489252851682
4.309,stage1,-0.00824429981586036,0.04170489252851682
4.31,stage1,-0.007840646816049719,0.039029245769811684
4.311,stage1,-0.007840646816049719,0.039029245769811684
4.312,stage1,-0.007840646816049719,0.039029245769811684
4.313,stage1,-0.007840646816049719,0.039029245769811684
4.314,stage1,-0.007840646816049719,0.039029245769811684
4.315,stage1,-0.007840646816049719,0.039029245769811684
4.316,stage1,-0.007840646816049719,0.039029245769811684
4.317,stage1,-0.007840646816049719,0.039029245769811684
4.318,stage1,-0.007840646816049719,0.039029245769811684
4.319,stage1,-0.007840646816049719,0.039029245769811684
4.32,stage1,-0.007463640923751446,0.03637567608780012
4.321,stage1,-0.007463640923751446,0.03637567608780012
4.322,stage1,-0.007463640923751446,0.03637567608780012
4.323,stage1,-0.007463640923751446,0.03637567608780012
4.324,stage1,-0.007463640923751446,0.03637567608780012
4.325,stage1,-0.007463640923751446,0.03637567608780012
4.326,stage1,-0.007463640923751446,0.03637567608780012
4.327,stage1,-0.007463640923751446,0.03637567608780012
4.328,stage1,-0.007463640923751446,0.03637567608780012
4.329,stage1,-0.007463640923751446,0.03637567608780012
4.33,stage1,-0.007113055265691357,0.03374539965771854
4.331,stage1,-0.007113055265691357,0.03374539965771854
4.332,stage1,-0.007113055265691357,0.03374539965771854
4.333,stage1,-0.007113055265691357,0.03374539965771854
4.334,stage1,-0.007113055265691357,0.03374539965771854
4.335,stage1,-0.007113055265691357,0.03374539965771854
4.336,stage1,-0.007113055265691357,0.03374539965771854
4.337,stage1,-0.007113055265691357,0.03374539965771854
4.338,stage1,-0.007113055265691357,0.03374539965771854
4.339,stage1,-0.007113055265691357,0.03374539965771854
4.34,stage1,-0.006788650937627602,0.03113960644316022
4.341,stage1,-0.006788650937627602,0.03113960644316022
4.342,stage1,-0.006788650937627602,0.03113960644316022
4.343,stage1,-0.006788650937627602,0.03113960644316022
4.344,stage1,-0.006788650937627602,0.03113960644316022
4.345,stage1,-0.006788650937627602,0.03113960644316022
4.346,stage1,-0.006788650937627602,0.03113960644316022
4.347,stage1,-0.006788650937627602,0.03113960644316022
4.348,stage1,-0.006788650937627602,0.03113960644316022
4.349,stage1,-0.006788650937627602,0.03113960644316022
4.35,stage1,-0.00649017726807383,0.02855945987746416
4.351,stage1,-0.00649017726807383,0.02855945987746416
4.352,stage1,-0.00649017726807383,0.02855945987746416
4.353,stage1,-0.00649017726807383,0.02855945987746416
4.354,stage1,-0.00649017726807383,0.02855945987746416
4.355,stage1,-0.00649017726807383,0.02855945987746416
4.356,stage1,-0.00649017726807383,0.02855945987746416
4.357,stage1,-0.00649017726807383,0.02855945987746416
4.358,stage1,-0.00649017726807383,0.02855945987746416
4.359,stage1,-0.00649017726807383,0.02855945987746416
4.36,stage1,-0.006217372085126234,0.026006096561552044
4.361,stage1,-0.006217372085126234,0.026006096561552044
4.362,stage1,-0.006217372085126234,0.026006096561552044
4.363,stage1,-0.006217372085126234,0.026006096561552044
4.364,stage1,-0.006217372085126234,0.026006096561552044
4.365,stage1,-0.006217372085126234,0.026006096561552044
4.366,stage1,-0.006217372085126234,0.026006096561552044
4.367,stage1,-0.006217372085126234,0.026006096561552044
4.368,stage1,-0.006217372085126234,0.026006096561552044
4.369,stage1,-0.006217372085126234,0.026006096561552044
4.37,stage1,-0.005969961986230024,0.023480625978198937
4.371,stage1,-0.005969961986230024,0.023480625978198937
4.372,stage1,-0.005969961986230024,0.023480625978198937
4.373,stage1,-0.005969961986230024,0.023480625978198937
4.374,stage1,-0.005969961986230024,0.023480625978198937
4.375,stage1,-0.005969961986230024,0.023480625978198937
4.376,stage1,-0.005969961986230024,0.023480625978198937
4.377,stage1,-0.005969961986230024,0.023480625978198937
4.378,stage1,-0.005969961986230024,0.023480625978198937
4.379,stage1,-0.005969961986230024,0.023480625978198937
4.38,stage1,-0.005747662610721131,0.02098413022271532
4.381,stage1,-0.005747662610721131,0.02098413022271532
4.382,stage1,-0.005747662610721131,0.02098413022271532
4.383,stage1,-0.005747662610721131,0.02098413022271532
4.384,stage1,-0.005747662610721131,0.02098413022271532
4.385,stage1,-0.005747662610721131,0.02098413022271532
4.386,stage1,-0.005747662610721131,0.02098413022271532
4.387,stage1,-0.005747662610721131,0.02098413022271532
4.388,stage1,-0.005747662610721131,0.02098413022271532
4.389,stage1,-0.005747662610721131,0.02098413022271532
4.39,stage1,-0.005550178914979151,0.01851766375001026
4.391,stage1,-0.005550178914979151,0.01851766375001026
4.392,stage1,-0.005550178914979151,0.01851766375001026
4.393,stage1,-0.005550178914979151,0.01851766375001026
4.394,stage1,-0.005550178914979151,0.01851766375001026
4.395,stage1,-0.005550178914979151,0.01851766375001026
4.396,stage1,-0.005550178914979151,0.01851766375001026
4.397,stage1,-0.005550178914979151,0.01851766375001026
4.398,stage1,-0.005550178914979151,0.01851766375001026
4.399,stage1,-0.005550178914979151,0.01851766375001026
4.4,stage1,-0.005377205450027903,0.016082253137997576
4.401,stage1,-0.005377205450027903,0.016082253137997576
4.402,stage1,-0.005377205450027903,0.016082253137997576
4.403,stage1,-0.005377205450027903,0.016082253137997576
4.404,stage1,-0.005377205450027903,0.016082253137997576
4.405,stage1,-0.005377205450027903,0.016082253137997576
4.406,stage1,-0.005377205450027903,0.016082253137997576
4.407,stage1,-0.005377205450027903,0.016082253137997576
4.408,stage1,-0.005377205450027903,0.016082253137997576
4.409,stage1,-0.005377205450027903,0.016082253137997576
4.41,stage1,-0.005228426641420412,0.013678896867299159
4.411,stage1,-0.005228426641420412,0.013678896867299159
4.412,stage1,-0.005228426641420412,0.013678896867299159
4.413,stage1,-0.005228426641420412,0.013678896867299159
4.414,stage1,-0.005228426641420412,0.013678896867299159
4.415,stage1,-0.005228426641420412,0.013678896867299159
4.416,stage1,-0.005228426641420412,0.013678896867299159
4.417,stage1,-0.005228426641420412,0.013678896867299159
4.418,stage1,-0.005228426641420412,0.013678896867299159
4.419,stage1,-0.005228426641420412,0.013678896867299159
4.42,stage1,-0.005103517071245579,0.011308565117191943
4.421,stage1,-0.005103517071245579,0.011308565117191943
4.422,stage1,-0.005103517071245579,0.011308565117191943
4.423,stage1,-0.005103517071245579,0.011308565117191943
4.424,stage1,-0.005103517071245579,0.011308565117191943
4.425,stage1,-0.005103517071245579,0.011308565117191943
4.426,stage1,-0.005103517071245579,0.011308565117191943
4.427,stage1,-0.005103517071245579,0.011308565117191943
4.428,stage1,-0.005103517071245579,0.011308565117191943
4.429,stage1,-0.005103517071245579,0.011308565117191943
4.43,stage1,-0.005002141762094427,0.008972199577737537
4.431,stage1,-0.005002141762094427,0.008972199577737537
4.432,stage1,-0.005002141762094427,0.008972199577737537
4.433,stage1,-0.005002141762094427,0.008972199577737537
4.434,stage1,-0.005002141762094427,0.008972199577737537
4.435,stage1,-0.005002141762094427,0.008972199577737537
4.436,stage1,-0.005002141762094427,0.008972199577737537
4.437,stage1,-0.005002141762094427,0.008972199577737537
4.438,stage1,-0.005002141762094427,0.008972199577737537
4.439,stage1,-0.005002141762094427,0.008972199577737537
4.44,stage1,-0.0049239564628244135,0.006670713278026016
4.441,stage1,-0.0049239564628244135,0.006670713278026016
4.442,stage1,-0.0049239564628244135,0.006670713278026016
4.443,stage1,-0.0049239564628244135,0.006670713278026016
4.444,stage1,-0.0049239564628244135,0.006670713278026016
4.445,stage1,-0.0049239564628244135,0.006670713278026016
4.446,stage1,-0.0049239564628244135,0.006670713278026016
4.447,stage1,-0.0049239564628244135,0.006670713278026016
4.448,stage1,-0.0049239564628244135,0.006670713278026016
4.449,stage1,-0.0049239564628244135,0.006670713278026016
4.45,stage1,-0.004868607935961049,0.0044049904304581155
4.451,stage1,-0.004868607935961049,0.0044049904304581155
4.452,stage1,-0.004868607935961049,0.0044049904304581155
4.453,stage1,-0.004868607935961049,0.0044049904304581155
4.454,stage1,-0.004868607935961049,0.0044049904304581155
4.455,stage1,-0.004868607935961049,0.0044049904304581155
4.456,stage1,-0.004868607935961049,0.0044049904304581155
4.457,stage1,-0.004868607935961049,0.0044049904304581155
4.458,stage1,-0.004868607935961049,0.0044049904304581155
4.459,stage1,-0.004868607935961049,0.0044049904304581155
4.46,stage1,-0.004835734246576845,0.0021758862909828066
4.461,stage1,-0.004835734246576845,0.0021758862909828066
4.462,stage1,-0.004835734246576845,0.0021758862909828066
4.463,stage1,-0.004835734246576845,0.0021758862909828066
4.464,stage1,-0.004835734246576845,0.0021758862909828066
4.465,stage1,-0.004835734246576845,0.0021758862909828066
4.466,stage1,-0.004835734246576845,0.0021758862909828066
4.467,stage1,-0.004835734246576845,0.0021758862909828066
4.468,stage1,-0.004835734246576845,0.0021758862909828066
4.469,stage1,-0.004835734246576845,0.0021758862909828066
4.47,stage1,-0.004824965052488489,-1.577296479983968e-05
4.471,stage1,-0.004824965052488489,-1.577296479983968e-05
4.472,stage1,-0.004824965052488489,-1.577296479983968e-05
4.473,stage1,-0.004824965052488489,-1.577296479983968e-05
4.474,stage1,-0.004824965052488489,-1.577296479983968e-05
4.475,stage1,-0.004824965052488489,-1.577296479983968e-05
4.476,stage1,-0.004824965052488489,-1.577296479983968e-05
4.477,stage1,-0.004824965052488489,-1.577296479983968e-05
4.478,stage1,-0.004824965052488489,-1.577296479983968e-05
4.479,stage1,-0.004824965052488489,-1.577296479983968e-05
4.48,stage1,-0.004835921895614055,-0.002169190349767607
4.481,stage1,-0.004835921895614055,-0.002169190349767607
4.482,stage1,-0.004835921895614055,-0.002169190349767607
4.483,stage1,-0.004835921895614055,-0.002169190349767607
4.484,stage1,-0.004835921895614055,-0.002169190349767607
4.485,stage1,-0.004835921895614055,-0.002169190349767607
4.486,stage1,-0.004835921895614055,-0.002169190349767607
4.487,stage1,-0.004835921895614055,-0.002169190349767607
4.488,stage1,-0.004835921895614055,-0.002169190349767607
4.489,stage1,-0.004835921895614055,-0.002169190349767607
4.49,stage1,-0.004868218494333105,-0.004283598157740865
4.491,stage1,-0.004868218494333105,-0.004283598157740865
4.492,stage1,-0.004868218494333105,-0.004283598157740865
4.493,stage1,-0.004868218494333105,-0.004283598157740865
4.494,stage1,-0.004868218494333105,-0.004283598157740865
4.495,stage1,-0.004868218494333105,-0.004283598157740865
4.496,stage1,-0.004868218494333105,-0.004283598157740865
4.497,stage1,-0.004868218494333105,-0.004283598157740865
4.498,stage1,-0.004868218494333105,-0.004283598157740865
4.499,stage1,-0.004868218494333105,-0.004283598157740865
4.5,stage1,-0.004921461036693571,-0.00635825804039381
4.501,stage1,-0.004921461036693571,-0.00635825804039381
4.502,stage1,-0.004921461036693571,-0.00635825804039381
4.503,stage1,-0.004921461036693571,-0.00635825804039381
4.504,stage1,-0.004921461036693571,-0.00635825804039381
4.505,stage1,-0.004921461036693571,-0.00635825804039381
4.506,stage1,-0.004921461036693571,-0.00635825804039381
4.507,stage1,-0.004921461036693571,-0.00635825804039381
4.508,stage1,-0.004921461036693571,-0.00635825804039381
4.509,stage1,-0.004921461036693571,-0.00635825804039381
4.51,stage1,-0.0049952484743104675,-0.008392461068729547
4.511,stage1,-0.0049952484743104675,-0.008392461068729547
4.512,stage1,-0.0049952484743104675,-0.008392461068729547
4.513,stage1,-0.0049952484743104675,-0.008392461068729547
4.514,stage1,-0.0049952484743104675,-0.008392461068729547
4.515,stage1,-0.0049952484743104675,-0.008392461068729547
4.516,stage1,-0.0049952484743104675,-0.008392461068729547
4.517,stage1,-0.0049952484743104675,-0.008392461068729547
4.518,stage1,-0.0049952484743104675,-0.008392461068729547
4.519,stage1,-0.0049952484743104675,-0.008392461068729547
4.52,stage1,-0.005089172816802693,-0.010385527779242884
4.521,stage1,-0.005089172816802693,-0.010385527779242884
4.522,stage1,-0.005089172816802693,-0.010385527779242884
4.523,stage1,-0.005089172816802693,-0.010385527779242884
4.524,stage1,-0.005089172816802693,-0.010385527779242884
4.525,stage1,-0.005089172816802693,-0.010385527779242884
4.526,stage1,-0.005089172816802693,-0.010385527779242884
4.527,stage1,-0.005089172816802693,-0.010385527779242884
4.528,stage1,-0.005089172816802693,-0.010385527779242884
4.529,stage1,-0.005089172816802693,-0.010385527779242884
4.53,stage1,-0.005202819426615434,-0.012336808204901083
4.531,stage1,-0.005202819426615434,-0.012336808204901083
4.532,stage1,-0.005202819426615434,-0.012336808204901083
4.533,stage1,-0.005202819426615434,-0.012336808204901083
4.534,stage1,-0.005202819426615434,-0.012336808204901083
4.535,stage1,-0.005202819426615434,-0.012336808204901083
4.536,stage1,-0.005202819426615434,-0.012336808204901083
4.537,stage1,-0.005202819426615434,-0.012336808204901083
4.538,stage1,-0.005202819426615434,-0.012336808204901083
4.539,stage1,-0.005202819426615434,-0.012336808204901083
4.54,stage1,-0.005335767314077038,-0.01424568189107903
4.541,stage1,-0.005335767314077038,-0.01424568189107903
4.542,stage1,-0.005335767314077038,-0.01424568189107903
4.543,stage1,-0.005335767314077038,-0.01424568189107903
4.544,stage1,-0.005335767314077038,-0.01424568189107903
4.545,stage1,-0.005335767314077038,-0.01424568189107903
4.546,stage1,-0.005335767314077038,-0.01424568189107903
4.547,stage1,-0.005335767314077038,-0.01424568189107903
4.548,stage1,-0.005335767314077038,-0.01424568189107903
4.549,stage1,-0.005335767314077038,-0.01424568189107903
4.55,stage1,-0.005487589432540597,-0.01611155789659148
4.551,stage1,-0.005487589432540597,-0.01611155789659148
4.552,stage1,-0.005487589432540597,-0.01611155789659148
4.553,stage1,-0.005487589432540597,-0.01611155789659148
4.554,stage1,-0.005487589432540597,-0.01611155789659148
4.555,stage1,-0.005487589432540597,-0.01611155789659148
4.556,stage1,-0.005487589432540597,-0.01611155789659148
4.557,stage1,-0.005487589432540597,-0.01611155789659148
4.558,stage1,-0.005487589432540597,-0.01611155789659148
4.559,stage1,-0.005487589432540597,-0.01611155789659148
4.56,stage1,-0.005657852973461966,-0.017933874779970955
4.561,stage1,-0.005657852973461966,-0.017933874779970955
4.562,stage1,-0.005657852973461966,-0.017933874779970955
4.563,stage1,-0.005657852973461966,-0.017933874779970955
4.564,stage1,-0.005657852973461966,-0.017933874779970955
4.565,stage1,-0.005657852973461966,-0.017933874779970955
4.566,stage1,-0.005657852973461966,-0.017933874779970955
4.567,stage1,-0.005657852973461966,-0.017933874779970955
4.568,stage1,-0.005657852973461966,-0.017933874779970955
4.569,stage1,-0.005657852973461966,-0.017933874779970955
4.57,stage1,-0.005846119661267416,-0.019712100571145766
4.571,stage1,-0.005846119661267416,-0.019712100571145766
4.572,stage1,-0.005846119661267416,-0.019712100571145766
4.573,stage1,-0.005846119661267416,-0.019712100571145766
4.574,stage1,-0.005846119661267416,-0.019712100571145766
4.575,stage1,-0.005846119661267416,-0.019712100571145766
4.576,stage1,-0.005846119661267416,-0.019712100571145766
4.577,stage1,-0.005846119661267416,-0.019712100571145766
4.578,stage1,-0.005846119661267416,-0.019712100571145766
4.579,stage1,-0.005846119661267416,-0.019712100571145766
4.58,stage1,-0.00605194604786575,-0.02144573272867837
4.581,stage1,-0.00605194604786575,-0.02144573272867837
4.582,stage1,-0.00605194604786575,-0.02144573272867837
4.583,stage1,-0.00605194604786575,-0.02144573272867837
4.584,stage1,-0.00605194604786575,-0.02144573272867837
4.585,stage1,-0.00605194604786575,-0.02144573272867837
4.586,stage1,-0.00605194604786575,-0.02144573272867837
4.587,stage1,-0.00605194604786575,-0.02144573272867837
4.588,stage1,-0.00605194604786575,-0.02144573272867837
4.589,stage1,-0.00605194604786575,-0.02144573272867837
4.59,stage1,-0.006274883806661282,-0.02313429808272981
4.591,stage1,-0.006274883806661282,-0.02313429808272981
4.592,stage1,-0.006274883806661282,-0.02313429808272981
4.593,stage1,-0.006274883806661282,-0.02313429808272981
4.594,stage1,-0.006274883806661282,-0.02313429808272981
4.595,stage1,-0.006274883806661282,-0.02313429808272981
4.596,stage1,-0.006274883806661282,-0.02313429808272981
4.597,stage1,-0.006274883806661282,-0.02313429808272981
4.598,stage1,-0.006274883806661282,-0.02313429808272981
4.599,stage1,-0.006274883806661282,-0.02313429808272981
4.6,stage1,-0.006514480025925806,-0.02477735276392152
4.601,stage1,-0.006514480025925806,-0.02477735276392152
4.602,stage1,-0.006514480025925806,-0.02477735276392152
4.603,stage1,-0.006514480025925806,-0.02477735276392152
4.604,stage1,-0.006514480025925806,-0.02477735276392152
4.605,stage1,-0.006514480025925806,-0.02477735276392152
4.606,stage1,-0.006514480025925806,-0.02477735276392152
4.607,stage1,-0.006514480025925806,-0.02477735276392152
4.608,stage1,-0.006514480025925806,-0.02477735276392152
4.609,stage1,-0.006514480025925806,-0.02477735276392152
4.61,stage1,-0.006770277501389409,-0.02637448211827096
4.611,stage1,-0.006770277501389409,-0.02637448211827096
4.612,stage1,-0.006770277501389409,-0.02637448211827096
4.613,stage1,-0.006770277501389409,-0.02637448211827096
4.614,stage1,-0.006770277501389409,-0.02637448211827096
4.615,stage1,-0.006770277501389409,-0.02637448211827096
4.616,stage1,-0.006770277501389409,-0.02637448211827096
4.617,stage1,-0.006770277501389409,-0.02637448211827096
4.618,stage1,-0.006770277501389409,-0.02637448211827096
4.619,stage1,-0.006770277501389409,-0.02637448211827096
4.62,stage1,-0.007041815027911756,-0.027925300608382903
4.621,stage1,-0.007041815027911756,-0.027925300608382903
4.622,stage1,-0.007041815027911756,-0.027925300608382903
4.623,stage1,-0.007041815027911756,-0.027925300608382903
4.624,stage1,-0.007041815027911756,-0.027925300608382903
4.625,stage1,-0.007041815027911756,-0.027925300608382903
4.626,stage1,-0.007041815027911756,-0.027925300608382903
4.627,stage1,-0.007041815027911756,-0.027925300608382903
4.628,stage1,-0.007041815027911756,-0.027925300608382903
4.629,stage1,-0.007041815027911756,-0.027925300608382903
4.63,stage1,-0.0073286276900973515,-0.029429451701083006
4.631,stage1,-0.0073286276900973515,-0.029429451701083006
4.632,stage1,-0.0073286276900973515,-0.029429451701083006
4.633,stage1,-0.0073286276900973515,-0.029429451701083006
4.634,stage1,-0.0073286276900973515,-0.029429451701083006
4.635,stage1,-0.0073286276900973515,-0.029429451701083006
4.636,stage1,-0.0073286276900973515,-0.029429451701083006
4.637,stage1,-0.0073286276900973515,-0.029429451701083006
4.638,stage1,-0.0073286276900973515,-0.029429451701083006
4.639,stage1,-0.0073286276900973515,-0.029429451701083006
4.64,stage1,-0.007630247151720142,-0.03088660774168539
4.641,stage1,-0.007630247151720142,-0.03088660774168539
4.642,stage1,-0.007630247151720142,-0.03088660774168539
4.643,stage1,-0.007630247151720142,-0.03088660774168539
4.644,stage1,-0.007630247151720142,-0.03088660774168539
4.645,stage1,-0.007630247151720142,-0.03088660774168539
4.646,stage1,-0.007630247151720142,-0.03088660774168539
4.647,stage1,-0.007630247151720142,-0.03088660774168539
4.648,stage1,-0.007630247151720142,-0.03088660774168539
4.649,stage1,-0.007630247151720142,-0.03088660774168539
4.65,stage1,-0.00794620194382478,-0.03229646981509056
4.651,stage1,-0.00794620194382478,-0.03229646981509056
4.652,stage1,-0.00794620194382478,-0.03229646981509056
4.653,stage1,-0.00794620194382478,-0.03229646981509056
4.654,stage1,-0.00794620194382478,-0.03229646981509056
4.655,stage1,-0.00794620194382478,-0.03229646981509056
4.656,stage1,-0.00794620194382478,-0.03229646981509056
4.657,stage1,-0.00794620194382478,-0.03229646981509056
4.658,stage1,-0.00794620194382478,-0.03229646981509056
4.659,stage1,-0.00794620194382478,-0.03229646981509056
4.66,stage1,-0.008276017751373857,-0.03365876759391465
4.661,stage1,-0.008276017751373857,-0.03365876759391465
4.662,stage1,-0.008276017751373857,-0.03365876759391465
4.663,stage1,-0.008276017751373857,-0.03365876759391465
4.664,stage1,-0.008276017751373857,-0.03365876759391465
4.665,stage1,-0.008276017751373857,-0.03365876759391465
4.666,stage1,-0.008276017751373857,-0.03365876759391465
4.667,stage1,-0.008276017751373857,-0.03365876759391465
4.668,stage1,-0.008276017751373857,-0.03365876759391465
4.669,stage1,-0.008276017751373857,-0.03365876759391465
4.67,stage1,-0.008619217698312441,-0.034973259173855464
4.671,stage1,-0.008619217698312441,-0.034973259173855464
4.672,stage1,-0.008619217698312441,-0.034973259173855464
4.673,stage1,-0.008619217698312441,-0.034973259173855464
4.674,stage1,-0.008619217698312441,-0.034973259173855464
4.675,stage1,-0.008619217698312441,-0.034973259173855464
4.676,stage1,-0.008619217698312441,-0.034973259173855464
4.677,stage1,-0.008619217698312441,-0.034973259173855464
4.678,stage1,-0.008619217698312441,-0.034973259173855464
4.679,stage1,-0.008619217698312441,-0.034973259173855464
4.68,stage1,-0.008975322630923328,-0.03623973089650496
4.681,stage1,-0.008975322630923328,-0.03623973089650496
4.682,stage1,-0.008975322630923328,-0.03623973089650496
4.683,stage1,-0.008975322630923328,-0.03623973089650496
4.684,stage1,-0.008975322630923328,-0.03623973089650496
4.685,stage1,-0.008975322630923328,-0.03623973089650496
4.686,stage1,-0.008975322630923328,-0.03623973089650496
4.687,stage1,-0.008975322630923328,-0.03623973089650496
4.688,stage1,-0.008975322630923328,-0.03623973089650496
4.689,stage1,-0.008975322630923328,-0.03623973089650496
4.69,stage1,-0.009343851399348548,-0.03745799715982219
4.691,stage1,-0.009343851399348548,-0.03745799715982219
4.692,stage1,-0.009343851399348548,-0.03745799715982219
4.693,stage1,-0.009343851399348548,-0.03745799715982219
4.694,stage1,-0.009343851399348548,-0.03745799715982219
4.695,stage1,-0.009343851399348548,-0.03745799715982219
4.696,stage1,-0.009343851399348548,-0.03745799715982219
4.697,stage1,-0.009343851399348548,-0.03745799715982219
4.698,stage1,-0.009343851399348548,-0.03745799715982219
4.699,stage1,-0.009343851399348548,-0.03745799715982219
4.7,stage1,-0.009724321137154799,-0.03862790021648459
4.701,stage1,-0.009724321137154799,-0.03862790021648459
4.702,stage1,-0.009724321137154799,-0.03862790021648459
4.703,stage1,-0.009724321137154799,-0.03862790021648459
4.704,stage1,-0.009724321137154799,-0.03862790021648459
4.705,stage1,-0.009724321137154799,-0.03862790021648459
4.706,stage1,-0.009724321137154799,-0.03862790021648459
4.707,stage1,-0.009724321137154799,-0.03862790021648459
4.708,stage1,-0.009724321137154799,-0.03862790021648459
4.709,stage1,-0.009724321137154799,-0.03862790021648459
4.71,stage1,-0.010116247538822723,-0.0397493099603393
4.711,stage1,-0.010116247538822723,-0.0397493099603393
4.712,stage1,-0.010116247538822723,-0.0397493099603393
4.713,stage1,-0.010116247538822723,-0.0397493099603393
4.714,stage1,-0.010116247538822723,-0.0397493099603393
4.715,stage1,-0.010116247538822723,-0.0397493099603393
4.716,stage1,-0.010116247538822723,-0.0397493099603393
4.717,stage1,-0.010116247538822723,-0.0397493099603393
4.718,stage1,-0.010116247538822723,-0.0397493099603393
4.719,stage1,-0.010116247538822723,-0.0397493099603393
4.72,stage1,-0.010519145135042117,-0.04082212370118017
4.721,stage1,-0.010519145135042117,-0.04082212370118017
4.722,stage1,-0.010519145135042117,-0.04082212370118017
4.723,stage1,-0.010519145135042117,-0.04082212370118017
4.724,stage1,-0.010519145135042117,-0.04082212370118017
4.725,stage1,-0.010519145135042117,-0.04082212370118017
4.726,stage1,-0.010519145135042117,-0.04082212370118017
4.727,stage1,-0.010519145135042117,-0.04082212370118017
4.728,stage1,-0.010519145135042117,-0.04082212370118017
4.729,stage1,-0.010519145135042117,-0.04082212370118017
4.73,stage1,-0.010932527565697512,-0.04184626592807943
4.731,stage1,-0.010932527565697512,-0.04184626592807943
4.732,stage1,-0.010932527565697512,-0.04184626592807943
4.733,stage1,-0.010932527565697512,-0.04184626592807943
4.734,stage1,-0.010932527565697512,-0.04184626592807943
4.735,stage1,-0.010932527565697512,-0.04184626592807943
4.736,stage1,-0.010932527565697512,-0.04184626592807943
4.737,stage1,-0.010932527565697512,-0.04184626592807943
4.738,stage1,-0.010932527565697512,-0.04184626592807943
4.739,stage1,-0.010932527565697512,-0.04184626592807943
4.74,stage1,-0.011355907850430802,-0.042821688061506505
4.741,stage1,-0.011355907850430802,-0.042821688061506505
4.742,stage1,-0.011355907850430802,-0.042821688061506505
4.743,stage1,-0.011355907850430802,-0.042821688061506505
4.744,stage1,-0.011355907850430802,-0.042821688061506505
4.745,stage1,-0.011355907850430802,-0.042821688061506505
4.746,stage1,-0.011355907850430802,-0.042821688061506505
4.747,stage1,-0.011355907850430802,-0.042821688061506505
4.748,stage1,-0.011355907850430802,-0.042821688061506505
4.749,stage1,-0.011355907850430802,-0.042821688061506505
4.75,stage1,-0.011788798656669978,-0.043748368194469776
4.751,stage1,-0.011788798656669978,-0.043748368194469776
4.752,stage1,-0.011788798656669978,-0.043748368194469776
4.753,stage1,-0.011788798656669978,-0.043748368194469776
4.754,stage1,-0.011788798656669978,-0.043748368194469776
4.755,stage1,-0.011788798656669978,-0.043748368194469776
4.756,stage1,-0.011788798656669978,-0.043748368194469776
4.757,stage1,-0.011788798656669978,-0.043748368194469776
4.758,stage1,-0.011788798656669978,-0.043748368194469776
4.759,stage1,-0.011788798656669978,-0.043748368194469776
4.76,stage1,-0.012230712565015392,-0.04462631082292021
4.761,stage1,-0.012230712565015392,-0.04462631082292021
4.762,stage1,-0.012230712565015392,-0.04462631082292021
4.763,stage1,-0.012230712565015392,-0.04462631082292021
4.764,stage1,-0.012230712565015392,-0.04462631082292021
4.765,stage1,-0.012230712565015392,-0.04462631082292021
4.766,stage1,-0.012230712565015392,-0.04462631082292021
4.767,stage1,-0.012230712565015392,-0.04462631082292021
4.768,stage1,-0.012230712565015392,-0.04462631082292021
4.769,stage1,-0.012230712565015392,-0.04462631082292021
4.77,stage1,-0.012681162331877374,-0.04545554656565856
4.771,stage1,-0.012681162331877374,-0.04545554656565856
4.772,stage1,-0.012681162331877374,-0.04545554656565856
4.773,stage1,-0.012681162331877374,-0.04545554656565856
4.774,stage1,-0.012681162331877374,-0.04545554656565856
4.775,stage1,-0.012681162331877374,-0.04545554656565856
4.776,stage1,-0.012681162331877374,-0.04545554656565856
4.777,stage1,-0.012681162331877374,-0.04545554656565856
4.778,stage1,-0.012681162331877374,-0.04545554656565856
4.779,stage1,-0.012681162331877374,-0.04545554656565856
4.78,stage1,-0.013139661149261456,-0.04623613187399102
4.781,stage1,-0.013139661149261456,-0.04623613187399102
4.782,stage1,-0.013139661149261456,-0.04623613187399102
4.783,stage1,-0.013139661149261456,-0.04623613187399102
4.784,stage1,-0.013139661149261456,-0.04623613187399102
4.785,stage1,-0.013139661149261456,-0.04623613187399102
4.786,stage1,-0.013139661149261456,-0.04623613187399102
4.787,stage1,-0.013139661149261456,-0.04623613187399102
4.788,stage1,-0.013139661149261456,-0.04623613187399102
4.789,stage1,-0.013139661149261456,-0.04623613187399102
4.79,stage1,-0.013605722901599926,-0.04696814873138046
4.791,stage1,-0.013605722901599926,-0.04696814873138046
4.792,stage1,-0.013605722901599926,-0.04696814873138046
4.793,stage1,-0.013605722901599926,-0.04696814873138046
4.794,stage1,-0.013605722901599926,-0.04696814873138046
4.795,stage1,-0.013605722901599926,-0.04696814873138046
4.796,stage1,-0.013605722901599926,-0.04696814873138046
4.797,stage1,-0.013605722901599926,-0.04696814873138046
4.798,stage1,-0.013605722901599926,-0.04696814873138046
4.799,stage1,-0.013605722901599926,-0.04696814873138046
4.8,stage1,-0.014078862419530913,-0.04765170434334332
4.801,stage1,-0.014078862419530913,-0.04765170434334332
4.802,stage1,-0.014078862419530913,-0.04765170434334332
4.803,stage1,-0.014078862419530913,-0.04765170434334332
4.804,stage1,-0.014078862419530913,-0.04765170434334332
4.805,stage1,-0.014078862419530913,-0.04765170434334332
4.806,stage1,-0.014078862419530913,-0.04765170434334332
4.807,stage1,-0.014078862419530913,-0.04765170434334332
4.808,stage1,-0.014078862419530913,-0.04765170434334332
4.809,stage1,-0.014078862419530913,-0.04765170434334332
4.81,stage1,-0.01455859573052872,-0.04828693081784426
4.811,stage1,-0.01455859573052872,-0.04828693081784426
4.812,stage1,-0.01455859573052872,-0.04828693081784426
4.813,stage1,-0.01455859573052872,-0.04828693081784426
4.814,stage1,-0.01455859573052872,-0.04828693081784426
4.815,stage1,-0.01455859573052872,-0.04828693081784426
4.816,stage1,-0.01455859573052872,-0.04828693081784426
4.817,stage1,-0.01455859573052872,-0.04828693081784426
4.818,stage1,-0.01455859573052872,-0.04828693081784426
4.819,stage1,-0.01455859573052872,-0.04828693081784426
4.82,stage1,-0.015044440306291651,-0.04887398483644307
4.821,stage1,-0.015044440306291651,-0.04887398483644307
4.822,stage1,-0.015044440306291651,-0.04887398483644307
4.823,stage1,-0.015044440306291651,-0.04887398483644307
4.824,stage1,-0.015044440306291651,-0.04887398483644307
4.825,stage1,-0.015044440306291651,-0.04887398483644307
4.826,stage1,-0.015044440306291651,-0.04887398483644307
4.827,stage1,-0.015044440306291651,-0.04887398483644307
4.828,stage1,-0.015044440306291651,-0.04887398483644307
4.829,stage1,-0.015044440306291651,-0.04887398483644307
4.83,stage1,-0.015535915306796138,-0.04941304731645041
4.831,stage1,-0.015535915306796138,-0.04941304731645041
4.832,stage1,-0.015535915306796138,-0.04941304731645041
4.833,stage1,-0.015535915306796138,-0.04941304731645041
4.834,stage1,-0.015535915306796138,-0.04941304731645041
4.835,stage1,-0.015535915306796138,-0.04941304731645041
4.836,stage1,-0.015535915306796138,-0.04941304731645041
4.837,stage1,-0.015535915306796138,-0.04941304731645041
4.838,stage1,-0.015535915306796138,-0.04941304731645041
4.839,stage1,-0.015535915306796138,-0.04941304731645041
4.84,stage1,-0.016032541820928548,-0.04990432306435088
4.841,stage1,-0.016032541820928548,-0.04990432306435088
4.842,stage1,-0.016032541820928548,-0.04990432306435088
4.843,stage1,-0.016032541820928548,-0.04990432306435088
4.844,stage1,-0.016032541820928548,-0.04990432306435088
4.845,stage1,-0.016032541820928548,-0.04990432306435088
4.846,stage1,-0.016032541820928548,-0.04990432306435088
4.847,stage1,-0.016032541820928548,-0.04990432306435088
4.848,stage1,-0.016032541820928548,-0.04990432306435088
4.849,stage1,-0.016032541820928548,-0.04990432306435088
4.85,stage1,-0.01653384310360864,-0.050348040420753574
4.851,stage1,-0.01653384310360864,-0.050348040420753574
4.852,stage1,-0.01653384310360864,-0.050348040420753574
4.853,stage1,-0.01653384310360864,-0.050348040420753574
4.854,stage1,-0.01653384310360864,-0.050348040420753574
4.855,stage1,-0.01653384310360864,-0.050348040420753574
4.856,stage1,-0.01653384310360864,-0.050348040420753574
4.857,stage1,-0.01653384310360864,-0.050348040420753574
4.858,stage1,-0.01653384310360864,-0.050348040420753574
4.859,stage1,-0.01653384310360864,-0.050348040420753574
4.86,stage1,-0.01703934480932125,-0.05074445089713209
4.861,stage1,-0.01703934480932125,-0.05074445089713209
4.862,stage1,-0.01703934480932125,-0.05074445089713209
4.863,stage1,-0.01703934480932125,-0.05074445089713209
4.864,stage1,-0.01703934480932125,-0.05074445089713209
4.865,stage1,-0.01703934480932125,-0.05074445089713209
4.866,stage1,-0.01703934480932125,-0.05074445089713209
4.867,stage1,-0.01703934480932125,-0.05074445089713209
4.868,stage1,-0.01703934480932125,-0.05074445089713209
4.869,stage1,-0.01703934480932125,-0.05074445089713209
4.87,stage1,-0.017548575221975442,-0.051093828804617325
4.871,stage1,-0.017548575221975442,-0.051093828804617325
4.872,stage1,-0.017548575221975442,-0.051093828804617325
4.873,stage1,-0.017548575221975442,-0.051093828804617325
4.874,stage1,-0.017548575221975442,-0.051093828804617325
4.875,stage1,-0.017548575221975442,-0.051093828804617325
4.876,stage1,-0.017548575221975442,-0.051093828804617325
4.877,stage1,-0.017548575221975442,-0.051093828804617325
4.878,stage1,-0.017548575221975442,-0.051093828804617325
4.879,stage1,-0.017548575221975442,-0.051093828804617325
4.88,stage1,-0.01806106548101292,-0.05139647087510783
4.881,stage1,-0.01806106548101292,-0.05139647087510783
4.882,stage1,-0.01806106548101292,-0.05139647087510783
4.883,stage1,-0.01806106548101292,-0.05139647087510783
4.884,stage1,-0.01806106548101292,-0.05139647087510783
4.885,stage1,-0.01806106548101292,-0.05139647087510783
4.886,stage1,-0.01806106548101292,-0.05139647087510783
4.887,stage1,-0.01806106548101292,-0.05139647087510783
4.888,stage1,-0.01806106548101292,-0.05139647087510783
4.889,stage1,-0.01806106548101292,-0.05139647087510783
4.89,stage1,-0.01857634980369028,-0.05165269587496356
4.891,stage1,-0.01857634980369028,-0.05165269587496356
4.892,stage1,-0.01857634980369028,-0.05165269587496356
4.893,stage1,-0.01857634980369028,-0.05165269587496356
4.894,stage1,-0.01857634980369028,-0.05165269587496356
4.895,stage1,-0.01857634980369028,-0.05165269587496356
4.896,stage1,-0.01857634980369028,-0.05165269587496356
4.897,stage1,-0.01857634980369028,-0.05165269587496356
4.898,stage1,-0.01857634980369028,-0.05165269587496356
4.899,stage1,-0.01857634980369028,-0.05165269587496356
4.9,stage1,-0.01909396570346218,-0.05186284421154998
4.901,stage1,-0.01909396570346218,-0.05186284421154998
4.902,stage1,-0.01909396570346218,-0.05186284421154998
4.903,stage1,-0.01909396570346218,-0.05186284421154998
4.904,stage1,-0.01909396570346218,-0.05186284421154998
4.905,stage1,-0.01909396570346218,-0.05186284421154998
4.906,stage1,-0.01909396570346218,-0.05186284421154998
4.907,stage1,-0.01909396570346218,-0.05186284421154998
4.908,stage1,-0.01909396570346218,-0.05186284421154998
4.909,stage1,-0.01909396570346218,-0.05186284421154998
4.91,stage1,-0.019613454204395364,-0.05202727753290054
4.911,stage1,-0.019613454204395364,-0.05202727753290054
4.912,stage1,-0.019613454204395364,-0.05202727753290054
4.913,stage1,-0.019613454204395364,-0.05202727753290054
4.914,stage1,-0.019613454204395364,-0.05202727753290054
4.915,stage1,-0.019613454204395364,-0.05202727753290054
4.916,stage1,-0.019613454204395364,-0.05202727753290054
4.917,stage1,-0.019613454204395364,-0.05202727753290054
4.918,stage1,-0.019613454204395364,-0.05202727753290054
4.919,stage1,-0.019613454204395364,-0.05202727753290054
4.92,stage1,-0.02013436005154601,-0.05214637832076597
4.921,stage1,-0.02013436005154601,-0.05214637832076597
4.922,stage1,-0.02013436005154601,-0.05214637832076597
4.923,stage1,-0.02013436005154601,-0.05214637832076597
4.924,stage1,-0.02013436005154601,-0.05214637832076597
4.925,stage1,-0.02013436005154601,-0.05214637832076597
4.926,stage1,-0.02013436005154601,-0.05214637832076597
4.927,stage1,-0.02013436005154601,-0.05214637832076597
4.928,stage1,-0.02013436005154601,-0.05214637832076597
4.929,stage1,-0.02013436005154601,-0.05214637832076597
4.93,stage1,-0.020656231917235604,-0.05222054947731978
4.931,stage1,-0.020656231917235604,-0.05222054947731978
4.932,stage1,-0.020656231917235604,-0.05222054947731978
4.933,stage1,-0.020656231917235604,-0.05222054947731978
4.934,stage1,-0.020656231917235604,-0.05222054947731978
4.935,stage1,-0.020656231917235604,-0.05222054947731978
4.936,stage1,-0.020656231917235604,-0.05222054947731978
4.937,stage1,-0.020656231917235604,-0.05222054947731978
4.938,stage1,-0.020656231917235604,-0.05222054947731978
4.939,stage1,-0.020656231917235604,-0.05222054947731978
4.94,stage1,-0.021178622603163305,-0.05225021390578968
4.941,stage1,-0.021178622603163305,-0.05225021390578968
4.942,stage1,-0.021178622603163305,-0.05225021390578968
4.943,stage1,-0.021178622603163305,-0.05225021390578968
4.944,stage1,-0.021178622603163305,-0.05225021390578968
4.945,stage1,-0.021178622603163305,-0.05225021390578968
4.946,stage1,-0.021178622603163305,-0.05225021390578968
4.947,stage1,-0.021178622603163305,-0.05225021390578968
4.948,stage1,-0.021178622603163305,-0.05225021390578968
4.949,stage1,-0.021178622603163305,-0.05225021390578968
4.95,stage1,-0.021701089238295362,-0.05223581408528504
4.951,stage1,-0.021701089238295362,-0.05223581408528504
4.952,stage1,-0.021701089238295362,-0.05223581408528504
4.953,stage1,-0.021701089238295362,-0.05223581408528504
4.954,stage1,-0.021701089238295362,-0.05223581408528504
4.955,stage1,-0.021701089238295362,-0.05223581408528504
4.956,stage1,-0.021701089238295362,-0.05223581408528504
4.957,stage1,-0.021701089238295362,-0.05223581408528504
4.958,stage1,-0.021701089238295362,-0.05223581408528504
4.959,stage1,-0.021701089238295362,-0.05223581408528504
4.96,stage1,-0.02222319347247492,-0.05217781164009065
4.961,stage1,-0.02222319347247492,-0.05217781164009065
4.962,stage1,-0.02222319347247492,-0.05217781164009065
4.963,stage1,-0.02222319347247492,-0.05217781164009065
4.964,stage1,-0.02222319347247492,-0.05217781164009065
4.965,stage1,-0.02222319347247492,-0.05217781164009065
4.966,stage1,-0.02222319347247492,-0.05217781164009065
4.967,stage1,-0.02222319347247492,-0.05217781164009065
4.968,stage1,-0.02222319347247492,-0.05217781164009065
4.969,stage1,-0.02222319347247492,-0.05217781164009065
4.97,stage1,-0.02274450166569821,-0.052076686903697246
4.971,stage1,-0.02274450166569821,-0.052076686903697246
4.972,stage1,-0.02274450166569821,-0.052076686903697246
4.973,stage1,-0.02274450166569821,-0.052076686903697246
4.974,stage1,-0.02274450166569821,-0.052076686903697246
4.975,stage1,-0.02274450166569821,-0.052076686903697246
4.976,stage1,-0.02274450166569821,-0.052076686903697246
4.977,stage1,-0.02274450166569821,-0.052076686903697246
4.978,stage1,-0.02274450166569821,-0.052076686903697246
4.979,stage1,-0.02274450166569821,-0.052076686903697246
4.98,stage1,-0.023264585073005873,-0.051932938477839
4.981,stage1,-0.023264585073005873,-0.051932938477839
4.982,stage1,-0.023264585073005873,-0.051932938477839
4.983,stage1,-0.023264585073005873,-0.051932938477839
4.984,stage1,-0.023264585073005873,-0.051932938477839
4.985,stage1,-0.023264585073005873,-0.051932938477839
4.986,stage1,-0.023264585073005873,-0.051932938477839
4.987,stage1,-0.023264585073005873,-0.051932938477839
4.988,stage1,-0.023264585073005873,-0.051932938477839
4.989,stage1,-0.023264585073005873,-0.051932938477839
4.99,stage1,-0.023783020024940812,-0.051747082786808236
4.991,stage1,-0.023783020024940812,-0.051747082786808236
4.992,stage1,-0.023783020024940812,-0.051747082786808236
4.993,stage1,-0.023783020024940812,-0.051747082786808236
4.994,stage1,-0.023783020024940812,-0.051747082786808236
4.995,stage1,-0.023783020024940812,-0.051747082786808236
4.996,stage1,-0.023783020024940812,-0.051747082786808236
4.997,stage1,-0.023783020024940812,-0.051747082786808236
4.998,stage1,-0.023783020024940812,-0.051747082786808236
4.999,stage1,-0.023783020024940812,-0.051747082786808236
5.0,stage1,-0.024299388103526692,-0.05151965362731702
5.001,stage1,-0.024299388103526692,-0.05151965362731702
5.002,stage1,-0.024299388103526692,-0.05151965362731702
5.003,stage1,-0.024299388103526692,-0.05151965362731702
5.004,stage1,-0.024299388103526692,-0.05151965362731702
5.005,stage1,-0.024299388103526692,-0.05151965362731702
5.006,stage1,-0.024299388103526692,-0.05151965362731702
5.007,stage1,-0.024299388103526692,-0.05151965362731702
5.008,stage1,-0.024299388103526692,-0.05151965362731702
5.009,stage1,-0.024299388103526692,-0.05151965362731702
5.01,stage1,-0.02481327631372393,-0.0512512017141751
5.011,stage1,-0.02481327631372393,-0.0512512017141751
5.012,stage1,-0.02481327631372393,-0.0512512017141751
5.013,stage1,-0.02481327631372393,-0.0512512017141751
5.014,stage1,-0.02481327631372393,-0.0512512017141751
5.015,stage1,-0.02481327631372393,-0.0512512017141751
5.016,stage1,-0.02481327631372393,-0.0512512017141751
5.017,stage1,-0.02481327631372393,-0.0512512017141751
5.018,stage1,-0.02481327631372393,-0.0512512017141751
5.019,stage1,-0.02481327631372393,-0.0512512017141751
5.02,stage1,-0.025324277250322658,-0.050942294222052785
5.021,stage1,-0.025324277250322658,-0.050942294222052785
5.022,stage1,-0.025324277250322658,-0.050942294222052785
5.023,stage1,-0.025324277250322658,-0.050942294222052785
5.024,stage1,-0.025324277250322658,-0.050942294222052785
5.025,stage1,-0.025324277250322658,-0.050942294222052785
5.026,stage1,-0.025324277250322658,-0.050942294222052785
5.027,stage1,-0.025324277250322658,-0.050942294222052785
5.028,stage1,-0.025324277250322658,-0.050942294222052785
5.029,stage1,-0.025324277250322658,-0.050942294222052785
5.03,stage1,-0.025831989260234847,-0.050593514323596954
5.031,stage1,-0.025831989260234847,-0.050593514323596954
5.032,stage1,-0.025831989260234847,-0.050593514323596954
5.033,stage1,-0.025831989260234847,-0.050593514323596954
5.034,stage1,-0.025831989260234847,-0.050593514323596954
5.035,stage1,-0.025831989260234847,-0.050593514323596954
5.036,stage1,-0.025831989260234847,-0.050593514323596954
5.037,stage1,-0.025831989260234847,-0.050593514323596954
5.038,stage1,-0.025831989260234847,-0.050593514323596954
5.039,stage1,-0.025831989260234847,-0.050593514323596954
5.04,stage1,-0.026336016600150492,-0.05020546072416723
5.041,stage1,-0.026336016600150492,-0.05020546072416723
5.042,stage1,-0.026336016600150492,-0.05020546072416723
5.043,stage1,-0.026336016600150492,-0.05020546072416723
5.044,stage1,-0.026336016600150492,-0.05020546072416723
5.045,stage1,-0.026336016600150492,-0.05020546072416723
5.046,stage1,-0.026336016600150492,-0.05020546072416723
5.047,stage1,-0.026336016600150492,-0.05020546072416723
5.048,stage1,-0.026336016600150492,-0.05020546072416723
5.049,stage1,-0.026336016600150492,-0.05020546072416723
5.05,stage1,-0.026835969589525357,-0.04977874719345862
5.051,stage1,-0.026835969589525357,-0.04977874719345862
5.052,stage1,-0.026835969589525357,-0.04977874719345862
5.053,stage1,-0.026835969589525357,-0.04977874719345862
5.054,stage1,-0.026835969589525357,-0.04977874719345862
5.055,stage1,-0.026835969589525357,-0.04977874719345862
5.056,stage1,-0.026835969589525357,-0.04977874719345862
5.057,stage1,-0.026835969589525357,-0.04977874719345862
5.058,stage1,-0.026835969589525357,-0.04977874719345862
5.059,stage1,-0.026835969589525357,-0.04977874719345862
5.06,stage1,-0.02733146475887048,-0.049314002094275756
5.061,stage1,-0.02733146475887048,-0.049314002094275756
5.062,stage1,-0.02733146475887048,-0.049314002094275756
5.063,stage1,-0.02733146475887048,-0.049314002094275756
5.064,stage1,-0.02733146475887048,-0.049314002094275756
5.065,stage1,-0.02733146475887048,-0.049314002094275756
5.066,stage1,-0.02733146475887048,-0.049314002094275756
5.067,stage1,-0.02733146475887048,-0.049314002094275756
5.068,stage1,-0.02733146475887048,-0.049314002094275756
5.069,stage1,-0.02733146475887048,-0.049314002094275756
5.07,stage1,-0.027822124993316294,-0.04881186790872254
5.071,stage1,-0.027822124993316294,-0.04881186790872254
5.072,stage1,-0.027822124993316294,-0.04881186790872254
5.073,stage1,-0.027822124993316294,-0.04881186790872254
5.074,stage1,-0.027822124993316294,-0.04881186790872254
5.075,stage1,-0.027822124993316294,-0.04881186790872254
5.076,stage1,-0.027822124993316294,-0.04881186790872254
5.077,stage1,-0.027822124993316294,-0.04881186790872254
5.078,stage1,-0.027822124993316294,-0.04881186790872254
5.079,stage1,-0.027822124993316294,-0.04881186790872254
5.08,stage1,-0.028307579671426795,-0.04827300076206989
5.081,stage1,-0.028307579671426795,-0.04827300076206989
5.082,stage1,-0.028307579671426795,-0.04827300076206989
5.083,stage1,-0.028307579671426795,-0.04827300076206989
5.084,stage1,-0.028307579671426795,-0.04827300076206989
5.085,stage1,-0.028307579671426795,-0.04827300076206989
5.086,stage1,-0.028307579671426795,-0.04827300076206989
5.087,stage1,-0.028307579671426795,-0.04827300076206989
5.088,stage1,-0.028307579671426795,-0.04827300076206989
5.089,stage1,-0.028307579671426795,-0.04827300076206989
5.09,stage1,-0.02878746479924189,-0.047698069944562715
5.091,stage1,-0.02878746479924189,-0.047698069944562715
5.092,stage1,-0.02878746479924189,-0.047698069944562715
5.093,stage1,-0.02878746479924189,-0.047698069944562715
5.094,stage1,-0.02878746479924189,-0.047698069944562715
5.095,stage1,-0.02878746479924189,-0.047698069944562715
5.096,stage1,-0.02878746479924189,-0.047698069944562715
5.097,stage1,-0.02878746479924189,-0.047698069944562715
5.098,stage1,-0.02878746479924189,-0.047698069944562715
5.099,stage1,-0.02878746479924189,-0.047698069944562715
5.1,stage1,-0.02926142313952857,-0.04708775743142556
5.101,stage1,-0.02926142313952857,-0.04708775743142556
5.102,stage1,-0.02926142313952857,-0.04708775743142556
5.103,stage1,-0.02926142313952857,-0.04708775743142556
5.104,stage1,-0.02926142313952857,-0.04708775743142556
5.105,stage1,-0.02926142313952857,-0.04708775743142556
5.106,stage1,-0.02926142313952857,-0.04708775743142556
5.107,stage1,-0.02926142313952857,-0.04708775743142556
5.108,stage1,-0.02926142313952857,-0.04708775743142556
5.109,stage1,-0.02926142313952857,-0.04708775743142556
5.11,stage1,-0.029729104336224242,-0.04644275740132496
5.111,stage1,-0.029729104336224242,-0.04644275740132496
5.112,stage1,-0.029729104336224242,-0.04644275740132496
5.113,stage1,-0.029729104336224242,-0.04644275740132496
5.114,stage1,-0.029729104336224242,-0.04644275740132496
5.115,stage1,-0.029729104336224242,-0.04644275740132496
5.116,stage1,-0.029729104336224242,-0.04644275740132496
5.117,stage1,-0.029729104336224242,-0.04644275740132496
5.118,stage1,-0.029729104336224242,-0.04644275740132496
5.119,stage1,-0.029729104336224242,-0.04644275740132496
5.12,stage1,-0.030190165034057987,-0.045763775753544504
5.121,stage1,-0.030190165034057987,-0.045763775753544504
5.122,stage1,-0.030190165034057987,-0.045763775753544504
5.123,stage1,-0.030190165034057987,-0.045763775753544504
5.124,stage1,-0.030190165034057987,-0.045763775753544504
5.125,stage1,-0.030190165034057987,-0.045763775753544504
5.126,stage1,-0.030190165034057987,-0.045763775753544504
5.127,stage1,-0.030190165034057987,-0.045763775753544504
5.128,stage1,-0.030190165034057987,-0.045763775753544504
5.129,stage1,-0.030190165034057987,-0.045763775753544504
5.13,stage1,-0.030644268993338244,-0.04505152962412685
5.131,stage1,-0.030644268993338244,-0.04505152962412685
5.132,stage1,-0.030644268993338244,-0.04505152962412685
5.133,stage1,-0.030644268993338244,-0.04505152962412685
5.134,stage1,-0.030644268993338244,-0.04505152962412685
5.135,stage1,-0.030644268993338244,-0.04505152962412685
5.136,stage1,-0.030644268993338244,-0.04505152962412685
5.137,stage1,-0.030644268993338244,-0.04505152962412685
5.138,stage1,-0.030644268993338244,-0.04505152962412685
5.139,stage1,-0.030644268993338244,-0.04505152962412685
5.14,stage1,-0.031091087199897758,-0.044306746901234886
5.141,stage1,-0.031091087199897758,-0.044306746901234886
5.142,stage1,-0.031091087199897758,-0.044306746901234886
5.143,stage1,-0.031091087199897758,-0.044306746901234886
5.144,stage1,-0.031091087199897758,-0.044306746901234886
5.145,stage1,-0.031091087199897758,-0.044306746901234886
5.146,stage1,-0.031091087199897758,-0.044306746901234886
5.147,stage1,-0.031091087199897758,-0.044306746901234886
5.148,stage1,-0.031091087199897758,-0.044306746901234886
5.149,stage1,-0.031091087199897758,-0.044306746901234886
5.15,stage1,-0.03153029797018932,-0.04353016573998209
5.151,stage1,-0.03153029797018932,-0.04353016573998209
5.152,stage1,-0.03153029797018932,-0.04353016573998209
5.153,stage1,-0.03153029797018932,-0.04353016573998209
5.154,stage1,-0.03153029797018932,-0.04353016573998209
5.155,stage1,-0.03153029797018932,-0.04353016573998209
5.156,stage1,-0.03153029797018932,-0.04353016573998209
5.157,stage1,-0.03153029797018932,-0.04353016573998209
5.158,stage1,-0.03153029797018932,-0.04353016573998209
5.159,stage1,-0.03153029797018932,-0.04353016573998209
5.16,stage1,-0.03196158705152813,-0.04272253407697996
5.161,stage1,-0.03196158705152813,-0.04272253407697996
5.162,stage1,-0.03196158705152813,-0.04272253407697996
5.163,stage1,-0.03196158705152813,-0.04272253407697996
5.164,stage1,-0.03196158705152813,-0.04272253407697996
5.165,stage1,-0.03196158705152813,-0.04272253407697996
5.166,stage1,-0.03196158705152813,-0.04272253407697996
5.167,stage1,-0.03196158705152813,-0.04272253407697996
5.168,stage1,-0.03196158705152813,-0.04272253407697996
5.169,stage1,-0.03196158705152813,-0.04272253407697996
5.17,stage1,-0.03238464771747933,-0.04188460914484805
5.171,stage1,-0.03238464771747933,-0.04188460914484805
5.172,stage1,-0.03238464771747933,-0.04188460914484805
5.173,stage1,-0.03238464771747933,-0.04188460914484805
5.174,stage1,-0.03238464771747933,-0.04188460914484805
5.175,stage1,-0.03238464771747933,-0.04188460914484805
5.176,stage1,-0.03238464771747933,-0.04188460914484805
5.177,stage1,-0.03238464771747933,-0.04188460914484805
5.178,stage1,-0.03238464771747933,-0.04188460914484805
5.179,stage1,-0.03238464771747933,-0.04188460914484805
5.18,stage1,-0.03279918085839138,-0.04101715698692983
5.181,stage1,-0.03279918085839138,-0.04101715698692983
5.182,stage1,-0.03279918085839138,-0.04101715698692983
5.183,stage1,-0.03279918085839138,-0.04101715698692983
5.184,stage1,-0.03279918085839138,-0.04101715698692983
5.185,stage1,-0.03279918085839138,-0.04101715698692983
5.186,stage1,-0.03279918085839138,-0.04101715698692983
5.187,stage1,-0.03279918085839138,-0.04101715698692983
5.188,stage1,-0.03279918085839138,-0.04101715698692983
5.189,stage1,-0.03279918085839138,-0.04101715698692983
5.19,stage1,-0.03320489506707868,-0.04012095197245475
5.191,stage1,-0.03320489506707868,-0.04012095197245475
5.192,stage1,-0.03320489506707868,-0.04012095197245475
5.193,stage1,-0.03320489506707868,-0.04012095197245475
5.194,stage1,-0.03320489506707868,-0.04012095197245475
5.195,stage1,-0.03320489506707868,-0.04012095197245475
5.196,stage1,-0.03320489506707868,-0.04012095197245475
5.197,stage1,-0.03320489506707868,-0.04012095197245475
5.198,stage1,-0.03320489506707868,-0.04012095197245475
5.199,stage1,-0.03320489506707868,-0.04012095197245475
5.2,stage1,-0.033601506719659,-0.03919677631238486
5.201,stage1,-0.033601506719659,-0.03919677631238486
5.202,stage1,-0.033601506719659,-0.03919677631238486
5.203,stage1,-0.033601506719659,-0.03919677631238486
5.204,stage1,-0.033601506719659,-0.03919677631238486
5.205,stage1,-0.033601506719659,-0.03919677631238486
5.206,stage1,-0.033601506719659,-0.03919677631238486
5.207,stage1,-0.033601506719659,-0.03919677631238486
5.208,stage1,-0.033601506719659,-0.03919677631238486
5.209,stage1,-0.033601506719659,-0.03919677631238486
5.21,stage1,-0.03398874005155383,-0.0382454195761809
5.211,stage1,-0.03398874005155383,-0.0382454195761809
5.212,stage1,-0.03398874005155383,-0.0382454195761809
5.213,stage1,-0.03398874005155383,-0.0382454195761809
5.214,stage1,-0.03398874005155383,-0.0382454195761809
5.215,stage1,-0.03398874005155383,-0.0382454195761809
5.216,stage1,-0.03398874005155383,-0.0382454195761809
5.217,stage1,-0.03398874005155383,-0.0382454195761809
5.218,stage1,-0.03398874005155383,-0.0382454195761809
5.219,stage1,-0.03398874005155383,-0.0382454195761809
5.22,stage1,-0.034366327228661876,-0.03726767820972072
5.221,stage1,-0.034366327228661876,-0.03726767820972072
5.222,stage1,-0.034366327228661876,-0.03726767820972072
5.223,stage1,-0.034366327228661876,-0.03726767820972072
5.224,stage1,-0.034366327228661876,-0.03726767820972072
5.225,stage1,-0.034366327228661876,-0.03726767820972072
5.226,stage1,-0.034366327228661876,-0.03726767820972072
5.227,stage1,-0.034366327228661876,-0.03726767820972072
5.228,stage1,-0.034366327228661876,-0.03726767820972072
5.229,stage1,-0.034366327228661876,-0.03726767820972072
5.23,stage1,-0.03473400841371858,-0.036264355054599406
5.231,stage1,-0.03473400841371858,-0.036264355054599406
5.232,stage1,-0.03473400841371858,-0.036264355054599406
5.233,stage1,-0.03473400841371858,-0.036264355054599406
5.234,stage1,-0.03473400841371858,-0.036264355054599406
5.235,stage1,-0.03473400841371858,-0.036264355054599406
5.236,stage1,-0.03473400841371858,-0.036264355054599406
5.237,stage1,-0.03473400841371858,-0.036264355054599406
5.238,stage1,-0.03473400841371858,-0.036264355054599406
5.239,stage1,-0.03473400841371858,-0.036264355054599406
5.24,stage1,-0.03509153182785636,-0.035236258869037904
5.241,stage1,-0.03509153182785636,-0.035236258869037904
5.242,stage1,-0.03509153182785636,-0.035236258869037904
5.243,stage1,-0.03509153182785636,-0.035236258869037904
5.244,stage1,-0.03509153182785636,-0.035236258869037904
5.245,stage1,-0.03509153182785636,-0.035236258869037904
5.246,stage1,-0.03509153182785636,-0.035236258869037904
5.247,stage1,-0.03509153182785636,-0.035236258869037904
5.248,stage1,-0.03509153182785636,-0.035236258869037904
5.249,stage1,-0.03509153182785636,-0.035236258869037904
5.25,stage1,-0.035438653807383036,-0.034184203850623714
5.251,stage1,-0.035438653807383036,-0.034184203850623714
5.252,stage1,-0.035438653807383036,-0.034184203850623714
5.253,stage1,-0.035438653807383036,-0.034184203850623714
5.254,stage1,-0.035438653807383036,-0.034184203850623714
5.255,stage1,-0.035438653807383036,-0.034184203850623714
5.256,stage1,-0.035438653807383036,-0.034184203850623714
5.257,stage1,-0.035438653807383036,-0.034184203850623714
5.258,stage1,-0.035438653807383036,-0.034184203850623714
5.259,stage1,-0.035438653807383036,-0.034184203850623714
5.26,stage1,-0.035775138855797625,-0.03310900916110414
5.261,stage1,-0.035775138855797625,-0.03310900916110414
5.262,stage1,-0.035775138855797625,-0.03310900916110414
5.263,stage1,-0.035775138855797625,-0.03310900916110414
5.264,stage1,-0.035775138855797625,-0.03310900916110414
5.265,stage1,-0.035775138855797625,-0.03310900916110414
5.266,stage1,-0.035775138855797625,-0.03310900916110414
5.267,stage1,-0.035775138855797625,-0.03310900916110414
5.268,stage1,-0.035775138855797625,-0.03310900916110414
5.269,stage1,-0.035775138855797625,-0.03310900916110414
5.27,stage1,-0.03610075969106536,-0.03201149845344939
5.271,stage1,-0.03610075969106536,-0.03201149845344939
5.272,stage1,-0.03610075969106536,-0.03201149845344939
5.273,stage1,-0.03610075969106536,-0.03201149845344939
5.274,stage1,-0.03610075969106536,-0.03201149845344939
5.275,stage1,-0.03610075969106536,-0.03201149845344939
5.276,stage1,-0.03610075969106536,-0.03201149845344939
5.277,stage1,-0.03610075969106536,-0.03201149845344939
5.278,stage1,-0.03610075969106536,-0.03201149845344939
5.279,stage1,-0.03610075969106536,-0.03201149845344939
5.28,stage1,-0.036415297288175476,-0.030892499401399463
5.281,stage1,-0.036415297288175476,-0.030892499401399463
5.282,stage1,-0.036415297288175476,-0.030892499401399463
5.283,stage1,-0.036415297288175476,-0.030892499401399463
5.284,stage1,-0.036415297288175476,-0.030892499401399463
5.285,stage1,-0.036415297288175476,-0.030892499401399463
5.286,stage1,-0.036415297288175476,-0.030892499401399463
5.287,stage1,-0.036415297288175476,-0.030892499401399463
5.288,stage1,-0.036415297288175476,-0.030892499401399463
5.289,stage1,-0.036415297288175476,-0.030892499401399463
5.29,stage1,-0.03671854091700783,-0.029752843231705524
5.291,stage1,-0.03671854091700783,-0.029752843231705524
5.292,stage1,-0.03671854091700783,-0.029752843231705524
5.293,stage1,-0.03671854091700783,-0.029752843231705524
5.294,stage1,-0.03671854091700783,-0.029752843231705524
5.295,stage1,-0.03671854091700783,-0.029752843231705524
5.296,stage1,-0.03671854091700783,-0.029752843231705524
5.297,stage1,-0.03671854091700783,-0.029752843231705524
5.298,stage1,-0.03671854091700783,-0.029752843231705524
5.299,stage1,-0.03671854091700783,-0.029752843231705524
5.3,stage1,-0.03701028817553625,-0.028593364259272867
5.301,stage1,-0.03701028817553625,-0.028593364259272867
5.302,stage1,-0.03701028817553625,-0.028593364259272867
5.303,stage1,-0.03701028817553625,-0.028593364259272867
5.304,stage1,-0.03701028817553625,-0.028593364259272867
5.305,stage1,-0.03701028817553625,-0.028593364259272867
5.306,stage1,-0.03701028817553625,-0.028593364259272867
5.307,stage1,-0.03701028817553625,-0.028593364259272867
5.308,stage1,-0.03701028817553625,-0.028593364259272867
5.309,stage1,-0.03701028817553625,-0.028593364259272867
5.31,stage1,-0.03729034501839865,-0.027414899425409256
5.311,stage1,-0.03729034501839865,-0.027414899425409256
5.312,stage1,-0.03729034501839865,-0.027414899425409256
5.313,stage1,-0.03729034501839865,-0.027414899425409256
5.314,stage1,-0.03729034501839865,-0.027414899425409256
5.315,stage1,-0.03729034501839865,-0.027414899425409256
5.316,stage1,-0.03729034501839865,-0.027414899425409256
5.317,stage1,-0.03729034501839865,-0.027414899425409256
5.318,stage1,-0.03729034501839865,-0.027414899425409256
5.319,stage1,-0.03729034501839865,-0.027414899425409256
5.32,stage1,-0.03755852578086605,-0.026218287839378702
5.321,stage1,-0.03755852578086605,-0.026218287839378702
5.322,stage1,-0.03755852578086605,-0.026218287839378702
5.323,stage1,-0.03755852578086605,-0.026218287839378702
5.324,stage1,-0.03755852578086605,-0.026218287839378702
5.325,stage1,-0.03755852578086605,-0.026218287839378702
5.326,stage1,-0.03755852578086605,-0.026218287839378702
5.327,stage1,-0.03755852578086605,-0.026218287839378702
5.328,stage1,-0.03755852578086605,-0.026218287839378702
5.329,stage1,-0.03755852578086605,-0.026218287839378702
5.33,stage1,-0.03781465319824439,-0.0250043703234572
5.331,stage1,-0.03781465319824439,-0.0250043703234572
5.332,stage1,-0.03781465319824439,-0.0250043703234572
5.333,stage1,-0.03781465319824439,-0.0250043703234572
5.334,stage1,-0.03781465319824439,-0.0250043703234572
5.335,stage1,-0.03781465319824439,-0.0250043703234572
5.336,stage1,-0.03781465319824439,-0.0250043703234572
5.337,stage1,-0.03781465319824439,-0.0250043703234572
5.338,stage1,-0.03781465319824439,-0.0250043703234572
5.339,stage1,-0.03781465319824439,-0.0250043703234572
5.34,stage1,-0.03805855842074533,-0.023773988961683215
5.341,stage1,-0.03805855842074533,-0.023773988961683215
5.342,stage1,-0.03805855842074533,-0.023773988961683215
5.343,stage1,-0.03805855842074533,-0.023773988961683215
5.344,stage1,-0.03805855842074533,-0.023773988961683215
5.345,stage1,-0.03805855842074533,-0.023773988961683215
5.346,stage1,-0.03805855842074533,-0.023773988961683215
5.347,stage1,-0.03805855842074533,-0.023773988961683215
5.348,stage1,-0.03805855842074533,-0.023773988961683215
5.349,stage1,-0.03805855842074533,-0.023773988961683215
5.35,stage1,-0.038290081023863706,-0.022527986652491987
5.351,stage1,-0.038290081023863706,-0.022527986652491987
5.352,stage1,-0.038290081023863706,-0.022527986652491987
5.353,stage1,-0.038290081023863706,-0.022527986652491987
5.354,stage1,-0.038290081023863706,-0.022527986652491987
5.355,stage1,-0.038290081023863706,-0.022527986652491987
5.356,stage1,-0.038290081023863706,-0.022527986652491987
5.357,stage1,-0.038290081023863706,-0.022527986652491987
5.358,stage1,-0.038290081023863706,-0.022527986652491987
5.359,stage1,-0.038290081023863706,-0.022527986652491987
5.36,stage1,-0.03850906901430161,-0.02126720666541885
5.361,stage1,-0.03850906901430161,-0.02126720666541885
5.362,stage1,-0.03850906901430161,-0.02126720666541885
5.363,stage1,-0.03850906901430161,-0.02126720666541885
5.364,stage1,-0.03850906901430161,-0.02126720666541885
5.365,stage1,-0.03850906901430161,-0.02126720666541885
5.366,stage1,-0.03850906901430161,-0.02126720666541885
5.367,stage1,-0.03850906901430161,-0.02126720666541885
5.368,stage1,-0.03850906901430161,-0.02126720666541885
5.369,stage1,-0.03850906901430161,-0.02126720666541885
5.37,stage1,-0.03871537883148054,-0.01999249220205297
5.371,stage1,-0.03871537883148054,-0.01999249220205297
5.372,stage1,-0.03871537883148054,-0.01999249220205297
5.373,stage1,-0.03871537883148054,-0.01999249220205297
5.374,stage1,-0.03871537883148054,-0.01999249220205297
5.375,stage1,-0.03871537883148054,-0.01999249220205297
5.376,stage1,-0.03871537883148054,-0.01999249220205297
5.377,stage1,-0.03871537883148054,-0.01999249220205297
5.378,stage1,-0.03871537883148054,-0.01999249220205297
5.379,stage1,-0.03871537883148054,-0.01999249220205297
5.38,stage1,-0.03890887534468512,-0.018704685961418954
5.381,stage1,-0.03890887534468512,-0.018704685961418954
5.382,stage1,-0.03890887534468512,-0.018704685961418954
5.383,stage1,-0.03890887534468512,-0.018704685961418954
5.384,stage1,-0.03890887534468512,-0.018704685961418954
5.385,stage1,-0.03890887534468512,-0.018704685961418954
5.386,stage1,-0.03890887534468512,-0.018704685961418954
5.387,stage1,-0.03890887534468512,-0.018704685961418954
5.388,stage1,-0.03890887534468512,-0.018704685961418954
5.389,stage1,-0.03890887534468512,-0.018704685961418954
5.39,stage1,-0.0390894318458835,-0.017404629709959797
5.391,stage1,-0.0390894318458835,-0.017404629709959797
5.392,stage1,-0.0390894318458835,-0.017404629709959797
5.393,stage1,-0.0390894318458835,-0.017404629709959797
5.394,stage1,-0.0390894318458835,-0.017404629709959797
5.395,stage1,-0.0390894318458835,-0.017404629709959797
5.396,stage1,-0.0390894318458835,-0.017404629709959797
5.397,stage1,-0.0390894318458835,-0.017404629709959797
5.398,stage1,-0.0390894318458835,-0.017404629709959797
5.399,stage1,-0.0390894318458835,-0.017404629709959797
5.4,stage1,-0.039256930038271264,-0.01609316385629066
5.401,stage1,-0.039256930038271264,-0.01609316385629066
5.402,stage1,-0.039256930038271264,-0.01609316385629066
5.403,stage1,-0.039256930038271264,-0.01609316385629066
5.404,stage1,-0.039256930038271264,-0.01609316385629066
5.405,stage1,-0.039256930038271264,-0.01609316385629066
5.406,stage1,-0.039256930038271264,-0.01609316385629066
5.407,stage1,-0.039256930038271264,-0.01609316385629066
5.408,stage1,-0.039256930038271264,-0.01609316385629066
5.409,stage1,-0.039256930038271264,-0.01609316385629066
5.41,stage1,-0.03941126002058746,-0.014771127030888885
5.411,stage1,-0.03941126002058746,-0.014771127030888885
5.412,stage1,-0.03941126002058746,-0.014771127030888885
5.413,stage1,-0.03941126002058746,-0.014771127030888885
5.414,stage1,-0.03941126002058746,-0.014771127030888885
5.415,stage1,-0.03941126002058746,-0.014771127030888885
5.416,stage1,-0.03941126002058746,-0.014771127030888885
5.417,stage1,-0.03941126002058746,-0.014771127030888885
5.418,stage1,-0.03941126002058746,-0.014771127030888885
5.419,stage1,-0.03941126002058746,-0.014771127030888885
5.42,stage1,-0.03955232026725287,-0.013439355670881564
5.421,stage1,-0.03955232026725287,-0.013439355670881564
5.422,stage1,-0.03955232026725287,-0.013439355670881564
5.423,stage1,-0.03955232026725287,-0.013439355670881564
5.424,stage1,-0.03955232026725287,-0.013439355670881564
5.425,stage1,-0.03955232026725287,-0.013439355670881564
5.426,stage1,-0.03955232026725287,-0.013439355670881564
5.427,stage1,-0.03955232026725287,-0.013439355670881564
5.428,stage1,-0.03955232026725287,-0.013439355670881564
5.429,stage1,-0.03955232026725287,-0.013439355670881564
5.43,stage1,-0.039680017604382285,-0.012098683610087835
5.431,stage1,-0.039680017604382285,-0.012098683610087835
5.432,stage1,-0.039680017604382285,-0.012098683610087835
5.433,stage1,-0.039680017604382285,-0.012098683610087835
5.434,stage1,-0.039680017604382285,-0.012098683610087835
5.435,stage1,-0.039680017604382285,-0.012098683610087835
5.436,stage1,-0.039680017604382285,-0.012098683610087835
5.437,stage1,-0.039680017604382285,-0.012098683610087835
5.438,stage1,-0.039680017604382285,-0.012098683610087835
5.439,stage1,-0.039680017604382285,-0.012098683610087835
5.44,stage1,-0.03979426718172416,-0.01074994167446891
5.441,stage1,-0.03979426718172416,-0.01074994167446891
5.442,stage1,-0.03979426718172416,-0.01074994167446891
5.443,stage1,-0.03979426718172416,-0.01074994167446891
5.444,stage1,-0.03979426718172416,-0.01074994167446891
5.445,stage1,-0.03979426718172416,-0.01074994167446891
5.446,stage1,-0.03979426718172416,-0.01074994167446891
5.447,stage1,-0.03979426718172416,-0.01074994167446891
5.448,stage1,-0.03979426718172416,-0.01074994167446891
5.449,stage1,-0.03979426718172416,-0.01074994167446891
5.45,stage1,-0.03989499244058236,-0.009393957283134595
5.451,stage1,-0.03989499244058236,-0.009393957283134595
5.452,stage1,-0.03989499244058236,-0.009393957283134595
5.453,stage1,-0.03989499244058236,-0.009393957283134595
5.454,stage1,-0.03989499244058236,-0.009393957283134595
5.455,stage1,-0.03989499244058236,-0.009393957283134595
5.456,stage1,-0.03989499244058236,-0.009393957283134595
5.457,stage1,-0.03989499244058236,-0.009393957283134595
5.458,stage1,-0.03989499244058236,-0.009393957283134595
5.459,stage1,-0.03989499244058236,-0.009393957283134595
5.46,stage1,-0.039982125077776445,-0.008031554055050866
5.461,stage1,-0.039982125077776445,-0.008031554055050866
5.462,stage1,-0.039982125077776445,-0.008031554055050866
5.463,stage1,-0.039982125077776445,-0.008031554055050866
5.464,stage1,-0.039982125077776445,-0.008031554055050866
5.465,stage1,-0.039982125077776445,-0.008031554055050866
5.466,stage1,-0.039982125077776445,-0.008031554055050866
5.467,stage1,-0.039982125077776445,-0.008031554055050866
5.468,stage1,-0.039982125077776445,-0.008031554055050866
5.469,stage1,-0.039982125077776445,-0.008031554055050866
5.47,stage1,-0.040055605005698026,-0.0066635514215887415
5.471,stage1,-0.040055605005698026,-0.0066635514215887415
5.472,stage1,-0.040055605005698026,-0.0066635514215887415
5.473,stage1,-0.040055605005698026,-0.0066635514215887415
5.474,stage1,-0.040055605005698026,-0.0066635514215887415
5.475,stage1,-0.040055605005698026,-0.0066635514215887415
5.476,stage1,-0.040055605005698026,-0.0066635514215887415
5.477,stage1,-0.040055605005698026,-0.0066635514215887415
5.478,stage1,-0.040055605005698026,-0.0066635514215887415
5.479,stage1,-0.040055605005698026,-0.0066635514215887415
5.48,stage1,-0.040115380308522464,-0.005290764245050432
5.481,stage1,-0.040115380308522464,-0.005290764245050432
5.482,stage1,-0.040115380308522464,-0.005290764245050432
5.483,stage1,-0.040115380308522464,-0.005290764245050432
5.484,stage1,-0.040115380308522464,-0.005290764245050432
5.485,stage1,-0.040115380308522464,-0.005290764245050432
5.486,stage1,-0.040115380308522464,-0.005290764245050432
5.487,stage1,-0.040115380308522464,-0.005290764245050432
5.488,stage1,-0.040115380308522464,-0.005290764245050432
5.489,stage1,-0.040115380308522464,-0.005290764245050432
5.49,stage1,-0.04016140719463623,-0.003914002443304381
5.491,stage1,-0.04016140719463623,-0.003914002443304381
5.492,stage1,-0.04016140719463623,-0.003914002443304381
5.493,stage1,-0.04016140719463623,-0.003914002443304381
5.494,stage1,-0.04016140719463623,-0.003914002443304381
5.495,stage1,-0.04016140719463623,-0.003914002443304381
5.496,stage1,-0.04016140719463623,-0.003914002443304381
5.497,stage1,-0.04016140719463623,-0.003914002443304381
5.498,stage1,-0.04016140719463623,-0.003914002443304381
5.499,stage1,-0.04016140719463623,-0.003914002443304381
5.5,stage1,-0.04019364994534168,-0.002534070620656486
5.501,stage1,-0.04019364994534168,-0.002534070620656486
5.502,stage1,-0.04019364994534168,-0.002534070620656486
5.503,stage1,-0.04019364994534168,-0.002534070620656486
5.504,stage1,-0.04019364994534168,-0.002534070620656486
5.505,stage1,-0.04019364994534168,-0.002534070620656486
5.506,stage1,-0.04019364994534168,-0.002534070620656486
5.507,stage1,-0.04019364994534168,-0.002534070620656486
5.508,stage1,-0.04019364994534168,-0.002534070620656486
5.509,stage1,-0.04019364994534168,-0.002534070620656486
5.51,stage1,-0.04021208085990228,-0.0011517677050804072
5.511,stage1,-0.04021208085990228,-0.0011517677050804072
5.512,stage1,-0.04021208085990228,-0.0011517677050804072
5.513,stage1,-0.04021208085990228,-0.0011517677050804072
5.514,stage1,-0.04021208085990228,-0.0011517677050804072
5.515,stage1,-0.04021208085990228,-0.0011517677050804072
5.516,stage1,-0.04021208085990228,-0.0011517677050804072
5.517,stage1,-0.04021208085990228,-0.0011517677050804072
5.518,stage1,-0.04021208085990228,-0.0011517677050804072
5.519,stage1,-0.04021208085990228,-0.0011517677050804072
5.52,stage1,-0.040216680196992385,0.0002321134080745166
5.521,stage1,-0.040216680196992385,0.0002321134080745166
5.522,stage1,-0.040216680196992385,0.0002321134080745166
5.523,stage1,-0.040216680196992385,0.0002321134080745166
5.524,stage1,-0.040216680196992385,0.0002321134080745166
5.525,stage1,-0.040216680196992385,0.0002321134080745166
5.526,stage1,-0.040216680196992385,0.0002321134080745166
5.527,stage1,-0.040216680196992385,0.0002321134080745166
5.528,stage1,-0.040216680196992385,0.0002321134080745166
5.529,stage1,-0.040216680196992385,0.0002321134080745166
5.53,stage1,-0.04020743611261698,0.0016167862057836241
5.531,stage1,-0.04020743611261698,0.0016167862057836241
5.532,stage1,-0.04020743611261698,0.0016167862057836241
5.533,stage1,-0.04020743611261698,0.0016167862057836241
5.534,stage1,-0.04020743611261698,0.0016167862057836241
5.535,stage1,-0.04020743611261698,0.0016167862057836241
5.536,stage1,-0.04020743611261698,0.0016167862057836241
5.537,stage1,-0.04020743611261698,0.0016167862057836241
5.538,stage1,-0.04020743611261698,0.0016167862057836241
5.539,stage1,-0.04020743611261698,0.0016167862057836241
5.54,stage1,-0.04018434459456782,0.00300147090034587
5.541,stage1,-0.04018434459456782,0.00300147090034587
5.542,stage1,-0.04018434459456782,0.00300147090034587
5.543,stage1,-0.04018434459456782,0.00300147090034587
5.544,stage1,-0.04018434459456782,0.00300147090034587
5.545,stage1,-0.04018434459456782,0.00300147090034587
5.546,stage1,-0.04018434459456782,0.00300147090034587
5.547,stage1,-0.04018434459456782,0.00300147090034587
5.548,stage1,-0.04018434459456782,0.00300147090034587
5.549,stage1,-0.04018434459456782,0.00300147090034587
5.55,stage1,-0.04014740939348357,0.004385394765576072
5.551,stage1,-0.04014740939348357,0.004385394765576072
5.552,stage1,-0.04014740939348357,0.004385394765576072
5.553,stage1,-0.04014740939348357,0.004385394765576072
5.554,stage1,-0.04014740939348357,0.004385394765576072
5.555,stage1,-0.04014740939348357,0.004385394765576072
5.556,stage1,-0.04014740939348357,0.004385394765576072
5.557,stage1,-0.04014740939348357,0.004385394765576072
5.558,stage1,-0.04014740939348357,0.004385394765576072
5.559,stage1,-0.04014740939348357,0.004385394765576072
5.56,stage1,-0.040096641950582386,0.00576779246608964
5.561,stage1,-0.040096641950582386,0.00576779246608964
5.562,stage1,-0.040096641950582386,0.00576779246608964
5.563,stage1,-0.040096641950582386,0.00576779246608964
5.564,stage1,-0.040096641950582386,0.00576779246608964
5.565,stage1,-0.040096641950582386,0.00576779246608964
5.566,stage1,-0.040096641950582386,0.00576779246608964
5.567,stage1,-0.040096641950582386,0.00576779246608964
5.568,stage1,-0.040096641950582386,0.00576779246608964
5.569,stage1,-0.040096641950582386,0.00576779246608964
5.57,stage1,-0.04003206132213673,0.007147906379583393
5.571,stage1,-0.04003206132213673,0.007147906379583393
5.572,stage1,-0.04003206132213673,0.007147906379583393
5.573,stage1,-0.04003206132213673,0.007147906379583393
5.574,stage1,-0.04003206132213673,0.007147906379583393
5.575,stage1,-0.04003206132213673,0.007147906379583393
5.576,stage1,-0.04003206132213673,0.007147906379583393
5.577,stage1,-0.04003206132213673,0.007147906379583393
5.578,stage1,-0.04003206132213673,0.007147906379583393
5.579,stage1,-0.04003206132213673,0.007147906379583393
5.58,stage1,-0.039953694100760634,0.008524986912020544
5.581,stage1,-0.039953694100760634,0.008524986912020544
5.582,stage1,-0.039953694100760634,0.008524986912020544
5.583,stage1,-0.039953694100760634,0.008524986912020544
5.584,stage1,-0.039953694100760634,0.008524986912020544
5.585,stage1,-0.039953694100760634,0.008524986912020544
5.586,stage1,-0.039953694100760634,0.008524986912020544
5.587,stage1,-0.039953694100760634,0.008524986912020544
5.588,stage1,-0.039953694100760634,0.008524986912020544
5.589,stage1,-0.039953694100760634,0.008524986912020544
5.59,stage1,-0.03986157433358106,0.009898292805632333
5.591,stage1,-0.03986157433358106,0.009898292805632333
5.592,stage1,-0.03986157433358106,0.009898292805632333
5.593,stage1,-0.03986157433358106,0.009898292805632333
5.594,stage1,-0.03986157433358106,0.009898292805632333
5.595,stage1,-0.03986157433358106,0.009898292805632333
5.596,stage1,-0.03986157433358106,0.009898292805632333
5.597,stage1,-0.03986157433358106,0.009898292805632333
5.598,stage1,-0.03986157433358106,0.009898292805632333
5.599,stage1,-0.03986157433358106,0.009898292805632333
5.6,stage1,-0.03975574343736548,0.011267091439653312
5.601,stage1,-0.03975574343736548,0.011267091439653312
5.602,stage1,-0.03975574343736548,0.011267091439653312
5.603,stage1,-0.03975574343736548,0.011267091439653312
5.604,stage1,-0.03975574343736548,0.011267091439653312
5.605,stage1,-0.03975574343736548,0.011267091439653312
5.606,stage1,-0.03975574343736548,0.011267091439653312
5.607,stage1,-0.03975574343736548,0.011267091439653312
5.608,stage1,-0.03975574343736548,0.011267091439653312
5.609,stage1,-0.03975574343736548,0.011267091439653312
5.61,stage1,-0.03963625011067872,0.01263065912371165
5.611,stage1,-0.03963625011067872,0.01263065912371165
5.612,stage1,-0.03963625011067872,0.01263065912371165
5.613,stage1,-0.03963625011067872,0.01263065912371165
5.614,stage1,-0.03963625011067872,0.01263065912371165
5.615,stage1,-0.03963625011067872,0.01263065912371165
5.616,stage1,-0.03963625011067872,0.01263065912371165
5.617,stage1,-0.03963625011067872,0.01263065912371165
5.618,stage1,-0.03963625011067872,0.01263065912371165
5.619,stage1,-0.03963625011067872,0.01263065912371165
5.62,stage1,-0.03950315024314302,0.013988281383800334
5.621,stage1,-0.03950315024314302,0.013988281383800334
5.622,stage1,-0.03950315024314302,0.013988281383800334
5.623,stage1,-0.03950315024314302,0.013988281383800334
5.624,stage1,-0.03950315024314302,0.013988281383800334
5.625,stage1,-0.03950315024314302,0.013988281383800334
5.626,stage1,-0.03950315024314302,0.013988281383800334
5.627,stage1,-0.03950315024314302,0.013988281383800334
5.628,stage1,-0.03950315024314302,0.013988281383800334
5.629,stage1,-0.03950315024314302,0.013988281383800334
5.63,stage1,-0.03935650682187569,0.015339253240759552
5.631,stage1,-0.03935650682187569,0.015339253240759552
5.632,stage1,-0.03935650682187569,0.015339253240759552
5.633,stage1,-0.03935650682187569,0.015339253240759552
5.634,stage1,-0.03935650682187569,0.015339253240759552
5.635,stage1,-0.03935650682187569,0.015339253240759552
5.636,stage1,-0.03935650682187569,0.015339253240759552
5.637,stage1,-0.03935650682187569,0.015339253240759552
5.638,stage1,-0.03935650682187569,0.015339253240759552
5.639,stage1,-0.03935650682187569,0.015339253240759552
5.64,stage1,-0.03919638983517972,0.016682879481204952
5.641,stage1,-0.03919638983517972,0.016682879481204952
5.642,stage1,-0.03919638983517972,0.016682879481204952
5.643,stage1,-0.03919638983517972,0.016682879481204952
5.644,stage1,-0.03919638983517972,0.016682879481204952
5.645,stage1,-0.03919638983517972,0.016682879481204952
5.646,stage1,-0.03919638983517972,0.016682879481204952
5.647,stage1,-0.03919638983517972,0.016682879481204952
5.648,stage1,-0.03919638983517972,0.016682879481204952
5.649,stage1,-0.03919638983517972,0.016682879481204952
5.65,stage1,-0.03902287617356309,0.01801847492084092
5.651,stage1,-0.03902287617356309,0.01801847492084092
5.652,stage1,-0.03902287617356309,0.01801847492084092
5.653,stage1,-0.03902287617356309,0.01801847492084092
5.654,stage1,-0.03902287617356309,0.01801847492084092
5.655,stage1,-0.03902287617356309,0.01801847492084092
5.656,stage1,-0.03902287617356309,0.01801847492084092
5.657,stage1,-0.03902287617356309,0.01801847492084092
5.658,stage1,-0.03902287617356309,0.01801847492084092
5.659,stage1,-0.03902287617356309,0.01801847492084092
5.66,stage1,-0.03883604952816328,0.019345364660102417
5.661,stage1,-0.03883604952816328,0.019345364660102417
5.662,stage1,-0.03883604952816328,0.019345364660102417
5.663,stage1,-0.03883604952816328,0.019345364660102417
5.664,stage1,-0.03883604952816328,0.019345364660102417
5.665,stage1,-0.03883604952816328,0.019345364660102417
5.666,stage1,-0.03883604952816328,0.019345364660102417
5.667,stage1,-0.03883604952816328,0.019345364660102417
5.668,stage1,-0.03883604952816328,0.019345364660102417
5.669,stage1,-0.03883604952816328,0.019345364660102417
5.67,stage1,-0.03863600028665394,0.02066288433207325
5.671,stage1,-0.03863600028665394,0.02066288433207325
5.672,stage1,-0.03863600028665394,0.02066288433207325
5.673,stage1,-0.03863600028665394,0.02066288433207325
5.674,stage1,-0.03863600028665394,0.02066288433207325
5.675,stage1,-0.03863600028665394,0.02066288433207325
5.676,stage1,-0.03863600028665394,0.02066288433207325
5.677,stage1,-0.03863600028665394,0.02066288433207325
5.678,stage1,-0.03863600028665394,0.02066288433207325
5.679,stage1,-0.03863600028665394,0.02066288433207325
5.68,stage1,-0.038422825426711174,0.021970380342633114
5.681,stage1,-0.038422825426711174,0.021970380342633114
5.682,stage1,-0.038422825426711174,0.021970380342633114
5.683,stage1,-0.038422825426711174,0.021970380342633114
5.684,stage1,-0.038422825426711174,0.021970380342633114
5.685,stage1,-0.038422825426711174,0.021970380342633114
5.686,stage1,-0.038422825426711174,0.021970380342633114
5.687,stage1,-0.038422825426711174,0.021970380342633114
5.688,stage1,-0.038422825426711174,0.021970380342633114
5.689,stage1,-0.038422825426711174,0.021970380342633114
5.69,stage1,-0.03819662840711742,0.023267210102790006
5.691,stage1,-0.03819662840711742,0.023267210102790006
5.692,stage1,-0.03819662840711742,0.023267210102790006
5.693,stage1,-0.03819662840711742,0.023267210102790006
5.694,stage1,-0.03819662840711742,0.023267210102790006
5.695,stage1,-0.03819662840711742,0.023267210102790006
5.696,stage1,-0.03819662840711742,0.023267210102790006
5.697,stage1,-0.03819662840711742,0.023267210102790006
5.698,stage1,-0.03819662840711742,0.023267210102790006
5.699,stage1,-0.03819662840711742,0.023267210102790006
5.7,stage1,-0.03795751905658122,0.02455274225315897
5.701,stage1,-0.03795751905658122,0.02455274225315897
5.702,stage1,-0.03795751905658122,0.02455274225315897
5.703,stage1,-0.03795751905658122,0.02455274225315897
5.704,stage1,-0.03795751905658122,0.02455274225315897
5.705,stage1,-0.03795751905658122,0.02455274225315897
5.706,stage1,-0.03795751905658122,0.02455274225315897
5.707,stage1,-0.03795751905658122,0.02455274225315897
5.708,stage1,-0.03795751905658122,0.02455274225315897
5.709,stage1,-0.03795751905658122,0.02455274225315897
5.71,stage1,-0.037705613460351645,0.025826356880552463
5.711,stage1,-0.037705613460351645,0.025826356880552463
5.712,stage1,-0.037705613460351645,0.025826356880552463
5.713,stage1,-0.037705613460351645,0.025826356880552463
5.714,stage1,-0.037705613460351645,0.025826356880552463
5.715,stage1,-0.037705613460351645,0.025826356880552463
5.716,stage1,-0.037705613460351645,0.025826356880552463
5.717,stage1,-0.037705613460351645,0.025826356880552463
5.718,stage1,-0.037705613460351645,0.025826356880552463
5.719,stage1,-0.037705613460351645,0.025826356880552463
5.72,stage1,-0.037441033844706345,0.027087445726651883
5.721,stage1,-0.037441033844706345,0.027087445726651883
5.722,stage1,-0.037441033844706345,0.027087445726651883
5.723,stage1,-0.037441033844706345,0.027087445726651883
5.724,stage1,-0.037441033844706345,0.027087445726651883
5.725,stage1,-0.037441033844706345,0.027087445726651883
5.726,stage1,-0.037441033844706345,0.027087445726651883
5.727,stage1,-0.037441033844706345,0.027087445726651883
5.728,stage1,-0.037441033844706345,0.027087445726651883
5.729,stage1,-0.037441033844706345,0.027087445726651883
5.73,stage1,-0.037163908459392624,0.028335412388734046
5.731,stage1,-0.037163908459392624,0.028335412388734046
5.732,stage1,-0.037163908459392624,0.028335412388734046
5.733,stage1,-0.037163908459392624,0.028335412388734046
5.734,stage1,-0.037163908459392624,0.028335412388734046
5.735,stage1,-0.037163908459392624,0.028335412388734046
5.736,stage1,-0.037163908459392624,0.028335412388734046
5.737,stage1,-0.037163908459392624,0.028335412388734046
5.738,stage1,-0.037163908459392624,0.028335412388734046
5.739,stage1,-0.037163908459392624,0.028335412388734046
5.74,stage1,-0.03687437145810105,0.029569672512430634
5.741,stage1,-0.03687437145810105,0.029569672512430634
5.742,stage1,-0.03687437145810105,0.029569672512430634
5.743,stage1,-0.03687437145810105,0.029569672512430634
5.744,stage1,-0.03687437145810105,0.029569672512430634
5.745,stage1,-0.03687437145810105,0.029569672512430634
5.746,stage1,-0.03687437145810105,0.029569672512430634
5.747,stage1,-0.03687437145810105,0.029569672512430634
5.748,stage1,-0.03687437145810105,0.029569672512430634
5.749,stage1,-0.03687437145810105,0.029569672512430634
5.75,stage1,-0.0365725627770514,0.03078965397650286
5.751,stage1,-0.0365725627770514,0.03078965397650286
5.752,stage1,-0.0365725627770514,0.03078965397650286
5.753,stage1,-0.0365725627770514,0.03078965397650286
5.754,stage1,-0.0365725627770514,0.03078965397650286
5.755,stage1,-0.0365725627770514,0.03078965397650286
5.756,stage1,-0.0365725627770514,0.03078965397650286
5.757,stage1,-0.0365725627770514,0.03078965397650286
5.758,stage1,-0.0365725627770514,0.03078965397650286
5.759,stage1,-0.0365725627770514,0.03078965397650286
5.76,stage1,-0.0362586280117708,0.0319947970696177
5.761,stage1,-0.0362586280117708,0.0319947970696177
5.762,stage1,-0.0362586280117708,0.0319947970696177
5.763,stage1,-0.0362586280117708,0.0319947970696177
5.764,stage1,-0.0362586280117708,0.0319947970696177
5.765,stage1,-0.0362586280117708,0.0319947970696177
5.766,stage1,-0.0362586280117708,0.0319947970696177
5.767,stage1,-0.0362586280117708,0.0319947970696177
5.768,stage1,-0.0362586280117708,0.0319947970696177
5.769,stage1,-0.0362586280117708,0.0319947970696177
5.77,stage1,-0.0359327182921442,0.033184554659116176
5.771,stage1,-0.0359327182921442,0.033184554659116176
5.772,stage1,-0.0359327182921442,0.033184554659116176
5.773,stage1,-0.0359327182921442,0.033184554659116176
5.774,stage1,-0.0359327182921442,0.033184554659116176
5.775,stage1,-0.0359327182921442,0.033184554659116176
5.776,stage1,-0.0359327182921442,0.033184554659116176
5.777,stage1,-0.0359327182921442,0.033184554659116176
5.778,stage1,-0.0359327182921442,0.033184554659116176
5.779,stage1,-0.0359327182921442,0.033184554659116176
5.78,stage1,-0.03559499015581717,0.03435839235176836
5.781,stage1,-0.03559499015581717,0.03435839235176836
5.782,stage1,-0.03559499015581717,0.03435839235176836
5.783,stage1,-0.03559499015581717,0.03435839235176836
5.784,stage1,-0.03559499015581717,0.03435839235176836
5.785,stage1,-0.03559499015581717,0.03435839235176836
5.786,stage1,-0.03559499015581717,0.03435839235176836
5.787,stage1,-0.03559499015581717,0.03435839235176836
5.788,stage1,-0.03559499015581717,0.03435839235176836
5.789,stage1,-0.03559499015581717,0.03435839235176836
5.79,stage1,-0.035245605420031245,0.035515788646513634
5.791,stage1,-0.035245605420031245,0.035515788646513634
5.792,stage1,-0.035245605420031245,0.035515788646513634
5.793,stage1,-0.035245605420031245,0.035515788646513634
5.794,stage1,-0.035245605420031245,0.035515788646513634
5.795,stage1,-0.035245605420031245,0.035515788646513634
5.796,stage1,-0.035245605420031245,0.035515788646513634
5.797,stage1,-0.035245605420031245,0.035515788646513634
5.798,stage1,-0.035245605420031245,0.035515788646513634
5.799,stage1,-0.035245605420031245,0.035515788646513634
5.8,stage1,-0.03488473105197192,0.03665623507918898
5.801,stage1,-0.03488473105197192,0.03665623507918898
5.802,stage1,-0.03488473105197192,0.03665623507918898
5.803,stage1,-0.03488473105197192,0.03665623507918898
5.804,stage1,-0.03488473105197192,0.03665623507918898
5.805,stage1,-0.03488473105197192,0.03665623507918898
5.806,stage1,-0.03488473105197192,0.03665623507918898
5.807,stage1,-0.03488473105197192,0.03665623507918898
5.808,stage1,-0.03488473105197192,0.03665623507918898
5.809,stage1,-0.03488473105197192,0.03665623507918898
5.81,stage1,-0.034512539037709435,0.03777923635925181
5.811,stage1,-0.034512539037709435,0.03777923635925181
5.812,stage1,-0.034512539037709435,0.03777923635925181
5.813,stage1,-0.034512539037709435,0.03777923635925181
5.814,stage1,-0.034512539037709435,0.03777923635925181
5.815,stage1,-0.034512539037709435,0.03777923635925181
5.816,stage1,-0.034512539037709435,0.03777923635925181
5.817,stage1,-0.034512539037709435,0.03777923635925181
5.818,stage1,-0.034512539037709435,0.03777923635925181
5.819,stage1,-0.034512539037709435,0.03777923635925181
5.82,stage1,-0.03412920624981224,0.03888431049850803
5.821,stage1,-0.03412920624981224,0.03888431049850803
5.822,stage1,-0.03412920624981224,0.03888431049850803
5.823,stage1,-0.03412920624981224,0.03888431049850803
5.824,stage1,-0.03412920624981224,0.03888431049850803
5.825,stage1,-0.03412920624981224,0.03888431049850803
5.826,stage1,-0.03412920624981224,0.03888431049850803
5.827,stage1,-0.03412920624981224,0.03888431049850803
5.828,stage1,-0.03412920624981224,0.03888431049850803
5.829,stage1,-0.03412920624981224,0.03888431049850803
5.83,stage1,-0.03373491431371319,0.039970988931859644
5.831,stage1,-0.03373491431371319,0.039970988931859644
5.832,stage1,-0.03373491431371319,0.039970988931859644
5.833,stage1,-0.03373491431371319,0.039970988931859644
5.834,stage1,-0.03373491431371319,0.039970988931859644
5.835,stage1,-0.03373491431371319,0.039970988931859644
5.836,stage1,-0.03373491431371319,0.039970988931859644
5.837,stage1,-0.03373491431371319,0.039970988931859644
5.838,stage1,-0.03373491431371319,0.039970988931859644
5.839,stage1,-0.03373491431371319,0.039970988931859644
5.84,stage1,-0.03332984947290799,0.041038816630090284
5.841,stage1,-0.03332984947290799,0.041038816630090284
5.842,stage1,-0.03332984947290799,0.041038816630090284
5.843,stage1,-0.03332984947290799,0.041038816630090284
5.844,stage1,-0.03332984947290799,0.041038816630090284
5.845,stage1,-0.03332984947290799,0.041038816630090284
5.846,stage1,-0.03332984947290799,0.041038816630090284
5.847,stage1,-0.03332984947290799,0.041038816630090284
5.848,stage1,-0.03332984947290799,0.041038816630090284
5.849,stage1,-0.03332984947290799,0.041038816630090284
5.85,stage1,-0.0329142024530656,0.04208735220471072
5.851,stage1,-0.0329142024530656,0.04208735220471072
5.852,stage1,-0.0329142024530656,0.04208735220471072
5.853,stage1,-0.0329142024530656,0.04208735220471072
5.854,stage1,-0.0329142024530656,0.04208735220471072
5.855,stage1,-0.0329142024530656,0.04208735220471072
5.856,stage1,-0.0329142024530656,0.04208735220471072
5.857,stage1,-0.0329142024530656,0.04208735220471072
5.858,stage1,-0.0329142024530656,0.04208735220471072
5.859,stage1,-0.0329142024530656,0.04208735220471072
5.86,stage1,-0.0324881683251297,0.04311616800489017
5.861,stage1,-0.0324881683251297,0.04311616800489017
5.862,stage1,-0.0324881683251297,0.04311616800489017
5.863,stage1,-0.0324881683251297,0.04311616800489017
5.864,stage1,-0.0324881683251297,0.04311616800489017
5.865,stage1,-0.0324881683251297,0.04311616800489017
5.866,stage1,-0.0324881683251297,0.04311616800489017
5.867,stage1,-0.0324881683251297,0.04311616800489017
5.868,stage1,-0.0324881683251297,0.04311616800489017
5.869,stage1,-0.0324881683251297,0.04311616800489017
5.87,stage1,-0.03205194636749034,0.04412485020650286
5.871,stage1,-0.03205194636749034,0.04412485020650286
5.872,stage1,-0.03205194636749034,0.04412485020650286
5.873,stage1,-0.03205194636749034,0.04412485020650286
5.874,stage1,-0.03205194636749034,0.04412485020650286
5.875,stage1,-0.03205194636749034,0.04412485020650286
5.876,stage1,-0.03205194636749034,0.04412485020650286
5.877,stage1,-0.03205194636749034,0.04412485020650286
5.878,stage1,-0.03205194636749034,0.04412485020650286
5.879,stage1,-0.03205194636749034,0.04412485020650286
5.88,stage1,-0.0316057399273044,0.04511299889332313
5.881,stage1,-0.0316057399273044,0.04511299889332313
5.882,stage1,-0.0316057399273044,0.04511299889332313
5.883,stage1,-0.0316057399273044,0.04511299889332313
5.884,stage1,-0.0316057399273044,0.04511299889332313
5.885,stage1,-0.0316057399273044,0.04511299889332313
5.886,stage1,-0.0316057399273044,0.04511299889332313
5.887,stage1,-0.0316057399273044,0.04511299889332313
5.888,stage1,-0.0316057399273044,0.04511299889332313
5.889,stage1,-0.0316057399273044,0.04511299889332313
5.89,stage1,-0.031149756281043182,0.04608022813040576
5.891,stage1,-0.031149756281043182,0.04608022813040576
5.892,stage1,-0.031149756281043182,0.04608022813040576
5.893,stage1,-0.031149756281043182,0.04608022813040576
5.894,stage1,-0.031149756281043182,0.04608022813040576
5.895,stage1,-0.031149756281043182,0.04608022813040576
5.896,stage1,-0.031149756281043182,0.04608022813040576
5.897,stage1,-0.031149756281043182,0.04608022813040576
5.898,stage1,-0.031149756281043182,0.04608022813040576
5.899,stage1,-0.031149756281043182,0.04608022813040576
5.9,stage1,-0.030684206494345147,0.04702616602969173
5.901,stage1,-0.030684206494345147,0.04702616602969173
5.902,stage1,-0.030684206494345147,0.04702616602969173
5.903,stage1,-0.030684206494345147,0.04702616602969173
5.904,stage1,-0.030684206494345147,0.04702616602969173
5.905,stage1,-0.030684206494345147,0.04702616602969173
5.906,stage1,-0.030684206494345147,0.04702616602969173
5.907,stage1,-0.030684206494345147,0.04702616602969173
5.908,stage1,-0.030684206494345147,0.04702616602969173
5.909,stage1,-0.030684206494345147,0.04702616602969173
5.91,stage1,-0.03020930528125124,0.047950454807883354
5.911,stage1,-0.03020930528125124,0.047950454807883354
5.912,stage1,-0.03020930528125124,0.047950454807883354
5.913,stage1,-0.03020930528125124,0.047950454807883354
5.914,stage1,-0.03020930528125124,0.047950454807883354
5.915,stage1,-0.03020930528125124,0.047950454807883354
5.916,stage1,-0.03020930528125124,0.047950454807883354
5.917,stage1,-0.03020930528125124,0.047950454807883354
5.918,stage1,-0.03020930528125124,0.047950454807883354
5.919,stage1,-0.03020930528125124,0.047950454807883354
5.92,stage1,-0.029725270862899958,0.04885275083663586
5.921,stage1,-0.029725270862899958,0.04885275083663586
5.922,stage1,-0.029725270862899958,0.04885275083663586
5.923,stage1,-0.029725270862899958,0.04885275083663586
5.924,stage1,-0.029725270862899958,0.04885275083663586
5.925,stage1,-0.029725270862899958,0.04885275083663586
5.926,stage1,-0.029725270862899958,0.04885275083663586
5.927,stage1,-0.029725270862899958,0.04885275083663586
5.928,stage1,-0.029725270862899958,0.04885275083663586
5.929,stage1,-0.029725270862899958,0.04885275083663586
5.93,stage1,-0.02923232482575869,0.049732724685116005
5.931,stage1,-0.02923232482575869,0.049732724685116005
5.932,stage1,-0.02923232482575869,0.049732724685116005
5.933,stage1,-0.02923232482575869,0.049732724685116005
5.934,stage1,-0.02923232482575869,0.049732724685116005
5.935,stage1,-0.02923232482575869,0.049732724685116005
5.936,stage1,-0.02923232482575869,0.049732724685116005
5.937,stage1,-0.02923232482575869,0.049732724685116005
5.938,stage1,-0.02923232482575869,0.049732724685116005
5.939,stage1,-0.02923232482575869,0.049732724685116005
5.94,stage1,-0.028730691979467423,0.05059006115498166
5.941,stage1,-0.028730691979467423,0.05059006115498166
5.942,stage1,-0.028730691979467423,0.05059006115498166
5.943,stage1,-0.028730691979467423,0.05059006115498166
5.944,stage1,-0.028730691979467423,0.05059006115498166
5.945,stage1,-0.028730691979467423,0.05059006115498166
5.946,stage1,-0.028730691979467423,0.05059006115498166
5.947,stage1,-0.028730691979467423,0.05059006115498166
5.948,stage1,-0.028730691979467423,0.05059006115498166
5.949,stage1,-0.028730691979467423,0.05059006115498166
5.95,stage1,-0.028220600214370294,0.05142445930783938
5.951,stage1,-0.028220600214370294,0.05142445930783938
5.952,stage1,-0.028220600214370294,0.05142445930783938
5.953,stage1,-0.028220600214370294,0.05142445930783938
5.954,stage1,-0.028220600214370294,0.05142445930783938
5.955,stage1,-0.028220600214370294,0.05142445930783938
5.956,stage1,-0.028220600214370294,0.05142445930783938
5.957,stage1,-0.028220600214370294,0.05142445930783938
5.958,stage1,-0.028220600214370294,0.05142445930783938
5.959,stage1,-0.028220600214370294,0.05142445930783938
5.96,stage1,-0.027702280358809953,0.0522356324852404
5.961,stage1,-0.027702280358809953,0.0522356324852404
5.962,stage1,-0.027702280358809953,0.0522356324852404
5.963,stage1,-0.027702280358809953,0.0522356324852404
5.964,stage1,-0.027702280358809953,0.0522356324852404
5.965,stage1,-0.027702280358809953,0.0522356324852404
5.966,stage1,-0.027702280358809953,0.0522356324852404
5.967,stage1,-0.027702280358809953,0.0522356324852404
5.968,stage1,-0.027702280358809953,0.0522356324852404
5.969,stage1,-0.027702280358809953,0.0522356324852404
5.97,stage1,-0.027175966036258978,0.05302330832127844
5.971,stage1,-0.027175966036258978,0.05302330832127844
5.972,stage1,-0.027175966036258978,0.05302330832127844
5.973,stage1,-0.027175966036258978,0.05302330832127844
5.974,stage1,-0.027175966036258978,0.05302330832127844
5.975,stage1,-0.027175966036258978,0.05302330832127844
5.976,stage1,-0.027175966036258978,0.05302330832127844
5.977,stage1,-0.027175966036258978,0.05302330832127844
5.978,stage1,-0.027175966036258978,0.05302330832127844
5.979,stage1,-0.027175966036258978,0.05302330832127844
5.98,stage1,-0.026641893522362056,0.053787228747855804
5.981,stage1,-0.026641893522362056,0.053787228747855804
5.982,stage1,-0.026641893522362056,0.053787228747855804
5.983,stage1,-0.026641893522362056,0.053787228747855804
5.984,stage1,-0.026641893522362056,0.053787228747855804
5.985,stage1,-0.026641893522362056,0.053787228747855804
5.986,stage1,-0.026641893522362056,0.053787228747855804
5.987,stage1,-0.026641893522362056,0.053787228747855804
5.988,stage1,-0.026641893522362056,0.053787228747855804
5.989,stage1,-0.026641893522362056,0.053787228747855804
5.99,stage1,-0.026100301601961855,0.05452714999268736
5.991,stage1,-0.026100301601961855,0.05452714999268736
5.992,stage1,-0.026100301601961855,0.05452714999268736
5.993,stage1,-0.026100301601961855,0.05452714999268736
5.994,stage1,-0.026100301601961855,0.05452714999268736
5.995,stage1,-0.026100301601961855,0.05452714999268736
5.996,stage1,-0.026100301601961855,0.05452714999268736
5.997,stage1,-0.026100301601961855,0.05452714999268736
5.998,stage1,-0.026100301601961855,0.05452714999268736
5.999,stage1,-0.026100301601961855,0.05452714999268736
6.0,stage1,-0.025551431426180864,0.05524284257011479
6.001,stage1,-0.025551431426180864,0.05524284257011479
6.002,stage1,-0.025551431426180864,0.05524284257011479
6.003,stage1,-0.025551431426180864,0.05524284257011479
6.004,stage1,-0.025551431426180864,0.05524284257011479
6.005,stage1,-0.025551431426180864,0.05524284257011479
6.006,stage1,-0.025551431426180864,0.05524284257011479
6.007,stage1,-0.025551431426180864,0.05524284257011479
6.008,stage1,-0.025551431426180864,0.05524284257011479
6.009,stage1,-0.025551431426180864,0.05524284257011479
6.01,stage1,-0.02499552636963075,0.0559340912648065
6.011,stage1,-0.02499552636963075,0.0559340912648065
6.012,stage1,-0.02499552636963075,0.0559340912648065
6.013,stage1,-0.02499552636963075,0.0559340912648065
6.014,stage1,-0.02499552636963075,0.0559340912648065
6.015,stage1,-0.02499552636963075,0.0559340912648065
6.016,stage1,-0.02499552636963075,0.0559340912648065
6.017,stage1,-0.02499552636963075,0.0559340912648065
6.018,stage1,-0.02499552636963075,0.0559340912648065
6.019,stage1,-0.02499552636963075,0.0559340912648065
6.02,stage1,-0.024432831887819924,0.056600695108421265
6.021,stage1,-0.024432831887819924,0.056600695108421265
6.022,stage1,-0.024432831887819924,0.056600695108421265
6.023,stage1,-0.024432831887819924,0.056600695108421265
6.024,stage1,-0.024432831887819924,0.056600695108421265
6.025,stage1,-0.024432831887819924,0.056600695108421265
6.026,stage1,-0.024432831887819924,0.056600695108421265
6.027,stage1,-0.024432831887819924,0.056600695108421265
6.028,stage1,-0.024432831887819924,0.056600695108421265
6.029,stage1,-0.024432831887819924,0.056600695108421265
6.03,stage1,-0.023863595374829353,0.0572424673493165
6.031,stage1,-0.023863595374829353,0.0572424673493165
6.032,stage1,-0.023863595374829353,0.0572424673493165
6.033,stage1,-0.023863595374829353,0.0572424673493165
6.034,stage1,-0.023863595374829353,0.0572424673493165
6.035,stage1,-0.023863595374829353,0.0572424673493165
6.036,stage1,-0.023863595374829353,0.0572424673493165
6.037,stage1,-0.023863595374829353,0.0572424673493165
6.038,stage1,-0.023863595374829353,0.0572424673493165
6.039,stage1,-0.023863595374829353,0.0572424673493165
6.04,stage1,-0.023288066021325694,0.057859235415384756
6.041,stage1,-0.023288066021325694,0.057859235415384756
6.042,stage1,-0.023288066021325694,0.057859235415384756
6.043,stage1,-0.023288066021325694,0.057859235415384756
6.044,stage1,-0.023288066021325694,0.057859235415384756
6.045,stage1,-0.023288066021325694,0.057859235415384756
6.046,stage1,-0.023288066021325694,0.057859235415384756
6.047,stage1,-0.023288066021325694,0.057859235415384756
6.048,stage1,-0.023288066021325694,0.057859235415384756
6.049,stage1,-0.023288066021325694,0.057859235415384756
6.05,stage1,-0.02270649467298008,0.05845084087010455
6.051,stage1,-0.02270649467298008,0.05845084087010455
6.052,stage1,-0.02270649467298008,0.05845084087010455
6.053,stage1,-0.02270649467298008,0.05845084087010455
6.054,stage1,-0.02270649467298008,0.05845084087010455
6.055,stage1,-0.02270649467298008,0.05845084087010455
6.056,stage1,-0.02270649467298008,0.05845084087010455
6.057,stage1,-0.02270649467298008,0.05845084087010455
6.058,stage1,-0.02270649467298008,0.05845084087010455
6.059,stage1,-0.02270649467298008,0.05845084087010455
6.06,stage1,-0.022119133689359936,0.059017139361894184
6.061,stage1,-0.022119133689359936,0.059017139361894184
6.062,stage1,-0.022119133689359936,0.059017139361894184
6.063,stage1,-0.022119133689359936,0.059017139361894184
6.064,stage1,-0.022119133689359936,0.059017139361894184
6.065,stage1,-0.022119133689359936,0.059017139361894184
6.066,stage1,-0.022119133689359936,0.059017139361894184
6.067,stage1,-0.022119133689359936,0.059017139361894184
6.068,stage1,-0.022119133689359936,0.059017139361894184
6.069,stage1,-0.022119133689359936,0.059017139361894184
6.07,stage1,-0.0215262368033604,0.059558000566859844
6.071,stage1,-0.0215262368033604,0.059558000566859844
6.072,stage1,-0.0215262368033604,0.059558000566859844
6.073,stage1,-0.0215262368033604,0.059558000566859844
6.074,stage1,-0.0215262368033604,0.059558000566859844
6.075,stage1,-0.0215262368033604,0.059558000566859844
6.076,stage1,-0.0215262368033604,0.059558000566859844
6.077,stage1,-0.0215262368033604,0.059558000566859844
6.078,stage1,-0.0215262368033604,0.059558000566859844
6.079,stage1,-0.0215262368033604,0.059558000566859844
6.08,stage1,-0.02092805898124085,0.060073308125031366
6.081,stage1,-0.02092805898124085,0.060073308125031366
6.082,stage1,-0.02092805898124085,0.060073308125031366
6.083,stage1,-0.02092805898124085,0.060073308125031366
6.084,stage1,-0.02092805898124085,0.060073308125031366
6.085,stage1,-0.02092805898124085,0.060073308125031366
6.086,stage1,-0.02092805898124085,0.060073308125031366
6.087,stage1,-0.02092805898124085,0.060073308125031366
6.088,stage1,-0.02092805898124085,0.060073308125031366
6.089,stage1,-0.02092805898124085,0.060073308125031366
6.09,stage1,-0.020324856283331277,0.0605629595701817
6.091,stage1,-0.020324856283331277,0.0605629595701817
6.092,stage1,-0.020324856283331277,0.0605629595701817
6.093,stage1,-0.020324856283331277,0.0605629595701817
6.094,stage1,-0.020324856283331277,0.0605629595701817
6.095,stage1,-0.020324856283331277,0.0605629595701817
6.096,stage1,-0.020324856283331277,0.0605629595701817
6.097,stage1,-0.020324856283331277,0.0605629595701817
6.098,stage1,-0.020324856283331277,0.0605629595701817
6.099,stage1,-0.020324856283331277,0.0605629595701817
6.1,stage1,-0.019716885725472137,0.06102686625332816
6.101,stage1,-0.019716885725472137,0.06102686625332816
6.102,stage1,-0.019716885725472137,0.06102686625332816
6.103,stage1,-0.019716885725472137,0.06102686625332816
6.104,stage1,-0.019716885725472137,0.06102686625332816
6.105,stage1,-0.019716885725472137,0.06102686625332816
6.106,stage1,-0.019716885725472137,0.06102686625332816
6.107,stage1,-0.019716885725472137,0.06102686625332816
6.108,stage1,-0.019716885725472137,0.06102686625332816
6.109,stage1,-0.019716885725472137,0.06102686625332816
6.11,stage1,-0.01910440514125033,0.06146495326001576
6.111,stage1,-0.01910440514125033,0.06146495326001576
6.112,stage1,-0.01910440514125033,0.06146495326001576
6.113,stage1,-0.01910440514125033,0.06146495326001576
6.114,stage1,-0.01910440514125033,0.06146495326001576
6.115,stage1,-0.01910440514125033,0.06146495326001576
6.116,stage1,-0.01910440514125033,0.06146495326001576
6.117,stage1,-0.01910440514125033,0.06146495326001576
6.118,stage1,-0.01910440514125033,0.06146495326001576
6.119,stage1,-0.01910440514125033,0.06146495326001576
6.12,stage1,-0.01848767304509304,0.06187715932148511
6.121,stage1,-0.01848767304509304,0.06187715932148511
6.122,stage1,-0.01848767304509304,0.06187715932148511
6.123,stage1,-0.01848767304509304,0.06187715932148511
6.124,stage1,-0.01848767304509304,0.06187715932148511
6.125,stage1,-0.01848767304509304,0.06187715932148511
6.126,stage1,-0.01848767304509304,0.06187715932148511
6.127,stage1,-0.01848767304509304,0.06187715932148511
6.128,stage1,-0.01848767304509304,0.06187715932148511
6.129,stage1,-0.01848767304509304,0.06187715932148511
6.13,stage1,-0.017866948496280028,0.062263436719829396
6.131,stage1,-0.017866948496280028,0.062263436719829396
6.132,stage1,-0.017866948496280028,0.062263436719829396
6.133,stage1,-0.017866948496280028,0.062263436719829396
6.134,stage1,-0.017866948496280028,0.062263436719829396
6.135,stage1,-0.017866948496280028,0.062263436719829396
6.136,stage1,-0.017866948496280028,0.062263436719829396
6.137,stage1,-0.017866948496280028,0.062263436719829396
6.138,stage1,-0.017866948496280028,0.062263436719829396
6.139,stage1,-0.017866948496280028,0.062263436719829396
6.14,stage1,-0.01724249096393397,0.0626237511872468
6.141,stage1,-0.01724249096393397,0.0626237511872468
6.142,stage1,-0.01724249096393397,0.0626237511872468
6.143,stage1,-0.01724249096393397,0.0626237511872468
6.144,stage1,-0.01724249096393397,0.0626237511872468
6.145,stage1,-0.01724249096393397,0.0626237511872468
6.146,stage1,-0.01724249096393397,0.0626237511872468
6.147,stage1,-0.01724249096393397,0.0626237511872468
6.148,stage1,-0.01724249096393397,0.0626237511872468
6.149,stage1,-0.01724249096393397,0.0626237511872468
6.15,stage1,-0.01661456019304733,0.06295808179949687
6.151,stage1,-0.01661456019304733,0.06295808179949687
6.152,stage1,-0.01661456019304733,0.06295808179949687
6.153,stage1,-0.01661456019304733,0.06295808179949687
6.154,stage1,-0.01661456019304733,0.06295808179949687
6.155,stage1,-0.01661456019304733,0.06295808179949687
6.156,stage1,-0.01661456019304733,0.06295808179949687
6.157,stage1,-0.01661456019304733,0.06295808179949687
6.158,stage1,-0.01661456019304733,0.06295808179949687
6.159,stage1,-0.01661456019304733,0.06295808179949687
6.16,stage1,-0.015983416071603203,0.0632664208636708
6.161,stage1,-0.015983416071603203,0.0632664208636708
6.162,stage1,-0.015983416071603203,0.0632664208636708
6.163,stage1,-0.015983416071603203,0.0632664208636708
6.164,stage1,-0.015983416071603203,0.0632664208636708
6.165,stage1,-0.015983416071603203,0.0632664208636708
6.166,stage1,-0.015983416071603203,0.0632664208636708
6.167,stage1,-0.015983416071603203,0.0632664208636708
6.168,stage1,-0.015983416071603203,0.0632664208636708
6.169,stage1,-0.015983416071603203,0.0632664208636708
6.17,stage1,-0.015349318498846428,0.06354877380038779
6.171,stage1,-0.015349318498846428,0.06354877380038779
6.172,stage1,-0.015349318498846428,0.06354877380038779
6.173,stage1,-0.015349318498846428,0.06354877380038779
6.174,stage1,-0.015349318498846428,0.06354877380038779
6.175,stage1,-0.015349318498846428,0.06354877380038779
6.176,stage1,-0.015349318498846428,0.06354877380038779
6.177,stage1,-0.015349318498846428,0.06354877380038779
6.178,stage1,-0.015349318498846428,0.06354877380038779
6.179,stage1,-0.015349318498846428,0.06354877380038779
6.18,stage1,-0.01471252725476011,0.0638051590205309
6.181,stage1,-0.01471252725476011,0.0638051590205309
6.182,stage1,-0.01471252725476011,0.0638051590205309
6.183,stage1,-0.01471252725476011,0.0638051590205309
6.184,stage1,-0.01471252725476011,0.0638051590205309
6.185,stage1,-0.01471252725476011,0.0638051590205309
6.186,stage1,-0.01471252725476011,0.0638051590205309
6.187,stage1,-0.01471252725476011,0.0638051590205309
6.188,stage1,-0.01471252725476011,0.0638051590205309
6.189,stage1,-0.01471252725476011,0.0638051590205309
6.19,stage1,-0.014073301870801625,0.0640356077966378
6.191,stage1,-0.014073301870801625,0.0640356077966378
6.192,stage1,-0.014073301870801625,0.0640356077966378
6.193,stage1,-0.014073301870801625,0.0640356077966378
6.194,stage1,-0.014073301870801625,0.0640356077966378
6.195,stage1,-0.014073301870801625,0.0640356077966378
6.196,stage1,-0.014073301870801625,0.0640356077966378
6.197,stage1,-0.014073301870801625,0.0640356077966378
6.198,stage1,-0.014073301870801625,0.0640356077966378
6.199,stage1,-0.014073301870801625,0.0640356077966378
6.2,stage1,-0.013431901501950947,0.064240164129063
6.201,stage1,-0.013431901501950947,0.064240164129063
6.202,stage1,-0.013431901501950947,0.064240164129063
6.203,stage1,-0.013431901501950947,0.064240164129063
6.204,stage1,-0.013431901501950947,0.064240164129063
6.205,stage1,-0.013431901501950947,0.064240164129063
6.206,stage1,-0.013431901501950947,0.064240164129063
6.207,stage1,-0.013431901501950947,0.064240164129063
6.208,stage1,-0.013431901501950947,0.064240164129063
6.209,stage1,-0.013431901501950947,0.064240164129063
6.21,stage1,-0.012788584800123013,0.06441888460702974
6.211,stage1,-0.012788584800123013,0.06441888460702974
6.212,stage1,-0.012788584800123013,0.06441888460702974
6.213,stage1,-0.012788584800123013,0.06441888460702974
6.214,stage1,-0.012788584800123013,0.06441888460702974
6.215,stage1,-0.012788584800123013,0.06441888460702974
6.216,stage1,-0.012788584800123013,0.06441888460702974
6.217,stage1,-0.012788584800123013,0.06441888460702974
6.218,stage1,-0.012788584800123013,0.06441888460702974
6.219,stage1,-0.012788584800123013,0.06441888460702974
6.22,stage1,-0.01214360978899461,0.0645718382646915
6.221,stage1,-0.01214360978899461,0.0645718382646915
6.222,stage1,-0.01214360978899461,0.0645718382646915
6.223,stage1,-0.01214360978899461,0.0645718382646915
6.224,stage1,-0.01214360978899461,0.0645718382646915
6.225,stage1,-0.01214360978899461,0.0645718382646915
6.226,stage1,-0.01214360978899461,0.0645718382646915
6.227,stage1,-0.01214360978899461,0.0645718382646915
6.228,stage1,-0.01214360978899461,0.0645718382646915
6.229,stage1,-0.01214360978899461,0.0645718382646915
6.23,stage1,-0.011497233740295107,0.06469910643232346
6.231,stage1,-0.011497233740295107,0.06469910643232346
6.232,stage1,-0.011497233740295107,0.06469910643232346
6.233,stage1,-0.011497233740295107,0.06469910643232346
6.234,stage1,-0.011497233740295107,0.06469910643232346
6.235,stage1,-0.011497233740295107,0.06469910643232346
6.236,stage1,-0.011497233740295107,0.06469910643232346
6.237,stage1,-0.011497233740295107,0.06469910643232346
6.238,stage1,-0.011497233740295107,0.06469910643232346
6.239,stage1,-0.011497233740295107,0.06469910643232346
6.24,stage1,-0.010849713051609106,0.06480078258276663
6.241,stage1,-0.010849713051609106,0.06480078258276663
6.242,stage1,-0.010849713051609106,0.06480078258276663
6.243,stage1,-0.010849713051609106,0.06480078258276663
6.244,stage1,-0.010849713051609106,0.06480078258276663
6.245,stage1,-0.010849713051609106,0.06480078258276663
6.246,stage1,-0.010849713051609106,0.06480078258276663
6.247,stage1,-0.010849713051609106,0.06480078258276663
6.248,stage1,-0.010849713051609106,0.06480078258276663
6.249,stage1,-0.010849713051609106,0.06480078258276663
6.25,stage1,-0.010201303125737879,0.0648769721732475
6.251,stage1,-0.010201303125737879,0.0648769721732475
6.252,stage1,-0.010201303125737879,0.0648769721732475
6.253,stage1,-0.010201303125737879,0.0648769721732475
6.254,stage1,-0.010201303125737879,0.0648769721732475
6.255,stage1,-0.010201303125737879,0.0648769721732475
6.256,stage1,-0.010201303125737879,0.0648769721732475
6.257,stage1,-0.010201303125737879,0.0648769721732475
6.258,stage1,-0.010201303125737879,0.0648769721732475
6.259,stage1,-0.010201303125737879,0.0648769721732475
6.26,stage1,-0.009552258251665209,0.06492779248269798
6.261,stage1,-0.009552258251665209,0.06492779248269798
6.262,stage1,-0.009552258251665209,0.06492779248269798
6.263,stage1,-0.009552258251665209,0.06492779248269798
6.264,stage1,-0.009552258251665209,0.06492779248269798
6.265,stage1,-0.009552258251665209,0.06492779248269798
6.266,stage1,-0.009552258251665209,0.06492779248269798
6.267,stage1,-0.009552258251665209,0.06492779248269798
6.268,stage1,-0.009552258251665209,0.06492779248269798
6.269,stage1,-0.009552258251665209,0.06492779248269798
6.27,stage1,-0.008902831487172013,0.06495337244470079
6.271,stage1,-0.008902831487172013,0.06495337244470079
6.272,stage1,-0.008902831487172013,0.06495337244470079
6.273,stage1,-0.008902831487172013,0.06495337244470079
6.274,stage1,-0.008902831487172013,0.06495337244470079
6.275,stage1,-0.008902831487172013,0.06495337244470079
6.276,stage1,-0.008902831487172013,0.06495337244470079
6.277,stage1,-0.008902831487172013,0.06495337244470079
6.278,stage1,-0.008902831487172013,0.06495337244470079
6.279,stage1,-0.008902831487172013,0.06495337244470079
6.28,stage1,-0.00825327454314285,0.06495385247618686
6.281,stage1,-0.00825327454314285,0.06495385247618686
6.282,stage1,-0.00825327454314285,0.06495385247618686
6.283,stage1,-0.00825327454314285,0.06495385247618686
6.284,stage1,-0.00825327454314285,0.06495385247618686
6.285,stage1,-0.00825327454314285,0.06495385247618686
6.286,stage1,-0.00825327454314285,0.06495385247618686
6.287,stage1,-0.00825327454314285,0.06495385247618686
6.288,stage1,-0.00825327454314285,0.06495385247618686
6.289,stage1,-0.00825327454314285,0.06495385247618686
6.29,stage1,-0.007603837669606173,0.06492938430201192
6.291,stage1,-0.007603837669606173,0.06492938430201192
6.292,stage1,-0.007603837669606173,0.06492938430201192
6.293,stage1,-0.007603837669606173,0.06492938430201192
6.294,stage1,-0.007603837669606173,0.06492938430201192
6.295,stage1,-0.007603837669606173,0.06492938430201192
6.296,stage1,-0.007603837669606173,0.06492938430201192
6.297,stage1,-0.007603837669606173,0.06492938430201192
6.298,stage1,-0.007603837669606173,0.06492938430201192
6.299,stage1,-0.007603837669606173,0.06492938430201192
6.3,stage1,-0.006954769543548879,0.06488013077554033
6.301,stage1,-0.006954769543548879,0.06488013077554033
6.302,stage1,-0.006954769543548879,0.06488013077554033
6.303,stage1,-0.006954769543548879,0.06488013077554033
6.304,stage1,-0.006954769543548879,0.06488013077554033
6.305,stage1,-0.006954769543548879,0.06488013077554033
6.306,stage1,-0.006954769543548879,0.06488013077554033
6.307,stage1,-0.006954769543548879,0.06488013077554033
6.308,stage1,-0.006954769543548879,0.06488013077554033
6.309,stage1,-0.006954769543548879,0.06488013077554033
6.31,stage1,-0.006306317158544451,0.06480626569536496
6.311,stage1,-0.006306317158544451,0.06480626569536496
6.312,stage1,-0.006306317158544451,0.06480626569536496
6.313,stage1,-0.006306317158544451,0.06480626569536496
6.314,stage1,-0.006306317158544451,0.06480626569536496
6.315,stage1,-0.006306317158544451,0.06480626569536496
6.316,stage1,-0.006306317158544451,0.06480626569536496
6.317,stage1,-0.006306317158544451,0.06480626569536496
6.318,stage1,-0.006306317158544451,0.06480626569536496
6.319,stage1,-0.006306317158544451,0.06480626569536496
6.32,stage1,-0.005658725716232681,0.06470797361829254
6.321,stage1,-0.005658725716232681,0.06470797361829254
6.322,stage1,-0.005658725716232681,0.06470797361829254
6.323,stage1,-0.005658725716232681,0.06470797361829254
6.324,stage1,-0.005658725716232681,0.06470797361829254
6.325,stage1,-0.005658725716232681,0.06470797361829254
6.326,stage1,-0.005658725716232681,0.06470797361829254
6.327,stage1,-0.005658725716232681,0.06470797361829254
6.328,stage1,-0.005658725716232681,0.06470797361829254
6.329,stage1,-0.005658725716232681,0.06470797361829254
6.33,stage1,-0.005012238519687669,0.06458544966872466
6.331,stage1,-0.005012238519687669,0.06458544966872466
6.332,stage1,-0.005012238519687669,0.06458544966872466
6.333,stage1,-0.005012238519687669,0.06458544966872466
6.334,stage1,-0.005012238519687669,0.06458544966872466
6.335,stage1,-0.005012238519687669,0.06458544966872466
6.336,stage1,-0.005012238519687669,0.06458544966872466
6.337,stage1,-0.005012238519687669,0.06458544966872466
6.338,stage1,-0.005012238519687669,0.06458544966872466
6.339,stage1,-0.005012238519687669,0.06458544966872466
6.34,stage1,-0.004367096868709495,0.06443889934456475
6.341,stage1,-0.004367096868709495,0.06443889934456475
6.342,stage1,-0.004367096868709495,0.06443889934456475
6.343,stage1,-0.004367096868709495,0.06443889934456475
6.344,stage1,-0.004367096868709495,0.06443889934456475
6.345,stage1,-0.004367096868709495,0.06443889934456475
6.346,stage1,-0.004367096868709495,0.06443889934456475
6.347,stage1,-0.004367096868709495,0.06443889934456475
6.348,stage1,-0.004367096868709495,0.06443889934456475
6.349,stage1,-0.004367096868709495,0.06443889934456475
6.35,stage1,-0.0037235399570736353,0.0642685383197822
6.351,stage1,-0.0037235399570736353,0.0642685383197822
6.352,stage1,-0.0037235399570736353,0.0642685383197822
6.353,stage1,-0.0037235399570736353,0.0642685383197822
6.354,stage1,-0.0037235399570736353,0.0642685383197822
6.355,stage1,-0.0037235399570736353,0.0642685383197822
6.356,stage1,-0.0037235399570736353,0.0642685383197822
6.357,stage1,-0.0037235399570736353,0.0642685383197822
6.358,stage1,-0.0037235399570736353,0.0642685383197822
6.359,stage1,-0.0037235399570736353,0.0642685383197822
6.36,stage1,-0.0030818047717709137,0.0640745922437651
6.361,stage1,-0.0030818047717709137,0.0640745922437651
6.362,stage1,-0.0030818047717709137,0.0640745922437651
6.363,stage1,-0.0030818047717709137,0.0640745922437651
6.364,stage1,-0.0030818047717709137,0.0640745922437651
6.365,stage1,-0.0030818047717709137,0.0640745922437651
6.366,stage1,-0.0030818047717709137,0.0640745922437651
6.367,stage1,-0.0030818047717709137,0.0640745922437651
6.368,stage1,-0.0030818047717709137,0.0640745922437651
6.369,stage1,-0.0030818047717709137,0.0640745922437651
6.37,stage1,-0.0024421259942694305,0.06385729653759306
6.371,stage1,-0.0024421259942694305,0.06385729653759306
6.372,stage1,-0.0024421259942694305,0.06385729653759306
6.373,stage1,-0.0024421259942694305,0.06385729653759306
6.374,stage1,-0.0024421259942694305,0.06385729653759306
6.375,stage1,-0.0024421259942694305,0.06385729653759306
6.376,stage1,-0.0024421259942694305,0.06385729653759306
6.377,stage1,-0.0024421259942694305,0.06385729653759306
6.378,stage1,-0.0024421259942694305,0.06385729653759306
6.379,stage1,-0.0024421259942694305,0.06385729653759306
6.38,stage1,-0.0018047359038286105,0.06361689618736217
6.381,stage1,-0.0018047359038286105,0.06361689618736217
6.382,stage1,-0.0018047359038286105,0.06361689618736217
6.383,stage1,-0.0018047359038286105,0.06361689618736217
6.384,stage1,-0.0018047359038286105,0.06361689618736217
6.385,stage1,-0.0018047359038286105,0.06361689618736217
6.386,stage1,-0.0018047359038286105,0.06361689618736217
6.387,stage1,-0.0018047359038286105,0.06361689618736217
6.388,stage1,-0.0018047359038286105,0.06361689618736217
6.389,stage1,-0.0018047359038286105,0.06361689618736217
6.39,stage1,-0.001169864282894193,0.0633536455346944
6.391,stage1,-0.001169864282894193,0.0633536455346944
6.392,stage1,-0.001169864282894193,0.0633536455346944
6.393,stage1,-0.001169864282894193,0.0633536455346944
6.394,stage1,-0.001169864282894193,0.0633536455346944
6.395,stage1,-0.001169864282894193,0.0633536455346944
6.396,stage1,-0.001169864282894193,0.0633536455346944
6.397,stage1,-0.001169864282894193,0.0633536455346944
6.398,stage1,-0.001169864282894193,0.0633536455346944
6.399,stage1,-0.001169864282894193,0.0633536455346944
6.4,stage1,-0.0005377383246016526,0.06306780806456325
6.401,stage1,-0.0005377383246016526,0.06306780806456325
6.402,stage1,-0.0005377383246016526,0.06306780806456325
6.403,stage1,-0.0005377383246016526,0.06306780806456325
6.404,stage1,-0.0005377383246016526,0.06306780806456325
6.405,stage1,-0.0005377383246016526,0.06306780806456325
6.406,stage1,-0.0005377383246016526,0.06306780806456325
6.407,stage1,-0.0005377383246016526,0.06306780806456325
6.408,stage1,-0.0005377383246016526,0.06306780806456325
6.409,stage1,-0.0005377383246016526,0.06306780806456325
6.41,stage1,9.141745758576767e-05,0.06275965619056835
6.411,stage1,9.141745758576767e-05,0.06275965619056835
6.412,stage1,9.141745758576767e-05,0.06275965619056835
6.413,stage1,9.141745758576767e-05,0.06275965619056835
6.414,stage1,9.141745758576767e-05,0.06275965619056835
6.415,stage1,9.141745758576767e-05,0.06275965619056835
6.416,stage1,9.141745758576767e-05,0.06275965619056835
6.417,stage1,9.141745758576767e-05,0.06275965619056835
6.418,stage1,9.141745758576767e-05,0.06275965619056835
6.419,stage1,9.141745758576767e-05,0.06275965619056835
6.42,stage1,0.0007173813180795656,0.062429471037790965
6.421,stage1,0.0007173813180795656,0.062429471037790965
6.422,stage1,0.0007173813180795656,0.062429471037790965
6.423,stage1,0.0007173813180795656,0.062429471037790965
6.424,stage1,0.0007173813180795656,0.062429471037790965
6.425,stage1,0.0007173813180795656,0.062429471037790965
6.426,stage1,0.0007173813180795656,0.062429471037790965
6.427,stage1,0.0007173813180795656,0.062429471037790965
6.428,stage1,0.0007173813180795656,0.062429471037790965
6.429,stage1,0.0007173813180795656,0.062429471037790965
6.43,stage1,0.0013399343651855004,0.06207754222336259
6.431,stage1,0.0013399343651855004,0.06207754222336259
6.432,stage1,0.0013399343651855004,0.06207754222336259
6.433,stage1,0.0013399343651855004,0.06207754222336259
6.434,stage1,0.0013399343651855004,0.06207754222336259
6.435,stage1,0.0013399343651855004,0.06207754222336259
6.436,stage1,0.0013399343651855004,0.06207754222336259
6.437,stage1,0.0013399343651855004,0.06207754222336259
6.438,stage1,0.0013399343651855004,0.06207754222336259
6.439,stage1,0.0013399343651855004,0.06207754222336259
6.44,stage1,0.0019588606449179135,0.061704167634878744
6.441,stage1,0.0019588606449179135,0.061704167634878744
6.442,stage1,0.0019588606449179135,0.061704167634878744
6.443,stage1,0.0019588606449179135,0.061704167634878744
6.444,stage1,0.0019588606449179135,0.061704167634878744
6.445,stage1,0.0019588606449179135,0.061704167634878744
6.446,stage1,0.0019588606449179135,0.061704167634878744
6.447,stage1,0.0019588606449179135,0.061704167634878744
6.448,stage1,0.0019588606449179135,0.061704167634878744
6.449,stage1,0.0019588606449179135,0.061704167634878744
6.45,stage1,0.0025739472225879633,0.061309653206789556
6.451,stage1,0.0025739472225879633,0.061309653206789556
6.452,stage1,0.0025739472225879633,0.061309653206789556
6.453,stage1,0.0025739472225879633,0.061309653206789556
6.454,stage1,0.0025739472225879633,0.061309653206789556
6.455,stage1,0.0025739472225879633,0.061309653206789556
6.456,stage1,0.0025739472225879633,0.061309653206789556
6.457,stage1,0.0025739472225879633,0.061309653206789556
6.458,stage1,0.0025739472225879633,0.061309653206789556
6.459,stage1,0.0025739472225879633,0.061309653206789556
6.46,stage1,0.003184984262146198,0.060894312694898776
6.461,stage1,0.003184984262146198,0.060894312694898776
6.462,stage1,0.003184984262146198,0.060894312694898776
6.463,stage1,0.003184984262146198,0.060894312694898776
6.464,stage1,0.003184984262146198,0.060894312694898776
6.465,stage1,0.003184984262146198,0.060894312694898776
6.466,stage1,0.003184984262146198,0.060894312694898776
6.467,stage1,0.003184984262146198,0.060894312694898776
6.468,stage1,0.003184984262146198,0.060894312694898776
6.469,stage1,0.003184984262146198,0.060894312694898776
6.47,stage1,0.0037917651032612076,0.0604584674491022
6.471,stage1,0.0037917651032612076,0.0604584674491022
6.472,stage1,0.0037917651032612076,0.0604584674491022
6.473,stage1,0.0037917651032612076,0.0604584674491022
6.474,stage1,0.0037917651032612076,0.0604584674491022
6.475,stage1,0.0037917651032612076,0.0604584674491022
6.476,stage1,0.0037917651032612076,0.0604584674491022
6.477,stage1,0.0037917651032612076,0.0604584674491022
6.478,stage1,0.0037917651032612076,0.0604584674491022
6.479,stage1,0.0037917651032612076,0.0604584674491022
6.48,stage1,0.004394086336117401,0.06000244618449633
6.481,stage1,0.004394086336117401,0.06000244618449633
6.482,stage1,0.004394086336117401,0.06000244618449633
6.483,stage1,0.004394086336117401,0.06000244618449633
6.484,stage1,0.004394086336117401,0.06000244618449633
6.485,stage1,0.004394086336117401,0.06000244618449633
6.486,stage1,0.004394086336117401,0.06000244618449633
6.487,stage1,0.004394086336117401,0.06000244618449633
6.488,stage1,0.004394086336117401,0.06000244618449633
6.489,stage1,0.004394086336117401,0.06000244618449633
6.49,stage1,0.0049917478739162635,0.05952658475098748
6.491,stage1,0.0049917478739162635,0.05952658475098748
6.492,stage1,0.0049917478739162635,0.05952658475098748
6.493,stage1,0.0049917478739162635,0.05952658475098748
6.494,stage1,0.0049917478739162635,0.05952658475098748
6.495,stage1,0.0049917478739162635,0.05952658475098748
6.496,stage1,0.0049917478739162635,0.05952658475098748
6.497,stage1,0.0049917478739162635,0.05952658475098748
6.498,stage1,0.0049917478739162635,0.05952658475098748
6.499,stage1,0.0049917478739162635,0.05952658475098748
6.5,stage1,0.005584553023066755,0.05903122590153104
6.501,stage1,0.005584553023066755,0.05903122590153104
6.502,stage1,0.005584553023066755,0.05903122590153104
6.503,stage1,0.005584553023066755,0.05903122590153104
6.504,stage1,0.005584553023066755,0.05903122590153104
6.505,stage1,0.005584553023066755,0.05903122590153104
6.506,stage1,0.005584553023066755,0.05903122590153104
6.507,stage1,0.005584553023066755,0.05903122590153104
6.508,stage1,0.005584553023066755,0.05903122590153104
6.509,stage1,0.005584553023066755,0.05903122590153104
6.51,stage1,0.006172308551051777,0.05851671905913
6.511,stage1,0.006172308551051777,0.05851671905913
6.512,stage1,0.006172308551051777,0.05851671905913
6.513,stage1,0.006172308551051777,0.05851671905913
6.514,stage1,0.006172308551051777,0.05851671905913
6.515,stage1,0.006172308551051777,0.05851671905913
6.516,stage1,0.006172308551051777,0.05851671905913
6.517,stage1,0.006172308551051777,0.05851671905913
6.518,stage1,0.006172308551051777,0.05851671905913
6.519,stage1,0.006172308551051777,0.05851671905913
6.52,stage1,0.006754824751958971,0.05798342008272132
6.521,stage1,0.006754824751958971,0.05798342008272132
6.522,stage1,0.006754824751958971,0.05798342008272132
6.523,stage1,0.006754824751958971,0.05798342008272132
6.524,stage1,0.006754824751958971,0.05798342008272132
6.525,stage1,0.006754824751958971,0.05798342008272132
6.526,stage1,0.006754824751958971,0.05798342008272132
6.527,stage1,0.006754824751958971,0.05798342008272132
6.528,stage1,0.006754824751958971,0.05798342008272132
6.529,stage1,0.006754824751958971,0.05798342008272132
6.53,stage1,0.007331915509665344,0.057431691032077715
6.531,stage1,0.007331915509665344,0.057431691032077715
6.532,stage1,0.007331915509665344,0.057431691032077715
6.533,stage1,0.007331915509665344,0.057431691032077715
6.534,stage1,0.007331915509665344,0.057431691032077715
6.535,stage1,0.007331915509665344,0.057431691032077715
6.536,stage1,0.007331915509665344,0.057431691032077715
6.537,stage1,0.007331915509665344,0.057431691032077715
6.538,stage1,0.007331915509665344,0.057431691032077715
6.539,stage1,0.007331915509665344,0.057431691032077715
6.54,stage1,0.00790339835866652,0.05686189993185214
6.541,stage1,0.00790339835866652,0.05686189993185214
6.542,stage1,0.00790339835866652,0.05686189993185214
6.543,stage1,0.00790339835866652,0.05686189993185214
6.544,stage1,0.00790339835866652,0.05686189993185214
6.545,stage1,0.00790339835866652,0.05686189993185214
6.546,stage1,0.00790339835866652,0.05686189993185214
6.547,stage1,0.00790339835866652,0.05686189993185214
6.548,stage1,0.00790339835866652,0.05686189993185214
6.549,stage1,0.00790339835866652,0.05686189993185214
6.55,stage1,0.008469094542542679,0.056274420534890825
6.551,stage1,0.008469094542542679,0.056274420534890825
6.552,stage1,0.008469094542542679,0.056274420534890825
6.553,stage1,0.008469094542542679,0.056274420534890825
6.554,stage1,0.008469094542542679,0.056274420534890825
6.555,stage1,0.008469094542542679,0.056274420534890825
6.556,stage1,0.008469094542542679,0.056274420534890825
6.557,stage1,0.008469094542542679,0.056274420534890825
6.558,stage1,0.008469094542542679,0.056274420534890825
6.559,stage1,0.008469094542542679,0.056274420534890825
6.56,stage1,0.009028829070054487,0.055669632084940524
6.561,stage1,0.009028829070054487,0.055669632084940524
6.562,stage1,0.009028829070054487,0.055669632084940524
6.563,stage1,0.009028829070054487,0.055669632084940524
6.564,stage1,0.009028829070054487,0.055669632084940524
6.565,stage1,0.009028829070054487,0.055669632084940524
6.566,stage1,0.009028829070054487,0.055669632084940524
6.567,stage1,0.009028829070054487,0.055669632084940524
6.568,stage1,0.009028829070054487,0.055669632084940524
6.569,stage1,0.009028829070054487,0.055669632084940524
6.57,stage1,0.009582430768863592,0.05504791907887407
6.571,stage1,0.009582430768863592,0.05504791907887407
6.572,stage1,0.009582430768863592,0.05504791907887407
6.573,stage1,0.009582430768863592,0.05504791907887407
6.574,stage1,0.009582430768863592,0.05504791907887407
6.575,stage1,0.009582430768863592,0.05504791907887407
6.576,stage1,0.009582430768863592,0.05504791907887407
6.577,stage1,0.009582430768863592,0.05504791907887407
6.578,stage1,0.009582430768863592,0.05504791907887407
6.579,stage1,0.009582430768863592,0.05504791907887407
6.58,stage1,0.010129732336873485,0.054409671028557836
6.581,stage1,0.010129732336873485,0.054409671028557836
6.582,stage1,0.010129732336873485,0.054409671028557836
6.583,stage1,0.010129732336873485,0.054409671028557836
6.584,stage1,0.010129732336873485,0.054409671028557836
6.585,stage1,0.010129732336873485,0.054409671028557836
6.586,stage1,0.010129732336873485,0.054409671028557836
6.587,stage1,0.010129732336873485,0.054409671028557836
6.588,stage1,0.010129732336873485,0.054409671028557836
6.589,stage1,0.010129732336873485,0.054409671028557836
6.59,stage1,0.010670570391187743,0.05375528222248337
6.591,stage1,0.010670570391187743,0.05375528222248337
6.592,stage1,0.010670570391187743,0.05375528222248337
6.593,stage1,0.010670570391187743,0.05375528222248337
6.594,stage1,0.010670570391187743,0.05375528222248337
6.595,stage1,0.010670570391187743,0.05375528222248337
6.596,stage1,0.010670570391187743,0.05375528222248337
6.597,stage1,0.010670570391187743,0.05375528222248337
6.598,stage1,0.010670570391187743,0.05375528222248337
6.599,stage1,0.010670570391187743,0.05375528222248337
6.6,stage1,0.011204785514683933,0.05308515148728456
6.601,stage1,0.011204785514683933,0.05308515148728456
6.602,stage1,0.011204785514683933,0.05308515148728456
6.603,stage1,0.011204785514683933,0.05308515148728456
6.604,stage1,0.011204785514683933,0.05308515148728456
6.605,stage1,0.011204785514683933,0.05308515148728456
6.606,stage1,0.011204785514683933,0.05308515148728456
6.607,stage1,0.011204785514683933,0.05308515148728456
6.608,stage1,0.011204785514683933,0.05308515148728456
6.609,stage1,0.011204785514683933,0.05308515148728456
6.61,stage1,0.0117322223002026,0.052399681949260375
6.611,stage1,0.0117322223002026,0.052399681949260375
6.612,stage1,0.0117322223002026,0.052399681949260375
6.613,stage1,0.0117322223002026,0.052399681949260375
6.614,stage1,0.0117322223002026,0.052399681949260375
6.615,stage1,0.0117322223002026,0.052399681949260375
6.616,stage1,0.0117322223002026,0.052399681949260375
6.617,stage1,0.0117322223002026,0.052399681949260375
6.618,stage1,0.0117322223002026,0.052399681949260375
6.619,stage1,0.0117322223002026,0.052399681949260375
6.62,stage1,0.012252729392352014,0.05169928079602236
6.621,stage1,0.012252729392352014,0.05169928079602236
6.622,stage1,0.012252729392352014,0.05169928079602236
6.623,stage1,0.012252729392352014,0.05169928079602236
6.624,stage1,0.012252729392352014,0.05169928079602236
6.625,stage1,0.012252729392352014,0.05169928079602236
6.626,stage1,0.012252729392352014,0.05169928079602236
6.627,stage1,0.012252729392352014,0.05169928079602236
6.628,stage1,0.012252729392352014,0.05169928079602236
6.629,stage1,0.012252729392352014,0.05169928079602236
6.63,stage1,0.012766159526930514,0.050984359038384386
6.631,stage1,0.012766159526930514,0.050984359038384386
6.632,stage1,0.012766159526930514,0.050984359038384386
6.633,stage1,0.012766159526930514,0.050984359038384386
6.634,stage1,0.012766159526930514,0.050984359038384386
6.635,stage1,0.012766159526930514,0.050984359038384386
6.636,stage1,0.012766159526930514,0.050984359038384386
6.637,stage1,0.012766159526930514,0.050984359038384386
6.638,stage1,0.012766159526930514,0.050984359038384386
6.639,stage1,0.012766159526930514,0.050984359038384386
6.64,stage1,0.013272369567969428,0.050255331272611295
6.641,stage1,0.013272369567969428,0.050255331272611295
6.642,stage1,0.013272369567969428,0.050255331272611295
6.643,stage1,0.013272369567969428,0.050255331272611295
6.644,stage1,0.013272369567969428,0.050255331272611295
6.645,stage1,0.013272369567969428,0.050255331272611295
6.646,stage1,0.013272369567969428,0.050255331272611295
6.647,stage1,0.013272369567969428,0.050255331272611295
6.648,stage1,0.013272369567969428,0.050255331272611295
6.649,stage1,0.013272369567969428,0.050255331272611295
6.65,stage1,0.013771220542400774,0.049512615443141554
6.651,stage1,0.013771220542400774,0.049512615443141554
6.652,stage1,0.013771220542400774,0.049512615443141554
6.653,stage1,0.013771220542400774,0.049512615443141554
6.654,stage1,0.013771220542400774,0.049512615443141554
6.655,stage1,0.013771220542400774,0.049512615443141554
6.656,stage1,0.013771220542400774,0.049512615443141554
6.657,stage1,0.013771220542400774,0.049512615443141554
6.658,stage1,0.013771220542400774,0.049512615443141554
6.659,stage1,0.013771220542400774,0.049512615443141554
6.66,stage1,0.014262577672355023,0.048756632605897625
6.661,stage1,0.014262577672355023,0.048756632605897625
6.662,stage1,0.014262577672355023,0.048756632605897625
6.663,stage1,0.014262577672355023,0.048756632605897625
6.664,stage1,0.014262577672355023,0.048756632605897625
6.665,stage1,0.014262577672355023,0.048756632605897625
6.666,stage1,0.014262577672355023,0.048756632605897625
6.667,stage1,0.014262577672355023,0.048756632605897625
6.668,stage1,0.014262577672355023,0.048756632605897625
6.669,stage1,0.014262577672355023,0.048756632605897625
6.67,stage1,0.014746310405095366,0.04798780669229655
6.671,stage1,0.014746310405095366,0.04798780669229655
6.672,stage1,0.014746310405095366,0.04798780669229655
6.673,stage1,0.014746310405095366,0.04798780669229655
6.674,stage1,0.014746310405095366,0.04798780669229655
6.675,stage1,0.014746310405095366,0.04798780669229655
6.676,stage1,0.014746310405095366,0.04798780669229655
6.677,stage1,0.014746310405095366,0.04798780669229655
6.678,stage1,0.014746310405095366,0.04798780669229655
6.679,stage1,0.014746310405095366,0.04798780669229655
6.68,stage1,0.01522229244059607,0.04720656427407153
6.681,stage1,0.01522229244059607,0.04720656427407153
6.682,stage1,0.01522229244059607,0.04720656427407153
6.683,stage1,0.01522229244059607,0.04720656427407153
6.684,stage1,0.01522229244059607,0.04720656427407153
6.685,stage1,0.01522229244059607,0.04720656427407153
6.686,stage1,0.01522229244059607,0.04720656427407153
6.687,stage1,0.01522229244059607,0.04720656427407153
6.688,stage1,0.01522229244059607,0.04720656427407153
6.689,stage1,0.01522229244059607,0.04720656427407153
6.69,stage1,0.015690401756773543,0.04641333432901409
6.691,stage1,0.015690401756773543,0.04641333432901409
6.692,stage1,0.015690401756773543,0.04641333432901409
6.693,stage1,0.015690401756773543,0.04641333432901409
6.694,stage1,0.015690401756773543,0.04641333432901409
6.695,stage1,0.015690401756773543,0.04641333432901409
6.696,stage1,0.015690401756773543,0.04641333432901409
6.697,stage1,0.015690401756773543,0.04641333432901409
6.698,stage1,0.015690401756773543,0.04641333432901409
6.699,stage1,0.015690401756773543,0.04641333432901409
6.7,stage1,0.016150520632379883,0.04560854800774454
6.701,stage1,0.016150520632379883,0.04560854800774454
6.702,stage1,0.016150520632379883,0.04560854800774454
6.703,stage1,0.016150520632379883,0.04560854800774454
6.704,stage1,0.016150520632379883,0.04560854800774454
6.705,stage1,0.016150520632379883,0.04560854800774454
6.706,stage1,0.016150520632379883,0.04560854800774454
6.707,stage1,0.016150520632379883,0.04560854800774454
6.708,stage1,0.016150520632379883,0.04560854800774454
6.709,stage1,0.016150520632379883,0.04560854800774454
6.71,stage1,0.016602535667569713,0.04479263840161727
6.711,stage1,0.016602535667569713,0.04479263840161727
6.712,stage1,0.016602535667569713,0.04479263840161727
6.713,stage1,0.016602535667569713,0.04479263840161727
6.714,stage1,0.016602535667569713,0.04479263840161727
6.715,stage1,0.016602535667569713,0.04479263840161727
6.716,stage1,0.016602535667569713,0.04479263840161727
6.717,stage1,0.016602535667569713,0.04479263840161727
6.718,stage1,0.016602535667569713,0.04479263840161727
6.719,stage1,0.016602535667569713,0.04479263840161727
6.72,stage1,0.017046337802152183,0.043966040311865386
6.721,stage1,0.017046337802152183,0.043966040311865386
6.722,stage1,0.017046337802152183,0.043966040311865386
6.723,stage1,0.017046337802152183,0.043966040311865386
6.724,stage1,0.017046337802152183,0.043966040311865386
6.725,stage1,0.017046337802152183,0.043966040311865386
6.726,stage1,0.017046337802152183,0.043966040311865386
6.727,stage1,0.017046337802152183,0.043966040311865386
6.728,stage1,0.017046337802152183,0.043966040311865386
6.729,stage1,0.017046337802152183,0.043966040311865386
6.73,stage1,0.017481822331541046,0.04312919002008794
6.731,stage1,0.017481822331541046,0.04312919002008794
6.732,stage1,0.017481822331541046,0.04312919002008794
6.733,stage1,0.017481822331541046,0.04312919002008794
6.734,stage1,0.017481822331541046,0.04312919002008794
6.735,stage1,0.017481822331541046,0.04312919002008794
6.736,stage1,0.017481822331541046,0.04312919002008794
6.737,stage1,0.017481822331541046,0.04312919002008794
6.738,stage1,0.017481822331541046,0.04312919002008794
6.739,stage1,0.017481822331541046,0.04312919002008794
6.74,stage1,0.01790888892041674,0.04228252506018106
6.741,stage1,0.01790888892041674,0.04228252506018106
6.742,stage1,0.01790888892041674,0.04228252506018106
6.743,stage1,0.01790888892041674,0.04228252506018106
6.744,stage1,0.01790888892041674,0.04228252506018106
6.745,stage1,0.01790888892041674,0.04228252506018106
6.746,stage1,0.01790888892041674,0.04228252506018106
6.747,stage1,0.01790888892041674,0.04228252506018106
6.748,stage1,0.01790888892041674,0.04228252506018106
6.749,stage1,0.01790888892041674,0.04228252506018106
6.75,stage1,0.018327441614115415,0.041426483991812646
6.751,stage1,0.018327441614115415,0.041426483991812646
6.752,stage1,0.018327441614115415,0.041426483991812646
6.753,stage1,0.018327441614115415,0.041426483991812646
6.754,stage1,0.018327441614115415,0.041426483991812646
6.755,stage1,0.018327441614115415,0.041426483991812646
6.756,stage1,0.018327441614115415,0.041426483991812646
6.757,stage1,0.018327441614115415,0.041426483991812646
6.758,stage1,0.018327441614115415,0.041426483991812646
6.759,stage1,0.018327441614115415,0.041426483991812646
6.76,stage1,0.01873738884776083,0.04056150617553863
6.761,stage1,0.01873738884776083,0.04056150617553863
6.762,stage1,0.01873738884776083,0.04056150617553863
6.763,stage1,0.01873738884776083,0.04056150617553863
6.764,stage1,0.01873738884776083,0.04056150617553863
6.765,stage1,0.01873738884776083,0.04056150617553863
6.766,stage1,0.01873738884776083,0.04056150617553863
6.767,stage1,0.01873738884776083,0.04056150617553863
6.768,stage1,0.01873738884776083,0.04056150617553863
6.769,stage1,0.01873738884776083,0.04056150617553863
6.77,stage1,0.019138643453156048,0.039688031549656944
6.771,stage1,0.019138643453156048,0.039688031549656944
6.772,stage1,0.019138643453156048,0.039688031549656944
6.773,stage1,0.019138643453156048,0.039688031549656944
6.774,stage1,0.019138643453156048,0.039688031549656944
6.775,stage1,0.019138643453156048,0.039688031549656944
6.776,stage1,0.019138643453156048,0.039688031549656944
6.777,stage1,0.019138643453156048,0.039688031549656944
6.778,stage1,0.019138643453156048,0.039688031549656944
6.779,stage1,0.019138643453156048,0.039688031549656944
6.78,stage1,0.019531122663452707,0.03880650040889349
6.781,stage1,0.019531122663452707,0.03880650040889349
6.782,stage1,0.019531122663452707,0.03880650040889349
6.783,stage1,0.019531122663452707,0.03880650040889349
6.784,stage1,0.019531122663452707,0.03880650040889349
6.785,stage1,0.019531122663452707,0.03880650040889349
6.786,stage1,0.019531122663452707,0.03880650040889349
6.787,stage1,0.019531122663452707,0.03880650040889349
6.788,stage1,0.019531122663452707,0.03880650040889349
6.789,stage1,0.019531122663452707,0.03880650040889349
6.79,stage1,0.01991474811561674,0.0379173531850127
6.791,stage1,0.01991474811561674,0.0379173531850127
6.792,stage1,0.01991474811561674,0.0379173531850127
6.793,stage1,0.01991474811561674,0.0379173531850127
6.794,stage1,0.01991474811561674,0.0379173531850127
6.795,stage1,0.01991474811561674,0.0379173531850127
6.796,stage1,0.01991474811561674,0.0379173531850127
6.797,stage1,0.01991474811561674,0.0379173531850127
6.798,stage1,0.01991474811561674,0.0379173531850127
6.799,stage1,0.01991474811561674,0.0379173531850127
6.8,stage1,0.020289445850710186,0.03702103022944328
6.801,stage1,0.020289445850710186,0.03702103022944328
6.802,stage1,0.020289445850710186,0.03702103022944328
6.803,stage1,0.020289445850710186,0.03702103022944328
6.804,stage1,0.020289445850710186,0.03702103022944328
6.805,stage1,0.020289445850710186,0.03702103022944328
6.806,stage1,0.020289445850710186,0.03702103022944328
6.807,stage1,0.020289445850710186,0.03702103022944328
6.808,stage1,0.020289445850710186,0.03702103022944328
6.809,stage1,0.020289445850710186,0.03702103022944328
6.81,stage1,0.020655146312009688,0.0361179715980079
6.811,stage1,0.020655146312009688,0.0361179715980079
6.812,stage1,0.020655146312009688,0.0361179715980079
6.813,stage1,0.020655146312009688,0.0361179715980079
6.814,stage1,0.020655146312009688,0.0361179715980079
6.815,stage1,0.020655146312009688,0.0361179715980079
6.816,stage1,0.020655146312009688,0.0361179715980079
6.817,stage1,0.020655146312009688,0.0361179715980079
6.818,stage1,0.020655146312009688,0.0361179715980079
6.819,stage1,0.020655146312009688,0.0361179715980079
6.82,stage1,0.021011784340983202,0.03520861683784372
6.821,stage1,0.021011784340983202,0.03520861683784372
6.822,stage1,0.021011784340983202,0.03520861683784372
6.823,stage1,0.021011784340983202,0.03520861683784372
6.824,stage1,0.021011784340983202,0.03520861683784372
6.825,stage1,0.021011784340983202,0.03520861683784372
6.826,stage1,0.021011784340983202,0.03520861683784372
6.827,stage1,0.021011784340983202,0.03520861683784372
6.828,stage1,0.021011784340983202,0.03520861683784372
6.829,stage1,0.021011784340983202,0.03520861683784372
6.83,stage1,0.021359299171147195,0.03429340477659856
6.831,stage1,0.021359299171147195,0.03429340477659856
6.832,stage1,0.021359299171147195,0.03429340477659856
6.833,stage1,0.021359299171147195,0.03429340477659856
6.834,stage1,0.021359299171147195,0.03429340477659856
6.835,stage1,0.021359299171147195,0.03429340477659856
6.836,stage1,0.021359299171147195,0.03429340477659856
6.837,stage1,0.021359299171147195,0.03429340477659856
6.838,stage1,0.021359299171147195,0.03429340477659856
6.839,stage1,0.021359299171147195,0.03429340477659856
6.84,stage1,0.02169763441982754,0.03337277331398571
6.841,stage1,0.02169763441982754,0.03337277331398571
6.842,stage1,0.02169763441982754,0.03337277331398571
6.843,stage1,0.02169763441982754,0.03337277331398571
6.844,stage1,0.02169763441982754,0.03337277331398571
6.845,stage1,0.02169763441982754,0.03337277331398571
6.846,stage1,0.02169763441982754,0.03337277331398571
6.847,stage1,0.02169763441982754,0.03337277331398571
6.848,stage1,0.02169763441982754,0.03337277331398571
6.849,stage1,0.02169763441982754,0.03337277331398571
6.85,stage1,0.022026738077848086,0.03244715921577826
6.851,stage1,0.022026738077848086,0.03244715921577826
6.852,stage1,0.022026738077848086,0.03244715921577826
6.853,stage1,0.022026738077848086,0.03244715921577826
6.854,stage1,0.022026738077848086,0.03244715921577826
6.855,stage1,0.022026738077848086,0.03244715921577826
6.856,stage1,0.022026738077848086,0.03244715921577826
6.857,stage1,0.022026738077848086,0.03244715921577826
6.858,stage1,0.022026738077848086,0.03244715921577826
6.859,stage1,0.022026738077848086,0.03244715921577826
6.86,stage1,0.022346562497171707,0.03151699791032201
6.861,stage1,0.022346562497171707,0.03151699791032201
6.862,stage1,0.022346562497171707,0.03151699791032201
6.863,stage1,0.022346562497171707,0.03151699791032201
6.864,stage1,0.022346562497171707,0.03151699791032201
6.865,stage1,0.022346562497171707,0.03151699791032201
6.866,stage1,0.022346562497171707,0.03151699791032201
6.867,stage1,0.022346562497171707,0.03151699791032201
6.868,stage1,0.022346562497171707,0.03151699791032201
6.869,stage1,0.022346562497171707,0.03151699791032201
6.87,stage1,0.022657064376519383,0.030582723287643672
6.871,stage1,0.022657064376519383,0.030582723287643672
6.872,stage1,0.022657064376519383,0.030582723287643672
6.873,stage1,0.022657064376519383,0.030582723287643672
6.874,stage1,0.022657064376519383,0.030582723287643672
6.875,stage1,0.022657064376519383,0.030582723287643672
6.876,stage1,0.022657064376519383,0.030582723287643672
6.877,stage1,0.022657064376519383,0.030582723287643672
6.878,stage1,0.022657064376519383,0.030582723287643672
6.879,stage1,0.022657064376519383,0.030582723287643672
6.88,stage1,0.02295820474499366,0.029644767501229387
6.881,stage1,0.02295820474499366,0.029644767501229387
6.882,stage1,0.02295820474499366,0.029644767501229387
6.883,stage1,0.02295820474499366,0.029644767501229387
6.884,stage1,0.02295820474499366,0.029644767501229387
6.885,stage1,0.02295820474499366,0.029644767501229387
6.886,stage1,0.02295820474499366,0.029644767501229387
6.887,stage1,0.02295820474499366,0.029644767501229387
6.888,stage1,0.02295820474499366,0.029644767501229387
6.889,stage1,0.02295820474499366,0.029644767501229387
6.89,stage1,0.023249948943733542,0.028703560772546287
6.891,stage1,0.023249948943733542,0.028703560772546287
6.892,stage1,0.023249948943733542,0.028703560772546287
6.893,stage1,0.023249948943733542,0.028703560772546287
6.894,stage1,0.023249948943733542,0.028703560772546287
6.895,stage1,0.023249948943733542,0.028703560772546287
6.896,stage1,0.023249948943733542,0.028703560772546287
6.897,stage1,0.023249948943733542,0.028703560772546287
6.898,stage1,0.023249948943733542,0.028703560772546287
6.899,stage1,0.023249948943733542,0.028703560772546287
6.9,stage1,0.023532266605628627,0.027759531198377815
6.901,stage1,0.023532266605628627,0.027759531198377815
6.902,stage1,0.023532266605628627,0.027759531198377815
6.903,stage1,0.023532266605628627,0.027759531198377815
6.904,stage1,0.023532266605628627,0.027759531198377815
6.905,stage1,0.023532266605628627,0.027759531198377815
6.906,stage1,0.023532266605628627,0.027759531198377815
6.907,stage1,0.023532266605628627,0.027759531198377815
6.908,stage1,0.023532266605628627,0.027759531198377815
6.909,stage1,0.023532266605628627,0.027759531198377815
6.91,stage1,0.023805131633120924,0.02681310456104144
6.911,stage1,0.023805131633120924,0.02681310456104144
6.912,stage1,0.023805131633120924,0.02681310456104144
6.913,stage1,0.023805131633120924,0.02681310456104144
6.914,stage1,0.023805131633120924,0.02681310456104144
6.915,stage1,0.023805131633120924,0.02681310456104144
6.916,stage1,0.023805131633120924,0.02681310456104144
6.917,stage1,0.023805131633120924,0.02681310456104144
6.918,stage1,0.023805131633120924,0.02681310456104144
6.919,stage1,0.023805131633120924,0.02681310456104144
6.92,stage1,0.024068522174123568,0.025864704141555287
6.921,stage1,0.024068522174123568,0.025864704141555287
6.922,stage1,0.024068522174123568,0.025864704141555287
6.923,stage1,0.024068522174123568,0.025864704141555287
6.924,stage1,0.024068522174123568,0.025864704141555287
6.925,stage1,0.024068522174123568,0.025864704141555287
6.926,stage1,0.024068522174123568,0.025864704141555287
6.927,stage1,0.024068522174123568,0.025864704141555287
6.928,stage1,0.024068522174123568,0.025864704141555287
6.929,stage1,0.024068522174123568,0.025864704141555287
6.93,stage1,0.02432242059608619,0.02491475053581806
6.931,stage1,0.02432242059608619,0.02491475053581806
6.932,stage1,0.02432242059608619,0.02491475053581806
6.933,stage1,0.02432242059608619,0.02491475053581806
6.934,stage1,0.02432242059608619,0.02491475053581806
6.935,stage1,0.02432242059608619,0.02491475053581806
6.936,stage1,0.02432242059608619,0.02491475053581806
6.937,stage1,0.02432242059608619,0.02491475053581806
6.938,stage1,0.02432242059608619,0.02491475053581806
6.939,stage1,0.02432242059608619,0.02491475053581806
6.94,stage1,0.024566813458237434,0.023963661473864525
6.941,stage1,0.024566813458237434,0.023963661473864525
6.942,stage1,0.024566813458237434,0.023963661473864525
6.943,stage1,0.024566813458237434,0.023963661473864525
6.944,stage1,0.024566813458237434,0.023963661473864525
6.945,stage1,0.024566813458237434,0.023963661473864525
6.946,stage1,0.024566813458237434,0.023963661473864525
6.947,stage1,0.024566813458237434,0.023963661473864525
6.948,stage1,0.024566813458237434,0.023963661473864525
6.949,stage1,0.024566813458237434,0.023963661473864525
6.95,stage1,0.02480169148203563,0.023011851642256706
6.951,stage1,0.02480169148203563,0.023011851642256706
6.952,stage1,0.02480169148203563,0.023011851642256706
6.953,stage1,0.02480169148203563,0.023011851642256706
6.954,stage1,0.02480169148203563,0.023011851642256706
6.955,stage1,0.02480169148203563,0.023011851642256706
6.956,stage1,0.02480169148203563,0.023011851642256706
6.957,stage1,0.02480169148203563,0.023011851642256706
6.958,stage1,0.02480169148203563,0.023011851642256706
6.959,stage1,0.02480169148203563,0.023011851642256706
6.96,stage1,0.025027049519859332,0.02205973250966871
6.961,stage1,0.025027049519859332,0.02205973250966871
6.962,stage1,0.025027049519859332,0.02205973250966871
6.963,stage1,0.025027049519859332,0.02205973250966871
6.964,stage1,0.025027049519859332,0.02205973250966871
6.965,stage1,0.025027049519859332,0.02205973250966871
6.966,stage1,0.025027049519859332,0.02205973250966871
6.967,stage1,0.025027049519859332,0.02205973250966871
6.968,stage1,0.025027049519859332,0.02205973250966871
6.969,stage1,0.025027049519859332,0.02205973250966871
6.97,stage1,0.025242886521969883,0.021107712155721048
6.971,stage1,0.025242886521969883,0.021107712155721048
6.972,stage1,0.025242886521969883,0.021107712155721048
6.973,stage1,0.025242886521969883,0.021107712155721048
6.974,stage1,0.025242886521969883,0.021107712155721048
6.975,stage1,0.025242886521969883,0.021107712155721048
6.976,stage1,0.025242886521969883,0.021107712155721048
6.977,stage1,0.025242886521969883,0.021107712155721048
6.978,stage1,0.025242886521969883,0.021107712155721048
6.979,stage1,0.025242886521969883,0.021107712155721048
6.98,stage1,0.02544920550177881,0.020156195103118085
6.981,stage1,0.02544920550177881,0.020156195103118085
6.982,stage1,0.02544920550177881,0.020156195103118085
6.983,stage1,0.02544920550177881,0.020156195103118085
6.984,stage1,0.02544920550177881,0.020156195103118085
6.985,stage1,0.02544920550177881,0.020156195103118085
6.986,stage1,0.02544920550177881,0.020156195103118085
6.987,stage1,0.02544920550177881,0.020156195103118085
6.988,stage1,0.02544920550177881,0.020156195103118085
6.989,stage1,0.02544920550177881,0.020156195103118085
6.99,stage1,0.025646013499453297,0.019205582153140076
6.991,stage1,0.025646013499453297,0.019205582153140076
6.992,stage1,0.025646013499453297,0.019205582153140076
6.993,stage1,0.025646013499453297,0.019205582153140076
6.994,stage1,0.025646013499453297,0.019205582153140076
6.995,stage1,0.025646013499453297,0.019205582153140076
6.996,stage1,0.025646013499453297,0.019205582153140076
6.997,stage1,0.025646013499453297,0.019205582153140076
6.998,stage1,0.025646013499453297,0.019205582153140076
6.999,stage1,0.025646013499453297,0.019205582153140076
7.0,stage1,0.025833321543893607,0.01825627022453913
7.001,stage1,0.025833321543893607,0.01825627022453913
7.002,stage1,0.025833321543893607,0.01825627022453913
7.003,stage1,0.025833321543893607,0.01825627022453913
7.004,stage1,0.025833321543893607,0.01825627022453913
7.005,stage1,0.025833321543893607,0.01825627022453913
7.006,stage1,0.025833321543893607,0.01825627022453913
7.007,stage1,0.025833321543893607,0.01825627022453913
7.008,stage1,0.025833321543893607,0.01825627022453913
7.009,stage1,0.025833321543893607,0.01825627022453913
7.01,stage1,0.026011144613116623,0.017308652195886207
7.011,stage1,0.026011144613116623,0.017308652195886207
7.012,stage1,0.026011144613116623,0.017308652195886207
7.013,stage1,0.026011144613116623,0.017308652195886207
7.014,stage1,0.026011144613116623,0.017308652195886207
7.015,stage1,0.026011144613116623,0.017308652195886207
7.016,stage1,0.026011144613116623,0.017308652195886207
7.017,stage1,0.026011144613116623,0.017308652195886207
7.018,stage1,0.026011144613116623,0.017308652195886207
7.019,stage1,0.026011144613116623,0.017308652195886207
7.02,stage1,0.02617950159308035,0.016363116751414115
7.021,stage1,0.02617950159308035,0.016363116751414115
7.022,stage1,0.02617950159308035,0.016363116751414115
7.023,stage1,0.02617950159308035,0.016363116751414115
7.024,stage1,0.02617950159308035,0.016363116751414115
7.025,stage1,0.02617950159308035,0.016363116751414115
7.026,stage1,0.02617950159308035,0.016363116751414115
7.027,stage1,0.02617950159308035,0.016363116751414115
7.028,stage1,0.02617950159308035,0.016363116751414115
7.029,stage1,0.02617950159308035,0.016363116751414115
7.03,stage1,0.02633841523498447,0.01542004823039924
7.031,stage1,0.02633841523498447,0.01542004823039924
7.032,stage1,0.02633841523498447,0.01542004823039924
7.033,stage1,0.02633841523498447,0.01542004823039924
7.034,stage1,0.02633841523498447,0.01542004823039924
7.035,stage1,0.02633841523498447,0.01542004823039924
7.036,stage1,0.02633841523498447,0.01542004823039924
7.037,stage1,0.02633841523498447,0.01542004823039924
7.038,stage1,0.02633841523498447,0.01542004823039924
7.039,stage1,0.02633841523498447,0.01542004823039924
7.04,stage1,0.02648791211108261,0.014479826480122653
7.041,stage1,0.02648791211108261,0.014479826480122653
7.042,stage1,0.02648791211108261,0.014479826480122653
7.043,stage1,0.02648791211108261,0.014479826480122653
7.044,stage1,0.02648791211108261,0.014479826480122653
7.045,stage1,0.02648791211108261,0.014479826480122653
7.046,stage1,0.02648791211108261,0.014479826480122653
7.047,stage1,0.02648791211108261,0.014479826480122653
7.048,stage1,0.02648791211108261,0.014479826480122653
7.049,stage1,0.02648791211108261,0.014479826480122653
7.05,stage1,0.02662802256904225,0.013542826712448951
7.051,stage1,0.02662802256904225,0.013542826712448951
7.052,stage1,0.02662802256904225,0.013542826712448951
7.053,stage1,0.02662802256904225,0.013542826712448951
7.054,stage1,0.02662802256904225,0.013542826712448951
7.055,stage1,0.02662802256904225,0.013542826712448951
7.056,stage1,0.02662802256904225,0.013542826712448951
7.057,stage1,0.02662802256904225,0.013542826712448951
7.058,stage1,0.02662802256904225,0.013542826712448951
7.059,stage1,0.02662802256904225,0.013542826712448951
7.06,stage1,0.026758780684888673,0.012609419364059094
7.061,stage1,0.026758780684888673,0.012609419364059094
7.062,stage1,0.026758780684888673,0.012609419364059094
7.063,stage1,0.026758780684888673,0.012609419364059094
7.064,stage1,0.026758780684888673,0.012609419364059094
7.065,stage1,0.026758780684888673,0.012609419364059094
7.066,stage1,0.026758780684888673,0.012609419364059094
7.067,stage1,0.026758780684888673,0.012609419364059094
7.068,stage1,0.026758780684888673,0.012609419364059094
7.069,stage1,0.026758780684888673,0.012609419364059094
7.07,stage1,0.026880224214569665,0.011679969960371284
7.071,stage1,0.026880224214569665,0.011679969960371284
7.072,stage1,0.026880224214569665,0.011679969960371284
7.073,stage1,0.026880224214569665,0.011679969960371284
7.074,stage1,0.026880224214569665,0.011679969960371284
7.075,stage1,0.026880224214569665,0.011679969960371284
7.076,stage1,0.026880224214569665,0.011679969960371284
7.077,stage1,0.026880224214569665,0.011679969960371284
7.078,stage1,0.026880224214569665,0.011679969960371284
7.079,stage1,0.026880224214569665,0.011679969960371284
7.08,stage1,0.026992394544177973,0.010754838983181792
7.081,stage1,0.026992394544177973,0.010754838983181792
7.082,stage1,0.026992394544177973,0.010754838983181792
7.083,stage1,0.026992394544177973,0.010754838983181792
7.084,stage1,0.026992394544177973,0.010754838983181792
7.085,stage1,0.026992394544177973,0.010754838983181792
7.086,stage1,0.026992394544177973,0.010754838983181792
7.087,stage1,0.026992394544177973,0.010754838983181792
7.088,stage1,0.026992394544177973,0.010754838983181792
7.089,stage1,0.026992394544177973,0.010754838983181792
7.09,stage1,0.027095336638868928,0.009834381742055434
7.091,stage1,0.027095336638868928,0.009834381742055434
7.092,stage1,0.027095336638868928,0.009834381742055434
7.093,stage1,0.027095336638868928,0.009834381742055434
7.094,stage1,0.027095336638868928,0.009834381742055434
7.095,stage1,0.027095336638868928,0.009834381742055434
7.096,stage1,0.027095336638868928,0.009834381742055434
7.097,stage1,0.027095336638868928,0.009834381742055434
7.098,stage1,0.027095336638868928,0.009834381742055434
7.099,stage1,0.027095336638868928,0.009834381742055434
7.1,stage1,0.0271890989905108,0.008918948249493287
7.101,stage1,0.0271890989905108,0.008918948249493287
7.102,stage1,0.0271890989905108,0.008918948249493287
7.103,stage1,0.0271890989905108,0.008918948249493287
7.104,stage1,0.0271890989905108,0.008918948249493287
7.105,stage1,0.0271890989905108,0.008918948249493287
7.106,stage1,0.0271890989905108,0.008918948249493287
7.107,stage1,0.0271890989905108,0.008918948249493287
7.108,stage1,0.0271890989905108,0.008918948249493287
7.109,stage1,0.0271890989905108,0.008918948249493287
7.11,stage1,0.027273733564105857,0.008008883099903056
7.111,stage1,0.027273733564105857,0.008008883099903056
7.112,stage1,0.027273733564105857,0.008008883099903056
7.113,stage1,0.027273733564105857,0.008008883099903056
7.114,stage1,0.027273733564105857,0.008008883099903056
7.115,stage1,0.027273733564105857,0.008008883099903056
7.116,stage1,0.027273733564105857,0.008008883099903056
7.117,stage1,0.027273733564105857,0.008008883099903056
7.118,stage1,0.027273733564105857,0.008008883099903056
7.119,stage1,0.027273733564105857,0.008008883099903056
7.12,stage1,0.02734929574302022,0.007104525352395378
7.121,stage1,0.02734929574302022,0.007104525352395378
7.122,stage1,0.02734929574302022,0.007104525352395378
7.123,stage1,0.02734929574302022,0.007104525352395378
7.124,stage1,0.02734929574302022,0.007104525352395378
7.125,stage1,0.02734929574302022,0.007104525352395378
7.126,stage1,0.02734929574302022,0.007104525352395378
7.127,stage1,0.02734929574302022,0.007104525352395378
7.128,stage1,0.02734929574302022,0.007104525352395378
7.129,stage1,0.02734929574302022,0.007104525352395378
7.13,stage1,0.0274158442730609,0.006206208417427187
7.131,stage1,0.0274158442730609,0.006206208417427187
7.132,stage1,0.0274158442730609,0.006206208417427187
7.133,stage1,0.0274158442730609,0.006206208417427187
7.134,stage1,0.0274158442730609,0.006206208417427187
7.135,stage1,0.0274158442730609,0.006206208417427187
7.136,stage1,0.0274158442730609,0.006206208417427187
7.137,stage1,0.0274158442730609,0.006206208417427187
7.138,stage1,0.0274158442730609,0.006206208417427187
7.139,stage1,0.0274158442730609,0.006206208417427187
7.14,stage1,0.027473441205438584,0.005314259947311197
7.141,stage1,0.027473441205438584,0.005314259947311197
7.142,stage1,0.027473441205438584,0.005314259947311197
7.143,stage1,0.027473441205438584,0.005314259947311197
7.144,stage1,0.027473441205438584,0.005314259947311197
7.145,stage1,0.027473441205438584,0.005314259947311197
7.146,stage1,0.027473441205438584,0.005314259947311197
7.147,stage1,0.027473441205438584,0.005314259947311197
7.148,stage1,0.027473441205438584,0.005314259947311197
7.149,stage1,0.027473441205438584,0.005314259947311197
7.15,stage1,0.027522151838654932,0.0044290017306083986
7.151,stage1,0.027522151838654932,0.0044290017306083986
7.152,stage1,0.027522151838654932,0.0044290017306083986
7.153,stage1,0.027522151838654932,0.0044290017306083986
7.154,stage1,0.027522151838654932,0.0044290017306083986
7.155,stage1,0.027522151838654932,0.0044290017306083986
7.156,stage1,0.027522151838654932,0.0044290017306083986
7.157,stage1,0.027522151838654932,0.0044290017306083986
7.158,stage1,0.027522151838654932,0.0044290017306083986
7.159,stage1,0.027522151838654932,0.0044290017306083986
7.16,stage1,0.027562044659353257,0.003550749590418384
7.161,stage1,0.027562044659353257,0.003550749590418384
7.162,stage1,0.027562044659353257,0.003550749590418384
7.163,stage1,0.027562044659353257,0.003550749590418384
7.164,stage1,0.027562044659353257,0.003550749590418384
7.165,stage1,0.027562044659353257,0.003550749590418384
7.166,stage1,0.027562044659353257,0.003550749590418384
7.167,stage1,0.027562044659353257,0.003550749590418384
7.168,stage1,0.027562044659353257,0.003550749590418384
7.169,stage1,0.027562044659353257,0.003550749590418384
7.17,stage1,0.02759319128217166,0.002679813286580253
7.171,stage1,0.02759319128217166,0.002679813286580253
7.172,stage1,0.02759319128217166,0.002679813286580253
7.173,stage1,0.02759319128217166,0.002679813286580253
7.174,stage1,0.02759319128217166,0.002679813286580253
7.175,stage1,0.02759319128217166,0.002679813286580253
7.176,stage1,0.02759319128217166,0.002679813286580253
7.177,stage1,0.02759319128217166,0.002679813286580253
7.178,stage1,0.02759319128217166,0.002679813286580253
7.179,stage1,0.02759319128217166,0.002679813286580253
7.18,stage1,0.027615666388637772,0.001816496421794741
7.181,stage1,0.027615666388637772,0.001816496421794741
7.182,stage1,0.027615666388637772,0.001816496421794741
7.183,stage1,0.027615666388637772,0.001816496421794741
7.184,stage1,0.027615666388637772,0.001816496421794741
7.185,stage1,0.027615666388637772,0.001816496421794741
7.186,stage1,0.027615666388637772,0.001816496421794741
7.187,stage1,0.027615666388637772,0.001816496421794741
7.188,stage1,0.027615666388637772,0.001816496421794741
7.189,stage1,0.027615666388637772,0.001816496421794741
7.19,stage1,0.027629547665144357,0.0009610963516761917
7.191,stage1,0.027629547665144357,0.0009610963516761917
7.192,stage1,0.027629547665144357,0.0009610963516761917
7.193,stage1,0.027629547665144357,0.0009610963516761917
7.194,stage1,0.027629547665144357,0.0009610963516761917
7.195,stage1,0.027629547665144357,0.0009610963516761917
7.196,stage1,0.027629547665144357,0.0009610963516761917
7.197,stage1,0.027629547665144357,0.0009610963516761917
7.198,stage1,0.027629547665144357,0.0009610963516761917
7.199,stage1,0.027629547665144357,0.0009610963516761917
7.2,stage1,0.027634915740045125,0.00011390409874093639
7.201,stage1,0.027634915740045125,0.00011390409874093639
7.202,stage1,0.027634915740045125,0.00011390409874093639
7.203,stage1,0.027634915740045125,0.00011390409874093639
7.204,stage1,0.027634915740045125,0.00011390409874093639
7.205,stage1,0.027634915740045125,0.00011390409874093639
7.206,stage1,0.027634915740045125,0.00011390409874093639
7.207,stage1,0.027634915740045125,0.00011390409874093639
7.208,stage1,0.027634915740045125,0.00011390409874093639
7.209,stage1,0.027634915740045125,0.00011390409874093639
7.21,stage1,0.027631854119910104,-0.0007247957296633729
7.211,stage1,0.027631854119910104,-0.0007247957296633729
7.212,stage1,0.027631854119910104,-0.0007247957296633729
7.213,stage1,0.027631854119910104,-0.0007247957296633729
7.214,stage1,0.027631854119910104,-0.0007247957296633729
7.215,stage1,0.027631854119910104,-0.0007247957296633729
7.216,stage1,0.027631854119910104,-0.0007247957296633729
7.217,stage1,0.027631854119910104,-0.0007247957296633729
7.218,stage1,0.027631854119910104,-0.0007247957296633729
7.219,stage1,0.027631854119910104,-0.0007247957296633729
7.22,stage1,0.027620449124980045,-0.0015547250194849348
7.221,stage1,0.027620449124980045,-0.0015547250194849348
7.222,stage1,0.027620449124980045,-0.0015547250194849348
7.223,stage1,0.027620449124980045,-0.0015547250194849348
7.224,stage1,0.027620449124980045,-0.0015547250194849348
7.225,stage1,0.027620449124980045,-0.0015547250194849348
7.226,stage1,0.027620449124980045,-0.0015547250194849348
7.227,stage1,0.027620449124980045,-0.0015547250194849348
7.228,stage1,0.027620449124980045,-0.0015547250194849348
7.229,stage1,0.027620449124980045,-0.0015547250194849348
7.23,stage1,0.027600789823859273,-0.002375612224150922
7.231,stage1,0.027600789823859273,-0.002375612224150922
7.232,stage1,0.027600789823859273,-0.002375612224150922
7.233,stage1,0.027600789823859273,-0.002375612224150922
7.234,stage1,0.027600789823859273,-0.002375612224150922
7.235,stage1,0.027600789823859273,-0.002375612224150922
7.236,stage1,0.027600789823859273,-0.002375612224150922
7.237,stage1,0.027600789823859273,-0.002375612224150922
7.238,stage1,0.027600789823859273,-0.002375612224150922
7.239,stage1,0.027600789823859273,-0.002375612224150922
7.24,stage1,0.027572967967486407,-0.003187192434807966
7.241,stage1,0.027572967967486407,-0.003187192434807966
7.242,stage1,0.027572967967486407,-0.003187192434807966
7.243,stage1,0.027572967967486407,-0.003187192434807966
7.244,stage1,0.027572967967486407,-0.003187192434807966
7.245,stage1,0.027572967967486407,-0.003187192434807966
7.246,stage1,0.027572967967486407,-0.003187192434807966
7.247,stage1,0.027572967967486407,-0.003187192434807966
7.248,stage1,0.027572967967486407,-0.003187192434807966
7.249,stage1,0.027572967967486407,-0.003187192434807966
7.25,stage1,0.02753707792242239,-0.00398920744662337
7.251,stage1,0.02753707792242239,-0.00398920744662337
7.252,stage1,0.02753707792242239,-0.00398920744662337
7.253,stage1,0.02753707792242239,-0.00398920744662337
7.254,stage1,0.02753707792242239,-0.00398920744662337
7.255,stage1,0.02753707792242239,-0.00398920744662337
7.256,stage1,0.02753707792242239,-0.00398920744662337
7.257,stage1,0.02753707792242239,-0.00398920744662337
7.258,stage1,0.02753707792242239,-0.00398920744662337
7.259,stage1,0.02753707792242239,-0.00398920744662337
7.26,stage1,0.027493216603495164,-0.004781405821152329
7.261,stage1,0.027493216603495164,-0.004781405821152329
7.262,stage1,0.027493216603495164,-0.004781405821152329
7.263,stage1,0.027493216603495164,-0.004781405821152329
7.264,stage1,0.027493216603495164,-0.004781405821152329
7.265,stage1,0.027493216603495164,-0.004781405821152329
7.266,stage1,0.027493216603495164,-0.004781405821152329
7.267,stage1,0.027493216603495164,-0.004781405821152329
7.268,stage1,0.027493216603495164,-0.004781405821152329
7.269,stage1,0.027493216603495164,-0.004781405821152329
7.27,stage1,0.027441483405840354,-0.005563542944778355
7.271,stage1,0.027441483405840354,-0.005563542944778355
7.272,stage1,0.027441483405840354,-0.005563542944778355
7.273,stage1,0.027441483405840354,-0.005563542944778355
7.274,stage1,0.027441483405840354,-0.005563542944778355
7.275,stage1,0.027441483405840354,-0.005563542944778355
7.276,stage1,0.027441483405840354,-0.005563542944778355
7.277,stage1,0.027441483405840354,-0.005563542944778355
7.278,stage1,0.027441483405840354,-0.005563542944778355
7.279,stage1,0.027441483405840354,-0.005563542944778355
7.28,stage1,0.02738198013637708,-0.006335381083235975
7.281,stage1,0.02738198013637708,-0.006335381083235975
7.282,stage1,0.02738198013637708,-0.006335381083235975
7.283,stage1,0.02738198013637708,-0.006335381083235975
7.284,stage1,0.02738198013637708,-0.006335381083235975
7.285,stage1,0.02738198013637708,-0.006335381083235975
7.286,stage1,0.02738198013637708,-0.006335381083235975
7.287,stage1,0.02738198013637708,-0.006335381083235975
7.288,stage1,0.02738198013637708,-0.006335381083235975
7.289,stage1,0.02738198013637708,-0.006335381083235975
7.29,stage1,0.027314810944758152,-0.007096689432226647
7.291,stage1,0.027314810944758152,-0.007096689432226647
7.292,stage1,0.027314810944758152,-0.007096689432226647
7.293,stage1,0.027314810944758152,-0.007096689432226647
7.294,stage1,0.027314810944758152,-0.007096689432226647
7.295,stage1,0.027314810944758152,-0.007096689432226647
7.296,stage1,0.027314810944758152,-0.007096689432226647
7.297,stage1,0.027314810944758152,-0.007096689432226647
7.298,stage1,0.027314810944758152,-0.007096689432226647
7.299,stage1,0.027314810944758152,-0.007096689432226647
7.3,stage1,0.02724008225383354,-0.007847244164140649
7.301,stage1,0.02724008225383354,-0.007847244164140649
7.302,stage1,0.02724008225383354,-0.007847244164140649
7.303,stage1,0.02724008225383354,-0.007847244164140649
7.304,stage1,0.02724008225383354,-0.007847244164140649
7.305,stage1,0.02724008225383354,-0.007847244164140649
7.306,stage1,0.02724008225383354,-0.007847244164140649
7.307,stage1,0.02724008225383354,-0.007847244164140649
7.308,stage1,0.02724008225383354,-0.007847244164140649
7.309,stage1,0.02724008225383354,-0.007847244164140649
7.31,stage1,0.027157902689666055,-0.008586828470899538
7.311,stage1,0.027157902689666055,-0.008586828470899538
7.312,stage1,0.027157902689666055,-0.008586828470899538
7.313,stage1,0.027157902689666055,-0.008586828470899538
7.314,stage1,0.027157902689666055,-0.008586828470899538
7.315,stage1,0.027157902689666055,-0.008586828470899538
7.316,stage1,0.027157902689666055,-0.008586828470899538
7.317,stage1,0.027157902689666055,-0.008586828470899538
7.318,stage1,0.027157902689666055,-0.008586828470899538
7.319,stage1,0.027157902689666055,-0.008586828470899538
7.32,stage1,0.027068383011137936,-0.00931523260293553
7.321,stage1,0.027068383011137936,-0.00931523260293553
7.322,stage1,0.027068383011137936,-0.00931523260293553
7.323,stage1,0.027068383011137936,-0.00931523260293553
7.324,stage1,0.027068383011137936,-0.00931523260293553
7.325,stage1,0.027068383011137936,-0.00931523260293553
7.326,stage1,0.027068383011137936,-0.00931523260293553
7.327,stage1,0.027068383011137936,-0.00931523260293553
7.328,stage1,0.027068383011137936,-0.00931523260293553
7.329,stage1,0.027068383011137936,-0.00931523260293553
7.33,stage1,0.026971636039186873,-0.010032253904325947
7.331,stage1,0.026971636039186873,-0.010032253904325947
7.332,stage1,0.026971636039186873,-0.010032253904325947
7.333,stage1,0.026971636039186873,-0.010032253904325947
7.334,stage1,0.026971636039186873,-0.010032253904325947
7.335,stage1,0.026971636039186873,-0.010032253904325947
7.336,stage1,0.026971636039186873,-0.010032253904325947
7.337,stage1,0.026971636039186873,-0.010032253904325947
7.338,stage1,0.026971636039186873,-0.010032253904325947
7.339,stage1,0.026971636039186873,-0.010032253904325947
7.34,stage1,0.02686777658570984,-0.010737696844102588
7.341,stage1,0.02686777658570984,-0.010737696844102588
7.342,stage1,0.02686777658570984,-0.010737696844102588
7.343,stage1,0.02686777658570984,-0.010737696844102588
7.344,stage1,0.02686777658570984,-0.010737696844102588
7.345,stage1,0.02686777658570984,-0.010737696844102588
7.346,stage1,0.02686777658570984,-0.010737696844102588
7.347,stage1,0.02686777658570984,-0.010737696844102588
7.348,stage1,0.02686777658570984,-0.010737696844102588
7.349,stage1,0.02686777658570984,-0.010737696844102588
7.35,stage1,0.026756921382172866,-0.011431373043757577
7.351,stage1,0.026756921382172866,-0.011431373043757577
7.352,stage1,0.026756921382172866,-0.011431373043757577
7.353,stage1,0.026756921382172866,-0.011431373043757577
7.354,stage1,0.026756921382172866,-0.011431373043757577
7.355,stage1,0.026756921382172866,-0.011431373043757577
7.356,stage1,0.026756921382172866,-0.011431373043757577
7.357,stage1,0.026756921382172866,-0.011431373043757577
7.358,stage1,0.026756921382172866,-0.011431373043757577
7.359,stage1,0.026756921382172866,-0.011431373043757577
7.36,stage1,0.02663918900796465,-0.012113101300968977
7.361,stage1,0.02663918900796465,-0.012113101300968977
7.362,stage1,0.02663918900796465,-0.012113101300968977
7.363,stage1,0.02663918900796465,-0.012113101300968977
7.364,stage1,0.02663918900796465,-0.012113101300968977
7.365,stage1,0.02663918900796465,-0.012113101300968977
7.366,stage1,0.02663918900796465,-0.012113101300968977
7.367,stage1,0.02663918900796465,-0.012113101300968977
7.368,stage1,0.02663918900796465,-0.012113101300968977
7.369,stage1,0.02663918900796465,-0.012113101300968977
7.37,stage1,0.026514699818531766,-0.01278270760957103
7.371,stage1,0.026514699818531766,-0.01278270760957103
7.372,stage1,0.026514699818531766,-0.01278270760957103
7.373,stage1,0.026514699818531766,-0.01278270760957103
7.374,stage1,0.026514699818531766,-0.01278270760957103
7.375,stage1,0.026514699818531766,-0.01278270760957103
7.376,stage1,0.026514699818531766,-0.01278270760957103
7.377,stage1,0.026514699818531766,-0.01278270760957103
7.378,stage1,0.026514699818531766,-0.01278270760957103
7.379,stage1,0.026514699818531766,-0.01278270760957103
7.38,stage1,0.02638357587333277,-0.013440025175795595
7.381,stage1,0.02638357587333277,-0.013440025175795595
7.382,stage1,0.02638357587333277,-0.013440025175795595
7.383,stage1,0.02638357587333277,-0.013440025175795595
7.384,stage1,0.02638357587333277,-0.013440025175795595
7.385,stage1,0.02638357587333277,-0.013440025175795595
7.386,stage1,0.02638357587333277,-0.013440025175795595
7.387,stage1,0.02638357587333277,-0.013440025175795595
7.388,stage1,0.02638357587333277,-0.013440025175795595
7.389,stage1,0.02638357587333277,-0.013440025175795595
7.39,stage1,0.026245940863648475,-0.014084894430812851
7.391,stage1,0.026245940863648475,-0.014084894430812851
7.392,stage1,0.026245940863648475,-0.014084894430812851
7.393,stage1,0.026245940863648475,-0.014084894430812851
7.394,stage1,0.026245940863648475,-0.014084894430812851
7.395,stage1,0.026245940863648475,-0.014084894430812851
7.396,stage1,0.026245940863648475,-0.014084894430812851
7.397,stage1,0.026245940863648475,-0.014084894430812851
7.398,stage1,0.026245940863648475,-0.014084894430812851
7.399,stage1,0.026245940863648475,-0.014084894430812851
7.4,stage1,0.026101920040285158,-0.014717163039601001
7.401,stage1,0.026101920040285158,-0.014717163039601001
7.402,stage1,0.026101920040285158,-0.014717163039601001
7.403,stage1,0.026101920040285158,-0.014717163039601001
7.404,stage1,0.026101920040285158,-0.014717163039601001
7.405,stage1,0.026101920040285158,-0.014717163039601001
7.406,stage1,0.026101920040285158,-0.014717163039601001
7.407,stage1,0.026101920040285158,-0.014717163039601001
7.408,stage1,0.026101920040285158,-0.014717163039601001
7.409,stage1,0.026101920040285158,-0.014717163039601001
7.41,stage1,0.02595164014120733,-0.015336685906176163
7.411,stage1,0.02595164014120733,-0.015336685906176163
7.412,stage1,0.02595164014120733,-0.015336685906176163
7.413,stage1,0.02595164014120733,-0.015336685906176163
7.414,stage1,0.02595164014120733,-0.015336685906176163
7.415,stage1,0.02595164014120733,-0.015336685906176163
7.416,stage1,0.02595164014120733,-0.015336685906176163
7.417,stage1,0.02595164014120733,-0.015336685906176163
7.418,stage1,0.02595164014120733,-0.015336685906176163
7.419,stage1,0.02595164014120733,-0.015336685906176163
7.42,stage1,0.025795229319136234,-0.01594332517521519
7.421,stage1,0.025795229319136234,-0.01594332517521519
7.422,stage1,0.025795229319136234,-0.01594332517521519
7.423,stage1,0.025795229319136234,-0.01594332517521519
7.424,stage1,0.025795229319136234,-0.01594332517521519
7.425,stage1,0.025795229319136234,-0.01594332517521519
7.426,stage1,0.025795229319136234,-0.01594332517521519
7.427,stage1,0.025795229319136234,-0.01594332517521519
7.428,stage1,0.025795229319136234,-0.01594332517521519
7.429,stage1,0.025795229319136234,-0.01594332517521519
7.43,stage1,0.02563281706915005,-0.016536950230105606
7.431,stage1,0.02563281706915005,-0.016536950230105606
7.432,stage1,0.02563281706915005,-0.016536950230105606
7.433,stage1,0.02563281706915005,-0.016536950230105606
7.434,stage1,0.02563281706915005,-0.016536950230105606
7.435,stage1,0.02563281706915005,-0.016536950230105606
7.436,stage1,0.02563281706915005,-0.016536950230105606
7.437,stage1,0.02563281706915005,-0.016536950230105606
7.438,stage1,0.02563281706915005,-0.016536950230105606
7.439,stage1,0.02563281706915005,-0.016536950230105606
7.44,stage1,0.025464534156321272,-0.017117437687458298
7.441,stage1,0.025464534156321272,-0.017117437687458298
7.442,stage1,0.025464534156321272,-0.017117437687458298
7.443,stage1,0.025464534156321272,-0.017117437687458298
7.444,stage1,0.025464534156321272,-0.017117437687458298
7.445,stage1,0.025464534156321272,-0.017117437687458298
7.446,stage1,0.025464534156321272,-0.017117437687458298
7.447,stage1,0.025464534156321272,-0.017117437687458298
7.448,stage1,0.025464534156321272,-0.017117437687458298
7.449,stage1,0.025464534156321272,-0.017117437687458298
7.45,stage1,0.02529051254342653,-0.017684671388120004
7.451,stage1,0.02529051254342653,-0.017684671388120004
7.452,stage1,0.02529051254342653,-0.017684671388120004
7.453,stage1,0.02529051254342653,-0.017684671388120004
7.454,stage1,0.02529051254342653,-0.017684671388120004
7.455,stage1,0.02529051254342653,-0.017684671388120004
7.456,stage1,0.02529051254342653,-0.017684671388120004
7.457,stage1,0.02529051254342653,-0.017684671388120004
7.458,stage1,0.02529051254342653,-0.017684671388120004
7.459,stage1,0.02529051254342653,-0.017684671388120004
7.46,stage1,0.025110885318763602,-0.018238542384724048
7.461,stage1,0.025110885318763602,-0.018238542384724048
7.462,stage1,0.025110885318763602,-0.018238542384724048
7.463,stage1,0.025110885318763602,-0.018238542384724048
7.464,stage1,0.025110885318763602,-0.018238542384724048
7.465,stage1,0.025110885318763602,-0.018238542384724048
7.466,stage1,0.025110885318763602,-0.018238542384724048
7.467,stage1,0.025110885318763602,-0.018238542384724048
7.468,stage1,0.025110885318763602,-0.018238542384724048
7.469,stage1,0.025110885318763602,-0.018238542384724048
7.47,stage1,0.024925786624110068,-0.018778948925819054
7.471,stage1,0.024925786624110068,-0.018778948925819054
7.472,stage1,0.024925786624110068,-0.018778948925819054
7.473,stage1,0.024925786624110068,-0.018778948925819054
7.474,stage1,0.024925786624110068,-0.018778948925819054
7.475,stage1,0.024925786624110068,-0.018778948925819054
7.476,stage1,0.024925786624110068,-0.018778948925819054
7.477,stage1,0.024925786624110068,-0.018778948925819054
7.478,stage1,0.024925786624110068,-0.018778948925819054
7.479,stage1,0.024925786624110068,-0.018778948925819054
7.48,stage1,0.02473535158285763,-0.019305796436616743
7.481,stage1,0.02473535158285763,-0.019305796436616743
7.482,stage1,0.02473535158285763,-0.019305796436616743
7.483,stage1,0.02473535158285763,-0.019305796436616743
7.484,stage1,0.02473535158285763,-0.019305796436616743
7.485,stage1,0.02473535158285763,-0.019305796436616743
7.486,stage1,0.02473535158285763,-0.019305796436616743
7.487,stage1,0.02473535158285763,-0.019305796436616743
7.488,stage1,0.02473535158285763,-0.019305796436616743
7.489,stage1,0.02473535158285763,-0.019305796436616743
7.49,stage1,0.024539716228355664,-0.01981899749640117
7.491,stage1,0.024539716228355664,-0.01981899749640117
7.492,stage1,0.024539716228355664,-0.01981899749640117
7.493,stage1,0.024539716228355664,-0.01981899749640117
7.494,stage1,0.024539716228355664,-0.01981899749640117
7.495,stage1,0.024539716228355664,-0.01981899749640117
7.496,stage1,0.024539716228355664,-0.01981899749640117
7.497,stage1,0.024539716228355664,-0.01981899749640117
7.498,stage1,0.024539716228355664,-0.01981899749640117
7.499,stage1,0.024539716228355664,-0.01981899749640117
7.5,stage1,0.024339017432497206,-0.020318471812643
7.501,stage1,0.024339017432497206,-0.020318471812643
7.502,stage1,0.024339017432497206,-0.020318471812643
7.503,stage1,0.024339017432497206,-0.020318471812643
7.504,stage1,0.024339017432497206,-0.020318471812643
7.505,stage1,0.024339017432497206,-0.020318471812643
7.506,stage1,0.024339017432497206,-0.020318471812643
7.507,stage1,0.024339017432497206,-0.020318471812643
7.508,stage1,0.024339017432497206,-0.020318471812643
7.509,stage1,0.024339017432497206,-0.020318471812643
7.51,stage1,0.02413339283458006,-0.020804146191863618
7.511,stage1,0.02413339283458006,-0.020804146191863618
7.512,stage1,0.02413339283458006,-0.020804146191863618
7.513,stage1,0.02413339283458006,-0.020804146191863618
7.514,stage1,0.02413339283458006,-0.020804146191863618
7.515,stage1,0.02413339283458006,-0.020804146191863618
7.516,stage1,0.02413339283458006,-0.020804146191863618
7.517,stage1,0.02413339283458006,-0.020804146191863618
7.518,stage1,0.02413339283458006,-0.020804146191863618
7.519,stage1,0.02413339283458006,-0.020804146191863618
7.52,stage1,0.023922980770475367,-0.02127595450729513
7.521,stage1,0.023922980770475367,-0.02127595450729513
7.522,stage1,0.023922980770475367,-0.02127595450729513
7.523,stage1,0.023922980770475367,-0.02127595450729513
7.524,stage1,0.023922980770475367,-0.02127595450729513
7.525,stage1,0.023922980770475367,-0.02127595450729513
7.526,stage1,0.023922980770475367,-0.02127595450729513
7.527,stage1,0.023922980770475367,-0.02127595450729513
7.528,stage1,0.023922980770475367,-0.02127595450729513
7.529,stage1,0.023922980770475367,-0.02127595450729513
7.53,stage1,0.023707920202135344,-0.021733837663383285
7.531,stage1,0.023707920202135344,-0.021733837663383285
7.532,stage1,0.023707920202135344,-0.021733837663383285
7.533,stage1,0.023707920202135344,-0.021733837663383285
7.534,stage1,0.023707920202135344,-0.021733837663383285
7.535,stage1,0.023707920202135344,-0.021733837663383285
7.536,stage1,0.023707920202135344,-0.021733837663383285
7.537,stage1,0.023707920202135344,-0.021733837663383285
7.538,stage1,0.023707920202135344,-0.021733837663383285
7.539,stage1,0.023707920202135344,-0.021733837663383285
7.54,stage1,0.023488350647471627,-0.02217774355718166
7.541,stage1,0.023488350647471627,-0.02217774355718166
7.542,stage1,0.023488350647471627,-0.02217774355718166
7.543,stage1,0.023488350647471627,-0.02217774355718166
7.544,stage1,0.023488350647471627,-0.02217774355718166
7.545,stage1,0.023488350647471627,-0.02217774355718166
7.546,stage1,0.023488350647471627,-0.02217774355718166
7.547,stage1,0.023488350647471627,-0.02217774355718166
7.548,stage1,0.023488350647471627,-0.02217774355718166
7.549,stage1,0.023488350647471627,-0.02217774355718166
7.55,stage1,0.023264412110634982,-0.02260762703668635
7.551,stage1,0.023264412110634982,-0.02260762703668635
7.552,stage1,0.023264412110634982,-0.02260762703668635
7.553,stage1,0.023264412110634982,-0.02260762703668635
7.554,stage1,0.023264412110634982,-0.02260762703668635
7.555,stage1,0.023264412110634982,-0.02260762703668635
7.556,stage1,0.023264412110634982,-0.02260762703668635
7.557,stage1,0.023264412110634982,-0.02260762703668635
7.558,stage1,0.023264412110634982,-0.02260762703668635
7.559,stage1,0.023264412110634982,-0.02260762703668635
7.56,stage1,0.023036245012726764,-0.02302344985616154
7.561,stage1,0.023036245012726764,-0.02302344985616154
7.562,stage1,0.023036245012726764,-0.02302344985616154
7.563,stage1,0.023036245012726764,-0.02302344985616154
7.564,stage1,0.023036245012726764,-0.02302344985616154
7.565,stage1,0.023036245012726764,-0.02302344985616154
7.566,stage1,0.023036245012726764,-0.02302344985616154
7.567,stage1,0.023036245012726764,-0.02302344985616154
7.568,stage1,0.023036245012726764,-0.02302344985616154
7.569,stage1,0.023036245012726764,-0.02302344985616154
7.57,stage1,0.022803990122971962,-0.023425180628507326
7.571,stage1,0.022803990122971962,-0.023425180628507326
7.572,stage1,0.022803990122971962,-0.023425180628507326
7.573,stage1,0.022803990122971962,-0.023425180628507326
7.574,stage1,0.022803990122971962,-0.023425180628507326
7.575,stage1,0.022803990122971962,-0.023425180628507326
7.576,stage1,0.022803990122971962,-0.023425180628507326
7.577,stage1,0.022803990122971962,-0.023425180628507326
7.578,stage1,0.022803990122971962,-0.023425180628507326
7.579,stage1,0.022803990122971962,-0.023425180628507326
7.58,stage1,0.022567788490383118,-0.023812794774722087
7.581,stage1,0.022567788490383118,-0.023812794774722087
7.582,stage1,0.022567788490383118,-0.023812794774722087
7.583,stage1,0.022567788490383118,-0.023812794774722087
7.584,stage1,0.022567788490383118,-0.023812794774722087
7.585,stage1,0.022567788490383118,-0.023812794774722087
7.586,stage1,0.022567788490383118,-0.023812794774722087
7.587,stage1,0.022567788490383118,-0.023812794774722087
7.588,stage1,0.022567788490383118,-0.023812794774722087
7.589,stage1,0.022567788490383118,-0.023812794774722087
7.59,stage1,0.022327781375943944,-0.02418627447051264
7.591,stage1,0.022327781375943944,-0.02418627447051264
7.592,stage1,0.022327781375943944,-0.02418627447051264
7.593,stage1,0.022327781375943944,-0.02418627447051264
7.594,stage1,0.022327781375943944,-0.02418627447051264
7.595,stage1,0.022327781375943944,-0.02418627447051264
7.596,stage1,0.022327781375943944,-0.02418627447051264
7.597,stage1,0.022327781375943944,-0.02418627447051264
7.598,stage1,0.022327781375943944,-0.02418627447051264
7.599,stage1,0.022327781375943944,-0.02418627447051264
7.6,stage1,0.022084110185340865,-0.024545608590106363
7.601,stage1,0.022084110185340865,-0.024545608590106363
7.602,stage1,0.022084110185340865,-0.024545608590106363
7.603,stage1,0.022084110185340865,-0.024545608590106363
7.604,stage1,0.022084110185340865,-0.024545608590106363
7.605,stage1,0.022084110185340865,-0.024545608590106363
7.606,stage1,0.022084110185340865,-0.024545608590106363
7.607,stage1,0.022084110185340865,-0.024545608590106363
7.608,stage1,0.022084110185340865,-0.024545608590106363
7.609,stage1,0.022084110185340865,-0.024545608590106363
7.61,stage1,0.0218369164022702,-0.02489079264732029
7.611,stage1,0.0218369164022702,-0.02489079264732029
7.612,stage1,0.0218369164022702,-0.02489079264732029
7.613,stage1,0.0218369164022702,-0.02489079264732029
7.614,stage1,0.0218369164022702,-0.02489079264732029
7.615,stage1,0.0218369164022702,-0.02489079264732029
7.616,stage1,0.0218369164022702,-0.02489079264732029
7.617,stage1,0.0218369164022702,-0.02489079264732029
7.618,stage1,0.0218369164022702,-0.02489079264732029
7.619,stage1,0.0218369164022702,-0.02489079264732029
7.62,stage1,0.021586341522348156,-0.025221828733942957
7.621,stage1,0.021586341522348156,-0.025221828733942957
7.622,stage1,0.021586341522348156,-0.025221828733942957
7.623,stage1,0.021586341522348156,-0.025221828733942957
7.624,stage1,0.021586341522348156,-0.025221828733942957
7.625,stage1,0.021586341522348156,-0.025221828733942957
7.626,stage1,0.021586341522348156,-0.025221828733942957
7.627,stage1,0.021586341522348156,-0.025221828733942957
7.628,stage1,0.021586341522348156,-0.025221828733942957
7.629,stage1,0.021586341522348156,-0.025221828733942957
7.63,stage1,0.02133252698765016,-0.0255387254554857
7.631,stage1,0.02133252698765016,-0.0255387254554857
7.632,stage1,0.02133252698765016,-0.0255387254554857
7.633,stage1,0.02133252698765016,-0.0255387254554857
7.634,stage1,0.02133252698765016,-0.0255387254554857
7.635,stage1,0.02133252698765016,-0.0255387254554857
7.636,stage1,0.02133252698765016,-0.0255387254554857
7.637,stage1,0.02133252698765016,-0.0255387254554857
7.638,stage1,0.02133252698765016,-0.0255387254554857
7.639,stage1,0.02133252698765016,-0.0255387254554857
7.64,stage1,0.02107561412190564,-0.025841497864360703
7.641,stage1,0.02107561412190564,-0.025841497864360703
7.642,stage1,0.02107561412190564,-0.025841497864360703
7.643,stage1,0.02107561412190564,-0.025841497864360703
7.644,stage1,0.02107561412190564,-0.025841497864360703
7.645,stage1,0.02107561412190564,-0.025841497864360703
7.646,stage1,0.02107561412190564,-0.025841497864360703
7.647,stage1,0.02107561412190564,-0.025841497864360703
7.648,stage1,0.02107561412190564,-0.025841497864360703
7.649,stage1,0.02107561412190564,-0.025841497864360703
7.65,stage1,0.020815744066373626,-0.026130167390543926
7.651,stage1,0.020815744066373626,-0.026130167390543926
7.652,stage1,0.020815744066373626,-0.026130167390543926
7.653,stage1,0.020815744066373626,-0.026130167390543926
7.654,stage1,0.020815744066373626,-0.026130167390543926
7.655,stage1,0.020815744066373626,-0.026130167390543926
7.656,stage1,0.020815744066373626,-0.026130167390543926
7.657,stage1,0.020815744066373626,-0.026130167390543926
7.658,stage1,0.020815744066373626,-0.026130167390543926
7.659,stage1,0.020815744066373626,-0.026130167390543926
7.66,stage1,0.020553057716424038,-0.026404761769781678
7.661,stage1,0.020553057716424038,-0.026404761769781678
7.662,stage1,0.020553057716424038,-0.026404761769781678
7.663,stage1,0.020553057716424038,-0.026404761769781678
7.664,stage1,0.020553057716424038,-0.026404761769781678
7.665,stage1,0.020553057716424038,-0.026404761769781678
7.666,stage1,0.020553057716424038,-0.026404761769781678
7.667,stage1,0.020553057716424038,-0.026404761769781678
7.668,stage1,0.020553057716424038,-0.026404761769781678
7.669,stage1,0.020553057716424038,-0.026404761769781678
7.67,stage1,0.020287695658848984,-0.02666531496940023
7.671,stage1,0.020287695658848984,-0.02666531496940023
7.672,stage1,0.020287695658848984,-0.02666531496940023
7.673,stage1,0.020287695658848984,-0.02666531496940023
7.674,stage1,0.020287695658848984,-0.02666531496940023
7.675,stage1,0.020287695658848984,-0.02666531496940023
7.676,stage1,0.020287695658848984,-0.02666531496940023
7.677,stage1,0.020287695658848984,-0.02666531496940023
7.678,stage1,0.020287695658848984,-0.02666531496940023
7.679,stage1,0.020287695658848984,-0.02666531496940023
7.68,stage1,0.020019798109927656,-0.02691186711177851
7.681,stage1,0.020019798109927656,-0.02691186711177851
7.682,stage1,0.020019798109927656,-0.02691186711177851
7.683,stage1,0.020019798109927656,-0.02691186711177851
7.684,stage1,0.020019798109927656,-0.02691186711177851
7.685,stage1,0.020019798109927656,-0.02691186711177851
7.686,stage1,0.020019798109927656,-0.02691186711177851
7.687,stage1,0.020019798109927656,-0.02691186711177851
7.688,stage1,0.020019798109927656,-0.02691186711177851
7.689,stage1,0.020019798109927656,-0.02691186711177851
7.69,stage1,0.019749504854267953,-0.02714446439554448
7.691,stage1,0.019749504854267953,-0.02714446439554448
7.692,stage1,0.019749504854267953,-0.02714446439554448
7.693,stage1,0.019749504854267953,-0.02714446439554448
7.694,stage1,0.019749504854267953,-0.02714446439554448
7.695,stage1,0.019749504854267953,-0.02714446439554448
7.696,stage1,0.019749504854267953,-0.02714446439554448
7.697,stage1,0.019749504854267953,-0.02714446439554448
7.698,stage1,0.019749504854267953,-0.02714446439554448
7.699,stage1,0.019749504854267953,-0.02714446439554448
7.7,stage1,0.01947695518444726,-0.02736315901455629
7.701,stage1,0.01947695518444726,-0.02736315901455629
7.702,stage1,0.01947695518444726,-0.02736315901455629
7.703,stage1,0.01947695518444726,-0.02736315901455629
7.704,stage1,0.01947695518444726,-0.02736315901455629
7.705,stage1,0.01947695518444726,-0.02736315901455629
7.706,stage1,0.01947695518444726,-0.02736315901455629
7.707,stage1,0.01947695518444726,-0.02736315901455629
7.708,stage1,0.01947695518444726,-0.02736315901455629
7.709,stage1,0.01947695518444726,-0.02736315901455629
7.71,stage1,0.019202287841474236,-0.027568009074729918
7.711,stage1,0.019202287841474236,-0.027568009074729918
7.712,stage1,0.019202287841474236,-0.027568009074729918
7.713,stage1,0.019202287841474236,-0.027568009074729918
7.714,stage1,0.019202287841474236,-0.027568009074729918
7.715,stage1,0.019202287841474236,-0.027568009074729918
7.716,stage1,0.019202287841474236,-0.027568009074729918
7.717,stage1,0.019202287841474236,-0.027568009074729918
7.718,stage1,0.019202287841474236,-0.027568009074729918
7.719,stage1,0.019202287841474236,-0.027568009074729918
7.72,stage1,0.01892564095609284,-0.027759078508775282
7.721,stage1,0.01892564095609284,-0.027759078508775282
7.722,stage1,0.01892564095609284,-0.027759078508775282
7.723,stage1,0.01892564095609284,-0.027759078508775282
7.724,stage1,0.01892564095609284,-0.027759078508775282
7.725,stage1,0.01892564095609284,-0.027759078508775282
7.726,stage1,0.01892564095609284,-0.027759078508775282
7.727,stage1,0.01892564095609284,-0.027759078508775282
7.728,stage1,0.01892564095609284,-0.027759078508775282
7.729,stage1,0.01892564095609284,-0.027759078508775282
7.73,stage1,0.018647151990949188,-0.027936436988903496
7.731,stage1,0.018647151990949188,-0.027936436988903496
7.732,stage1,0.018647151990949188,-0.027936436988903496
7.733,stage1,0.018647151990949188,-0.027936436988903496
7.734,stage1,0.018647151990949188,-0.027936436988903496
7.735,stage1,0.018647151990949188,-0.027936436988903496
7.736,stage1,0.018647151990949188,-0.027936436988903496
7.737,stage1,0.018647151990949188,-0.027936436988903496
7.738,stage1,0.018647151990949188,-0.027936436988903496
7.739,stage1,0.018647151990949188,-0.027936436988903496
7.74,stage1,0.01836695768364121,-0.02810015983756808
7.741,stage1,0.01836695768364121,-0.02810015983756808
7.742,stage1,0.01836695768364121,-0.02810015983756808
7.743,stage1,0.01836695768364121,-0.02810015983756808
7.744,stage1,0.01836695768364121,-0.02810015983756808
7.745,stage1,0.01836695768364121,-0.02810015983756808
7.746,stage1,0.01836695768364121,-0.02810015983756808
7.747,stage1,0.01836695768364121,-0.02810015983756808
7.748,stage1,0.01836695768364121,-0.02810015983756808
7.749,stage1,0.01836695768364121,-0.02810015983756808
7.75,stage1,0.018085193990670476,-0.028250327936303467
7.751,stage1,0.018085193990670476,-0.028250327936303467
7.752,stage1,0.018085193990670476,-0.028250327936303467
7.753,stage1,0.018085193990670476,-0.028250327936303467
7.754,stage1,0.018085193990670476,-0.028250327936303467
7.755,stage1,0.018085193990670476,-0.028250327936303467
7.756,stage1,0.018085193990670476,-0.028250327936303467
7.757,stage1,0.018085193990670476,-0.028250327936303467
7.758,stage1,0.018085193990670476,-0.028250327936303467
7.759,stage1,0.018085193990670476,-0.028250327936303467
7.76,stage1,0.017801996032314884,-0.02838702763272441
7.761,stage1,0.017801996032314884,-0.02838702763272441
7.762,stage1,0.017801996032314884,-0.02838702763272441
7.763,stage1,0.017801996032314884,-0.02838702763272441
7.764,stage1,0.017801996032314884,-0.02838702763272441
7.765,stage1,0.017801996032314884,-0.02838702763272441
7.766,stage1,0.017801996032314884,-0.02838702763272441
7.767,stage1,0.017801996032314884,-0.02838702763272441
7.768,stage1,0.017801996032314884,-0.02838702763272441
7.769,stage1,0.017801996032314884,-0.02838702763272441
7.77,stage1,0.01751749803844028,-0.028510350645750176
7.771,stage1,0.01751749803844028,-0.028510350645750176
7.772,stage1,0.01751749803844028,-0.028510350645750176
7.773,stage1,0.01751749803844028,-0.028510350645750176
7.774,stage1,0.01751749803844028,-0.028510350645750176
7.775,stage1,0.01751749803844028,-0.028510350645750176
7.776,stage1,0.01751749803844028,-0.028510350645750176
7.777,stage1,0.01751749803844028,-0.028510350645750176
7.778,stage1,0.01751749803844028,-0.028510350645750176
7.779,stage1,0.01751749803844028,-0.028510350645750176
7.78,stage1,0.017231833295268444,-0.028620393969117724
7.781,stage1,0.017231833295268444,-0.028620393969117724
7.782,stage1,0.017231833295268444,-0.028620393969117724
7.783,stage1,0.017231833295268444,-0.028620393969117724
7.784,stage1,0.017231833295268444,-0.028620393969117724
7.785,stage1,0.017231833295268444,-0.028620393969117724
7.786,stage1,0.017231833295268444,-0.028620393969117724
7.787,stage1,0.017231833295268444,-0.028620393969117724
7.788,stage1,0.017231833295268444,-0.028620393969117724
7.789,stage1,0.017231833295268444,-0.028620393969117724
7.79,stage1,0.01694513409311822,-0.028717259773248186
7.791,stage1,0.01694513409311822,-0.028717259773248186
7.792,stage1,0.01694513409311822,-0.028717259773248186
7.793,stage1,0.01694513409311822,-0.028717259773248186
7.794,stage1,0.01694513409311822,-0.028717259773248186
7.795,stage1,0.01694513409311822,-0.028717259773248186
7.796,stage1,0.01694513409311822,-0.028717259773248186
7.797,stage1,0.01694513409311822,-0.028717259773248186
7.798,stage1,0.01694513409311822,-0.028717259773248186
7.799,stage1,0.01694513409311822,-0.028717259773248186
7.8,stage1,0.01665753167513597,-0.028801055305531276
7.801,stage1,0.01665753167513597,-0.028801055305531276
7.802,stage1,0.01665753167513597,-0.028801055305531276
7.803,stage1,0.01665753167513597,-0.028801055305531276
7.804,stage1,0.01665753167513597,-0.028801055305531276
7.805,stage1,0.01665753167513597,-0.028801055305531276
7.806,stage1,0.01665753167513597,-0.028801055305531276
7.807,stage1,0.01665753167513597,-0.028801055305531276
7.808,stage1,0.01665753167513597,-0.028801055305531276
7.809,stage1,0.01665753167513597,-0.028801055305531276
7.81,stage1,0.01636915618703081,-0.028871892789092305
7.811,stage1,0.01636915618703081,-0.028871892789092305
7.812,stage1,0.01636915618703081,-0.028871892789092305
7.813,stage1,0.01636915618703081,-0.028871892789092305
7.814,stage1,0.01636915618703081,-0.028871892789092305
7.815,stage1,0.01636915618703081,-0.028871892789092305
7.816,stage1,0.01636915618703081,-0.028871892789092305
7.817,stage1,0.01636915618703081,-0.028871892789092305
7.818,stage1,0.01636915618703081,-0.028871892789092305
7.819,stage1,0.01636915618703081,-0.028871892789092305
7.82,stage1,0.01608013662782949,-0.028929889320106667
7.821,stage1,0.01608013662782949,-0.028929889320106667
7.822,stage1,0.01608013662782949,-0.028929889320106667
7.823,stage1,0.01608013662782949,-0.028929889320106667
7.824,stage1,0.01608013662782949,-0.028929889320106667
7.825,stage1,0.01608013662782949,-0.028929889320106667
7.826,stage1,0.01608013662782949,-0.028929889320106667
7.827,stage1,0.01608013662782949,-0.028929889320106667
7.828,stage1,0.01608013662782949,-0.028929889320106667
7.829,stage1,0.01608013662782949,-0.028929889320106667
7.83,stage1,0.01579060080166513,-0.028975166763726693
7.831,stage1,0.01579060080166513,-0.028975166763726693
7.832,stage1,0.01579060080166513,-0.028975166763726693
7.833,stage1,0.01579060080166513,-0.028975166763726693
7.834,stage1,0.01579060080166513,-0.028975166763726693
7.835,stage1,0.01579060080166513,-0.028975166763726693
7.836,stage1,0.01579060080166513,-0.028975166763726693
7.837,stage1,0.01579060080166513,-0.028975166763726693
7.838,stage1,0.01579060080166513,-0.028975166763726693
7.839,stage1,0.01579060080166513,-0.028975166763726693
7.84,stage1,0.015500675270613332,-0.029007851648685898
7.841,stage1,0.015500675270613332,-0.029007851648685898
7.842,stage1,0.015500675270613332,-0.029007851648685898
7.843,stage1,0.015500675270613332,-0.029007851648685898
7.844,stage1,0.015500675270613332,-0.029007851648685898
7.845,stage1,0.015500675270613332,-0.029007851648685898
7.846,stage1,0.015500675270613332,-0.029007851648685898
7.847,stage1,0.015500675270613332,-0.029007851648685898
7.848,stage1,0.015500675270613332,-0.029007851648685898
7.849,stage1,0.015500675270613332,-0.029007851648685898
7.85,stage1,0.015210485308588644,-0.029028075060645545
7.851,stage1,0.015210485308588644,-0.029028075060645545
7.852,stage1,0.015210485308588644,-0.029028075060645545
7.853,stage1,0.015210485308588644,-0.029028075060645545
7.854,stage1,0.015210485308588644,-0.029028075060645545
7.855,stage1,0.015210485308588644,-0.029028075060645545
7.856,stage1,0.015210485308588644,-0.029028075060645545
7.857,stage1,0.015210485308588644,-0.029028075060645545
7.858,stage1,0.015210485308588644,-0.029028075060645545
7.859,stage1,0.015210485308588644,-0.029028075060645545
7.86,stage1,0.014920154856313511,-0.0290359725343486
7.861,stage1,0.014920154856313511,-0.0290359725343486
7.862,stage1,0.014920154856313511,-0.0290359725343486
7.863,stage1,0.014920154856313511,-0.0290359725343486
7.864,stage1,0.014920154856313511,-0.0290359725343486
7.865,stage1,0.014920154856313511,-0.0290359725343486
7.866,stage1,0.014920154856313511,-0.0290359725343486
7.867,stage1,0.014920154856313511,-0.0290359725343486
7.868,stage1,0.014920154856313511,-0.0290359725343486
7.869,stage1,0.014920154856313511,-0.0290359725343486
7.87,stage1,0.014629806477371426,-0.02903168394464594
7.871,stage1,0.014629806477371426,-0.02903168394464594
7.872,stage1,0.014629806477371426,-0.02903168394464594
7.873,stage1,0.014629806477371426,-0.02903168394464594
7.874,stage1,0.014629806477371426,-0.02903168394464594
7.875,stage1,0.014629806477371426,-0.02903168394464594
7.876,stage1,0.014629806477371426,-0.02903168394464594
7.877,stage1,0.014629806477371426,-0.02903168394464594
7.878,stage1,0.014629806477371426,-0.02903168394464594
7.879,stage1,0.014629806477371426,-0.02903168394464594
7.88,stage1,0.01433956131535516,-0.029015353396459723
7.881,stage1,0.01433956131535516,-0.029015353396459723
7.882,stage1,0.01433956131535516,-0.029015353396459723
7.883,stage1,0.01433956131535516,-0.029015353396459723
7.884,stage1,0.01433956131535516,-0.029015353396459723
7.885,stage1,0.01433956131535516,-0.029015353396459723
7.886,stage1,0.01433956131535516,-0.029015353396459723
7.887,stage1,0.01433956131535516,-0.029015353396459723
7.888,stage1,0.01433956131535516,-0.029015353396459723
7.889,stage1,0.01433956131535516,-0.029015353396459723
7.89,stage1,0.01404953905212042,-0.02898712911374867
7.891,stage1,0.01404953905212042,-0.02898712911374867
7.892,stage1,0.01404953905212042,-0.02898712911374867
7.893,stage1,0.01404953905212042,-0.02898712911374867
7.894,stage1,0.01404953905212042,-0.02898712911374867
7.895,stage1,0.01404953905212042,-0.02898712911374867
7.896,stage1,0.01404953905212042,-0.02898712911374867
7.897,stage1,0.01404953905212042,-0.02898712911374867
7.898,stage1,0.01404953905212042,-0.02898712911374867
7.899,stage1,0.01404953905212042,-0.02898712911374867
7.9,stage1,0.01375985786715457,-0.02894716332753986
7.901,stage1,0.01375985786715457,-0.02894716332753986
7.902,stage1,0.01375985786715457,-0.02894716332753986
7.903,stage1,0.01375985786715457,-0.02894716332753986
7.904,stage1,0.01375985786715457,-0.02894716332753986
7.905,stage1,0.01375985786715457,-0.02894716332753986
7.906,stage1,0.01375985786715457,-0.02894716332753986
7.907,stage1,0.01375985786715457,-0.02894716332753986
7.908,stage1,0.01375985786715457,-0.02894716332753986
7.909,stage1,0.01375985786715457,-0.02894716332753986
7.91,stage1,0.013470634398069425,-0.028895612163091507
7.911,stage1,0.013470634398069425,-0.028895612163091507
7.912,stage1,0.013470634398069425,-0.028895612163091507
7.913,stage1,0.013470634398069425,-0.028895612163091507
7.914,stage1,0.013470634398069425,-0.028895612163091507
7.915,stage1,0.013470634398069425,-0.028895612163091507
7.916,stage1,0.013470634398069425,-0.028895612163091507
7.917,stage1,0.013470634398069425,-0.028895612163091507
7.918,stage1,0.013470634398069425,-0.028895612163091507
7.919,stage1,0.013470634398069425,-0.028895612163091507
7.92,stage1,0.013181983702226502,-0.028832635526250944
7.921,stage1,0.013181983702226502,-0.028832635526250944
7.922,stage1,0.013181983702226502,-0.028832635526250944
7.923,stage1,0.013181983702226502,-0.028832635526250944
7.924,stage1,0.013181983702226502,-0.028832635526250944
7.925,stage1,0.013181983702226502,-0.028832635526250944
7.926,stage1,0.013181983702226502,-0.028832635526250944
7.927,stage1,0.013181983702226502,-0.028832635526250944
7.928,stage1,0.013181983702226502,-0.028832635526250944
7.929,stage1,0.013181983702226502,-0.028832635526250944
7.93,stage1,0.012894019219502452,-0.028758396989071858
7.931,stage1,0.012894019219502452,-0.028758396989071858
7.932,stage1,0.012894019219502452,-0.028758396989071858
7.933,stage1,0.012894019219502452,-0.028758396989071858
7.934,stage1,0.012894019219502452,-0.028758396989071858
7.935,stage1,0.012894019219502452,-0.028758396989071858
7.936,stage1,0.012894019219502452,-0.028758396989071858
7.937,stage1,0.012894019219502452,-0.028758396989071858
7.938,stage1,0.012894019219502452,-0.028758396989071858
7.939,stage1,0.012894019219502452,-0.028758396989071858
7.94,stage1,0.012606852736201745,-0.0286730636747545
7.941,stage1,0.012606852736201745,-0.0286730636747545
7.942,stage1,0.012606852736201745,-0.0286730636747545
7.943,stage1,0.012606852736201745,-0.0286730636747545
7.944,stage1,0.012606852736201745,-0.0286730636747545
7.945,stage1,0.012606852736201745,-0.0286730636747545
7.946,stage1,0.012606852736201745,-0.0286730636747545
7.947,stage1,0.012606852736201745,-0.0286730636747545
7.948,stage1,0.012606852736201745,-0.0286730636747545
7.949,stage1,0.012606852736201745,-0.0286730636747545
7.95,stage1,0.012320594350123087,-0.028576806141972378
7.951,stage1,0.012320594350123087,-0.028576806141972378
7.952,stage1,0.012320594350123087,-0.028576806141972378
7.953,stage1,0.012320594350123087,-0.028576806141972378
7.954,stage1,0.012320594350123087,-0.028576806141972378
7.955,stage1,0.012320594350123087,-0.028576806141972378
7.956,stage1,0.012320594350123087,-0.028576806141972378
7.957,stage1,0.012320594350123087,-0.028576806141972378
7.958,stage1,0.012320594350123087,-0.028576806141972378
7.959,stage1,0.012320594350123087,-0.028576806141972378
7.96,stage1,0.012035352436785364,-0.028469798268648542
7.961,stage1,0.012035352436785364,-0.028469798268648542
7.962,stage1,0.012035352436785364,-0.028469798268648542
7.963,stage1,0.012035352436785364,-0.028469798268648542
7.964,stage1,0.012035352436785364,-0.028469798268648542
7.965,stage1,0.012035352436785364,-0.028469798268648542
7.966,stage1,0.012035352436785364,-0.028469798268648542
7.967,stage1,0.012035352436785364,-0.028469798268648542
7.968,stage1,0.012035352436785364,-0.028469798268648542
7.969,stage1,0.012035352436785364,-0.028469798268648542
7.97,stage1,0.011751233616818318,-0.028352217135244297
7.971,stage1,0.011751233616818318,-0.028352217135244297
7.972,stage1,0.011751233616818318,-0.028352217135244297
7.973,stage1,0.011751233616818318,-0.028352217135244297
7.974,stage1,0.011751233616818318,-0.028352217135244297
7.975,stage1,0.011751233616818318,-0.028352217135244297
7.976,stage1,0.011751233616818318,-0.028352217135244297
7.977,stage1,0.011751233616818318,-0.028352217135244297
7.978,stage1,0.011751233616818318,-0.028352217135244297
7.979,stage1,0.011751233616818318,-0.028352217135244297
7.98,stage1,0.011468342724522518,-0.02822424290762277
7.981,stage1,0.011468342724522518,-0.02822424290762277
7.982,stage1,0.011468342724522518,-0.02822424290762277
7.983,stage1,0.011468342724522518,-0.02822424290762277
7.984,stage1,0.011468342724522518,-0.02822424290762277
7.985,stage1,0.011468342724522518,-0.02822424290762277
7.986,stage1,0.011468342724522518,-0.02822424290762277
7.987,stage1,0.011468342724522518,-0.02822424290762277
7.988,stage1,0.011468342724522518,-0.02822424290762277
7.989,stage1,0.011468342724522518,-0.02822424290762277
7.99,stage1,0.011186782777602548,-0.028086058719549344
7.991,stage1,0.011186782777602548,-0.028086058719549344
7.992,stage1,0.011186782777602548,-0.028086058719549344
7.993,stage1,0.011186782777602548,-0.028086058719549344
7.994,stage1,0.011186782777602548,-0.028086058719549344
7.995,stage1,0.011186782777602548,-0.028086058719549344
7.996,stage1,0.011186782777602548,-0.028086058719549344
7.997,stage1,0.011186782777602548,-0.028086058719549344
7.998,stage1,0.011186782777602548,-0.028086058719549344
7.999,stage1,0.011186782777602548,-0.028086058719549344
8.0,stage1,0.010906654948076765,-0.027937850554890595
8.001,stage1,0.010906654948076765,-0.027937850554890595
8.002,stage1,0.010906654948076765,-0.027937850554890595
8.003,stage1,0.010906654948076765,-0.027937850554890595
8.004,stage1,0.010906654948076765,-0.027937850554890595
8.005,stage1,0.010906654948076765,-0.027937850554890595
8.006,stage1,0.010906654948076765,-0.027937850554890595
8.007,stage1,0.010906654948076765,-0.027937850554890595
8.008,stage1,0.010906654948076765,-0.027937850554890595
8.009,stage1,0.010906654948076765,-0.027937850554890595
8.01,stage1,0.010628058534366313,-0.027779807129572825
8.011,stage1,0.010628058534366313,-0.027779807129572825
8.012,stage1,0.010628058534366313,-0.027779807129572825
8.013,stage1,0.010628058534366313,-0.027779807129572825
8.014,stage1,0.010628058534366313,-0.027779807129572825
8.015,stage1,0.010628058534366313,-0.027779807129572825
8.016,stage1,0.010628058534366313,-0.027779807129572825
8.017,stage1,0.010628058534366313,-0.027779807129572825
8.018,stage1,0.010628058534366313,-0.027779807129572825
8.019,stage1,0.010628058534366313,-0.027779807129572825
8.02,stage1,0.010351090934565498,-0.027612119773360935
8.021,stage1,0.010351090934565498,-0.027612119773360935
8.022,stage1,0.010351090934565498,-0.027612119773360935
8.023,stage1,0.010351090934565498,-0.027612119773360935
8.024,stage1,0.010351090934565498,-0.027612119773360935
8.025,stage1,0.010351090934565498,-0.027612119773360935
8.026,stage1,0.010351090934565498,-0.027612119773360935
8.027,stage1,0.010351090934565498,-0.027612119773360935
8.028,stage1,0.010351090934565498,-0.027612119773360935
8.029,stage1,0.010351090934565498,-0.027612119773360935
8.03,stage1,0.01007584762089503,-0.027434982311517732
8.031,stage1,0.01007584762089503,-0.027434982311517732
8.032,stage1,0.01007584762089503,-0.027434982311517732
8.033,stage1,0.01007584762089503,-0.027434982311517732
8.034,stage1,0.01007584762089503,-0.027434982311517732
8.035,stage1,0.01007584762089503,-0.027434982311517732
8.036,stage1,0.01007584762089503,-0.027434982311517732
8.037,stage1,0.01007584762089503,-0.027434982311517732
8.038,stage1,0.01007584762089503,-0.027434982311517732
8.039,stage1,0.01007584762089503,-0.027434982311517732
8.04,stage1,0.00980242211533901,-0.027248590946403334
8.041,stage1,0.00980242211533901,-0.027248590946403334
8.042,stage1,0.00980242211533901,-0.027248590946403334
8.043,stage1,0.00980242211533901,-0.027248590946403334
8.044,stage1,0.00980242211533901,-0.027248590946403334
8.045,stage1,0.00980242211533901,-0.027248590946403334
8.046,stage1,0.00980242211533901,-0.027248590946403334
8.047,stage1,0.00980242211533901,-0.027248590946403334
8.048,stage1,0.00980242211533901,-0.027248590946403334
8.049,stage1,0.00980242211533901,-0.027248590946403334
8.05,stage1,0.009530905966465986,-0.02705314413907375
8.051,stage1,0.009530905966465986,-0.02705314413907375
8.052,stage1,0.009530905966465986,-0.02705314413907375
8.053,stage1,0.009530905966465986,-0.02705314413907375
8.054,stage1,0.009530905966465986,-0.02705314413907375
8.055,stage1,0.009530905966465986,-0.02705314413907375
8.056,stage1,0.009530905966465986,-0.02705314413907375
8.057,stage1,0.009530905966465986,-0.02705314413907375
8.058,stage1,0.009530905966465986,-0.02705314413907375
8.059,stage1,0.009530905966465986,-0.02705314413907375
8.06,stage1,0.009261388727433777,-0.02684884249093712
8.061,stage1,0.009261388727433777,-0.02684884249093712
8.062,stage1,0.009261388727433777,-0.02684884249093712
8.063,stage1,0.009261388727433777,-0.02684884249093712
8.064,stage1,0.009261388727433777,-0.02684884249093712
8.065,stage1,0.009261388727433777,-0.02684884249093712
8.066,stage1,0.009261388727433777,-0.02684884249093712
8.067,stage1,0.009261388727433777,-0.02684884249093712
8.068,stage1,0.009261388727433777,-0.02684884249093712
8.069,stage1,0.009261388727433777,-0.02684884249093712
8.07,stage1,0.00899395793517721,-0.026635888625525527
8.071,stage1,0.00899395793517721,-0.026635888625525527
8.072,stage1,0.00899395793517721,-0.026635888625525527
8.073,stage1,0.00899395793517721,-0.026635888625525527
8.074,stage1,0.00899395793517721,-0.026635888625525527
8.075,stage1,0.00899395793517721,-0.026635888625525527
8.076,stage1,0.00899395793517721,-0.026635888625525527
8.077,stage1,0.00899395793517721,-0.026635888625525527
8.078,stage1,0.00899395793517721,-0.026635888625525527
8.079,stage1,0.00899395793517721,-0.026635888625525527
8.08,stage1,0.008728699090777317,-0.026414487070439637
8.081,stage1,0.008728699090777317,-0.026414487070439637
8.082,stage1,0.008728699090777317,-0.026414487070439637
8.083,stage1,0.008728699090777317,-0.026414487070439637
8.084,stage1,0.008728699090777317,-0.026414487070439637
8.085,stage1,0.008728699090777317,-0.026414487070439637
8.086,stage1,0.008728699090777317,-0.026414487070439637
8.087,stage1,0.008728699090777317,-0.026414487070439637
8.088,stage1,0.008728699090777317,-0.026414487070439637
8.089,stage1,0.008728699090777317,-0.026414487070439637
8.09,stage1,0.008465695641009987,-0.02618484413952279
8.091,stage1,0.008465695641009987,-0.02618484413952279
8.092,stage1,0.008465695641009987,-0.02618484413952279
8.093,stage1,0.008465695641009987,-0.02618484413952279
8.094,stage1,0.008465695641009987,-0.02618484413952279
8.095,stage1,0.008465695641009987,-0.02618484413952279
8.096,stage1,0.008465695641009987,-0.02618484413952279
8.097,stage1,0.008465695641009987,-0.02618484413952279
8.098,stage1,0.008465695641009987,-0.02618484413952279
8.099,stage1,0.008465695641009987,-0.02618484413952279
8.1,stage1,0.008205028961071496,-0.02594716781532051
8.101,stage1,0.008205028961071496,-0.02594716781532051
8.102,stage1,0.008205028961071496,-0.02594716781532051
8.103,stage1,0.008205028961071496,-0.02594716781532051
8.104,stage1,0.008205028961071496,-0.02594716781532051
8.105,stage1,0.008205028961071496,-0.02594716781532051
8.106,stage1,0.008205028961071496,-0.02594716781532051
8.107,stage1,0.008205028961071496,-0.02594716781532051
8.108,stage1,0.008205028961071496,-0.02594716781532051
8.109,stage1,0.008205028961071496,-0.02594716781532051
8.11,stage1,0.007946778338477789,-0.025701667631880674
8.111,stage1,0.007946778338477789,-0.025701667631880674
8.112,stage1,0.007946778338477789,-0.025701667631880674
8.113,stage1,0.007946778338477789,-0.025701667631880674
8.114,stage1,0.007946778338477789,-0.025701667631880674
8.115,stage1,0.007946778338477789,-0.025701667631880674
8.116,stage1,0.007946778338477789,-0.025701667631880674
8.117,stage1,0.007946778338477789,-0.025701667631880674
8.118,stage1,0.007946778338477789,-0.025701667631880674
8.119,stage1,0.007946778338477789,-0.025701667631880674
8.12,stage1,0.007691020958133822,-0.025448554557948925
8.121,stage1,0.007691020958133822,-0.025448554557948925
8.122,stage1,0.007691020958133822,-0.025448554557948925
8.123,stage1,0.007691020958133822,-0.025448554557948925
8.124,stage1,0.007691020958133822,-0.025448554557948925
8.125,stage1,0.007691020958133822,-0.025448554557948925
8.126,stage1,0.007691020958133822,-0.025448554557948925
8.127,stage1,0.007691020958133822,-0.025448554557948925
8.128,stage1,0.007691020958133822,-0.025448554557948925
8.129,stage1,0.007691020958133822,-0.025448554557948925
8.13,stage1,0.007437831888568753,-0.025188040880613112
8.131,stage1,0.007437831888568753,-0.025188040880613112
8.132,stage1,0.007437831888568753,-0.025188040880613112
8.133,stage1,0.007437831888568753,-0.025188040880613112
8.134,stage1,0.007437831888568753,-0.025188040880613112
8.135,stage1,0.007437831888568753,-0.025188040880613112
8.136,stage1,0.007437831888568753,-0.025188040880613112
8.137,stage1,0.007437831888568753,-0.025188040880613112
8.138,stage1,0.007437831888568753,-0.025188040880613112
8.139,stage1,0.007437831888568753,-0.025188040880613112
8.14,stage1,0.007187284069332223,-0.024920340089449853
8.141,stage1,0.007187284069332223,-0.024920340089449853
8.142,stage1,0.007187284069332223,-0.024920340089449853
8.143,stage1,0.007187284069332223,-0.024920340089449853
8.144,stage1,0.007187284069332223,-0.024920340089449853
8.145,stage1,0.007187284069332223,-0.024920340089449853
8.146,stage1,0.007187284069332223,-0.024920340089449853
8.147,stage1,0.007187284069332223,-0.024920340089449853
8.148,stage1,0.007187284069332223,-0.024920340089449853
8.149,stage1,0.007187284069332223,-0.024920340089449853
8.15,stage1,0.006939448299546437,-0.02464566676122551
8.151,stage1,0.006939448299546437,-0.02464566676122551
8.152,stage1,0.006939448299546437,-0.02464566676122551
8.153,stage1,0.006939448299546437,-0.02464566676122551
8.154,stage1,0.006939448299546437,-0.02464566676122551
8.155,stage1,0.006939448299546437,-0.02464566676122551
8.156,stage1,0.006939448299546437,-0.02464566676122551
8.157,stage1,0.006939448299546437,-0.02464566676122551
8.158,stage1,0.006939448299546437,-0.02464566676122551
8.159,stage1,0.006939448299546437,-0.02464566676122551
8.16,stage1,0.006694393227608258,-0.02436423644520308
8.161,stage1,0.006694393227608258,-0.02436423644520308
8.162,stage1,0.006694393227608258,-0.02436423644520308
8.163,stage1,0.006694393227608258,-0.02436423644520308
8.164,stage1,0.006694393227608258,-0.02436423644520308
8.165,stage1,0.006694393227608258,-0.02436423644520308
8.166,stage1,0.006694393227608258,-0.02436423644520308
8.167,stage1,0.006694393227608258,-0.02436423644520308
8.168,stage1,0.006694393227608258,-0.02436423644520308
8.169,stage1,0.006694393227608258,-0.02436423644520308
8.17,stage1,0.006452185342034979,-0.024076265549105746
8.171,stage1,0.006452185342034979,-0.024076265549105746
8.172,stage1,0.006452185342034979,-0.024076265549105746
8.173,stage1,0.006452185342034979,-0.024076265549105746
8.174,stage1,0.006452185342034979,-0.024076265549105746
8.175,stage1,0.006452185342034979,-0.024076265549105746
8.176,stage1,0.006452185342034979,-0.024076265549105746
8.177,stage1,0.006452185342034979,-0.024076265549105746
8.178,stage1,0.006452185342034979,-0.024076265549105746
8.179,stage1,0.006452185342034979,-0.024076265549105746
8.18,stage1,0.006212888963446981,-0.023781971225786906
8.181,stage1,0.006212888963446981,-0.023781971225786906
8.182,stage1,0.006212888963446981,-0.023781971225786906
8.183,stage1,0.006212888963446981,-0.023781971225786906
8.184,stage1,0.006212888963446981,-0.023781971225786906
8.185,stage1,0.006212888963446981,-0.023781971225786906
8.186,stage1,0.006212888963446981,-0.023781971225786906
8.187,stage1,0.006212888963446981,-0.023781971225786906
8.188,stage1,0.006212888963446981,-0.023781971225786906
8.189,stage1,0.006212888963446981,-0.023781971225786906
8.19,stage1,0.00597656623767994,-0.023481571260655778
8.191,stage1,0.00597656623767994,-0.023481571260655778
8.192,stage1,0.00597656623767994,-0.023481571260655778
8.193,stage1,0.00597656623767994,-0.023481571260655778
8.194,stage1,0.00597656623767994,-0.023481571260655778
8.195,stage1,0.00597656623767994,-0.023481571260655778
8.196,stage1,0.00597656623767994,-0.023481571260655778
8.197,stage1,0.00597656623767994,-0.023481571260655778
8.198,stage1,0.00597656623767994,-0.023481571260655778
8.199,stage1,0.00597656623767994,-0.023481571260655778
8.2,stage1,0.00574327713001881,-0.023175283959906746
8.201,stage1,0.00574327713001881,-0.023175283959906746
8.202,stage1,0.00574327713001881,-0.023175283959906746
8.203,stage1,0.00574327713001881,-0.023175283959906746
8.204,stage1,0.00574327713001881,-0.023175283959906746
8.205,stage1,0.00574327713001881,-0.023175283959906746
8.206,stage1,0.00574327713001881,-0.023175283959906746
8.207,stage1,0.00574327713001881,-0.023175283959906746
8.208,stage1,0.00574327713001881,-0.023175283959906746
8.209,stage1,0.00574327713001881,-0.023175283959906746
8.21,stage1,0.00551307942054529,-0.022863328039599746
8.211,stage1,0.00551307942054529,-0.022863328039599746
8.212,stage1,0.00551307942054529,-0.022863328039599746
8.213,stage1,0.00551307942054529,-0.022863328039599746
8.214,stage1,0.00551307942054529,-0.022863328039599746
8.215,stage1,0.00551307942054529,-0.022863328039599746
8.216,stage1,0.00551307942054529,-0.022863328039599746
8.217,stage1,0.00551307942054529,-0.022863328039599746
8.218,stage1,0.00551307942054529,-0.022863328039599746
8.219,stage1,0.00551307942054529,-0.022863328039599746
8.22,stage1,0.005286028700590042,-0.02254592251563815
8.221,stage1,0.005286028700590042,-0.02254592251563815
8.222,stage1,0.005286028700590042,-0.02254592251563815
8.223,stage1,0.005286028700590042,-0.02254592251563815
8.224,stage1,0.005286028700590042,-0.02254592251563815
8.225,stage1,0.005286028700590042,-0.02254592251563815
8.226,stage1,0.005286028700590042,-0.02254592251563815
8.227,stage1,0.005286028700590042,-0.02254592251563815
8.228,stage1,0.005286028700590042,-0.02254592251563815
8.229,stage1,0.005286028700590042,-0.02254592251563815
8.23,stage1,0.0050621783702804474,-0.022223286594689657
8.231,stage1,0.0050621783702804474,-0.022223286594689657
8.232,stage1,0.0050621783702804474,-0.022223286594689657
8.233,stage1,0.0050621783702804474,-0.022223286594689657
8.234,stage1,0.0050621783702804474,-0.022223286594689657
8.235,stage1,0.0050621783702804474,-0.022223286594689657
8.236,stage1,0.0050621783702804474,-0.022223286594689657
8.237,stage1,0.0050621783702804474,-0.022223286594689657
8.238,stage1,0.0050621783702804474,-0.022223286594689657
8.239,stage1,0.0050621783702804474,-0.022223286594689657
8.24,stage1,0.0048415796371742625,-0.021895639566094787
8.241,stage1,0.0048415796371742625,-0.021895639566094787
8.242,stage1,0.0048415796371742625,-0.021895639566094787
8.243,stage1,0.0048415796371742625,-0.021895639566094787
8.244,stage1,0.0048415796371742625,-0.021895639566094787
8.245,stage1,0.0048415796371742625,-0.021895639566094787
8.246,stage1,0.0048415796371742625,-0.021895639566094787
8.247,stage1,0.0048415796371742625,-0.021895639566094787
8.248,stage1,0.0048415796371742625,-0.021895639566094787
8.249,stage1,0.0048415796371742625,-0.021895639566094787
8.25,stage1,0.004624281515969056,-0.021563200694806706
8.251,stage1,0.004624281515969056,-0.021563200694806706
8.252,stage1,0.004624281515969056,-0.021563200694806706
8.253,stage1,0.004624281515969056,-0.021563200694806706
8.254,stage1,0.004624281515969056,-0.021563200694806706
8.255,stage1,0.004624281515969056,-0.021563200694806706
8.256,stage1,0.004624281515969056,-0.021563200694806706
8.257,stage1,0.004624281515969056,-0.021563200694806706
8.258,stage1,0.004624281515969056,-0.021563200694806706
8.259,stage1,0.004624281515969056,-0.021563200694806706
8.26,stage1,0.004410330829276924,-0.02122618911540507
8.261,stage1,0.004410330829276924,-0.02122618911540507
8.262,stage1,0.004410330829276924,-0.02122618911540507
8.263,stage1,0.004410330829276924,-0.02122618911540507
8.264,stage1,0.004410330829276924,-0.02122618911540507
8.265,stage1,0.004410330829276924,-0.02122618911540507
8.266,stage1,0.004410330829276924,-0.02122618911540507
8.267,stage1,0.004410330829276924,-0.02122618911540507
8.268,stage1,0.004410330829276924,-0.02122618911540507
8.269,stage1,0.004410330829276924,-0.02122618911540507
8.27,stage1,0.004199772209453517,-0.020884823727225728
8.271,stage1,0.004199772209453517,-0.020884823727225728
8.272,stage1,0.004199772209453517,-0.020884823727225728
8.273,stage1,0.004199772209453517,-0.020884823727225728
8.274,stage1,0.004199772209453517,-0.020884823727225728
8.275,stage1,0.004199772209453517,-0.020884823727225728
8.276,stage1,0.004199772209453517,-0.020884823727225728
8.277,stage1,0.004199772209453517,-0.020884823727225728
8.278,stage1,0.004199772209453517,-0.020884823727225728
8.279,stage1,0.004199772209453517,-0.020884823727225728
8.28,stage1,0.003992648101470022,-0.02053932309064707
8.281,stage1,0.003992648101470022,-0.02053932309064707
8.282,stage1,0.003992648101470022,-0.02053932309064707
8.283,stage1,0.003992648101470022,-0.02053932309064707
8.284,stage1,0.003992648101470022,-0.02053932309064707
8.285,stage1,0.003992648101470022,-0.02053932309064707
8.286,stage1,0.003992648101470022,-0.02053932309064707
8.287,stage1,0.003992648101470022,-0.02053932309064707
8.288,stage1,0.003992648101470022,-0.02053932309064707
8.289,stage1,0.003992648101470022,-0.02053932309064707
8.29,stage1,0.0037889987668163283,-0.020189905324572915
8.291,stage1,0.0037889987668163283,-0.020189905324572915
8.292,stage1,0.0037889987668163283,-0.020189905324572915
8.293,stage1,0.0037889987668163283,-0.020189905324572915
8.294,stage1,0.0037889987668163283,-0.020189905324572915
8.295,stage1,0.0037889987668163283,-0.020189905324572915
8.296,stage1,0.0037889987668163283,-0.020189905324572915
8.297,stage1,0.0037889987668163283,-0.020189905324572915
8.298,stage1,0.0037889987668163283,-0.020189905324572915
8.299,stage1,0.0037889987668163283,-0.020189905324572915
8.3,stage1,0.003588862288423222,-0.01983678800515074
8.301,stage1,0.003588862288423222,-0.01983678800515074
8.302,stage1,0.003588862288423222,-0.01983678800515074
8.303,stage1,0.003588862288423222,-0.01983678800515074
8.304,stage1,0.003588862288423222,-0.01983678800515074
8.305,stage1,0.003588862288423222,-0.01983678800515074
8.306,stage1,0.003588862288423222,-0.01983678800515074
8.307,stage1,0.003588862288423222,-0.01983678800515074
8.308,stage1,0.003588862288423222,-0.01983678800515074
8.309,stage1,0.003588862288423222,-0.01983678800515074
8.31,stage1,0.0033922745765910638,-0.01948018806576321
8.311,stage1,0.0033922745765910638,-0.01948018806576321
8.312,stage1,0.0033922745765910638,-0.01948018806576321
8.313,stage1,0.0033922745765910638,-0.01948018806576321
8.314,stage1,0.0033922745765910638,-0.01948018806576321
8.315,stage1,0.0033922745765910638,-0.01948018806576321
8.316,stage1,0.0033922745765910638,-0.01948018806576321
8.317,stage1,0.0033922745765910638,-0.01948018806576321
8.318,stage1,0.0033922745765910638,-0.01948018806576321
8.319,stage1,0.0033922745765910638,-0.01948018806576321
8.32,stage1,0.00319926937591203,-0.019120321698329806
8.321,stage1,0.00319926937591203,-0.019120321698329806
8.322,stage1,0.00319926937591203,-0.019120321698329806
8.323,stage1,0.00319926937591203,-0.019120321698329806
8.324,stage1,0.00319926937591203,-0.019120321698329806
8.325,stage1,0.00319926937591203,-0.019120321698329806
8.326,stage1,0.00319926937591203,-0.019120321698329806
8.327,stage1,0.00319926937591203,-0.019120321698329806
8.328,stage1,0.00319926937591203,-0.019120321698329806
8.329,stage1,0.00319926937591203,-0.019120321698329806
8.33,stage1,0.003009878273172637,-0.01875740425595443
8.331,stage1,0.003009878273172637,-0.01875740425595443
8.332,stage1,0.003009878273172637,-0.01875740425595443
8.333,stage1,0.003009878273172637,-0.01875740425595443
8.334,stage1,0.003009878273172637,-0.01875740425595443
8.335,stage1,0.003009878273172637,-0.01875740425595443
8.336,stage1,0.003009878273172637,-0.01875740425595443
8.337,stage1,0.003009878273172637,-0.01875740425595443
8.338,stage1,0.003009878273172637,-0.01875740425595443
8.339,stage1,0.003009878273172637,-0.01875740425595443
8.34,stage1,0.002824130706222913,-0.018391650156953834
8.341,stage1,0.002824130706222913,-0.018391650156953834
8.342,stage1,0.002824130706222913,-0.018391650156953834
8.343,stage1,0.002824130706222913,-0.018391650156953834
8.344,stage1,0.002824130706222913,-0.018391650156953834
8.345,stage1,0.002824130706222913,-0.018391650156953834
8.346,stage1,0.002824130706222913,-0.018391650156953834
8.347,stage1,0.002824130706222913,-0.018391650156953834
8.348,stage1,0.002824130706222913,-0.018391650156953834
8.349,stage1,0.002824130706222913,-0.018391650156953834
8.35,stage1,0.0026420539737982427,-0.018023272790300675
8.351,stage1,0.0026420539737982427,-0.018023272790300675
8.352,stage1,0.0026420539737982427,-0.018023272790300675
8.353,stage1,0.0026420539737982427,-0.018023272790300675
8.354,stage1,0.0026420539737982427,-0.018023272790300675
8.355,stage1,0.0026420539737982427,-0.018023272790300675
8.356,stage1,0.0026420539737982427,-0.018023272790300675
8.357,stage1,0.0026420539737982427,-0.018023272790300675
8.358,stage1,0.0026420539737982427,-0.018023272790300675
8.359,stage1,0.0026420539737982427,-0.018023272790300675
8.36,stage1,0.0024636732462795705,-0.017652484422513964
8.361,stage1,0.0024636732462795705,-0.017652484422513964
8.362,stage1,0.0024636732462795705,-0.017652484422513964
8.363,stage1,0.0024636732462795705,-0.017652484422513964
8.364,stage1,0.0024636732462795705,-0.017652484422513964
8.365,stage1,0.0024636732462795705,-0.017652484422513964
8.366,stage1,0.0024636732462795705,-0.017652484422513964
8.367,stage1,0.0024636732462795705,-0.017652484422513964
8.368,stage1,0.0024636732462795705,-0.017652484422513964
8.369,stage1,0.0024636732462795705,-0.017652484422513964
8.37,stage1,0.002289011577377328,-0.017279496106028656
8.371,stage1,0.002289011577377328,-0.017279496106028656
8.372,stage1,0.002289011577377328,-0.017279496106028656
8.373,stage1,0.002289011577377328,-0.017279496106028656
8.374,stage1,0.002289011577377328,-0.017279496106028656
8.375,stage1,0.002289011577377328,-0.017279496106028656
8.376,stage1,0.002289011577377328,-0.017279496106028656
8.377,stage1,0.002289011577377328,-0.017279496106028656
8.378,stage1,0.002289011577377328,-0.017279496106028656
8.379,stage1,0.002289011577377328,-0.017279496106028656
8.38,stage1,0.0021180899167241424,-0.01690451758907507
8.381,stage1,0.0021180899167241424,-0.01690451758907507
8.382,stage1,0.0021180899167241424,-0.01690451758907507
8.383,stage1,0.0021180899167241424,-0.01690451758907507
8.384,stage1,0.0021180899167241424,-0.01690451758907507
8.385,stage1,0.0021180899167241424,-0.01690451758907507
8.386,stage1,0.0021180899167241424,-0.01690451758907507
8.387,stage1,0.0021180899167241424,-0.01690451758907507
8.388,stage1,0.0021180899167241424,-0.01690451758907507
8.389,stage1,0.0021180899167241424,-0.01690451758907507
8.39,stage1,0.0019509271233610806,-0.016527757227097758
8.391,stage1,0.0019509271233610806,-0.016527757227097758
8.392,stage1,0.0019509271233610806,-0.016527757227097758
8.393,stage1,0.0019509271233610806,-0.016527757227097758
8.394,stage1,0.0019509271233610806,-0.016527757227097758
8.395,stage1,0.0019509271233610806,-0.016527757227097758
8.396,stage1,0.0019509271233610806,-0.016527757227097758
8.397,stage1,0.0019509271233610806,-0.016527757227097758
8.398,stage1,0.0019509271233610806,-0.016527757227097758
8.399,stage1,0.0019509271233610806,-0.016527757227097758
8.4,stage1,0.0017875399801018821,-0.016149421895742443
8.401,stage1,0.0017875399801018821,-0.016149421895742443
8.402,stage1,0.0017875399801018821,-0.016149421895742443
8.403,stage1,0.0017875399801018821,-0.016149421895742443
8.404,stage1,0.0017875399801018821,-0.016149421895742443
8.405,stage1,0.0017875399801018821,-0.016149421895742443
8.406,stage1,0.0017875399801018821,-0.016149421895742443
8.407,stage1,0.0017875399801018821,-0.016149421895742443
8.408,stage1,0.0017875399801018821,-0.016149421895742443
8.409,stage1,0.0017875399801018821,-0.016149421895742443
8.41,stage1,0.0016279432087593733,-0.015769716905438522
8.411,stage1,0.0016279432087593733,-0.015769716905438522
8.412,stage1,0.0016279432087593733,-0.015769716905438522
8.413,stage1,0.0016279432087593733,-0.015769716905438522
8.414,stage1,0.0016279432087593733,-0.015769716905438522
8.415,stage1,0.0016279432087593733,-0.015769716905438522
8.416,stage1,0.0016279432087593733,-0.015769716905438522
8.417,stage1,0.0016279432087593733,-0.015769716905438522
8.418,stage1,0.0016279432087593733,-0.015769716905438522
8.419,stage1,0.0016279432087593733,-0.015769716905438522
8.42,stage1,0.0014721494862179629,-0.015388845917603611
8.421,stage1,0.0014721494862179629,-0.015388845917603611
8.422,stage1,0.0014721494862179629,-0.015388845917603611
8.423,stage1,0.0014721494862179629,-0.015388845917603611
8.424,stage1,0.0014721494862179629,-0.015388845917603611
8.425,stage1,0.0014721494862179629,-0.015388845917603611
8.426,stage1,0.0014721494862179629,-0.015388845917603611
8.427,stage1,0.0014721494862179629,-0.015388845917603611
8.428,stage1,0.0014721494862179629,-0.015388845917603611
8.429,stage1,0.0014721494862179629,-0.015388845917603611
8.43,stage1,0.00132016946133588,-0.015007010862495517
8.431,stage1,0.00132016946133588,-0.015007010862495517
8.432,stage1,0.00132016946133588,-0.015007010862495517
8.433,stage1,0.00132016946133588,-0.015007010862495517
8.434,stage1,0.00132016946133588,-0.015007010862495517
8.435,stage1,0.00132016946133588,-0.015007010862495517
8.436,stage1,0.00132016946133588,-0.015007010862495517
8.437,stage1,0.00132016946133588,-0.015007010862495517
8.438,stage1,0.00132016946133588,-0.015007010862495517
8.439,stage1,0.00132016946133588,-0.015007010862495517
8.44,stage1,0.0011720117726605505,-0.014624411858736
8.441,stage1,0.0011720117726605505,-0.014624411858736
8.442,stage1,0.0011720117726605505,-0.014624411858736
8.443,stage1,0.0011720117726605505,-0.014624411858736
8.444,stage1,0.0011720117726605505,-0.014624411858736
8.445,stage1,0.0011720117726605505,-0.014624411858736
8.446,stage1,0.0011720117726605505,-0.014624411858736
8.447,stage1,0.0011720117726605505,-0.014624411858736
8.448,stage1,0.0011720117726605505,-0.014624411858736
8.449,stage1,0.0011720117726605505,-0.014624411858736
8.45,stage1,0.0010276830669402803,-0.014241247134529544
8.451,stage1,0.0010276830669402803,-0.014241247134529544
8.452,stage1,0.0010276830669402803,-0.014241247134529544
8.453,stage1,0.0010276830669402803,-0.014241247134529544
8.454,stage1,0.0010276830669402803,-0.014241247134529544
8.455,stage1,0.0010276830669402803,-0.014241247134529544
8.456,stage1,0.0010276830669402803,-0.014241247134529544
8.457,stage1,0.0010276830669402803,-0.014241247134529544
8.458,stage1,0.0010276830669402803,-0.014241247134529544
8.459,stage1,0.0010276830669402803,-0.014241247134529544
8.46,stage1,0.0008871880184151842,-0.013857712950599382
8.461,stage1,0.0008871880184151842,-0.013857712950599382
8.462,stage1,0.0008871880184151842,-0.013857712950599382
8.463,stage1,0.0008871880184151842,-0.013857712950599382
8.464,stage1,0.0008871880184151842,-0.013857712950599382
8.465,stage1,0.0008871880184151842,-0.013857712950599382
8.466,stage1,0.0008871880184151842,-0.013857712950599382
8.467,stage1,0.0008871880184151842,-0.013857712950599382
8.468,stage1,0.0008871880184151842,-0.013857712950599382
8.469,stage1,0.0008871880184151842,-0.013857712950599382
8.47,stage1,0.0007505293488700781,-0.013474003524861842
8.471,stage1,0.0007505293488700781,-0.013474003524861842
8.472,stage1,0.0007505293488700781,-0.013474003524861842
8.473,stage1,0.0007505293488700781,-0.013474003524861842
8.474,stage1,0.0007505293488700781,-0.013474003524861842
8.475,stage1,0.0007505293488700781,-0.013474003524861842
8.476,stage1,0.0007505293488700781,-0.013474003524861842
8.477,stage1,0.0007505293488700781,-0.013474003524861842
8.478,stage1,0.0007505293488700781,-0.013474003524861842
8.479,stage1,0.0007505293488700781,-0.013474003524861842
8.48,stage1,0.0006177078484318533,-0.013090310958859123
8.481,stage1,0.0006177078484318533,-0.013090310958859123
8.482,stage1,0.0006177078484318533,-0.013090310958859123
8.483,stage1,0.0006177078484318533,-0.013090310958859123
8.484,stage1,0.0006177078484318533,-0.013090310958859123
8.485,stage1,0.0006177078484318533,-0.013090310958859123
8.486,stage1,0.0006177078484318533,-0.013090310958859123
8.487,stage1,0.0006177078484318533,-0.013090310958859123
8.488,stage1,0.0006177078484318533,-0.013090310958859123
8.489,stage1,0.0006177078484318533,-0.013090310958859123
8.49,stage1,0.0004887223970936513,-0.01270682516596945
8.491,stage1,0.0004887223970936513,-0.01270682516596945
8.492,stage1,0.0004887223970936513,-0.01270682516596945
8.493,stage1,0.0004887223970936513,-0.01270682516596945
8.494,stage1,0.0004887223970936513,-0.01270682516596945
8.495,stage1,0.0004887223970936513,-0.01270682516596945
8.496,stage1,0.0004887223970936513,-0.01270682516596945
8.497,stage1,0.0004887223970936513,-0.01270682516596945
8.498,stage1,0.0004887223970936513,-0.01270682516596945
8.499,stage1,0.0004887223970936513,-0.01270682516596945
8.5,stage1,0.0003635699869479746,-0.012323733801412532
8.501,stage1,0.0003635699869479746,-0.012323733801412532
8.502,stage1,0.0003635699869479746,-0.012323733801412532
8.503,stage1,0.0003635699869479746,-0.012323733801412532
8.504,stage1,0.0003635699869479746,-0.012323733801412532
8.505,stage1,0.0003635699869479746,-0.012323733801412532
8.506,stage1,0.0003635699869479746,-0.012323733801412532
8.507,stage1,0.0003635699869479746,-0.012323733801412532
8.508,stage1,0.0003635699869479746,-0.012323733801412532
8.509,stage1,0.0003635699869479746,-0.012323733801412532
8.51,stage1,0.00024224574511069665,-0.011941222194067182
8.511,stage1,0.00024224574511069665,-0.011941222194067182
8.512,stage1,0.00024224574511069665,-0.011941222194067182
8.513,stage1,0.00024224574511069665,-0.011941222194067182
8.514,stage1,0.00024224574511069665,-0.011941222194067182
8.515,stage1,0.00024224574511069665,-0.011941222194067182
8.516,stage1,0.00024224574511069665,-0.011941222194067182
8.517,stage1,0.00024224574511069665,-0.011941222194067182
8.518,stage1,0.00024224574511069665,-0.011941222194067182
8.519,stage1,0.00024224574511069665,-0.011941222194067182
8.52,stage1,0.00012474295731776792,-0.011559473280116877
8.521,stage1,0.00012474295731776792,-0.011559473280116877
8.522,stage1,0.00012474295731776792,-0.011559473280116877
8.523,stage1,0.00012474295731776792,-0.011559473280116877
8.524,stage1,0.00012474295731776792,-0.011559473280116877
8.525,stage1,0.00012474295731776792,-0.011559473280116877
8.526,stage1,0.00012474295731776792,-0.011559473280116877
8.527,stage1,0.00012474295731776792,-0.011559473280116877
8.528,stage1,0.00012474295731776792,-0.011559473280116877
8.529,stage1,0.00012474295731776792,-0.011559473280116877
8.53,stage1,1.105309217626539e-05,-0.011178667538537976
8.531,stage1,1.105309217626539e-05,-0.011178667538537976
8.532,stage1,1.105309217626539e-05,-0.011178667538537976
8.533,stage1,1.105309217626539e-05,-0.011178667538537976
8.534,stage1,1.105309217626539e-05,-0.011178667538537976
8.535,stage1,1.105309217626539e-05,-0.011178667538537976
8.536,stage1,1.105309217626539e-05,-0.011178667538537976
8.537,stage1,1.105309217626539e-05,-0.011178667538537976
8.538,stage1,1.105309217626539e-05,-0.011178667538537976
8.539,stage1,1.105309217626539e-05,-0.011178667538537976
8.54,stage1,-9.883417394871089e-05,-0.010798982928444273
8.541,stage1,-9.883417394871089e-05,-0.010798982928444273
8.542,stage1,-9.883417394871089e-05,-0.010798982928444273
8.543,stage1,-9.883417394871089e-05,-0.010798982928444273
8.544,stage1,-9.883417394871089e-05,-0.010798982928444273
8.545,stage1,-9.883417394871089e-05,-0.010798982928444273
8.546,stage1,-9.883417394871089e-05,-0.010798982928444273
8.547,stage1,-9.883417394871089e-05,-0.010798982928444273
8.548,stage1,-9.883417394871089e-05,-0.010798982928444273
8.549,stage1,-9.883417394871089e-05,-0.010798982928444273
8.55,stage1,-0.00020493093142992126,-0.01042059482830048
8.551,stage1,-0.00020493093142992126,-0.01042059482830048
8.552,stage1,-0.00020493093142992126,-0.01042059482830048
8.553,stage1,-0.00020493093142992126,-0.01042059482830048
8.554,stage1,-0.00020493093142992126,-0.01042059482830048
8.555,stage1,-0.00020493093142992126,-0.01042059482830048
8.556,stage1,-0.00020493093142992126,-0.01042059482830048
8.557,stage1,-0.00020493093142992126,-0.01042059482830048
8.558,stage1,-0.00020493093142992126,-0.01042059482830048
8.559,stage1,-0.00020493093142992126,-0.01042059482830048
8.56,stage1,-0.00030725101127539796,-0.01004367597701621
8.561,stage1,-0.00030725101127539796,-0.01004367597701621
8.562,stage1,-0.00030725101127539796,-0.01004367597701621
8.563,stage1,-0.00030725101127539796,-0.01004367597701621
8.564,stage1,-0.00030725101127539796,-0.01004367597701621
8.565,stage1,-0.00030725101127539796,-0.01004367597701621
8.566,stage1,-0.00030725101127539796,-0.01004367597701621
8.567,stage1,-0.00030725101127539796,-0.01004367597701621
8.568,stage1,-0.00030725101127539796,-0.01004367597701621
8.569,stage1,-0.00030725101127539796,-0.01004367597701621
8.57,stage1,-0.00040580995844624303,-0.00966839641693096
8.571,stage1,-0.00040580995844624303,-0.00966839641693096
8.572,stage1,-0.00040580995844624303,-0.00966839641693096
8.573,stage1,-0.00040580995844624303,-0.00966839641693096
8.574,stage1,-0.00040580995844624303,-0.00966839641693096
8.575,stage1,-0.00040580995844624303,-0.00966839641693096
8.576,stage1,-0.00040580995844624303,-0.00966839641693096
8.577,stage1,-0.00040580995844624303,-0.00966839641693096
8.578,stage1,-0.00040580995844624303,-0.00966839641693096
8.579,stage1,-0.00040580995844624303,-0.00966839641693096
8.58,stage1,-0.0005006250046137709,-0.009294923438699582
8.581,stage1,-0.0005006250046137709,-0.009294923438699582
8.582,stage1,-0.0005006250046137709,-0.009294923438699582
8.583,stage1,-0.0005006250046137709,-0.009294923438699582
8.584,stage1,-0.0005006250046137709,-0.009294923438699582
8.585,stage1,-0.0005006250046137709,-0.009294923438699582
8.586,stage1,-0.0005006250046137709,-0.009294923438699582
8.587,stage1,-0.0005006250046137709,-0.009294923438699582
8.588,stage1,-0.0005006250046137709,-0.009294923438699582
8.589,stage1,-0.0005006250046137709,-0.009294923438699582
8.59,stage1,-0.0005917150403750438,-0.008923421528086653
8.591,stage1,-0.0005917150403750438,-0.008923421528086653
8.592,stage1,-0.0005917150403750438,-0.008923421528086653
8.593,stage1,-0.0005917150403750438,-0.008923421528086653
8.594,stage1,-0.0005917150403750438,-0.008923421528086653
8.595,stage1,-0.0005917150403750438,-0.008923421528086653
8.596,stage1,-0.0005917150403750438,-0.008923421528086653
8.597,stage1,-0.0005917150403750438,-0.008923421528086653
8.598,stage1,-0.0005917150403750438,-0.008923421528086653
8.599,stage1,-0.0005917150403750438,-0.008923421528086653
8.6,stage1,-0.0006791005869459261,-0.008554052314677162
8.601,stage1,-0.0006791005869459261,-0.008554052314677162
8.602,stage1,-0.0006791005869459261,-0.008554052314677162
8.603,stage1,-0.0006791005869459261,-0.008554052314677162
8.604,stage1,-0.0006791005869459261,-0.008554052314677162
8.605,stage1,-0.0006791005869459261,-0.008554052314677162
8.606,stage1,-0.0006791005869459261,-0.008554052314677162
8.607,stage1,-0.0006791005869459261,-0.008554052314677162
8.608,stage1,-0.0006791005869459261,-0.008554052314677162
8.609,stage1,-0.0006791005869459261,-0.008554052314677162
8.61,stage1,-0.0007628037673508541,-0.008186974522509898
8.611,stage1,-0.0007628037673508541,-0.008186974522509898
8.612,stage1,-0.0007628037673508541,-0.008186974522509898
8.613,stage1,-0.0007628037673508541,-0.008186974522509898
8.614,stage1,-0.0007628037673508541,-0.008186974522509898
8.615,stage1,-0.0007628037673508541,-0.008186974522509898
8.616,stage1,-0.0007628037673508541,-0.008186974522509898
8.617,stage1,-0.0007628037673508541,-0.008186974522509898
8.618,stage1,-0.0007628037673508541,-0.008186974522509898
8.619,stage1,-0.0007628037673508541,-0.008186974522509898
8.62,stage1,-0.0008428482771285768,-0.007822343922638893
8.621,stage1,-0.0008428482771285768,-0.007822343922638893
8.622,stage1,-0.0008428482771285768,-0.007822343922638893
8.623,stage1,-0.0008428482771285768,-0.007822343922638893
8.624,stage1,-0.0008428482771285768,-0.007822343922638893
8.625,stage1,-0.0008428482771285768,-0.007822343922638893
8.626,stage1,-0.0008428482771285768,-0.007822343922638893
8.627,stage1,-0.0008428482771285768,-0.007822343922638893
8.628,stage1,-0.0008428482771285768,-0.007822343922638893
8.629,stage1,-0.0008428482771285768,-0.007822343922638893
8.63,stage1,-0.0009192593545731684,-0.0074603132876272845
8.631,stage1,-0.0009192593545731684,-0.0074603132876272845
8.632,stage1,-0.0009192593545731684,-0.0074603132876272845
8.633,stage1,-0.0009192593545731684,-0.0074603132876272845
8.634,stage1,-0.0009192593545731684,-0.0074603132876272845
8.635,stage1,-0.0009192593545731684,-0.0074603132876272845
8.636,stage1,-0.0009192593545731684,-0.0074603132876272845
8.637,stage1,-0.0009192593545731684,-0.0074603132876272845
8.638,stage1,-0.0009192593545731684,-0.0074603132876272845
8.639,stage1,-0.0009192593545731684,-0.0074603132876272845
8.64,stage1,-0.000992063750529657,-0.007101032347976948
8.641,stage1,-0.000992063750529657,-0.007101032347976948
8.642,stage1,-0.000992063750529657,-0.007101032347976948
8.643,stage1,-0.000992063750529657,-0.007101032347976948
8.644,stage1,-0.000992063750529657,-0.007101032347976948
8.645,stage1,-0.000992063750529657,-0.007101032347976948
8.646,stage1,-0.000992063750529657,-0.007101032347976948
8.647,stage1,-0.000992063750529657,-0.007101032347976948
8.648,stage1,-0.000992063750529657,-0.007101032347976948
8.649,stage1,-0.000992063750529657,-0.007101032347976948
8.65,stage1,-0.0010612896977636377,-0.006744647750496257
8.651,stage1,-0.0010612896977636377,-0.006744647750496257
8.652,stage1,-0.0010612896977636377,-0.006744647750496257
8.653,stage1,-0.0010612896977636377,-0.006744647750496257
8.654,stage1,-0.0010612896977636377,-0.006744647750496257
8.655,stage1,-0.0010612896977636377,-0.006744647750496257
8.656,stage1,-0.0010612896977636377,-0.006744647750496257
8.657,stage1,-0.0010612896977636377,-0.006744647750496257
8.658,stage1,-0.0010612896977636377,-0.006744647750496257
8.659,stage1,-0.0010612896977636377,-0.006744647750496257
8.66,stage1,-0.001126966879924261,-0.006391303018607353
8.661,stage1,-0.001126966879924261,-0.006391303018607353
8.662,stage1,-0.001126966879924261,-0.006391303018607353
8.663,stage1,-0.001126966879924261,-0.006391303018607353
8.664,stage1,-0.001126966879924261,-0.006391303018607353
8.665,stage1,-0.001126966879924261,-0.006391303018607353
8.666,stage1,-0.001126966879924261,-0.006391303018607353
8.667,stage1,-0.001126966879924261,-0.006391303018607353
8.668,stage1,-0.001126966879924261,-0.006391303018607353
8.669,stage1,-0.001126966879924261,-0.006391303018607353
8.67,stage1,-0.0011891264001199922,-0.006041138514593323
8.671,stage1,-0.0011891264001199922,-0.006041138514593323
8.672,stage1,-0.0011891264001199922,-0.006041138514593323
8.673,stage1,-0.0011891264001199922,-0.006041138514593323
8.674,stage1,-0.0011891264001199922,-0.006041138514593323
8.675,stage1,-0.0011891264001199922,-0.006041138514593323
8.676,stage1,-0.0011891264001199922,-0.006041138514593323
8.677,stage1,-0.0011891264001199922,-0.006041138514593323
8.678,stage1,-0.0011891264001199922,-0.006041138514593323
8.679,stage1,-0.0011891264001199922,-0.006041138514593323
8.68,stage1,-0.0012478007491265417,-0.00569429140378472
8.681,stage1,-0.0012478007491265417,-0.00569429140378472
8.682,stage1,-0.0012478007491265417,-0.00569429140378472
8.683,stage1,-0.0012478007491265417,-0.00569429140378472
8.684,stage1,-0.0012478007491265417,-0.00569429140378472
8.685,stage1,-0.0012478007491265417,-0.00569429140378472
8.686,stage1,-0.0012478007491265417,-0.00569429140378472
8.687,stage1,-0.0012478007491265417,-0.00569429140378472
8.688,stage1,-0.0012478007491265417,-0.00569429140378472
8.689,stage1,-0.0012478007491265417,-0.00569429140378472
8.69,stage1,-0.0013030237732463493,-0.0053508956206839
8.691,stage1,-0.0013030237732463493,-0.0053508956206839
8.692,stage1,-0.0013030237732463493,-0.0053508956206839
8.693,stage1,-0.0013030237732463493,-0.0053508956206839
8.694,stage1,-0.0013030237732463493,-0.0053508956206839
8.695,stage1,-0.0013030237732463493,-0.0053508956206839
8.696,stage1,-0.0013030237732463493,-0.0053508956206839
8.697,stage1,-0.0013030237732463493,-0.0053508956206839
8.698,stage1,-0.0013030237732463493,-0.0053508956206839
8.699,stage1,-0.0013030237732463493,-0.0053508956206839
8.7,stage1,-0.0013548306418389921,-0.005011081837024716
8.701,stage1,-0.0013548306418389921,-0.005011081837024716
8.702,stage1,-0.0013548306418389921,-0.005011081837024716
8.703,stage1,-0.0013548306418389921,-0.005011081837024716
8.704,stage1,-0.0013548306418389921,-0.005011081837024716
8.705,stage1,-0.0013548306418389921,-0.005011081837024716
8.706,stage1,-0.0013548306418389921,-0.005011081837024716
8.707,stage1,-0.0013548306418389921,-0.005011081837024716
8.708,stage1,-0.0013548306418389921,-0.005011081837024716
8.709,stage1,-0.0013548306418389921,-0.005011081837024716
8.71,stage1,-0.0014032578145418526,-0.004674977431764161
8.711,stage1,-0.0014032578145418526,-0.004674977431764161
8.712,stage1,-0.0014032578145418526,-0.004674977431764161
8.713,stage1,-0.0014032578145418526,-0.004674977431764161
8.714,stage1,-0.0014032578145418526,-0.004674977431764161
8.715,stage1,-0.0014032578145418526,-0.004674977431764161
8.716,stage1,-0.0014032578145418526,-0.004674977431764161
8.717,stage1,-0.0014032578145418526,-0.004674977431764161
8.718,stage1,-0.0014032578145418526,-0.004674977431764161
8.719,stage1,-0.0014032578145418526,-0.004674977431764161
8.72,stage1,-0.0014483430082003436,-0.00434270646300163
8.721,stage1,-0.0014483430082003436,-0.00434270646300163
8.722,stage1,-0.0014483430082003436,-0.00434270646300163
8.723,stage1,-0.0014483430082003436,-0.00434270646300163
8.724,stage1,-0.0014483430082003436,-0.00434270646300163
8.725,stage1,-0.0014483430082003436,-0.00434270646300163
8.726,stage1,-0.0014483430082003436,-0.00434270646300163
8.727,stage1,-0.0014483430082003436,-0.00434270646300163
8.728,stage1,-0.0014483430082003436,-0.00434270646300163
8.729,stage1,-0.0014483430082003436,-0.00434270646300163
8.73,stage1,-0.001490125163526944,-0.00401438964182056
8.731,stage1,-0.001490125163526944,-0.00401438964182056
8.732,stage1,-0.001490125163526944,-0.00401438964182056
8.733,stage1,-0.001490125163526944,-0.00401438964182056
8.734,stage1,-0.001490125163526944,-0.00401438964182056
8.735,stage1,-0.001490125163526944,-0.00401438964182056
8.736,stage1,-0.001490125163526944,-0.00401438964182056
8.737,stage1,-0.001490125163526944,-0.00401438964182056
8.738,stage1,-0.001490125163526944,-0.00401438964182056
8.739,stage1,-0.001490125163526944,-0.00401438964182056
8.74,stage1,-0.001528644411508237,-0.003690144308046307
8.741,stage1,-0.001528644411508237,-0.003690144308046307
8.742,stage1,-0.001528644411508237,-0.003690144308046307
8.743,stage1,-0.001528644411508237,-0.003690144308046307
8.744,stage1,-0.001528644411508237,-0.003690144308046307
8.745,stage1,-0.001528644411508237,-0.003690144308046307
8.746,stage1,-0.001528644411508237,-0.003690144308046307
8.747,stage1,-0.001528644411508237,-0.003690144308046307
8.748,stage1,-0.001528644411508237,-0.003690144308046307
8.749,stage1,-0.001528644411508237,-0.003690144308046307
8.75,stage1,-0.0015639420395790785,-0.003370084407913222
8.751,stage1,-0.0015639420395790785,-0.003370084407913222
8.752,stage1,-0.0015639420395790785,-0.003370084407913222
8.753,stage1,-0.0015639420395790785,-0.003370084407913222
8.754,stage1,-0.0015639420395790785,-0.003370084407913222
8.755,stage1,-0.0015639420395790785,-0.003370084407913222
8.756,stage1,-0.0015639420395790785,-0.003370084407913222
8.757,stage1,-0.0015639420395790785,-0.003370084407913222
8.758,stage1,-0.0015639420395790785,-0.003370084407913222
8.759,stage1,-0.0015639420395790785,-0.003370084407913222
8.76,stage1,-0.0015960604575829505,-0.003054320473633021
8.761,stage1,-0.0015960604575829505,-0.003054320473633021
8.762,stage1,-0.0015960604575829505,-0.003054320473633021
8.763,stage1,-0.0015960604575829505,-0.003054320473633021
8.764,stage1,-0.0015960604575829505,-0.003054320473633021
8.765,stage1,-0.0015960604575829505,-0.003054320473633021
8.766,stage1,-0.0015960604575829505,-0.003054320473633021
8.767,stage1,-0.0015960604575829505,-0.003054320473633021
8.768,stage1,-0.0015960604575829505,-0.003054320473633021
8.769,stage1,-0.0015960604575829505,-0.003054320473633021
8.77,stage1,-0.0016250431635374677,-0.0027429596048556644
8.771,stage1,-0.0016250431635374677,-0.0027429596048556644
8.772,stage1,-0.0016250431635374677,-0.0027429596048556644
8.773,stage1,-0.0016250431635374677,-0.0027429596048556644
8.774,stage1,-0.0016250431635374677,-0.0027429596048556644
8.775,stage1,-0.0016250431635374677,-0.0027429596048556644
8.776,stage1,-0.0016250431635374677,-0.0027429596048556644
8.777,stage1,-0.0016250431635374677,-0.0027429596048556644
8.778,stage1,-0.0016250431635374677,-0.0027429596048556644
8.779,stage1,-0.0016250431635374677,-0.0027429596048556644
8.78,stage1,-0.001650934709223916,-0.0024361054520131236
8.781,stage1,-0.001650934709223916,-0.0024361054520131236
8.782,stage1,-0.001650934709223916,-0.0024361054520131236
8.783,stage1,-0.001650934709223916,-0.0024361054520131236
8.784,stage1,-0.001650934709223916,-0.0024361054520131236
8.785,stage1,-0.001650934709223916,-0.0024361054520131236
8.786,stage1,-0.001650934709223916,-0.0024361054520131236
8.787,stage1,-0.001650934709223916,-0.0024361054520131236
8.788,stage1,-0.001650934709223916,-0.0024361054520131236
8.789,stage1,-0.001650934709223916,-0.0024361054520131236
8.79,stage1,-0.0016737806656196,-0.002133858201535563
8.791,stage1,-0.0016737806656196,-0.002133858201535563
8.792,stage1,-0.0016737806656196,-0.002133858201535563
8.793,stage1,-0.0016737806656196,-0.002133858201535563
8.794,stage1,-0.0016737806656196,-0.002133858201535563
8.795,stage1,-0.0016737806656196,-0.002133858201535563
8.796,stage1,-0.0016737806656196,-0.002133858201535563
8.797,stage1,-0.0016737806656196,-0.002133858201535563
8.798,stage1,-0.0016737806656196,-0.002133858201535563
8.799,stage1,-0.0016737806656196,-0.002133858201535563
8.8,stage1,-0.001693627588191666,-0.0018363145629286474
8.801,stage1,-0.001693627588191666,-0.0018363145629286474
8.802,stage1,-0.001693627588191666,-0.0018363145629286474
8.803,stage1,-0.001693627588191666,-0.0018363145629286474
8.804,stage1,-0.001693627588191666,-0.0018363145629286474
8.805,stage1,-0.001693627588191666,-0.0018363145629286474
8.806,stage1,-0.001693627588191666,-0.0018363145629286474
8.807,stage1,-0.001693627588191666,-0.0018363145629286474
8.808,stage1,-0.001693627588191666,-0.0018363145629286474
8.809,stage1,-0.001693627588191666,-0.0018363145629286474
8.81,stage1,-0.001710522982070956,-0.0015435677576998651
8.811,stage1,-0.001710522982070956,-0.0015435677576998651
8.812,stage1,-0.001710522982070956,-0.0015435677576998651
8.813,stage1,-0.001710522982070956,-0.0015435677576998651
8.814,stage1,-0.001710522982070956,-0.0015435677576998651
8.815,stage1,-0.001710522982070956,-0.0015435677576998651
8.816,stage1,-0.001710522982070956,-0.0015435677576998651
8.817,stage1,-0.001710522982070956,-0.0015435677576998651
8.818,stage1,-0.001710522982070956,-0.0015435677576998651
8.819,stage1,-0.001710522982070956,-0.0015435677576998651
8.82,stage1,-0.0017245152671243142,-0.00125570751012097
8.821,stage1,-0.0017245152671243142,-0.00125570751012097
8.822,stage1,-0.0017245152671243142,-0.00125570751012097
8.823,stage1,-0.0017245152671243142,-0.00125570751012097
8.824,stage1,-0.0017245152671243142,-0.00125570751012097
8.825,stage1,-0.0017245152671243142,-0.00125570751012097
8.826,stage1,-0.0017245152671243142,-0.00125570751012097
8.827,stage1,-0.0017245152671243142,-0.00125570751012097
8.828,stage1,-0.0017245152671243142,-0.00125570751012097
8.829,stage1,-0.0017245152671243142,-0.00125570751012097
8.83,stage1,-0.0017356537429436437,-0.0009728200398128489
8.831,stage1,-0.0017356537429436437,-0.0009728200398128489
8.832,stage1,-0.0017356537429436437,-0.0009728200398128489
8.833,stage1,-0.0017356537429436437,-0.0009728200398128489
8.834,stage1,-0.0017356537429436437,-0.0009728200398128489
8.835,stage1,-0.0017356537429436437,-0.0009728200398128489
8.836,stage1,-0.0017356537429436437,-0.0009728200398128489
8.837,stage1,-0.0017356537429436437,-0.0009728200398128489
8.838,stage1,-0.0017356537429436437,-0.0009728200398128489
8.839,stage1,-0.0017356537429436437,-0.0009728200398128489
8.84,stage1,-0.0017439885537698613,-0.0006949880561383643
8.841,stage1,-0.0017439885537698613,-0.0006949880561383643
8.842,stage1,-0.0017439885537698613,-0.0006949880561383643
8.843,stage1,-0.0017439885537698613,-0.0006949880561383643
8.844,stage1,-0.0017439885537698613,-0.0006949880561383643
8.845,stage1,-0.0017439885537698613,-0.0006949880561383643
8.846,stage1,-0.0017439885537698613,-0.0006949880561383643
8.847,stage1,-0.0017439885537698613,-0.0006949880561383643
8.848,stage1,-0.0017439885537698613,-0.0006949880561383643
8.849,stage1,-0.0017439885537698613,-0.0006949880561383643
8.85,stage1,-0.0017495706533697604,-0.0004222907543879586
8.851,stage1,-0.0017495706533697604,-0.0004222907543879586
8.852,stage1,-0.0017495706533697604,-0.0004222907543879586
8.853,stage1,-0.0017495706533697604,-0.0004222907543879586
8.854,stage1,-0.0017495706533697604,-0.0004222907543879586
8.855,stage1,-0.0017495706533697604,-0.0004222907543879586
8.856,stage1,-0.0017495706533697604,-0.0004222907543879586
8.857,stage1,-0.0017495706533697604,-0.0004222907543879586
8.858,stage1,-0.0017495706533697604,-0.0004222907543879586
8.859,stage1,-0.0017495706533697604,-0.0004222907543879586
8.86,stage1,-0.001752451769883626,-0.00015480381374207369
8.861,stage1,-0.001752451769883626,-0.00015480381374207369
8.862,stage1,-0.001752451769883626,-0.00015480381374207369
8.863,stage1,-0.001752451769883626,-0.00015480381374207369
8.864,stage1,-0.001752451769883626,-0.00015480381374207369
8.865,stage1,-0.001752451769883626,-0.00015480381374207369
8.866,stage1,-0.001752451769883626,-0.00015480381374207369
8.867,stage1,-0.001752451769883626,-0.00015480381374207369
8.868,stage1,-0.001752451769883626,-0.00015480381374207369
8.869,stage1,-0.001752451769883626,-0.00015480381374207369
8.87,stage1,-0.0017526843706612884,0.00010740060300629053
8.871,stage1,-0.0017526843706612884,0.00010740060300629053
8.872,stage1,-0.0017526843706612884,0.00010740060300629053
8.873,stage1,-0.0017526843706612884,0.00010740060300629053
8.874,stage1,-0.0017526843706612884,0.00010740060300629053
8.875,stage1,-0.0017526843706612884,0.00010740060300629053
8.876,stage1,-0.0017526843706612884,0.00010740060300629053
8.877,stage1,-0.0017526843706612884,0.00010740060300629053
8.878,stage1,-0.0017526843706612884,0.00010740060300629053
8.879,stage1,-0.0017526843706612884,0.00010740060300629053
8.88,stage1,-0.0017503216271041316,0.00036425384798625775
8.881,stage1,-0.0017503216271041316,0.00036425384798625775
8.882,stage1,-0.0017503216271041316,0.00036425384798625775
8.883,stage1,-0.0017503216271041316,0.00036425384798625775
8.884,stage1,-0.0017503216271041316,0.00036425384798625775
8.885,stage1,-0.0017503216271041316,0.00036425384798625775
8.886,stage1,-0.0017503216271041316,0.00036425384798625775
8.887,stage1,-0.0017503216271041316,0.00036425384798625775
8.888,stage1,-0.0017503216271041316,0.00036425384798625775
8.889,stage1,-0.0017503216271041316,0.00036425384798625775
8.89,stage1,-0.001745417379530394,0.0006156907850590745
8.891,stage1,-0.001745417379530394,0.0006156907850590745
8.892,stage1,-0.001745417379530394,0.0006156907850590745
8.893,stage1,-0.001745417379530394,0.0006156907850590745
8.894,stage1,-0.001745417379530394,0.0006156907850590745
8.895,stage1,-0.001745417379530394,0.0006156907850590745
8.896,stage1,-0.001745417379530394,0.0006156907850590745
8.897,stage1,-0.001745417379530394,0.0006156907850590745
8.898,stage1,-0.001745417379530394,0.0006156907850590745
8.899,stage1,-0.001745417379530394,0.0006156907850590745
8.9,stage1,-0.001738026102080913,0.0008616497849221778
8.901,stage1,-0.001738026102080913,0.0008616497849221778
8.902,stage1,-0.001738026102080913,0.0008616497849221778
8.903,stage1,-0.001738026102080913,0.0008616497849221778
8.904,stage1,-0.001738026102080913,0.0008616497849221778
8.905,stage1,-0.001738026102080913,0.0008616497849221778
8.906,stage1,-0.001738026102080913,0.0008616497849221778
8.907,stage1,-0.001738026102080913,0.0008616497849221778
8.908,stage1,-0.001738026102080913,0.0008616497849221778
8.909,stage1,-0.001738026102080913,0.0008616497849221778
8.91,stage1,-0.0017282028676822792,0.0011020727185267452
8.911,stage1,-0.0017282028676822792,0.0011020727185267452
8.912,stage1,-0.0017282028676822792,0.0011020727185267452
8.913,stage1,-0.0017282028676822792,0.0011020727185267452
8.914,stage1,-0.0017282028676822792,0.0011020727185267452
8.915,stage1,-0.0017282028676822792,0.0011020727185267452
8.916,stage1,-0.0017282028676822792,0.0011020727185267452
8.917,stage1,-0.0017282028676822792,0.0011020727185267452
8.918,stage1,-0.0017282028676822792,0.0011020727185267452
8.919,stage1,-0.0017282028676822792,0.0011020727185267452
8.92,stage1,-0.001716003313084164,0.0013369049488287858
8.921,stage1,-0.001716003313084164,0.0013369049488287858
8.922,stage1,-0.001716003313084164,0.0013369049488287858
8.923,stage1,-0.001716003313084164,0.0013369049488287858
8.924,stage1,-0.001716003313084164,0.0013369049488287858
8.925,stage1,-0.001716003313084164,0.0013369049488287858
8.926,stage1,-0.001716003313084164,0.0013369049488287858
8.927,stage1,-0.001716003313084164,0.0013369049488287858
8.928,stage1,-0.001716003313084164,0.0013369049488287858
8.929,stage1,-0.001716003313084164,0.0013369049488287858
8.93,stage1,-0.0017014836039873826,0.0015660953208944605
8.931,stage1,-0.0017014836039873826,0.0015660953208944605
8.932,stage1,-0.0017014836039873826,0.0015660953208944605
8.933,stage1,-0.0017014836039873826,0.0015660953208944605
8.934,stage1,-0.0017014836039873826,0.0015660953208944605
8.935,stage1,-0.0017014836039873826,0.0015660953208944605
8.936,stage1,-0.0017014836039873826,0.0015660953208944605
8.937,stage1,-0.0017014836039873826,0.0015660953208944605
8.938,stage1,-0.0017014836039873826,0.0015660953208944605
8.939,stage1,-0.0017014836039873826,0.0015660953208944605
8.94,stage1,-0.0016847004002790435,0.0017895961503809296
8.941,stage1,-0.0016847004002790435,0.0017895961503809296
8.942,stage1,-0.0016847004002790435,0.0017895961503809296
8.943,stage1,-0.0016847004002790435,0.0017895961503809296
8.944,stage1,-0.0016847004002790435,0.0017895961503809296
8.945,stage1,-0.0016847004002790435,0.0017895961503809296
8.946,stage1,-0.0016847004002790435,0.0017895961503809296
8.947,stage1,-0.0016847004002790435,0.0017895961503809296
8.948,stage1,-0.0016847004002790435,0.0017895961503809296
8.949,stage1,-0.0016847004002790435,0.0017895961503809296
8.95,stage1,-0.0016657108213909214,0.002007363210414624
8.951,stage1,-0.0016657108213909214,0.002007363210414624
8.952,stage1,-0.0016657108213909214,0.002007363210414624
8.953,stage1,-0.0016657108213909214,0.002007363210414624
8.954,stage1,-0.0016657108213909214,0.002007363210414624
8.955,stage1,-0.0016657108213909214,0.002007363210414624
8.956,stage1,-0.0016657108213909214,0.002007363210414624
8.957,stage1,-0.0016657108213909214,0.002007363210414624
8.958,stage1,-0.0016657108213909214,0.002007363210414624
8.959,stage1,-0.0016657108213909214,0.002007363210414624
8.96,stage1,-0.0016445724117969665,0.0022193557168894156
8.961,stage1,-0.0016445724117969665,0.0022193557168894156
8.962,stage1,-0.0016445724117969665,0.0022193557168894156
8.963,stage1,-0.0016445724117969665,0.0022193557168894156
8.964,stage1,-0.0016445724117969665,0.0022193557168894156
8.965,stage1,-0.0016445724117969665,0.0022193557168894156
8.966,stage1,-0.0016445724117969665,0.0022193557168894156
8.967,stage1,-0.0016445724117969665,0.0022193557168894156
8.968,stage1,-0.0016445724117969665,0.0022193557168894156
8.969,stage1,-0.0016445724117969665,0.0022193557168894156
8.97,stage1,-0.0016213431066656372,0.0024255363122077196
8.971,stage1,-0.0016213431066656372,0.0024255363122077196
8.972,stage1,-0.0016213431066656372,0.0024255363122077196
8.973,stage1,-0.0016213431066656372,0.0024255363122077196
8.974,stage1,-0.0016213431066656372,0.0024255363122077196
8.975,stage1,-0.0016213431066656372,0.0024255363122077196
8.976,stage1,-0.0016213431066656372,0.0024255363122077196
8.977,stage1,-0.0016213431066656372,0.0024255363122077196
8.978,stage1,-0.0016213431066656372,0.0024255363122077196
8.979,stage1,-0.0016213431066656372,0.0024255363122077196
8.98,stage1,-0.0015960811976825082,0.0026258710474881142
8.981,stage1,-0.0015960811976825082,0.0026258710474881142
8.982,stage1,-0.0015960811976825082,0.0026258710474881142
8.983,stage1,-0.0015960811976825082,0.0026258710474881142
8.984,stage1,-0.0015960811976825082,0.0026258710474881142
8.985,stage1,-0.0015960811976825082,0.0026258710474881142
8.986,stage1,-0.0015960811976825082,0.0026258710474881142
8.987,stage1,-0.0015960811976825082,0.0026258710474881142
8.988,stage1,-0.0015960811976825082,0.0026258710474881142
8.989,stage1,-0.0015960811976825082,0.0026258710474881142
8.99,stage1,-0.00156884529905837,0.0028203293632635853
8.991,stage1,-0.00156884529905837,0.0028203293632635853
8.992,stage1,-0.00156884529905837,0.0028203293632635853
8.993,stage1,-0.00156884529905837,0.0028203293632635853
8.994,stage1,-0.00156884529905837,0.0028203293632635853
8.995,stage1,-0.00156884529905837,0.0028203293632635853
8.996,stage1,-0.00156884529905837,0.0028203293632635853
8.997,stage1,-0.00156884529905837,0.0028203293632635853
8.998,stage1,-0.00156884529905837,0.0028203293632635853
8.999,stage1,-0.00156884529905837,0.0028203293632635853
9.0,stage1,-0.0015396943137377906,0.003008884068695015
9.001,stage1,-0.0015396943137377906,0.003008884068695015
9.002,stage1,-0.0015396943137377906,0.003008884068695015
9.003,stage1,-0.0015396943137377906,0.003008884068695015
9.004,stage1,-0.0015396943137377906,0.003008884068695015
9.005,stage1,-0.0015396943137377906,0.003008884068695015
9.006,stage1,-0.0015396943137377906,0.003008884068695015
9.007,stage1,-0.0015396943137377906,0.003008884068695015
9.008,stage1,-0.0015396943137377906,0.003008884068695015
9.009,stage1,-0.0015396943137377906,0.003008884068695015
9.01,stage1,-0.0015086873998228607,0.0031915113193250293
9.011,stage1,-0.0015086873998228607,0.0031915113193250293
9.012,stage1,-0.0015086873998228607,0.0031915113193250293
9.013,stage1,-0.0015086873998228607,0.0031915113193250293
9.014,stage1,-0.0015086873998228607,0.0031915113193250293
9.015,stage1,-0.0015086873998228607,0.0031915113193250293
9.016,stage1,-0.0015086873998228607,0.0031915113193250293
9.017,stage1,-0.0015086873998228607,0.0031915113193250293
9.018,stage1,-0.0015086873998228607,0.0031915113193250293
9.019,stage1,-0.0015086873998228607,0.0031915113193250293
9.02,stage1,-0.001475883937226593,0.003368190593397797
9.021,stage1,-0.001475883937226593,0.003368190593397797
9.022,stage1,-0.001475883937226593,0.003368190593397797
9.023,stage1,-0.001475883937226593,0.003368190593397797
9.024,stage1,-0.001475883937226593,0.003368190593397797
9.025,stage1,-0.001475883937226593,0.003368190593397797
9.026,stage1,-0.001475883937226593,0.003368190593397797
9.027,stage1,-0.001475883937226593,0.003368190593397797
9.028,stage1,-0.001475883937226593,0.003368190593397797
9.029,stage1,-0.001475883937226593,0.003368190593397797
9.03,stage1,-0.0014413434945701855,0.003538904666770821
9.031,stage1,-0.0014413434945701855,0.003538904666770821
9.032,stage1,-0.0014413434945701855,0.003538904666770821
9.033,stage1,-0.0014413434945701855,0.003538904666770821
9.034,stage1,-0.0014413434945701855,0.003538904666770821
9.035,stage1,-0.0014413434945701855,0.003538904666770821
9.036,stage1,-0.0014413434945701855,0.003538904666770821
9.037,stage1,-0.0014413434945701855,0.003538904666770821
9.038,stage1,-0.0014413434945701855,0.003538904666770821
9.039,stage1,-0.0014413434945701855,0.003538904666770821
9.04,stage1,-0.0014051257963380948,0.0037036395864452213
9.041,stage1,-0.0014051257963380948,0.0037036395864452213
9.042,stage1,-0.0014051257963380948,0.0037036395864452213
9.043,stage1,-0.0014051257963380948,0.0037036395864452213
9.044,stage1,-0.0014051257963380948,0.0037036395864452213
9.045,stage1,-0.0014051257963380948,0.0037036395864452213
9.046,stage1,-0.0014051257963380948,0.0037036395864452213
9.047,stage1,-0.0014051257963380948,0.0037036395864452213
9.048,stage1,-0.0014051257963380948,0.0037036395864452213
9.049,stage1,-0.0014051257963380948,0.0037036395864452213
9.05,stage1,-0.0013672906903046044,0.003862384642741417
9.051,stage1,-0.0013672906903046044,0.003862384642741417
9.052,stage1,-0.0013672906903046044,0.003862384642741417
9.053,stage1,-0.0013672906903046044,0.003862384642741417
9.054,stage1,-0.0013672906903046044,0.003862384642741417
9.055,stage1,-0.0013672906903046044,0.003862384642741417
9.056,stage1,-0.0013672906903046044,0.003862384642741417
9.057,stage1,-0.0013672906903046044,0.003862384642741417
9.058,stage1,-0.0013672906903046044,0.003862384642741417
9.059,stage1,-0.0013672906903046044,0.003862384642741417
9.06,stage1,-0.0013278981152452945,0.0040151323401475284
9.061,stage1,-0.0013278981152452945,0.0040151323401475284
9.062,stage1,-0.0013278981152452945,0.0040151323401475284
9.063,stage1,-0.0013278981152452945,0.0040151323401475284
9.064,stage1,-0.0013278981152452945,0.0040151323401475284
9.065,stage1,-0.0013278981152452945,0.0040151323401475284
9.066,stage1,-0.0013278981152452945,0.0040151323401475284
9.067,stage1,-0.0013278981152452945,0.0040151323401475284
9.068,stage1,-0.0013278981152452945,0.0040151323401475284
9.069,stage1,-0.0013278981152452945,0.0040151323401475284
9.07,stage1,-0.001287008068946548,0.004161878366868211
9.071,stage1,-0.001287008068946548,0.004161878366868211
9.072,stage1,-0.001287008068946548,0.004161878366868211
9.073,stage1,-0.001287008068946548,0.004161878366868211
9.074,stage1,-0.001287008068946548,0.004161878366868211
9.075,stage1,-0.001287008068946548,0.004161878366868211
9.076,stage1,-0.001287008068946548,0.004161878366868211
9.077,stage1,-0.001287008068946548,0.004161878366868211
9.078,stage1,-0.001287008068946548,0.004161878366868211
9.079,stage1,-0.001287008068946548,0.004161878366868211
9.08,stage1,-0.0012446805765259502,0.004302621563101997
9.081,stage1,-0.0012446805765259502,0.004302621563101997
9.082,stage1,-0.0012446805765259502,0.004302621563101997
9.083,stage1,-0.0012446805765259502,0.004302621563101997
9.084,stage1,-0.0012446805765259502,0.004302621563101997
9.085,stage1,-0.0012446805765259502,0.004302621563101997
9.086,stage1,-0.0012446805765259502,0.004302621563101997
9.087,stage1,-0.0012446805765259502,0.004302621563101997
9.088,stage1,-0.0012446805765259502,0.004302621563101997
9.089,stage1,-0.0012446805765259502,0.004302621563101997
9.09,stage1,-0.0012009756590761539,0.0044373638880755755
9.091,stage1,-0.0012009756590761539,0.0044373638880755755
9.092,stage1,-0.0012009756590761539,0.0044373638880755755
9.093,stage1,-0.0012009756590761539,0.0044373638880755755
9.094,stage1,-0.0012009756590761539,0.0044373638880755755
9.095,stage1,-0.0012009756590761539,0.0044373638880755755
9.096,stage1,-0.0012009756590761539,0.0044373638880755755
9.097,stage1,-0.0012009756590761539,0.0044373638880755755
9.098,stage1,-0.0012009756590761539,0.0044373638880755755
9.099,stage1,-0.0012009756590761539,0.0044373638880755755
9.1,stage1,-0.0011559533026444966,0.004566110385863793
9.101,stage1,-0.0011559533026444966,0.004566110385863793
9.102,stage1,-0.0011559533026444966,0.004566110385863793
9.103,stage1,-0.0011559533026444966,0.004566110385863793
9.104,stage1,-0.0011559533026444966,0.004566110385863793
9.105,stage1,-0.0011559533026444966,0.004566110385863793
9.106,stage1,-0.0011559533026444966,0.004566110385863793
9.107,stage1,-0.0011559533026444966,0.004566110385863793
9.108,stage1,-0.0011559533026444966,0.004566110385863793
9.109,stage1,-0.0011559533026444966,0.004566110385863793
9.11,stage1,-0.0011096734275603689,0.0046888691500244425
9.111,stage1,-0.0011096734275603689,0.0046888691500244425
9.112,stage1,-0.0011096734275603689,0.0046888691500244425
9.113,stage1,-0.0011096734275603689,0.0046888691500244425
9.114,stage1,-0.0011096734275603689,0.0046888691500244425
9.115,stage1,-0.0011096734275603689,0.0046888691500244425
9.116,stage1,-0.0011096734275603689,0.0046888691500244425
9.117,stage1,-0.0011096734275603689,0.0046888691500244425
9.118,stage1,-0.0011096734275603689,0.0046888691500244425
9.119,stage1,-0.0011096734275603689,0.0046888691500244425
9.12,stage1,-0.0010621958581220373,0.0048056512870772415
9.121,stage1,-0.0010621958581220373,0.0048056512870772415
9.122,stage1,-0.0010621958581220373,0.0048056512870772415
9.123,stage1,-0.0010621958581220373,0.0048056512870772415
9.124,stage1,-0.0010621958581220373,0.0048056512870772415
9.125,stage1,-0.0010621958581220373,0.0048056512870772415
9.126,stage1,-0.0010621958581220373,0.0048056512870772415
9.127,stage1,-0.0010621958581220373,0.0048056512870772415
9.128,stage1,-0.0010621958581220373,0.0048056512870772415
9.129,stage1,-0.0010621958581220373,0.0048056512870772415
9.13,stage1,-0.0010135802926543348,0.0049164708788566715
9.131,stage1,-0.0010135802926543348,0.0049164708788566715
9.132,stage1,-0.0010135802926543348,0.0049164708788566715
9.133,stage1,-0.0010135802926543348,0.0049164708788566715
9.134,stage1,-0.0010135802926543348,0.0049164708788566715
9.135,stage1,-0.0010135802926543348,0.0049164708788566715
9.136,stage1,-0.0010135802926543348,0.0049164708788566715
9.137,stage1,-0.0010135802926543348,0.0049164708788566715
9.138,stage1,-0.0010135802926543348,0.0049164708788566715
9.139,stage1,-0.0010135802926543348,0.0049164708788566715
9.14,stage1,-0.0009638862739483263,0.005021344943768603
9.141,stage1,-0.0009638862739483263,0.005021344943768603
9.142,stage1,-0.0009638862739483263,0.005021344943768603
9.143,stage1,-0.0009638862739483263,0.005021344943768603
9.144,stage1,-0.0009638862739483263,0.005021344943768603
9.145,stage1,-0.0009638862739483263,0.005021344943768603
9.146,stage1,-0.0009638862739483263,0.005021344943768603
9.147,stage1,-0.0009638862739483263,0.005021344943768603
9.148,stage1,-0.0009638862739483263,0.005021344943768603
9.149,stage1,-0.0009638862739483263,0.005021344943768603
9.15,stage1,-0.0009131731600937659,0.005120293396980902
9.151,stage1,-0.0009131731600937659,0.005120293396980902
9.152,stage1,-0.0009131731600937659,0.005120293396980902
9.153,stage1,-0.0009131731600937659,0.005120293396980902
9.154,stage1,-0.0009131731600937659,0.005120293396980902
9.155,stage1,-0.0009131731600937659,0.005120293396980902
9.156,stage1,-0.0009131731600937659,0.005120293396980902
9.157,stage1,-0.0009131731600937659,0.005120293396980902
9.158,stage1,-0.0009131731600937659,0.005120293396980902
9.159,stage1,-0.0009131731600937659,0.005120293396980902
9.16,stage1,-0.0008615000957148493,0.005213339009578428
9.161,stage1,-0.0008615000957148493,0.005213339009578428
9.162,stage1,-0.0008615000957148493,0.005213339009578428
9.163,stage1,-0.0008615000957148493,0.005213339009578428
9.164,stage1,-0.0008615000957148493,0.005213339009578428
9.165,stage1,-0.0008615000957148493,0.005213339009578428
9.166,stage1,-0.0008615000957148493,0.005213339009578428
9.167,stage1,-0.0008615000957148493,0.005213339009578428
9.168,stage1,-0.0008615000957148493,0.005213339009578428
9.169,stage1,-0.0008615000957148493,0.005213339009578428
9.17,stage1,-0.0008089259836194683,0.005300507366713056
9.171,stage1,-0.0008089259836194683,0.005300507366713056
9.172,stage1,-0.0008089259836194683,0.005300507366713056
9.173,stage1,-0.0008089259836194683,0.005300507366713056
9.174,stage1,-0.0008089259836194683,0.005300507366713056
9.175,stage1,-0.0008089259836194683,0.005300507366713056
9.176,stage1,-0.0008089259836194683,0.005300507366713056
9.177,stage1,-0.0008089259836194683,0.005300507366713056
9.178,stage1,-0.0008089259836194683,0.005300507366713056
9.179,stage1,-0.0008089259836194683,0.005300507366713056
9.18,stage1,-0.00075550945687186,0.005381826824779532
9.181,stage1,-0.00075550945687186,0.005381826824779532
9.182,stage1,-0.00075550945687186,0.005381826824779532
9.183,stage1,-0.00075550945687186,0.005381826824779532
9.184,stage1,-0.00075550945687186,0.005381826824779532
9.185,stage1,-0.00075550945687186,0.005381826824779532
9.186,stage1,-0.00075550945687186,0.005381826824779532
9.187,stage1,-0.00075550945687186,0.005381826824779532
9.188,stage1,-0.00075550945687186,0.005381826824779532
9.189,stage1,-0.00075550945687186,0.005381826824779532
9.19,stage1,-0.0007013088512982409,0.005457328467648189
9.191,stage1,-0.0007013088512982409,0.005457328467648189
9.192,stage1,-0.0007013088512982409,0.005457328467648189
9.193,stage1,-0.0007013088512982409,0.005457328467648189
9.194,stage1,-0.0007013088512982409,0.005457328467648189
9.195,stage1,-0.0007013088512982409,0.005457328467648189
9.196,stage1,-0.0007013088512982409,0.005457328467648189
9.197,stage1,-0.0007013088512982409,0.005457328467648189
9.198,stage1,-0.0007013088512982409,0.005457328467648189
9.199,stage1,-0.0007013088512982409,0.005457328467648189
9.2,stage1,-0.0006463821784346978,0.005527046061985664
9.201,stage1,-0.0006463821784346978,0.005527046061985664
9.202,stage1,-0.0006463821784346978,0.005527046061985664
9.203,stage1,-0.0006463821784346978,0.005527046061985664
9.204,stage1,-0.0006463821784346978,0.005527046061985664
9.205,stage1,-0.0006463821784346978,0.005527046061985664
9.206,stage1,-0.0006463821784346978,0.005527046061985664
9.207,stage1,-0.0006463821784346978,0.005527046061985664
9.208,stage1,-0.0006463821784346978,0.005527046061985664
9.209,stage1,-0.0006463821784346978,0.005527046061985664
9.21,stage1,-0.0005907870989263026,0.005591016011694937
9.211,stage1,-0.0005907870989263026,0.005591016011694937
9.212,stage1,-0.0005907870989263026,0.005591016011694937
9.213,stage1,-0.0005907870989263026,0.005591016011694937
9.214,stage1,-0.0005907870989263026,0.005591016011694937
9.215,stage1,-0.0005907870989263026,0.005591016011694937
9.216,stage1,-0.0005907870989263026,0.005591016011694937
9.217,stage1,-0.0005907870989263026,0.005591016011694937
9.218,stage1,-0.0005907870989263026,0.005591016011694937
9.219,stage1,-0.0005907870989263026,0.005591016011694937
9.22,stage1,-0.0005345808963860982,0.005649277311506129
9.221,stage1,-0.0005345808963860982,0.005649277311506129
9.222,stage1,-0.0005345808963860982,0.005649277311506129
9.223,stage1,-0.0005345808963860982,0.005649277311506129
9.224,stage1,-0.0005345808963860982,0.005649277311506129
9.225,stage1,-0.0005345808963860982,0.005649277311506129
9.226,stage1,-0.0005345808963860982,0.005649277311506129
9.227,stage1,-0.0005345808963860982,0.005649277311506129
9.228,stage1,-0.0005345808963860982,0.005649277311506129
9.229,stage1,-0.0005345808963860982,0.005649277311506129
9.23,stage1,-0.00047782045172229114,0.005701871499749594
9.231,stage1,-0.00047782045172229114,0.005701871499749594
9.232,stage1,-0.00047782045172229114,0.005701871499749594
9.233,stage1,-0.00047782045172229114,0.005701871499749594
9.234,stage1,-0.00047782045172229114,0.005701871499749594
9.235,stage1,-0.00047782045172229114,0.005701871499749594
9.236,stage1,-0.00047782045172229114,0.005701871499749594
9.237,stage1,-0.00047782045172229114,0.005701871499749594
9.238,stage1,-0.00047782045172229114,0.005701871499749594
9.239,stage1,-0.00047782045172229114,0.005701871499749594
9.24,stage1,-0.0004205622179416711,0.005748842610342957
9.241,stage1,-0.0004205622179416711,0.005748842610342957
9.242,stage1,-0.0004205622179416711,0.005748842610342957
9.243,stage1,-0.0004205622179416711,0.005748842610342957
9.244,stage1,-0.0004205622179416711,0.005748842610342957
9.245,stage1,-0.0004205622179416711,0.005748842610342957
9.246,stage1,-0.0004205622179416711,0.005748842610342957
9.247,stage1,-0.0004205622179416711,0.005748842610342957
9.248,stage1,-0.0004205622179416711,0.005748842610342957
9.249,stage1,-0.0004205622179416711,0.005748842610342957
9.25,stage1,-0.00036286219543695653,0.005790237124023811
9.251,stage1,-0.00036286219543695653,0.005790237124023811
9.252,stage1,-0.00036286219543695653,0.005790237124023811
9.253,stage1,-0.00036286219543695653,0.005790237124023811
9.254,stage1,-0.00036286219543695653,0.005790237124023811
9.255,stage1,-0.00036286219543695653,0.005790237124023811
9.256,stage1,-0.00036286219543695653,0.005790237124023811
9.257,stage1,-0.00036286219543695653,0.005790237124023811
9.258,stage1,-0.00036286219543695653,0.005790237124023811
9.259,stage1,-0.00036286219543695653,0.005790237124023811
9.26,stage1,-0.0003047759077654538,0.005826103918859846
9.261,stage1,-0.0003047759077654538,0.005826103918859846
9.262,stage1,-0.0003047759077654538,0.005826103918859846
9.263,stage1,-0.0003047759077654538,0.005826103918859846
9.264,stage1,-0.0003047759077654538,0.005826103918859846
9.265,stage1,-0.0003047759077654538,0.005826103918859846
9.266,stage1,-0.0003047759077654538,0.005826103918859846
9.267,stage1,-0.0003047759077654538,0.005826103918859846
9.268,stage1,-0.0003047759077654538,0.005826103918859846
9.269,stage1,-0.0003047759077654538,0.005826103918859846
9.27,stage1,-0.0002463583779260946,0.005856494220068237
9.271,stage1,-0.0002463583779260946,0.005856494220068237
9.272,stage1,-0.0002463583779260946,0.005856494220068237
9.273,stage1,-0.0002463583779260946,0.005856494220068237
9.274,stage1,-0.0002463583779260946,0.005856494220068237
9.275,stage1,-0.0002463583779260946,0.005856494220068237
9.276,stage1,-0.0002463583779260946,0.005856494220068237
9.277,stage1,-0.0002463583779260946,0.005856494220068237
9.278,stage1,-0.0002463583779260946,0.005856494220068237
9.279,stage1,-0.0002463583779260946,0.005856494220068237
9.28,stage1,-0.0001876641051416007,0.005881461549176142
9.281,stage1,-0.0001876641051416007,0.005881461549176142
9.282,stage1,-0.0001876641051416007,0.005881461549176142
9.283,stage1,-0.0001876641051416007,0.005881461549176142
9.284,stage1,-0.0001876641051416007,0.005881461549176142
9.285,stage1,-0.0001876641051416007,0.005881461549176142
9.286,stage1,-0.0001876641051416007,0.005881461549176142
9.287,stage1,-0.0001876641051416007,0.005881461549176142
9.288,stage1,-0.0001876641051416007,0.005881461549176142
9.289,stage1,-0.0001876641051416007,0.005881461549176142
9.29,stage1,-0.00012874704215220522,0.005901061672554166
9.291,stage1,-0.00012874704215220522,0.005901061672554166
9.292,stage1,-0.00012874704215220522,0.005901061672554166
9.293,stage1,-0.00012874704215220522,0.005901061672554166
9.294,stage1,-0.00012874704215220522,0.005901061672554166
9.295,stage1,-0.00012874704215220522,0.005901061672554166
9.296,stage1,-0.00012874704215220522,0.005901061672554166
9.297,stage1,-0.00012874704215220522,0.005901061672554166
9.298,stage1,-0.00012874704215220522,0.005901061672554166
9.299,stage1,-0.00012874704215220522,0.005901061672554166
9.3,stage1,-6.966057302704185e-05,0.00591535254935465
9.301,stage1,-6.966057302704185e-05,0.00591535254935465
9.302,stage1,-6.966057302704185e-05,0.00591535254935465
9.303,stage1,-6.966057302704185e-05,0.00591535254935465
9.304,stage1,-6.966057302704185e-05,0.00591535254935465
9.305,stage1,-6.966057302704185e-05,0.00591535254935465
9.306,stage1,-6.966057302704185e-05,0.00591535254935465
9.307,stage1,-6.966057302704185e-05,0.00591535254935465
9.308,stage1,-6.966057302704185e-05,0.00591535254935465
9.309,stage1,-6.966057302704185e-05,0.00591535254935465
9.31,stage1,-1.0457491498994138e-05,0.0059243942788866286
9.311,stage1,-1.0457491498994138e-05,0.0059243942788866286
9.312,stage1,-1.0457491498994138e-05,0.0059243942788866286
9.313,stage1,-1.0457491498994138e-05,0.0059243942788866286
9.314,stage1,-1.0457491498994138e-05,0.0059243942788866286
9.315,stage1,-1.0457491498994138e-05,0.0059243942788866286
9.316,stage1,-1.0457491498994138e-05,0.0059243942788866286
9.317,stage1,-1.0457491498994138e-05,0.0059243942788866286
9.318,stage1,-1.0457491498994138e-05,0.0059243942788866286
9.319,stage1,-1.0457491498994138e-05,0.0059243942788866286
9.32,stage1,4.881002017152064e-05,0.0059282490474592475
9.321,stage1,4.881002017152064e-05,0.0059282490474592475
9.322,stage1,4.881002017152064e-05,0.0059282490474592475
9.323,stage1,4.881002017152064e-05,0.0059282490474592475
9.324,stage1,4.881002017152064e-05,0.0059282490474592475
9.325,stage1,4.881002017152064e-05,0.0059282490474592475
9.326,stage1,4.881002017152064e-05,0.0059282490474592475
9.327,stage1,4.881002017152064e-05,0.0059282490474592475
9.328,stage1,4.881002017152064e-05,0.0059282490474592475
9.329,stage1,4.881002017152064e-05,0.0059282490474592475
9.33,stage1,0.00010809041179867646,0.0059269810747254
9.331,stage1,0.00010809041179867646,0.0059269810747254
9.332,stage1,0.00010809041179867646,0.0059269810747254
9.333,stage1,0.00010809041179867646,0.0059269810747254
9.334,stage1,0.00010809041179867646,0.0059269810747254
9.335,stage1,0.00010809041179867646,0.0059269810747254
9.336,stage1,0.00010809041179867646,0.0059269810747254
9.337,stage1,0.00010809041179867646,0.0059269810747254
9.338,stage1,0.00010809041179867646,0.0059269810747254
9.339,stage1,0.00010809041179867646,0.0059269810747254
9.34,stage1,0.00016733278533443305,0.005920656559557264
9.341,stage1,0.00016733278533443305,0.005920656559557264
9.342,stage1,0.00016733278533443305,0.005920656559557264
9.343,stage1,0.00016733278533443305,0.005920656559557264
9.344,stage1,0.00016733278533443305,0.005920656559557264
9.345,stage1,0.00016733278533443305,0.005920656559557264
9.346,stage1,0.00016733278533443305,0.005920656559557264
9.347,stage1,0.00016733278533443305,0.005920656559557264
9.348,stage1,0.00016733278533443305,0.005920656559557264
9.349,stage1,0.00016733278533443305,0.005920656559557264
9.35,stage1,0.0002264869143882771,0.005909343625485343
9.351,stage1,0.0002264869143882771,0.005909343625485343
9.352,stage1,0.0002264869143882771,0.005909343625485343
9.353,stage1,0.0002264869143882771,0.005909343625485343
9.354,stage1,0.0002264869143882771,0.005909343625485343
9.355,stage1,0.0002264869143882771,0.005909343625485343
9.356,stage1,0.0002264869143882771,0.005909343625485343
9.357,stage1,0.0002264869143882771,0.005909343625485343
9.358,stage1,0.0002264869143882771,0.005909343625485343
9.359,stage1,0.0002264869143882771,0.005909343625485343
9.36,stage1,0.0002855032631993026,0.0058931122657325165
9.361,stage1,0.0002855032631993026,0.0058931122657325165
9.362,stage1,0.0002855032631993026,0.0058931122657325165
9.363,stage1,0.0002855032631993026,0.0058931122657325165
9.364,stage1,0.0002855032631993026,0.0058931122657325165
9.365,stage1,0.0002855032631993026,0.0058931122657325165
9.366,stage1,0.0002855032631993026,0.0058931122657325165
9.367,stage1,0.0002855032631993026,0.0058931122657325165
9.368,stage1,0.0002855032631993026,0.0058931122657325165
9.369,stage1,0.0002855032631993026,0.0058931122657325165
9.37,stage1,0.0003443330050567379,0.005872034287874498
9.371,stage1,0.0003443330050567379,0.005872034287874498
9.372,stage1,0.0003443330050567379,0.005872034287874498
9.373,stage1,0.0003443330050567379,0.005872034287874498
9.374,stage1,0.0003443330050567379,0.005872034287874498
9.375,stage1,0.0003443330050567379,0.005872034287874498
9.376,stage1,0.0003443330050567379,0.005872034287874498
9.377,stage1,0.0003443330050567379,0.005872034287874498
9.378,stage1,0.0003443330050567379,0.005872034287874498
9.379,stage1,0.0003443330050567379,0.005872034287874498
9.38,stage1,0.00040292804016533936,0.0058461832581579685
9.381,stage1,0.00040292804016533936,0.0058461832581579685
9.382,stage1,0.00040292804016533936,0.0058461832581579685
9.383,stage1,0.00040292804016533936,0.0058461832581579685
9.384,stage1,0.00040292804016533936,0.0058461832581579685
9.385,stage1,0.00040292804016533936,0.0058461832581579685
9.386,stage1,0.00040292804016533936,0.0058461832581579685
9.387,stage1,0.00040292804016533936,0.0058461832581579685
9.388,stage1,0.00040292804016533936,0.0058461832581579685
9.389,stage1,0.00040292804016533936,0.0058461832581579685
9.39,stage1,0.00046124101295238513,0.005815634445507522
9.391,stage1,0.00046124101295238513,0.005815634445507522
9.392,stage1,0.00046124101295238513,0.005815634445507522
9.393,stage1,0.00046124101295238513,0.005815634445507522
9.394,stage1,0.00046124101295238513,0.005815634445507522
9.395,stage1,0.00046124101295238513,0.005815634445507522
9.396,stage1,0.00046124101295238513,0.005815634445507522
9.397,stage1,0.00046124101295238513,0.005815634445507522
9.398,stage1,0.00046124101295238513,0.005815634445507522
9.399,stage1,0.00046124101295238513,0.005815634445507522
9.4,stage1,0.000519225328813311,0.005780464765252383
9.401,stage1,0.000519225328813311,0.005780464765252383
9.402,stage1,0.000519225328813311,0.005780464765252383
9.403,stage1,0.000519225328813311,0.005780464765252383
9.404,stage1,0.000519225328813311,0.005780464765252383
9.405,stage1,0.000519225328813311,0.005780464765252383
9.406,stage1,0.000519225328813311,0.005780464765252383
9.407,stage1,0.000519225328813311,0.005780464765252383
9.408,stage1,0.000519225328813311,0.005780464765252383
9.409,stage1,0.000519225328813311,0.005780464765252383
9.41,stage1,0.000576835170293341,0.005740752722603734
9.411,stage1,0.000576835170293341,0.005740752722603734
9.412,stage1,0.000576835170293341,0.005740752722603734
9.413,stage1,0.000576835170293341,0.005740752722603734
9.414,stage1,0.000576835170293341,0.005740752722603734
9.415,stage1,0.000576835170293341,0.005740752722603734
9.416,stage1,0.000576835170293341,0.005740752722603734
9.417,stage1,0.000576835170293341,0.005740752722603734
9.418,stage1,0.000576835170293341,0.005740752722603734
9.419,stage1,0.000576835170293341,0.005740752722603734
9.42,stage1,0.0006340255127027722,0.005696578355913245
9.421,stage1,0.0006340255127027722,0.005696578355913245
9.422,stage1,0.0006340255127027722,0.005696578355913245
9.423,stage1,0.0006340255127027722,0.005696578355913245
9.424,stage1,0.0006340255127027722,0.005696578355913245
9.425,stage1,0.0006340255127027722,0.005696578355913245
9.426,stage1,0.0006340255127027722,0.005696578355913245
9.427,stage1,0.0006340255127027722,0.005696578355913245
9.428,stage1,0.0006340255127027722,0.005696578355913245
9.429,stage1,0.0006340255127027722,0.005696578355913245
9.43,stage1,0.0006907521391638777,0.005648023179743267
9.431,stage1,0.0006907521391638777,0.005648023179743267
9.432,stage1,0.0006907521391638777,0.005648023179743267
9.433,stage1,0.0006907521391638777,0.005648023179743267
9.434,stage1,0.0006907521391638777,0.005648023179743267
9.435,stage1,0.0006907521391638777,0.005648023179743267
9.436,stage1,0.0006907521391638777,0.005648023179743267
9.437,stage1,0.0006907521391638777,0.005648023179743267
9.438,stage1,0.0006907521391638777,0.005648023179743267
9.439,stage1,0.0006907521391638777,0.005648023179743267
9.44,stage1,0.0007469716550876952,0.005595170127778898
9.441,stage1,0.0007469716550876952,0.005595170127778898
9.442,stage1,0.0007469716550876952,0.005595170127778898
9.443,stage1,0.0007469716550876952,0.005595170127778898
9.444,stage1,0.0007469716550876952,0.005595170127778898
9.445,stage1,0.0007469716550876952,0.005595170127778898
9.446,stage1,0.0007469716550876952,0.005595170127778898
9.447,stage1,0.0007469716550876952,0.005595170127778898
9.448,stage1,0.0007469716550876952,0.005595170127778898
9.449,stage1,0.0007469716550876952,0.005595170127778898
9.45,stage1,0.0008026415020792722,0.005538103495611924
9.451,stage1,0.0008026415020792722,0.005538103495611924
9.452,stage1,0.0008026415020792722,0.005538103495611924
9.453,stage1,0.0008026415020792722,0.005538103495611924
9.454,stage1,0.0008026415020792722,0.005538103495611924
9.455,stage1,0.0008026415020792722,0.005538103495611924
9.456,stage1,0.0008026415020792722,0.005538103495611924
9.457,stage1,0.0008026415020792722,0.005538103495611924
9.458,stage1,0.0008026415020792722,0.005538103495611924
9.459,stage1,0.0008026415020792722,0.005538103495611924
9.46,stage1,0.0008577199712702328,0.00547690888342642
9.461,stage1,0.0008577199712702328,0.00547690888342642
9.462,stage1,0.0008577199712702328,0.00547690888342642
9.463,stage1,0.0008577199712702328,0.00547690888342642
9.464,stage1,0.0008577199712702328,0.00547690888342642
9.465,stage1,0.0008577199712702328,0.00547690888342642
9.466,stage1,0.0008577199712702328,0.00547690888342642
9.467,stage1,0.0008577199712702328,0.00547690888342642
9.468,stage1,0.0008577199712702328,0.00547690888342642
9.469,stage1,0.0008577199712702328,0.00547690888342642
9.47,stage1,0.0009121662160778324,0.00541167313861551
9.471,stage1,0.0009121662160778324,0.00541167313861551
9.472,stage1,0.0009121662160778324,0.00541167313861551
9.473,stage1,0.0009121662160778324,0.00541167313861551
9.474,stage1,0.0009121662160778324,0.00541167313861551
9.475,stage1,0.0009121662160778324,0.00541167313861551
9.476,stage1,0.0009121662160778324,0.00541167313861551
9.477,stage1,0.0009121662160778324,0.00541167313861551
9.478,stage1,0.0009121662160778324,0.00541167313861551
9.479,stage1,0.0009121662160778324,0.00541167313861551
9.48,stage1,0.0009659402643899583,0.005342484298358576
9.481,stage1,0.0009659402643899583,0.005342484298358576
9.482,stage1,0.0009659402643899583,0.005342484298358576
9.483,stage1,0.0009659402643899583,0.005342484298358576
9.484,stage1,0.0009659402643899583,0.005342484298358576
9.485,stage1,0.0009659402643899583,0.005342484298358576
9.486,stage1,0.0009659402643899583,0.005342484298358576
9.487,stage1,0.0009659402643899583,0.005342484298358576
9.488,stage1,0.0009659402643899583,0.005342484298358576
9.489,stage1,0.0009659402643899583,0.005342484298358576
9.49,stage1,0.0010190030301758244,0.005269431532187886
9.491,stage1,0.0010190030301758244,0.005269431532187886
9.492,stage1,0.0010190030301758244,0.005269431532187886
9.493,stage1,0.0010190030301758244,0.005269431532187886
9.494,stage1,0.0010190030301758244,0.005269431532187886
9.495,stage1,0.0010190030301758244,0.005269431532187886
9.496,stage1,0.0010190030301758244,0.005269431532187886
9.497,stage1,0.0010190030301758244,0.005269431532187886
9.498,stage1,0.0010190030301758244,0.005269431532187886
9.499,stage1,0.0010190030301758244,0.005269431532187886
9.5,stage1,0.0010713163245224008,0.005192605084573373
9.501,stage1,0.0010713163245224008,0.005192605084573373
9.502,stage1,0.0010713163245224008,0.005192605084573373
9.503,stage1,0.0010713163245224008,0.005192605084573373
9.504,stage1,0.0010713163245224008,0.005192605084573373
9.505,stage1,0.0010713163245224008,0.005192605084573373
9.506,stage1,0.0010713163245224008,0.005192605084573373
9.507,stage1,0.0010713163245224008,0.005192605084573373
9.508,stage1,0.0010713163245224008,0.005192605084573373
9.509,stage1,0.0010713163245224008,0.005192605084573373
9.51,stage1,0.001122842866096899,0.005112096217553969
9.511,stage1,0.001122842866096899,0.005112096217553969
9.512,stage1,0.001122842866096899,0.005112096217553969
9.513,stage1,0.001122842866096899,0.005112096217553969
9.514,stage1,0.001122842866096899,0.005112096217553969
9.515,stage1,0.001122842866096899,0.005112096217553969
9.516,stage1,0.001122842866096899,0.005112096217553969
9.517,stage1,0.001122842866096899,0.005112096217553969
9.518,stage1,0.001122842866096899,0.005112096217553969
9.519,stage1,0.001122842866096899,0.005112096217553969
9.52,stage1,0.0011735462910359208,0.0050279971534436165
9.521,stage1,0.0011735462910359208,0.0050279971534436165
9.522,stage1,0.0011735462910359208,0.0050279971534436165
9.523,stage1,0.0011735462910359208,0.0050279971534436165
9.524,stage1,0.0011735462910359208,0.0050279971534436165
9.525,stage1,0.0011735462910359208,0.0050279971534436165
9.526,stage1,0.0011735462910359208,0.0050279971534436165
9.527,stage1,0.0011735462910359208,0.0050279971534436165
9.528,stage1,0.0011735462910359208,0.0050279971534436165
9.529,stage1,0.0011735462910359208,0.0050279971534436165
9.53,stage1,0.0012233911622621572,0.004940401017639748
9.531,stage1,0.0012233911622621572,0.004940401017639748
9.532,stage1,0.0012233911622621572,0.004940401017639748
9.533,stage1,0.0012233911622621572,0.004940401017639748
9.534,stage1,0.0012233911622621572,0.004940401017639748
9.535,stage1,0.0012233911622621572,0.004940401017639748
9.536,stage1,0.0012233911622621572,0.004940401017639748
9.537,stage1,0.0012233911622621572,0.004940401017639748
9.538,stage1,0.0012233911622621572,0.004940401017639748
9.539,stage1,0.0012233911622621572,0.004940401017639748
9.54,stage1,0.0012723429782297985,0.004849401781561704
9.541,stage1,0.0012723429782297985,0.004849401781561704
9.542,stage1,0.0012723429782297985,0.004849401781561704
9.543,stage1,0.0012723429782297985,0.004849401781561704
9.544,stage1,0.0012723429782297985,0.004849401781561704
9.545,stage1,0.0012723429782297985,0.004849401781561704
9.546,stage1,0.0012723429782297985,0.004849401781561704
9.547,stage1,0.0012723429782297985,0.004849401781561704
9.548,stage1,0.0012723429782297985,0.004849401781561704
9.549,stage1,0.0012723429782297985,0.004849401781561704
9.55,stage1,0.0013203681811000923,0.004755094205746231
9.551,stage1,0.0013203681811000923,0.004755094205746231
9.552,stage1,0.0013203681811000923,0.004755094205746231
9.553,stage1,0.0013203681811000923,0.004755094205746231
9.554,stage1,0.0013203681811000923,0.004755094205746231
9.555,stage1,0.0013203681811000923,0.004755094205746231
9.556,stage1,0.0013203681811000923,0.004755094205746231
9.557,stage1,0.0013203681811000923,0.004755094205746231
9.558,stage1,0.0013203681811000923,0.004755094205746231
9.559,stage1,0.0013203681811000923,0.004755094205746231
9.56,stage1,0.0013674341643487523,0.004657573783126832
9.561,stage1,0.0013674341643487523,0.004657573783126832
9.562,stage1,0.0013674341643487523,0.004657573783126832
9.563,stage1,0.0013674341643487523,0.004657573783126832
9.564,stage1,0.0013674341643487523,0.004657573783126832
9.565,stage1,0.0013674341643487523,0.004657573783126832
9.566,stage1,0.0013674341643487523,0.004657573783126832
9.567,stage1,0.0013674341643487523,0.004657573783126832
9.568,stage1,0.0013674341643487523,0.004657573783126832
9.569,stage1,0.0013674341643487523,0.004657573783126832
9.57,stage1,0.0014135092798071912,0.00455693668252341
9.571,stage1,0.0014135092798071912,0.00455693668252341
9.572,stage1,0.0014135092798071912,0.00455693668252341
9.573,stage1,0.0014135092798071912,0.00455693668252341
9.574,stage1,0.0014135092798071912,0.00455693668252341
9.575,stage1,0.0014135092798071912,0.00455693668252341
9.576,stage1,0.0014135092798071912,0.00455693668252341
9.577,stage1,0.0014135092798071912,0.00455693668252341
9.578,stage1,0.0014135092798071912,0.00455693668252341
9.579,stage1,0.0014135092798071912,0.00455693668252341
9.58,stage1,0.0014585628441398098,0.004453279692368264
9.581,stage1,0.0014585628441398098,0.004453279692368264
9.582,stage1,0.0014585628441398098,0.004453279692368264
9.583,stage1,0.0014585628441398098,0.004453279692368264
9.584,stage1,0.0014585628441398098,0.004453279692368264
9.585,stage1,0.0014585628441398098,0.004453279692368264
9.586,stage1,0.0014585628441398098,0.004453279692368264
9.587,stage1,0.0014585628441398098,0.004453279692368264
9.588,stage1,0.0014585628441398098,0.004453279692368264
9.589,stage1,0.0014585628441398098,0.004453279692368264
9.59,stage1,0.0015025651447598356,0.004346700164694118
9.591,stage1,0.0015025651447598356,0.004346700164694118
9.592,stage1,0.0015025651447598356,0.004346700164694118
9.593,stage1,0.0015025651447598356,0.004346700164694118
9.594,stage1,0.0015025651447598356,0.004346700164694118
9.595,stage1,0.0015025651447598356,0.004346700164694118
9.596,stage1,0.0015025651447598356,0.004346700164694118
9.597,stage1,0.0015025651447598356,0.004346700164694118
9.598,stage1,0.0015025651447598356,0.004346700164694118
9.599,stage1,0.0015025651447598356,0.004346700164694118
9.6,stage1,0.0015454874451864564,0.004237295959409486
9.601,stage1,0.0015454874451864564,0.004237295959409486
9.602,stage1,0.0015454874451864564,0.004237295959409486
9.603,stage1,0.0015454874451864564,0.004237295959409486
9.604,stage1,0.0015454874451864564,0.004237295959409486
9.605,stage1,0.0015454874451864564,0.004237295959409486
9.606,stage1,0.0015454874451864564,0.004237295959409486
9.607,stage1,0.0015454874451864564,0.004237295959409486
9.608,stage1,0.0015454874451864564,0.004237295959409486
9.609,stage1,0.0015454874451864564,0.004237295959409486
9.61,stage1,0.001587301989846249,0.0041251653888862904
9.611,stage1,0.001587301989846249,0.0041251653888862904
9.612,stage1,0.001587301989846249,0.0041251653888862904
9.613,stage1,0.001587301989846249,0.0041251653888862904
9.614,stage1,0.001587301989846249,0.0041251653888862904
9.615,stage1,0.001587301989846249,0.0041251653888862904
9.616,stage1,0.001587301989846249,0.0041251653888862904
9.617,stage1,0.001587301989846249,0.0041251653888862904
9.618,stage1,0.001587301989846249,0.0041251653888862904
9.619,stage1,0.001587301989846249,0.0041251653888862904
9.62,stage1,0.0016279820083221475,0.004010407162884218
9.621,stage1,0.0016279820083221475,0.004010407162884218
9.622,stage1,0.0016279820083221475,0.004010407162884218
9.623,stage1,0.0016279820083221475,0.004010407162884218
9.624,stage1,0.0016279820083221475,0.004010407162884218
9.625,stage1,0.0016279820083221475,0.004010407162884218
9.626,stage1,0.0016279820083221475,0.004010407162884218
9.627,stage1,0.0016279820083221475,0.004010407162884218
9.628,stage1,0.0016279820083221475,0.004010407162884218
9.629,stage1,0.0016279820083221475,0.004010407162884218
9.63,stage1,0.001667501719053439,0.003893120333835928
9.631,stage1,0.001667501719053439,0.003893120333835928
9.632,stage1,0.001667501719053439,0.003893120333835928
9.633,stage1,0.001667501719053439,0.003893120333835928
9.634,stage1,0.001667501719053439,0.003893120333835928
9.635,stage1,0.001667501719053439,0.003893120333835928
9.636,stage1,0.001667501719053439,0.003893120333835928
9.637,stage1,0.001667501719053439,0.003893120333835928
9.638,stage1,0.001667501719053439,0.003893120333835928
9.639,stage1,0.001667501719053439,0.003893120333835928
9.64,stage1,0.0017058363324905152,0.003773404242516773
9.641,stage1,0.0017058363324905152,0.003773404242516773
9.642,stage1,0.0017058363324905152,0.003773404242516773
9.643,stage1,0.0017058363324905152,0.003773404242516773
9.644,stage1,0.0017058363324905152,0.003773404242516773
9.645,stage1,0.0017058363324905152,0.003773404242516773
9.646,stage1,0.0017058363324905152,0.003773404242516773
9.647,stage1,0.0017058363324905152,0.003773404242516773
9.648,stage1,0.0017058363324905152,0.003773404242516773
9.649,stage1,0.0017058363324905152,0.003773404242516773
9.65,stage1,0.00174296205370834,0.003651358464122288
9.651,stage1,0.00174296205370834,0.003651358464122288
9.652,stage1,0.00174296205370834,0.003651358464122288
9.653,stage1,0.00174296205370834,0.003651358464122288
9.654,stage1,0.00174296205370834,0.003651358464122288
9.655,stage1,0.00174296205370834,0.003651358464122288
9.656,stage1,0.00174296205370834,0.003651358464122288
9.657,stage1,0.00174296205370834,0.003651358464122288
9.658,stage1,0.00174296205370834,0.003651358464122288
9.659,stage1,0.00174296205370834,0.003651358464122288
9.66,stage1,0.0017788560844828269,0.003527082754776263
9.661,stage1,0.0017788560844828269,0.003527082754776263
9.662,stage1,0.0017788560844828269,0.003527082754776263
9.663,stage1,0.0017788560844828269,0.003527082754776263
9.664,stage1,0.0017788560844828269,0.003527082754776263
9.665,stage1,0.0017788560844828269,0.003527082754776263
9.666,stage1,0.0017788560844828269,0.003527082754776263
9.667,stage1,0.0017788560844828269,0.003527082754776263
9.668,stage1,0.0017788560844828269,0.003527082754776263
9.669,stage1,0.0017788560844828269,0.003527082754776263
9.67,stage1,0.0018134966248345417,0.0034006769984917737
9.671,stage1,0.0018134966248345417,0.0034006769984917737
9.672,stage1,0.0018134966248345417,0.0034006769984917737
9.673,stage1,0.0018134966248345417,0.0034006769984917737
9.674,stage1,0.0018134966248345417,0.0034006769984917737
9.675,stage1,0.0018134966248345417,0.0034006769984917737
9.676,stage1,0.0018134966248345417,0.0034006769984917737
9.677,stage1,0.0018134966248345417,0.0034006769984917737
9.678,stage1,0.0018134966248345417,0.0034006769984917737
9.679,stage1,0.0018134966248345417,0.0034006769984917737
9.68,stage1,0.0018468628740443748,0.003272241154607095
9.681,stage1,0.0018468628740443748,0.003272241154607095
9.682,stage1,0.0018468628740443748,0.003272241154607095
9.683,stage1,0.0018468628740443748,0.003272241154607095
9.684,stage1,0.0018468628740443748,0.003272241154607095
9.685,stage1,0.0018468628740443748,0.003272241154607095
9.686,stage1,0.0018468628740443748,0.003272241154607095
9.687,stage1,0.0018468628740443748,0.003272241154607095
9.688,stage1,0.0018468628740443748,0.003272241154607095
9.689,stage1,0.0018468628740443748,0.003272241154607095
9.69,stage1,0.0018789350311460339,0.003141875205717975
9.691,stage1,0.0018789350311460339,0.003141875205717975
9.692,stage1,0.0018789350311460339,0.003141875205717975
9.693,stage1,0.0018789350311460339,0.003141875205717975
9.694,stage1,0.0018789350311460339,0.003141875205717975
9.695,stage1,0.0018789350311460339,0.003141875205717975
9.696,stage1,0.0018789350311460339,0.003141875205717975
9.697,stage1,0.0018789350311460339,0.003141875205717975
9.698,stage1,0.0018789350311460339,0.003141875205717975
9.699,stage1,0.0018789350311460339,0.003141875205717975
9.7,stage1,0.0019096942949004307,0.00300967910612728
9.701,stage1,0.0019096942949004307,0.00300967910612728
9.702,stage1,0.0019096942949004307,0.00300967910612728
9.703,stage1,0.0019096942949004307,0.00300967910612728
9.704,stage1,0.0019096942949004307,0.00300967910612728
9.705,stage1,0.0019096942949004307,0.00300967910612728
9.706,stage1,0.0019096942949004307,0.00300967910612728
9.707,stage1,0.0019096942949004307,0.00300967910612728
9.708,stage1,0.0019096942949004307,0.00300967910612728
9.709,stage1,0.0019096942949004307,0.00300967910612728
9.71,stage1,0.0019391228632572356,0.0028757527308325617
9.711,stage1,0.0019391228632572356,0.0028757527308325617
9.712,stage1,0.0019391228632572356,0.0028757527308325617
9.713,stage1,0.0019391228632572356,0.0028757527308325617
9.714,stage1,0.0019391228632572356,0.0028757527308325617
9.715,stage1,0.0019391228632572356,0.0028757527308325617
9.716,stage1,0.0019391228632572356,0.0028757527308325617
9.717,stage1,0.0019391228632572356,0.0028757527308325617
9.718,stage1,0.0019391228632572356,0.0028757527308325617
9.719,stage1,0.0019391228632572356,0.0028757527308325617
9.72,stage1,0.0019672039323090826,0.002740195825071616
9.721,stage1,0.0019672039323090826,0.002740195825071616
9.722,stage1,0.0019672039323090826,0.002740195825071616
9.723,stage1,0.0019672039323090826,0.002740195825071616
9.724,stage1,0.0019672039323090826,0.002740195825071616
9.725,stage1,0.0019672039323090826,0.002740195825071616
9.726,stage1,0.0019672039323090826,0.002740195825071616
9.727,stage1,0.0019672039323090826,0.002740195825071616
9.728,stage1,0.0019672039323090826,0.002740195825071616
9.729,stage1,0.0019672039323090826,0.002740195825071616
9.73,stage1,0.001993921694744101,0.0026031079544456405
9.731,stage1,0.001993921694744101,0.0026031079544456405
9.732,stage1,0.001993921694744101,0.0026031079544456405
9.733,stage1,0.001993921694744101,0.0026031079544456405
9.734,stage1,0.001993921694744101,0.0026031079544456405
9.735,stage1,0.001993921694744101,0.0026031079544456405
9.736,stage1,0.001993921694744101,0.0026031079544456405
9.737,stage1,0.001993921694744101,0.0026031079544456405
9.738,stage1,0.001993921694744101,0.0026031079544456405
9.739,stage1,0.001993921694744101,0.0026031079544456405
9.74,stage1,0.002019261337802645,0.0024645884556391017
9.741,stage1,0.002019261337802645,0.0024645884556391017
9.742,stage1,0.002019261337802645,0.0024645884556391017
9.743,stage1,0.002019261337802645,0.0024645884556391017
9.744,stage1,0.002019261337802645,0.0024645884556391017
9.745,stage1,0.002019261337802645,0.0024645884556391017
9.746,stage1,0.002019261337802645,0.0024645884556391017
9.747,stage1,0.002019261337802645,0.0024645884556391017
9.748,stage1,0.002019261337802645,0.0024645884556391017
9.749,stage1,0.002019261337802645,0.0024645884556391017
9.75,stage1,0.002043209040744287,0.0023247363877549453
9.751,stage1,0.002043209040744287,0.0023247363877549453
9.752,stage1,0.002043209040744287,0.0023247363877549453
9.753,stage1,0.002043209040744287,0.0023247363877549453
9.754,stage1,0.002043209040744287,0.0023247363877549453
9.755,stage1,0.002043209040744287,0.0023247363877549453
9.756,stage1,0.002043209040744287,0.0023247363877549453
9.757,stage1,0.002043209040744287,0.0023247363877549453
9.758,stage1,0.002043209040744287,0.0023247363877549453
9.759,stage1,0.002043209040744287,0.0023247363877549453
9.76,stage1,0.0020657519718313127,0.002183650484283288
9.761,stage1,0.0020657519718313127,0.002183650484283288
9.762,stage1,0.0020657519718313127,0.002183650484283288
9.763,stage1,0.0020657519718313127,0.002183650484283288
9.764,stage1,0.0020657519718313127,0.002183650484283288
9.765,stage1,0.0020657519718313127,0.002183650484283288
9.766,stage1,0.0020657519718313127,0.002183650484283288
9.767,stage1,0.0020657519718313127,0.002183650484283288
9.768,stage1,0.0020657519718313127,0.002183650484283288
9.769,stage1,0.0020657519718313127,0.002183650484283288
9.77,stage1,0.0020868782848351437,0.0020414291057212334
9.771,stage1,0.0020868782848351437,0.0020414291057212334
9.772,stage1,0.0020868782848351437,0.0020414291057212334
9.773,stage1,0.0020868782848351437,0.0020414291057212334
9.774,stage1,0.0020868782848351437,0.0020414291057212334
9.775,stage1,0.0020868782848351437,0.0020414291057212334
9.776,stage1,0.0020868782848351437,0.0020414291057212334
9.777,stage1,0.0020868782848351437,0.0020414291057212334
9.778,stage1,0.0020868782848351437,0.0020414291057212334
9.779,stage1,0.0020868782848351437,0.0020414291057212334
9.78,stage1,0.0021065771150722877,0.0018981701928609599
9.781,stage1,0.0021065771150722877,0.0018981701928609599
9.782,stage1,0.0021065771150722877,0.0018981701928609599
9.783,stage1,0.0021065771150722877,0.0018981701928609599
9.784,stage1,0.0021065771150722877,0.0018981701928609599
9.785,stage1,0.0021065771150722877,0.0018981701928609599
9.786,stage1,0.0021065771150722877,0.0018981701928609599
9.787,stage1,0.0021065771150722877,0.0018981701928609599
9.788,stage1,0.0021065771150722877,0.0018981701928609599
9.789,stage1,0.0021065771150722877,0.0018981701928609599
9.79,stage1,0.00212483857497658,0.001753971220762719
9.791,stage1,0.00212483857497658,0.001753971220762719
9.792,stage1,0.00212483857497658,0.001753971220762719
9.793,stage1,0.00212483857497658,0.001753971220762719
9.794,stage1,0.00212483857497658,0.001753971220762719
9.795,stage1,0.00212483857497658,0.001753971220762719
9.796,stage1,0.00212483857497658,0.001753971220762719
9.797,stage1,0.00212483857497658,0.001753971220762719
9.798,stage1,0.00212483857497658,0.001753971220762719
9.799,stage1,0.00212483857497658,0.001753971220762719
9.8,stage1,0.0021416537492146438,0.0016089291534288823
9.801,stage1,0.0021416537492146438,0.0016089291534288823
9.802,stage1,0.0021416537492146438,0.0016089291534288823
9.803,stage1,0.0021416537492146438,0.0016089291534288823
9.804,stage1,0.0021416537492146438,0.0016089291534288823
9.805,stage1,0.0021416537492146438,0.0016089291534288823
9.806,stage1,0.0021416537492146438,0.0016089291534288823
9.807,stage1,0.0021416537492146438,0.0016089291534288823
9.808,stage1,0.0021416537492146438,0.0016089291534288823
9.809,stage1,0.0021416537492146438,0.0016089291534288823
9.81,stage1,0.0021570146893516683,0.0014631403991946608
9.811,stage1,0.0021570146893516683,0.0014631403991946608
9.812,stage1,0.0021570146893516683,0.0014631403991946608
9.813,stage1,0.0021570146893516683,0.0014631403991946608
9.814,stage1,0.0021570146893516683,0.0014631403991946608
9.815,stage1,0.0021570146893516683,0.0014631403991946608
9.816,stage1,0.0021570146893516683,0.0014631403991946608
9.817,stage1,0.0021570146893516683,0.0014631403991946608
9.818,stage1,0.0021570146893516683,0.0014631403991946608
9.819,stage1,0.0021570146893516683,0.0014631403991946608
9.82,stage1,0.002170914408074732,0.0013167007668506156
9.821,stage1,0.002170914408074732,0.0013167007668506156
9.822,stage1,0.002170914408074732,0.0013167007668506156
9.823,stage1,0.002170914408074732,0.0013167007668506156
9.824,stage1,0.002170914408074732,0.0013167007668506156
9.825,stage1,0.002170914408074732,0.0013167007668506156
9.826,stage1,0.002170914408074732,0.0013167007668506156
9.827,stage1,0.002170914408074732,0.0013167007668506156
9.828,stage1,0.002170914408074732,0.0013167007668506156
9.829,stage1,0.002170914408074732,0.0013167007668506156
9.83,stage1,0.002183346872981078,0.001169705422511556
9.831,stage1,0.002183346872981078,0.001169705422511556
9.832,stage1,0.002183346872981078,0.001169705422511556
9.833,stage1,0.002183346872981078,0.001169705422511556
9.834,stage1,0.002183346872981078,0.001169705422511556
9.835,stage1,0.002183346872981078,0.001169705422511556
9.836,stage1,0.002183346872981078,0.001169705422511556
9.837,stage1,0.002183346872981078,0.001169705422511556
9.838,stage1,0.002183346872981078,0.001169705422511556
9.839,stage1,0.002183346872981078,0.001169705422511556
9.84,stage1,0.002194306999938866,0.0010222488472459111
9.841,stage1,0.002194306999938866,0.0010222488472459111
9.842,stage1,0.002194306999938866,0.0010222488472459111
9.843,stage1,0.002194306999938866,0.0010222488472459111
9.844,stage1,0.002194306999938866,0.0010222488472459111
9.845,stage1,0.002194306999938866,0.0010222488472459111
9.846,stage1,0.002194306999938866,0.0010222488472459111
9.847,stage1,0.002194306999938866,0.0010222488472459111
9.848,stage1,0.002194306999938866,0.0010222488472459111
9.849,stage1,0.002194306999938866,0.0010222488472459111
9.85,stage1,0.002203790646028077,0.0008744247954791406
9.851,stage1,0.002203790646028077,0.0008744247954791406
9.852,stage1,0.002203790646028077,0.0008744247954791406
9.853,stage1,0.002203790646028077,0.0008744247954791406
9.854,stage1,0.002203790646028077,0.0008744247954791406
9.855,stage1,0.002203790646028077,0.0008744247954791406
9.856,stage1,0.002203790646028077,0.0008744247954791406
9.857,stage1,0.002203790646028077,0.0008744247954791406
9.858,stage1,0.002203790646028077,0.0008744247954791406
9.859,stage1,0.002203790646028077,0.0008744247954791406
9.86,stage1,0.002211794602069378,0.0007263262541842277
9.861,stage1,0.002211794602069378,0.0007263262541842277
9.862,stage1,0.002211794602069378,0.0007263262541842277
9.863,stage1,0.002211794602069378,0.0007263262541842277
9.864,stage1,0.002211794602069378,0.0007263262541842277
9.865,stage1,0.002211794602069378,0.0007263262541842277
9.866,stage1,0.002211794602069378,0.0007263262541842277
9.867,stage1,0.002211794602069378,0.0007263262541842277
9.868,stage1,0.002211794602069378,0.0007263262541842277
9.869,stage1,0.002211794602069378,0.0007263262541842277
9.87,stage1,0.0022183165847488775,0.0005780454028717816
9.871,stage1,0.0022183165847488775,0.0005780454028717816
9.872,stage1,0.0022183165847488775,0.0005780454028717816
9.873,stage1,0.0022183165847488775,0.0005780454028717816
9.874,stage1,0.0022183165847488775,0.0005780454028717816
9.875,stage1,0.0022183165847488775,0.0005780454028717816
9.876,stage1,0.0022183165847488775,0.0005780454028717816
9.877,stage1,0.0022183165847488775,0.0005780454028717816
9.878,stage1,0.0022183165847488775,0.0005780454028717816
9.879,stage1,0.0022183165847488775,0.0005780454028717816
9.88,stage1,0.0022233552283468343,0.0004296735743917473
9.881,stage1,0.0022233552283468343,0.0004296735743917473
9.882,stage1,0.0022233552283468343,0.0004296735743917473
9.883,stage1,0.0022233552283468343,0.0004296735743917473
9.884,stage1,0.0022233552283468343,0.0004296735743917473
9.885,stage1,0.0022233552283468343,0.0004296735743917473
9.886,stage1,0.0022233552283468343,0.0004296735743917473
9.887,stage1,0.0022233552283468343,0.0004296735743917473
9.888,stage1,0.0022233552283468343,0.0004296735743917473
9.889,stage1,0.0022233552283468343,0.0004296735743917473
9.89,stage1,0.0022269100760784837,0.00028130121655820363
9.891,stage1,0.0022269100760784837,0.00028130121655820363
9.892,stage1,0.0022269100760784837,0.00028130121655820363
9.893,stage1,0.0022269100760784837,0.00028130121655820363
9.894,stage1,0.0022269100760784837,0.00028130121655820363
9.895,stage1,0.0022269100760784837,0.00028130121655820363
9.896,stage1,0.0022269100760784837,0.00028130121655820363
9.897,stage1,0.0022269100760784837,0.00028130121655820363
9.898,stage1,0.0022269100760784837,0.00028130121655820363
9.899,stage1,0.0022269100760784837,0.00028130121655820363
9.9,stage1,0.0022289815710552783,0.00013301785460820232
9.901,stage1,0.0022289815710552783,0.00013301785460820232
9.902,stage1,0.0022289815710552783,0.00013301785460820232
9.903,stage1,0.0022289815710552783,0.00013301785460820232
9.904,stage1,0.0022289815710552783,0.00013301785460820232
9.905,stage1,0.0022289815710552783,0.00013301785460820232
9.906,stage1,0.0022289815710552783,0.00013301785460820232
9.907,stage1,0.0022289815710552783,0.00013301785460820232
9.908,stage1,0.0022289815710552783,0.00013301785460820232
9.909,stage1,0.0022289815710552783,0.00013301785460820232
9.91,stage1,0.002229571046874927,-1.508794549492118e-05
9.911,stage1,0.002229571046874927,-1.508794549492118e-05
9.912,stage1,0.002229571046874927,-1.508794549492118e-05
9.913,stage1,0.002229571046874927,-1.508794549492118e-05
9.914,stage1,0.002229571046874927,-1.508794549492118e-05
9.915,stage1,0.002229571046874927,-1.508794549492118e-05
9.916,stage1,0.002229571046874927,-1.508794549492118e-05
9.917,stage1,0.002229571046874927,-1.508794549492118e-05
9.918,stage1,0.002229571046874927,-1.508794549492118e-05
9.919,stage1,0.002229571046874927,-1.508794549492118e-05
9.92,stage1,0.0022286807178487343,-0.00016292861290385946
9.921,stage1,0.0022286807178487343,-0.00016292861290385946
9.922,stage1,0.0022286807178487343,-0.00016292861290385946
9.923,stage1,0.0022286807178487343,-0.00016292861290385946
9.924,stage1,0.0022286807178487343,-0.00016292861290385946
9.925,stage1,0.0022286807178487343,-0.00016292861290385946
9.926,stage1,0.0022286807178487343,-0.00016292861290385946
9.927,stage1,0.0022286807178487343,-0.00016292861290385946
9.928,stage1,0.0022286807178487343,-0.00016292861290385946
9.929,stage1,0.0022286807178487343,-0.00016292861290385946
9.93,stage1,0.002226313668874824,-0.0003104176068658848
9.931,stage1,0.002226313668874824,-0.0003104176068658848
9.932,stage1,0.002226313668874824,-0.0003104176068658848
9.933,stage1,0.002226313668874824,-0.0003104176068658848
9.934,stage1,0.002226313668874824,-0.0003104176068658848
9.935,stage1,0.002226313668874824,-0.0003104176068658848
9.936,stage1,0.002226313668874824,-0.0003104176068658848
9.937,stage1,0.002226313668874824,-0.0003104176068658848
9.938,stage1,0.002226313668874824,-0.0003104176068658848
9.939,stage1,0.002226313668874824,-0.0003104176068658848
9.94,stage1,0.002222473844965937,-0.00045746945082878246
9.941,stage1,0.002222473844965937,-0.00045746945082878246
9.942,stage1,0.002222473844965937,-0.00045746945082878246
9.943,stage1,0.002222473844965937,-0.00045746945082878246
9.944,stage1,0.002222473844965937,-0.00045746945082878246
9.945,stage1,0.002222473844965937,-0.00045746945082878246
9.946,stage1,0.002222473844965937,-0.00045746945082878246
9.947,stage1,0.002222473844965937,-0.00045746945082878246
9.948,stage1,0.002222473844965937,-0.00045746945082878246
9.949,stage1,0.002222473844965937,-0.00045746945082878246
9.95,stage1,0.0022171660404405654,-0.0006039997656658289
9.951,stage1,0.0022171660404405654,-0.0006039997656658289
9.952,stage1,0.0022171660404405654,-0.0006039997656658289
9.953,stage1,0.0022171660404405654,-0.0006039997656658289
9.954,stage1,0.0022171660404405654,-0.0006039997656658289
9.955,stage1,0.0022171660404405654,-0.0006039997656658289
9.956,stage1,0.0022171660404405654,-0.0006039997656658289
9.957,stage1,0.0022171660404405654,-0.0006039997656658289
9.958,stage1,0.0022171660404405654,-0.0006039997656658289
9.959,stage1,0.0022171660404405654,-0.0006039997656658289
9.96,stage1,0.002210395887786274,-0.0007499253020120009
9.961,stage1,0.002210395887786274,-0.0007499253020120009
9.962,stage1,0.002210395887786274,-0.0007499253020120009
9.963,stage1,0.002210395887786274,-0.0007499253020120009
9.964,stage1,0.002210395887786274,-0.0007499253020120009
9.965,stage1,0.002210395887786274,-0.0007499253020120009
9.966,stage1,0.002210395887786274,-0.0007499253020120009
9.967,stage1,0.002210395887786274,-0.0007499253020120009
9.968,stage1,0.002210395887786274,-0.0007499253020120009
9.969,stage1,0.002210395887786274,-0.0007499253020120009
9.97,stage1,0.0022021698462041375,-0.0008951639717041204
9.971,stage1,0.0022021698462041375,-0.0008951639717041204
9.972,stage1,0.0022021698462041375,-0.0008951639717041204
9.973,stage1,0.0022021698462041375,-0.0008951639717041204
9.974,stage1,0.0022021698462041375,-0.0008951639717041204
9.975,stage1,0.0022021698462041375,-0.0008951639717041204
9.976,stage1,0.0022021698462041375,-0.0008951639717041204
9.977,stage1,0.0022021698462041375,-0.0008951639717041204
9.978,stage1,0.0022021698462041375,-0.0008951639717041204
9.979,stage1,0.0022021698462041375,-0.0008951639717041204
9.98,stage1,0.002192495189843279,-0.0010396348783181604
9.981,stage1,0.002192495189843279,-0.0010396348783181604
9.982,stage1,0.002192495189843279,-0.0010396348783181604
9.983,stage1,0.002192495189843279,-0.0010396348783181604
9.984,stage1,0.002192495189843279,-0.0010396348783181604
9.985,stage1,0.002192495189843279,-0.0010396348783181604
9.986,stage1,0.002192495189843279,-0.0010396348783181604
9.987,stage1,0.002192495189843279,-0.0010396348783181604
9.988,stage1,0.002192495189843279,-0.0010396348783181604
9.989,stage1,0.002192495189843279,-0.0010396348783181604
9.99,stage1,0.0021813799957345835,-0.0011832583467974531
9.991,stage1,0.0021813799957345835,-0.0011832583467974531
9.992,stage1,0.0021813799957345835,-0.0011832583467974531
9.993,stage1,0.0021813799957345835,-0.0011832583467974531
9.994,stage1,0.0021813799957345835,-0.0011832583467974531
9.995,stage1,0.0021813799957345835,-0.0011832583467974531
9.996,stage1,0.0021813799957345835,-0.0011832583467974531
9.997,stage1,0.0021813799957345835,-0.0011832583467974531
9.998,stage1,0.0021813799957345835,-0.0011832583467974531
9.999,stage1,0.0021813799957345835,-0.0011832583467974531
10.0,stage1,0.0021688331314326913,-0.001325955952166057
