time,angle
0.0,-0.0
0.001,-9.847584373402074e-06
0.002,-3.918784467361525e-05
0.003,-8.804411037427909e-05
0.004,-0.00015639805055677722
0.005,-0.0002442518068995805
0.006,-0.0003516040471194067
0.007,-0.0004784547712162558
0.008,-0.0006247260765021084
0.009000000000000001,-0.0007904544437457232
0.01,-0.0009756556508152413
0.011,-0.0011803296977106635
0.012,-0.0014044765844319893
0.013000000000000001,-0.0016480963109792187
0.014,-0.0019111704589299464
0.015,-0.0021935648018236286
0.016,-0.002495388873963858
0.017,-0.002816642675350637
0.018000000000000002,-0.003157326205983963
0.019,-0.0035174394658638373
0.02,-0.0038969824549902592
0.021,-0.004295878365270117
0.022,-0.004714071135857718
0.023,-0.005151644679060284
0.024,-0.00560859899487782
0.025,-0.006084934083310323
0.026000000000000002,-0.00658064994435779
0.027,-0.007095746578020225
0.028,-0.007630080641279349
0.029,-0.008183704254830006
0.03,-0.008756657624300921
0.031,-0.009348940749692093
0.032,-0.009960553631003528
0.033,-0.01059149626823522
0.034,-0.011241756353462003
0.035,-0.01191115530725495
0.036000000000000004,-0.012599832084951615
0.037,-0.013307786686551993
0.038,-0.01403501911205609
0.039,-0.0147815293614639
0.04,-0.01554731743477543
0.041,-0.01633231171329798
0.042,-0.017136433009411735
0.043000000000000003,-0.017959779517064463
0.044,-0.018802351236256162
0.045,-0.01966414816698684
0.046,-0.020545170309256493
0.047,-0.02144541766306511
0.048,-0.02236475223551422
0.049,-0.023303207491555074
0.05,-0.024260834570081345
0.051000000000000004,-0.02523763347109304
0.052000000000000005,-0.026233604194590157
0.053,-0.027248746740572687
0.054,-0.0282830583987048
0.055,-0.02933633474565927
0.056,-0.030408728515030847
0.057,-0.031500239706819526
0.058,-0.03261086832102531
0.059000000000000004,-0.03374061435764821
0.06,-0.0348894778166882
0.061,-0.03605739425072779
0.062,-0.037244260079028944
0.063,-0.03845018761125093
0.064,-0.039675176847393766
0.065,-0.040919227787457456
0.066,-0.04218234043144199
0.067,-0.04346451477934736
0.068,-0.04476561522535688
0.069,-0.046085655435361875
0.07,-0.04742469995395828
0.07100000000000001,-0.048782748781146086
0.07200000000000001,-0.050159801916925296
0.073,-0.05155585936129591
0.074,-0.05297092111425796
0.075,-0.05440487841949508
0.076,-0.05585778678349391
0.077,-0.057329649783746536
0.078,-0.05882044014226717
0.079,-0.06033010948039202
0.08,-0.06185869472343625
0.081,-0.06340619587139984
0.082,-0.0649725545205115
0.083,-0.06655777856217475
0.084,-0.06816188284321052
0.085,-0.0697848533703717
0.08600000000000001,-0.07142659207000425
0.08700000000000001,-0.07308715397375005
0.088,-0.07476653618781334
0.089,-0.07646473581839845
0.09,-0.07818174997170962
0.091,-0.07991757575395111
0.092,-0.0816722102713272
0.093,-0.08344565063004218
0.094,-0.08523778104992946
0.095,-0.08704865488047715
0.096,-0.08887827699394614
0.097,-0.09072663968014989
0.098,-0.09259373522890198
0.099,-0.09447955593001595
0.1,-0.09638409407330532
0.101,-0.09830734194858363
0.10200000000000001,-0.10024924849329543
0.10300000000000001,-0.10220980234782122
0.10400000000000001,-0.10418901547492264
0.105,-0.10618687739911735
0.106,-0.10820337764492309
0.107,-0.11023850573685746
0.108,-0.11229225119943818
0.109,-0.11436460355718293
0.11,-0.11645554036518296
0.111,-0.11856503273885724
0.112,-0.1206930871042463
0.113,-0.12283969158457221
0.114,-0.12500483430305698
0.115,-0.1271885033829227
0.116,-0.12939068694739136
0.117,-0.13161137311968502
0.11800000000000001,-0.1338505480362022
0.11900000000000001,-0.13610817631116118
0.12,-0.13838426233045678
0.121,-0.1406787932300469
0.122,-0.1429917561458894
0.123,-0.14532313821394222
0.124,-0.1476729265701631
0.125,-0.1500411083505101
0.126,-0.15242767069094101
0.127,-0.15483257796814848
0.128,-0.15725582635961532
0.129,-0.15969740608826338
0.13,-0.16215730323614164
0.131,-0.16463550388529902
0.132,-0.16713199411778465
0.133,-0.1696467600156474
0.134,-0.17217978766093628
0.135,-0.17473104622349697
0.136,-0.17730051604370944
0.137,-0.17988819264861952
0.138,-0.1824940603967069
0.139,-0.18511810358314376
0.14,-0.1877603064397943
0.14100000000000001,-0.1904206531352151
0.14200000000000002,-0.19309912777465496
0.14300000000000002,-0.19579571440005503
0.14400000000000002,-0.1985103969900486
0.145,-0.2012431594599613
0.146,-0.20399396008397844
0.147,-0.20676279241343318
0.148,-0.20954964370613285
0.149,-0.21235449597342024
0.15,-0.21517733107714854
0.151,-0.21801813072968126
0.152,-0.22087687649389257
0.153,-0.22375354978316672
0.154,-0.22664813186139873
0.155,-0.22956060384299376
0.156,-0.23249094554097335
0.157,-0.23543911790719316
0.158,-0.23840511527678626
0.159,-0.24138891711558294
0.16,-0.24439050268050938
0.161,-0.24740985101958743
0.162,-0.25044694097193493
0.163,-0.25350175116776535
0.164,-0.2565742600283881
0.165,-0.2596644457662085
0.166,-0.2627722863847273
0.167,-0.26589775622926853
0.168,-0.269040826287215
0.169,-0.2722014796925571
0.17,-0.2753796930120905
0.171,-0.27857544257019273
0.17200000000000001,-0.2817887044488229
0.17300000000000001,-0.2850194544875223
0.17400000000000002,-0.2882676682834139
0.17500000000000002,-0.29153332119120257
0.176,-0.29481638832317514
0.177,-0.29811684454920034
0.178,-0.30143465970849553
0.179,-0.3047698070393681
0.18,-0.30812226334242415
0.181,-0.31149200206788136
0.182,-0.31487899639879924
0.183,-0.31828321925107894
0.184,-0.3217046432734634
0.185,-0.3251432408475371
0.186,-0.3285989840877263
0.187,-0.332071844841299
0.188,-0.33556179468836467
0.189,-0.3390687896996061
0.19,-0.3425928081515298
0.191,-0.3461338232693516
0.192,-0.34969180509122005
0.193,-0.3532667233840811
0.194,-0.3568585476436771
0.195,-0.3604672470945476
0.196,-0.364092790690029
0.197,-0.3677351471122546
0.198,-0.37139428477215475
0.199,-0.37507017180945645
0.2,-0.3787627760926838
0.201,-0.3824720652191578
0.202,-0.38619800651499636
0.203,-0.38994056703511437
0.20400000000000001,-0.3936997135632235
0.20500000000000002,-0.3974754069212322
0.20600000000000002,-0.40126757133653285
0.20700000000000002,-0.4050762088713966
0.20800000000000002,-0.4089012841357992
0.209,-0.4127427614307577
0.21,-0.4166006047483315
0.211,-0.42047477777162134
0.212,-0.4243652438747697
0.213,-0.42827196612296065
0.214,-0.4321949072724202
0.215,-0.43613402977041577
0.216,-0.44008929575525674
0.217,-0.44406066705629405
0.218,-0.4480481051939204
0.219,-0.4520515713795701
0.22,-0.4560710265157192
0.221,-0.46010643119588546
0.222,-0.46415771884711077
0.223,-0.46822482923119585
0.224,-0.4723077537754207
0.225,-0.47640645042485685
0.226,-0.4805208767632404
0.227,-0.4846509900129719
0.228,-0.48879674703511683
0.229,-0.49295810432940496
0.23,-0.497135018034231
0.231,-0.501327443926654
0.232,-0.5055353374223978
0.233,-0.5097586535758507
0.234,-0.513997347080066
0.23500000000000001,-0.5182513722667611
0.23600000000000002,-0.5225206831063184
0.23700000000000002,-0.5268052332077848
0.23800000000000002,-0.531104975818872
0.23900000000000002,-0.5354198209287045
0.24,-0.539749736130728
0.241,-0.544094687224547
0.242,-0.5484546247237189
0.243,-0.5528294987332047
0.244,-0.5572192589493707
0.245,-0.5616238546599867
0.246,-0.5660432347442268
0.247,-0.57047734767267
0.248,-0.574926141507299
0.249,-0.5793895639015012
0.25,-0.583867562100068
0.251,-0.5883600829391951
0.252,-0.5928670728464828
0.253,-0.5973884778409355
0.254,-0.6019242435329618
0.255,-0.6064743142273129
0.256,-0.611038590171736
0.257,-0.6156170511635505
0.258,-0.6202096402331734
0.259,-0.6248162999668381
0.26,-0.6294369725065941
0.261,-0.6340715995503073
0.262,-0.6387201223516595
0.263,-0.643382481720149
0.264,-0.6480586180210903
0.265,-0.652748471175614
0.266,-0.6574519806606667
0.267,-0.6621690855090117
0.268,-0.6668997243092283
0.269,-0.6716438352057118
0.27,-0.6764013558986741
0.271,-0.681172223644143
0.272,-0.6859563657777984
0.273,-0.6907537038460383
0.274,-0.6955641910002841
0.275,-0.7003877620641135
0.276,-0.7052243513925178
0.277,-0.7100738928719033
0.278,-0.7149363199200899
0.279,-0.7198115654863118
0.28,-0.7246995620512177
0.281,-0.7296002416268703
0.28200000000000003,-0.7345135357567465
0.28300000000000003,-0.7394393755157376
0.28400000000000003,-0.7443776915101489
0.28500000000000003,-0.7493284138777
0.28600000000000003,-0.7542914722875248
0.28700000000000003,-0.7592667959401713
0.28800000000000003,-0.764254313567602
0.289,-0.7692539427794403
0.29,-0.774265612500328
0.291,-0.7792892554897068
0.292,-0.7843247982318023
0.293,-0.7893721667285122
0.294,-0.7944312864994063
0.295,-0.7995020825817271
0.296,-0.8045844795303888
0.297,-0.8096784014179786
0.298,-0.8147837718347554
0.299,-0.8199005138886506
0.3,-0.8250285502052677
0.301,-0.8301678029278826
0.302,-0.8353181937174436
0.303,-0.8404796437525711
0.304,-0.8456520737295578
0.305,-0.8508354038623684
0.306,-0.8560295520092256
0.307,-0.8612344387115038
0.308,-0.8664499828348811
0.309,-0.8716761026206418
0.31,-0.8769127158261643
0.311,-0.8821597397249201
0.312,-0.8874170911064752
0.313,-0.892684686276488
0.314,-0.8979624410567115
0.315,-0.9032502707849919
0.316,-0.9085480903152687
0.317,-0.9138558140175761
0.318,-0.9191733557780405
0.319,-0.9245006289988827
0.32,-0.9298375465984171
0.321,-0.9351840210110516
0.322,-0.9405399676265903
0.323,-0.945905308546303
0.324,-0.9512799443846579
0.325,-0.9566637859859937
0.326,-0.9620567437236489
0.327,-0.9674587274999633
0.328,-0.972869646746277
0.329,-0.9782894104229307
0.33,-0.9837179270192659
0.331,-0.9891551045536247
0.332,-0.9946008505733497
0.333,-1.0000550721547843
0.334,-1.0055176759032725
0.335,-1.0109885679531587
0.336,-1.0164676539677884
0.337,-1.0219548391395072
0.338,-1.0274500281896621
0.339,-1.0329531441357258
0.34,-1.0384640950996968
0.341,-1.0439827698582589
0.342,-1.049509072035869
0.343,-1.055042904815059
0.34400000000000003,-1.0605841709364343
0.34500000000000003,-1.0661327726986747
0.34600000000000003,-1.0716886119585338
0.34700000000000003,-1.0772515901308395
0.34800000000000003,-1.0828216081884934
0.34900000000000003,-1.0883985666624711
0.35000000000000003,-1.093982365641823
0.35100000000000003,-1.0995729047736729
0.352,-1.1051700832632183
0.353,-1.1107737998737321
0.354,-1.1163839529265598
0.355,-1.1220004403011217
0.356,-1.1276232073815435
0.357,-1.1332521250420518
0.358,-1.1388870818661831
0.359,-1.144527975217031
0.36,-1.1501747020614783
0.361,-1.1558271589701965
0.362,-1.1614852421176454
0.363,-1.1671488472820744
0.364,-1.1728178698455214
0.365,-1.1784922047938131
0.366,-1.1841717467165653
0.367,-1.1898563898071823
0.368,-1.1955460278628576
0.369,-1.201240554284573
0.37,-1.2069398620771001
0.371,-1.2126438438489984
0.372,-1.2183524008854654
0.373,-1.224065488862035
0.374,-1.2297829438100787
0.375,-1.2355046583980274
0.376,-1.2412305249597606
0.377,-1.2469604354946062
0.378,-1.252694281667341
0.379,-1.2584319548081908
0.38,-1.26417334591283
0.381,-1.2699183456423808
0.382,-1.2756668443234156
0.383,-1.2814187319479544
0.384,-1.2871738981734664
0.385,-1.292932232322869
0.386,-1.2986936233845288
0.387,-1.304457960012261
0.388,-1.3102251305253294
0.389,-1.3159950622393493
0.39,-1.321767671331508
0.391,-1.3275427994478877
0.392,-1.3333203356162402
0.393,-1.3391001686056423
0.394,-1.3448821869264944
0.395,-1.3506662788305208
0.396,-1.3564523323107702
0.397,-1.3622402351016145
0.398,-1.3680298746787505
0.399,-1.3738211382591983
0.4,-1.379613912801302
0.401,-1.3854080850047303
0.402,-1.3912035413104753
0.403,-1.397000167900853
0.404,-1.4027978506995036
0.405,-1.4085964753713915
0.406,-1.4143960071848942
0.40700000000000003,-1.4201963024877742
0.40800000000000003,-1.4259972213681233
0.40900000000000003,-1.4317986508403608
0.41000000000000003,-1.4376004777476412
0.41100000000000003,-1.4434025887618558
0.41200000000000003,-1.4492048703836318
0.41300000000000003,-1.4550072089423325
0.41400000000000003,-1.4608094905960576
0.41500000000000004,-1.466611601331643
0.41600000000000004,-1.472413426964661
0.417,-1.4782148531394192
0.418,-1.484015765328963
0.419,-1.4898160488350725
0.42,-1.4956155887882647
0.421,-1.5014142701477926
0.422,-1.5072119805968798
0.423,-1.513008723331248
0.424,-1.518804288227454
0.425,-1.5245985620957092
0.426,-1.5303914316703877
0.427,-1.536182783610028
0.428,-1.5419725044973314
0.429,-1.547760480839163
0.43,-1.5535465990665518
0.431,-1.5593307455346899
0.432,-1.565112806522933
0.433,-1.5708926682348008
0.434,-1.5766702167979758
0.435,-1.5824453382643051
0.436,-1.588217918609798
0.437,-1.5939878437346287
0.438,-1.599754999463134
0.439,-1.6055193106439383
0.44,-1.6112807222874397
0.441,-1.6170390503282999
0.442,-1.622794182955911
0.443,-1.6285460083831151
0.444,-1.6342944148462049
0.445,-1.6400392906049224
0.446,-1.6457805239424597
0.447,-1.6515180031654597
0.448,-1.6572516166040145
0.449,-1.662981252611667
0.45,-1.6687067995654095
0.451,-1.6744281458656847
0.452,-1.6801451799363853
0.453,-1.685857790224854
0.454,-1.691565865201884
0.455,-1.6972692933617175
0.456,-1.7029680402940273
0.457,-1.7086619854002894
0.458,-1.7143509786964422
0.459,-1.7200349114520326
0.46,-1.7257136750587279
0.461,-1.731387161030317
0.462,-1.73705526100271
0.463,-1.7427178667339374
0.464,-1.7483748701041513
0.465,-1.7540261631156249
0.466,-1.7596716378927522
0.467,-1.7653111866820483
0.468,-1.7709447018521494
0.46900000000000003,-1.7765720758938128
0.47000000000000003,-1.782193201419917
0.47100000000000003,-1.7878079711654615
0.47200000000000003,-1.7934162779875666
0.47300000000000003,-1.7990181265592653
0.47400000000000003,-1.8046133323089495
0.47500000000000003,-1.8102017830770354
0.47600000000000003,-1.815783374781824
0.47700000000000004,-1.8213580035573695
0.47800000000000004,-1.8269255657534802
0.47900000000000004,-1.8324859579357162
0.48,-1.8380390768853916
0.481,-1.8435848195995739
0.482,-1.8491230832910834
0.483,-1.8546537653884936
0.484,-1.8601767635361313
0.485,-1.8656919755940764
0.486,-1.8711992996381621
0.487,-1.8766986339599747
0.488,-1.8821898770668537
0.489,-1.8876729506742482
0.49,-1.8931478226080096
0.491,-1.8986143244381142
0.492,-1.904072357799822
0.493,-1.9095218246287304
0.494,-1.914962627160773
0.495,-1.9203946679322212
0.496,-1.9258178497796832
0.497,-1.9312320758401036
0.498,-1.936637249550765
0.499,-1.9420332746492865
0.5,-1.947420055173624
0.501,-1.9527974954620708
0.502,-1.958165500153257
0.503,-1.9635239741861499
0.504,-1.9688728228000534
0.505,-1.974211951534609
0.506,-1.9795413132779804
0.507,-1.9848608242259007
0.508,-1.9901703550401115
0.509,-1.9954698144178524
0.51,-2.000759111428947
0.511,-2.006038155515801
0.512,-2.0113068564934045
0.513,-2.016565124549331
0.514,-2.021812870243736
0.515,-2.0270500045093596
0.516,-2.032276438651525
0.517,-2.037492084348138
0.518,-2.0426968536496886
0.519,-2.04789065897925
0.52,-2.0530734131324775
0.521,-2.0582450292776113
0.522,-2.0634054209554744
0.523,-2.0685545627563258
0.524,-2.073692335474361
0.525,-2.0788186440228196
0.526,-2.083933405007625
0.527,-2.0890365354648024
0.528,-2.0941279528604815
0.529,-2.0992075750908943
0.53,-2.1042753204823748
0.531,-2.109331107791361
0.532,-2.114374856204392
0.533,-2.119406485338112
0.534,-2.124425915239267
0.535,-2.129433066384705
0.536,-2.134427859681378
0.537,-2.139410216466341
0.538,-2.1443800585067505
0.539,-2.1493373143371133
0.54,-2.1542819492661205
0.541,-2.1592138491693413
0.542,-2.164132938643765
0.543,-2.169039142758067
0.544,-2.1739323870526115
0.545,-2.17881259753945
0.546,-2.1836797007023225
0.547,-2.1885336234966557
0.548,-2.193374293349565
0.549,-2.198201638159853
0.55,-2.2030155862980103
0.551,-2.207816066606216
0.552,-2.212603008398335
0.553,-2.217376341459923
0.554,-2.2221359960482197
0.555,-2.2268819028921563
0.556,-2.231614006475031
0.557,-2.2363322477476744
0.558,-2.241036543709176
0.559,-2.2457268276591495
0.56,-2.250403033394244
0.561,-2.25506509520815
0.562,-2.259712947891594
0.5630000000000001,-2.2643465267323424
0.5640000000000001,-2.2689657675152
0.5650000000000001,-2.273570606522009
0.5660000000000001,-2.2781609805316507
0.5670000000000001,-2.2827368268200456
0.5680000000000001,-2.287298083160152
0.5690000000000001,-2.291844687821966
0.5700000000000001,-2.296376579572523
0.5710000000000001,-2.3008936976758965
0.5720000000000001,-2.3053959818931986
0.5730000000000001,-2.309883381427091
0.5740000000000001,-2.3143558337245453
0.5750000000000001,-2.318813277324864
0.5760000000000001,-2.3232556542426517
0.577,-2.3276829069992786
0.578,-2.3320949786228806
0.579,-2.3364918126483576
0.58,-2.3408733531173755
0.581,-2.345239544578365
0.582,-2.3495903320865223
0.583,-2.353925661203809
0.584,-2.3582454779989512
0.585,-2.3625497290474415
0.586,-2.366838361431536
0.587,-2.3711113227402567
0.588,-2.375368561069392
0.589,-2.3796100248637186
0.59,-2.3838356577468747
0.591,-2.3880454137240226
0.592,-2.3922392427998047
0.593,-2.3964170954811834
0.594,-2.4005789227774366
0.595,-2.4047246762001615
0.596,-2.4088543077632742
0.597,-2.412967769983007
0.598,-2.4170650158779114
0.599,-2.421145998968857
0.6,-2.42521067327903
0.601,-2.429258993333937
0.602,-2.4332909141614
0.603,-2.4373063912915605
0.604,-2.4413053807568783
0.605,-2.445287839092131
0.606,-2.4492537167201576
0.607,-2.4532029614419195
0.608,-2.457135542848999
0.609,-2.4610514190401767
0.61,-2.464950548599986
0.611,-2.4688328905987134
0.612,-2.472698404592398
0.613,-2.476547050622833
0.614,-2.4803787892175637
0.615,-2.4841935813898885
0.616,-2.4879913886388594
0.617,-2.4917721729492808
0.618,-2.495535896791711
0.619,-2.49928252312246
0.62,-2.5030120153835926
0.621,-2.506724337502925
0.622,-2.5104194538940274
0.623,-2.5140973087585565
0.624,-2.5177578701918746
0.625,-2.5214011142166313
0.626,-2.5250270064745135
0.627,-2.5286355130666607
0.628,-2.5322266005536624
0.629,-2.5358002359555614
0.63,-2.5393563867518503
0.631,-2.542895020881473
0.632,-2.5464161067428264
0.633,-2.5499196131937563
0.634,-2.5534055095515624
0.635,-2.5568737655929947
0.636,-2.5603243515542538
0.637,-2.563757238130993
0.638,-2.567172396478316
0.639,-2.570569798210779
0.64,-2.5739493751652827
0.641,-2.5773111280847756
0.642,-2.580655031722522
0.643,-2.583981058608725
0.644,-2.5872891816994823
0.645,-2.5905793743767864
0.646,-2.593851610448526
0.647,-2.597105864148484
0.648,-2.600342110136339
0.649,-2.603560323497666
0.65,-2.6067604797439325
0.651,-2.609942554812504
0.652,-2.613106525066639
0.653,-2.6162523672954925
0.654,-2.6193800587141145
0.655,-2.6224895769634498
0.656,-2.625580889471022
0.657,-2.628653943836276
0.658,-2.6317087494817133
0.659,-2.634745284723935
0.66,-2.6377635282670573
0.661,-2.6407634592027076
0.662,-2.643745057010029
0.663,-2.646708301555676
0.664,-2.649653173093817
0.665,-2.6525796522661333
0.666,-2.6554877201018208
0.667,-2.6583773580175873
0.668,-2.661248547817655
0.669,-2.6641012716937578
0.67,-2.6669355122251446
0.671,-2.6697512523785765
0.672,-2.672548475508328
0.673,-2.6753271384579462
0.674,-2.678087220075372
0.675,-2.6808287249666476
0.676,-2.6835516369272328
0.677,-2.686255940099154
0.678,-2.688941618971007
0.679,-2.6916086583779557
0.68,-2.6942570435017315
0.681,-2.6968867598706345
0.682,-2.6994977933595337
0.683,-2.7020901301898657
0.684,-2.704663756929635
0.685,-2.7072186604934156
0.686,-2.7097548281423487
0.687,-2.7122722474841443
0.6880000000000001,-2.7147709064730807
0.6890000000000001,-2.717250793410004
0.6900000000000001,-2.719711852915928
0.6910000000000001,-2.722154098598416
0.6920000000000001,-2.7245775266243584
0.6930000000000001,-2.7269821255446036
0.6940000000000001,-2.7293678842150726
0.6950000000000001,-2.731734791796758
0.6960000000000001,-2.734082837755724
0.6970000000000001,-2.7364120118631057
0.6980000000000001,-2.7387223041951123
0.6990000000000001,-2.7410137051330232
0.7000000000000001,-2.7432862053631895
0.7010000000000001,-2.7455397958770345
0.7020000000000001,-2.7477744679710536
0.7030000000000001,-2.7499902132468135
0.704,-2.752187023610953
0.705,-2.7543648912751824
0.706,-2.7565238023968077
0.707,-2.7586637087700154
0.708,-2.7607846394219364
0.709,-2.762886586708187
0.71,-2.7649695432491135
0.711,-2.7670335019297956
0.712,-2.769078455900044
0.713,-2.771104398574401
0.714,-2.7731113236321416
0.715,-2.775099225017273
0.716,-2.7770680969385317
0.717,-2.779017933869389
0.718,-2.7809487305480465
0.719,-2.7828604819774383
0.72,-2.78475318342523
0.721,-2.7866268304238186
0.722,-2.788481418770334
0.723,-2.7903169245112274
0.724,-2.7921333305163634
0.725,-2.7939306557875216
0.726,-2.7957088961608902
0.727,-2.797468047699592
0.728,-2.7992081066936847
0.729,-2.8009290696601625
0.73,-2.802630933342954
0.731,-2.804313694712925
0.732,-2.805977350967874
0.733,-2.8076218995325366
0.734,-2.8092473380585843
0.735,-2.8108536644246227
0.736,-2.812440876736194
0.737,-2.8140089733257745
0.738,-2.8155579527527776
0.739,-2.8170878138035502
0.74,-2.8185985238616826
0.741,-2.820090094154737
0.742,-2.8215625335170813
0.743,-2.8230158407104002
0.744,-2.8244500146891376
0.745,-2.8258650546004986
0.746,-2.8272609597844496
0.747,-2.8286377297737175
0.748,-2.82999536429379
0.749,-2.831333863262916
0.75,-2.8326532267921056
0.751,-2.8339534551851293
0.752,-2.835234548938518
0.753,-2.836496508741565
0.754,-2.8377393354763227
0.755,-2.838963030217606
0.756,-2.84016759302444
0.757,-2.8413529889279996
0.758,-2.842519248823718
0.759,-2.843666373766511
0.76,-2.844794364974303
0.761,-2.845903223828028
0.762,-2.846992951871627
0.763,-2.84806355081205
0.764,-2.849115022519255
0.765,-2.8501473690262102
0.766,-2.85116059252889
0.767,-2.8521546953862784
0.768,-2.853129680120368
0.769,-2.854085549416159
0.77,-2.8550223061216613
0.771,-2.8559399532478924
0.772,-2.8568384939688785
0.773,-2.8577179215953734
0.774,-2.858578225307029
0.775,-2.8594194259289134
0.776,-2.86024152662116
0.777,-2.8610445306821406
0.778,-2.861828441548466
0.779,-2.8625932627949853
0.78,-2.863338998134786
0.781,-2.8640656514191947
0.782,-2.864773226637776
0.783,-2.8654617279183343
0.784,-2.866131159526911
0.785,-2.8667815258677867
0.786,-2.867412831483481
0.787,-2.8680250810547516
0.788,-2.8686182794005948
0.789,-2.869192431478246
0.79,-2.869747533458326
0.791,-2.870283590809689
0.792,-2.8708006126800147
0.793,-2.8712986039281825
0.794,-2.8717775695162437
0.795,-2.8722375145094214
0.796,-2.8726784440761106
0.797,-2.8731003634878767
0.798,-2.8735032781194576
0.799,-2.8738871934487626
0.8,-2.8742521150568723
0.801,-2.8745980482296996
0.802,-2.8749249972329167
0.803,-2.87523296917293
0.804,-2.8755219699494403
0.805,-2.8757920055602204
0.806,-2.8760430821011154
0.807,-2.87627520576604
0.808,-2.876488382846982
0.809,-2.8766826197339994
0.81,-2.8768579229152227
0.811,-2.8770142989768535
0.812,-2.8771517546031653
0.8130000000000001,-2.8772702970218824
0.8140000000000001,-2.877369932959234
0.8150000000000001,-2.877450669309202
0.8160000000000001,-2.877512513174776
0.8170000000000001,-2.87755547175838
0.8180000000000001,-2.8775795523618686
0.8190000000000001,-2.8775847623865296
0.8200000000000001,-2.877571109333084
0.8210000000000001,-2.8775386008016843
0.8220000000000001,-2.8774872444919155
0.8230000000000001,-2.877417048202796
0.8240000000000001,-2.877328019618425
0.8250000000000001,-2.877220166410393
0.8260000000000001,-2.8770934969912147
0.8270000000000001,-2.876948019527872
0.8280000000000001,-2.8767837422852085
0.8290000000000001,-2.8766006736259357
0.8300000000000001,-2.876398822010629
0.8310000000000001,-2.876178195997728
0.8320000000000001,-2.8759388042435385
0.833,-2.8756806555022316
0.834,-2.875403758625842
0.835,-2.875108122564271
0.836,-2.874793755270571
0.837,-2.874460666523554
0.838,-2.874108865599887
0.839,-2.8737383617867085
0.84,-2.873349164466251
0.841,-2.8729412831158387
0.842,-2.8725147273078915
0.843,-2.8720695067099196
0.844,-2.8716056310845284
0.845,-2.8711231102894152
0.846,-2.870621954277372
0.847,-2.8701021730435
0.848,-2.8695637767018414
0.849,-2.869006775532855
0.85,-2.8684311798645665
0.851,-2.867837000119826
0.852,-2.867224246816309
0.853,-2.8665929305665143
0.854,-2.865943062077766
0.855,-2.8652746521522134
0.856,-2.864587711686829
0.857,-2.863882251673411
0.858,-2.8631582832753475
0.859,-2.862415819082423
0.86,-2.8616548693736426
0.861,-2.860875445585962
0.862,-2.8600775592546857
0.863,-2.8592612220134623
0.864,-2.8584264455942883
0.865,-2.8575732418275046
0.866,-2.856701622641799
0.867,-2.855811600064207
0.868,-2.8549031862201066
0.869,-2.8539763933332254
0.87,-2.8530312354529195
0.871,-2.8520677250169117
0.872,-2.8510858737941254
0.873,-2.850085694530274
0.874,-2.849067200076092
0.875,-2.8480304033873303
0.876,-2.8469753175247603
0.877,-2.845901955654173
0.878,-2.844810331046377
0.879,-2.8437004570772
0.88,-2.84257234722749
0.881,-2.8414260157678086
0.882,-2.8402614791529803
0.883,-2.8390787489928595
0.884,-2.8378778393569792
0.885,-2.836658764428838
0.886,-2.835421538505903
0.887,-2.8341661759996084
0.888,-2.832892691435354
0.889,-2.8316010994525076
0.89,-2.8302914148044045
0.891,-2.8289636523583463
0.892,-2.8276178270956027
0.893,-2.826253959594394
0.894,-2.824872063144511
0.895,-2.8234721519132306
0.896,-2.8220542416064154
0.897,-2.8206183480512808
0.898,-2.81916448719581
0.899,-2.81769267510817
0.9,-2.8162029279761254
0.901,-2.8146952621064547
0.902,-2.8131696939243658
0.903,-2.811626239972911
0.904,-2.8100649169124017
0.905,-2.808485741519824
0.906,-2.806888730688254
0.907,-2.8052739014262738
0.908,-2.803641270857384
0.909,-2.8019908562194233
0.91,-2.8003226748639793
0.911,-2.7986367442558073
0.912,-2.7969330999903246
0.913,-2.7952117503591056
0.914,-2.793472710148812
0.915,-2.7917159978630117
0.916,-2.789941632146166
0.917,-2.788149631783552
0.918,-2.7863400157011844
0.919,-2.784512802965732
0.92,-2.782668012784442
0.921,-2.7808056645050585
0.922,-2.7789257776157426
0.923,-2.777028371744994
0.924,-2.7751134666615704
0.925,-2.773181082274409
0.926,-2.771231238632546
0.927,-2.769263955925036
0.928,-2.767279254480876
0.929,-2.765277154768922
0.93,-2.763257677397811
0.931,-2.761220868346302
0.932,-2.7591667331602308
0.933,-2.7570952901101973
0.934,-2.7550065611077055
0.935,-2.7529005682453347
0.936,-2.7507773337976493
0.937,-2.7486368802221044
0.9380000000000001,-2.746479230159951
0.9390000000000001,-2.744304406437144
0.9400000000000001,-2.7421124320652472
0.9410000000000001,-2.7399033302423406
0.9420000000000001,-2.737677124353925
0.9430000000000001,-2.7354338379738308
0.9440000000000001,-2.7331734948651225
0.9450000000000001,-2.730896118981006
0.9460000000000001,-2.7286017344657343
0.9470000000000001,-2.726290365655514
0.9480000000000001,-2.7239620370794113
0.9490000000000001,-2.72161677346026
0.9500000000000001,-2.7192546177030836
0.9510000000000001,-2.716875582721772
0.9520000000000001,-2.714479692826426
0.9530000000000001,-2.712066974022255
0.9540000000000001,-2.7096374525408926
0.9550000000000001,-2.7071911548419894
0.9560000000000001,-2.7047281076148106
0.9570000000000001,-2.7022483377798294
0.9580000000000001,-2.6997518724903236
0.9590000000000001,-2.6972387391339696
0.96,-2.6947089653344407
0.961,-2.692162578952998
0.962,-2.6895996080900906
0.963,-2.6870200810869465
0.964,-2.684424026527171
0.965,-2.681811473238341
0.966,-2.6791824502936006
0.967,-2.6765369870132556
0.968,-2.6738751129663703
0.969,-2.6711968631252145
0.97,-2.6685022637465443
0.971,-2.6657913451186754
0.972,-2.6630641379567823
0.973,-2.660320673240391
0.974,-2.6575609822151582
0.975,-2.6547850963946553
0.976,-2.651993047562148
0.977,-2.64918486777238
0.978,-2.646360589353354
0.979,-2.6435202449081134
0.98,-2.640663867316522
0.981,-2.6377914897370505
0.982,-2.634903145608553
0.983,-2.6319988686520523
0.984,-2.629078692872519
0.985,-2.626142652560656
0.986,-2.623190782294678
0.987,-2.620223116916711
0.988,-2.6172396897322288
0.989,-2.6142405376529454
0.99,-2.6112256963795573
0.991,-2.6081952019065473
0.992,-2.605149090523897
0.993,-2.6020873988188056
0.994,-2.5990101636774026
0.995,-2.5959174222864654
0.996,-2.592809212135135
0.997,-2.589685571016631
0.998,-2.586546537029967
0.999,-2.583392148581666
1.0,-2.580222444387478
1.0010000000000001,-2.5770374634740936
1.002,-2.573837245180861
1.0030000000000001,-2.5706218291615004
1.004,-2.567391255385821
1.0050000000000001,-2.5641455641414357
1.006,-2.560884795893839
1.0070000000000001,-2.5576089893757414
1.008,-2.5543181876339487
1.0090000000000001,-2.5510124321857877
1.01,-2.5476917648715682
1.0110000000000001,-2.544356227856208
1.012,-2.5410058636308706
1.0130000000000001,-2.5376407150145868
1.014,-2.5342608251558936
1.0150000000000001,-2.5308662375344593
1.016,-2.5274569959627167
1.0170000000000001,-2.524033144587492
1.018,-2.5205947278916376
1.0190000000000001,-2.517141790695659
1.02,-2.5136743781593505
1.0210000000000001,-2.5101925357834194
1.022,-2.5066963094111236
1.0230000000000001,-2.503185745229895
1.024,-2.499660889772976
1.025,-2.496121789633055
1.026,-2.4925684897509743
1.027,-2.4890010396610376
1.028,-2.4854194872287283
1.029,-2.481823880669597
1.03,-2.47821426855079
1.031,-2.4745906997925853
1.032,-2.4709532236699223
1.033,-2.46730188981394
1.034,-2.4636367482135046
1.035,-2.459957849216748
1.036,-2.4562652435325965
1.037,-2.452558982232307
1.038,-2.4488391167509977
1.039,-2.4451056988891846
1.04,-2.4413587808143102
1.041,-2.4375984150622823
1.042,-2.4338246545389994
1.043,-2.430037552521894
1.044,-2.426237161745297
1.045,-2.4224235316823806
1.046,-2.4185967208208843
1.047,-2.4147567837908164
1.048,-2.41090377559277
1.049,-2.4070377515992463
1.05,-2.4031587675559685
1.051,-2.399266879583207
1.052,-2.395362144177088
1.053,-2.3914446182109215
1.054,-2.387514358936513
1.055,-2.3835714239854853
1.056,-2.379615871370594
1.057,-2.3756477594870518
1.058,-2.371667147113836
1.059,-2.367674093415021
1.06,-2.3636686579410826
1.061,-2.359650900630227
1.062,-2.3556208818097026
1.063,-2.3515786600343054
1.064,-2.3475242891159542
1.065,-2.343457837514274
1.066,-2.3393793668568073
1.067,-2.3352889391512064
1.068,-2.3311866167861575
1.069,-2.3270724625323167
1.07,-2.3229465395432363
1.071,-2.318808911356303
1.072,-2.31465964189366
1.073,-2.310498795463147
1.074,-2.3063264367592238
1.075,-2.302142630863909
1.076,-2.297947443247703
1.077,-2.2937409397705277
1.078,-2.289523186682649
1.079,-2.2852942506256158
1.08,-2.2810541986331847
1.081,-2.276803098132258
1.082,-2.2725410132521717
1.083,-2.268268003419596
1.084,-2.263984146261813
1.085,-2.25968951041591
1.086,-2.2553841648953465
1.087,-2.2510681790903613
1.088,-2.246741622768362
1.089,-2.242404566074329
1.09,-2.238057079531208
1.091,-2.2336992340403143
1.092,-2.2293311008817227
1.093,-2.224952751714673
1.094,-2.2205642585779617
1.095,-2.216165693890345
1.096,-2.211757130450931
1.097,-2.2073386414395832
1.098,-2.202910300417313
1.099,-2.198472181326684
1.1,-2.194024358492201
1.101,-2.1895669014130683
1.102,-2.185099876311131
1.103,-2.180623368622414
1.104,-2.1761374537631726
1.105,-2.171642207508282
1.106,-2.1671377059909998
1.107,-2.1626240257027387
1.108,-2.1581012434928315
1.109,-2.153569436568303
1.11,-2.1490286824936313
1.111,-2.144479059190527
1.112,-2.139920644937688
1.113,-2.1353535183705805
1.114,-2.1307777584811967
1.115,-2.126193444617831
1.116,-2.121600656484842
1.117,-2.1169994741424256
1.118,-2.112389978006379
1.119,-2.1077722488478736
1.12,-2.1031463611175
1.121,-2.0985123882159207
1.122,-2.0938704221868933
1.123,-2.0892205447351837
1.124,-2.0845628378918697
1.125,-2.0798973840134245
1.1260000000000001,-2.0752242657807844
1.127,-2.070543566198433
1.1280000000000001,-2.0658553685934655
1.129,-2.0611597566146758
1.1300000000000001,-2.056456814231621
1.131,-2.051746625733706
1.1320000000000001,-2.04702927572925
1.133,-2.0423048491445708
1.1340000000000001,-2.0375734312230516
1.135,-2.0328351075242237
1.1360000000000001,-2.028089963922835
1.137,-2.0233380866079322
1.1380000000000001,-2.018579562081929
1.139,-2.013814469095125
1.1400000000000001,-2.0090428880269444
1.141,-2.0042649162941677
1.1420000000000001,-1.9994806411288133
1.143,-1.9946901500421315
1.1440000000000001,-1.989893530822939
1.145,-1.985090871535972
1.1460000000000001,-1.9802822605202186
1.147,-1.975467786387271
1.1480000000000001,-1.9706475380196606
1.149,-1.9658216045692092
1.1500000000000001,-1.960990075455363
1.151,-1.9561530403635452
1.1520000000000001,-1.9513105892434885
1.153,-1.9464628123075893
1.154,-1.9416098000292408
1.155,-1.9367516431411809
1.156,-1.9318884326338375
1.157,-1.9270202597536639
1.158,-1.9221472068876984
1.159,-1.9172693608395524
1.16,-1.912386822805355
1.161,-1.9074996845213608
1.162,-1.9026080379419215
1.163,-1.8977119752370868
1.164,-1.8928115887902206
1.165,-1.8879069711956011
1.166,-1.8829982152560378
1.167,-1.8780854139804701
1.168,-1.8731686605815863
1.169,-1.8682480484734207
1.17,-1.8633236712689731
1.171,-1.858395622777807
1.172,-1.8534639970036657
1.173,-1.848528888142075
1.174,-1.8435903905779565
1.175,-1.83864859888323
1.176,-1.833703607814429
1.177,-1.8287555028896538
1.178,-1.8238043763393783
1.179,-1.818850331222055
1.18,-1.8138934625267287
1.181,-1.8089338653875293
1.182,-1.8039716350806076
1.183,-1.7990068670210515
1.184,-1.7940396567598218
1.185,-1.78907009998067
1.186,-1.7840982924970719
1.187,-1.7791243302491466
1.188,-1.7741483093005905
1.189,-1.7691703258355957
1.19,-1.7641904761557834
1.191,-1.7592088566771236
1.192,-1.7542255639268673
1.193,-1.7492406945404673
1.194,-1.74425434525851
1.195,-1.7392666129236347
1.196,-1.734277585802747
1.197,-1.7292873599631635
1.198,-1.7242960383651815
1.199,-1.7193037178253763
1.2,-1.7143104952239767
1.201,-1.7093164675012122
1.202,-1.7043217316536787
1.203,-1.6993263847306859
1.204,-1.6943305238306245
1.205,-1.689334246097312
1.206,-1.6843376487163602
1.207,-1.6793408289115215
1.208,-1.6743438839410558
1.209,-1.669346911094078
1.21,-1.6643500076869227
1.211,-1.6593532710594934
1.212,-1.6543567985716279
1.213,-1.6493606875994449
1.214,-1.6443650355317116
1.215,-1.6393699329907405
1.216,-1.6343754777269444
1.217,-1.6293817708364544
1.218,-1.62438890943333
1.219,-1.6193969906095882
1.22,-1.614406111431162
1.221,-1.609416368933843
1.222,-1.604427860119239
1.223,-1.5994406819507165
1.224,-1.59445493134936
1.225,-1.589470705189912
1.226,-1.5844881002967341
1.227,-1.5795072134397468
1.228,-1.5745281413303895
1.229,-1.5695509806175616
1.23,-1.5645758278835817
1.231,-1.5596027796401288
1.232,-1.5546319323242024
1.233,-1.5496633822940622
1.234,-1.5446972220300375
1.235,-1.5397335484413321
1.236,-1.5347724592828869
1.237,-1.5298140504082736
1.238,-1.524858417563591
1.239,-1.5199056563831967
1.24,-1.5149558623854562
1.241,-1.5100091309684758
1.242,-1.5050655574058514
1.243,-1.5001252368424012
1.244,-1.495188264289915
1.245,-1.4902547346228865
1.246,-1.4853247425742622
1.247,-1.480398382731174
1.248,-1.4754757495306892
1.249,-1.4705569372555414
1.25,-1.4656420400298813
1.2510000000000001,-1.460731151815008
1.252,-1.4558243664051183
1.2530000000000001,-1.450921777505373
1.254,-1.4460234785375292
1.2550000000000001,-1.4411295627406158
1.256,-1.436240123200817
1.2570000000000001,-1.4313552528160824
1.258,-1.4264750442918785
1.2590000000000001,-1.4215995901369265
1.26,-1.4167289826589553
1.2610000000000001,-1.4118633139604388
1.262,-1.4070026759343484
1.2630000000000001,-1.4021471602598903
1.264,-1.3972968583982581
1.2650000000000001,-1.392451861588371
1.266,-1.3876122608426256
1.2670000000000001,-1.3827781469426328
1.268,-1.3779496104349722
1.2690000000000001,-1.3731267416269277
1.27,-1.368309630582242
1.2710000000000001,-1.3634983671168515
1.272,-1.3586930453598052
1.2730000000000001,-1.3538937527341646
1.274,-1.3491005770876947
1.2750000000000001,-1.344313607357867
1.276,-1.3395329322218916
1.2770000000000001,-1.3347586400926719
1.278,-1.3299908191147727
1.2790000000000001,-1.3252295571603756
1.28,-1.320474941825248
1.281,-1.3157270604246973
1.282,-1.3109859999895372
1.283,-1.306251847262051
1.284,-1.3015246886919463
1.285,-1.2968046104323263
1.286,-1.292091698335642
1.287,-1.2873860379496627
1.288,-1.2826877145134292
1.289,-1.2779968129532244
1.29,-1.273313417878526
1.291,-1.2686376228236838
1.292,-1.2639695070945518
1.293,-1.2593091525536946
1.294,-1.2546566427974755
1.295,-1.2500120611019527
1.296,-1.2453754904192422
1.297,-1.2407470133738965
1.298,-1.2361267122592696
1.299,-1.2315146690338958
1.3,-1.2269109653178532
1.301,-1.2223156823891437
1.302,-1.2177289011800563
1.303,-1.213150702273547
1.304,-1.208581165899602
1.305,-1.2040203719316178
1.306,-1.1994683998827638
1.307,-1.1949253289023636
1.308,-1.1903912377722563
1.309,-1.1858662049031787
1.31,-1.1813503219585721
1.311,-1.1768436586337712
1.312,-1.1723462904482713
1.313,-1.1678582947000153
1.314,-1.1633797483207649
1.315,-1.158910727873048
1.316,-1.154451309547087
1.317,-1.150001569157746
1.318,-1.14556158214146
1.319,-1.1411314235531795
1.32,-1.1367111680633022
1.321,-1.132300889954618
1.322,-1.1279006631192383
1.323,-1.123510561055542
1.324,-1.119130656865106
1.325,-1.1147610232496499
1.326,-1.1104017325079667
1.327,-1.1060528565328676
1.328,-1.101714466808113
1.329,-1.09738665163801
1.33,-1.0930694703744062
1.331,-1.088762991999387
1.332,-1.0844672868163383
1.333,-1.0801824247317642
1.334,-1.0759084752528891
1.335,-1.0716455074852778
1.336,-1.0673935901304374
1.337,-1.0631527914834373
1.338,-1.058923179430512
1.339,-1.0547048214466799
1.34,-1.0504977845933472
1.341,-1.0463021355159257
1.342,-1.0421179404414371
1.343,-1.0379452651761316
1.344,-1.0337841751030907
1.345,-1.029634735179847
1.346,-1.0254970099359864
1.347,-1.0213710634707678
1.348,-1.0172569791487422
1.349,-1.0131548060127689
1.35,-1.0090646064095834
1.351,-1.004986443219142
1.352,-1.000920378908778
1.353,-0.9968664755315453
1.354,-0.9928247947245487
1.355,-0.9887953977072877
1.356,-0.9847783452799865
1.357,-0.9807736978219389
1.358,-0.9767815152898369
1.359,-0.9728018572161159
1.36,-0.9688347827072842
1.361,-0.9648803504422672
1.362,-0.9609386186707374
1.363,-0.9570096452114586
1.364,-0.9530934874506155
1.365,-0.9491902023401584
1.366,-0.9452998463961323
1.367,-0.9414224965126519
1.368,-0.937558192128349
1.369,-0.9337069889112326
1.37,-0.9298689421441778
1.371,-0.9260441066955227
1.372,-0.9222325370181239
1.373,-0.9184342871484258
1.374,-0.9146494107055169
1.375,-0.9108779608901983
1.3760000000000001,-0.9071199904840408
1.377,-0.903375551848453
1.3780000000000001,-0.8996446969237377
1.379,-0.8959274772281616
1.3800000000000001,-0.8922239438570104
1.381,-0.8885341474816587
1.3820000000000001,-0.8848581383486257
1.383,-0.8811959662786442
1.3840000000000001,-0.8775476806657174
1.385,-0.8739133313149092
1.3860000000000001,-0.8702929847842215
1.387,-0.8666866746353237
1.3880000000000001,-0.8630944490131808
1.389,-0.8595163556584595
1.3900000000000001,-0.8559524419072635
1.391,-0.8524027546908803
1.3920000000000001,-0.8488673405355176
1.393,-0.8453462455620492
1.3940000000000001,-0.8418395154857512
1.395,-0.8383471956160492
1.3960000000000001,-0.8348693308562529
1.397,-0.8314059657033045
1.3980000000000001,-0.8279571442475128
1.399,-0.824522910172301
1.4000000000000001,-0.8211033067539423
1.401,-0.8176983768613068
1.4020000000000001,-0.8143081629555963
1.403,-0.8109327070900928
1.4040000000000001,-0.8075720524128276
1.405,-0.8042262546091664
1.4060000000000001,-0.8008953423576863
1.407,-0.7975793564883842
1.408,-0.7942783374458482
1.409,-0.7909923252895971
1.41,-0.7877213596944188
1.411,-0.7844654799507018
1.412,-0.7812247249647775
1.413,-0.7779991332592507
1.414,-0.7747887429733431
1.415,-0.7715935918632225
1.416,-0.7684137173023462
1.417,-0.7652491562817917
1.418,-0.7620999454105986
1.419,-0.7589661209160997
1.42,-0.7558477186442634
1.421,-0.7527447740600243
1.422,-0.7496573222476255
1.423,-0.7465853997756352
1.424,-0.743529051668903
1.425,-0.7404883024338165
1.426,-0.7374631859725151
1.427,-0.7344537358276355
1.428,-0.7314599851831407
1.429,-0.7284819668651376
1.43,-0.7255197133427065
1.431,-0.72257325672872
1.432,-0.719642628780671
1.433,-0.7167278609014927
1.434,-0.7138289841403861
1.435,-0.7109460291936399
1.436,-0.7080790264054577
1.437,-0.7052280057687785
1.438,-0.7023929969261045
1.439,-0.6995740291703199
1.44,-0.6967711314455198
1.441,-0.6939843323478293
1.442,-0.6912136620101587
1.443,-0.6884591555248306
1.444,-0.685720833738846
1.445,-0.68299872411897
1.446,-0.680292853802806
1.447,-0.6776032495999808
1.448,-0.6749299379933388
1.449,-0.6722729451401285
1.45,-0.669632296873196
1.451,-0.6670080187021709
1.452,-0.6644001358146606
1.453,-0.6618086730774364
1.454,-0.659233655037627
1.455,-0.656675105923905
1.456,-0.6541330496476804
1.457,-0.6516075098042874
1.458,-0.6490985096741771
1.459,-0.6466060722241049
1.46,-0.6441302201083238
1.461,-0.6416709772429396
1.462,-0.6392283698572905
1.463,-0.6368024154815999
1.464,-0.6343931357011698
1.465,-0.6320005518045
1.466,-0.6296246847847251
1.467,-0.6272655553410436
1.468,-0.6249231838801546
1.469,-0.6225975905176874
1.47,-0.6202887950796371
1.471,-0.6179968171037956
1.472,-0.6157216758411868
1.473,-0.6134633902574961
1.474,-0.6112219790345077
1.475,-0.6089974605715334
1.476,-0.6067898529868491
1.477,-0.6045991741191248
1.478,-0.6024254415288599
1.479,-0.6002686724998143
1.48,-0.5981288850238841
1.481,-0.5960060977077684
1.482,-0.5939003249780396
1.483,-0.5918115831136426
1.484,-0.5897398881290055
1.485,-0.5876852557755944
1.486,-0.5856477015434771
1.487,-0.583627240662876
1.488,-0.5816238881057323
1.489,-0.5796376585872607
1.49,-0.5776685665675106
1.491,-0.5757166262529234
1.492,-0.5737818515978927
1.493,-0.5718642563063205
1.494,-0.5699638538331795
1.495,-0.5680806573860678
1.496,-0.5662146799267719
1.497,-0.5643659341728209
1.498,-0.56253443259905
1.499,-0.5607201876272567
1.5,-0.5589232115071725
1.5010000000000001,-0.5571435156854809
1.502,-0.5553811116961679
1.5030000000000001,-0.5536360108391389
1.504,-0.5519082241818031
1.5050000000000001,-0.5501977625606481
1.506,-0.5485046365828234
1.5070000000000001,-0.5468288566277153
1.508,-0.5451704328485302
1.5090000000000001,-0.5435293751738703
1.51,-0.5419056933093159
1.5110000000000001,-0.540299396739002
1.512,-0.5387104947271996
1.5130000000000001,-0.537138996319893
1.514,-0.5355849103463616
1.5150000000000001,-0.5340482454207558
1.516,-0.5325290099436794
1.5170000000000001,-0.5310272121037664
1.518,-0.5295428591474178
1.5190000000000001,-0.5280759581482112
1.52,-0.5266265176392022
1.5210000000000001,-0.5251945449282449
1.522,-0.5237800471163274
1.5230000000000001,-0.5223830310990788
1.524,-0.5210035035682822
1.5250000000000001,-0.5196414710133815
1.526,-0.5182969397229941
1.5270000000000001,-0.5169699157864179
1.528,-0.5156604050951442
1.5290000000000001,-0.5143684133443646
1.53,-0.5130939460344834
1.5310000000000001,-0.5118370084726255
1.532,-0.5105976057741478
1.5330000000000001,-0.5093757428641477
1.534,-0.5081714244789745
1.5350000000000001,-0.5069846551677373
1.536,-0.5058154392938172
1.537,-0.5046637793373909
1.538,-0.5035296782182574
1.539,-0.5024131415851988
1.54,-0.501314172973586
1.541,-0.5002327757348705
1.542,-0.49916895303794895
1.543,-0.4981227078705339
1.544,-0.4970940430405185
1.545,-0.4960829611773464
1.546,-0.4950894647333773
1.547,-0.4941135559852563
1.548,-0.49315523703527986
1.549,-0.492214509812765
1.55,-0.491291376075415
1.551,-0.49038583741068903
1.552,-0.48949789523716775
1.553,-0.48862755080592235
1.554,-0.48777480520188105
1.555,-0.4869396593451977
1.556,-0.4861221113463182
1.557,-0.4853221607939167
1.558,-0.484539810454468
1.559,-0.4837750604626565
1.56,-0.4830279107872169
1.561,-0.48229836123210484
1.562,-0.48158641143766423
1.563,-0.4808920608817982
1.564,-0.480215308881137
1.565,-0.4795561545922082
1.566,-0.4789145970126049
1.567,-0.47829063498215635
1.568,-0.4776842671840951
1.569,-0.4770954921462286
1.57,-0.47652430824210623
1.571,-0.47597071369219
1.572,-0.475434706565023
1.573,-0.47491628477839914
1.574,-0.4744154461005316
1.575,-0.47393218463161163
1.576,-0.4734664972359345
1.577,-0.4730183837728182
1.578,-0.47258784125499353
1.579,-0.47217486654181245
1.58,-0.4717794563401779
1.581,-0.4714016072054753
1.582,-0.4710413155425023
1.583,-0.47069857760640055
1.584,-0.4703733895035853
1.585,-0.4700657471926774
1.586,-0.4697756464854326
1.587,-0.46950308304767335
1.588,-0.46924805240021894
1.589,-0.4690105499198167
1.59,-0.4687905708400719
1.591,-0.4685881102523793
1.592,-0.4684031631068532
1.593,-0.4682357242132588
1.594,-0.4680857839654628
1.595,-0.4679533368949247
1.596,-0.4678383798971299
1.597,-0.46774090704220495
1.598,-0.4676609122538834
1.599,-0.4675983893101734
1.6,-0.4675533318440241
1.601,-0.46752573334399167
1.602,-0.4675155871549066
1.603,-0.4675228864785395
1.604,-0.4675476243742683
1.605,-0.46758979375974413
1.606,-0.46764938741155837
1.607,-0.467726397965909
1.608,-0.4678208179192673
1.609,-0.4679326396290438
1.61,-0.46806185531425565
1.611,-0.46820845705619263
1.612,-0.46837243679908386
1.613,-0.4685537814679443
1.614,-0.4687524834479022
1.615,-0.46896853657513526
1.616,-0.4692019320551648
1.617,-0.4694526609485587
1.618,-0.4697207141713213
1.619,-0.4700060824952826
1.62,-0.47030875654848825
1.621,-0.47062872681558915
1.622,-0.47096598363823117
1.623,-0.4713205172154444
1.624,-0.471692317604033
1.625,-0.47208137471896505
1.6260000000000001,-0.4724876783337621
1.627,-0.47291121808088843
1.6280000000000001,-0.4733519834521413
1.629,-0.4738099637990399
1.6300000000000001,-0.4742851483332158
1.631,-0.47477752612680174
1.6320000000000001,-0.47528708080444126
1.633,-0.4758138026003479
1.6340000000000001,-0.47635768215132124
1.635,-0.4769187077769276
1.6360000000000001,-0.47749686764789917
1.637,-0.4780921497862454
1.6380000000000001,-0.478704542065365
1.639,-0.47933403221015675
1.6400000000000001,-0.4799806077971324
1.641,-0.48064425625452656
1.6420000000000001,-0.4813249648624103
1.643,-0.48202272075280095
1.6440000000000001,-0.4827375109097753
1.645,-0.48346932216957994
1.6460000000000001,-0.48421814122074375
1.647,-0.4849839546041892
1.6480000000000001,-0.485766748713344
1.649,-0.4865665097942525
1.6500000000000001,-0.4873832239456879
1.651,-0.4882168715945602
1.6520000000000001,-0.48906744064355406
1.653,-0.48993491834401187
1.6540000000000001,-0.49081929001446306
1.655,-0.4917205408158079
1.6560000000000001,-0.49263865575116217
1.657,-0.49357361966569857
1.6580000000000001,-0.4945254172464917
1.659,-0.4954940330223587
1.6600000000000001,-0.496479451363705
1.661,-0.49748165648236475
1.6620000000000001,-0.49850063243144604
1.663,-0.49953636310517197
1.6640000000000001,-0.5005888322387256
1.665,-0.5016580234080915
1.666,-0.5027439200298995
1.667,-0.503846505361268
1.668,-0.5049657624996455
1.669,-0.5061016743826562
1.67,-0.5072542183016806
1.671,-0.508423379478661
1.672,-0.5096091415469148
1.673,-0.5108114866246618
1.674,-0.5120303966593908
1.675,-0.5132658534274563
1.676,-0.5145178385336711
1.677,-0.5157863334109017
1.678,-0.5170713193196617
1.679,-0.5183727773477071
1.68,-0.5196906884096298
1.681,-0.5210250332464529
1.682,-0.5223757924252233
1.683,-0.5237429463386083
1.684,-0.5251264752044881
1.685,-0.5265263590655513
1.686,-0.5279425777888881
1.687,-0.529375111065586
1.688,-0.5308239384103227
1.689,-0.5322890340025463
1.69,-0.5337703798838794
1.691,-0.5352679558058951
1.692,-0.536781740416002
1.693,-0.538311712174255
1.694,-0.5398578493527278
1.695,-0.5414201300348915
1.696,-0.5429985321149872
1.697,-0.5445930332974032
1.698,-0.5462036110960498
1.699,-0.5478302428337348
1.7,-0.5494729056415385
1.701,-0.5511315764581904
1.702,-0.5528062320294426
1.703,-0.5544968489074474
1.704,-0.5562034034501308
1.705,-0.5579258718205697
1.706,-0.5596642299863654
1.707,-0.5614184537190212
1.708,-0.5631885140924583
1.709,-0.5649743893330436
1.71,-0.5667760550292044
1.711,-0.5685934860322877
1.712,-0.5704266569870994
1.713,-0.5722755423311019
1.714,-0.5741401162936078
1.715,-0.5760203528949794
1.716,-0.5779162259458208
1.717,-0.5798277090461773
1.718,-0.5817547755847283
1.719,-0.5836973987379867
1.72,-0.5856555514694906
1.721,-0.5876292065290043
1.722,-0.5896183364517096
1.723,-0.5916229135574054
1.724,-0.5936429099497006
1.725,-0.5956782975152136
1.726,-0.5977290479227644
1.727,-0.5997951291671295
1.728,-0.6018765148966151
1.729,-0.603973176256072
1.73,-0.6060850839411391
1.731,-0.6082122084203393
1.732,-0.6103545199341429
1.733,-0.612511988494037
1.734,-0.6146845838815879
1.735,-0.6168722756475111
1.736,-0.6190750331107339
1.737,-0.6212928253574652
1.738,-0.6235256212402578
1.739,-0.6257733893770784
1.74,-0.6280360981503701
1.741,-0.6303137157061223
1.742,-0.6326062099529332
1.743,-0.6349135485610795
1.744,-0.637235698961579
1.745,-0.6395726283452605
1.746,-0.6419243017016486
1.747,-0.6442906872273455
1.748,-0.6466717513713728
1.749,-0.6490674603039541
1.75,-0.6514777799476066
1.7510000000000001,-0.6539026759761403
1.752,-0.6563421138136518
1.7530000000000001,-0.6587960586335246
1.754,-0.6612644753574213
1.7550000000000001,-0.6637473286542848
1.756,-0.66624458293933
1.7570000000000001,-0.6687562023730458
1.758,-0.671282150860186
1.7590000000000001,-0.6738223920487715
1.76,-0.6763768893290814
1.7610000000000001,-0.6789456058326548
1.762,-0.6815285044312825
1.7630000000000001,-0.6841255477360086
1.764,-0.6867366980965043
1.7650000000000001,-0.6893619176122164
1.766,-0.6920011680956231
1.7670000000000001,-0.6946544111050622
1.768,-0.6973216079331213
1.7690000000000001,-0.7000027196056404
1.77,-0.7026977068807038
1.7710000000000001,-0.7054065302476414
1.772,-0.7081291499260218
1.7730000000000001,-0.7108655258646538
1.774,-0.7136156177405786
1.7750000000000001,-0.7163793849580717
1.776,-0.7191567866476353
1.7770000000000001,-0.7219477816650001
1.778,-0.7247523285901173
1.7790000000000001,-0.727570385726161
1.78,-0.7304019110985198
1.7810000000000001,-0.7332468624537994
1.782,-0.7361051972588142
1.7830000000000001,-0.7389768728639106
1.784,-0.7418618481383576
1.7850000000000001,-0.7447600780747107
1.786,-0.7476715190647412
1.7870000000000001,-0.7505961272185581
1.788,-0.7535338583636786
1.7890000000000001,-0.7564846680441082
1.79,-0.7594485115194115
1.7910000000000001,-0.7624253437637935
1.792,-0.7654151194651684
1.793,-0.7684177930242412
1.794,-0.7714333185535809
1.795,-0.7744616498766934
1.796,-0.7775027405271028
1.797,-0.7805565437474207
1.798,-0.7836230124884274
1.799,-0.7867020994081424
1.8,-0.789793756870905
1.801,-0.7928979369464444
1.802,-0.7960145919583252
1.803,-0.7991436770671642
1.804,-0.8022851402592468
1.805,-0.8054389325286708
1.806,-0.8086050045767917
1.807,-0.8117833068114543
1.808,-0.814973789346236
1.809,-0.818176401999679
1.81,-0.821391094294533
1.811,-0.8246178154569876
1.812,-0.827856514415915
1.813,-0.8311071398021022
1.814,-0.8343696399474938
1.815,-0.8376439628844247
1.816,-0.8409300563448623
1.817,-0.8442278677596389
1.818,-0.847537344257695
1.819,-0.8508584326653109
1.82,-0.85419107950535
1.821,-0.8575352321607338
1.822,-0.8608908415977008
1.823,-0.8642578488021513
1.824,-0.8676361992473393
1.825,-0.8710258381092045
1.826,-0.8744267102658639
1.827,-0.8778387602970902
1.828,-0.8812619324838027
1.829,-0.8846961708075473
1.83,-0.8881414189499867
1.831,-0.8915976202923795
1.832,-0.8950647179150724
1.833,-0.8985426545969771
1.834,-0.9020313728150636
1.835,-0.905530814743838
1.836,-0.9090409222548337
1.837,-0.9125616369160905
1.838,-0.9160928999916461
1.839,-0.9196346524410147
1.84,-0.9231868369097282
1.841,-0.9267493997108568
1.842,-0.9303222750703732
1.843,-0.9339054029542566
1.844,-0.9374987230346452
1.845,-0.9411021746896456
1.846,-0.9447156970031548
1.847,-0.9483392287646686
1.848,-0.951972708469103
1.849,-0.9556160743166039
1.85,-0.9592692642123682
1.851,-0.9629322157664528
1.852,-0.9666048662935963
1.853,-0.9702871528130278
1.854,-0.9739790120482887
1.855,-0.9776803804270414
1.856,-0.9813911940808913
1.857,-0.9851113888451949
1.858,-0.9888409002588828
1.859,-0.9925796665395736
1.86,-0.9963276289648418
1.861,-1.0000847155036057
1.862,-1.0038508607888452
1.863,-1.0076259991724053
1.864,-1.0114100647252204
1.865,-1.0152029912375282
1.866,-1.019004712219093
1.867,-1.0228151608994207
1.868,-1.0266342702279827
1.869,-1.0304619728744286
1.87,-1.0342982012288124
1.871,-1.0381428874018042
1.872,-1.041995963224916
1.873,-1.0458573602507144
1.874,-1.0497270097530462
1.875,-1.05360484272725
1.8760000000000001,-1.0574907898903827
1.877,-1.0613847816814315
1.8780000000000001,-1.0652867522839071
1.879,-1.0691966377044555
1.8800000000000001,-1.0731143604201183
1.881,-1.0770398500823304
1.8820000000000001,-1.0809730360841072
1.883,-1.0849138475607172
1.8840000000000001,-1.0888622133903696
1.885,-1.0928180621948875
1.8860000000000001,-1.0967813223403942
1.887,-1.1007519219379873
1.8880000000000001,-1.1047297888444247
1.889,-1.1087148506627986
1.8900000000000001,-1.1127070347432224
1.891,-1.116706268183503
1.8920000000000001,-1.120712477829829
1.893,-1.124725590277443
1.8940000000000001,-1.1287455318713286
1.895,-1.1327722287068844
1.8960000000000001,-1.1368056066306103
1.897,-1.1408455962420057
1.8980000000000001,-1.1448921282681206
1.899,-1.1489451206938377
1.9000000000000001,-1.153004498724455
1.901,-1.1570701873397242
1.9020000000000001,-1.1611421112950342
1.903,-1.1652201951225791
1.9040000000000001,-1.1693043631325413
1.905,-1.1733945394142598
1.9060000000000001,-1.1774906478374132
1.907,-1.1815926120531874
1.9080000000000001,-1.18570035549546
1.909,-1.1898138013819666
1.9100000000000001,-1.1939328727154856
1.911,-1.1980574922850054
1.9120000000000001,-1.2021875826669077
1.913,-1.206323066226136
1.9140000000000001,-1.2104638651173776
1.915,-1.2146099012862335
1.9160000000000001,-1.2187611022246854
1.917,-1.2229173936716342
1.9180000000000001,-1.2270786903045294
1.919,-1.231244913597128
1.92,-1.235415984840207
1.921,-1.2395918251432374
1.922,-1.2437723554360585
1.923,-1.2479574964705606
1.924,-1.2521471688223567
1.925,-1.2563412928924644
1.926,-1.260539788908978
1.927,-1.2647425769287515
1.928,-1.2689495768390688
1.929,-1.2731607083593282
1.93,-1.2773758910427115
1.931,-1.2815950442778699
1.932,-1.285818087290592
1.933,-1.2900449391454896
1.934,-1.2942755187476662
1.935,-1.298509750958385
1.936,-1.302747557174162
1.937,-1.30698885006751
1.938,-1.311233548257325
1.939,-1.3154815702305653
1.94,-1.3197328343443977
1.941,-1.3239872588283546
1.942,-1.3282447617864812
1.943,-1.3325052611994932
1.944,-1.336768674926922
1.945,-1.3410349207092747
1.946,-1.3453039161701774
1.947,-1.3495755788185362
1.948,-1.353849826050681
1.949,-1.3581265751525258
1.95,-1.3624057433017114
1.951,-1.3666872475697676
1.952,-1.3709710049242558
1.953,-1.3752569322309294
1.954,-1.3795449521831928
1.955,-1.3838349828580712
1.956,-1.3881269362636517
1.957,-1.3924207291734845
1.958,-1.3967162782868394
1.959,-1.4010135002312807
1.96,-1.4053123115652268
1.961,-1.4096126287805242
1.962,-1.4139143683050075
1.963,-1.4182174465050736
1.964,-1.4225217796882423
1.965,-1.4268272841057292
1.966,-1.4311338759550063
1.967,-1.4354414713823764
1.968,-1.4397499864855325
1.969,-1.4440593373161323
1.97,-1.4483694398823581
1.971,-1.4526802101514908
1.972,-1.45699156405247
1.973,-1.4613034225635897
1.974,-1.465615701821359
1.975,-1.4699283144655797
1.976,-1.4742411765271057
1.977,-1.4785542040243924
1.978,-1.482867312966381
1.979,-1.4871804193553961
1.98,-1.4914934391900299
1.981,-1.4958062884680392
1.982,-1.5001188831892294
1.983,-1.5044311393583527
1.984,-1.5087429729879913
1.985,-1.5130543001014554
1.986,-1.5173650367356664
1.987,-1.5216750989440557
1.988,-1.5259844027994474
1.989,-1.5302928643969567
1.99,-1.5346003998568731
1.991,-1.5389069253275587
1.992,-1.5432123605371701
1.993,-1.5475166213444234
1.994,-1.5518196222004352
1.995,-1.5561212795419288
1.996,-1.5604215098565315
1.997,-1.564720229685879
1.998,-1.5690173556287077
1.999,-1.5733128043439568
2.0,-1.5776064925538613
2.001,-1.5818983370470547
2.0020000000000002,-1.5861882546816652
2.003,-1.5904761623884065
2.004,-1.594761977173687
2.005,-1.5990456161227002
2.0060000000000002,-1.6033269964025259
2.007,-1.6076060352652197
2.008,-1.611882650050923
2.009,-1.6161567581909522
2.0100000000000002,-1.620428277210901
2.011,-1.6246971261012768
2.012,-1.6289632222688724
2.013,-1.633226482988015
2.0140000000000002,-1.6374868262447986
2.015,-1.6417441701380566
2.016,-1.6459984328825452
2.017,-1.650249532812106
2.0180000000000002,-1.6544973883828415
2.019,-1.6587419181762788
2.02,-1.6629830409025512
2.021,-1.6672206754035634
2.0220000000000002,-1.671454740656165
2.023,-1.675685155775315
2.024,-1.6799118400172635
2.025,-1.684134712782716
2.0260000000000002,-1.6883536936200083
2.027,-1.6925687022282696
2.028,-1.6967796584606052
2.029,-1.7009864823272607
2.0300000000000002,-1.7051890926806916
2.031,-1.709387410309995
2.032,-1.7135813561316247
2.033,-1.717770850769146
2.0340000000000003,-1.7219558150164578
2.035,-1.7261361698408881
2.036,-1.730311836386313
2.037,-1.7344827359762534
2.0380000000000003,-1.7386487901169838
2.039,-1.742809920500632
2.04,-1.7469660490082948
2.041,-1.7511170977131356
2.0420000000000003,-1.7552629888834947
2.043,-1.7594036449859867
2.044,-1.763538988688617
2.045,-1.7676689428638805
2.0460000000000003,-1.77179343059187
2.047,-1.7759123751633759
2.048,-1.7800257000830002
2.049,-1.7841333247781013
2.05,-1.7882351750985894
2.051,-1.7923311762312446
2.052,-1.796421252424112
2.053,-1.8005053281464776
2.054,-1.8045833280917654
2.055,-1.8086551771804502
2.056,-1.8127208005629545
2.057,-1.816780123622567
2.058,-1.8208330719783408
2.059,-1.824879571488004
2.06,-1.8289195482508585
2.061,-1.8329529286106971
2.062,-1.8369796391587032
2.063,-1.8409996067363599
2.064,-1.8450127584383496
2.065,-1.8490190216154712
2.066,-1.853018323877539
2.067,-1.8570105930962932
2.068,-1.8609957501234622
2.069,-1.864973727236603
2.07,-1.8689444543484837
2.071,-1.872907860180421
2.072,-1.8768638737173187
2.073,-1.8808124242102675
2.074,-1.8847534411791305
2.075,-1.8886868544151347
2.076,-1.8926125939834566
2.077,-1.8965305902258216
2.078,-1.9004407737630882
2.079,-1.9043430754978419
2.08,-1.9082374266169784
2.081,-1.9121237585943045
2.082,-1.9160020031931222
2.083,-1.9198720924688215
2.084,-1.923733958771465
2.085,-1.9275875347483882
2.086,-1.931432753346783
2.087,-1.9352695378113667
2.088,-1.9390978277906512
2.089,-1.942917558242616
2.09,-1.9467286630462084
2.091,-1.9505310763765904
2.092,-1.9543247327073154
2.093,-1.9581095668125215
2.094,-1.9618855137691076
2.095,-1.9656525089589212
2.096,-1.969410488070934
2.097,-1.9731593871034359
2.098,-1.976899142366211
2.099,-1.9806296904827256
2.1,-1.984350968392303
2.101,-1.9880629133523187
2.102,-1.991765462940375
2.103,-1.9954585550564898
2.104,-1.999142127925272
2.105,-2.002816120098115
2.106,-2.0064804582554165
2.107,-2.010135089882607
2.108,-2.0137799552024966
2.109,-2.017414993757492
2.11,-2.0210401454086195
2.111,-2.0246553503372438
2.112,-2.028260549046776
2.113,-2.031855682364402
2.114,-2.03544069144279
2.115,-2.039015517761811
2.116,-2.042580103130246
2.117,-2.0461343896875155
2.118,-2.0496783199053854
2.119,-2.0532118365896888
2.12,-2.0567348828820333
2.121,-2.060247402261529
2.122,-2.0637493385464962
2.123,-2.0672406358961855
2.124,-2.0707212388124874
2.125,-2.074191078472169
2.126,-2.077650110186832
2.1270000000000002,-2.081098279593773
2.128,-2.0845355322241543
2.129,-2.087961813940163
2.13,-2.0913770709362276
2.1310000000000002,-2.0947812497402425
2.132,-2.0981742972147837
2.133,-2.101556160558339
2.134,-2.1049267873065234
2.1350000000000002,-2.108286125333305
2.136,-2.1116341228522204
2.137,-2.1149707284176027
2.138,-2.1182958909258005
2.1390000000000002,-2.121609559616402
2.14,-2.1249116840734485
2.141,-2.128202214226667
2.142,-2.1314811003526852
2.1430000000000002,-2.1347482928883506
2.144,-2.138003729082039
2.145,-2.14124737107437
2.146,-2.144479170205642
2.1470000000000002,-2.1476990781496403
2.148,-2.1509070469143614
2.149,-2.154103028842756
2.15,-2.157286976613453
2.1510000000000002,-2.160458843241497
2.152,-2.163618582079075
2.153,-2.1667661468162565
2.154,-2.16990149148172
2.1550000000000002,-2.1730245704434896
2.156,-2.176135338409661
2.157,-2.179233750429142
2.158,-2.18231976189238
2.1590000000000003,-2.185393328532097
2.16,-2.1884544064240163
2.161,-2.191502951987604
2.162,-2.194538921228623
2.1630000000000003,-2.197562259501548
2.164,-2.2005729338736995
2.165,-2.203570901832796
2.166,-2.2065561211957427
2.1670000000000003,-2.209528550108911
2.168,-2.2124881470484103
2.169,-2.215434870820372
2.17,-2.218368680561222
2.1710000000000003,-2.2212895357379594
2.172,-2.224197396148428
2.173,-2.2270922219216
2.174,-2.229973973517851
2.1750000000000003,-2.2328426117292337
2.176,-2.2356980976797556
2.177,-2.238540392825658
2.178,-2.241369458955693
2.179,-2.2441852581913957
2.18,-2.2469877529873674
2.181,-2.249776904948871
2.182,-2.2525526677969965
2.183,-2.255315013011549
2.184,-2.2580639041057786
2.185,-2.2607993049113757
2.186,-2.2635211795783534
2.187,-2.266229492574923
2.188,-2.268924208687369
2.189,-2.271605293019925
2.19,-2.274272710994654
2.191,-2.276926428351325
2.192,-2.279566411147287
2.193,-2.282192625757345
2.194,-2.2848050388736425
2.195,-2.2874036175055337
2.196,-2.289988328979462
2.197,-2.292559140938834
2.198,-2.295116021343902
2.199,-2.297658938471635
2.2,-2.300187859513268
2.201,-2.302702746410913
2.202,-2.3052035746464297
2.203,-2.307690313534554
2.204,-2.3101629326929514
2.205,-2.312621402041763
2.206,-2.3150656918031567
2.207,-2.317495772500873
2.208,-2.3199116149597745
2.209,-2.3223131903053886
2.21,-2.324700469963465
2.211,-2.327073425659516
2.212,-2.329432029418368
2.213,-2.3317762535637057
2.214,-2.3341060707176258
2.215,-2.3364214538001815
2.216,-2.338722376028931
2.217,-2.3410088109184835
2.218,-2.343280732280052
2.219,-2.3455381128283808
2.22,-2.3477809222675616
2.221,-2.3500091397758545
2.222,-2.3522227401731004
2.223,-2.354421698563481
2.224,-2.3566059903348178
2.225,-2.3587755911578667
2.226,-2.360930476985624
2.227,-2.3630706240526194
2.228,-2.3651960088742183
2.229,-2.367306608245915
2.23,-2.369402399242639
2.231,-2.371483359218048
2.232,-2.37354946580383
2.233,-2.3756006969089967
2.234,-2.3776370307191894
2.235,-2.379658445695973
2.236,-2.3816649205761373
2.237,-2.383656434370991
2.238,-2.3856329652057835
2.239,-2.3875944898770887
2.24,-2.389540991048249
2.241,-2.3914724487048615
2.242,-2.393388843096812
2.243,-2.3952901547374017
2.244,-2.3971763644024784
2.245,-2.3990474531295676
2.246,-2.400903402217006
2.247,-2.40274419322307
2.248,-2.40456980796511
2.249,-2.406380228518674
2.25,-2.40817543721665
2.251,-2.409955416648387
2.2520000000000002,-2.411720149658833
2.253,-2.413469619347661
2.254,-2.415203809068403
2.255,-2.416922702427582
2.2560000000000002,-2.4186262832838406
2.257,-2.4203145350121247
2.258,-2.421987440721158
2.259,-2.4236449864268836
2.2600000000000002,-2.425287156925639
2.261,-2.4269139372579627
2.262,-2.4285253127076394
2.263,-2.430121268800741
2.2640000000000002,-2.43170179130467
2.265,-2.4332668662271986
2.266,-2.434816479815515
2.267,-2.4363506185552635
2.2680000000000002,-2.437869269169588
2.269,-2.439372418618171
2.27,-2.44086005409628
2.271,-2.442332163033808
2.2720000000000002,-2.4437887330943155
2.273,-2.4452297521740713
2.274,-2.446655208401099
2.275,-2.448065090134214
2.2760000000000002,-2.4494593857972164
2.277,-2.4508380840080792
2.278,-2.452201174064345
2.279,-2.4535486452264395
2.2800000000000002,-2.454880486980106
2.281,-2.4561966890354276
2.282,-2.457497241325856
2.283,-2.4587821340072344
2.2840000000000003,-2.4600513574568246
2.285,-2.461304902272329
2.286,-2.462542759270918
2.287,-2.463764919488256
2.2880000000000003,-2.4649713741775248
2.289,-2.4661621148084474
2.29,-2.4673371330663176
2.291,-2.4684964208510207
2.2920000000000003,-2.4696399702760616
2.293,-2.4707677736675873
2.294,-2.4718798235634143
2.295,-2.4729761132077175
2.2960000000000003,-2.474056635973432
2.297,-2.475121384414134
2.298,-2.4761703519361964
2.299,-2.4772035321546015
2.3000000000000003,-2.4782209188920112
2.301,-2.479222506177834
2.302,-2.4802082882472996
2.303,-2.4811782595405267
2.3040000000000003,-2.482132414701593
2.305,-2.483070748577606
2.306,-2.4839932562177722
2.307,-2.48489993287247
2.308,-2.4857907739923153
2.309,-2.486665775227236
2.31,-2.4875249324255395
2.311,-2.4883682416329833
2.312,-2.4891956990918467
2.313,-2.4900073012399995
2.314,-2.4908030459009822
2.315,-2.4915829305479726
2.316,-2.4923469509988276
2.317,-2.493095104532142
2.318,-2.493827388621328
2.319,-2.4945438009337813
2.32,-2.495244339330044
2.321,-2.4959290018629767
2.322,-2.4965977867769173
2.323,-2.497250692506854
2.324,-2.4978877176775867
2.325,-2.4985088611028954
2.326,-2.4991141217847064
2.327,-2.499703498912257
2.328,-2.500276991861263
2.329,-2.500834600193085
2.33,-2.5013763236538926
2.331,-2.501902162173833
2.332,-2.5024121158661963
2.333,-2.5029061868953097
2.334,-2.5033843763112076
2.335,-2.5038466832317585
2.336,-2.5042931085900997
2.337,-2.50472365350381
2.338,-2.5051383192742107
2.339,-2.505537107385667
2.34,-2.5059200195048885
2.341,-2.5062870574802325
2.342,-2.5066382233410036
2.343,-2.5069735192967575
2.344,-2.507292947736599
2.345,-2.5075965112284875
2.346,-2.507884212518535
2.347,-2.508156054530309
2.348,-2.508412040364136
2.349,-2.508652173296398
2.35,-2.5088764567788386
2.351,-2.5090848944378625
2.352,-2.509277492554991
2.353,-2.509454255381426
2.354,-2.5096151853958295
2.355,-2.509760287031693
2.356,-2.5098895649002664
2.357,-2.5100030237900217
2.358,-2.510100668666119
2.359,-2.5101825046698694
2.36,-2.5102485371182004
2.361,-2.5102987715031198
2.362,-2.510333213491179
2.363,-2.5103518689229403
2.364,-2.5103547438124374
2.365,-2.5103418443466423
2.366,-2.51031317688493
2.367,-2.51026874795854
2.368,-2.510208564270044
2.369,-2.510132632692808
2.37,-2.510040960270458
2.371,-2.5099335572019736
2.372,-2.5098104307169273
2.373,-2.5096715867398682
2.374,-2.509517033117386
2.375,-2.5093467778709075
2.376,-2.5091608291963396
2.3770000000000002,-2.5089591954637123
2.378,-2.5087418852168226
2.379,-2.508508907172879
2.38,-2.508260270222143
2.3810000000000002,-2.5079959834275733
2.382,-2.5077160560244707
2.383,-2.507420497420119
2.384,-2.5071093171934304
2.3850000000000002,-2.506782525094589
2.386,-2.506440131044693
2.387,-2.506082145135398
2.388,-2.505708577628563
2.3890000000000002,-2.5053194389558913
2.39,-2.5049147430623577
2.391,-2.5044945000834895
2.392,-2.5040587194982495
2.3930000000000002,-2.5036074125456595
2.394,-2.5031405906402893
2.395,-2.5026582653720832
2.396,-2.5021604485061886
2.3970000000000002,-2.501647151982783
2.398,-2.501118387916904
2.399,-2.500574168598275
2.4,-2.5000145064911363
2.4010000000000002,-2.4994394142340686
2.402,-2.4988489046398263
2.403,-2.498242990695161
2.404,-2.4976216855606514
2.4050000000000002,-2.4969850025705327
2.406,-2.4963329552325217
2.407,-2.495665557227647
2.408,-2.494982822410076
2.4090000000000003,-2.494284772969517
2.41,-2.4935714202014827
2.411,-2.492842775494412
2.412,-2.4920988535532107
2.4130000000000003,-2.4913396692577954
2.414,-2.490565237662775
2.415,-2.489775573997137
2.416,-2.4889706936639278
2.4170000000000003,-2.488150612239941
2.418,-2.487315345475399
2.419,-2.4864649092936353
2.42,-2.4855993197907815
2.4210000000000003,-2.484718593235449
2.422,-2.4838227460684146
2.423,-2.482911794902302
2.424,-2.481985756521268
2.4250000000000003,-2.4810446478806853
2.426,-2.4800884861068266
2.427,-2.479117288496548
2.428,-2.4781310725169736
2.4290000000000003,-2.4771298558051784
2.43,-2.4761136561678745
2.431,-2.475082491581091
2.432,-2.474036380189862
2.433,-2.4729753403079076
2.434,-2.471899390417319
2.435,-2.470808549168243
2.436,-2.469702835378565
2.437,-2.468582268033591
2.438,-2.4674468662857354
2.439,-2.4662966494542027
2.44,-2.465131637024671
2.441,-2.463951859052756
2.442,-2.4627573486884806
2.443,-2.461548107698053
2.444,-2.460324156712598
2.445,-2.4590855165521623
2.446,-2.4578322082259403
2.447,-2.4565642529324996
2.448,-2.4552816720600004
2.449,-2.4539844871864243
2.45,-2.4526727200797933
2.451,-2.4513463926984
2.452,-2.4500055271910255
2.453,-2.448650145897166
2.454,-2.447280271347258
2.455,-2.4458959262629003
2.456,-2.444497133557078
2.457,-2.4430839163343876
2.458,-2.441656297891259
2.459,-2.440214301716183
2.46,-2.4387579514899316
2.461,-2.437287271085784
2.462,-2.435802284569748
2.463,-2.4343030162007895
2.464,-2.43278949043105
2.465,-2.431261744209098
2.466,-2.429719798242338
2.467,-2.42816367278194
2.468,-2.426593393342905
2.469,-2.4250089856480295
2.47,-2.4234104756284105
2.471,-2.4217978894239534
2.472,-2.4201712533838706
2.473,-2.418530594067191
2.474,-2.4168759382432623
2.475,-2.4152073128922598
2.476,-2.413524745205685
2.477,-2.411828262586875
2.478,-2.4101178926515066
2.479,-2.4083936632281
2.48,-2.4066556023585237
2.481,-2.4049037382985
2.482,-2.403138099518109
2.483,-2.401358714702296
2.484,-2.399565612751372
2.485,-2.39775882278152
2.486,-2.3959383741253015
2.487,-2.3941042963321624
2.488,-2.392256619223207
2.489,-2.3903953740921504
2.49,-2.388520590027567
2.491,-2.386632297473163
2.492,-2.3847305270930677
2.493,-2.38281530977236
2.494,-2.380886676617596
2.495,-2.378944658957335
2.496,-2.376989288342662
2.497,-2.3750205965477162
2.498,-2.3730386155702137
2.499,-2.3710433776319784
2.5,-2.369034915179461
2.501,-2.367013260884271
2.5020000000000002,-2.364978447643696
2.503,-2.362930508581235
2.504,-2.3608694770471153
2.505,-2.358795386618826
2.5060000000000002,-2.356708271101638
2.507,-2.354608164529134
2.508,-2.3524951011637314
2.509,-2.3503691154972075
2.5100000000000002,-2.3482302422512262
2.511,-2.3460785163778675
2.512,-2.3439139715288144
2.513,-2.3417366418014005
2.5140000000000002,-2.339546564942817
2.515,-2.3373437767676974
2.516,-2.3351283133207286
2.517,-2.3329002108771135
2.5180000000000002,-2.3306595059430406
2.519,-2.3284062352561485
2.52,-2.326140435785989
2.521,-2.3238621447344947
2.5220000000000002,-2.321571399536443
2.523,-2.319268237859926
2.524,-2.31695269760681
2.525,-2.314624816913205
2.5260000000000002,-2.312284634149926
2.527,-2.309932187922967
2.528,-2.3075675170739567
2.529,-2.3051906606806303
2.5300000000000002,-2.302801658057291
2.531,-2.300400548755282
2.532,-2.297987372563443
2.533,-2.295562169508583
2.5340000000000003,-2.2931249798559414
2.535,-2.2906758441096584
2.536,-2.2882148003876064
2.537,-2.2857418908527642
2.5380000000000003,-2.2832571574983667
2.539,-2.280760641731362
2.54,-2.2782523851972765
2.541,-2.2757324297806325
2.5420000000000003,-2.27320081760536
2.543,-2.2706575910352123
2.544,-2.268102792674172
2.545,-2.265536465366869
2.5460000000000003,-2.2629586521989915
2.547,-2.2603693964977007
2.548,-2.2577687418320402
2.549,-2.2551567320133503
2.5500000000000003,-2.25253341109568
2.551,-2.2498988233762027
2.552,-2.247253013395626
2.553,-2.2445960259386033
2.5540000000000003,-2.241927906034148
2.555,-2.2392486989560516
2.556,-2.2365584502232854
2.557,-2.233857205600421
2.5580000000000003,-2.231145011098041
2.559,-2.2284219123607776
2.56,-2.2256879501196583
2.561,-2.222943176287195
2.562,-2.2201876377556182
2.563,-2.2174213816602473
2.564,-2.2146444553798066
2.565,-2.211856906536731
2.566,-2.209058782997482
2.567,-2.206250132872858
2.568,-2.203431004518308
2.569,-2.200601446534241
2.57,-2.197761507766338
2.571,-2.1949112373058646
2.572,-2.192050684489985
2.573,-2.1891798989020694
2.574,-2.1862989303720077
2.575,-2.183407828976521
2.576,-2.1805066450394777
2.577,-2.177595429132197
2.578,-2.1746742320737678
2.579,-2.1717431049313554
2.58,-2.16880209902052
2.581,-2.1658512659055207
2.582,-2.1628906573996316
2.583,-2.1599203191615577
2.584,-2.15694030015025
2.585,-2.1539506599377862
2.586,-2.1509514511006786
2.587,-2.1479427264550695
2.588,-2.144924539056832
2.589,-2.1418969422016523
2.59,-2.138859989425126
2.591,-2.135813734502849
2.592,-2.132758231450513
2.593,-2.129693534523992
2.594,-2.1266196982194354
2.595,-2.1235367772733627
2.596,-2.1204448266627547
2.597,-2.1173439016051425
2.598,-2.114234057558701
2.599,-2.1111153502223403
2.6,-2.107987835535803
2.601,-2.104851569679745
2.602,-2.1017066090758383
2.603,-2.098553010386854
2.604,-2.0953908305167643
2.605,-2.0922201266108233
2.606,-2.089040956055667
2.607,-2.0858533585244605
2.608,-2.082657401742868
2.609,-2.079453147610965
2.61,-2.0762406541165284
2.611,-2.0730199794723885
2.612,-2.0697911821161883
2.613,-2.0665543207101327
2.614,-2.0633094541407515
2.615,-2.0600566415186536
2.616,-2.0567959421782884
2.617,-2.0535274156776944
2.618,-2.0502511217982624
2.619,-2.0469671205444886
2.62,-2.0436754721437382
2.621,-2.0403762370459924
2.622,-2.0370694759236114
2.623,-2.0337552496710884
2.624,-2.0304336194048123
2.625,-2.027104646462816
2.626,-2.0237683924045387
2.6270000000000002,-2.0204249190105785
2.628,-2.017074288282459
2.629,-2.013716562442372
2.63,-2.0103518001374936
2.6310000000000002,-2.00698004377926
2.632,-2.0036013754497404
2.633,-2.000215857830324
2.634,-1.9968235538021872
2.6350000000000002,-1.9934245264456474
2.636,-1.9900188390395284
2.637,-1.9866065550605105
2.638,-1.9831877381824963
2.6390000000000002,-1.979762452275965
2.64,-1.9763307614073378
2.641,-1.9728927298383288
2.642,-1.9694484220253092
2.6430000000000002,-1.9659979026186625
2.644,-1.9625412364621506
2.645,-1.9590784885922632
2.646,-1.9556097242375827
2.6470000000000002,-1.9521350088181402
2.648,-1.9486544079447803
2.649,-1.9451679874185108
2.65,-1.9416758132298684
2.6510000000000002,-1.9381779515582735
2.652,-1.9346744687713966
2.653,-1.9311654314245064
2.654,-1.927650892589965
2.6550000000000002,-1.9241309156434332
2.656,-1.9206055796927426
2.657,-1.9170749515890078
2.658,-1.9135390983469927
2.6590000000000003,-1.9099980871440492
2.66,-1.9064519853190656
2.661,-1.9029008603713988
2.662,-1.899344779959824
2.6630000000000003,-1.8957838119014732
2.664,-1.8922180241707833
2.665,-1.8886474848984296
2.666,-1.8850722623702734
2.6670000000000003,-1.8814924250263023
2.668,-1.877908041459578
2.669,-1.8743191804151684
2.67,-1.8707259107890977
2.6710000000000003,-1.867128301627284
2.672,-1.863526422124489
2.673,-1.8599203416232495
2.674,-1.8563101296128273
2.6750000000000003,-1.8526958557281472
2.676,-1.8490775897487457
2.677,-1.8454554015977045
2.678,-1.8418293377255506
2.6790000000000003,-1.838199483356391
2.68,-1.834565912128264
2.681,-1.8309286940789828
2.682,-1.8272878993640254
2.6830000000000003,-1.8236435982550607
2.684,-1.8199958611384885
2.685,-1.8163447585139596
2.686,-1.8126903609929148
2.6870000000000003,-1.8090327392971128
2.688,-1.805371964257168
2.689,-1.8017081068110723
2.69,-1.7980412380027335
2.691,-1.7943714289805048
2.692,-1.7906987509957148
2.693,-1.7870232754012052
2.694,-1.7833450736498528
2.695,-1.7796642172931074
2.696,-1.7759807779795203
2.697,-1.772294827453282
2.698,-1.7686064375527437
2.699,-1.7649156802089558
2.7,-1.761222627444196
2.701,-1.7575273464471377
2.702,-1.7538298926104208
2.703,-1.7501303553320733
2.704,-1.7464288065841176
2.705,-1.7427253184037799
2.706,-1.7390199628916356
2.707,-1.7353128122097692
2.708,-1.731603938579925
2.709,-1.7278934142816678
2.71,-1.7241813116505271
2.711,-1.7204677030761575
2.712,-1.7167526610004895
2.713,-1.7130362579158902
2.714,-1.7093185663633068
2.715,-1.7055996589304283
2.716,-1.701879608249835
2.717,-1.6981584869971602
2.718,-1.694436367889233
2.719,-1.6907133236822403
2.72,-1.6869894271698762
2.721,-1.6832647511815035
2.722,-1.6795393685802982
2.723,-1.6758133522614078
2.724,-1.6720867751501052
2.725,-1.6683596990829466
2.726,-1.6646321965102833
2.727,-1.6609043482464754
2.728,-1.6571762269906811
2.729,-1.6534479054477857
2.73,-1.6497194563262412
2.731,-1.6459909523359224
2.732,-1.6422624661859742
2.733,-1.6385340705826659
2.734,-1.6348058382272332
2.735,-1.631077841813733
2.736,-1.62735015402689
2.737,-1.6236228475399528
2.738,-1.6198959950125345
2.739,-1.6161696690884673
2.74,-1.612443942393651
2.741,-1.608718887533907
2.742,-1.6049945770928198
2.743,-1.6012710836295923
2.744,-1.5975484796768922
2.745,-1.5938268377387084
2.746,-1.5901062302881912
2.747,-1.5863867297655072
2.748,-1.5826684085756875
2.749,-1.5789513273343534
2.75,-1.5752355667432563
2.751,-1.571521199985054
2.7520000000000002,-1.5678082990931685
2.753,-1.5640969360455357
2.754,-1.560387182762256
2.755,-1.5566791111032572
2.7560000000000002,-1.5529727928659518
2.757,-1.5492682997828997
2.758,-1.5455657035194585
2.759,-1.5418650756714471
2.7600000000000002,-1.5381664877628018
2.761,-1.5344700112432401
2.762,-1.5307757174859107
2.763,-1.527083677785057
2.7640000000000002,-1.5233939633536726
2.765,-1.5197066453211667
2.766,-1.5160217947310124
2.767,-1.512339482538411
2.7680000000000002,-1.508659779607948
2.769,-1.504982756711257
2.77,-1.5013084845246694
2.771,-1.4976370336268785
2.7720000000000002,-1.4939684735997887
2.773,-1.4903028727593968
2.774,-1.4866403036695222
2.775,-1.482980836437351
2.7760000000000002,-1.4793245410580393
2.777,-1.4756714874123245
2.778,-1.4720217452641178
2.779,-1.4683753842581178
2.7800000000000002,-1.464732473917409
2.781,-1.4610930836410743
2.782,-1.4574572827017884
2.783,-1.453825140243429
2.7840000000000003,-1.450196725278678
2.785,-1.4465721066866317
2.786,-1.4429513532103961
2.787,-1.439334533454697
2.7880000000000003,-1.435721715883481
2.789,-1.432112968817527
2.79,-1.4285083604320392
2.791,-1.4249079587542601
2.7920000000000003,-1.4213118316610696
2.793,-1.417720046876596
2.794,-1.414132671969812
2.795,-1.4105497743521433
2.7960000000000003,-1.406971424777009
2.797,-1.4033976898891876
2.798,-1.3998286346564763
2.799,-1.3962643259301233
2.8000000000000003,-1.3927048303961878
2.801,-1.389150214573237
2.802,-1.3856005448100295
2.803,-1.3820558872832103
2.8040000000000003,-1.3785163079950018
2.805,-1.3749818727708985
2.806,-1.371452647257351
2.807,-1.3679286969194617
2.8080000000000003,-1.3644100870386742
2.809,-1.3608968827104702
2.81,-1.357389148842051
2.811,-1.353886950150036
2.8120000000000003,-1.3503903511581492
2.813,-1.346899416194918
2.814,-1.3434142093913544
2.815,-1.339934794678653
2.816,-1.3364612357858796
2.817,-1.3329935962376618
2.818,-1.329531939351886
2.819,-1.3260763282373798
2.82,-1.3226268398953347
2.821,-1.3191835260020839
2.822,-1.3157464487400383
2.823,-1.3123156705955028
2.824,-1.3088912538450213
2.825,-1.3054732605532786
2.826,-1.302061752571016
2.827,-1.2986567915329266
2.828,-1.2952584388555695
2.829,-1.2918667557352725
2.83,-1.2884818031460465
2.831,-1.2851036418374815
2.832,-1.2817323323326608
2.833,-1.278367934926064
2.834,-1.2750105096814794
2.835,-1.2716601164299035
2.836,-1.2683168147674522
2.837,-1.2649806640532646
2.838,-1.261651723407417
2.839,-1.2583300517088194
2.84,-1.255015707593129
2.841,-1.2517087494506542
2.842,-1.2484092354242664
2.843,-1.245117229853063
2.844,-1.2418328004850827
2.845,-1.238555992107749
2.846,-1.2352868621943387
2.847,-1.2320254679760885
2.848,-1.2287718664404275
2.849,-1.2255261143292007
2.85,-1.2222882681369012
2.851,-1.2190583841088896
2.852,-1.215836518239625
2.853,-1.2126227262708889
2.854,-1.209417063690019
2.855,-1.2062195857281262
2.856,-1.2030303473583268
2.857,-1.1998494032939673
2.858,-1.196676807986856
2.859,-1.1935126156254814
2.86,-1.190356880133245
2.861,-1.1872096551666844
2.862,-1.1840709941137066
2.863,-1.1809409500918053
2.864,-1.1778195759462937
2.865,-1.1747069242485282
2.866,-1.1716030472941414
2.867,-1.1685080143121245
2.868,-1.1654218723438188
2.869,-1.1623446653017584
2.87,-1.1592764447841002
2.871,-1.156217262123914
2.872,-1.153167168387805
2.873,-1.1501262143745292
2.874,-1.1470944506136154
2.875,-1.144071927363974
2.876,-1.1410586946125203
2.8770000000000002,-1.1380548020727894
2.878,-1.1350602991835579
2.879,-1.132075235107453
2.88,-1.1290996587295765
2.8810000000000002,-1.1261336186561175
2.882,-1.1231771632129768
2.883,-1.1202303404443745
2.884,-1.117293198111474
2.8850000000000002,-1.114365783690995
2.886,-1.1114481443738384
2.887,-1.1085403270636927
2.888,-1.1056423783756588
2.8890000000000002,-1.1027543446348638
2.89,-1.0998762723040416
2.891,-1.0970082351254395
2.892,-1.0941502551963964
2.8930000000000002,-1.0913023781119409
2.894,-1.0884646491910208
2.895,-1.0856371134755338
2.896,-1.0828198157293725
2.8970000000000002,-1.08001280043746
2.898,-1.0772161118047947
2.899,-1.0744297937554814
2.9,-1.0716538899317756
2.9010000000000002,-1.06888844369312
2.902,-1.0661334981151884
2.903,-1.0633890959889178
2.904,-1.0606552798195519
2.9050000000000002,-1.0579320918256774
2.906,-1.0552195739382695
2.907,-1.0525177677997213
2.908,-1.04982671476289
2.9090000000000003,-1.047146455890132
2.91,-1.0444770319523475
2.911,-1.041818483428012
2.912,-1.0391708505022208
2.9130000000000003,-1.0365341730657245
2.914,-1.0339085005373554
2.915,-1.031293882567821
2.916,-1.0286903431161851
2.9170000000000003,-1.0260979213283008
2.918,-1.0235166560714177
2.919,-1.0209465859336282
2.92,-1.0183877492233235
2.9210000000000003,-1.015840183968646
2.922,-1.0133039279169442
2.923,-1.01077901853422
2.924,-1.008265493004586
2.9250000000000003,-1.0057633882297146
2.926,-1.0032727408282966
2.927,-1.0007935871354858
2.928,-0.9983259632023577
2.9290000000000003,-0.9958699047953581
2.93,-0.9934254473957617
2.931,-0.9909926261991171
2.932,-0.9885714761147046
2.9330000000000003,-0.9861620317649863
2.934,-0.9837643274850628
2.935,-0.98137839732212
2.936,-0.9790042750348856
2.9370000000000003,-0.9766419940930797
2.938,-0.9742916055328692
2.939,-0.9719531351563622
2.94,-0.9696266095592426
2.9410000000000003,-0.9673120614547192
2.942,-0.9650095232829079
2.943,-0.9627190272106521
2.944,-0.9604406051313514
2.945,-0.9581742886647865
2.946,-0.9559201091569435
2.947,-0.9536780976798435
2.948,-0.9514482850313619
2.949,-0.9492307017350584
2.95,-0.9470253780399996
2.951,-0.9448323439205893
2.952,-0.9426516290763876
2.953,-0.9404832629319402
2.954,-0.9383272746366027
2.955,-0.9361836930643689
2.956,-0.9340525468136912
2.957,-0.9319338642073097
2.958,-0.929827673292076
2.959,-0.9277340018387821
2.96,-0.9256528773419803
2.961,-0.9235843283869032
2.962,-0.9215284004433757
2.963,-0.9194851040072161
2.964,-0.9174544657909736
2.965,-0.9154365122452917
2.966,-0.9134312695590406
2.967,-0.9114387636594533
2.968,-0.9094590202122546
2.969,-0.907492064621797
2.97,-0.9055379220311937
2.971,-0.9035966173224544
2.972,-0.9016681751166143
2.973,-0.8997526197738706
2.974,-0.8978499753937138
2.975,-0.8959602658150659
2.976,-0.8940835146164072
2.977,-0.8922197451159143
2.978,-0.890368980371591
2.979,-0.8885312431814054
2.98,-0.886706556083419
2.981,-0.8848949413559221
2.982,-0.8830964210175668
2.983,-0.8813110168275031
2.984,-0.8795387502855079
2.985,-0.8777796488787637
2.986,-0.8760337377858325
2.987,-0.8743010301284555
2.988,-0.8725815466146591
2.989,-0.8708753077051073
2.99,-0.8691823336134606
2.991,-0.8675026443067405
2.992,-0.8658362595056868
2.993,-0.8641831986851221
2.994,-0.8625434810743121
2.995,-0.8609171256573294
2.996,-0.8593041511734111
2.997,-0.8577045761173234
2.998,-0.8561184187397206
2.999,-0.8545456970475114
3.0,-0.8529864288042139
3.001,-0.8514406315303219
3.0020000000000002,-0.8499083225036635
3.003,-0.8483895187597666
3.004,-0.8468842370922155
3.005,-0.8453924940530152
3.0060000000000002,-0.843914305952952
3.007,-0.8424496888619575
3.008,-0.8409986586094658
3.009,-0.8395612382252304
3.0100000000000002,-0.8381374393119942
3.011,-0.8367272751317616
3.012,-0.8353307607121631
3.013,-0.8339479108493404
3.0140000000000002,-0.8325787401084519
3.015,-0.831223262824179
3.016,-0.829881493101229
3.017,-0.8285534448148419
3.0180000000000002,-0.8272391316112948
3.019,-0.8259385669084097
3.02,-0.8246517638960551
3.021,-0.8233787355366537
3.0220000000000002,-0.8221194945656862
3.023,-0.8208740534921997
3.024,-0.8196424245993086
3.025,-0.8184246199447028
3.0260000000000002,-0.8172206513611519
3.027,-0.816030530457012
3.028,-0.8148542686167285
3.029,-0.8136918770013432
3.0300000000000002,-0.8125433665489984
3.031,-0.8114087479754448
3.032,-0.8102880322793411
3.033,-0.8091812331789094
3.0340000000000003,-0.8080883575525472
3.035,-0.8070094152990729
3.036,-0.8059444161005967
3.037,-0.8048933694230924
3.0380000000000003,-0.803856284516964
3.039,-0.8028331704176187
3.04,-0.801824035946032
3.041,-0.8008288897093195
3.0420000000000003,-0.799847740101305
3.043,-0.7988805953030913
3.044,-0.7979274632836272
3.045,-0.7969883518002783
3.0460000000000003,-0.796063268399395
3.047,-0.7951522204168844
3.048,-0.7942552149787757
3.049,-0.7933722590017929
3.0500000000000003,-0.7925033591939207
3.051,-0.7916485220549777
3.052,-0.7908077538771822
3.053,-0.7899810607457229
3.0540000000000003,-0.789168448539328
3.055,-0.7883699229308347
3.056,-0.7875854892016368
3.057,-0.7868151525443137
3.0580000000000003,-0.7860589181987072
3.059,-0.785316791013345
3.06,-0.7845887756334098
3.061,-0.7838748765013049
3.0620000000000003,-0.7831750978572166
3.063,-0.7824894437396779
3.064,-0.781817917986131
3.065,-0.7811605242334907
3.0660000000000003,-0.7805172659187081
3.067,-0.7798881462793342
3.068,-0.7792731683540818
3.069,-0.7786723349833898
3.0700000000000003,-0.778085648809986
3.071,-0.7775131122794507
3.072,-0.7769547276407799
3.073,-0.7764104969469479
3.074,-0.7758804220554711
3.075,-0.7753645046289713
3.076,-0.7748627461357394
3.077,-0.7743751478502969
3.078,-0.7739017108539611
3.079,-0.7734424360354071
3.08,-0.7729973205931072
3.081,-0.7725663671177848
3.082,-0.7721495765254301
3.083,-0.7717469488711564
3.084,-0.7713584840171002
3.085,-0.7709841816329216
3.086,-0.7706240411963047
3.087,-0.7702780619934579
3.088,-0.7699462431196149
3.089,-0.7696285834795336
3.09,-0.769325081787998
3.091,-0.7690357365703177
3.092,-0.7687605461628289
3.093,-0.7684995087133939
3.094,-0.7682526221819025
3.095,-0.7680198843407715
3.096,-0.7678012927754458
3.097,-0.7675968448848981
3.098,-0.7674065378821298
3.099,-0.7672303687946709
3.1,-0.7670683344650812
3.101,-0.7669204315514495
3.102,-0.7667866565278951
3.103,-0.7666670044978302
3.104,-0.7665614666097448
3.105,-0.7664700436614241
3.106,-0.7663927312855822
3.107,-0.7663295249283039
3.108,-0.7662804198494415
3.109,-0.7662454111230104
3.11,-0.7662244936375854
3.111,-0.7662176620966967
3.112,-0.7662249110192262
3.113,-0.7662462347398029
3.114,-0.7662816274092
3.115,-0.7663310829947301
3.116,-0.7663945952806414
3.117,-0.7664721578685142
3.118,-0.7665637641776566
3.119,-0.7666694074455006
3.12,-0.7667890807279983
3.121,-0.7669227769000181
3.122,-0.7670704886557402
3.123,-0.7672322085090535
3.124,-0.7674079287939507
3.125,-0.7675976416649252
3.126,-0.7678013390973667
3.1270000000000002,-0.7680190084105107
3.128,-0.7682506405844025
3.129,-0.7684962305550729
3.13,-0.7687557694467522
3.1310000000000002,-0.76902924820013
3.132,-0.7693166575726218
3.133,-0.7696179881386371
3.134,-0.7699332302898464
3.1350000000000002,-0.770262374235448
3.136,-0.7706054100024353
3.137,-0.7709623274358652
3.138,-0.7713331161991241
3.1390000000000002,-0.7717177657741958
3.14,-0.772116265461928
3.141,-0.7725286043823009
3.142,-0.7729547714746934
3.1430000000000002,-0.773394755498151
3.144,-0.773848545031652
3.145,-0.7743161284743764
3.146,-0.7747974940459719
3.1470000000000002,-0.7752926297868217
3.148,-0.7758015235583114
3.149,-0.776324163043097
3.15,-0.7768605357453712
3.1510000000000002,-0.7774106208766965
3.152,-0.77797441108246
3.153,-0.7785518941858981
3.154,-0.7791430568309616
3.1550000000000002,-0.7797478854776404
3.156,-0.7803663664020927
3.157,-0.7809984856967775
3.158,-0.7816442292705862
3.1590000000000003,-0.7823035828489722
3.16,-0.7829765319740816
3.161,-0.7836630620048866
3.162,-0.7843631581173145
3.1630000000000003,-0.7850768053043797
3.164,-0.7858039883763137
3.165,-0.7865446919606975
3.166,-0.7872989005025923
3.1670000000000003,-0.7880665982646701
3.168,-0.788847769327344
3.169,-0.7896423975889016
3.17,-0.7904504667656342
3.1710000000000003,-0.7912719603919685
3.172,-0.7921068618205962
3.173,-0.7929551542226082
3.174,-0.7938168186867806
3.1750000000000003,-0.7946918327742052
3.176,-0.7955801846951217
3.177,-0.7964818567600255
3.178,-0.7973968310921462
3.1790000000000003,-0.7983250896274529
3.18,-0.7992666141146552
3.181,-0.8002213861152097
3.182,-0.8011893870033219
3.1830000000000003,-0.8021705979659499
3.184,-0.8031650000028071
3.185,-0.8041725739263674
3.186,-0.805193300361868
3.1870000000000003,-0.8062271597473124
3.188,-0.8072741323334737
3.189,-0.8083341981838993
3.19,-0.809407337174914
3.1910000000000003,-0.8104935289956234
3.192,-0.8115927531479159
3.193,-0.8127049889464687
3.194,-0.8138302155187503
3.1950000000000003,-0.8149684118050241
3.196,-0.8161195565583501
3.197,-0.8172836283445918
3.198,-0.8184606015328763
3.1990000000000003,-0.8196504545088574
3.2,-0.8208531677762235
3.201,-0.8220687190396506
3.202,-0.8232970858114387
3.203,-0.8245382454114114
3.204,-0.8257921749668169
3.205,-0.8270588514122236
3.206,-0.8283382514894241
3.207,-0.8296303517473316
3.208,-0.8309351285418806
3.209,-0.8322525580359242
3.21,-0.8335826161991367
3.211,-0.8349252788079103
3.212,-0.8362805214452567
3.213,-0.8376483195007025
3.214,-0.839028648170194
3.215,-0.8404214824559924
3.216,-0.8418267971665757
3.217,-0.843244566916535
3.218,-0.8446747661264778
3.219,-0.8461173690229244
3.22,-0.8475723496382092
3.221,-0.8490396818103771
3.222,-0.8505193349001875
3.223,-0.8520112855660779
3.224,-0.8535155072592076
3.225,-0.855031972965513
3.226,-0.8565606554727555
3.227,-0.8581015273703507
3.228,-0.8596545610492018
3.229,-0.8612197287015294
3.23,-0.8627970023207061
3.231,-0.8643863537010872
3.232,-0.865987754437843
3.233,-0.8676011759267891
3.234,-0.869226589364221
3.235,-0.870863965746745
3.236,-0.8725132758711096
3.237,-0.8741744903340369
3.238,-0.8758475795320566
3.239,-0.8775325136613367
3.24,-0.8792292627175161
3.241,-0.8809377964955337
3.242,-0.8826580845894653
3.243,-0.8843900963923519
3.244,-0.8861338010960335
3.245,-0.8878891673359801
3.246,-0.8896561632342798
3.247,-0.8914347581629405
3.248,-0.893224920486831
3.249,-0.8950266183678225
3.25,-0.896839819764605
3.251,-0.8986644924324978
3.2520000000000002,-0.9005006039232635
3.253,-0.902348121584917
3.254,-0.9042070125615439
3.255,-0.9060772437931095
3.2560000000000002,-0.9079587820152731
3.257,-0.9098515937591978
3.258,-0.9117556453513677
3.259,-0.9136709029133976
3.2600000000000002,-0.9155973323618476
3.261,-0.9175348994080317
3.262,-0.9194835695578368
3.263,-0.9214433081115305
3.2640000000000002,-0.923414080163577
3.265,-0.9253958506024452
3.266,-0.9273885841104277
3.267,-0.9293922451634489
3.2680000000000002,-0.9314067980308804
3.269,-0.9334322083652085
3.27,-0.9354684396930429
3.271,-0.9375154548795973
3.2720000000000002,-0.9395732174068571
3.273,-0.9416416905511924
3.274,-0.9437208373832146
3.275,-0.9458106207676217
3.2760000000000002,-0.9479110033630519
3.277,-0.9500219476219289
3.278,-0.9521434157903189
3.279,-0.9542753699077768
3.2800000000000002,-0.9564177718071977
3.281,-0.9585705831146647
3.282,-0.960733765249304
3.283,-0.9629072794231319
3.2840000000000003,-0.9650910866409069
3.285,-0.967285147699976
3.286,-0.9694894231901308
3.287,-0.9717038734934548
3.2880000000000003,-0.9739284587841743
3.289,-0.9761631390285058
3.29,-0.9784078739845121
3.291,-0.9806626232019483
3.2920000000000003,-0.9829273460221144
3.293,-0.9852020082797954
3.294,-0.987486563448073
3.295,-0.9897809702877334
3.2960000000000003,-0.9920851874138967
3.297,-0.9943991732374664
3.298,-0.9967228859650846
3.299,-0.9990562835990783
3.3000000000000003,-1.00139932393741
3.301,-1.0037519645736237
3.302,-1.0061141628968013
3.303,-1.0084858760915067
3.3040000000000003,-1.0108670611377388
3.305,-1.0132576748108755
3.306,-1.0156576736816305
3.307,-1.0180670141159993
3.3080000000000003,-1.0204856522752088
3.309,-1.0229135441156647
3.31,-1.0253506453889065
3.311,-1.0277969116415528
3.3120000000000003,-1.0302522982152535
3.313,-1.0327167602466343
3.314,-1.0351902526672534
3.315,-1.0376727302035464
3.3160000000000003,-1.0401641509217117
3.317,-1.042664473662716
3.318,-1.0451736464585695
3.319,-1.0476916233864038
3.3200000000000003,-1.050218358325961
3.321,-1.0527538049596987
3.322,-1.0552979167729082
3.323,-1.0578506470538191
3.3240000000000003,-1.0604119488937127
3.325,-1.062981775187028
3.326,-1.0655600786314787
3.327,-1.0681468117281583
3.3280000000000003,-1.070741926781654
3.329,-1.0733453759001519
3.33,-1.0759571109955537
3.331,-1.078577083783584
3.332,-1.0812052457839
3.333,-1.083841548320205
3.334,-1.086485942520352
3.335,-1.0891383793164624
3.336,-1.0917988094450322
3.337,-1.0944671834470432
3.338,-1.0971434516680698
3.339,-1.0998275642583961
3.34,-1.1025194811550156
3.341,-1.1052191487166239
3.342,-1.1079265126898723
3.343,-1.1106415226799953
3.344,-1.113364128108313
3.345,-1.1160942782125607
3.346,-1.1188319220472107
3.347,-1.121577008483807
3.348,-1.124329486211287
3.349,-1.127089303736311
3.35,-1.1298564093835854
3.351,-1.132630751296195
3.352,-1.135412277435927
3.353,-1.1382009355835994
3.354,-1.1409966733393833
3.355,-1.1437994381231376
3.356,-1.1466091771747302
3.357,-1.149425837554369
3.358,-1.1522493661429223
3.359,-1.1550797096422543
3.36,-1.1579168145755467
3.361,-1.1607606272876285
3.362,-1.1636110939452973
3.363,-1.1664681612715917
3.364,-1.169331791518307
3.365,-1.1722019162912836
3.366,-1.1750784813227997
3.367,-1.1779614321815985
3.368,-1.1808507142734703
3.369,-1.1837462728418424
3.37,-1.186648052968362
3.371,-1.1895559995734912
3.372,-1.1924700574170892
3.373,-1.1953901710990025
3.374,-1.198316285059647
3.375,-1.2012483435806034
3.376,-1.2041862907851997
3.3770000000000002,-1.2071300706391013
3.378,-1.2100796269508929
3.379,-1.2130349033726735
3.38,-1.2159958434006404
3.3810000000000002,-1.2189623903756768
3.382,-1.2219344874839362
3.383,-1.2249120777574367
3.384,-1.227895104074643
3.3850000000000002,-1.2308835091610577
3.386,-1.2338772355898022
3.387,-1.2368762331328806
3.388,-1.2398804502303238
3.3890000000000002,-1.2428898190435405
3.39,-1.2459042818485635
3.391,-1.2489237807862221
3.392,-1.251948257863012
3.3930000000000002,-1.2549776549519711
3.394,-1.2580119137935482
3.395,-1.2610509759964852
3.396,-1.2640947830386853
3.3970000000000002,-1.2671432762680894
3.398,-1.2701963969035455
3.399,-1.2732540860356896
3.4,-1.2763162846278149
3.4010000000000002,-1.2793829335167484
3.402,-1.2824539734137186
3.403,-1.285529344905239
3.404,-1.2886089884539746
3.4050000000000002,-1.2916928443996207
3.406,-1.2947808529597693
3.407,-1.2978729542307925
3.408,-1.3009690881887106
3.4090000000000003,-1.3040691946900689
3.41,-1.3071732134728054
3.411,-1.3102810986051445
3.412,-1.3133927830151517
3.4130000000000003,-1.316508201924527
3.414,-1.3196272949203152
3.415,-1.322750001489814
3.416,-1.3258762610217345
3.4170000000000003,-1.3290060128073655
3.418,-1.3321391960417317
3.419,-1.3352757498247656
3.42,-1.3384156131624652
3.4210000000000003,-1.3415587249680594
3.422,-1.3447050240631668
3.423,-1.3478544491789666
3.424,-1.3510069389573565
3.4250000000000003,-1.354162431952119
3.426,-1.3573208666300791
3.427,-1.3604821813722756
3.428,-1.3636463144751192
3.4290000000000003,-1.3668132041515584
3.43,-1.3699827885322373
3.431,-1.3731550056666677
3.432,-1.376329793524386
3.4330000000000003,-1.3795070899961195
3.434,-1.3826868345628656
3.435,-1.385868980118742
3.436,-1.3890534507330081
3.4370000000000003,-1.3922401842742071
3.438,-1.3954291185510523
3.439,-1.3986201913138645
3.44,-1.4018133402559967
3.4410000000000003,-1.405008503015266
3.442,-1.4082056171753787
3.443,-1.4114046202673691
3.444,-1.4146054497710217
3.4450000000000003,-1.417808043116306
3.446,-1.4210123376847998
3.447,-1.4242182708111275
3.448,-1.4274257797843846
3.4490000000000003,-1.4306348018495698
3.45,-1.4338452742090102
3.451,-1.4370571340237992
3.452,-1.4402703184152201
3.4530000000000003,-1.44348476446618
3.454,-1.4467004092226328
3.455,-1.4499171896950185
3.456,-1.4531350428596868
3.457,-1.456353905660329
3.458,-1.4595737214130664
3.459,-1.4627944302509517
3.46,-1.4660159621033106
3.461,-1.4692382540318456
3.462,-1.4724612430836166
3.463,-1.4756848662926825
3.464,-1.4789090606817599
3.465,-1.4821337632638643
3.466,-1.4853589110439613
3.467,-1.4885844410206104
3.468,-1.49181029018762
3.469,-1.4950363955356916
3.47,-1.4982626940540695
3.471,-1.5014891227321852
3.472,-1.5047156185613124
3.473,-1.5079421185362105
3.474,-1.5111685596567757
3.475,-1.5143948789296835
3.476,-1.517621013370045
3.477,-1.5208469000030507
3.478,-1.5240724758656203
3.479,-1.5272976780080465
3.48,-1.5305224434956504
3.481,-1.5337467094104256
3.482,-1.5369704208018975
3.483,-1.5401935103866027
3.484,-1.5434159136621608
3.485,-1.5466375679548496
3.486,-1.549858410623265
3.487,-1.553078379060112
3.488,-1.5562974106940088
3.489,-1.5595154429912785
3.49,-1.5627324134577458
3.491,-1.5659482596405292
3.492,-1.5691629191298444
3.493,-1.572376329560796
3.494,-1.5755884286151745
3.495,-1.5787991540232482
3.496,-1.5820084435655672
3.497,-1.585216235074754
3.498,-1.5884224664373021
3.499,-1.5916270755953656
3.5,-1.594830000548566
3.501,-1.5980311793557802
3.5020000000000002,-1.6012305501369406
3.503,-1.604428051074825
3.504,-1.6076236204168617
3.505,-1.610817197072377
3.5060000000000002,-1.61400872251723
3.507,-1.617198132260157
3.508,-1.620385364889906
3.509,-1.6235703590718762
3.5100000000000002,-1.6267530535499777
3.511,-1.629933387148484
3.512,-1.6331112987738967
3.513,-1.6362867274167978
3.5140000000000002,-1.639459612153709
3.515,-1.6426298921489444
3.516,-1.645797506656475
3.517,-1.6489623950217813
3.5180000000000002,-1.652124496683713
3.519,-1.65528375117634
3.52,-1.6584400981308194
3.521,-1.6615934772772458
3.5220000000000002,-1.6647438284465121
3.523,-1.667891091572161
3.524,-1.6710352066922503
3.525,-1.6741761139512052
3.5260000000000002,-1.6773137536016778
3.527,-1.6804480660063987
3.528,-1.6835789916400434
3.529,-1.6867064700436882
3.5300000000000002,-1.6898304416626175
3.531,-1.6929508482263989
3.532,-1.6960676306419085
3.533,-1.699180729935667
3.5340000000000003,-1.7022900872556677
3.535,-1.7053956438731972
3.536,-1.7084973411846687
3.537,-1.711595120713442
3.5380000000000003,-1.7146889241116523
3.539,-1.7177786931620296
3.54,-1.7208643697797321
3.541,-1.7239458960141674
3.5420000000000003,-1.72702321405082
3.543,-1.7300962662130714
3.544,-1.7331649949640338
3.545,-1.73622934290837
3.5460000000000003,-1.7392892527941224
3.547,-1.7423446675145322
3.548,-1.7453955301098731
3.549,-1.7484417837692723
3.5500000000000003,-1.7514833718325373
3.551,-1.7545202377919773
3.552,-1.7575523252942364
3.553,-1.760579571144904
3.5540000000000003,-1.7636019237854073
3.555,-1.7666193282857903
3.556,-1.769631728795745
3.557,-1.7726390696223393
3.5580000000000003,-1.775641295231724
3.559,-1.7786383502508314
3.56,-1.781630179469088
3.561,-1.7846167278401135
3.5620000000000003,-1.787597940483427
3.563,-1.7905737626861469
3.564,-1.793544139904702
3.565,-1.7965090177665322
3.5660000000000003,-1.7994683420717934
3.567,-1.8024220587950577
3.568,-1.805370114087025
3.569,-1.8083124542762232
3.5700000000000003,-1.8112490258707128
3.571,-1.8141797755597886
3.572,-1.8171046502156893
3.573,-1.8200235968952987
3.5740000000000003,-1.8229365628418508
3.575,-1.8258434954866305
3.576,-1.8287443398251935
3.577,-1.8316390349066969
3.5780000000000003,-1.8345275376970482
3.579,-1.8374097961862983
3.58,-1.8402857585512564
3.581,-1.8431553731569907
3.5820000000000003,-1.8460185885583367
3.583,-1.8488753535013984
3.584,-1.8517256169250613
3.585,-1.8545693279624937
3.586,-1.8574064359426536
3.587,-1.8602368903917956
3.588,-1.8630606410349726
3.589,-1.865877637797548
3.59,-1.868687830806697
3.591,-1.8714911703929162
3.592,-1.8742876070915226
3.593,-1.8770770916441684
3.594,-1.8798595750003402
3.595,-1.8826350083188699
3.596,-1.8854033429694335
3.597,-1.8881645305340649
3.598,-1.8909185228086576
3.599,-1.893665271804472
3.6,-1.8964047203557508
3.601,-1.8991368205592587
3.602,-1.9018615316001066
3.603,-1.9045788060902915
3.604,-1.9072885968519504
3.605,-1.909990856918619
3.606,-1.9126855395364775
3.607,-1.915372598165601
3.608,-1.9180519864812067
3.609,-1.9207236583749112
3.61,-1.9233875679559744
3.611,-1.9260436695525538
3.612,-1.9286919177129482
3.613,-1.9313322672068562
3.614,-1.9339646730266211
3.615,-1.9365890903884833
3.616,-1.9392054747338257
3.617,-1.9418137817304313
3.618,-1.9444139672737282
3.619,-1.9470059874880423
3.62,-1.9495897987278425
3.621,-1.9521653575789983
3.622,-1.9547326208600244
3.623,-1.9572915456233342
3.624,-1.9598420713557092
3.625,-1.9623841683340504
3.626,-1.9649177956194903
3.6270000000000002,-1.9674429108961777
3.628,-1.969959472073909
3.629,-1.972467437289098
3.63,-1.974966764905732
3.6310000000000002,-1.977457413516336
3.632,-1.9799393419429294
3.633,-1.9824125092379938
3.634,-1.9848768746854302
3.6350000000000002,-1.987332397801523
3.636,-1.9897790383358962
3.637,-1.9922167562724826
3.638,-1.9946455118304796
3.6390000000000002,-1.997065265465313
3.64,-1.9994759778695952
3.641,-2.0018776099740916
3.642,-2.004270122948679
3.6430000000000002,-2.006653478203308
3.644,-2.0090276373889604
3.645,-2.0113925623986186
3.646,-2.0137482153682202
3.6470000000000002,-2.0160945537105563
3.648,-2.0184315288753885
3.649,-2.020759116233307
3.65,-2.0230772785866904
3.6510000000000002,-2.025385978971007
3.652,-2.0276851806554754
3.653,-2.0299748471437367
3.654,-2.0322549421745144
3.6550000000000002,-2.034525429722283
3.656,-2.036786273997928
3.657,-2.0390374394494195
3.658,-2.0412788907624697
3.6590000000000003,-2.043510592861204
3.66,-2.0457325109088207
3.661,-2.0479446103082606
3.662,-2.050146856702872
3.6630000000000003,-2.052339215977074
3.664,-2.054521654257021
3.665,-2.056694137911272
3.666,-2.0588566335514527
3.6670000000000003,-2.061009108032923
3.668,-2.0631515284554363
3.669,-2.0652838621638145
3.67,-2.0674060767486058
3.6710000000000003,-2.0695181287010818
3.672,-2.071619987643016
3.673,-2.073711628164397
3.674,-2.075793018542405
3.6750000000000003,-2.07786412728929
3.676,-2.0799249231527517
3.677,-2.081975375116332
3.678,-2.0840154523997945
3.6790000000000003,-2.0860451244595133
3.68,-2.088064360988853
3.681,-2.09007313191856
3.682,-2.092071407417142
3.6830000000000003,-2.094059157891259
3.684,-2.0960363539860998
3.685,-2.0980029665857765
3.686,-2.0999589668137033
3.6870000000000003,-2.1019043260329844
3.688,-2.1038390158467957
3.689,-2.1057630080987746
3.69,-2.1076762748734015
3.6910000000000003,-2.1095787884963877
3.692,-2.111470521535055
3.693,-2.1133514467987276
3.694,-2.1152215373391132
3.6950000000000003,-2.1170807503322417
3.696,-2.1189290719519236
3.697,-2.1207664762591096
3.698,-2.1225929370091507
3.6990000000000003,-2.1244084281893647
3.7,-2.1262129240191743
3.701,-2.1280063989502493
3.702,-2.129788827666644
3.7030000000000003,-2.1315601850849384
3.704,-2.133320446354374
3.705,-2.1350695868569978
3.706,-2.1368075822078
3.7070000000000003,-2.1385344082548525
3.708,-2.140250041079449
3.709,-2.141954456996245
3.71,-2.143647632553397
3.7110000000000003,-2.1453295445327023
3.712,-2.1470001699497367
3.713,-2.1486594860539965
3.714,-2.150307470329037
3.715,-2.15194410049261
3.716,-2.1535693544968084
3.717,-2.1551832105281985
3.718,-2.156785642980387
3.719,-2.1583766243259497
3.72,-2.159956141220762
3.721,-2.1615241725795853
3.722,-2.1630806975425347
3.723,-2.16462569547502
3.724,-2.166159145967686
3.725,-2.1676810288363546
3.726,-2.1691913241219667
3.727,-2.170690012090524
3.728,-2.1721770732330303
3.729,-2.17365248826543
3.73,-2.175116238128555
3.731,-2.176568303988063
3.732,-2.178008667234378
3.733,-2.1794373094826347
3.734,-2.1808542125726187
3.735,-2.1822593585687065
3.736,-2.1836527297598103
3.737,-2.1850343086593154
3.738,-2.186404078005026
3.739,-2.187762020759103
3.74,-2.1891081201080094
3.741,-2.190442359462446
3.742,-2.1917647160986755
3.743,-2.193075175657613
3.744,-2.194373724971745
3.745,-2.195660348192525
3.746,-2.1969350296881807
3.747,-2.198197754043511
3.748,-2.1994485060596847
3.749,-2.2006872707540355
3.75,-2.201914033359865
3.751,-2.203128779326236
3.7520000000000002,-2.204331494317773
3.753,-2.205522164214458
3.754,-2.206700775111431
3.755,-2.207867313318786
3.7560000000000002,-2.2090217653613697
3.757,-2.210164117978578
3.758,-2.2112943581241566
3.759,-2.212412472965996
3.7600000000000002,-2.213518449885933
3.761,-2.2146122764795426
3.762,-2.215693940555943
3.763,-2.2167634301375876
3.7640000000000002,-2.217820733460068
3.765,-2.218865838865635
3.766,-2.219898729181583
3.767,-2.220919398157717
3.7680000000000002,-2.2219278347872358
3.769,-2.2229240282711067
3.77,-2.2239079680177762
3.771,-2.224879643642879
3.7720000000000002,-2.225839044968947
3.773,-2.226786162025118
3.774,-2.227720985046847
3.775,-2.2286435044756163
3.7760000000000002,-2.2295537109586436
3.777,-2.23045159534859
3.778,-2.231337148703273
3.779,-2.232210362285375
3.7800000000000002,-2.233071227562152
3.781,-2.233919736205142
3.782,-2.234755880089878
3.783,-2.235579651295595
3.7840000000000003,-2.2363910421049416
3.785,-2.2371900450036843
3.786,-2.237976652680425
3.787,-2.238750858026305
3.7880000000000003,-2.2395126541347166
3.789,-2.2402620334123977
3.79,-2.240998988441089
3.791,-2.241723514262568
3.7920000000000003,-2.2424356047366603
3.793,-2.243135253922144
3.794,-2.243822456076426
3.795,-2.244497205655216
3.7960000000000003,-2.2451594973121938
3.797,-2.2458093258986844
3.798,-2.246446686463332
3.799,-2.2470715742517706
3.8000000000000003,-2.247683984706297
3.801,-2.2482839134655417
3.802,-2.248871356364145
3.803,-2.249446309432426
3.8040000000000003,-2.2500087688960564
3.805,-2.250558731175733
3.806,-2.25109619288685
3.807,-2.251621150839171
3.8080000000000003,-2.2521336020365035
3.809,-2.2526335436763683
3.81,-2.2531209731496733
3.811,-2.2535958880403877
3.8120000000000003,-2.2540582861252116
3.813,-2.2545081656774077
3.814,-2.2549455247355255
3.815,-2.2553703615517926
3.8160000000000003,-2.2557826746774325
3.817,-2.2561824628550786
3.818,-2.2565697250184553
3.819,-2.2569444602920536
3.8200000000000003,-2.257306667990813
3.821,-2.257656347619798
3.822,-2.257993498873879
3.823,-2.2583181216374077
3.8240000000000003,-2.258630215983901
3.825,-2.258929782175714
3.826,-2.2592168206637235
3.827,-2.259491332087004
3.8280000000000003,-2.2597533172725073
3.829,-2.2600027772347424
3.83,-2.2602397131754524
3.831,-2.260464126483294
3.8320000000000003,-2.2606760187335166
3.833,-2.2608753916876414
3.834,-2.261062247293139
3.835,-2.2612365876831095
3.8360000000000003,-2.2613984153583884
3.837,-2.2615477351809545
3.838,-2.261684547775037
3.839,-2.261808856054613
3.84,-2.2619206631196267
3.841,-2.262019972255713
3.842,-2.2621067869339093
3.843,-2.2621811108103795
3.844,-2.2622429477261274
3.845,-2.2622923017067187
3.846,-2.262329176961996
3.847,-2.2623535778858006
3.848,-2.2623655090556873
3.849,-2.2623649752326442
3.85,-2.2623519813608106
3.851,-2.2623265325671964
3.852,-2.2622886341613984
3.853,-2.2622382916353185
3.854,-2.2621755106628845
3.855,-2.262100297099766
3.856,-2.262012656983092
3.857,-2.2619125965311717
3.858,-2.261800122143211
3.859,-2.2616752403990312
3.86,-2.2615379597354393
3.861,-2.2613882881889187
3.862,-2.2612262308642785
3.863,-2.2610517951261158
3.864,-2.2608649885212553
3.865,-2.2606658187785293
3.866,-2.260454293808556
3.867,-2.260230421703518
3.868,-2.2599942107369433
3.869,-2.2597456693634816
3.87,-2.259484806218685
3.871,-2.2592116301187875
3.872,-2.258926150060481
3.873,-2.2586283752206984
3.874,-2.2583183149563895
3.875,-2.257995978804301
3.876,-2.257661376480755
3.8770000000000002,-2.2573145178814302
3.878,-2.2569554130811373
3.879,-2.256584072333601
3.88,-2.256200506071237
3.8810000000000002,-2.2558047249049324
3.882,-2.2553967396238237
3.883,-2.2549765611950763
3.884,-2.254544204389583
3.8850000000000002,-2.254099678684436
3.886,-2.253642994695048
3.887,-2.2531741641744842
3.888,-2.252693199056229
3.8890000000000002,-2.2522001114540333
3.89,-2.251694913661763
3.891,-2.2511776181532475
3.892,-2.25064823758213
3.8930000000000002,-2.250106784781714
3.894,-2.2495532727648158
3.895,-2.248987714723608
3.896,-2.248410124029473
3.8970000000000002,-2.247820514232849
3.898,-2.247218899063081
3.899,-2.2466052924282662
3.9,-2.245979708415106
3.9010000000000002,-2.2453421612887525
3.902,-2.2446926654926607
3.903,-2.244031235648432
3.904,-2.243357886555667
3.9050000000000002,-2.242672633191814
3.906,-2.2419754907120146
3.907,-2.2412664749876474
3.908,-2.240545605096605
3.9090000000000003,-2.2398128934299724
3.91,-2.2390683559226066
3.911,-2.2383120086895976
3.912,-2.2375438680261834
3.9130000000000003,-2.2367639504076653
3.914,-2.2359722724893247
3.915,-2.2351688511063372
3.916,-2.2343537032736873
3.9170000000000003,-2.233526846186085
3.918,-2.232688297217883
3.919,-2.231838073922988
3.92,-2.2309761940347776
3.9210000000000003,-2.2301026754660187
3.922,-2.2292175363087785
3.923,-2.228320794834343
3.924,-2.2274124694931303
3.9250000000000003,-2.2264925789146077
3.926,-2.2255611419072068
3.927,-2.2246181774582374
3.928,-2.2236637047338044
3.9290000000000003,-2.2226977430787223
3.93,-2.2217203120164326
3.931,-2.220731432877517
3.932,-2.2197311261334183
3.9330000000000003,-2.2187194102758845
3.934,-2.2176963055979875
3.935,-2.216661832573592
3.936,-2.2156160118573274
3.9370000000000003,-2.214558864284552
3.938,-2.213490410871326
3.939,-2.212410672814371
3.94,-2.2113196714910446
3.9410000000000003,-2.2102174284593032
3.942,-2.2091039654576745
3.943,-2.2079793044052183
3.944,-2.2068434674015
3.9450000000000003,-2.205696476726554
3.946,-2.2045383548408544
3.947,-2.2033691243852807
3.948,-2.202188808181085
3.9490000000000003,-2.20099742922986
3.95,-2.199795010713508
3.951,-2.1985815759942047
3.952,-2.1973571486143713
3.9530000000000003,-2.1961217522966376
3.954,-2.1948754109438138
3.955,-2.193618150171397
3.956,-2.1923499933215025
3.9570000000000003,-2.191070964579553
3.958,-2.1897810885987012
3.959,-2.1884803902134897
3.96,-2.187168894439847
3.9610000000000003,-2.1858466264750818
3.962,-2.184513611697881
3.963,-2.1831698756683005
3.964,-2.1818154441277615
3.9650000000000003,-2.180450342999047
3.966,-2.179074598386295
3.967,-2.1776882365749946
3.968,-2.1762912840319797
3.969,-2.174883767405425
3.97,-2.1734657135248385
3.971,-2.172037149401063
3.972,-2.1705981022262626
3.973,-2.169148599373922
3.974,-2.1676886683988417
3.975,-2.1662183370371335
3.976,-2.1647376332062116
3.977,-2.1632465850047913
3.978,-2.1617452206495154
3.979,-2.16023356834328
3.98,-2.158711656983558
3.981,-2.1571795153884117
3.982,-2.1556371725569043
3.983,-2.1540846576690966
3.984,-2.152522000086028
3.985,-2.150949229349711
3.986,-2.1493663751831193
3.987,-2.14777346749018
3.988,-2.1461705363557573
3.989,-2.1445576120456464
3.99,-2.142934725006562
3.991,-2.1413019058661282
3.992,-2.1396591854328664
3.993,-2.138006594696186
3.994,-2.136344164826373
3.995,-2.134671927174581
3.996,-2.1329899132728194
3.997,-2.1312981548339427
3.998,-2.1295966837516396
3.999,-2.127885532100426
4.0,-2.1261647321356287
4.001,-2.1244343162933794
4.002,-2.1226943156470415
4.003,-2.120944762791917
4.0040000000000004,-2.1191856918970107
4.005,-2.117417136074018
4.006,-2.1156391286131795
4.007,-2.11385170298324
4.008,-2.1120548928313783
4.009,-2.1102487319831646
4.01,-2.108433254442502
4.011,-2.1066084943915664
4.0120000000000005,-2.1047744861907605
4.013,-2.1029312643786566
4.014,-2.101078863671934
4.015,-2.0992173189653385
4.016,-2.097346665331613
4.017,-2.095466938021454
4.018,-2.0935781724634546
4.019,-2.091680404264041
4.0200000000000005,-2.089773669207431
4.021,-2.087858003255573
4.022,-2.085933442548085
4.023,-2.084000023402216
4.024,-2.082057782312771
4.025,-2.0801067559520745
4.026,-2.0781469760593447
4.027,-2.076178483145256
4.0280000000000005,-2.0742013149339744
4.029,-2.072215508713769
4.03,-2.070221101945852
4.031,-2.0682181322642528
4.032,-2.0662066374756614
4.033,-2.064186655559301
4.034,-2.0621582246667844
4.035,-2.060121383121966
4.0360000000000005,-2.0580761694208136
4.037,-2.056022622231264
4.038,-2.053960780393074
4.039,-2.0518906829176977
4.04,-2.049812368988127
4.041,-2.047725877958767
4.042,-2.0456312493552904
4.043,-2.0435285228744906
4.0440000000000005,-2.041417738384153
4.045,-2.0392989359229103
4.046,-2.0371721557000946
4.047,-2.035037438095612
4.048,-2.0328948236597886
4.049,-2.0307443512131966
4.05,-2.0285860565130567
4.051,-2.0264199861091594
4.0520000000000005,-2.024246181098415
4.053,-2.022064682741225
4.054,-2.0198755324612097
4.055,-2.0176787718449556
4.056,-2.0154744426417337
4.057,-2.0132625867632488
4.058,-2.011043246283365
4.059,-2.008816463437836
4.0600000000000005,-2.0065822806240496
4.061,-2.004340740400756
4.062,-2.002091885487796
4.063,-1.9998357587658497
4.064,-1.9975724032761526
4.065,-1.9953018622202447
4.066,-1.9930241789596992
4.067,-1.990739397015849
4.0680000000000005,-1.9884475600695333
4.069,-1.9861487119608265
4.07,-1.9838428966887642
4.071,-1.9815301584110931
4.072,-1.9792105414439876
4.073,-1.976884084019699
4.074,-1.9745508311315738
4.075,-1.9722108314121574
4.0760000000000005,-1.9698641296345878
4.077,-1.9675107707210653
4.078,-1.9651507997424178
4.079,-1.962784261917688
4.08,-1.9604112026136902
4.081,-1.9580316673445963
4.082,-1.955645701771504
4.083,-1.953253351702002
4.0840000000000005,-1.9508546630897556
4.085,-1.9484496820340733
4.086,-1.9460384547794722
4.087,-1.9436210277152675
4.088,-1.9411974473751261
4.089,-1.9387677604366558
4.09,-1.9363320137209703
4.091,-1.9338902541922567
4.0920000000000005,-1.93144252895736
4.093,-1.9289888852653507
4.094,-1.9265293705070892
4.095,-1.9240640322148153
4.096,-1.9215929180617026
4.097,-1.9191160639028086
4.098,-1.916633526696866
4.099,-1.9141453550498704
4.1,-1.9116515969886911
4.101,-1.9091523006695714
4.102,-1.9066475143775292
4.103,-1.904137286525735
4.104,-1.9016216656548917
4.105,-1.8991007004326308
4.106,-1.8965744396528932
4.107,-1.894042932235306
4.108,-1.8915062272245846
4.109,-1.8889643737898982
4.11,-1.8864174212242726
4.111,-1.8838654189439665
4.112,-1.881308416487852
4.113,-1.8787464635168112
4.114,-1.8761796098131165
4.115,-1.8736079052798071
4.116,-1.8710313999400918
4.117,-1.8684501439367143
4.118,-1.865864187531355
4.119,-1.86327358110401
4.12,-1.8606783714016122
4.121,-1.8580786021384783
4.122,-1.8554743322179856
4.123,-1.8528656122730498
4.124,-1.8502524930418645
4.125,-1.8476350253670666
4.126,-1.845013260194938
4.127,-1.8423872485745811
4.128,-1.8397570416570963
4.1290000000000004,-1.8371226906947802
4.13,-1.8344842470403027
4.131,-1.8318417621458838
4.132,-1.8291952875624942
4.133,-1.8265448749390203
4.134,-1.8238905760214652
4.135,-1.8212324426521251
4.136,-1.8185705267687662
4.1370000000000005,-1.8159048804038236
4.138,-1.8132355556835777
4.139,-1.8105626048273311
4.14,-1.80788608014661
4.141,-1.8052060340443277
4.142,-1.8025225190139866
4.143,-1.7998355876388552
4.144,-1.7971452841376385
4.1450000000000005,-1.7944516630872267
4.146,-1.7917547814456265
4.147,-1.7890546919316046
4.148,-1.786351447339685
4.149,-1.7836451005391156
4.15,-1.78093570447287
4.151,-1.7782233121566242
4.152,-1.7755079766777364
4.1530000000000005,-1.7727897511942445
4.154,-1.7700686889338453
4.155,-1.7673448431928716
4.156,-1.7646182673352944
4.157,-1.7618890147916881
4.158,-1.7591571390582337
4.159,-1.756422693695695
4.16,-1.7536857323283976
4.1610000000000005,-1.7509463086432282
4.162,-1.7482044763886115
4.163,-1.7454602893734894
4.164,-1.742713801466322
4.165,-1.7399650665940531
4.166,-1.7372141387411133
4.167,-1.7344610719483968
4.168,-1.7317059081189334
4.1690000000000005,-1.7289487113605715
4.17,-1.7261895357611603
4.171,-1.723428435379345
4.172,-1.720665464316119
4.173,-1.717900676713609
4.174,-1.7151341267538969
4.175,-1.7123658686578185
4.176,-1.7095959566837602
4.1770000000000005,-1.7068244451264794
4.178,-1.7040513883159012
4.179,-1.701276840615918
4.18,-1.6985008564232098
4.181,-1.6957234901660307
4.182,-1.692944796303031
4.183,-1.6901648293220546
4.184,-1.6873836437389367
4.1850000000000005,-1.6846012940963244
4.186,-1.6818178349624733
4.187,-1.6790333209300456
4.188,-1.6762478066149331
4.189,-1.673461346655041
4.19,-1.670673995709112
4.191,-1.667885805240415
4.192,-1.6650968259300345
4.1930000000000005,-1.6623071179325617
4.194,-1.6595167358237521
4.195,-1.6567257341870325
4.196,-1.653934167612179
4.197,-1.651142090693957
4.198,-1.648349558030799
4.199,-1.6455566242234587
4.2,-1.6427633438736633
4.2010000000000005,-1.639969771582789
4.202,-1.6371759619505137
4.203,-1.6343819695734711
4.204,-1.6315878490439275
4.205,-1.628793654948423
4.206,-1.6259994418664492
4.207,-1.6232052643691022
4.208,-1.6204111770177365
4.2090000000000005,-1.617617234362639
4.21,-1.6148234909416828
4.211,-1.6120300012789806
4.212,-1.6092368198835618
4.213,-1.6064440012480141
4.214,-1.6036515998471603
4.215,-1.6008596657273895
4.216,-1.598068254856008
4.2170000000000005,-1.595277423308834
4.218,-1.5924872253728468
4.219,-1.5896977153057863
4.22,-1.5869089473347366
4.221,-1.5841209756546712
4.222,-1.5813338544270352
4.223,-1.5785476377783032
4.224,-1.5757623797985376
4.225,-1.5729781345399707
4.226,-1.5701949560155508
4.227,-1.5674128981975235
4.228,-1.5646320150159911
4.229,-1.5618523603574694
4.23,-1.5590739880634679
4.231,-1.556296951929048
4.232,-1.5535213057013808
4.233,-1.550747103078329
4.234,-1.5479743977069935
4.235,-1.545203243182295
4.236,-1.5424336930455325
4.237,-1.5396658007829402
4.238,-1.5368996197149105
4.239,-1.534135200928543
4.24,-1.5313725996908063
4.241,-1.5286118692150361
4.242,-1.5258530626505313
4.243,-1.523096233081101
4.244,-1.520341433523585
4.245,-1.5175887169263762
4.246,-1.5148381361679633
4.247,-1.5120897440554533
4.248,-1.5093435933230923
4.249,-1.506599736630812
4.25,-1.5038582265627376
4.251,-1.5011191156257362
4.252,-1.4983824562479364
4.253,-1.49564830077725
4.2540000000000004,-1.492916701479917
4.255,-1.4901877105390247
4.256,-1.4874613800530316
4.257,-1.4847377620343118
4.258,-1.4820169084076653
4.259,-1.4792988710088628
4.26,-1.4765837015831689
4.261,-1.473871451783862
4.2620000000000005,-1.4711621738533287
4.263,-1.468455919815431
4.264,-1.4657527401255226
4.265,-1.4630526860825168
4.266,-1.460355808887295
4.267,-1.4576621596412782
4.268,-1.4549717893449758
4.269,-1.4522847488965334
4.2700000000000005,-1.4496010890903017
4.271,-1.4469208606153863
4.272,-1.4442441140541935
4.273,-1.4415708998810042
4.274,-1.4389012684605094
4.275,-1.4362352700463814
4.276,-1.433572954779823
4.277,-1.4309143726881155
4.2780000000000005,-1.428259573683187
4.279,-1.425608607560162
4.28,-1.4229615239959088
4.281,-1.4203183725476116
4.282,-1.4176792026513063
4.283,-1.415044063620453
4.284,-1.4124130046444836
4.285,-1.4097860747873507
4.2860000000000005,-1.4071633273455963
4.287,-1.404544809118729
4.288,-1.4019305675494056
4.289,-1.399320651279843
4.29,-1.396715108823904
4.291,-1.3941139885657563
4.292,-1.3915173387585071
4.293,-1.3889252075228395
4.2940000000000005,-1.3863376428456677
4.295,-1.3837546925787723
4.296,-1.381176404437436
4.297,-1.3786028259991017
4.298,-1.3760340047019963
4.299,-1.373469987843789
4.3,-1.3709108225802267
4.301,-1.3683565559237691
4.3020000000000005,-1.3658072347422454
4.303,-1.363262905757488
4.304,-1.36072361554397
4.305,-1.3581894105274612
4.306,-1.3556603369836544
4.307,-1.3531364410368214
4.308,-1.3506177686584495
4.309,-1.3481043665651802
4.3100000000000005,-1.3455962883040877
4.311,-1.3430935722883572
4.312,-1.3405962640120646
4.313,-1.3381044088166119
4.314,-1.3356180518894931
4.315,-1.33313723826309
4.316,-1.330662012813448
4.317,-1.3281924202590516
4.3180000000000005,-1.3257285051596177
4.319,-1.3232703119148723
4.32,-1.3208178847633256
4.321,-1.318371267781068
4.322,-1.315930504880535
4.323,-1.3134956398093045
4.324,-1.311066716148871
4.325,-1.3086437773134219
4.3260000000000005,-1.3062268665486314
4.327,-1.3038160269304366
4.328,-1.3014113013638118
4.329,-1.2990127325815657
4.33,-1.296620363143106
4.331,-1.294234235433236
4.332,-1.2918543916609302
4.333,-1.2894808791538455
4.3340000000000005,-1.287113742369789
4.335,-1.2847530173251864
4.336,-1.2823987457060186
4.337,-1.2800509690252786
4.338,-1.277709728621917
4.339,-1.275375065659817
4.34,-1.27304702112675
4.341,-1.27072563583333
4.3420000000000005,-1.2684109504119874
4.343,-1.2661030053159235
4.344,-1.2638018408180656
4.345,-1.2615074970100433
4.346,-1.259220013801132
4.347,-1.256939430917229
4.348,-1.254665787899808
4.349,-1.2523991241048753
4.3500000000000005,-1.2501394787019413
4.351,-1.247886890672977
4.352,-1.2456413988113688
4.353,-1.2434030417208928
4.354,-1.2411718578146609
4.355,-1.2389478853140956
4.356,-1.236731162247885
4.357,-1.234521737461532
4.358,-1.2323196424401721
4.359,-1.2301249123960551
4.36,-1.2279375847988478
4.361,-1.225757696930502
4.362,-1.2235852858844136
4.363,-1.2214203885645987
4.364,-1.2192630416848538
4.365,-1.217113281767914
4.366,-1.214971145144632
4.367,-1.2128366679531273
4.368,-1.210709886137965
4.369,-1.208590835449315
4.37,-1.2064795514421107
4.371,-1.2043760694752261
4.372,-1.202280424710635
4.373,-1.2001926521125692
4.374,-1.1981127864466985
4.375,-1.196040862279279
4.376,-1.1939769139763323
4.377,-1.1919209757028042
4.378,-1.1898730814217242
4.3790000000000004,-1.187833264893382
4.38,-1.1858015617765265
4.381,-1.1837780160613915
4.382,-1.1817626507378742
4.383,-1.1797554989712287
4.384,-1.1777565937302723
4.385,-1.1757659677867582
4.386,-1.1737836537147461
4.3870000000000005,-1.1718096838899903
4.388,-1.1698440904893102
4.389,-1.1678869054899632
4.39,-1.1659381606690333
4.391,-1.1639978876027939
4.392,-1.1620661176660967
4.393,-1.160142882031744
4.394,-1.1582282116698597
4.3950000000000005,-1.1563221373472767
4.396,-1.1544246896269088
4.397,-1.1525358988671228
4.398,-1.150655795221126
4.399,-1.148784408636331
4.4,-1.1469217688537434
4.401,-1.1450679054073343
4.402,-1.143222847623411
4.4030000000000005,-1.141386624620006
4.404,-1.1395592720941843
4.405,-1.1377408203373462
4.406,-1.1359312920254254
4.407,-1.1341307156569778
4.408,-1.132339119529347
4.409,-1.1305565317382409
4.41,-1.128782980177308
4.4110000000000005,-1.127018492537728
4.412,-1.1252630963077892
4.413,-1.1235168187724642
4.414,-1.121779687013002
4.415,-1.1200517279064974
4.416,-1.1183329681254832
4.417,-1.116623434137506
4.418,-1.1149231522047038
4.4190000000000005,-1.1132321483833956
4.42,-1.1115504485236585
4.421,-1.1098780782689048
4.422,-1.108215063055473
4.423,-1.1065614281121978
4.424,-1.1049171984600012
4.425,-1.1032823989114697
4.426,-1.1016570540704311
4.4270000000000005,-1.1000411883315444
4.428,-1.0984348365361514
4.429,-1.0968380157886506
4.43,-1.0952507484463818
4.431,-1.0936730582642331
4.432,-1.0921049687950573
4.433,-1.090546503389433
4.434,-1.0889976851954253
4.4350000000000005,-1.0874585371583594
4.436,-1.0859290820205827
4.437,-1.0844093423212238
4.438,-1.0828993403959697
4.439,-1.0813990983768182
4.44,-1.0799086381918541
4.441,-1.078427981565009
4.442,-1.0769571500158241
4.4430000000000005,-1.0754961648592216
4.444,-1.0740450472052674
4.445,-1.072603817958932
4.446,-1.071172497819864
4.447,-1.069751107282147
4.448,-1.0683396666340714
4.449,-1.0669381959578974
4.45,-1.065546715129616
4.4510000000000005,-1.0641652458905684
4.452,-1.0627938144657654
4.453,-1.0614324331663816
4.454,-1.06008112120475
4.455,-1.0587398975933986
4.456,-1.0574087811449788
4.457,-1.0560877904721808
4.458,-1.0547769439876502
4.4590000000000005,-1.0534762599039136
4.46,-1.0521857562332955
4.461,-1.0509054507878344
4.462,-1.04963536117921
4.463,-1.0483755048186532
4.464,-1.0471258989168744
4.465,-1.0458865604839795
4.466,-1.0446575063293857
4.4670000000000005,-1.0434387530617477
4.468,-1.0422303170888743
4.469,-1.0410322146176447
4.47,-1.039844461653935
4.471,-1.0386670740025297
4.472,-1.0375000672670482
4.473,-1.0363434568498624
4.474,-1.0351972579520108
4.4750000000000005,-1.0340614899804375
4.476,-1.0329361678519768
4.477,-1.0318213031422252
4.478,-1.0307169103747977
4.479,-1.029623003877524
4.48,-1.0285395977824943
4.481,-1.0274667060260942
4.482,-1.026404342349042
4.483,-1.0253525202964335
4.484,-1.024311253217773
4.485,-1.0232805542670194
4.486,-1.022260436402622
4.487,-1.0212509123875564
4.488,-1.0202519947893696
4.489,-1.0192636959802144
4.49,-1.0182860281368882
4.491,-1.0173190032408754
4.492,-1.0163626330783813
4.493,-1.0154169292403754
4.494,-1.0144819031226293
4.495,-1.0135575659257519
4.496,-1.0126439286552331
4.497,-1.0117410021214814
4.498,-1.010848796939859
4.499,-1.0099673286550532
4.5,-1.009096603801288
4.501,-1.0082366320513876
4.502,-1.0073874233316944
4.503,-1.006548987377859
4.5040000000000004,-1.005721333734965
4.505,-1.004904471757649
4.506,-1.0040984106102198
4.507,-1.0033031592667854
4.508,-1.002518726511369
4.509,-1.001745120938036
4.51,-1.0009823509510118
4.511,-1.000230424764804
4.5120000000000005,-0.9994893504043262
4.513,-0.9987591357050185
4.514,-0.9980397883129672
4.515,-0.9973313156850309
4.516,-0.9966337250889568
4.517,-0.995947023603507
4.518,-0.9952712181185788
4.519,-0.9946063153353237
4.5200000000000005,-0.9939523217662736
4.521,-0.9933092437354595
4.522,-0.9926770881967429
4.523,-0.992055862900212
4.524,-0.9914455715774442
4.525,-0.9908462198509894
4.526,-0.9902578131578958
4.527,-0.989680356749878
4.5280000000000005,-0.9891138556934901
4.529,-0.9885583148702947
4.53,-0.9880137389770297
4.531,-0.987480132525784
4.532,-0.9869574998441615
4.533,-0.9864458450754552
4.534,-0.9859451721788158
4.535,-0.9854554849294198
4.5360000000000005,-0.9849767869186425
4.537,-0.9845090815542263
4.538,-0.9840523720604494
4.539,-0.9836066614782989
4.54,-0.9831719526656368
4.541,-0.9827482482973737
4.542,-0.9823355508656364
4.543,-0.9819338626799373
4.5440000000000005,-0.9815431858673469
4.545,-0.9811635223726614
4.546,-0.9807948747073909
4.547,-0.9804372443443888
4.548,-0.9800906322748854
4.549,-0.9797550397361767
4.55,-0.9794304677850542
4.551,-0.9791169172979907
4.5520000000000005,-0.978814388971331
4.553,-0.9785228833214795
4.554,-0.9782424006850874
4.555,-0.9779729412192428
4.556,-0.9777145049016575
4.557,-0.977467091530856
4.558,-0.9772307007263642
4.559,-0.9770053319288966
4.5600000000000005,-0.9767909844005456
4.561,-0.9765876572249694
4.562,-0.9763953493075803
4.563,-0.9762140593757331
4.564,-0.9760437859789132
4.565,-0.9758845274889253
4.566,-0.9757362821000813
4.567,-0.975599047829389
4.5680000000000005,-0.9754728225167398
4.569,-0.9753576038250981
4.57,-0.9752533889404735
4.571,-0.9751601754089376
4.572,-0.9750779603681529
4.573,-0.9750067407702476
4.574,-0.9749465133911346
4.575,-0.974897274830695
4.5760000000000005,-0.9748590215129619
4.577,-0.974831749686305
4.578,-0.9748154554236135
4.579,-0.9748101346224791
4.58,-0.9748157830053821
4.581,-0.9748323961198727
4.582,-0.9748599693387561
4.583,-0.9748984978602763
4.5840000000000005,-0.9749479767082986
4.585,-0.9750084007324951
4.586,-0.975079764608527
4.587,-0.9751620628382291
4.588,-0.9752552897497936
4.589,-0.9753594394979531
4.59,-0.9754745060641653
4.591,-0.9756004832567962
4.5920000000000005,-0.9757373647113038
4.593,-0.975885143491869
4.594,-0.9760438122895745
4.595,-0.976213364980135
4.596,-0.9763937944885211
4.597,-0.976585093566751
4.598,-0.9767872547940557
4.599,-0.9770002705770432
4.6000000000000005,-0.9772241331498627
4.601,-0.9774588345743682
4.602,-0.977704366740285
4.603,-0.9779607213653714
4.604,-0.9782278899955851
4.605,-0.9785058640052463
4.606,-0.9787946345972023
4.607,-0.979094192802993
4.6080000000000005,-0.9794045294830132
4.609,-0.9797256353266782
4.61,-0.9800575008525891
4.611,-0.9804001164086942
4.612,-0.9807534721724566
4.613,-0.9811175581510164
4.614,-0.9814923641813558
4.615,-0.9818778799304637
4.616,-0.9822740948954994
4.617,-0.9826809972655235
4.618,-0.98309857652579
4.619,-0.9835268221504231
4.62,-0.9839657229311722
4.621,-0.9844152674894996
4.622,-0.98487544427672
4.623,-0.9853462415741406
4.624,-0.9858276474931968
4.625,-0.9863196499755948
4.626,-0.9868222367934465
4.627,-0.9873353955494102
4.628,-0.9878591136768309
4.6290000000000004,-0.9883933784398755
4.63,-0.9889381769336738
4.631,-0.9894934960844578
4.632,-0.9900593226496981
4.633,-0.9906356432182458
4.634,-0.991222444210468
4.635,-0.9918197118783881
4.636,-0.9924274323058262
4.6370000000000005,-0.9930455914085343
4.638,-0.9936741749343374
4.639,-0.994313168463273
4.64,-0.9949625573755387
4.641,-0.9956223253937153
4.642,-0.9962924588705964
4.643,-0.9969729426920779
4.644,-0.9976637615758204
4.6450000000000005,-0.9983649000713607
4.646,-0.9990763425602287
4.647,-0.9997980732560657
4.648,-1.0005300762047353
4.649,-1.001272335284444
4.65,-1.0020248342058515
4.651,-1.0027875565121904
4.652,-1.0035604855793814
4.6530000000000005,-1.004343604616146
4.654,-1.0051368966641243
4.655,-1.005940344597992
4.656,-1.0067539311255715
4.657,-1.0075776387879536
4.658,-1.0084114499596064
4.659,-1.0092553468484953
4.66,-1.010109311496199
4.6610000000000005,-1.010973325778022
4.662,-1.011847371403111
4.663,-1.0127314299145744
4.664,-1.0136254823826198
4.665,-1.0145295097096114
4.666,-1.015443493399382
4.667,-1.016367414318435
4.668,-1.0173012531671815
4.6690000000000005,-1.0182449904800381
4.67,-1.0191986066255325
4.671,-1.0201620818064079
4.672,-1.0211353960597207
4.673,-1.0221185292569508
4.674,-1.023111461104097
4.675,-1.024114171141784
4.676,-1.0251266387453666
4.6770000000000005,-1.0261488431250276
4.678,-1.0271807633258847
4.679,-1.0282223782280935
4.68,-1.0292736665469466
4.681,-1.0303346068329822
4.682,-1.031405177472081
4.683,-1.0324853566855714
4.684,-1.033575122530337
4.6850000000000005,-1.0346744528989107
4.686,-1.0357833255195832
4.687,-1.0369017179565077
4.688,-1.038029607835671
4.689,-1.039166972300786
4.69,-1.0403137883505646
4.691,-1.0414700328987043
4.692,-1.0426356826955132
4.6930000000000005,-1.0438107143280118
4.694,-1.044995104220043
4.695,-1.0461888286323842
4.696,-1.0473918636628459
4.697,-1.0486041852463892
4.698,-1.0498257691552244
4.699,-1.051056590998923
4.7,-1.0522966262245277
4.7010000000000005,-1.053545850116654
4.702,-1.0548042377976004
4.703,-1.05607176422746
4.704,-1.0573484042042194
4.705,-1.0586341323638762
4.706,-1.059928923180538
4.707,-1.0612327509665331
4.708,-1.0625455898725225
4.7090000000000005,-1.0638674138875992
4.71,-1.0651981968394006
4.711,-1.066537912526114
4.712,-1.067886536082099
4.713,-1.0692440394216796
4.714,-1.0706103957566313
4.715,-1.0719855781391634
4.716,-1.0733695594620574
4.7170000000000005,-1.0747623124587953
4.718,-1.0761638097036978
4.719,-1.0775740236120628
4.72,-1.0789929264402918
4.721,-1.0804204902860348
4.722,-1.0818566870883168
4.723,-1.0833014886276762
4.724,-1.0847548665263027
4.7250000000000005,-1.086216792248167
4.726,-1.0876872370991566
4.727,-1.0891661722272168
4.728,-1.0906535686224759
4.729,-1.09214939711739
4.73,-1.0936536283868694
4.731,-1.0951662329484178
4.732,-1.09668718116227
4.7330000000000005,-1.0982164432315205
4.734,-1.0997539892022605
4.735,-1.1012997904471495
4.736,-1.1028538176422087
4.737,-1.1044160386021589
4.738,-1.1059864228036522
4.739,-1.1075649395696685
4.74,-1.109151558069707
4.741,-1.110746247319965
4.742,-1.112348976183537
4.743,-1.1139597133705936
4.744,-1.1155784274385747
4.745,-1.1172050867923806
4.746,-1.118839659684553
4.747,-1.1204821142154668
4.748,-1.1221324183335235
4.749,-1.123790539835329
4.75,-1.1254564463658934
4.751,-1.1271301054188092
4.752,-1.1288114843364447
4.753,-1.1305005503101353
4.7540000000000004,-1.1321972703803644
4.755,-1.1339016114369553
4.756,-1.1356135402192646
4.757,-1.1373330233163594
4.758,-1.1390600271672178
4.759,-1.1407945222466276
4.76,-1.142536472541136
4.761,-1.1442858430379628
4.7620000000000005,-1.1460425996649701
4.763,-1.147806708204884
4.764,-1.149578134295568
4.765,-1.1513568434302803
4.766,-1.153142800957956
4.767,-1.1549359720834633
4.768,-1.1567363218678777
4.769,-1.1585438152287544
4.7700000000000005,-1.1603584169403887
4.771,-1.1621800916340876
4.772,-1.164008803798445
4.773,-1.1658445177795977
4.774,-1.1676871977815069
4.775,-1.169536807866216
4.776,-1.1713933119541238
4.777,-1.173256673824258
4.7780000000000005,-1.1751268571145335
4.779,-1.1770038253220265
4.78,-1.1788875418032478
4.781,-1.1807779697743996
4.782,-1.1826750731822668
4.783,-1.1845788205608336
4.784,-1.186489169518624
4.785,-1.1884060828245766
4.7860000000000005,-1.1903295231138684
4.787,-1.1922594528882913
4.788,-1.194195834516632
4.789,-1.1961386302350334
4.79,-1.1980878021473826
4.791,-1.2000433122256722
4.792,-1.2020051223103794
4.793,-1.2039731941108447
4.7940000000000005,-1.2059474892056363
4.795,-1.2079279690429274
4.796,-1.2099145949408767
4.797,-1.211907328087989
4.798,-1.2139061295435036
4.799,-1.2159109602377558
4.8,-1.2179217809725549
4.801,-1.219938552421565
4.8020000000000005,-1.2219612351306661
4.803,-1.2239897895183356
4.804,-1.2260241758760253
4.805,-1.228064354368524
4.806,-1.2301102889858733
4.807,-1.232161941019288
4.808,-1.2342192664992266
4.809,-1.2362822252225556
4.8100000000000005,-1.2383507768676012
4.811,-1.2404248809946532
4.812,-1.2425044970464707
4.813,-1.2445895843487678
4.814,-1.2466801021107288
4.815,-1.2487760094254934
4.816,-1.2508772652706623
4.817,-1.2529838285088024
4.8180000000000005,-1.2550956578879342
4.819,-1.2572127120420378
4.82,-1.2593349494915567
4.821,-1.261462328643885
4.822,-1.2635948077938817
4.823,-1.2657323451243563
4.824,-1.267874898706574
4.825,-1.2700224265007616
4.8260000000000005,-1.2721748863565943
4.827,-1.2743322360137015
4.828,-1.2764944331021717
4.829,-1.2786614351430383
4.83,-1.2808332073265911
4.831,-1.2830097022469549
4.832,-1.2851908758230275
4.833,-1.2873766852961204
4.8340000000000005,-1.2895670878079422
4.835,-1.2917620404012433
4.836,-1.2939615000204598
4.837,-1.2961654235123374
4.838,-1.2983737676265854
4.839,-1.3005864890165018
4.84,-1.3028035442396158
4.841,-1.305024889758333
4.8420000000000005,-1.3072504819405615
4.843,-1.3094802770603553
4.844,-1.3117142312985588
4.845,-1.3139523007434313
4.846,-1.3161944413912998
4.847,-1.3184406091471845
4.848,-1.3206907598254427
4.849,-1.3229448491504114
4.8500000000000005,-1.3252028327570358
4.851,-1.3274646661915108
4.852,-1.3297303049119273
4.853,-1.3319997059645032
4.854,-1.3342728313050223
4.855,-1.3365496295236403
4.856,-1.338830055883336
4.857,-1.3411140655692206
4.8580000000000005,-1.343401613689307
4.859,-1.3456926552752957
4.86,-1.3479871452833616
4.861,-1.3502850385949199
4.862,-1.3525862900174237
4.863,-1.35489085428513
4.864,-1.3571986860598855
4.865,-1.3595097399319143
4.866,-1.3618239704205837
4.867,-1.3641413319752007
4.868,-1.3664617789757787
4.869,-1.3687852657338244
4.87,-1.3711117464931233
4.871,-1.373441175430509
4.872,-1.3757735066566494
4.873,-1.378108694216834
4.874,-1.3804466920917382
4.875,-1.382787454198223
4.876,-1.3851309343900988
4.877,-1.3874770912188346
4.878,-1.3898258789848104
4.8790000000000004,-1.3921772477304923
4.88,-1.3945311512111125
4.881,-1.3968875431295122
4.882,-1.3992463771370443
4.883,-1.4016076068345047
4.884,-1.403971185773034
4.885,-1.40633706745504
4.886,-1.408705205335119
4.8870000000000005,-1.4110755528209602
4.888,-1.4134480632742668
4.889,-1.4158226900116784
4.89,-1.4181993863056725
4.891,-1.4205781053854971
4.892,-1.4229588004380713
4.893,-1.4253414246089084
4.894,-1.4277259310030368
4.8950000000000005,-1.4301122726859044
4.896,-1.4325004026843002
4.897,-1.4348902739872762
4.898,-1.4372818395470495
4.899,-1.439675052279934
4.9,-1.4420698650672414
4.901,-1.4444662377846595
4.902,-1.4468641184264899
4.9030000000000005,-1.4492634590837994
4.904,-1.4516642126352977
4.905,-1.4540663319351623
4.906,-1.456469769814058
4.907,-1.4588744790801866
4.908,-1.4612804125203045
4.909,-1.4636875229007624
4.91,-1.4660957629685447
4.9110000000000005,-1.46850508545229
4.912,-1.47091544306333
4.913,-1.4733267884967285
4.914,-1.4757390744323011
4.915,-1.478152253535663
4.916,-1.480566278459249
4.917,-1.4829811018433519
4.918,-1.4853966763171615
4.9190000000000005,-1.4878129544997865
4.92,-1.4902298890012917
4.921,-1.492647432423739
4.922,-1.4950655373622046
4.923,-1.4974841564058294
4.924,-1.4999032434957926
4.925,-1.502322754801053
4.926,-1.504742639042945
4.9270000000000005,-1.507162848891463
4.928,-1.5095833370202183
4.929,-1.512004056107568
4.93,-1.5144249588377212
4.931,-1.5168459979018787
4.932,-1.5192671259993382
4.933,-1.5216882958386246
4.934,-1.524109460138616
4.9350000000000005,-1.5265305716296547
4.936,-1.5289515830546727
4.937,-1.5313724471703232
4.938,-1.533793116748084
4.939,-1.536213544575399
4.94,-1.5386336834567833
4.941,-1.541053486214952
4.942,-1.5434729056919487
4.9430000000000005,-1.5458918947502536
4.944,-1.5483104062739117
4.945,-1.550728393169662
4.946,-1.5531458083680432
4.947,-1.555562604824533
4.948,-1.5579787375503493
4.949,-1.5603941594178508
4.95,-1.5628088222301404
4.9510000000000005,-1.5652226791099566
4.952,-1.5676356832131788
4.953,-1.570047787730008
4.954,-1.572458945886126
4.955,-1.5748691109438855
4.956,-1.5772782362034696
4.957,-1.5796862750040728
4.958,-1.5820931807250795
4.9590000000000005,-1.5844989067872275
4.96,-1.586903406653786
4.961,-1.5893066338317368
4.962,-1.5917085418729344
4.963,-1.5941090843752947
4.964,-1.5965082149839562
4.965,-1.5989058873924582
4.966,-1.6013020553439232
4.9670000000000005,-1.6036966726322164
4.968,-1.6060896931031265
4.969,-1.6084810706555464
4.97,-1.6108707592426315
4.971,-1.613258712872991
4.972,-1.6156448862798634
4.973,-1.6180292330807953
4.974,-1.6204117074311597
4.9750000000000005,-1.6227922635845384
4.976,-1.6251708558563531
4.977,-1.627547438625055
4.978,-1.6299219663332953
4.979,-1.6322943934891256
4.98,-1.6346646746671687
4.981,-1.6370327645098075
4.982,-1.639398617728377
4.9830000000000005,-1.6417621891043361
4.984,-1.644123433490457
4.985,-1.6464823058120175
4.986,-1.6488387610679687
4.987,-1.651192754332138
4.988,-1.6535442407543977
4.989,-1.655893175561856
4.99,-1.6582395140600472
4.9910000000000005,-1.6605832116341042
4.992,-1.6629242237499484
4.993,-1.6652625059554804
4.994,-1.6675980138817506
4.995,-1.669930702629163
4.996,-1.6722605268905162
4.997,-1.6745874438741815
4.998,-1.6769114095209308
4.999,-1.6792323798589885
5.0,-1.6815503110052
