time,stage_id,level,y,_output
0.0,stage1,0.0,0,0
0.01,stage1,0.00994569747707125,0,0
0.02,stage1,0.019783575534989592,1,0
0.03,stage1,0.029514803023619328,2,0
0.04,stage1,0.03914053612154517,3,0
0.05,stage1,0.04866191847343918,4,0
0.06,stage1,0.05808008132593854,5,0
0.07,stage1,0.06739614366205027,6,0
0.08,stage1,0.07661121233409897,7,0
0.09,stage1,0.0857263821952332,8,0
0.1,stage1,0.10366134568054694,9,0
0.11,stage1,0.11248327017883493,10,0
0.12,stage1,0.12120955786759709,11,0
0.13,stage1,0.1298412455273384,12,0
0.14,stage1,0.13837935869902307,13,0
0.15,stage1,0.13837935869902307,14,0
0.16,stage1,0.14682491180592047,14,0
0.17,stage1,0.1551789082741296,15,0
0.18,stage1,0.1634423406517977,16,0
0.19,stage1,0.17161619072704568,16,0
0.2,stage1,0.1797014296446159,17,0
0.21,stage1,0.18769901802125477,18,0
0.22,stage1,0.19560990605984482,19,0
0.23,stage1,0.20343503366229948,20,0
0.24,stage1,0.21117533054123383,20,0
0.25,stage1,0.21883171633042492,21,0
0.26,stage1,0.22640510069407452,22,0
0.27,stage1,0.23389638343488744,23,0
0.28,stage1,0.24130645460097805,23,0
0.29,stage1,0.248636194591618,24,0
0.3,stage1,0.2558864742618375,25,0
0.31,stage1,0.2630581550258927,26,0
0.32,stage1,0.2701520889596112,26,0
0.33,stage1,0.27716911890162815,27,0
0.34,stage1,0.28411007855352505,28,0
0.35,stage1,0.2909757925788828,28,0
0.36,stage1,0.29776707670126085,29,0
0.37,stage1,0.30448473780111424,30,0
0.38,stage1,0.31112957401166025,30,0
0.39,stage1,0.3177023748137054,31,0
0.4,stage1,0.3242039211294444,32,0
0.41,stage1,0.3306349854152429,32,0
0.42,stage1,0.3369963317534134,33,0
0.43,stage1,0.34328871594299726,34,0
0.44,stage1,0.3495128855895617,34,0
0.45,stage1,0.3556695801940239,35,0
0.46,stage1,0.36175953124051186,36,0
0.47,stage1,0.367783462283273,36,0
0.48,stage1,0.37374208903264045,37,0
0.49,stage1,0.37963611944006737,37,0
0.5,stage1,0.38546625378223964,38,0
0.51,stage1,0.3912331847442763,39,0
0.52,stage1,0.39693759750202867,39,0
0.53,stage1,0.40258016980348654,40,0
0.54,stage1,0.40816157204930237,40,0
0.55,stage1,0.4136824673724423,41,0
0.56,stage1,0.41914351171697395,41,0
0.57,stage1,0.4245453539159996,42,0
0.58,stage1,0.4298886357687452,42,0
0.59,stage1,0.43517399211681285,43,0
0.6,stage1,0.4404020509196074,44,0
0.61,stage1,0.44557343332894495,44,0
0.62,stage1,0.45068875376285267,45,0
0.63,stage1,0.4557486199785684,45,0
0.64,stage1,0.46075363314474915,46,0
0.65,stage1,0.46570438791289653,46,0
0.66,stage1,0.47060147248800815,47,0
0.67,stage1,0.4754454686984627,47,0
0.68,stage1,0.48023695206514794,48,0
0.69,stage1,0.4849764918698388,48,0
0.7,stage1,0.48966465122283476,48,0
0.71,stage1,0.49430198712986306,49,0
0.72,stage1,0.4988890505582578,49,0
0.73,stage1,0.5034263865024204,50,0
0.74,stage1,0.5079145340485718,50,0
0.75,stage1,0.5123540264388013,51,0
0.76,stage1,0.5167453911344221,51,0
0.77,stage1,0.5210891498786392,52,0
0.78,stage1,0.5253858187585383,52,0
0.79,stage1,0.5296359082664033,53,0
0.8,stage1,0.5338399233603679,53,0
0.81,stage1,0.5379983635244108,53,0
0.82,stage1,0.5421117228276993,54,0
0.83,stage1,0.5461804899832906,54,0
0.84,stage1,0.5502051484061968,55,0
0.85,stage1,0.5541861762708192,55,0
0.86,stage1,0.5581240465677614,55,0
0.87,stage1,0.5620192271600251,56,0
0.88,stage1,0.5658721808385986,56,0
0.89,stage1,0.5696833653774405,57,0
0.9,stage1,0.573453233587869,57,0
0.91,stage1,0.5771822333723609,57,0
0.92,stage1,0.5808708077777667,58,0
0.93,stage1,0.5845193950479506,58,0
0.94,stage1,0.5881284286758578,58,0
0.95,stage1,0.5916983374550189,59,0
0.96,stage1,0.5952295455304952,59,0
0.97,stage1,0.5987224724492721,60,0
0.98,stage1,0.6021775332101053,60,0
0.99,stage1,0.605595138312828,60,0
1.0,stage1,0.6089756938071227,61,0
1.01,stage1,0.6123196013407642,61,0
1.02,stage1,0.6156272582073399,61,0
1.03,stage1,0.6188990573934529,62,0
1.04,stage1,0.6221353876254131,62,0
1.05,stage1,0.6253366334154222,62,0
1.06,stage1,0.6285031751072583,63,0
1.07,stage1,0.6316353889214643,63,0
1.08,stage1,0.6347336470000482,63,0
1.09,stage1,0.6377983174506965,63,0
1.1,stage1,0.6408297643905105,64,0
1.11,stage1,0.6438283479892672,64,0
1.12,stage1,0.6467944245122109,64,0
1.13,stage1,0.6497283463623823,65,0
1.14,stage1,0.6526304621224878,65,0
1.15,stage1,0.6555011165963142,65,0
1.16,stage1,0.6583406508496966,66,0
1.17,stage1,0.6611494022510398,66,0
1.18,stage1,0.6639277045114015,66,0
1.19,stage1,0.6666758877241414,66,0
1.2,stage1,0.6693942784041399,67,0
1.21,stage1,0.6720831995265911,67,0
1.22,stage1,0.6747429705653766,67,0
1.23,stage1,0.6773739075310221,67,0
1.24,stage1,0.6799763230082433,68,0
1.25,stage1,0.6825505261930842,68,0
1.26,stage1,0.6850968229296533,68,0
1.27,stage1,0.6876155157464612,69,0
1.28,stage1,0.6901069038923638,69,0
1.29,stage1,0.6925712833721176,69,0
1.3,stage1,0.6950089469815474,69,0
1.31,stage1,0.697420184342334,70,0
1.32,stage1,0.6998052819364247,70,0
1.33,stage1,0.70216452314007,70,0
1.34,stage1,0.7044981882574927,70,0
1.35,stage1,0.7068065545541902,70,0
1.36,stage1,0.7090898962898777,71,0
1.37,stage1,0.7113484847510727,71,0
1.38,stage1,0.7135825882833271,71,0
1.39,stage1,0.7157924723231095,71,0
1.4,stage1,0.717978399429342,72,0
1.41,stage1,0.7201406293145955,72,0
1.42,stage1,0.7222794188759462,72,0
1.43,stage1,0.7243950222254975,72,0
1.44,stage1,0.726487690720572,72,0
1.45,stage1,0.7285576729935752,73,0
1.46,stage1,0.730605214981536,73,0
1.47,stage1,0.7326305599553263,73,0
1.48,stage1,0.734633948548565,73,0
1.49,stage1,0.7366156187862074,73,0
1.5,stage1,0.7385758061128254,74,0
1.51,stage1,0.740514743420581,74,0
1.52,stage1,0.7424326610768966,74,0
1.53,stage1,0.7443297869518251,74,0
1.54,stage1,0.7462063464451231,74,0
1.55,stage1,0.7480625625130313,75,0
1.56,stage1,0.7498986556947642,75,0
1.57,stage1,0.7517148441387127,75,0
1.58,stage1,0.7535113436283619,75,0
1.59,stage1,0.7552883676079297,75,0
1.6,stage1,0.7570461272077254,76,0
1.61,stage1,0.7587848312692346,76,0
1.62,stage1,0.7605046863699321,76,0
1.63,stage1,0.7622058968478254,76,0
1.64,stage1,0.7638886648257325,76,0
1.65,stage1,0.7655531902352962,76,0
1.66,stage1,0.7671996708407385,77,0
1.67,stage1,0.7688283022623569,77,0
1.68,stage1,0.7704392779997664,77,0
1.69,stage1,0.7720327894548893,77,0
1.7,stage1,0.7736090259546959,77,0
1.71,stage1,0.775168174773699,77,0
1.72,stage1,0.7767104211562039,78,0
1.73,stage1,0.7782359483383172,78,0
1.74,stage1,0.7797449375697181,78,0
1.75,stage1,0.781237568135192,78,0
1.76,stage1,0.7827140173759323,78,0
1.77,stage1,0.7841744607106098,78,0
1.78,stage1,0.7856190716562153,78,0
1.79,stage1,0.7870480218486743,79,0
1.8,stage1,0.7884614810632401,79,0
1.81,stage1,0.7898596172346648,79,0
1.82,stage1,0.7912425964771513,79,0
1.83,stage1,0.7926105831040905,79,0
1.84,stage1,0.7939637396475824,79,0
1.85,stage1,0.7953022268777477,79,0
1.86,stage1,0.7966262038218286,80,0
1.87,stage1,0.7979358277830835,80,0
1.88,stage1,0.7992312543594756,80,0
1.89,stage1,0.8005126374621603,80,0
1.9,stage1,0.8017801293337711,80,0
1.91,stage1,0.8030338805665084,80,0
1.92,stage1,0.8042740401200308,80,0
1.93,stage1,0.8055007553391538,80,0
1.94,stage1,0.8067141719713555,81,0
1.95,stage1,0.8079144341840933,81,0
1.96,stage1,0.8091016845819325,81,0
1.97,stage1,0.8102760642234895,81,0
1.98,stage1,0.811437712638191,81,0
1.99,stage1,0.8125867678428514,81,0
2.0,stage1,0.8137233663580712,81,0
2.01,stage1,0.8148476432244571,81,0
2.02,stage1,0.8159597320186661,81,0
2.03,stage1,0.8170597648692758,82,0
2.04,stage1,0.8181478724724833,82,0
2.05,stage1,0.8192241841076329,82,0
2.06,stage1,0.8202888276525759,82,0
2.07,stage1,0.8213419295988644,82,0
2.08,stage1,0.8234140078201961,82,0
2.09,stage1,0.8244332302812903,82,0
2.1,stage1,0.8254414035450813,82,0
2.11,stage1,0.8264386473938203,83,0
2.12,stage1,0.8274250803112222,83,0
2.13,stage1,0.8284008194965421,83,0
2.14,stage1,0.8293659808785004,83,0
2.15,stage1,0.8303206791290564,83,0
2.16,stage1,0.831265027677032,83,0
2.17,stage1,0.8321991387215892,83,0
2.18,stage1,0.83312312324556,83,0
2.19,stage1,0.8340370910286323,83,0
2.2,stage1,0.8349411506603936,83,0
2.21,stage1,0.8358354095532324,83,0
2.22,stage1,0.8367199739550997,84,0
2.23,stage1,0.8375949489621324,84,0
2.24,stage1,0.8384604385311402,84,0
2.25,stage1,0.839316545491957,84,0
2.26,stage1,0.8401633715596579,84,0
2.27,stage1,0.8410010173466442,84,0
2.28,stage1,0.8418295823745972,84,0
2.29,stage1,0.8426491650863022,84,0
2.3,stage1,0.8434598628573454,84,0
2.31,stage1,0.8442617720076826,84,0
2.32,stage1,0.8450549878130833,84,0
2.33,stage1,0.8458396045164502,85,0
2.34,stage1,0.8466157153390172,85,0
2.35,stage1,0.8473834124914236,85,0
2.36,stage1,0.8481427871846714,85,0
2.37,stage1,0.848893929640961,85,0
2.38,stage1,0.8496369291044112,85,0
2.39,stage1,0.8503718738516624,85,0
2.4,stage1,0.8510988512023643,85,0
2.41,stage1,0.8518179475295512,85,0
2.42,stage1,0.8525292482699036,85,0
2.43,stage1,0.8532328379338993,85,0
2.44,stage1,0.8539288001158535,85,0
2.45,stage1,0.854617217503852,85,0
2.46,stage1,0.8552981718895744,85,0
2.47,stage1,0.8559717441780124,86,0
2.48,stage1,0.8566380143970815,86,0
2.49,stage1,0.8572970617071307,86,0
2.5,stage1,0.8579489644103457,86,0
2.51,stage1,0.8585937999600538,86,0
2.52,stage1,0.859231644969925,86,0
2.53,stage1,0.8598625752230753,86,0
2.54,stage1,0.8604866656810702,86,0
2.55,stage1,0.8611039904928312,86,0
2.56,stage1,0.8617146230034453,86,0
2.57,stage1,0.8623186357628793,86,0
2.58,stage1,0.8629161005345997,86,0
2.59,stage1,0.8635070883040988,86,0
2.6,stage1,0.8640916692873287,86,0
2.61,stage1,0.8646699129390437,86,0
2.62,stage1,0.8652418879610523,86,0
2.63,stage1,0.8658076623103793,87,0
2.64,stage1,0.866367303207341,87,0
2.65,stage1,0.8669208771435305,87,0
2.66,stage1,0.8674684498897186,87,0
2.67,stage1,0.8680100865036672,87,0
2.68,stage1,0.8685458513378594,87,0
2.69,stage1,0.8690758080471456,87,0
2.7,stage1,0.8696000195963055,87,0
2.71,stage1,0.8701185482675302,87,0
2.72,stage1,0.870631455667821,87,0
2.73,stage1,0.8711388027363093,87,0
2.74,stage1,0.8716406497514974,87,0
2.75,stage1,0.8721370563384192,87,0
2.76,stage1,0.8726280814757255,87,0
2.77,stage1,0.8731137835026902,87,0
2.78,stage1,0.8735942201261425,87,0
2.79,stage1,0.8740694484273228,87,0
2.8,stage1,0.8745395248686646,87,0
2.81,stage1,0.8750045053005029,87,0
2.82,stage1,0.8754644449677095,88,0
2.83,stage1,0.8759193985162576,88,0
2.84,stage1,0.8763694199997131,88,0
2.85,stage1,0.8768145628856582,88,0
2.86,stage1,0.8772548800620427,88,0
2.87,stage1,0.877690423843468,88,0
2.88,stage1,0.8781212459774035,88,0
2.89,stage1,0.8785473976503334,88,0
2.9,stage1,0.8789689294938395,88,0
2.91,stage1,0.8793858915906156,88,0
2.92,stage1,0.8797983334804191,88,0
2.93,stage1,0.8802063041659562,88,0
2.94,stage1,0.8806098521187038,88,0
2.95,stage1,0.881009025284669,88,0
2.96,stage1,0.8814038710900848,88,0
2.97,stage1,0.8817944364470461,88,0
2.98,stage1,0.8821807677590826,88,0
2.99,stage1,0.8825629109266716,88,0
3.0,stage1,0.8829409113526924,88,0
3.01,stage1,0.8833148139478202,88,0
3.02,stage1,0.8836846631358624,88,0
3.03,stage1,0.8840505028590357,88,0
3.04,stage1,0.8844123765831884,88,0
3.05,stage1,0.8847703273029629,88,0
3.06,stage1,0.8851243975469055,88,0
3.07,stage1,0.8854746293825184,89,0
3.08,stage1,0.885821064421258,89,0
3.09,stage1,0.8861637438234785,89,0
3.1,stage1,0.886502708303323,89,0
3.11,stage1,0.88683799813356,89,0
3.12,stage1,0.8871696531503687,89,0
3.13,stage1,0.8874977127580717,89,0
3.14,stage1,0.8878222159338168,89,0
3.15,stage1,0.8881432012322081,89,0
3.16,stage1,0.8884607067898868,89,0
3.17,stage1,0.8887747703300612,89,0
3.18,stage1,0.8890854291669902,89,0
3.19,stage1,0.8893927202104155,89,0
3.2,stage1,0.8896966799699474,89,0
3.21,stage1,0.8899973445594027,89,0
3.22,stage1,0.8902947497010948,89,0
3.23,stage1,0.8905889307300784,89,0
3.24,stage1,0.8908799225983476,89,0
3.25,stage1,0.8911677598789886,89,0
3.26,stage1,0.8914524767702873,89,0
3.27,stage1,0.8917341070997924,89,0
3.28,stage1,0.8920126843283348,89,0
3.29,stage1,0.8922882415540027,89,0
3.3,stage1,0.8925608115160739,89,0
3.31,stage1,0.8928304265989065,89,0
3.32,stage1,0.8930971188357857,89,0
3.33,stage1,0.8933609199127297,89,0
3.34,stage1,0.8936218611722547,89,0
3.35,stage1,0.8938799736170988,89,0
3.36,stage1,0.8941352879139053,89,0
3.37,stage1,0.894387834396866,89,0
3.38,stage1,0.8946376430713255,89,0
3.39,stage1,0.8948847436173464,89,0
3.4,stage1,0.8951291653932352,89,0
3.41,stage1,0.8953709374390307,90,0
3.42,stage1,0.895610088479954,90,0
3.43,stage1,0.8958466469298215,90,0
3.44,stage1,0.896080640894421,90,0
3.45,stage1,0.8963120981748505,90,0
3.46,stage1,0.896541046270822,90,0
3.47,stage1,0.8967675123839279,90,0
3.48,stage1,0.8969915234208737,90,0
3.49,stage1,0.8972131059966739,90,0
3.5,stage1,0.8974322864378151,90,0
3.51,stage1,0.8976490907853835,90,0
3.52,stage1,0.8978635447981584,90,0
3.53,stage1,0.8980756739556737,90,0
3.54,stage1,0.8982855034612437,90,0
3.55,stage1,0.898493058244959,90,0
3.56,stage1,0.8986983629666476,90,0
3.57,stage1,0.898901442018805,90,0
3.58,stage1,0.899102319529492,90,0
3.59,stage1,0.8993010193652023,90,0
3.6,stage1,0.899497565133697,90,0
3.61,stage1,0.8996919801868101,90,0
3.62,stage1,0.8998842876232225,90,0
3.63,stage1,0.9000745102912071,90,0
3.64,stage1,0.9002626707913427,90,0
3.65,stage1,0.9004487914791999,90,0
3.66,stage1,0.9006328944679964,90,0
3.67,stage1,0.900815001631225,90,0
3.68,stage1,0.9009951346052518,90,0
3.69,stage1,0.9011733147918873,90,0
3.7,stage1,0.9013495633609293,90,0
3.71,stage1,0.9015239012526775,90,0
3.72,stage1,0.9016963491804217,90,0
3.73,stage1,0.9018669276329034,90,0
3.74,stage1,0.9020356568767489,90,0
3.75,stage1,0.9022025569588782,90,0
3.76,stage1,0.9023676477088864,90,0
3.77,stage1,0.9025309487413999,90,0
3.78,stage1,0.9026924794584062,90,0
3.79,stage1,0.9028522590515601,90,0
3.8,stage1,0.9030103065044626,90,0
3.81,stage1,0.9031666405949177,90,0
3.82,stage1,0.9033212798971626,90,0
3.83,stage1,0.9034742427840746,90,0
3.84,stage1,0.9036255474293545,90,0
3.85,stage1,0.9037752118096848,90,0
3.86,stage1,0.9039232537068669,90,0
3.87,stage1,0.9040696907099325,90,0
3.88,stage1,0.9042145402172342,90,0
3.89,stage1,0.9043578194385126,90,0
3.9,stage1,0.9044995453969402,90,0
3.91,stage1,0.9046397349311449,90,0
3.92,stage1,0.9047784046972104,90,0
3.93,stage1,0.9049155711706546,90,0
3.94,stage1,0.9050512506483874,90,0
3.95,stage1,0.9051854592506474,91,0
3.96,stage1,0.9053182129229165,91,0
3.97,stage1,0.9054495274378143,91,0
3.98,stage1,0.905579418396973,91,0
3.99,stage1,0.9057079012328904,91,0
4.0,stage1,0.905834991210763,91,0
4.01,stage1,0.9059607034303011,91,0
4.02,stage1,0.9060850528275209,91,0
4.03,stage1,0.906208054176521,91,0
4.04,stage1,0.9063297220912357,91,0
4.05,stage1,0.9064500710271738,91,0
4.06,stage1,0.9065691152831334,91,0
4.07,stage1,0.906686869002903,91,0
4.08,stage1,0.9068033461769401,91,0
4.09,stage1,0.9069185606440352,91,0
4.1,stage1,0.9070325260929544,91,0
4.11,stage1,0.9071452560640667,91,0
4.12,stage1,0.9072567639509528,91,0
4.13,stage1,0.9073670630019958,91,0
4.14,stage1,0.9074761663219558,91,0
4.15,stage1,0.9075840868735263,91,0
4.16,stage1,0.9076908374788752,91,0
4.17,stage1,0.9077964308211675,91,0
4.18,stage1,0.9079008794460721,91,0
4.19,stage1,0.9080041957632534,91,0
4.2,stage1,0.9081063920478444,91,0
4.21,stage1,0.9082074804419058,91,0
4.22,stage1,0.9083074729558689,91,0
4.23,stage1,0.9084063814699617,91,0
4.24,stage1,0.908504217735621,91,0
4.25,stage1,0.9086009933768886,91,0
4.26,stage1,0.9086967198917925,91,0
4.27,stage1,0.9087914086537124,91,0
4.28,stage1,0.9088850709127316,91,0
4.29,stage1,0.9089777177969732,91,0
4.3,stage1,0.9090693603139225,91,0
4.31,stage1,0.9091600093517347,91,0
4.32,stage1,0.9092496756805287,91,0
4.33,stage1,0.9093383699536663,91,0
4.34,stage1,0.9094261027090186,91,0
4.35,stage1,0.9095128843702174,91,0
4.36,stage1,0.909598725247894,91,0
4.37,stage1,0.9096836355409039,91,0
4.38,stage1,0.9097676253375391,91,0
4.39,stage1,0.9098507046167259,91,0
4.4,stage1,0.9099328832492114,91,0
4.41,stage1,0.9100141709987356,91,0
4.42,stage1,0.9100945775231916,91,0
4.43,stage1,0.9101741123757731,91,0
4.44,stage1,0.9102527850061094,91,0
4.45,stage1,0.9103306047613884,91,0
4.46,stage1,0.9104075808874669,91,0
4.47,stage1,0.9104837225299687,91,0
4.48,stage1,0.9105590387353719,91,0
4.49,stage1,0.9106335384520837,91,0
4.5,stage1,0.9107072305315029,91,0
4.51,stage1,0.9107801237290721,91,0
4.52,stage1,0.910852226705318,91,0
4.53,stage1,0.9109235480268799,91,0
4.54,stage1,0.9109940961675281,91,0
4.55,stage1,0.91106387950917,91,0
4.56,stage1,0.9111329063428464,91,0
4.57,stage1,0.9112011848697168,91,0
4.58,stage1,0.9112687232020332,91,0
4.59,stage1,0.9113355293641044,91,0
4.6,stage1,0.9114016112932491,91,0
4.61,stage1,0.911466976840739,91,0
4.62,stage1,0.9115316337727316,91,0
4.63,stage1,0.9115955897711931,91,0
4.64,stage1,0.9116588524348112,91,0
4.65,stage1,0.9117214292798969,91,0
4.66,stage1,0.911783327741279,91,0
4.67,stage1,0.9118445551731865,91,0
4.68,stage1,0.9119051188501226,91,0
4.69,stage1,0.911965025967729,91,0
4.7,stage1,0.9120242836436407,91,0
4.71,stage1,0.912082898918332,91,0
4.72,stage1,0.9121408787559527,91,0
4.73,stage1,0.9121982300451555,91,0
4.74,stage1,0.9122549595999145,91,0
4.75,stage1,0.9123110741603347,91,0
4.76,stage1,0.9123665803934531,91,0
4.77,stage1,0.9124214848940306,91,0
4.78,stage1,0.9124757941853354,91,0
4.79,stage1,0.9125295147199184,91,0
4.8,stage1,0.9125826528803794,91,0
4.81,stage1,0.9126352149801259,91,0
4.82,stage1,0.9126872072641227,91,0
4.83,stage1,0.9127386359096342,91,0
4.84,stage1,0.9127895070269583,91,0
4.85,stage1,0.9128398266601522,91,0
4.86,stage1,0.9128896007877508,91,0
4.87,stage1,0.9129388353234767,91,0
4.88,stage1,0.9129875361169432,91,0
4.89,stage1,0.9130357089543486,91,0
4.9,stage1,0.9130833595591645,91,0
4.91,stage1,0.9131304935928153,91,0
4.92,stage1,0.9131771166553511,91,0
4.93,stage1,0.9132232342861126,91,0
4.94,stage1,0.9132688519643898,91,0
4.95,stage1,0.9133139751100726,91,0
4.96,stage1,0.9133586090842953,91,0
4.97,stage1,0.9134027591900727,91,0
4.98,stage1,0.913446430672931,91,0
4.99,stage1,0.9134896287215302,91,0
5.0,stage1,0.9135323584682814,91,0
5.01,stage1,0.9135746249899561,91,0
5.02,stage1,0.9136164333082893,91,0
5.03,stage1,0.9136577883905767,91,0
5.04,stage1,0.913698695150264,91,0
5.05,stage1,0.9137391584475316,91,0
5.06,stage1,0.9137791830898715,91,0
5.07,stage1,0.9138187738326584,91,0
5.08,stage1,0.913857935379715,91,0
5.09,stage1,0.913896672383871,91,0
5.1,stage1,0.9139349894475153,91,0
5.11,stage1,0.9139728911231433,91,0
5.12,stage1,0.9140103819138977,91,0
5.13,stage1,0.9140474662741034,91,0
5.14,stage1,0.9140841486097968,91,0
5.15,stage1,0.9141204332792494,91,0
5.16,stage1,0.9141563245934856,91,0
5.17,stage1,0.9141918268167945,91,0
5.18,stage1,0.9142269441672369,91,0
5.19,stage1,0.9142616808171468,91,0
5.2,stage1,0.9142960408936263,91,0
5.21,stage1,0.9143300284790365,91,0
5.22,stage1,0.9143636476114825,91,0
5.23,stage1,0.9143969022852927,91,0
5.24,stage1,0.9144297964514944,91,0
5.25,stage1,0.9144623340182819,91,0
5.26,stage1,0.9144945188514819,91,0
5.27,stage1,0.9145263547750122,91,0
5.28,stage1,0.9145578455713363,91,0
5.29,stage1,0.9145889949819129,91,0
5.3,stage1,0.9146198067076401,91,0
5.31,stage1,0.9146502844092951,91,0
5.32,stage1,0.9146804317079695,91,0
5.33,stage1,0.9147102521854996,91,0
5.34,stage1,0.9147397493848912,91,0
5.35,stage1,0.9147689268107413,91,0
5.36,stage1,0.9147977879296542,91,0
5.37,stage1,0.9148263361706532,91,0
5.38,stage1,0.9148545749255887,91,0
5.39,stage1,0.9148825075495403,91,0
5.4,stage1,0.9149101373612158,91,0
5.41,stage1,0.9149374676433457,91,0
5.42,stage1,0.9149645016430729,91,0
5.43,stage1,0.9149912425723388,91,0
5.44,stage1,0.9150176936082646,91,0
5.45,stage1,0.9150438578935289,92,0
5.46,stage1,0.9150697385367413,92,0
5.47,stage1,0.9150953386128116,92,0
5.48,stage1,0.9151206611633148,92,0
5.49,stage1,0.9151457091968529,92,0
5.5,stage1,0.9151704856894124,92,0
5.51,stage1,0.9151949935847173,92,0
5.52,stage1,0.9152192357945796,92,0
5.53,stage1,0.9152432151992449,92,0
5.54,stage1,0.9152669346477341,92,0
5.55,stage1,0.915290396958183,92,0
5.56,stage1,0.9153136049181765,92,0
5.57,stage1,0.9153365612850793,92,0
5.58,stage1,0.9153592687863644,92,0
5.59,stage1,0.915381730119937,92,0
5.6,stage1,0.9154039479544542,92,0
5.61,stage1,0.9154259249296434,92,0
5.62,stage1,0.9154476636566146,92,0
5.63,stage1,0.9154691667181716,92,0
5.64,stage1,0.9154904366691184,92,0
5.65,stage1,0.9155114760365632,92,0
5.66,stage1,0.9155322873202176,92,0
5.67,stage1,0.9155528729926948,92,0
5.68,stage1,0.915573235499803,92,0
5.69,stage1,0.9155933772608352,92,0
5.7,stage1,0.9156133006688582,92,0
5.71,stage1,0.915633008090995,92,0
5.72,stage1,0.915652501868708,92,0
5.73,stage1,0.9156717843180756,92,0
5.74,stage1,0.9156908577300686,92,0
5.75,stage1,0.9157097243708214,92,0
5.76,stage1,0.9157283864819018,92,0
5.77,stage1,0.915746846280577,92,0
5.78,stage1,0.9157651059600775,92,0
5.79,stage1,0.9157831676898573,92,0
5.8,stage1,0.9158010336158519,92,0
5.81,stage1,0.9158187058607328,92,0
5.82,stage1,0.9158361865241602,92,0
5.83,stage1,0.9158534776830324,92,0
5.84,stage1,0.9158705813917322,92,0
5.85,stage1,0.9158874996823716,92,0
5.86,stage1,0.9159042345650322,92,0
5.87,stage1,0.9159207880280055,92,0
5.88,stage1,0.9159371620380277,92,0
5.89,stage1,0.9159533585405141,92,0
5.9,stage1,0.9159693794597903,92,0
5.91,stage1,0.9159852266993207,92,0
5.92,stage1,0.9160009021419344,92,0
5.93,stage1,0.9160164076500492,92,0
5.94,stage1,0.9160317450658927,92,0
5.95,stage1,0.9160469162117212,92,0
5.96,stage1,0.9160619228900364,92,0
5.97,stage1,0.9160767668837997,92,0
5.98,stage1,0.9160914499566432,92,0
5.99,stage1,0.91610597385308,92,0
6.0,stage1,0.9161203402987116,92,0
6.01,stage1,0.9161345510004321,92,0
6.02,stage1,0.9161486076466316,92,0
6.03,stage1,0.916162511907397,92,0
6.04,stage1,0.9161762654347098,92,0
6.05,stage1,0.9161898698626427,92,0
6.06,stage1,0.9162033268075538,92,0
6.07,stage1,0.9162166378682786,92,0
6.08,stage1,0.9162298046263198,92,0
6.09,stage1,0.9162428286460356,92,0
6.1,stage1,0.9162557114748249,92,0
6.11,stage1,0.9162684546433117,92,0
6.12,stage1,0.9162810596655271,92,0
6.13,stage1,0.9162935280390885,92,0
6.14,stage1,0.9163058612453778,92,0
6.15,stage1,0.916318060749718,92,0
6.16,stage1,0.9163301280015465,92,0
6.17,stage1,0.9163420644345878,92,0
6.18,stage1,0.9163538714670233,92,0
6.19,stage1,0.9163655505016607,92,0
6.2,stage1,0.9163771029260998,92,0
6.21,stage1,0.9163885301128974,92,0
6.22,stage1,0.9163998334197314,92,0
6.23,stage1,0.9164110141895607,92,0
6.24,stage1,0.9164220737507859,92,0
6.25,stage1,0.9164330134174065,92,0
6.26,stage1,0.9164438344891768,92,0
6.27,stage1,0.9164545382517615,92,0
6.28,stage1,0.916465125976887,92,0
6.29,stage1,0.9164755989224934,92,0
6.3,stage1,0.9164859583328838,92,0
6.31,stage1,0.9164962054388719,92,0
6.32,stage1,0.9165063414579282,92,0
6.33,stage1,0.9165163675943253,92,0
6.34,stage1,0.9165262850392802,92,0
6.35,stage1,0.9165360949710962,92,0
6.36,stage1,0.9165457985553028,92,0
6.37,stage1,0.9165553969447943,92,0
6.38,stage1,0.9165648912799665,92,0
6.39,stage1,0.9165742826888528,92,0
6.4,stage1,0.9165835722872574,92,0
6.41,stage1,0.9165927611788883,92,0
6.42,stage1,0.9166018504554887,92,0
6.43,stage1,0.9166108411969661,92,0
6.44,stage1,0.9166197344715212,92,0
6.45,stage1,0.9166285313357744,92,0
6.46,stage1,0.9166372328348914,92,0
6.47,stage1,0.9166458400027075,92,0
6.48,stage1,0.9166543538618506,92,0
6.49,stage1,0.9166627754238621,92,0
6.5,stage1,0.916671105689318,92,0
6.51,stage1,0.9166793456479466,92,0
6.52,stage1,0.9166874962787472,92,0
6.53,stage1,0.9166955585501061,92,0
6.54,stage1,0.9167035334199108,92,0
6.55,stage1,0.9167114218356653,92,0
6.56,stage1,0.9167192247346014,92,0
6.57,stage1,0.9167269430437908,92,0
6.58,stage1,0.9167345776802548,92,0
6.59,stage1,0.9167421295510736,92,0
6.6,stage1,0.9167495995534938,92,0
6.61,stage1,0.9167569885750351,92,0
6.62,stage1,0.916764297493596,92,0
6.63,stage1,0.9167715271775576,92,0
6.64,stage1,0.9167786784858871,92,0
6.65,stage1,0.9167857522682401,92,0
6.66,stage1,0.9167927493650608,92,0
6.67,stage1,0.9167996706076826,92,0
6.68,stage1,0.9168065168184265,92,0
6.69,stage1,0.9168132888106988,92,0
6.7,stage1,0.9168199873890878,92,0
6.71,stage1,0.9168266133494596,92,0
6.72,stage1,0.9168331674790522,92,0
6.73,stage1,0.9168396505565695,92,0
6.74,stage1,0.9168460633522736,92,0
6.75,stage1,0.9168524066280763,92,0
6.76,stage1,0.9168586811376298,92,0
6.77,stage1,0.9168648876264157,92,0
6.78,stage1,0.9168710268318344,92,0
6.79,stage1,0.916877099483292,92,0
6.8,stage1,0.9168831063022874,92,0
6.81,stage1,0.9168890480024979,92,0
6.82,stage1,0.9168949252898639,92,0
6.83,stage1,0.916900738862673,92,0
6.84,stage1,0.9169064894116422,92,0
6.85,stage1,0.9169121776200012,92,0
6.86,stage1,0.9169178041635727,92,0
6.87,stage1,0.916923369710853,92,0
6.88,stage1,0.9169288749230913,92,0
6.89,stage1,0.9169343204543682,92,0
6.9,stage1,0.916939706951674,92,0
6.91,stage1,0.9169450350549846,92,0
6.92,stage1,0.9169503053973381,92,0
6.93,stage1,0.9169555186049103,92,0
6.94,stage1,0.9169606752970882,92,0
6.95,stage1,0.916965776086545,92,0
6.96,stage1,0.916970821579311,92,0
6.97,stage1,0.9169758123748473,92,0
6.98,stage1,0.9169807490661162,92,0
6.99,stage1,0.9169856322396518,92,0
7.0,stage1,0.9169904624756297,92,0
7.01,stage1,0.9169952403479359,92,0
7.02,stage1,0.916999966424235,92,0
7.03,stage1,0.9170046412660376,92,0
7.04,stage1,0.9170092654287674,92,0
7.05,stage1,0.9170138394618266,92,0
7.06,stage1,0.9170183639086612,92,0
7.07,stage1,0.9170228393068262,92,0
7.08,stage1,0.9170272661880488,92,0
7.09,stage1,0.9170316450782922,92,0
7.1,stage1,0.9170359764978173,92,0
7.11,stage1,0.9170402609612452,92,0
7.12,stage1,0.9170444989776182,92,0
7.13,stage1,0.9170486910504598,92,0
7.14,stage1,0.9170528376778352,92,0
7.15,stage1,0.91705693935241,92,0
7.16,stage1,0.9170609965615091,92,0
7.17,stage1,0.9170650097871741,92,0
7.18,stage1,0.9170689795062212,92,0
7.19,stage1,0.9170729061902972,92,0
7.2,stage1,0.9170767903059365,92,0
7.21,stage1,0.9170806323146151,92,0
7.22,stage1,0.9170844326728066,92,0
7.23,stage1,0.917088191832036,92,0
7.24,stage1,0.9170919102389335,92,0
7.25,stage1,0.9170955883352874,92,0
7.26,stage1,0.9170992265580966,92,0
7.27,stage1,0.9171028253396227,92,0
7.28,stage1,0.9171063851074411,92,0
7.29,stage1,0.9171099062844922,92,0
7.3,stage1,0.917113389289131,92,0
7.31,stage1,0.9171168345351773,92,0
7.32,stage1,0.9171202424319651,92,0
7.33,stage1,0.9171236133843904,92,0
7.34,stage1,0.9171269477929601,92,0
7.35,stage1,0.9171302460538393,92,0
7.36,stage1,0.9171335085588981,92,0
7.37,stage1,0.9171367356957585,92,0
7.38,stage1,0.9171399278478406,92,0
7.39,stage1,0.9171430853944077,92,0
7.4,stage1,0.9171462087106116,92,0
7.41,stage1,0.9171492981675372,92,0
7.42,stage1,0.9171523541322465,92,0
7.43,stage1,0.9171553769678222,92,0
7.44,stage1,0.9171583670334111,92,0
7.45,stage1,0.9171613246842664,92,0
7.46,stage1,0.9171642502717898,92,0
7.47,stage1,0.917167144143574,92,0
7.48,stage1,0.9171700066434434,92,0
7.49,stage1,0.9171728381114947,92,0
7.5,stage1,0.9171756388841382,92,0
7.51,stage1,0.917178409294137,92,0
7.52,stage1,0.9171811496706466,92,0
7.53,stage1,0.9171838603392545,92,0
7.54,stage1,0.9171865416220184,92,0
7.55,stage1,0.9171891938375045,92,0
7.56,stage1,0.9171918173008259,92,0
7.57,stage1,0.9171944123236792,92,0
7.58,stage1,0.9171969792143821,92,0
7.59,stage1,0.9171995182779101,92,0
7.6,stage1,0.9172020298159321,92,0
7.61,stage1,0.9172045141268469,92,0
7.62,stage1,0.9172069715058185,92,0
7.63,stage1,0.9172094022448111,92,0
7.64,stage1,0.9172118066326235,92,0
7.65,stage1,0.9172141849549238,92,0
7.66,stage1,0.9172165374942833,92,0
7.67,stage1,0.91721886453021,92,0
7.68,stage1,0.9172211663391817,92,0
7.69,stage1,0.9172234431946792,92,0
7.7,stage1,0.9172256953672182,92,0
7.71,stage1,0.9172279231243821,92,0
7.72,stage1,0.9172301267308532,92,0
7.73,stage1,0.9172323064484448,92,0
7.74,stage1,0.9172344625361316,92,0
7.75,stage1,0.9172365952500809,92,0
7.76,stage1,0.917238704843683,92,0
7.77,stage1,0.9172407915675811,92,0
7.78,stage1,0.9172428556697013,92,0
7.79,stage1,0.9172448973952823,92,0
7.8,stage1,0.9172469169869036,92,0
7.81,stage1,0.9172489146845153,92,0
7.82,stage1,0.9172508907254662,92,0
7.83,stage1,0.9172528453445321,92,0
7.84,stage1,0.9172547787739436,92,0
7.85,stage1,0.9172566912434138,92,0
7.86,stage1,0.9172585829801652,92,0
7.87,stage1,0.9172604542089575,92,0
7.88,stage1,0.9172623051521137,92,0
7.89,stage1,0.9172641360295463,92,0
7.9,stage1,0.917265947058784,92,0
7.91,stage1,0.9172677384549973,92,0
7.92,stage1,0.9172695104310243,92,0
7.93,stage1,0.9172712631973953,92,0
7.94,stage1,0.9172729969623586,92,0
7.95,stage1,0.9172747119319052,92,0
7.96,stage1,0.9172764083097922,92,0
7.97,stage1,0.9172780862975686,92,0
7.98,stage1,0.9172797460945977,92,0
7.99,stage1,0.9172813878980822,92,0
8.0,stage1,0.9172830119030867,92,0
8.01,stage1,0.917284618302561,92,0
8.02,stage1,0.9172862072873635,92,0
8.03,stage1,0.9172877790462833,92,0
8.04,stage1,0.9172893337660628,92,0
8.05,stage1,0.9172908716314201,92,0
8.06,stage1,0.917292392825071,92,0
8.07,stage1,0.9172938975277501,92,0
8.08,stage1,0.9172953859182331,92,0
8.09,stage1,0.9172968581733573,92,0
8.1,stage1,0.917298314468043,92,0
8.11,stage1,0.9172997549753144,92,0
8.12,stage1,0.9173011798663199,92,0
8.13,stage1,0.9173025893103522,92,0
8.14,stage1,0.9173039834748691,92,0
8.15,stage1,0.9173053625255132,92,0
8.16,stage1,0.917306726626131,92,0
8.17,stage1,0.9173080759387927,92,0
8.18,stage1,0.9173094106238119,92,0
8.19,stage1,0.917310730839764,92,0
8.2,stage1,0.9173120367435055,92,0
8.21,stage1,0.9173133284901924,92,0
8.22,stage1,0.9173146062332985,92,0
8.23,stage1,0.9173158701246341,92,0
8.24,stage1,0.9173171203143635,92,0
8.25,stage1,0.9173183569510234,92,0
8.26,stage1,0.9173195801815398,92,0
8.27,stage1,0.9173207901512463,92,0
8.28,stage1,0.9173219870039008,92,0
8.29,stage1,0.9173231708817028,92,0
8.3,stage1,0.9173243419253101,92,0
8.31,stage1,0.9173255002738558,92,0
8.32,stage1,0.917326646064965,92,0
8.33,stage1,0.91732777943477,92,0
8.34,stage1,0.9173289005179279,92,0
8.35,stage1,0.9173300094476362,92,0
8.36,stage1,0.9173311063556479,92,0
8.37,stage1,0.9173321913722879,92,0
8.38,stage1,0.9173332646264686,92,0
8.39,stage1,0.9173343262457042,92,0
8.4,stage1,0.917335376356127,92,0
8.41,stage1,0.9173364150825022,92,0
8.42,stage1,0.9173374425482418,92,0
8.43,stage1,0.9173384588754203,92,0
8.44,stage1,0.9173394641847886,92,0
8.45,stage1,0.9173404585957889,92,0
8.46,stage1,0.9173414422265683,92,0
8.47,stage1,0.917342415193993,92,0
8.48,stage1,0.9173433776136624,92,0
8.49,stage1,0.9173443295999228,92,0
8.5,stage1,0.9173452712658808,92,0
8.51,stage1,0.9173462027234168,92,0
8.52,stage1,0.9173471240831984,92,0
8.53,stage1,0.9173480354546935,92,0
8.54,stage1,0.9173489369461831,92,0
8.55,stage1,0.9173498286647745,92,0
8.56,stage1,0.9173507107164139,92,0
8.57,stage1,0.9173515832058988,92,0
8.58,stage1,0.9173524462368907,92,0
8.59,stage1,0.9173532999119274,92,0
8.6,stage1,0.9173541443324351,92,0
8.61,stage1,0.9173549795987401,92,0
8.62,stage1,0.9173558058100818,92,0
8.63,stage1,0.9173566230646231,92,0
8.64,stage1,0.917357431459463,92,0
8.65,stage1,0.9173582310906477,92,0
8.66,stage1,0.9173590220531826,92,0
8.67,stage1,0.9173598044410427,92,0
8.68,stage1,0.9173605783471844,92,0
8.69,stage1,0.9173613438635565,92,0
8.7,stage1,0.9173621010811109,92,0
8.71,stage1,0.9173628500898134,92,0
8.72,stage1,0.9173635909786548,92,0
8.73,stage1,0.9173643238356608,92,0
8.74,stage1,0.9173650487479031,92,0
8.75,stage1,0.9173657658015095,92,0
8.76,stage1,0.9173664750816736,92,0
8.77,stage1,0.917367176672666,92,0
8.78,stage1,0.9173678706578435,92,0
8.79,stage1,0.9173685571196595,92,0
8.8,stage1,0.9173692361396732,92,0
8.81,stage1,0.91736990779856,92,0
8.82,stage1,0.9173705721761201,92,0
8.83,stage1,0.917371229351289,92,0
8.84,stage1,0.9173718794021467,92,0
8.85,stage1,0.9173725224059264,92,0
8.86,stage1,0.9173731584390241,92,0
8.87,stage1,0.9173737875770077,92,0
8.88,stage1,0.9173744098946258,92,0
8.89,stage1,0.9173750254658167,92,0
8.9,stage1,0.9173756343637172,92,0
8.91,stage1,0.9173762366606709,92,0
8.92,stage1,0.9173768324282376,92,0
8.93,stage1,0.9173774217372014,92,0
8.94,stage1,0.9173780046575785,92,0
8.95,stage1,0.9173785812586263,92,0
8.96,stage1,0.9173791516088514,92,0
8.97,stage1,0.9173797157760182,92,0
8.98,stage1,0.9173802738271557,92,0
8.99,stage1,0.9173808258285666,92,0
9.0,stage1,0.9173813718458351,92,0
9.01,stage1,0.9173819119438339,92,0
9.02,stage1,0.9173824461867327,92,0
9.03,stage1,0.9173829746380059,92,0
9.04,stage1,0.9173834973604389,92,0
9.05,stage1,0.9173840144161372,92,0
9.06,stage1,0.9173845258665329,92,0
9.07,stage1,0.9173850317723917,92,0
9.08,stage1,0.9173855321938211,92,0
9.09,stage1,0.9173860271902768,92,0
9.1,stage1,0.9173865168205698,92,0
9.11,stage1,0.9173870011428739,92,0
9.12,stage1,0.9173874802147316,92,0
9.13,stage1,0.9173879540930623,92,0
9.14,stage1,0.9173884228341678,92,0
9.15,stage1,0.9173888864937401,92,0
9.16,stage1,0.917389345126867,92,0
9.17,stage1,0.9173897987880392,92,0
9.18,stage1,0.9173902475311566,92,0
9.19,stage1,0.917390691409535,92,0
9.2,stage1,0.9173911304759121,92,0
9.21,stage1,0.9173915647824541,92,0
9.22,stage1,0.9173919943807611,92,0
9.23,stage1,0.9173924193218745,92,0
9.24,stage1,0.9173928396562818,92,0
9.25,stage1,0.9173932554339236,92,0
9.26,stage1,0.917393666704199,92,0
9.27,stage1,0.9173940735159711,92,0
9.28,stage1,0.9173944759175742,92,0
9.29,stage1,0.9173948739568177,92,0
9.3,stage1,0.9173952676809934,92,0
9.31,stage1,0.9173956571368801,92,0
9.32,stage1,0.9173960423707493,92,0
9.33,stage1,0.9173964234283712,92,0
9.34,stage1,0.9173968003550198,92,0
9.35,stage1,0.9173971731954781,92,0
9.36,stage1,0.9173975419940437,92,0
9.37,stage1,0.917397906794534,92,0
9.38,stage1,0.9173982676402915,92,0
9.39,stage1,0.9173986245741886,92,0
9.4,stage1,0.917398977638633,92,0
9.41,stage1,0.9173993268755728,92,0
9.42,stage1,0.9173996723265012,92,0
9.43,stage1,0.9174000140324617,92,0
9.44,stage1,0.9174003520340527,92,0
9.45,stage1,0.9174006863714326,92,0
9.46,stage1,0.9174010170843243,92,0
9.47,stage1,0.9174013442120204,92,0
9.48,stage1,0.917401667793387,92,0
9.49,stage1,0.9174019878668696,92,0
9.5,stage1,0.9174023044704963,92,0
9.51,stage1,0.9174026176418831,92,0
9.52,stage1,0.9174029274182384,92,0
9.53,stage1,0.9174032338363669,92,0
9.54,stage1,0.9174035369326747,92,0
9.55,stage1,0.9174038367431728,92,0
9.56,stage1,0.9174041333034822,92,0
9.57,stage1,0.9174044266488378,92,0
9.58,stage1,0.917404716814092,92,0
9.59,stage1,0.9174050038337196,92,0
9.6,stage1,0.917405287741822,92,0
9.61,stage1,0.9174055685721304,92,0
9.62,stage1,0.9174058463580107,92,0
9.63,stage1,0.9174061211324671,92,0
9.64,stage1,0.9174063929281457,92,0
9.65,stage1,0.917406661777339,92,0
9.66,stage1,0.9174069277119891,92,0
9.67,stage1,0.9174071907636921,92,0
9.68,stage1,0.9174074509637016,92,0
9.69,stage1,0.9174077083429321,92,0
9.7,stage1,0.9174079629319633,92,0
9.71,stage1,0.9174082147610431,92,0
9.72,stage1,0.9174084638600916,92,0
9.73,stage1,0.9174087102587045,92,0
9.74,stage1,0.917408953986157,92,0
9.75,stage1,0.9174091950714064,92,0
9.76,stage1,0.9174094335430962,92,0
9.77,stage1,0.9174096694295597,92,0
9.78,stage1,0.9174099027588228,92,0
9.79,stage1,0.9174101335586078,92,0
9.8,stage1,0.917410361856336,92,0
9.81,stage1,0.9174105876791318,92,0
9.82,stage1,0.9174108110538255,92,0
9.83,stage1,0.9174110320069566,92,0
9.84,stage1,0.9174112505647768,92,0
9.85,stage1,0.9174114667532531,92,0
9.86,stage1,0.9174116805980711,92,0
9.87,stage1,0.917411892124638,92,0
9.88,stage1,0.9174121013580856,92,0
9.89,stage1,0.917412308323273,92,0
9.9,stage1,0.9174125130447901,92,0
9.91,stage1,0.9174127155469601,92,0
9.92,stage1,0.9174129158538425,92,0
9.93,stage1,0.9174131139892361,92,0
9.94,stage1,0.9174133099766814,92,0
9.95,stage1,0.917413503839464,92,0
9.96,stage1,0.9174136956006169,92,0
9.97,stage1,0.9174138852829237,92,0
9.98,stage1,0.9174140729089205,92,0
9.99,stage1,0.9174142585008995,92,0
10.0,stage1,0.917414442080911,92,0
10.01,stage1,0.9174146236707665,92,0
10.02,stage1,0.9174148032920407,92,0
10.03,stage1,0.9174149809660749,92,0
10.04,stage1,0.9174151567139786,92,0
10.05,stage1,0.9174153305566325,92,0
10.06,stage1,0.9174155025146913,92,0
10.07,stage1,0.9174156726085854,92,0
10.08,stage1,0.9174158408585237,92,0
10.09,stage1,0.9174160072844965,92,0
10.1,stage1,0.917416171906277,92,0
10.11,stage1,0.917416334743424,92,0
10.12,stage1,0.9174164958152843,92,0
10.13,stage1,0.9174166551409951,92,0
10.14,stage1,0.917416812739486,92,0
10.15,stage1,0.9174169686294817,92,0
10.16,stage1,0.9174171228295036,92,0
10.17,stage1,0.9174172753578722,92,0
10.18,stage1,0.9174174262327097,92,0
10.19,stage1,0.9174175754719417,92,0
10.2,stage1,0.9174177230932995,92,0
10.21,stage1,0.9174178691143221,92,0
10.22,stage1,0.9174180135523586,92,0
10.23,stage1,0.9174181564245698,92,0
10.24,stage1,0.9174182977479305,92,0
10.25,stage1,0.9174184375392314,92,0
10.26,stage1,0.9174185758150812,92,0
10.27,stage1,0.917418712591909,92,0
10.28,stage1,0.9174188478859651,92,0
10.29,stage1,0.9174189817133239,92,0
10.3,stage1,0.9174191140898859,92,0
10.31,stage1,0.9174192450313785,92,0
10.32,stage1,0.9174193745533593,92,0
10.33,stage1,0.9174195026712169,92,0
10.34,stage1,0.9174196294001731,92,0
10.35,stage1,0.9174197547552847,92,0
10.36,stage1,0.9174198787514453,92,0
10.37,stage1,0.917420001403387,92,0
10.38,stage1,0.9174201227256823,92,0
10.39,stage1,0.9174202427327457,92,0
10.4,stage1,0.9174203614388352,92,0
10.41,stage1,0.9174204788580547,92,0
10.42,stage1,0.9174205950043546,92,0
10.43,stage1,0.9174207098915346,92,0
10.44,stage1,0.9174208235332444,92,0
10.45,stage1,0.917420935942986,92,0
10.46,stage1,0.9174210471341149,92,0
10.47,stage1,0.917421157119842,92,0
10.48,stage1,0.9174212659132345,92,0
10.49,stage1,0.9174213735272185,92,0
10.5,stage1,0.9174214799745798,92,0
10.51,stage1,0.9174215852679654,92,0
10.52,stage1,0.9174216894198853,92,0
10.53,stage1,0.9174217924427142,92,0
10.54,stage1,0.9174218943486921,92,0
10.55,stage1,0.9174219951499266,92,0
10.56,stage1,0.9174220948583941,92,0
10.57,stage1,0.917422193485941,92,0
10.58,stage1,0.9174222910442854,92,0
10.59,stage1,0.9174223875450183,92,0
10.6,stage1,0.9174224829996049,92,0
10.61,stage1,0.9174225774193865,92,0
10.62,stage1,0.9174226708155813,92,0
10.63,stage1,0.9174227631992854,92,0
10.64,stage1,0.9174228545814755,92,0
10.65,stage1,0.9174229449730087,92,0
10.66,stage1,0.9174230343846244,92,0
10.67,stage1,0.9174231228269456,92,0
10.68,stage1,0.9174232103104805,92,0
10.69,stage1,0.9174232968456228,92,0
10.7,stage1,0.9174233824426543,92,0
10.71,stage1,0.9174234671117446,92,0
10.72,stage1,0.9174235508629532,92,0
10.73,stage1,0.9174236337062309,92,0
10.74,stage1,0.9174237156514203,92,0
10.75,stage1,0.9174237967082576,92,0
10.76,stage1,0.917423876886373,92,0
10.77,stage1,0.9174239561952926,92,0
10.78,stage1,0.9174240346444393,92,0
10.79,stage1,0.9174241122431338,92,0
10.8,stage1,0.9174241890005955,92,0
10.81,stage1,0.9174242649259443,92,0
10.82,stage1,0.9174243400282007,92,0
10.83,stage1,0.9174244143162876,92,0
10.84,stage1,0.9174244877990315,92,0
10.85,stage1,0.917424560485163,92,0
10.86,stage1,0.9174246323833178,92,0
10.87,stage1,0.9174247035020384,92,0
10.88,stage1,0.9174247738497745,92,0
10.89,stage1,0.9174248434348843,92,0
10.9,stage1,0.9174249122656349,92,0
10.91,stage1,0.9174249803502046,92,0
10.92,stage1,0.9174250476966823,92,0
10.93,stage1,0.9174251143130696,92,0
10.94,stage1,0.9174251802072814,92,0
10.95,stage1,0.9174252453871464,92,0
10.96,stage1,0.9174253098604089,92,0
10.97,stage1,0.917425373634729,92,0
10.98,stage1,0.9174254367176836,92,0
10.99,stage1,0.9174254991167681,92,0
11.0,stage1,0.9174255608393959,92,0
11.01,stage1,0.9174256218929002,92,0
11.02,stage1,0.9174256822845352,92,0
11.03,stage1,0.917425742021476,92,0
11.04,stage1,0.91742580111082,92,0
11.05,stage1,0.9174258595595876,92,0
11.06,stage1,0.917425917374723,92,0
11.07,stage1,0.9174259745630957,92,0
11.08,stage1,0.9174260311315001,92,0
11.09,stage1,0.9174260870866572,92,0
11.1,stage1,0.9174261424352149,92,0
11.11,stage1,0.9174261971837495,92,0
11.12,stage1,0.9174262513387655,92,0
11.13,stage1,0.9174263049066974,92,0
11.14,stage1,0.9174263578939096,92,0
11.15,stage1,0.9174264103066974,92,0
11.16,stage1,0.917426462151288,92,0
11.17,stage1,0.9174265134338412,92,0
11.18,stage1,0.9174265641604501,92,0
11.19,stage1,0.9174266143371413,92,0
11.2,stage1,0.9174266639698767,92,0
11.21,stage1,0.917426713064553,92,0
11.22,stage1,0.9174267616270032,92,0
11.23,stage1,0.9174268096629972,92,0
11.24,stage1,0.917426857178242,92,0
11.25,stage1,0.917426904178383,92,0
11.26,stage1,0.9174269506690045,92,0
11.27,stage1,0.9174269966556299,92,0
11.28,stage1,0.9174270421437232,92,0
11.29,stage1,0.9174270871386885,92,0
11.3,stage1,0.9174271316458719,92,0
11.31,stage1,0.9174271756705614,92,0
11.32,stage1,0.9174272192179876,92,0
11.33,stage1,0.9174272622933245,92,0
11.34,stage1,0.9174273049016898,92,0
11.35,stage1,0.9174273470481459,92,0
11.36,stage1,0.9174273887377002,92,0
11.37,stage1,0.9174274299753061,92,0
11.38,stage1,0.917427470765863,92,0
11.39,stage1,0.917427511114217,92,0
11.4,stage1,0.9174275510251623,92,0
11.41,stage1,0.9174275905034405,92,0
11.42,stage1,0.9174276295537422,92,0
11.43,stage1,0.9174276681807071,92,0
11.44,stage1,0.9174277063889243,92,0
11.45,stage1,0.9174277441829336,92,0
11.46,stage1,0.917427781567225,92,0
11.47,stage1,0.9174278185462404,92,0
11.48,stage1,0.9174278551243735,92,0
11.49,stage1,0.9174278913059699,92,0
11.5,stage1,0.9174279270953286,92,0
11.51,stage1,0.9174279624967016,92,0
11.52,stage1,0.9174279975142949,92,0
11.53,stage1,0.9174280321522691,92,0
11.54,stage1,0.9174280664147397,92,0
11.55,stage1,0.9174281003057774,92,0
11.56,stage1,0.9174281338294087,92,0
11.57,stage1,0.9174281669896167,92,0
11.58,stage1,0.9174281997903412,92,0
11.59,stage1,0.9174282322354792,92,0
11.6,stage1,0.9174282643288856,92,0
11.61,stage1,0.9174282960743735,92,0
11.62,stage1,0.9174283274757146,92,0
11.63,stage1,0.9174283585366396,92,0
11.64,stage1,0.917428389260839,92,0
11.65,stage1,0.9174284196519633,92,0
11.66,stage1,0.9174284497136233,92,0
11.67,stage1,0.9174284794493904,92,0
11.68,stage1,0.9174285088627978,92,0
11.69,stage1,0.9174285379573401,92,0
11.7,stage1,0.9174285667364738,92,0
11.71,stage1,0.9174285952036183,92,0
11.72,stage1,0.917428623362156,92,0
11.73,stage1,0.9174286512154325,92,0
11.74,stage1,0.9174286787667567,92,0
11.75,stage1,0.9174287060194023,92,0
11.76,stage1,0.9174287329766071,92,0
11.77,stage1,0.9174287596415739,92,0
11.78,stage1,0.9174287860174709,92,0
11.79,stage1,0.9174288121074319,92,0
11.8,stage1,0.9174288379145565,92,0
11.81,stage1,0.9174288634419111,92,0
11.82,stage1,0.9174288886925285,92,0
11.83,stage1,0.9174289136694086,92,0
11.84,stage1,0.9174289383755191,92,0
11.85,stage1,0.9174289628137954,92,0
11.86,stage1,0.917428986987141,92,0
11.87,stage1,0.9174290108984278,92,0
11.88,stage1,0.917429034550497,92,0
11.89,stage1,0.9174290579461587,92,0
11.9,stage1,0.9174290810881924,92,0
11.91,stage1,0.9174291039793477,92,0
11.92,stage1,0.9174291266223443,92,0
11.93,stage1,0.9174291490198725,92,0
11.94,stage1,0.9174291711745933,92,0
11.95,stage1,0.9174291930891391,92,0
11.96,stage1,0.9174292147661134,92,0
11.97,stage1,0.9174292362080917,92,0
11.98,stage1,0.9174292574176216,92,0
11.99,stage1,0.9174292783972229,92,0
12.0,stage1,0.9174292991493883,92,0
12.01,stage1,0.9174293196765836,92,0
12.02,stage1,0.9174293399812474,92,0
12.03,stage1,0.9174293600657922,92,0
12.04,stage1,0.9174293799326043,92,0
12.05,stage1,0.917429399584044,92,0
12.06,stage1,0.9174294190224462,92,0
12.07,stage1,0.9174294382501205,92,0
12.08,stage1,0.9174294572693511,92,0
12.09,stage1,0.9174294760823978,92,0
12.1,stage1,0.9174294946914958,92,0
12.11,stage1,0.9174295130988561,92,0
12.12,stage1,0.9174295313066657,92,0
12.13,stage1,0.9174295493170879,92,0
12.14,stage1,0.9174295671322624,92,0
12.15,stage1,0.917429584754306,92,0
12.16,stage1,0.9174296021853124,92,0
12.17,stage1,0.9174296194273528,92,0
12.18,stage1,0.9174296364824753,92,0
12.19,stage1,0.9174296533527065,92,0
12.2,stage1,0.9174296700400507,92,0
12.21,stage1,0.9174296865464906,92,0
12.22,stage1,0.9174297028739874,92,0
12.23,stage1,0.9174297190244809,92,0
12.24,stage1,0.9174297349998899,92,0
12.25,stage1,0.9174297508021124,92,0
12.26,stage1,0.9174297664330262,92,0
12.27,stage1,0.9174297818944881,92,0
12.28,stage1,0.9174297971883353,92,0
12.29,stage1,0.9174298123163849,92,0
12.3,stage1,0.917429827280434,92,0
12.31,stage1,0.9174298420822607,92,0
12.32,stage1,0.9174298567236239,92,0
12.33,stage1,0.9174298712062626,92,0
12.34,stage1,0.9174298855318979,92,0
12.35,stage1,0.9174298997022315,92,0
12.36,stage1,0.9174299137189473,92,0
12.37,stage1,0.9174299275837106,92,0
12.38,stage1,0.9174299412981686,92,0
12.39,stage1,0.9174299548639507,92,0
12.4,stage1,0.9174299682826688,92,0
12.41,stage1,0.917429981555917,92,0
12.42,stage1,0.9174299946852725,92,0
12.43,stage1,0.9174300076722952,92,0
12.44,stage1,0.917430020518528,92,0
12.45,stage1,0.9174300332254972,92,0
12.46,stage1,0.9174300457947127,92,0
12.47,stage1,0.9174300582276675,92,0
12.48,stage1,0.9174300705258391,92,0
12.49,stage1,0.9174300826906887,92,0
12.5,stage1,0.9174300947236614,92,0
12.51,stage1,0.917430106626187,92,0
12.52,stage1,0.9174301183996795,92,0
12.53,stage1,0.9174301300455378,92,0
12.54,stage1,0.9174301415651456,92,0
12.55,stage1,0.9174301529598714,92,0
12.56,stage1,0.9174301642310692,92,0
12.57,stage1,0.917430175380078,92,0
12.58,stage1,0.9174301864082225,92,0
12.59,stage1,0.917430197316813,92,0
12.6,stage1,0.9174302081071456,92,0
12.61,stage1,0.9174302187805022,92,0
12.62,stage1,0.917430229338151,92,0
12.63,stage1,0.9174302397813464,92,0
12.64,stage1,0.9174302501113291,92,0
12.65,stage1,0.9174302603293263,92,0
12.66,stage1,0.9174302704365521,92,0
12.67,stage1,0.9174302804342075,92,0
12.68,stage1,0.9174302903234801,92,0
12.69,stage1,0.9174303001055449,92,0
12.7,stage1,0.9174303097815645,92,0
12.71,stage1,0.917430319352688,92,0
12.72,stage1,0.9174303288200527,92,0
12.73,stage1,0.9174303381847837,92,0
12.74,stage1,0.9174303474479933,92,0
12.75,stage1,0.9174303566107824,92,0
12.76,stage1,0.9174303656742393,92,0
12.77,stage1,0.917430374639441,92,0
12.78,stage1,0.9174303835074525,92,0
12.79,stage1,0.9174303922793278,92,0
12.8,stage1,0.9174304009561088,92,0
12.81,stage1,0.9174304095388265,92,0
12.82,stage1,0.9174304180285004,92,0
12.83,stage1,0.9174304264261396,92,0
12.84,stage1,0.9174304347327414,92,0
12.85,stage1,0.917430442949293,92,0
12.86,stage1,0.9174304510767705,92,0
12.87,stage1,0.9174304591161395,92,0
12.88,stage1,0.9174304670683554,92,0
12.89,stage1,0.9174304749343627,92,0
12.9,stage1,0.9174304827150961,92,0
12.91,stage1,0.9174304904114801,92,0
12.92,stage1,0.917430498024429,92,0
12.93,stage1,0.9174305055548473,92,0
12.94,stage1,0.9174305130036299,92,0
12.95,stage1,0.9174305203716616,92,0
12.96,stage1,0.9174305276598179,92,0
12.97,stage1,0.9174305348689646,92,0
12.98,stage1,0.9174305419999583,92,0
12.99,stage1,0.9174305490536463,92,0
13.0,stage1,0.9174305560308665,92,0
13.01,stage1,0.9174305629324481,92,0
13.02,stage1,0.9174305697592108,92,0
13.03,stage1,0.9174305765119661,92,0
13.04,stage1,0.9174305831915162,92,0
13.05,stage1,0.9174305897986544,92,0
13.06,stage1,0.9174305963341658,92,0
13.07,stage1,0.917430602798827,92,0
13.08,stage1,0.9174306091934061,92,0
13.09,stage1,0.9174306155186628,92,0
13.1,stage1,0.9174306217753485,92,0
13.11,stage1,0.9174306279642066,92,0
13.12,stage1,0.9174306340859726,92,0
13.13,stage1,0.9174306401413737,92,0
13.14,stage1,0.9174306461311293,92,0
13.15,stage1,0.9174306520559511,92,0
13.16,stage1,0.917430657916543,92,0
13.17,stage1,0.9174306637136014,92,0
13.18,stage1,0.9174306694478149,92,0
13.19,stage1,0.9174306751198649,92,0
13.2,stage1,0.9174306807304253,92,0
13.21,stage1,0.9174306862801627,92,0
13.22,stage1,0.9174306917697364,92,0
13.23,stage1,0.9174306971997986,92,0
13.24,stage1,0.9174307025709946,92,0
13.25,stage1,0.9174307078839625,92,0
13.26,stage1,0.9174307131393336,92,0
13.27,stage1,0.9174307183377322,92,0
13.28,stage1,0.9174307234797758,92,0
13.29,stage1,0.9174307285660757,92,0
13.3,stage1,0.9174307335972357,92,0
13.31,stage1,0.917430738573854,92,0
13.32,stage1,0.9174307434965218,92,0
13.33,stage1,0.9174307483658237,92,0
13.34,stage1,0.9174307531823387,92,0
13.35,stage1,0.9174307579466386,92,0
13.36,stage1,0.9174307626592897,92,0
13.37,stage1,0.9174307673208517,92,0
13.38,stage1,0.9174307719318787,92,0
13.39,stage1,0.9174307764929185,92,0
13.4,stage1,0.9174307810045128,92,0
13.41,stage1,0.9174307854671977,92,0
13.42,stage1,0.9174307898815036,92,0
13.43,stage1,0.9174307942479548,92,0
13.44,stage1,0.9174307985670702,92,0
13.45,stage1,0.917430802839363,92,0
13.46,stage1,0.9174308070653405,92,0
13.47,stage1,0.9174308112455051,92,0
13.48,stage1,0.9174308153803532,92,0
13.49,stage1,0.9174308194703762,92,0
13.5,stage1,0.9174308235160601,92,0
13.51,stage1,0.9174308275178854,92,0
13.52,stage1,0.9174308314763276,92,0
13.53,stage1,0.9174308353918573,92,0
13.54,stage1,0.9174308392649395,92,0
13.55,stage1,0.9174308430960343,92,0
13.56,stage1,0.917430846885597,92,0
13.57,stage1,0.9174308506340776,92,0
13.58,stage1,0.9174308543419217,92,0
13.59,stage1,0.9174308580095698,92,0
13.6,stage1,0.9174308616374575,92,0
13.61,stage1,0.9174308652260159,92,0
13.62,stage1,0.9174308687756716,92,0
13.63,stage1,0.9174308722868462,92,0
13.64,stage1,0.9174308757599567,92,0
13.65,stage1,0.9174308791954159,92,0
13.66,stage1,0.9174308825936319,92,0
13.67,stage1,0.9174308859550084,92,0
13.68,stage1,0.9174308892799451,92,0
13.69,stage1,0.9174308925688367,92,0
13.7,stage1,0.917430895822074,92,0
13.71,stage1,0.9174308990400436,92,0
13.72,stage1,0.9174309022231277,92,0
13.73,stage1,0.9174309053717046,92,0
13.74,stage1,0.9174309084861485,92,0
13.75,stage1,0.9174309115668293,92,0
13.76,stage1,0.917430914614113,92,0
13.77,stage1,0.9174309176283617,92,0
13.78,stage1,0.9174309206099335,92,0
13.79,stage1,0.9174309235591825,92,0
13.8,stage1,0.9174309264764594,92,0
13.81,stage1,0.9174309293621106,92,0
13.82,stage1,0.917430932216479,92,0
13.83,stage1,0.9174309350399037,92,0
13.84,stage1,0.9174309378327202,92,0
13.85,stage1,0.9174309405952604,92,0
13.86,stage1,0.9174309433278525,92,0
13.87,stage1,0.917430946030821,92,0
13.88,stage1,0.9174309487044872,92,0
13.89,stage1,0.9174309513491685,92,0
13.9,stage1,0.9174309539651795,92,0
13.91,stage1,0.9174309565528307,92,0
13.92,stage1,0.9174309591124297,92,0
13.93,stage1,0.9174309616442804,92,0
13.94,stage1,0.9174309641486839,92,0
13.95,stage1,0.9174309666259377,92,0
13.96,stage1,0.917430969076336,92,0
13.97,stage1,0.9174309715001701,92,0
13.98,stage1,0.9174309738977279,92,0
13.99,stage1,0.9174309762692942,92,0
14.0,stage1,0.9174309786151507,92,0
14.01,stage1,0.9174309809355763,92,0
14.02,stage1,0.9174309832308465,92,0
14.03,stage1,0.9174309855012343,92,0
14.04,stage1,0.917430987747009,92,0
14.05,stage1,0.9174309899684379,92,0
14.06,stage1,0.9174309921657845,92,0
14.07,stage1,0.9174309943393102,92,0
14.08,stage1,0.9174309964892732,92,0
14.09,stage1,0.9174309986159287,92,0
14.1,stage1,0.9174310007195295,92,0
14.11,stage1,0.9174310028003256,92,0
14.12,stage1,0.9174310048585643,92,0
14.13,stage1,0.91743100689449,92,0
14.14,stage1,0.9174310089083446,92,0
14.15,stage1,0.9174310109003675,92,0
14.16,stage1,0.9174310128707952,92,0
14.17,stage1,0.9174310148198619,92,0
14.18,stage1,0.917431016747799,92,0
14.19,stage1,0.9174310186548358,92,0
14.2,stage1,0.9174310205411986,92,0
14.21,stage1,0.9174310224071118,92,0
14.22,stage1,0.917431024252797,92,0
14.23,stage1,0.9174310260784735,92,0
14.24,stage1,0.9174310278843582,92,0
14.25,stage1,0.9174310296706657,92,0
14.26,stage1,0.9174310314376081,92,0
14.27,stage1,0.9174310331853954,92,0
14.28,stage1,0.9174310349142353,92,0
14.29,stage1,0.9174310366243331,92,0
14.3,stage1,0.9174310383158922,92,0
14.31,stage1,0.9174310399891134,92,0
14.32,stage1,0.9174310416441954,92,0
14.33,stage1,0.9174310432813351,92,0
14.34,stage1,0.9174310449007268,92,0
14.35,stage1,0.917431046502563,92,0
14.36,stage1,0.9174310480870341,92,0
14.37,stage1,0.9174310496543282,92,0
14.38,stage1,0.9174310512046315,92,0
14.39,stage1,0.9174310527381282,92,0
14.4,stage1,0.9174310542550007,92,0
14.41,stage1,0.917431055755429,92,0
14.42,stage1,0.9174310572395915,92,0
14.43,stage1,0.9174310587076644,92,0
14.44,stage1,0.9174310601598223,92,0
14.45,stage1,0.9174310615962376,92,0
14.46,stage1,0.9174310630170809,92,0
14.47,stage1,0.9174310644225212,92,0
14.48,stage1,0.9174310658127254,92,0
14.49,stage1,0.9174310671878586,92,0
14.5,stage1,0.9174310685480843,92,0
14.51,stage1,0.917431069893564,92,0
14.52,stage1,0.9174310712244577,92,0
14.53,stage1,0.9174310725409234,92,0
14.54,stage1,0.9174310738431175,92,0
14.55,stage1,0.9174310751311948,92,0
14.56,stage1,0.9174310764053082,92,0
14.57,stage1,0.9174310776656092,92,0
14.58,stage1,0.9174310789122474,92,0
14.59,stage1,0.9174310801453712,92,0
14.6,stage1,0.9174310813651271,92,0
14.61,stage1,0.9174310825716596,92,0
14.62,stage1,0.9174310837651123,92,0
14.63,stage1,0.9174310849456272,92,0
14.64,stage1,0.9174310861133442,92,0
14.65,stage1,0.9174310872684023,92,0
14.66,stage1,0.9174310884109386,92,0
14.67,stage1,0.9174310895410889,92,0
14.68,stage1,0.9174310906589874,92,0
14.69,stage1,0.917431091764767,92,0
14.7,stage1,0.9174310928585592,92,0
14.71,stage1,0.9174310939404936,92,0
14.72,stage1,0.9174310950106991,92,0
14.73,stage1,0.9174310960693026,92,0
14.74,stage1,0.91743109711643,92,0
14.75,stage1,0.9174310981522057,92,0
14.76,stage1,0.9174310991767528,92,0
14.77,stage1,0.917431100190193,92,0
14.78,stage1,0.9174311011926467,92,0
14.79,stage1,0.917431102184233,92,0
14.8,stage1,0.9174311031650695,92,0
14.81,stage1,0.9174311041352731,92,0
14.82,stage1,0.9174311050949588,92,0
14.83,stage1,0.9174311060442407,92,0
14.84,stage1,0.9174311069832316,92,0
14.85,stage1,0.9174311079120431,92,0
14.86,stage1,0.9174311088307855,92,0
14.87,stage1,0.917431109739568,92,0
14.88,stage1,0.9174311106384987,92,0
14.89,stage1,0.9174311115276841,92,0
14.9,stage1,0.91743111240723,92,0
14.91,stage1,0.9174311132772409,92,0
14.92,stage1,0.9174311141378202,92,0
14.93,stage1,0.9174311149890702,92,0
14.94,stage1,0.9174311158310919,92,0
14.95,stage1,0.9174311166639856,92,0
14.96,stage1,0.91743111748785,92,0
14.97,stage1,0.917431118302783,92,0
14.98,stage1,0.9174311191088815,92,0
14.99,stage1,0.9174311199062412,92,0
15.0,stage1,0.9174311206949568,92,0
15.01,stage1,0.9174311214751223,92,0
15.02,stage1,0.91743112224683,92,0
15.03,stage1,0.9174311230101717,92,0
15.04,stage1,0.9174311237652383,92,0
15.05,stage1,0.9174311245121193,92,0
15.06,stage1,0.9174311252509034,92,0
15.07,stage1,0.9174311259816786,92,0
15.08,stage1,0.9174311267045316,92,0
15.09,stage1,0.9174311274195484,92,0
15.1,stage1,0.9174311281268136,92,0
15.11,stage1,0.9174311288264116,92,0
15.12,stage1,0.9174311295184254,92,0
15.13,stage1,0.9174311302029373,92,0
15.14,stage1,0.9174311308800285,92,0
15.15,stage1,0.9174311315497794,92,0
15.16,stage1,0.9174311322122697,92,0
15.17,stage1,0.917431132867578,92,0
15.18,stage1,0.9174311335157823,92,0
15.19,stage1,0.9174311341569595,92,0
15.2,stage1,0.9174311347911859,92,0
15.21,stage1,0.9174311354185366,92,0
15.22,stage1,0.9174311360390864,92,0
15.23,stage1,0.9174311366529089,92,0
15.24,stage1,0.917431137260077,92,0
15.25,stage1,0.917431137860663,92,0
15.26,stage1,0.9174311384547382,92,0
15.27,stage1,0.9174311390423732,92,0
15.28,stage1,0.9174311396236376,92,0
15.29,stage1,0.9174311401986007,92,0
15.3,stage1,0.9174311407673308,92,0
15.31,stage1,0.9174311413298953,92,0
15.32,stage1,0.9174311418863613,92,0
15.33,stage1,0.9174311424367946,92,0
15.34,stage1,0.9174311429812608,92,0
15.35,stage1,0.9174311435198246,92,0
15.36,stage1,0.9174311440525498,92,0
15.37,stage1,0.9174311445794999,92,0
15.38,stage1,0.9174311451007374,92,0
15.39,stage1,0.9174311456163242,92,0
15.4,stage1,0.9174311461263217,92,0
15.41,stage1,0.9174311466307905,92,0
15.42,stage1,0.9174311471297903,92,0
15.43,stage1,0.9174311476233806,92,0
15.44,stage1,0.9174311481116202,92,0
15.45,stage1,0.9174311485945668,92,0
15.46,stage1,0.9174311490722777,92,0
15.47,stage1,0.9174311495448099,92,0
15.48,stage1,0.9174311500122193,92,0
15.49,stage1,0.9174311504745618,92,0
15.5,stage1,0.9174311509318921,92,0
15.51,stage1,0.9174311513842646,92,0
15.52,stage1,0.9174311518317328,92,0
15.53,stage1,0.9174311522743502,92,0
15.54,stage1,0.9174311527121694,92,0
15.55,stage1,0.9174311531452423,92,0
15.56,stage1,0.9174311535736202,92,0
15.57,stage1,0.9174311539973543,92,0
15.58,stage1,0.9174311544164947,92,0
15.59,stage1,0.9174311548310912,92,0
15.6,stage1,0.9174311552411931,92,0
15.61,stage1,0.9174311556468493,92,0
15.62,stage1,0.9174311560481079,92,0
15.63,stage1,0.9174311564450164,92,0
15.64,stage1,0.9174311568376221,92,0
15.65,stage1,0.9174311572259716,92,0
15.66,stage1,0.9174311576101112,92,0
15.67,stage1,0.9174311579900863,92,0
15.68,stage1,0.9174311583659422,92,0
15.69,stage1,0.9174311587377235,92,0
15.7,stage1,0.9174311591054743,92,0
15.71,stage1,0.9174311594692386,92,0
15.72,stage1,0.9174311598290592,92,0
15.73,stage1,0.9174311601849792,92,0
15.74,stage1,0.9174311605370405,92,0
15.75,stage1,0.9174311608852855,92,0
15.76,stage1,0.9174311612297552,92,0
15.77,stage1,0.9174311615704905,92,0
15.78,stage1,0.9174311619075319,92,0
15.79,stage1,0.9174311622409196,92,0
15.8,stage1,0.9174311625706931,92,0
15.81,stage1,0.9174311628968916,92,0
15.82,stage1,0.9174311632195539,92,0
15.83,stage1,0.9174311635387181,92,0
15.84,stage1,0.9174311638544225,92,0
15.85,stage1,0.9174311641667042,92,0
15.86,stage1,0.9174311644756006,92,0
15.87,stage1,0.9174311647811483,92,0
15.88,stage1,0.9174311650833835,92,0
15.89,stage1,0.9174311653823423,92,0
15.9,stage1,0.9174311656780602,92,0
15.91,stage1,0.9174311659705723,92,0
15.92,stage1,0.9174311662599133,92,0
15.93,stage1,0.9174311665461176,92,0
15.94,stage1,0.9174311668292192,92,0
15.95,stage1,0.9174311671092518,92,0
15.96,stage1,0.9174311673862485,92,0
15.97,stage1,0.9174311676602424,92,0
15.98,stage1,0.9174311679312659,92,0
15.99,stage1,0.9174311681993513,92,0
16.0,stage1,0.9174311684645305,92,0
16.01,stage1,0.917431168726835,92,0
16.02,stage1,0.9174311689862958,92,0
16.03,stage1,0.917431169242944,92,0
16.04,stage1,0.9174311694968098,92,0
16.05,stage1,0.9174311697479235,92,0
16.06,stage1,0.917431169996315,92,0
16.07,stage1,0.9174311702420137,92,0
16.08,stage1,0.9174311704850487,92,0
16.09,stage1,0.9174311707254491,92,0
16.1,stage1,0.9174311709632434,92,0
16.11,stage1,0.91743117119846,92,0
16.12,stage1,0.9174311714311265,92,0
16.13,stage1,0.9174311716612708,92,0
16.14,stage1,0.91743117188892,92,0
16.15,stage1,0.9174311721141013,92,0
16.16,stage1,0.9174311723368415,92,0
16.17,stage1,0.9174311725571669,92,0
16.18,stage1,0.9174311727751038,92,0
16.19,stage1,0.9174311729906782,92,0
16.2,stage1,0.9174311732039155,92,0
16.21,stage1,0.9174311734148413,92,0
16.22,stage1,0.9174311736234803,92,0
16.23,stage1,0.9174311738298575,92,0
16.24,stage1,0.9174311740339975,92,0
16.25,stage1,0.9174311742359245,92,0
16.26,stage1,0.9174311744356624,92,0
16.27,stage1,0.9174311746332349,92,0
16.28,stage1,0.9174311748286654,92,0
16.29,stage1,0.9174311750219776,92,0
16.3,stage1,0.917431175213194,92,0
16.31,stage1,0.9174311754023373,92,0
16.32,stage1,0.9174311755894303,92,0
16.33,stage1,0.9174311757744951,92,0
16.34,stage1,0.9174311759575535,92,0
16.35,stage1,0.9174311761386275,92,0
16.36,stage1,0.9174311763177385,92,0
16.37,stage1,0.9174311764949079,92,0
16.38,stage1,0.9174311766701566,92,0
16.39,stage1,0.9174311768435055,92,0
16.4,stage1,0.9174311770149751,92,0
16.41,stage1,0.9174311771845858,92,0
16.42,stage1,0.9174311773523578,92,0
16.43,stage1,0.917431177518311,92,0
16.44,stage1,0.9174311776824653,92,0
16.45,stage1,0.91743117784484,92,0
16.46,stage1,0.9174311780054543,92,0
16.47,stage1,0.9174311781643273,92,0
16.48,stage1,0.917431178321478,92,0
16.49,stage1,0.9174311784769251,92,0
16.5,stage1,0.9174311786306872,92,0
16.51,stage1,0.9174311787827824,92,0
16.52,stage1,0.9174311789332286,92,0
16.53,stage1,0.9174311790820437,92,0
16.54,stage1,0.9174311792292458,92,0
16.55,stage1,0.9174311793748519,92,0
16.56,stage1,0.9174311795188795,92,0
16.57,stage1,0.9174311796613458,92,0
16.58,stage1,0.9174311798022677,92,0
16.59,stage1,0.9174311799416619,92,0
16.6,stage1,0.9174311800795449,92,0
16.61,stage1,0.9174311802159332,92,0
16.62,stage1,0.9174311803508429,92,0
16.63,stage1,0.9174311804842902,92,0
16.64,stage1,0.9174311806162906,92,0
16.65,stage1,0.9174311807468601,92,0
16.66,stage1,0.9174311808760142,92,0
16.67,stage1,0.9174311810037681,92,0
16.68,stage1,0.9174311811301371,92,0
16.69,stage1,0.9174311812551362,92,0
16.7,stage1,0.9174311813787801,92,0
16.71,stage1,0.9174311815010836,92,0
16.72,stage1,0.9174311816220613,92,0
16.73,stage1,0.9174311817417276,92,0
16.74,stage1,0.9174311818600965,92,0
16.75,stage1,0.9174311819771823,92,0
16.76,stage1,0.9174311820929988,92,0
16.77,stage1,0.9174311822075597,92,0
16.78,stage1,0.9174311823208786,92,0
16.79,stage1,0.9174311824329692,92,0
16.8,stage1,0.9174311825438444,92,0
16.81,stage1,0.9174311826535176,92,0
16.82,stage1,0.9174311827620021,92,0
16.83,stage1,0.9174311828693105,92,0
16.84,stage1,0.9174311829754555,92,0
16.85,stage1,0.9174311830804498,92,0
16.86,stage1,0.9174311831843059,92,0
16.87,stage1,0.9174311832870362,92,0
16.88,stage1,0.9174311833886527,92,0
16.89,stage1,0.9174311834891676,92,0
16.9,stage1,0.9174311835885928,92,0
16.91,stage1,0.9174311836869401,92,0
16.92,stage1,0.9174311837842213,92,0
16.93,stage1,0.9174311838804479,92,0
16.94,stage1,0.9174311839756314,92,0
16.95,stage1,0.9174311840697829,92,0
16.96,stage1,0.9174311841629137,92,0
16.97,stage1,0.917431184255035,92,0
16.98,stage1,0.9174311843461576,92,0
16.99,stage1,0.9174311844362922,92,0
17.0,stage1,0.9174311845254499,92,0
17.01,stage1,0.917431184613641,92,0
17.02,stage1,0.917431184700876,92,0
17.03,stage1,0.9174311847871655,92,0
17.04,stage1,0.9174311848725193,92,0
17.05,stage1,0.9174311849569479,92,0
17.06,stage1,0.9174311850404612,92,0
17.07,stage1,0.9174311851230691,92,0
17.08,stage1,0.9174311852047814,92,0
17.09,stage1,0.917431185285608,92,0
17.1,stage1,0.9174311853655583,92,0
17.11,stage1,0.917431185444642,92,0
17.12,stage1,0.9174311855228682,92,0
17.13,stage1,0.9174311856002464,92,0
17.14,stage1,0.9174311856767857,92,0
17.15,stage1,0.9174311857524954,92,0
17.16,stage1,0.9174311858273844,92,0
17.17,stage1,0.9174311859014614,92,0
17.18,stage1,0.9174311859747355,92,0
17.19,stage1,0.9174311860472153,92,0
17.2,stage1,0.9174311861189093,92,0
17.21,stage1,0.9174311861898259,92,0
17.22,stage1,0.9174311862599738,92,0
17.23,stage1,0.9174311863293613,92,0
17.24,stage1,0.9174311863979965,92,0
17.25,stage1,0.9174311864658876,92,0
17.26,stage1,0.9174311865330429,92,0
17.27,stage1,0.9174311865994701,92,0
17.28,stage1,0.9174311866651772,92,0
17.29,stage1,0.9174311867301719,92,0
17.3,stage1,0.917431186794462,92,0
17.31,stage1,0.9174311868580551,92,0
17.32,stage1,0.9174311869209588,92,0
17.33,stage1,0.9174311869831806,92,0
17.34,stage1,0.9174311870447278,92,0
17.35,stage1,0.9174311871056079,92,0
17.36,stage1,0.917431187165828,92,0
17.37,stage1,0.9174311872253953,92,0
17.38,stage1,0.9174311872843168,92,0
17.39,stage1,0.9174311873425997,92,0
17.4,stage1,0.9174311874002506,92,0
17.41,stage1,0.9174311874572766,92,0
17.42,stage1,0.9174311875136844,92,0
17.43,stage1,0.9174311875694806,92,0
17.44,stage1,0.9174311876246719,92,0
17.45,stage1,0.9174311876792649,92,0
17.46,stage1,0.9174311877332662,92,0
17.47,stage1,0.9174311877866819,92,0
17.48,stage1,0.9174311878395185,92,0
17.49,stage1,0.9174311878917825,92,0
17.5,stage1,0.9174311879434799,92,0
17.51,stage1,0.9174311879946168,92,0
17.52,stage1,0.9174311880451992,92,0
17.53,stage1,0.9174311880952334,92,0
17.54,stage1,0.9174311881447251,92,0
17.55,stage1,0.9174311881936804,92,0
17.56,stage1,0.9174311882421049,92,0
17.57,stage1,0.9174311882900045,92,0
17.58,stage1,0.9174311883373848,92,0
17.59,stage1,0.9174311883842514,92,0
17.6,stage1,0.9174311884306099,92,0
17.61,stage1,0.9174311884764658,92,0
17.62,stage1,0.9174311885218247,92,0
17.63,stage1,0.9174311885666917,92,0
17.64,stage1,0.9174311886110724,92,0
17.65,stage1,0.9174311886549722,92,0
17.66,stage1,0.917431188698396,92,0
17.67,stage1,0.9174311887413489,92,0
17.68,stage1,0.9174311887838361,92,0
17.69,stage1,0.9174311888258628,92,0
17.7,stage1,0.9174311888674339,92,0
17.71,stage1,0.9174311889085544,92,0
17.72,stage1,0.917431188949229,92,0
17.73,stage1,0.9174311889894627,92,0
17.74,stage1,0.9174311890292602,92,0
17.75,stage1,0.9174311890686264,92,0
17.76,stage1,0.9174311891075658,92,0
17.77,stage1,0.9174311891460831,92,0
17.78,stage1,0.9174311891841829,92,0
17.79,stage1,0.9174311892218694,92,0
17.8,stage1,0.9174311892591474,92,0
17.81,stage1,0.9174311892960212,92,0
17.82,stage1,0.9174311893324953,92,0
17.83,stage1,0.9174311893685742,92,0
17.84,stage1,0.9174311894042619,92,0
17.85,stage1,0.9174311894395627,92,0
17.86,stage1,0.9174311894744808,92,0
17.87,stage1,0.9174311895090205,92,0
17.88,stage1,0.9174311895431856,92,0
17.89,stage1,0.9174311895769803,92,0
17.9,stage1,0.9174311895769803,92,0
17.91,stage1,0.9174311896104087,92,0
17.92,stage1,0.9174311896434747,92,0
17.93,stage1,0.9174311896761822,92,0
17.94,stage1,0.9174311897085352,92,0
17.95,stage1,0.9174311897405374,92,0
17.96,stage1,0.9174311897721926,92,0
17.97,stage1,0.9174311898035047,92,0
17.98,stage1,0.9174311898344774,92,0
17.99,stage1,0.9174311898651142,92,0
18.0,stage1,0.9174311898954189,92,0
18.01,stage1,0.9174311899253953,92,0
18.02,stage1,0.9174311899550466,92,0
18.03,stage1,0.9174311899843763,92,0
18.04,stage1,0.9174311900133882,92,0
18.05,stage1,0.9174311900420856,92,0
18.06,stage1,0.9174311900704719,92,0
18.07,stage1,0.9174311900985505,92,0
18.08,stage1,0.9174311901263246,92,0
18.09,stage1,0.9174311901537976,92,0
18.1,stage1,0.9174311901809729,92,0
18.11,stage1,0.9174311902078536,92,0
18.12,stage1,0.9174311902344429,92,0
18.13,stage1,0.9174311902607438,92,0
18.14,stage1,0.9174311902867597,92,0
18.15,stage1,0.9174311903124935,92,0
18.16,stage1,0.9174311903379483,92,0
18.17,stage1,0.9174311903631273,92,0
18.18,stage1,0.9174311903880331,92,0
18.19,stage1,0.917431190412669,92,0
18.2,stage1,0.9174311904370379,92,0
18.21,stage1,0.9174311904611426,92,0
18.22,stage1,0.917431190484986,92,0
18.23,stage1,0.9174311905085709,92,0
18.24,stage1,0.9174311905319,92,0
18.25,stage1,0.9174311905549764,92,0
18.26,stage1,0.9174311905778025,92,0
18.27,stage1,0.9174311906003813,92,0
18.28,stage1,0.9174311906227152,92,0
18.29,stage1,0.9174311906448069,92,0
18.3,stage1,0.9174311906666592,92,0
18.31,stage1,0.9174311906882746,92,0
18.32,stage1,0.9174311907096557,92,0
18.33,stage1,0.917431190730805,92,0
18.34,stage1,0.9174311907517251,92,0
18.35,stage1,0.9174311907724183,92,0
18.36,stage1,0.9174311907928873,92,0
18.37,stage1,0.9174311908131342,92,0
18.38,stage1,0.9174311908331616,92,0
18.39,stage1,0.917431190852972,92,0
18.4,stage1,0.9174311908725676,92,0
18.41,stage1,0.9174311908919509,92,0
18.42,stage1,0.917431190911124,92,0
18.43,stage1,0.9174311909300893,92,0
18.44,stage1,0.917431190948849,92,0
18.45,stage1,0.9174311909674052,92,0
18.46,stage1,0.9174311909857603,92,0
18.47,stage1,0.9174311910039165,92,0
18.48,stage1,0.9174311910218758,92,0
18.49,stage1,0.9174311910396403,92,0
18.5,stage1,0.9174311910572124,92,0
18.51,stage1,0.9174311910745939,92,0
18.52,stage1,0.917431191091787,92,0
18.53,stage1,0.9174311911087937,92,0
18.54,stage1,0.917431191125616,92,0
18.55,stage1,0.9174311911422559,92,0
18.56,stage1,0.9174311911587155,92,0
18.57,stage1,0.9174311911749966,92,0
18.58,stage1,0.9174311911911013,92,0
18.59,stage1,0.9174311912070313,92,0
18.6,stage1,0.9174311912227886,92,0
18.61,stage1,0.917431191238375,92,0
18.62,stage1,0.9174311912537926,92,0
18.63,stage1,0.9174311912690429,92,0
18.64,stage1,0.9174311912841281,92,0
18.65,stage1,0.9174311912990497,92,0
18.66,stage1,0.9174311913138095,92,0
18.67,stage1,0.9174311913284092,92,0
18.68,stage1,0.9174311913428508,92,0
18.69,stage1,0.9174311913571358,92,0
18.7,stage1,0.9174311913712659,92,0
18.71,stage1,0.9174311913852429,92,0
18.72,stage1,0.9174311913990683,92,0
18.73,stage1,0.9174311914127438,92,0
18.74,stage1,0.917431191426271,92,0
18.75,stage1,0.9174311914396517,92,0
18.76,stage1,0.9174311914528873,92,0
18.77,stage1,0.9174311914659794,92,0
18.78,stage1,0.9174311914789296,92,0
18.79,stage1,0.9174311914917392,92,0
18.8,stage1,0.91743119150441,92,0
18.81,stage1,0.9174311915169435,92,0
18.82,stage1,0.9174311915293412,92,0
18.83,stage1,0.9174311915416042,92,0
18.84,stage1,0.9174311915537344,92,0
18.85,stage1,0.9174311915657333,92,0
18.86,stage1,0.917431191577602,92,0
18.87,stage1,0.917431191589342,92,0
18.88,stage1,0.9174311916009548,92,0
18.89,stage1,0.9174311916124417,92,0
18.9,stage1,0.917431191623804,92,0
18.91,stage1,0.9174311916350432,92,0
18.92,stage1,0.9174311916461605,92,0
18.93,stage1,0.9174311916571574,92,0
18.94,stage1,0.917431191668035,92,0
18.95,stage1,0.9174311916787947,92,0
18.96,stage1,0.9174311916894378,92,0
18.97,stage1,0.9174311916999655,92,0
18.98,stage1,0.917431191710379,92,0
18.99,stage1,0.9174311917206797,92,0
19.0,stage1,0.9174311917308686,92,0
19.01,stage1,0.9174311917409471,92,0
19.02,stage1,0.9174311917509164,92,0
19.03,stage1,0.9174311917607775,92,0
19.04,stage1,0.9174311917705318,92,0
19.05,stage1,0.9174311917801803,92,0
19.06,stage1,0.9174311917897242,92,0
19.07,stage1,0.9174311917991645,92,0
19.08,stage1,0.9174311918085026,92,0
19.09,stage1,0.9174311918177395,92,0
19.1,stage1,0.9174311918268762,92,0
19.11,stage1,0.9174311918359138,92,0
19.12,stage1,0.9174311918448536,92,0
19.13,stage1,0.9174311918536964,92,0
19.14,stage1,0.9174311918624433,92,0
19.15,stage1,0.9174311918710953,92,0
19.16,stage1,0.9174311918796537,92,0
19.17,stage1,0.9174311918881192,92,0
19.18,stage1,0.9174311918964929,92,0
19.19,stage1,0.9174311919047758,92,0
19.2,stage1,0.9174311919129692,92,0
19.21,stage1,0.9174311919210736,92,0
19.22,stage1,0.9174311919290901,92,0
19.23,stage1,0.9174311919370196,92,0
19.24,stage1,0.9174311919448632,92,0
19.25,stage1,0.9174311919526219,92,0
19.26,stage1,0.9174311919602964,92,0
19.27,stage1,0.9174311919678877,92,0
19.28,stage1,0.9174311919753967,92,0
19.29,stage1,0.9174311919828243,92,0
19.3,stage1,0.9174311919901713,92,0
19.31,stage1,0.9174311919974387,92,0
19.32,stage1,0.9174311920046274,92,0
19.33,stage1,0.9174311920117382,92,0
19.34,stage1,0.9174311920187718,92,0
19.35,stage1,0.9174311920257291,92,0
19.36,stage1,0.9174311920326111,92,0
19.37,stage1,0.9174311920394186,92,0
19.38,stage1,0.9174311920461521,92,0
19.39,stage1,0.9174311920528125,92,0
19.4,stage1,0.9174311920594009,92,0
19.41,stage1,0.9174311920659179,92,0
19.42,stage1,0.9174311920723643,92,0
19.43,stage1,0.9174311920787408,92,0
19.44,stage1,0.9174311920850481,92,0
19.45,stage1,0.917431192091287,92,0
19.46,stage1,0.9174311920974583,92,0
19.47,stage1,0.9174311921035626,92,0
19.48,stage1,0.9174311921096008,92,0
19.49,stage1,0.9174311921155736,92,0
19.5,stage1,0.9174311921214816,92,0
19.51,stage1,0.9174311921273256,92,0
19.52,stage1,0.9174311921331062,92,0
19.53,stage1,0.9174311921388242,92,0
19.54,stage1,0.9174311921444801,92,0
19.55,stage1,0.9174311921500746,92,0
19.56,stage1,0.9174311921556085,92,0
19.57,stage1,0.9174311921610825,92,0
19.58,stage1,0.9174311921664972,92,0
19.59,stage1,0.9174311921718531,92,0
19.6,stage1,0.917431192177151,92,0
19.61,stage1,0.9174311921823914,92,0
19.62,stage1,0.917431192187575,92,0
19.63,stage1,0.9174311921927023,92,0
19.64,stage1,0.917431192197774,92,0
19.65,stage1,0.9174311922027908,92,0
19.66,stage1,0.9174311922077533,92,0
19.67,stage1,0.917431192212662,92,0
19.68,stage1,0.9174311922175175,92,0
19.69,stage1,0.9174311922223203,92,0
19.7,stage1,0.917431192227071,92,0
19.71,stage1,0.9174311922317703,92,0
19.72,stage1,0.9174311922364186,92,0
19.73,stage1,0.9174311922410165,92,0
19.74,stage1,0.9174311922455646,92,0
19.75,stage1,0.9174311922500633,92,0
19.76,stage1,0.9174311922545133,92,0
19.77,stage1,0.9174311922589151,92,0
19.78,stage1,0.9174311922632692,92,0
19.79,stage1,0.9174311922675761,92,0
19.8,stage1,0.9174311922718362,92,0
19.81,stage1,0.9174311922760503,92,0
19.82,stage1,0.9174311922802186,92,0
19.83,stage1,0.9174311922843417,92,0
19.84,stage1,0.9174311922884201,92,0
19.85,stage1,0.9174311922924542,92,0
19.86,stage1,0.9174311922964447,92,0
19.87,stage1,0.9174311923003918,92,0
19.88,stage1,0.9174311923042962,92,0
19.89,stage1,0.9174311923081582,92,0
19.9,stage1,0.9174311923119784,92,0
19.91,stage1,0.9174311923157573,92,0
19.92,stage1,0.9174311923194952,92,0
19.93,stage1,0.9174311923231926,92,0
19.94,stage1,0.9174311923268498,92,0
19.95,stage1,0.9174311923304673,92,0
19.96,stage1,0.9174311923340457,92,0
19.97,stage1,0.9174311923375853,92,0
19.98,stage1,0.9174311923410865,92,0
19.99,stage1,0.9174311923445497,92,0
20.0,stage1,0.9174311923479754,92,0
20.01,stage1,0.917431192351364,92,0
20.02,stage1,0.9174311923547158,92,0
20.03,stage1,0.9174311923580313,92,0
20.04,stage1,0.9174311923613108,92,0
20.05,stage1,0.9174311923645547,92,0
20.06,stage1,0.9174311923677635,92,0
20.07,stage1,0.9174311923709376,92,0
20.08,stage1,0.9174311923740773,92,0
20.09,stage1,0.917431192377183,92,0
20.1,stage1,0.9174311923802548,92,0
20.11,stage1,0.9174311923832934,92,0
20.12,stage1,0.9174311923862991,92,0
20.13,stage1,0.9174311923892723,92,0
20.14,stage1,0.9174311923922133,92,0
20.15,stage1,0.9174311923951223,92,0
20.16,stage1,0.9174311923979996,92,0
20.17,stage1,0.9174311924008459,92,0
20.18,stage1,0.9174311924036613,92,0
20.19,stage1,0.9174311924064461,92,0
20.2,stage1,0.9174311924092009,92,0
20.21,stage1,0.9174311924119257,92,0
20.22,stage1,0.9174311924146209,92,0
20.23,stage1,0.917431192417287,92,0
20.24,stage1,0.9174311924199242,92,0
20.25,stage1,0.9174311924225328,92,0
20.26,stage1,0.9174311924251131,92,0
20.27,stage1,0.9174311924276654,92,0
20.28,stage1,0.91743119243019,92,0
20.29,stage1,0.9174311924326873,92,0
20.3,stage1,0.9174311924351576,92,0
20.31,stage1,0.917431192437601,92,0
20.32,stage1,0.917431192440018,92,0
20.33,stage1,0.9174311924424088,92,0
20.34,stage1,0.9174311924447736,92,0
20.35,stage1,0.9174311924471127,92,0
20.36,stage1,0.9174311924494265,92,0
20.37,stage1,0.9174311924517153,92,0
20.38,stage1,0.9174311924539792,92,0
20.39,stage1,0.9174311924562185,92,0
20.4,stage1,0.9174311924584336,92,0
20.41,stage1,0.9174311924606247,92,0
20.42,stage1,0.9174311924627919,92,0
20.43,stage1,0.9174311924649359,92,0
20.44,stage1,0.9174311924670565,92,0
20.45,stage1,0.9174311924691542,92,0
20.46,stage1,0.9174311924712292,92,0
20.47,stage1,0.9174311924732815,92,0
20.48,stage1,0.9174311924753116,92,0
20.49,stage1,0.9174311924773196,92,0
20.5,stage1,0.917431192479306,92,0
20.51,stage1,0.9174311924812709,92,0
20.52,stage1,0.9174311924832145,92,0
20.53,stage1,0.9174311924851369,92,0
20.54,stage1,0.9174311924870384,92,0
20.55,stage1,0.9174311924889194,92,0
20.56,stage1,0.9174311924907799,92,0
20.57,stage1,0.9174311924926204,92,0
20.58,stage1,0.9174311924944409,92,0
20.59,stage1,0.9174311924962417,92,0
20.6,stage1,0.917431192498023,92,0
20.61,stage1,0.9174311924997849,92,0
20.62,stage1,0.9174311925015278,92,0
20.63,stage1,0.9174311925032518,92,0
20.64,stage1,0.9174311925049571,92,0
20.65,stage1,0.9174311925066437,92,0
20.66,stage1,0.9174311925083121,92,0
20.67,stage1,0.9174311925099624,92,0
20.68,stage1,0.9174311925115948,92,0
20.69,stage1,0.9174311925132095,92,0
20.7,stage1,0.9174311925148069,92,0
20.71,stage1,0.9174311925163869,92,0
20.72,stage1,0.9174311925179497,92,0
20.73,stage1,0.9174311925194955,92,0
20.74,stage1,0.9174311925210246,92,0
20.75,stage1,0.917431192522537,92,0
20.76,stage1,0.9174311925240332,92,0
20.77,stage1,0.9174311925255131,92,0
20.78,stage1,0.917431192526977,92,0
20.79,stage1,0.9174311925284252,92,0
20.8,stage1,0.9174311925298576,92,0
20.81,stage1,0.9174311925312745,92,0
20.82,stage1,0.9174311925326759,92,0
20.83,stage1,0.9174311925340621,92,0
20.84,stage1,0.9174311925354334,92,0
20.85,stage1,0.9174311925367896,92,0
20.86,stage1,0.9174311925381312,92,0
20.87,stage1,0.9174311925394583,92,0
20.88,stage1,0.9174311925407709,92,0
20.89,stage1,0.9174311925420695,92,0
20.9,stage1,0.9174311925433539,92,0
20.91,stage1,0.9174311925446245,92,0
20.92,stage1,0.9174311925458811,92,0
20.93,stage1,0.9174311925471241,92,0
20.94,stage1,0.9174311925483538,92,0
20.95,stage1,0.9174311925495702,92,0
20.96,stage1,0.9174311925507732,92,0
20.97,stage1,0.9174311925519633,92,0
20.98,stage1,0.9174311925531404,92,0
20.99,stage1,0.9174311925543049,92,0
21.0,stage1,0.9174311925554568,92,0
21.01,stage1,0.9174311925565962,92,0
21.02,stage1,0.9174311925577232,92,0
21.03,stage1,0.917431192558838,92,0
21.04,stage1,0.9174311925599407,92,0
21.05,stage1,0.9174311925610313,92,0
21.06,stage1,0.9174311925621101,92,0
21.07,stage1,0.9174311925631773,92,0
21.08,stage1,0.9174311925642328,92,0
21.09,stage1,0.9174311925652769,92,0
21.1,stage1,0.9174311925663098,92,0
21.11,stage1,0.9174311925673313,92,0
21.12,stage1,0.9174311925683418,92,0
21.13,stage1,0.9174311925693414,92,0
21.14,stage1,0.9174311925703301,92,0
21.15,stage1,0.9174311925713081,92,0
21.16,stage1,0.9174311925722756,92,0
21.17,stage1,0.9174311925732325,92,0
21.18,stage1,0.917431192574179,92,0
21.19,stage1,0.9174311925751153,92,0
21.2,stage1,0.9174311925760416,92,0
21.21,stage1,0.9174311925769578,92,0
21.22,stage1,0.9174311925778641,92,0
21.23,stage1,0.9174311925787604,92,0
21.24,stage1,0.917431192579647,92,0
21.25,stage1,0.917431192580524,92,0
21.26,stage1,0.9174311925813915,92,0
21.27,stage1,0.9174311925822496,92,0
21.28,stage1,0.9174311925830985,92,0
21.29,stage1,0.9174311925839381,92,0
21.3,stage1,0.9174311925847688,92,0
21.31,stage1,0.9174311925855905,92,0
21.32,stage1,0.9174311925864032,92,0
21.33,stage1,0.9174311925872068,92,0
21.34,stage1,0.9174311925880019,92,0
21.35,stage1,0.9174311925887882,92,0
21.36,stage1,0.9174311925895663,92,0
21.37,stage1,0.9174311925903358,92,0
21.38,stage1,0.9174311925910968,92,0
21.39,stage1,0.9174311925918498,92,0
21.4,stage1,0.9174311925925945,92,0
21.41,stage1,0.9174311925933313,92,0
21.42,stage1,0.91743119259406,92,0
21.43,stage1,0.9174311925947808,92,0
21.44,stage1,0.9174311925954939,92,0
21.45,stage1,0.9174311925961992,92,0
21.46,stage1,0.9174311925968969,92,0
21.47,stage1,0.917431192597587,92,0
21.48,stage1,0.9174311925982694,92,0
21.49,stage1,0.9174311925989446,92,0
21.5,stage1,0.9174311925996124,92,0
21.51,stage1,0.9174311926002728,92,0
21.52,stage1,0.9174311926009263,92,0
21.53,stage1,0.9174311926015728,92,0
21.54,stage1,0.9174311926022123,92,0
21.55,stage1,0.9174311926028448,92,0
21.56,stage1,0.9174311926034703,92,0
21.57,stage1,0.9174311926040891,92,0
21.58,stage1,0.9174311926047013,92,0
21.59,stage1,0.9174311926053068,92,0
21.6,stage1,0.9174311926059057,92,0
21.61,stage1,0.9174311926064981,92,0
21.62,stage1,0.917431192607084,92,0
21.63,stage1,0.9174311926076635,92,0
21.64,stage1,0.9174311926082367,92,0
21.65,stage1,0.9174311926088039,92,0
21.66,stage1,0.9174311926093649,92,0
21.67,stage1,0.9174311926099198,92,0
21.68,stage1,0.9174311926104686,92,0
21.69,stage1,0.9174311926110115,92,0
21.7,stage1,0.9174311926115485,92,0
21.71,stage1,0.9174311926120797,92,0
21.72,stage1,0.9174311926126053,92,0
21.73,stage1,0.9174311926131252,92,0
21.74,stage1,0.9174311926136395,92,0
21.75,stage1,0.9174311926141481,92,0
21.76,stage1,0.917431192614651,92,0
21.77,stage1,0.9174311926151486,92,0
21.78,stage1,0.9174311926156409,92,0
21.79,stage1,0.9174311926161278,92,0
21.8,stage1,0.9174311926166094,92,0
21.81,stage1,0.9174311926170857,92,0
21.82,stage1,0.917431192617557,92,0
21.83,stage1,0.9174311926180231,92,0
21.84,stage1,0.917431192618484,92,0
21.85,stage1,0.91743119261894,92,0
21.86,stage1,0.917431192619391,92,0
21.87,stage1,0.9174311926198372,92,0
21.88,stage1,0.9174311926202785,92,0
21.89,stage1,0.9174311926207152,92,0
21.9,stage1,0.9174311926211471,92,0
21.91,stage1,0.9174311926215744,92,0
21.92,stage1,0.917431192621997,92,0
21.93,stage1,0.917431192622415,92,0
21.94,stage1,0.9174311926228284,92,0
21.95,stage1,0.9174311926232374,92,0
21.96,stage1,0.9174311926236418,92,0
21.97,stage1,0.9174311926240418,92,0
21.98,stage1,0.9174311926244375,92,0
21.99,stage1,0.917431192624829,92,0
22.0,stage1,0.9174311926252163,92,0
22.01,stage1,0.9174311926255994,92,0
22.02,stage1,0.9174311926259784,92,0
22.03,stage1,0.9174311926263532,92,0
22.04,stage1,0.917431192626724,92,0
22.05,stage1,0.9174311926270908,92,0
22.06,stage1,0.9174311926274537,92,0
22.07,stage1,0.9174311926278125,92,0
22.08,stage1,0.9174311926281675,92,0
22.09,stage1,0.9174311926285186,92,0
22.1,stage1,0.9174311926288659,92,0
22.11,stage1,0.9174311926292092,92,0
22.12,stage1,0.917431192629549,92,0
22.13,stage1,0.917431192629885,92,0
22.14,stage1,0.9174311926302174,92,0
22.15,stage1,0.9174311926305462,92,0
22.16,stage1,0.9174311926308716,92,0
22.17,stage1,0.9174311926311933,92,0
22.18,stage1,0.9174311926315116,92,0
22.19,stage1,0.9174311926318264,92,0
22.2,stage1,0.9174311926321378,92,0
22.21,stage1,0.9174311926324459,92,0
22.22,stage1,0.9174311926327506,92,0
22.23,stage1,0.9174311926330521,92,0
22.24,stage1,0.9174311926333502,92,0
22.25,stage1,0.9174311926336449,92,0
22.26,stage1,0.9174311926339366,92,0
22.27,stage1,0.917431192634225,92,0
22.28,stage1,0.9174311926345105,92,0
22.29,stage1,0.9174311926347928,92,0
22.3,stage1,0.9174311926350719,92,0
22.31,stage1,0.917431192635348,92,0
22.32,stage1,0.9174311926356211,92,0
22.33,stage1,0.9174311926358913,92,0
22.34,stage1,0.9174311926361588,92,0
22.35,stage1,0.9174311926364233,92,0
22.36,stage1,0.9174311926366848,92,0
22.37,stage1,0.9174311926369436,92,0
22.38,stage1,0.9174311926371994,92,0
22.39,stage1,0.9174311926374525,92,0
22.4,stage1,0.917431192637703,92,0
22.41,stage1,0.9174311926379508,92,0
22.42,stage1,0.917431192638196,92,0
22.43,stage1,0.9174311926384384,92,0
22.44,stage1,0.9174311926386782,92,0
22.45,stage1,0.9174311926389154,92,0
22.46,stage1,0.9174311926391499,92,0
22.47,stage1,0.9174311926393819,92,0
22.48,stage1,0.9174311926396114,92,0
22.49,stage1,0.9174311926398385,92,0
22.5,stage1,0.917431192640063,92,0
22.51,stage1,0.9174311926402852,92,0
22.52,stage1,0.917431192640505,92,0
22.53,stage1,0.9174311926407221,92,0
22.54,stage1,0.917431192640937,92,0
22.55,stage1,0.9174311926411495,92,0
22.56,stage1,0.9174311926413596,92,0
22.57,stage1,0.9174311926415678,92,0
22.58,stage1,0.9174311926417736,92,0
22.59,stage1,0.9174311926419771,92,0
22.6,stage1,0.9174311926421787,92,0
22.61,stage1,0.9174311926423778,92,0
22.62,stage1,0.9174311926425747,92,0
22.63,stage1,0.9174311926427695,92,0
22.64,stage1,0.9174311926429624,92,0
22.65,stage1,0.917431192643153,92,0
22.66,stage1,0.9174311926433416,92,0
22.67,stage1,0.9174311926435282,92,0
22.68,stage1,0.9174311926437129,92,0
22.69,stage1,0.9174311926438955,92,0
22.7,stage1,0.9174311926440761,92,0
22.71,stage1,0.9174311926442548,92,0
22.72,stage1,0.9174311926444314,92,0
22.73,stage1,0.9174311926446063,92,0
22.74,stage1,0.9174311926447791,92,0
22.75,stage1,0.91743119264495,92,0
22.76,stage1,0.9174311926451192,92,0
22.77,stage1,0.9174311926452865,92,0
22.78,stage1,0.917431192645452,92,0
22.79,stage1,0.9174311926456156,92,0
22.8,stage1,0.9174311926457774,92,0
22.81,stage1,0.9174311926459376,92,0
22.82,stage1,0.9174311926460962,92,0
22.83,stage1,0.9174311926462528,92,0
22.84,stage1,0.9174311926464077,92,0
22.85,stage1,0.9174311926465609,92,0
22.86,stage1,0.9174311926467125,92,0
22.87,stage1,0.9174311926468623,92,0
22.88,stage1,0.9174311926470109,92,0
22.89,stage1,0.9174311926471578,92,0
22.9,stage1,0.917431192647303,92,0
22.91,stage1,0.9174311926474465,92,0
22.92,stage1,0.9174311926475885,92,0
22.93,stage1,0.9174311926477291,92,0
22.94,stage1,0.9174311926478681,92,0
22.95,stage1,0.9174311926480057,92,0
22.96,stage1,0.9174311926481415,92,0
22.97,stage1,0.9174311926482761,92,0
22.98,stage1,0.9174311926484093,92,0
22.99,stage1,0.917431192648541,92,0
23.0,stage1,0.9174311926486712,92,0
23.01,stage1,0.9174311926488,92,0
23.02,stage1,0.9174311926489273,92,0
23.03,stage1,0.9174311926490532,92,0
23.04,stage1,0.9174311926491777,92,0
23.05,stage1,0.917431192649301,92,0
23.06,stage1,0.9174311926494229,92,0
23.07,stage1,0.9174311926495434,92,0
23.08,stage1,0.9174311926496627,92,0
23.09,stage1,0.9174311926497806,92,0
23.1,stage1,0.9174311926498974,92,0
23.11,stage1,0.9174311926500128,92,0
23.12,stage1,0.9174311926501271,92,0
23.13,stage1,0.9174311926502401,92,0
23.14,stage1,0.917431192650352,92,0
23.15,stage1,0.9174311926504626,92,0
23.16,stage1,0.9174311926505718,92,0
23.17,stage1,0.9174311926506801,92,0
23.18,stage1,0.9174311926507871,92,0
23.19,stage1,0.917431192650893,92,0
23.2,stage1,0.9174311926509976,92,0
23.21,stage1,0.9174311926511012,92,0
23.22,stage1,0.9174311926512038,92,0
23.23,stage1,0.917431192651305,92,0
23.24,stage1,0.9174311926514053,92,0
23.25,stage1,0.9174311926515045,92,0
23.26,stage1,0.9174311926516024,92,0
23.27,stage1,0.9174311926516994,92,0
23.28,stage1,0.9174311926517953,92,0
23.29,stage1,0.9174311926518902,92,0
23.3,stage1,0.9174311926519841,92,0
23.31,stage1,0.9174311926520771,92,0
23.32,stage1,0.917431192652169,92,0
23.33,stage1,0.9174311926522599,92,0
23.34,stage1,0.9174311926523498,92,0
23.35,stage1,0.9174311926524388,92,0
23.36,stage1,0.9174311926525267,92,0
23.37,stage1,0.9174311926526136,92,0
23.38,stage1,0.9174311926526996,92,0
23.39,stage1,0.9174311926527847,92,0
23.4,stage1,0.917431192652869,92,0
23.41,stage1,0.9174311926529523,92,0
23.42,stage1,0.9174311926530345,92,0
23.43,stage1,0.9174311926531161,92,0
23.44,stage1,0.9174311926531967,92,0
23.45,stage1,0.9174311926532763,92,0
23.46,stage1,0.9174311926533553,92,0
23.47,stage1,0.9174311926534332,92,0
23.48,stage1,0.9174311926535104,92,0
23.49,stage1,0.9174311926535866,92,0
23.5,stage1,0.9174311926536622,92,0
23.51,stage1,0.9174311926537368,92,0
23.52,stage1,0.9174311926538107,92,0
23.53,stage1,0.9174311926538836,92,0
23.54,stage1,0.9174311926539559,92,0
23.55,stage1,0.9174311926540275,92,0
23.56,stage1,0.9174311926540982,92,0
23.57,stage1,0.9174311926541682,92,0
23.58,stage1,0.9174311926542373,92,0
23.59,stage1,0.9174311926543056,92,0
23.6,stage1,0.9174311926543732,92,0
23.61,stage1,0.9174311926544402,92,0
23.62,stage1,0.9174311926545065,92,0
23.63,stage1,0.9174311926545721,92,0
23.64,stage1,0.917431192654637,92,0
23.65,stage1,0.9174311926547011,92,0
23.66,stage1,0.9174311926547645,92,0
23.67,stage1,0.9174311926548272,92,0
23.68,stage1,0.9174311926548893,92,0
23.69,stage1,0.9174311926549507,92,0
23.7,stage1,0.9174311926550114,92,0
23.71,stage1,0.9174311926550714,92,0
23.72,stage1,0.9174311926551308,92,0
23.73,stage1,0.9174311926551896,92,0
23.74,stage1,0.9174311926552476,92,0
23.75,stage1,0.9174311926553053,92,0
23.76,stage1,0.9174311926553622,92,0
23.77,stage1,0.9174311926554185,92,0
23.78,stage1,0.9174311926554741,92,0
23.79,stage1,0.9174311926555291,92,0
23.8,stage1,0.9174311926555834,92,0
23.81,stage1,0.9174311926556372,92,0
23.82,stage1,0.9174311926556905,92,0
23.83,stage1,0.9174311926557432,92,0
23.84,stage1,0.9174311926557953,92,0
23.85,stage1,0.9174311926558469,92,0
23.86,stage1,0.9174311926558979,92,0
23.87,stage1,0.9174311926559482,92,0
23.88,stage1,0.917431192655998,92,0
23.89,stage1,0.9174311926560473,92,0
23.9,stage1,0.9174311926560963,92,0
23.91,stage1,0.9174311926561446,92,0
23.92,stage1,0.9174311926561922,92,0
23.93,stage1,0.9174311926562395,92,0
23.94,stage1,0.9174311926562863,92,0
23.95,stage1,0.9174311926563326,92,0
23.96,stage1,0.9174311926563782,92,0
23.97,stage1,0.9174311926564235,92,0
23.98,stage1,0.9174311926564682,92,0
23.99,stage1,0.9174311926565125,92,0
24.0,stage1,0.9174311926565561,92,0
24.01,stage1,0.9174311926565994,92,0
24.02,stage1,0.9174311926566424,92,0
24.03,stage1,0.9174311926566847,92,0
24.04,stage1,0.9174311926567267,92,0
24.05,stage1,0.9174311926567681,92,0
24.06,stage1,0.9174311926568091,92,0
24.07,stage1,0.9174311926568497,92,0
24.08,stage1,0.9174311926568898,92,0
24.09,stage1,0.9174311926569294,92,0
24.1,stage1,0.9174311926569687,92,0
24.11,stage1,0.9174311926570077,92,0
24.12,stage1,0.917431192657046,92,0
24.13,stage1,0.917431192657084,92,0
24.14,stage1,0.9174311926571216,92,0
24.15,stage1,0.9174311926571588,92,0
24.16,stage1,0.9174311926571954,92,0
24.17,stage1,0.9174311926572317,92,0
24.18,stage1,0.9174311926572677,92,0
24.19,stage1,0.9174311926573033,92,0
24.2,stage1,0.9174311926573386,92,0
24.21,stage1,0.9174311926573736,92,0
24.22,stage1,0.9174311926574079,92,0
24.23,stage1,0.9174311926574419,92,0
24.24,stage1,0.9174311926574755,92,0
24.25,stage1,0.9174311926575088,92,0
24.26,stage1,0.9174311926575418,92,0
24.27,stage1,0.9174311926575744,92,0
24.28,stage1,0.9174311926576068,92,0
24.29,stage1,0.9174311926576387,92,0
24.3,stage1,0.9174311926576704,92,0
24.31,stage1,0.9174311926577017,92,0
24.32,stage1,0.9174311926577327,92,0
24.33,stage1,0.9174311926577633,92,0
24.34,stage1,0.9174311926577936,92,0
24.35,stage1,0.9174311926578236,92,0
24.36,stage1,0.9174311926578532,92,0
24.37,stage1,0.9174311926578825,92,0
24.38,stage1,0.9174311926579115,92,0
24.39,stage1,0.9174311926579402,92,0
24.4,stage1,0.9174311926579685,92,0
24.41,stage1,0.9174311926579964,92,0
24.42,stage1,0.9174311926580241,92,0
24.43,stage1,0.9174311926580514,92,0
24.44,stage1,0.9174311926580784,92,0
24.45,stage1,0.917431192658105,92,0
24.46,stage1,0.9174311926581317,92,0
24.47,stage1,0.917431192658158,92,0
24.48,stage1,0.917431192658184,92,0
24.49,stage1,0.9174311926582096,92,0
24.5,stage1,0.9174311926582349,92,0
24.51,stage1,0.9174311926582599,92,0
24.52,stage1,0.9174311926582848,92,0
24.53,stage1,0.9174311926583094,92,0
24.54,stage1,0.9174311926583337,92,0
24.55,stage1,0.9174311926583577,92,0
24.56,stage1,0.9174311926583814,92,0
24.57,stage1,0.9174311926584049,92,0
24.58,stage1,0.9174311926584282,92,0
24.59,stage1,0.9174311926584512,92,0
24.6,stage1,0.9174311926584738,92,0
24.61,stage1,0.9174311926584965,92,0
24.62,stage1,0.9174311926585188,92,0
24.63,stage1,0.9174311926585408,92,0
24.64,stage1,0.9174311926585625,92,0
24.65,stage1,0.9174311926585842,92,0
24.66,stage1,0.9174311926586055,92,0
24.67,stage1,0.9174311926586265,92,0
24.68,stage1,0.9174311926586474,92,0
24.69,stage1,0.917431192658668,92,0
24.7,stage1,0.9174311926586883,92,0
24.71,stage1,0.9174311926587085,92,0
24.72,stage1,0.9174311926587285,92,0
24.73,stage1,0.9174311926587482,92,0
24.74,stage1,0.9174311926587677,92,0
24.75,stage1,0.917431192658787,92,0
24.76,stage1,0.9174311926588061,92,0
24.77,stage1,0.9174311926588251,92,0
24.78,stage1,0.9174311926588438,92,0
24.79,stage1,0.9174311926588624,92,0
24.8,stage1,0.9174311926588807,92,0
24.81,stage1,0.9174311926588987,92,0
24.82,stage1,0.9174311926589167,92,0
24.83,stage1,0.9174311926589344,92,0
24.84,stage1,0.9174311926589519,92,0
24.85,stage1,0.9174311926589692,92,0
24.86,stage1,0.9174311926589863,92,0
24.87,stage1,0.9174311926590033,92,0
24.88,stage1,0.91743119265902,92,0
24.89,stage1,0.9174311926590366,92,0
24.9,stage1,0.917431192659053,92,0
24.91,stage1,0.9174311926590693,92,0
24.92,stage1,0.9174311926590852,92,0
24.93,stage1,0.9174311926591012,92,0
24.94,stage1,0.9174311926591169,92,0
24.95,stage1,0.9174311926591324,92,0
24.96,stage1,0.9174311926591477,92,0
24.97,stage1,0.9174311926591631,92,0
24.98,stage1,0.917431192659178,92,0
24.99,stage1,0.9174311926591929,92,0
25.0,stage1,0.9174311926592076,92,0
25.01,stage1,0.9174311926592222,92,0
25.02,stage1,0.9174311926592366,92,0
25.03,stage1,0.9174311926592508,92,0
25.04,stage1,0.9174311926592648,92,0
25.05,stage1,0.9174311926592787,92,0
25.06,stage1,0.9174311926592925,92,0
25.07,stage1,0.9174311926593062,92,0
25.08,stage1,0.9174311926593195,92,0
25.09,stage1,0.9174311926593328,92,0
25.1,stage1,0.9174311926593461,92,0
25.11,stage1,0.9174311926593591,92,0
25.12,stage1,0.917431192659372,92,0
25.13,stage1,0.9174311926593847,92,0
25.14,stage1,0.9174311926593973,92,0
25.15,stage1,0.91743119265941,92,0
25.16,stage1,0.9174311926594223,92,0
25.17,stage1,0.9174311926594345,92,0
25.18,stage1,0.9174311926594465,92,0
25.19,stage1,0.9174311926594585,92,0
25.2,stage1,0.9174311926594705,92,0
25.21,stage1,0.9174311926594821,92,0
25.22,stage1,0.9174311926594937,92,0
25.23,stage1,0.917431192659505,92,0
25.24,stage1,0.9174311926595163,92,0
25.25,stage1,0.9174311926595277,92,0
25.26,stage1,0.9174311926595388,92,0
25.27,stage1,0.9174311926595498,92,0
25.28,stage1,0.9174311926595606,92,0
25.29,stage1,0.9174311926595713,92,0
25.3,stage1,0.917431192659582,92,0
25.31,stage1,0.9174311926595926,92,0
25.32,stage1,0.917431192659603,92,0
25.33,stage1,0.9174311926596134,92,0
25.34,stage1,0.9174311926596234,92,0
25.35,stage1,0.9174311926596334,92,0
25.36,stage1,0.9174311926596433,92,0
25.37,stage1,0.9174311926596533,92,0
25.38,stage1,0.9174311926596631,92,0
25.39,stage1,0.9174311926596728,92,0
25.4,stage1,0.9174311926596823,92,0
25.41,stage1,0.9174311926596916,92,0
25.42,stage1,0.917431192659701,92,0
25.43,stage1,0.9174311926597103,92,0
25.44,stage1,0.9174311926597194,92,0
25.45,stage1,0.9174311926597284,92,0
25.46,stage1,0.9174311926597373,92,0
25.47,stage1,0.9174311926597459,92,0
25.48,stage1,0.9174311926597546,92,0
25.49,stage1,0.9174311926597633,92,0
25.5,stage1,0.9174311926597719,92,0
25.51,stage1,0.9174311926597803,92,0
25.52,stage1,0.9174311926597887,92,0
25.53,stage1,0.9174311926597969,92,0
25.54,stage1,0.9174311926598051,92,0
25.55,stage1,0.9174311926598131,92,0
25.56,stage1,0.9174311926598211,92,0
25.57,stage1,0.9174311926598291,92,0
25.58,stage1,0.9174311926598369,92,0
25.59,stage1,0.9174311926598446,92,0
25.6,stage1,0.9174311926598523,92,0
25.61,stage1,0.9174311926598598,92,0
25.62,stage1,0.9174311926598672,92,0
25.63,stage1,0.9174311926598745,92,0
25.64,stage1,0.9174311926598818,92,0
25.65,stage1,0.9174311926598891,92,0
25.66,stage1,0.9174311926598965,92,0
25.67,stage1,0.9174311926599036,92,0
25.68,stage1,0.9174311926599106,92,0
25.69,stage1,0.9174311926599175,92,0
25.7,stage1,0.9174311926599243,92,0
25.71,stage1,0.917431192659931,92,0
25.72,stage1,0.9174311926599377,92,0
25.73,stage1,0.9174311926599443,92,0
25.74,stage1,0.917431192659951,92,0
25.75,stage1,0.9174311926599577,92,0
25.76,stage1,0.9174311926599641,92,0
25.77,stage1,0.9174311926599704,92,0
25.78,stage1,0.9174311926599766,92,0
25.79,stage1,0.9174311926599829,92,0
25.8,stage1,0.9174311926599888,92,0
25.81,stage1,0.9174311926599948,92,0
25.82,stage1,0.9174311926600008,92,0
25.83,stage1,0.9174311926600068,92,0
25.84,stage1,0.9174311926600128,92,0
25.85,stage1,0.9174311926600188,92,0
25.86,stage1,0.9174311926600246,92,0
25.87,stage1,0.9174311926600304,92,0
25.88,stage1,0.917431192660036,92,0
25.89,stage1,0.9174311926600416,92,0
25.9,stage1,0.9174311926600471,92,0
25.91,stage1,0.9174311926600525,92,0
25.92,stage1,0.9174311926600578,92,0
25.93,stage1,0.9174311926600631,92,0
25.94,stage1,0.9174311926600685,92,0
25.95,stage1,0.9174311926600738,92,0
25.96,stage1,0.9174311926600791,92,0
25.97,stage1,0.9174311926600842,92,0
25.98,stage1,0.9174311926600893,92,0
25.99,stage1,0.9174311926600943,92,0
26.0,stage1,0.9174311926600992,92,0
26.01,stage1,0.9174311926601041,92,0
26.02,stage1,0.917431192660109,92,0
26.03,stage1,0.9174311926601136,92,0
26.04,stage1,0.9174311926601183,92,0
26.05,stage1,0.917431192660123,92,0
26.06,stage1,0.9174311926601276,92,0
26.07,stage1,0.9174311926601323,92,0
26.08,stage1,0.917431192660137,92,0
26.09,stage1,0.9174311926601414,92,0
26.1,stage1,0.9174311926601458,92,0
26.11,stage1,0.9174311926601503,92,0
26.12,stage1,0.9174311926601546,92,0
26.13,stage1,0.9174311926601588,92,0
26.14,stage1,0.917431192660163,92,0
26.15,stage1,0.9174311926601673,92,0
26.16,stage1,0.9174311926601713,92,0
26.17,stage1,0.9174311926601753,92,0
26.18,stage1,0.9174311926601793,92,0
26.19,stage1,0.9174311926601832,92,0
26.2,stage1,0.9174311926601872,92,0
26.21,stage1,0.9174311926601912,92,0
26.22,stage1,0.9174311926601952,92,0
26.23,stage1,0.9174311926601992,92,0
26.24,stage1,0.917431192660203,92,0
26.25,stage1,0.9174311926602068,92,0
26.26,stage1,0.9174311926602106,92,0
26.27,stage1,0.9174311926602143,92,0
26.28,stage1,0.917431192660218,92,0
26.29,stage1,0.9174311926602216,92,0
26.3,stage1,0.9174311926602251,92,0
26.31,stage1,0.9174311926602287,92,0
26.32,stage1,0.917431192660232,92,0
26.33,stage1,0.9174311926602353,92,0
26.34,stage1,0.9174311926602386,92,0
26.35,stage1,0.917431192660242,92,0
26.36,stage1,0.9174311926602453,92,0
26.37,stage1,0.9174311926602486,92,0
26.38,stage1,0.917431192660252,92,0
26.39,stage1,0.9174311926602553,92,0
26.4,stage1,0.9174311926602586,92,0
26.41,stage1,0.917431192660262,92,0
26.42,stage1,0.9174311926602651,92,0
26.43,stage1,0.9174311926602682,92,0
26.44,stage1,0.9174311926602713,92,0
26.45,stage1,0.9174311926602744,92,0
26.46,stage1,0.9174311926602774,92,0
26.47,stage1,0.9174311926602803,92,0
26.48,stage1,0.9174311926602832,92,0
26.49,stage1,0.917431192660286,92,0
26.5,stage1,0.9174311926602889,92,0
26.51,stage1,0.9174311926602918,92,0
26.52,stage1,0.9174311926602945,92,0
26.53,stage1,0.9174311926602972,92,0
26.54,stage1,0.9174311926602998,92,0
26.55,stage1,0.9174311926603025,92,0
26.56,stage1,0.9174311926603052,92,0
26.57,stage1,0.9174311926603078,92,0
26.58,stage1,0.9174311926603105,92,0
26.59,stage1,0.9174311926603131,92,0
26.6,stage1,0.9174311926603158,92,0
26.61,stage1,0.9174311926603185,92,0
26.62,stage1,0.9174311926603211,92,0
26.63,stage1,0.9174311926603236,92,0
26.64,stage1,0.917431192660326,92,0
26.65,stage1,0.9174311926603285,92,0
26.66,stage1,0.9174311926603309,92,0
26.67,stage1,0.9174311926603334,92,0
26.68,stage1,0.9174311926603358,92,0
26.69,stage1,0.9174311926603381,92,0
26.7,stage1,0.9174311926603403,92,0
26.71,stage1,0.9174311926603426,92,0
26.72,stage1,0.9174311926603448,92,0
26.73,stage1,0.917431192660347,92,0
26.74,stage1,0.9174311926603492,92,0
26.75,stage1,0.9174311926603514,92,0
26.76,stage1,0.9174311926603534,92,0
26.77,stage1,0.9174311926603554,92,0
26.78,stage1,0.9174311926603574,92,0
26.79,stage1,0.9174311926603594,92,0
26.8,stage1,0.9174311926603614,92,0
26.81,stage1,0.9174311926603634,92,0
26.82,stage1,0.9174311926603654,92,0
26.83,stage1,0.9174311926603674,92,0
26.84,stage1,0.9174311926603694,92,0
26.85,stage1,0.9174311926603714,92,0
26.86,stage1,0.9174311926603734,92,0
26.87,stage1,0.9174311926603754,92,0
26.88,stage1,0.9174311926603774,92,0
26.89,stage1,0.9174311926603794,92,0
26.9,stage1,0.9174311926603814,92,0
26.91,stage1,0.9174311926603834,92,0
26.92,stage1,0.9174311926603852,92,0
26.93,stage1,0.917431192660387,92,0
26.94,stage1,0.9174311926603888,92,0
26.95,stage1,0.9174311926603905,92,0
26.96,stage1,0.9174311926603923,92,0
26.97,stage1,0.9174311926603941,92,0
26.98,stage1,0.9174311926603959,92,0
26.99,stage1,0.9174311926603975,92,0
27.0,stage1,0.9174311926603991,92,0
27.01,stage1,0.9174311926604006,92,0
27.02,stage1,0.9174311926604022,92,0
27.03,stage1,0.9174311926604037,92,0
27.04,stage1,0.9174311926604053,92,0
27.05,stage1,0.9174311926604068,92,0
27.06,stage1,0.9174311926604084,92,0
27.07,stage1,0.91743119266041,92,0
27.08,stage1,0.9174311926604115,92,0
27.09,stage1,0.9174311926604131,92,0
27.1,stage1,0.9174311926604144,92,0
27.11,stage1,0.9174311926604157,92,0
27.12,stage1,0.9174311926604171,92,0
27.13,stage1,0.9174311926604184,92,0
27.14,stage1,0.9174311926604197,92,0
27.15,stage1,0.9174311926604211,92,0
27.16,stage1,0.9174311926604224,92,0
27.17,stage1,0.9174311926604237,92,0
27.18,stage1,0.917431192660425,92,0
27.19,stage1,0.9174311926604264,92,0
27.2,stage1,0.9174311926604277,92,0
27.21,stage1,0.917431192660429,92,0
27.22,stage1,0.9174311926604304,92,0
27.23,stage1,0.9174311926604317,92,0
27.24,stage1,0.917431192660433,92,0
27.25,stage1,0.9174311926604344,92,0
27.26,stage1,0.9174311926604357,92,0
27.27,stage1,0.917431192660437,92,0
27.28,stage1,0.9174311926604384,92,0
27.29,stage1,0.9174311926604397,92,0
27.3,stage1,0.917431192660441,92,0
27.31,stage1,0.9174311926604424,92,0
27.32,stage1,0.9174311926604437,92,0
27.33,stage1,0.9174311926604448,92,0
27.34,stage1,0.9174311926604459,92,0
27.35,stage1,0.917431192660447,92,0
27.36,stage1,0.9174311926604481,92,0
27.37,stage1,0.9174311926604493,92,0
27.38,stage1,0.9174311926604504,92,0
27.39,stage1,0.9174311926604515,92,0
27.4,stage1,0.9174311926604526,92,0
27.41,stage1,0.9174311926604537,92,0
27.42,stage1,0.9174311926604548,92,0
27.43,stage1,0.9174311926604559,92,0
27.44,stage1,0.917431192660457,92,0
27.45,stage1,0.9174311926604581,92,0
27.46,stage1,0.9174311926604591,92,0
27.47,stage1,0.91743119266046,92,0
27.48,stage1,0.9174311926604609,92,0
27.49,stage1,0.9174311926604618,92,0
27.5,stage1,0.9174311926604627,92,0
27.51,stage1,0.9174311926604636,92,0
27.52,stage1,0.9174311926604645,92,0
27.53,stage1,0.9174311926604654,92,0
27.54,stage1,0.9174311926604662,92,0
27.55,stage1,0.9174311926604671,92,0
27.56,stage1,0.917431192660468,92,0
27.57,stage1,0.9174311926604689,92,0
27.58,stage1,0.9174311926604698,92,0
27.59,stage1,0.9174311926604707,92,0
27.6,stage1,0.9174311926604716,92,0
27.61,stage1,0.9174311926604725,92,0
27.62,stage1,0.9174311926604733,92,0
27.63,stage1,0.9174311926604742,92,0
27.64,stage1,0.9174311926604749,92,0
27.65,stage1,0.9174311926604756,92,0
27.66,stage1,0.9174311926604762,92,0
27.67,stage1,0.9174311926604769,92,0
27.68,stage1,0.9174311926604776,92,0
27.69,stage1,0.9174311926604782,92,0
27.7,stage1,0.9174311926604789,92,0
27.71,stage1,0.9174311926604796,92,0
27.72,stage1,0.9174311926604802,92,0
27.73,stage1,0.9174311926604809,92,0
27.74,stage1,0.9174311926604816,92,0
27.75,stage1,0.9174311926604822,92,0
27.76,stage1,0.9174311926604829,92,0
27.77,stage1,0.9174311926604836,92,0
27.78,stage1,0.9174311926604842,92,0
27.79,stage1,0.9174311926604849,92,0
27.8,stage1,0.9174311926604856,92,0
27.81,stage1,0.9174311926604862,92,0
27.82,stage1,0.9174311926604869,92,0
27.83,stage1,0.9174311926604876,92,0
27.84,stage1,0.9174311926604882,92,0
27.85,stage1,0.9174311926604889,92,0
27.86,stage1,0.9174311926604896,92,0
27.87,stage1,0.9174311926604902,92,0
27.88,stage1,0.9174311926604909,92,0
27.89,stage1,0.9174311926604916,92,0
27.9,stage1,0.9174311926604922,92,0
27.91,stage1,0.9174311926604929,92,0
27.92,stage1,0.9174311926604936,92,0
27.93,stage1,0.9174311926604942,92,0
27.94,stage1,0.9174311926604949,92,0
27.95,stage1,0.9174311926604956,92,0
27.96,stage1,0.9174311926604962,92,0
27.97,stage1,0.9174311926604969,92,0
27.98,stage1,0.9174311926604976,92,0
27.99,stage1,0.9174311926604982,92,0
28.0,stage1,0.9174311926604989,92,0
28.01,stage1,0.9174311926604996,92,0
28.02,stage1,0.9174311926605002,92,0
28.03,stage1,0.9174311926605009,92,0
28.04,stage1,0.9174311926605015,92,0
28.05,stage1,0.9174311926605022,92,0
28.06,stage1,0.9174311926605029,92,0
28.07,stage1,0.9174311926605035,92,0
28.08,stage1,0.9174311926605042,92,0
28.09,stage1,0.9174311926605049,92,0
28.1,stage1,0.9174311926605053,92,0
28.11,stage1,0.9174311926605058,92,0
28.12,stage1,0.9174311926605062,92,0
28.13,stage1,0.9174311926605067,92,0
28.14,stage1,0.9174311926605071,92,0
28.15,stage1,0.9174311926605075,92,0
28.16,stage1,0.917431192660508,92,0
28.17,stage1,0.9174311926605084,92,0
28.18,stage1,0.9174311926605089,92,0
28.19,stage1,0.9174311926605093,92,0
28.2,stage1,0.9174311926605098,92,0
28.21,stage1,0.9174311926605102,92,0
28.22,stage1,0.9174311926605107,92,0
28.23,stage1,0.9174311926605111,92,0
28.24,stage1,0.9174311926605115,92,0
28.25,stage1,0.917431192660512,92,0
28.26,stage1,0.9174311926605124,92,0
28.27,stage1,0.9174311926605129,92,0
28.28,stage1,0.9174311926605133,92,0
28.29,stage1,0.9174311926605138,92,0
28.3,stage1,0.9174311926605142,92,0
28.31,stage1,0.9174311926605146,92,0
28.32,stage1,0.9174311926605151,92,0
28.33,stage1,0.9174311926605155,92,0
28.34,stage1,0.917431192660516,92,0
28.35,stage1,0.9174311926605164,92,0
28.36,stage1,0.9174311926605169,92,0
28.37,stage1,0.9174311926605173,92,0
28.38,stage1,0.9174311926605178,92,0
28.39,stage1,0.9174311926605182,92,0
28.4,stage1,0.9174311926605186,92,0
28.41,stage1,0.9174311926605191,92,0
28.42,stage1,0.9174311926605195,92,0
28.43,stage1,0.9174311926605199,92,0
28.44,stage1,0.9174311926605201,92,0
28.45,stage1,0.9174311926605203,92,0
28.46,stage1,0.9174311926605205,92,0
28.47,stage1,0.9174311926605208,92,0
28.48,stage1,0.917431192660521,92,0
28.49,stage1,0.9174311926605212,92,0
28.5,stage1,0.9174311926605214,92,0
28.51,stage1,0.9174311926605216,92,0
28.52,stage1,0.9174311926605219,92,0
28.53,stage1,0.9174311926605221,92,0
28.54,stage1,0.9174311926605223,92,0
28.55,stage1,0.9174311926605225,92,0
28.56,stage1,0.9174311926605228,92,0
28.57,stage1,0.917431192660523,92,0
28.58,stage1,0.9174311926605232,92,0
28.59,stage1,0.9174311926605234,92,0
28.6,stage1,0.9174311926605236,92,0
28.61,stage1,0.9174311926605239,92,0
28.62,stage1,0.9174311926605241,92,0
28.63,stage1,0.9174311926605243,92,0
28.64,stage1,0.9174311926605245,92,0
28.65,stage1,0.9174311926605248,92,0
28.66,stage1,0.917431192660525,92,0
28.67,stage1,0.9174311926605252,92,0
28.68,stage1,0.9174311926605254,92,0
28.69,stage1,0.9174311926605256,92,0
28.7,stage1,0.9174311926605259,92,0
28.71,stage1,0.9174311926605261,92,0
28.72,stage1,0.9174311926605263,92,0
28.73,stage1,0.9174311926605265,92,0
28.74,stage1,0.9174311926605268,92,0
28.75,stage1,0.917431192660527,92,0
28.76,stage1,0.9174311926605272,92,0
28.77,stage1,0.9174311926605274,92,0
28.78,stage1,0.9174311926605276,92,0
28.79,stage1,0.9174311926605279,92,0
28.8,stage1,0.9174311926605281,92,0
28.81,stage1,0.9174311926605283,92,0
28.82,stage1,0.9174311926605285,92,0
28.83,stage1,0.9174311926605287,92,0
28.84,stage1,0.917431192660529,92,0
28.85,stage1,0.9174311926605292,92,0
28.86,stage1,0.9174311926605294,92,0
28.87,stage1,0.9174311926605296,92,0
28.88,stage1,0.9174311926605299,92,0
28.89,stage1,0.9174311926605301,92,0
28.9,stage1,0.9174311926605303,92,0
28.91,stage1,0.9174311926605305,92,0
28.92,stage1,0.9174311926605307,92,0
28.93,stage1,0.917431192660531,92,0
28.94,stage1,0.9174311926605312,92,0
28.95,stage1,0.9174311926605314,92,0
28.96,stage1,0.9174311926605316,92,0
28.97,stage1,0.9174311926605319,92,0
28.98,stage1,0.9174311926605321,92,0
28.99,stage1,0.9174311926605323,92,0
29.0,stage1,0.9174311926605325,92,0
29.01,stage1,0.9174311926605327,92,0
29.02,stage1,0.917431192660533,92,0
29.03,stage1,0.9174311926605332,92,0
29.04,stage1,0.9174311926605334,92,0
29.05,stage1,0.9174311926605336,92,0
29.06,stage1,0.9174311926605339,92,0
29.07,stage1,0.9174311926605341,92,0
29.08,stage1,0.9174311926605343,92,0
29.09,stage1,0.9174311926605345,92,0
29.1,stage1,0.9174311926605347,92,0
29.11,stage1,0.917431192660535,92,0
29.12,stage1,0.9174311926605352,92,0
29.13,stage1,0.9174311926605352,92,0
29.14,stage1,0.9174311926605352,92,0
29.15,stage1,0.9174311926605352,92,0
29.16,stage1,0.9174311926605352,92,0
29.17,stage1,0.9174311926605352,92,0
29.18,stage1,0.9174311926605352,92,0
29.19,stage1,0.9174311926605352,92,0
29.2,stage1,0.9174311926605352,92,0
29.21,stage1,0.9174311926605352,92,0
29.22,stage1,0.9174311926605352,92,0
29.23,stage1,0.9174311926605352,92,0
29.24,stage1,0.9174311926605352,92,0
29.25,stage1,0.9174311926605352,92,0
29.26,stage1,0.9174311926605352,92,0
29.27,stage1,0.9174311926605352,92,0
29.28,stage1,0.9174311926605352,92,0
29.29,stage1,0.9174311926605352,92,0
29.3,stage1,0.9174311926605352,92,0
29.31,stage1,0.9174311926605352,92,0
29.32,stage1,0.9174311926605352,92,0
29.33,stage1,0.9174311926605352,92,0
29.34,stage1,0.9174311926605352,92,0
29.35,stage1,0.9174311926605352,92,0
29.36,stage1,0.9174311926605352,92,0
29.37,stage1,0.9174311926605352,92,0
29.38,stage1,0.9174311926605352,92,0
29.39,stage1,0.9174311926605352,92,0
29.4,stage1,0.9174311926605352,92,0
29.41,stage1,0.9174311926605352,92,0
29.42,stage1,0.9174311926605352,92,0
29.43,stage1,0.9174311926605352,92,0
29.44,stage1,0.9174311926605352,92,0
29.45,stage1,0.9174311926605352,92,0
29.46,stage1,0.9174311926605352,92,0
29.47,stage1,0.9174311926605352,92,0
29.48,stage1,0.9174311926605352,92,0
29.49,stage1,0.9174311926605352,92,0
29.5,stage1,0.9174311926605352,92,0
29.51,stage1,0.9174311926605352,92,0
29.52,stage1,0.9174311926605352,92,0
29.53,stage1,0.9174311926605352,92,0
29.54,stage1,0.9174311926605352,92,0
29.55,stage1,0.9174311926605352,92,0
29.56,stage1,0.9174311926605352,92,0
29.57,stage1,0.9174311926605352,92,0
29.58,stage1,0.9174311926605352,92,0
29.59,stage1,0.9174311926605352,92,0
29.6,stage1,0.9174311926605352,92,0
29.61,stage1,0.9174311926605352,92,0
29.62,stage1,0.9174311926605352,92,0
29.63,stage1,0.9174311926605352,92,0
29.64,stage1,0.9174311926605352,92,0
29.65,stage1,0.9174311926605352,92,0
29.66,stage1,0.9174311926605352,92,0
29.67,stage1,0.9174311926605352,92,0
29.68,stage1,0.9174311926605352,92,0
29.69,stage1,0.9174311926605352,92,0
29.7,stage1,0.9174311926605352,92,0
29.71,stage1,0.9174311926605352,92,0
29.72,stage1,0.9174311926605352,92,0
29.73,stage1,0.9174311926605352,92,0
29.74,stage1,0.9174311926605352,92,0
29.75,stage1,0.9174311926605352,92,0
29.76,stage1,0.9174311926605352,92,0
29.77,stage1,0.9174311926605352,92,0
29.78,stage1,0.9174311926605352,92,0
29.79,stage1,0.9174311926605352,92,0
29.8,stage1,0.9174311926605352,92,0
29.81,stage1,0.9174311926605352,92,0
29.82,stage1,0.9174311926605352,92,0
29.83,stage1,0.9174311926605352,92,0
29.84,stage1,0.9174311926605352,92,0
29.85,stage1,0.9174311926605352,92,0
29.86,stage1,0.9174311926605352,92,0
29.87,stage1,0.9174311926605352,92,0
29.88,stage1,0.9174311926605352,92,0
29.89,stage1,0.9174311926605352,92,0
29.9,stage1,0.9174311926605352,92,0
29.91,stage1,0.9174311926605352,92,0
29.92,stage1,0.9174311926605352,92,0
29.93,stage1,0.9174311926605352,92,0
29.94,stage1,0.9174311926605352,92,0
29.95,stage1,0.9174311926605352,92,0
29.96,stage1,0.9174311926605352,92,0
29.97,stage1,0.9174311926605352,92,0
29.98,stage1,0.9174311926605352,92,0
29.99,stage1,0.9174311926605352,92,0
30.0,stage1,0.9174311926605352,92,0
30.01,stage1,0.9174311926605352,92,0
30.02,stage1,0.9174311926605352,92,0
30.03,stage1,0.9174311926605352,92,0
30.04,stage1,0.9174311926605352,92,0
30.05,stage1,0.9174311926605352,92,0
30.06,stage1,0.9174311926605352,92,0
30.07,stage1,0.9174311926605352,92,0
30.08,stage1,0.9174311926605352,92,0
30.09,stage1,0.9174311926605352,92,0
30.1,stage1,0.9174311926605352,92,0
30.11,stage1,0.9174311926605352,92,0
30.12,stage1,0.9174311926605352,92,0
30.13,stage1,0.9174311926605352,92,0
30.14,stage1,0.9174311926605352,92,0
30.15,stage1,0.9174311926605352,92,0
30.16,stage1,0.9174311926605352,92,0
30.17,stage1,0.9174311926605352,92,0
30.18,stage1,0.9174311926605352,92,0
30.19,stage1,0.9174311926605352,92,0
30.2,stage1,0.9174311926605352,92,0
30.21,stage1,0.9174311926605352,92,0
30.22,stage1,0.9174311926605352,92,0
30.23,stage1,0.9174311926605352,92,0
30.24,stage1,0.9174311926605352,92,0
30.25,stage1,0.9174311926605352,92,0
30.26,stage1,0.9174311926605352,92,0
30.27,stage1,0.9174311926605352,92,0
30.28,stage1,0.9174311926605352,92,0
30.29,stage1,0.9174311926605352,92,0
30.3,stage1,0.9174311926605352,92,0
30.31,stage1,0.9174311926605352,92,0
30.32,stage1,0.9174311926605352,92,0
30.33,stage1,0.9174311926605352,92,0
30.34,stage1,0.9174311926605352,92,0
30.35,stage1,0.9174311926605352,92,0
30.36,stage1,0.9174311926605352,92,0
30.37,stage1,0.9174311926605352,92,0
30.38,stage1,0.9174311926605352,92,0
30.39,stage1,0.9174311926605352,92,0
30.4,stage1,0.9174311926605352,92,0
30.41,stage1,0.9174311926605352,92,0
30.42,stage1,0.9174311926605352,92,0
30.43,stage1,0.9174311926605352,92,0
30.44,stage1,0.9174311926605352,92,0
30.45,stage1,0.9174311926605352,92,0
30.46,stage1,0.9174311926605352,92,0
30.47,stage1,0.9174311926605352,92,0
30.48,stage1,0.9174311926605352,92,0
30.49,stage1,0.9174311926605352,92,0
30.5,stage1,0.9174311926605352,92,0
30.51,stage1,0.9174311926605352,92,0
30.52,stage1,0.9174311926605352,92,0
30.53,stage1,0.9174311926605352,92,0
30.54,stage1,0.9174311926605352,92,0
30.55,stage1,0.9174311926605352,92,0
30.56,stage1,0.9174311926605352,92,0
30.57,stage1,0.9174311926605352,92,0
30.58,stage1,0.9174311926605352,92,0
30.59,stage1,0.9174311926605352,92,0
30.6,stage1,0.9174311926605352,92,0
30.61,stage1,0.9174311926605352,92,0
30.62,stage1,0.9174311926605352,92,0
30.63,stage1,0.9174311926605352,92,0
30.64,stage1,0.9174311926605352,92,0
30.65,stage1,0.9174311926605352,92,0
30.66,stage1,0.9174311926605352,92,0
30.67,stage1,0.9174311926605352,92,0
30.68,stage1,0.9174311926605352,92,0
30.69,stage1,0.9174311926605352,92,0
30.7,stage1,0.9174311926605352,92,0
30.71,stage1,0.9174311926605352,92,0
30.72,stage1,0.9174311926605352,92,0
30.73,stage1,0.9174311926605352,92,0
30.74,stage1,0.9174311926605352,92,0
30.75,stage1,0.9174311926605352,92,0
30.76,stage1,0.9174311926605352,92,0
30.77,stage1,0.9174311926605352,92,0
30.78,stage1,0.9174311926605352,92,0
30.79,stage1,0.9174311926605352,92,0
30.8,stage1,0.9174311926605352,92,0
30.81,stage1,0.9174311926605352,92,0
30.82,stage1,0.9174311926605352,92,0
30.83,stage1,0.9174311926605352,92,0
30.84,stage1,0.9174311926605352,92,0
30.85,stage1,0.9174311926605352,92,0
30.86,stage1,0.9174311926605352,92,0
30.87,stage1,0.9174311926605352,92,0
30.88,stage1,0.9174311926605352,92,0
30.89,stage1,0.9174311926605352,92,0
30.9,stage1,0.9174311926605352,92,0
30.91,stage1,0.9174311926605352,92,0
30.92,stage1,0.9174311926605352,92,0
30.93,stage1,0.9174311926605352,92,0
30.94,stage1,0.9174311926605352,92,0
30.95,stage1,0.9174311926605352,92,0
30.96,stage1,0.9174311926605352,92,0
30.97,stage1,0.9174311926605352,92,0
30.98,stage1,0.9174311926605352,92,0
30.99,stage1,0.9174311926605352,92,0
31.0,stage1,0.9174311926605352,92,0
31.01,stage1,0.9174311926605352,92,0
31.02,stage1,0.9174311926605352,92,0
31.03,stage1,0.9174311926605352,92,0
31.04,stage1,0.9174311926605352,92,0
31.05,stage1,0.9174311926605352,92,0
31.06,stage1,0.9174311926605352,92,0
31.07,stage1,0.9174311926605352,92,0
31.08,stage1,0.9174311926605352,92,0
31.09,stage1,0.9174311926605352,92,0
31.1,stage1,0.9174311926605352,92,0
31.11,stage1,0.9174311926605352,92,0
31.12,stage1,0.9174311926605352,92,0
31.13,stage1,0.9174311926605352,92,0
31.14,stage1,0.9174311926605352,92,0
31.15,stage1,0.9174311926605352,92,0
31.16,stage1,0.9174311926605352,92,0
31.17,stage1,0.9174311926605352,92,0
31.18,stage1,0.9174311926605352,92,0
31.19,stage1,0.9174311926605352,92,0
31.2,stage1,0.9174311926605352,92,0
31.21,stage1,0.9174311926605352,92,0
31.22,stage1,0.9174311926605352,92,0
31.23,stage1,0.9174311926605352,92,0
31.24,stage1,0.9174311926605352,92,0
31.25,stage1,0.9174311926605352,92,0
31.26,stage1,0.9174311926605352,92,0
31.27,stage1,0.9174311926605352,92,0
31.28,stage1,0.9174311926605352,92,0
31.29,stage1,0.9174311926605352,92,0
31.3,stage1,0.9174311926605352,92,0
31.31,stage1,0.9174311926605352,92,0
31.32,stage1,0.9174311926605352,92,0
31.33,stage1,0.9174311926605352,92,0
31.34,stage1,0.9174311926605352,92,0
31.35,stage1,0.9174311926605352,92,0
31.36,stage1,0.9174311926605352,92,0
31.37,stage1,0.9174311926605352,92,0
31.38,stage1,0.9174311926605352,92,0
31.39,stage1,0.9174311926605352,92,0
31.4,stage1,0.9174311926605352,92,0
31.41,stage1,0.9174311926605352,92,0
31.42,stage1,0.9174311926605352,92,0
31.43,stage1,0.9174311926605352,92,0
31.44,stage1,0.9174311926605352,92,0
31.45,stage1,0.9174311926605352,92,0
31.46,stage1,0.9174311926605352,92,0
31.47,stage1,0.9174311926605352,92,0
31.48,stage1,0.9174311926605352,92,0
31.49,stage1,0.9174311926605352,92,0
31.5,stage1,0.9174311926605352,92,0
31.51,stage1,0.9174311926605352,92,0
31.52,stage1,0.9174311926605352,92,0
31.53,stage1,0.9174311926605352,92,0
31.54,stage1,0.9174311926605352,92,0
31.55,stage1,0.9174311926605352,92,0
31.56,stage1,0.9174311926605352,92,0
31.57,stage1,0.9174311926605352,92,0
31.58,stage1,0.9174311926605352,92,0
31.59,stage1,0.9174311926605352,92,0
31.6,stage1,0.9174311926605352,92,0
31.61,stage1,0.9174311926605352,92,0
31.62,stage1,0.9174311926605352,92,0
31.63,stage1,0.9174311926605352,92,0
31.64,stage1,0.9174311926605352,92,0
31.65,stage1,0.9174311926605352,92,0
31.66,stage1,0.9174311926605352,92,0
31.67,stage1,0.9174311926605352,92,0
31.68,stage1,0.9174311926605352,92,0
31.69,stage1,0.9174311926605352,92,0
31.7,stage1,0.9174311926605352,92,0
31.71,stage1,0.9174311926605352,92,0
31.72,stage1,0.9174311926605352,92,0
31.73,stage1,0.9174311926605352,92,0
31.74,stage1,0.9174311926605352,92,0
31.75,stage1,0.9174311926605352,92,0
31.76,stage1,0.9174311926605352,92,0
31.77,stage1,0.9174311926605352,92,0
31.78,stage1,0.9174311926605352,92,0
31.79,stage1,0.9174311926605352,92,0
31.8,stage1,0.9174311926605352,92,0
31.81,stage1,0.9174311926605352,92,0
31.82,stage1,0.9174311926605352,92,0
31.83,stage1,0.9174311926605352,92,0
31.84,stage1,0.9174311926605352,92,0
31.85,stage1,0.9174311926605352,92,0
31.86,stage1,0.9174311926605352,92,0
31.87,stage1,0.9174311926605352,92,0
31.88,stage1,0.9174311926605352,92,0
31.89,stage1,0.9174311926605352,92,0
31.9,stage1,0.9174311926605352,92,0
31.91,stage1,0.9174311926605352,92,0
31.92,stage1,0.9174311926605352,92,0
31.93,stage1,0.9174311926605352,92,0
31.94,stage1,0.9174311926605352,92,0
31.95,stage1,0.9174311926605352,92,0
31.96,stage1,0.9174311926605352,92,0
31.97,stage1,0.9174311926605352,92,0
31.98,stage1,0.9174311926605352,92,0
31.99,stage1,0.9174311926605352,92,0
32.0,stage1,0.9174311926605352,92,0
32.01,stage1,0.9174311926605352,92,0
32.02,stage1,0.9174311926605352,92,0
32.03,stage1,0.9174311926605352,92,0
32.04,stage1,0.9174311926605352,92,0
32.05,stage1,0.9174311926605352,92,0
32.06,stage1,0.9174311926605352,92,0
32.07,stage1,0.9174311926605352,92,0
32.08,stage1,0.9174311926605352,92,0
32.09,stage1,0.9174311926605352,92,0
32.1,stage1,0.9174311926605352,92,0
32.11,stage1,0.9174311926605352,92,0
32.12,stage1,0.9174311926605352,92,0
32.13,stage1,0.9174311926605352,92,0
32.14,stage1,0.9174311926605352,92,0
32.15,stage1,0.9174311926605352,92,0
32.16,stage1,0.9174311926605352,92,0
32.17,stage1,0.9174311926605352,92,0
32.18,stage1,0.9174311926605352,92,0
32.19,stage1,0.9174311926605352,92,0
32.2,stage1,0.9174311926605352,92,0
32.21,stage1,0.9174311926605352,92,0
32.22,stage1,0.9174311926605352,92,0
32.23,stage1,0.9174311926605352,92,0
32.24,stage1,0.9174311926605352,92,0
32.25,stage1,0.9174311926605352,92,0
32.26,stage1,0.9174311926605352,92,0
32.27,stage1,0.9174311926605352,92,0
32.28,stage1,0.9174311926605352,92,0
32.29,stage1,0.9174311926605352,92,0
32.3,stage1,0.9174311926605352,92,0
32.31,stage1,0.9174311926605352,92,0
32.32,stage1,0.9174311926605352,92,0
32.33,stage1,0.9174311926605352,92,0
32.34,stage1,0.9174311926605352,92,0
32.35,stage1,0.9174311926605352,92,0
32.36,stage1,0.9174311926605352,92,0
32.37,stage1,0.9174311926605352,92,0
32.38,stage1,0.9174311926605352,92,0
32.39,stage1,0.9174311926605352,92,0
32.4,stage1,0.9174311926605352,92,0
32.41,stage1,0.9174311926605352,92,0
32.42,stage1,0.9174311926605352,92,0
32.43,stage1,0.9174311926605352,92,0
32.44,stage1,0.9174311926605352,92,0
32.45,stage1,0.9174311926605352,92,0
32.46,stage1,0.9174311926605352,92,0
32.47,stage1,0.9174311926605352,92,0
32.48,stage1,0.9174311926605352,92,0
32.49,stage1,0.9174311926605352,92,0
32.5,stage1,0.9174311926605352,92,0
32.51,stage1,0.9174311926605352,92,0
32.52,stage1,0.9174311926605352,92,0
32.53,stage1,0.9174311926605352,92,0
32.54,stage1,0.9174311926605352,92,0
32.55,stage1,0.9174311926605352,92,0
32.56,stage1,0.9174311926605352,92,0
32.57,stage1,0.9174311926605352,92,0
32.58,stage1,0.9174311926605352,92,0
32.59,stage1,0.9174311926605352,92,0
32.6,stage1,0.9174311926605352,92,0
32.61,stage1,0.9174311926605352,92,0
32.62,stage1,0.9174311926605352,92,0
32.63,stage1,0.9174311926605352,92,0
32.64,stage1,0.9174311926605352,92,0
32.65,stage1,0.9174311926605352,92,0
32.66,stage1,0.9174311926605352,92,0
32.67,stage1,0.9174311926605352,92,0
32.68,stage1,0.9174311926605352,92,0
32.69,stage1,0.9174311926605352,92,0
32.7,stage1,0.9174311926605352,92,0
32.71,stage1,0.9174311926605352,92,0
32.72,stage1,0.9174311926605352,92,0
32.73,stage1,0.9174311926605352,92,0
32.74,stage1,0.9174311926605352,92,0
32.75,stage1,0.9174311926605352,92,0
32.76,stage1,0.9174311926605352,92,0
32.77,stage1,0.9174311926605352,92,0
32.78,stage1,0.9174311926605352,92,0
32.79,stage1,0.9174311926605352,92,0
32.8,stage1,0.9174311926605352,92,0
32.81,stage1,0.9174311926605352,92,0
32.82,stage1,0.9174311926605352,92,0
32.83,stage1,0.9174311926605352,92,0
32.84,stage1,0.9174311926605352,92,0
32.85,stage1,0.9174311926605352,92,0
32.86,stage1,0.9174311926605352,92,0
32.87,stage1,0.9174311926605352,92,0
32.88,stage1,0.9174311926605352,92,0
32.89,stage1,0.9174311926605352,92,0
32.9,stage1,0.9174311926605352,92,0
32.91,stage1,0.9174311926605352,92,0
32.92,stage1,0.9174311926605352,92,0
32.93,stage1,0.9174311926605352,92,0
32.94,stage1,0.9174311926605352,92,0
32.95,stage1,0.9174311926605352,92,0
32.96,stage1,0.9174311926605352,92,0
32.97,stage1,0.9174311926605352,92,0
32.98,stage1,0.9174311926605352,92,0
32.99,stage1,0.9174311926605352,92,0
33.0,stage1,0.9174311926605352,92,0
33.01,stage1,0.9174311926605352,92,0
33.02,stage1,0.9174311926605352,92,0
33.03,stage1,0.9174311926605352,92,0
33.04,stage1,0.9174311926605352,92,0
33.05,stage1,0.9174311926605352,92,0
33.06,stage1,0.9174311926605352,92,0
33.07,stage1,0.9174311926605352,92,0
33.08,stage1,0.9174311926605352,92,0
33.09,stage1,0.9174311926605352,92,0
33.1,stage1,0.9174311926605352,92,0
33.11,stage1,0.9174311926605352,92,0
33.12,stage1,0.9174311926605352,92,0
33.13,stage1,0.9174311926605352,92,0
33.14,stage1,0.9174311926605352,92,0
33.15,stage1,0.9174311926605352,92,0
33.16,stage1,0.9174311926605352,92,0
33.17,stage1,0.9174311926605352,92,0
33.18,stage1,0.9174311926605352,92,0
33.19,stage1,0.9174311926605352,92,0
33.2,stage1,0.9174311926605352,92,0
33.21,stage1,0.9174311926605352,92,0
33.22,stage1,0.9174311926605352,92,0
33.23,stage1,0.9174311926605352,92,0
33.24,stage1,0.9174311926605352,92,0
33.25,stage1,0.9174311926605352,92,0
33.26,stage1,0.9174311926605352,92,0
33.27,stage1,0.9174311926605352,92,0
33.28,stage1,0.9174311926605352,92,0
33.29,stage1,0.9174311926605352,92,0
33.3,stage1,0.9174311926605352,92,0
33.31,stage1,0.9174311926605352,92,0
33.32,stage1,0.9174311926605352,92,0
33.33,stage1,0.9174311926605352,92,0
33.34,stage1,0.9174311926605352,92,0
33.35,stage1,0.9174311926605352,92,0
33.36,stage1,0.9174311926605352,92,0
33.37,stage1,0.9174311926605352,92,0
33.38,stage1,0.9174311926605352,92,0
33.39,stage1,0.9174311926605352,92,0
33.4,stage1,0.9174311926605352,92,0
33.41,stage1,0.9174311926605352,92,0
33.42,stage1,0.9174311926605352,92,0
33.43,stage1,0.9174311926605352,92,0
33.44,stage1,0.9174311926605352,92,0
33.45,stage1,0.9174311926605352,92,0
33.46,stage1,0.9174311926605352,92,0
33.47,stage1,0.9174311926605352,92,0
33.48,stage1,0.9174311926605352,92,0
33.49,stage1,0.9174311926605352,92,0
33.5,stage1,0.9174311926605352,92,0
33.51,stage1,0.9174311926605352,92,0
33.52,stage1,0.9174311926605352,92,0
33.53,stage1,0.9174311926605352,92,0
33.54,stage1,0.9174311926605352,92,0
33.55,stage1,0.9174311926605352,92,0
33.56,stage1,0.9174311926605352,92,0
33.57,stage1,0.9174311926605352,92,0
33.58,stage1,0.9174311926605352,92,0
33.59,stage1,0.9174311926605352,92,0
33.6,stage1,0.9174311926605352,92,0
33.61,stage1,0.9174311926605352,92,0
33.62,stage1,0.9174311926605352,92,0
33.63,stage1,0.9174311926605352,92,0
33.64,stage1,0.9174311926605352,92,0
33.65,stage1,0.9174311926605352,92,0
33.66,stage1,0.9174311926605352,92,0
33.67,stage1,0.9174311926605352,92,0
33.68,stage1,0.9174311926605352,92,0
33.69,stage1,0.9174311926605352,92,0
33.7,stage1,0.9174311926605352,92,0
33.71,stage1,0.9174311926605352,92,0
33.72,stage1,0.9174311926605352,92,0
33.73,stage1,0.9174311926605352,92,0
33.74,stage1,0.9174311926605352,92,0
33.75,stage1,0.9174311926605352,92,0
33.76,stage1,0.9174311926605352,92,0
33.77,stage1,0.9174311926605352,92,0
33.78,stage1,0.9174311926605352,92,0
33.79,stage1,0.9174311926605352,92,0
33.8,stage1,0.9174311926605352,92,0
33.81,stage1,0.9174311926605352,92,0
33.82,stage1,0.9174311926605352,92,0
33.83,stage1,0.9174311926605352,92,0
33.84,stage1,0.9174311926605352,92,0
33.85,stage1,0.9174311926605352,92,0
33.86,stage1,0.9174311926605352,92,0
33.87,stage1,0.9174311926605352,92,0
33.88,stage1,0.9174311926605352,92,0
33.89,stage1,0.9174311926605352,92,0
33.9,stage1,0.9174311926605352,92,0
33.91,stage1,0.9174311926605352,92,0
33.92,stage1,0.9174311926605352,92,0
33.93,stage1,0.9174311926605352,92,0
33.94,stage1,0.9174311926605352,92,0
33.95,stage1,0.9174311926605352,92,0
33.96,stage1,0.9174311926605352,92,0
33.97,stage1,0.9174311926605352,92,0
33.98,stage1,0.9174311926605352,92,0
33.99,stage1,0.9174311926605352,92,0
34.0,stage1,0.9174311926605352,92,0
34.01,stage1,0.9174311926605352,92,0
34.02,stage1,0.9174311926605352,92,0
34.03,stage1,0.9174311926605352,92,0
34.04,stage1,0.9174311926605352,92,0
34.05,stage1,0.9174311926605352,92,0
34.06,stage1,0.9174311926605352,92,0
34.07,stage1,0.9174311926605352,92,0
34.08,stage1,0.9174311926605352,92,0
34.09,stage1,0.9174311926605352,92,0
34.1,stage1,0.9174311926605352,92,0
34.11,stage1,0.9174311926605352,92,0
34.12,stage1,0.9174311926605352,92,0
34.13,stage1,0.9174311926605352,92,0
34.14,stage1,0.9174311926605352,92,0
34.15,stage1,0.9174311926605352,92,0
34.16,stage1,0.9174311926605352,92,0
34.17,stage1,0.9174311926605352,92,0
34.18,stage1,0.9174311926605352,92,0
34.19,stage1,0.9174311926605352,92,0
34.2,stage1,0.9174311926605352,92,0
34.21,stage1,0.9174311926605352,92,0
34.22,stage1,0.9174311926605352,92,0
34.23,stage1,0.9174311926605352,92,0
34.24,stage1,0.9174311926605352,92,0
34.25,stage1,0.9174311926605352,92,0
34.26,stage1,0.9174311926605352,92,0
34.27,stage1,0.9174311926605352,92,0
34.28,stage1,0.9174311926605352,92,0
34.29,stage1,0.9174311926605352,92,0
34.3,stage1,0.9174311926605352,92,0
34.31,stage1,0.9174311926605352,92,0
34.32,stage1,0.9174311926605352,92,0
34.33,stage1,0.9174311926605352,92,0
34.34,stage1,0.9174311926605352,92,0
34.35,stage1,0.9174311926605352,92,0
34.36,stage1,0.9174311926605352,92,0
34.37,stage1,0.9174311926605352,92,0
34.38,stage1,0.9174311926605352,92,0
34.39,stage1,0.9174311926605352,92,0
34.4,stage1,0.9174311926605352,92,0
34.41,stage1,0.9174311926605352,92,0
34.42,stage1,0.9174311926605352,92,0
34.43,stage1,0.9174311926605352,92,0
34.44,stage1,0.9174311926605352,92,0
34.45,stage1,0.9174311926605352,92,0
34.46,stage1,0.9174311926605352,92,0
34.47,stage1,0.9174311926605352,92,0
34.48,stage1,0.9174311926605352,92,0
34.49,stage1,0.9174311926605352,92,0
34.5,stage1,0.9174311926605352,92,0
34.51,stage1,0.9174311926605352,92,0
34.52,stage1,0.9174311926605352,92,0
34.53,stage1,0.9174311926605352,92,0
34.54,stage1,0.9174311926605352,92,0
34.55,stage1,0.9174311926605352,92,0
34.56,stage1,0.9174311926605352,92,0
34.57,stage1,0.9174311926605352,92,0
34.58,stage1,0.9174311926605352,92,0
34.59,stage1,0.9174311926605352,92,0
34.6,stage1,0.9174311926605352,92,0
34.61,stage1,0.9174311926605352,92,0
34.62,stage1,0.9174311926605352,92,0
34.63,stage1,0.9174311926605352,92,0
34.64,stage1,0.9174311926605352,92,0
34.65,stage1,0.9174311926605352,92,0
34.66,stage1,0.9174311926605352,92,0
34.67,stage1,0.9174311926605352,92,0
34.68,stage1,0.9174311926605352,92,0
34.69,stage1,0.9174311926605352,92,0
34.7,stage1,0.9174311926605352,92,0
34.71,stage1,0.9174311926605352,92,0
34.72,stage1,0.9174311926605352,92,0
34.73,stage1,0.9174311926605352,92,0
34.74,stage1,0.9174311926605352,92,0
34.75,stage1,0.9174311926605352,92,0
34.76,stage1,0.9174311926605352,92,0
34.77,stage1,0.9174311926605352,92,0
34.78,stage1,0.9174311926605352,92,0
34.79,stage1,0.9174311926605352,92,0
34.8,stage1,0.9174311926605352,92,0
34.81,stage1,0.9174311926605352,92,0
34.82,stage1,0.9174311926605352,92,0
34.83,stage1,0.9174311926605352,92,0
34.84,stage1,0.9174311926605352,92,0
34.85,stage1,0.9174311926605352,92,0
34.86,stage1,0.9174311926605352,92,0
34.87,stage1,0.9174311926605352,92,0
34.88,stage1,0.9174311926605352,92,0
34.89,stage1,0.9174311926605352,92,0
34.9,stage1,0.9174311926605352,92,0
34.91,stage1,0.9174311926605352,92,0
34.92,stage1,0.9174311926605352,92,0
34.93,stage1,0.9174311926605352,92,0
34.94,stage1,0.9174311926605352,92,0
34.95,stage1,0.9174311926605352,92,0
34.96,stage1,0.9174311926605352,92,0
34.97,stage1,0.9174311926605352,92,0
34.98,stage1,0.9174311926605352,92,0
34.99,stage1,0.9174311926605352,92,0
35.0,stage1,0.9174311926605352,92,0
35.01,stage1,0.9174311926605352,92,0
35.02,stage1,0.9174311926605352,92,0
35.03,stage1,0.9174311926605352,92,0
35.04,stage1,0.9174311926605352,92,0
35.05,stage1,0.9174311926605352,92,0
35.06,stage1,0.9174311926605352,92,0
35.07,stage1,0.9174311926605352,92,0
35.08,stage1,0.9174311926605352,92,0
35.09,stage1,0.9174311926605352,92,0
35.1,stage1,0.9174311926605352,92,0
35.11,stage1,0.9174311926605352,92,0
35.12,stage1,0.9174311926605352,92,0
35.13,stage1,0.9174311926605352,92,0
35.14,stage1,0.9174311926605352,92,0
35.15,stage1,0.9174311926605352,92,0
35.16,stage1,0.9174311926605352,92,0
35.17,stage1,0.9174311926605352,92,0
35.18,stage1,0.9174311926605352,92,0
35.19,stage1,0.9174311926605352,92,0
35.2,stage1,0.9174311926605352,92,0
35.21,stage1,0.9174311926605352,92,0
35.22,stage1,0.9174311926605352,92,0
35.23,stage1,0.9174311926605352,92,0
35.24,stage1,0.9174311926605352,92,0
35.25,stage1,0.9174311926605352,92,0
35.26,stage1,0.9174311926605352,92,0
35.27,stage1,0.9174311926605352,92,0
35.28,stage1,0.9174311926605352,92,0
35.29,stage1,0.9174311926605352,92,0
35.3,stage1,0.9174311926605352,92,0
35.31,stage1,0.9174311926605352,92,0
35.32,stage1,0.9174311926605352,92,0
35.33,stage1,0.9174311926605352,92,0
35.34,stage1,0.9174311926605352,92,0
35.35,stage1,0.9174311926605352,92,0
35.36,stage1,0.9174311926605352,92,0
35.37,stage1,0.9174311926605352,92,0
35.38,stage1,0.9174311926605352,92,0
35.39,stage1,0.9174311926605352,92,0
35.4,stage1,0.9174311926605352,92,0
35.41,stage1,0.9174311926605352,92,0
35.42,stage1,0.9174311926605352,92,0
35.43,stage1,0.9174311926605352,92,0
35.44,stage1,0.9174311926605352,92,0
35.45,stage1,0.9174311926605352,92,0
35.46,stage1,0.9174311926605352,92,0
35.47,stage1,0.9174311926605352,92,0
35.48,stage1,0.9174311926605352,92,0
35.49,stage1,0.9174311926605352,92,0
35.5,stage1,0.9174311926605352,92,0
35.51,stage1,0.9174311926605352,92,0
35.52,stage1,0.9174311926605352,92,0
35.53,stage1,0.9174311926605352,92,0
35.54,stage1,0.9174311926605352,92,0
35.55,stage1,0.9174311926605352,92,0
35.56,stage1,0.9174311926605352,92,0
35.57,stage1,0.9174311926605352,92,0
35.58,stage1,0.9174311926605352,92,0
35.59,stage1,0.9174311926605352,92,0
35.6,stage1,0.9174311926605352,92,0
35.61,stage1,0.9174311926605352,92,0
35.62,stage1,0.9174311926605352,92,0
35.63,stage1,0.9174311926605352,92,0
35.64,stage1,0.9174311926605352,92,0
35.65,stage1,0.9174311926605352,92,0
35.66,stage1,0.9174311926605352,92,0
35.67,stage1,0.9174311926605352,92,0
35.68,stage1,0.9174311926605352,92,0
35.69,stage1,0.9174311926605352,92,0
35.7,stage1,0.9174311926605352,92,0
35.71,stage1,0.9174311926605352,92,0
35.72,stage1,0.9174311926605352,92,0
35.73,stage1,0.9174311926605352,92,0
35.74,stage1,0.9174311926605352,92,0
35.75,stage1,0.9174311926605352,92,0
35.76,stage1,0.9174311926605352,92,0
35.77,stage1,0.9174311926605352,92,0
35.78,stage1,0.9174311926605352,92,0
35.79,stage1,0.9174311926605352,92,0
35.8,stage1,0.9174311926605352,92,0
35.81,stage1,0.9174311926605352,92,0
35.82,stage1,0.9174311926605352,92,0
35.83,stage1,0.9174311926605352,92,0
35.84,stage1,0.9174311926605352,92,0
35.85,stage1,0.9174311926605352,92,0
35.86,stage1,0.9174311926605352,92,0
35.87,stage1,0.9174311926605352,92,0
35.88,stage1,0.9174311926605352,92,0
35.89,stage1,0.9174311926605352,92,0
35.9,stage1,0.9174311926605352,92,0
35.91,stage1,0.9174311926605352,92,0
35.92,stage1,0.9174311926605352,92,0
35.93,stage1,0.9174311926605352,92,0
35.94,stage1,0.9174311926605352,92,0
35.95,stage1,0.9174311926605352,92,0
35.96,stage1,0.9174311926605352,92,0
35.97,stage1,0.9174311926605352,92,0
35.98,stage1,0.9174311926605352,92,0
35.99,stage1,0.9174311926605352,92,0
36.0,stage1,0.9174311926605352,92,0
36.01,stage1,0.9174311926605352,92,0
36.02,stage1,0.9174311926605352,92,0
36.03,stage1,0.9174311926605352,92,0
36.04,stage1,0.9174311926605352,92,0
36.05,stage1,0.9174311926605352,92,0
36.06,stage1,0.9174311926605352,92,0
36.07,stage1,0.9174311926605352,92,0
36.08,stage1,0.9174311926605352,92,0
36.09,stage1,0.9174311926605352,92,0
36.1,stage1,0.9174311926605352,92,0
36.11,stage1,0.9174311926605352,92,0
36.12,stage1,0.9174311926605352,92,0
36.13,stage1,0.9174311926605352,92,0
36.14,stage1,0.9174311926605352,92,0
36.15,stage1,0.9174311926605352,92,0
36.16,stage1,0.9174311926605352,92,0
36.17,stage1,0.9174311926605352,92,0
36.18,stage1,0.9174311926605352,92,0
36.19,stage1,0.9174311926605352,92,0
36.2,stage1,0.9174311926605352,92,0
36.21,stage1,0.9174311926605352,92,0
36.22,stage1,0.9174311926605352,92,0
36.23,stage1,0.9174311926605352,92,0
36.24,stage1,0.9174311926605352,92,0
36.25,stage1,0.9174311926605352,92,0
36.26,stage1,0.9174311926605352,92,0
36.27,stage1,0.9174311926605352,92,0
36.28,stage1,0.9174311926605352,92,0
36.29,stage1,0.9174311926605352,92,0
36.3,stage1,0.9174311926605352,92,0
36.31,stage1,0.9174311926605352,92,0
36.32,stage1,0.9174311926605352,92,0
36.33,stage1,0.9174311926605352,92,0
36.34,stage1,0.9174311926605352,92,0
36.35,stage1,0.9174311926605352,92,0
36.36,stage1,0.9174311926605352,92,0
36.37,stage1,0.9174311926605352,92,0
36.38,stage1,0.9174311926605352,92,0
36.39,stage1,0.9174311926605352,92,0
36.4,stage1,0.9174311926605352,92,0
36.41,stage1,0.9174311926605352,92,0
36.42,stage1,0.9174311926605352,92,0
36.43,stage1,0.9174311926605352,92,0
36.44,stage1,0.9174311926605352,92,0
36.45,stage1,0.9174311926605352,92,0
36.46,stage1,0.9174311926605352,92,0
36.47,stage1,0.9174311926605352,92,0
36.48,stage1,0.9174311926605352,92,0
36.49,stage1,0.9174311926605352,92,0
36.5,stage1,0.9174311926605352,92,0
36.51,stage1,0.9174311926605352,92,0
36.52,stage1,0.9174311926605352,92,0
36.53,stage1,0.9174311926605352,92,0
36.54,stage1,0.9174311926605352,92,0
36.55,stage1,0.9174311926605352,92,0
36.56,stage1,0.9174311926605352,92,0
36.57,stage1,0.9174311926605352,92,0
36.58,stage1,0.9174311926605352,92,0
36.59,stage1,0.9174311926605352,92,0
36.6,stage1,0.9174311926605352,92,0
36.61,stage1,0.9174311926605352,92,0
36.62,stage1,0.9174311926605352,92,0
36.63,stage1,0.9174311926605352,92,0
36.64,stage1,0.9174311926605352,92,0
36.65,stage1,0.9174311926605352,92,0
36.66,stage1,0.9174311926605352,92,0
36.67,stage1,0.9174311926605352,92,0
36.68,stage1,0.9174311926605352,92,0
36.69,stage1,0.9174311926605352,92,0
36.7,stage1,0.9174311926605352,92,0
36.71,stage1,0.9174311926605352,92,0
36.72,stage1,0.9174311926605352,92,0
36.73,stage1,0.9174311926605352,92,0
36.74,stage1,0.9174311926605352,92,0
36.75,stage1,0.9174311926605352,92,0
36.76,stage1,0.9174311926605352,92,0
36.77,stage1,0.9174311926605352,92,0
36.78,stage1,0.9174311926605352,92,0
36.79,stage1,0.9174311926605352,92,0
36.8,stage1,0.9174311926605352,92,0
36.81,stage1,0.9174311926605352,92,0
36.82,stage1,0.9174311926605352,92,0
36.83,stage1,0.9174311926605352,92,0
36.84,stage1,0.9174311926605352,92,0
36.85,stage1,0.9174311926605352,92,0
36.86,stage1,0.9174311926605352,92,0
36.87,stage1,0.9174311926605352,92,0
36.88,stage1,0.9174311926605352,92,0
36.89,stage1,0.9174311926605352,92,0
36.9,stage1,0.9174311926605352,92,0
36.91,stage1,0.9174311926605352,92,0
36.92,stage1,0.9174311926605352,92,0
36.93,stage1,0.9174311926605352,92,0
36.94,stage1,0.9174311926605352,92,0
36.95,stage1,0.9174311926605352,92,0
36.96,stage1,0.9174311926605352,92,0
36.97,stage1,0.9174311926605352,92,0
36.98,stage1,0.9174311926605352,92,0
36.99,stage1,0.9174311926605352,92,0
37.0,stage1,0.9174311926605352,92,0
37.01,stage1,0.9174311926605352,92,0
37.02,stage1,0.9174311926605352,92,0
37.03,stage1,0.9174311926605352,92,0
37.04,stage1,0.9174311926605352,92,0
37.05,stage1,0.9174311926605352,92,0
37.06,stage1,0.9174311926605352,92,0
37.07,stage1,0.9174311926605352,92,0
37.08,stage1,0.9174311926605352,92,0
37.09,stage1,0.9174311926605352,92,0
37.1,stage1,0.9174311926605352,92,0
37.11,stage1,0.9174311926605352,92,0
37.12,stage1,0.9174311926605352,92,0
37.13,stage1,0.9174311926605352,92,0
37.14,stage1,0.9174311926605352,92,0
37.15,stage1,0.9174311926605352,92,0
37.16,stage1,0.9174311926605352,92,0
37.17,stage1,0.9174311926605352,92,0
37.18,stage1,0.9174311926605352,92,0
37.19,stage1,0.9174311926605352,92,0
37.2,stage1,0.9174311926605352,92,0
37.21,stage1,0.9174311926605352,92,0
37.22,stage1,0.9174311926605352,92,0
37.23,stage1,0.9174311926605352,92,0
37.24,stage1,0.9174311926605352,92,0
37.25,stage1,0.9174311926605352,92,0
37.26,stage1,0.9174311926605352,92,0
37.27,stage1,0.9174311926605352,92,0
37.28,stage1,0.9174311926605352,92,0
37.29,stage1,0.9174311926605352,92,0
37.3,stage1,0.9174311926605352,92,0
37.31,stage1,0.9174311926605352,92,0
37.32,stage1,0.9174311926605352,92,0
37.33,stage1,0.9174311926605352,92,0
37.34,stage1,0.9174311926605352,92,0
37.35,stage1,0.9174311926605352,92,0
37.36,stage1,0.9174311926605352,92,0
37.37,stage1,0.9174311926605352,92,0
37.38,stage1,0.9174311926605352,92,0
37.39,stage1,0.9174311926605352,92,0
37.4,stage1,0.9174311926605352,92,0
37.41,stage1,0.9174311926605352,92,0
37.42,stage1,0.9174311926605352,92,0
37.43,stage1,0.9174311926605352,92,0
37.44,stage1,0.9174311926605352,92,0
37.45,stage1,0.9174311926605352,92,0
37.46,stage1,0.9174311926605352,92,0
37.47,stage1,0.9174311926605352,92,0
37.48,stage1,0.9174311926605352,92,0
37.49,stage1,0.9174311926605352,92,0
37.5,stage1,0.9174311926605352,92,0
37.51,stage1,0.9174311926605352,92,0
37.52,stage1,0.9174311926605352,92,0
37.53,stage1,0.9174311926605352,92,0
37.54,stage1,0.9174311926605352,92,0
37.55,stage1,0.9174311926605352,92,0
37.56,stage1,0.9174311926605352,92,0
37.57,stage1,0.9174311926605352,92,0
37.58,stage1,0.9174311926605352,92,0
37.59,stage1,0.9174311926605352,92,0
37.6,stage1,0.9174311926605352,92,0
37.61,stage1,0.9174311926605352,92,0
37.62,stage1,0.9174311926605352,92,0
37.63,stage1,0.9174311926605352,92,0
37.64,stage1,0.9174311926605352,92,0
37.65,stage1,0.9174311926605352,92,0
37.66,stage1,0.9174311926605352,92,0
37.67,stage1,0.9174311926605352,92,0
37.68,stage1,0.9174311926605352,92,0
37.69,stage1,0.9174311926605352,92,0
37.7,stage1,0.9174311926605352,92,0
37.71,stage1,0.9174311926605352,92,0
37.72,stage1,0.9174311926605352,92,0
37.73,stage1,0.9174311926605352,92,0
37.74,stage1,0.9174311926605352,92,0
37.75,stage1,0.9174311926605352,92,0
37.76,stage1,0.9174311926605352,92,0
37.77,stage1,0.9174311926605352,92,0
37.78,stage1,0.9174311926605352,92,0
37.79,stage1,0.9174311926605352,92,0
37.8,stage1,0.9174311926605352,92,0
37.81,stage1,0.9174311926605352,92,0
37.82,stage1,0.9174311926605352,92,0
37.83,stage1,0.9174311926605352,92,0
37.84,stage1,0.9174311926605352,92,0
37.85,stage1,0.9174311926605352,92,0
37.86,stage1,0.9174311926605352,92,0
37.87,stage1,0.9174311926605352,92,0
37.88,stage1,0.9174311926605352,92,0
37.89,stage1,0.9174311926605352,92,0
37.9,stage1,0.9174311926605352,92,0
37.91,stage1,0.9174311926605352,92,0
37.92,stage1,0.9174311926605352,92,0
37.93,stage1,0.9174311926605352,92,0
37.94,stage1,0.9174311926605352,92,0
37.95,stage1,0.9174311926605352,92,0
37.96,stage1,0.9174311926605352,92,0
37.97,stage1,0.9174311926605352,92,0
37.98,stage1,0.9174311926605352,92,0
37.99,stage1,0.9174311926605352,92,0
38.0,stage1,0.9174311926605352,92,0
38.01,stage1,0.9174311926605352,92,0
38.02,stage1,0.9174311926605352,92,0
38.03,stage1,0.9174311926605352,92,0
38.04,stage1,0.9174311926605352,92,0
38.05,stage1,0.9174311926605352,92,0
38.06,stage1,0.9174311926605352,92,0
38.07,stage1,0.9174311926605352,92,0
38.08,stage1,0.9174311926605352,92,0
38.09,stage1,0.9174311926605352,92,0
38.1,stage1,0.9174311926605352,92,0
38.11,stage1,0.9174311926605352,92,0
38.12,stage1,0.9174311926605352,92,0
38.13,stage1,0.9174311926605352,92,0
38.14,stage1,0.9174311926605352,92,0
38.15,stage1,0.9174311926605352,92,0
38.16,stage1,0.9174311926605352,92,0
38.17,stage1,0.9174311926605352,92,0
38.18,stage1,0.9174311926605352,92,0
38.19,stage1,0.9174311926605352,92,0
38.2,stage1,0.9174311926605352,92,0
38.21,stage1,0.9174311926605352,92,0
38.22,stage1,0.9174311926605352,92,0
38.23,stage1,0.9174311926605352,92,0
38.24,stage1,0.9174311926605352,92,0
38.25,stage1,0.9174311926605352,92,0
38.26,stage1,0.9174311926605352,92,0
38.27,stage1,0.9174311926605352,92,0
38.28,stage1,0.9174311926605352,92,0
38.29,stage1,0.9174311926605352,92,0
38.3,stage1,0.9174311926605352,92,0
38.31,stage1,0.9174311926605352,92,0
38.32,stage1,0.9174311926605352,92,0
38.33,stage1,0.9174311926605352,92,0
38.34,stage1,0.9174311926605352,92,0
38.35,stage1,0.9174311926605352,92,0
38.36,stage1,0.9174311926605352,92,0
38.37,stage1,0.9174311926605352,92,0
38.38,stage1,0.9174311926605352,92,0
38.39,stage1,0.9174311926605352,92,0
38.4,stage1,0.9174311926605352,92,0
38.41,stage1,0.9174311926605352,92,0
38.42,stage1,0.9174311926605352,92,0
38.43,stage1,0.9174311926605352,92,0
38.44,stage1,0.9174311926605352,92,0
38.45,stage1,0.9174311926605352,92,0
38.46,stage1,0.9174311926605352,92,0
38.47,stage1,0.9174311926605352,92,0
38.48,stage1,0.9174311926605352,92,0
38.49,stage1,0.9174311926605352,92,0
38.5,stage1,0.9174311926605352,92,0
38.51,stage1,0.9174311926605352,92,0
38.52,stage1,0.9174311926605352,92,0
38.53,stage1,0.9174311926605352,92,0
38.54,stage1,0.9174311926605352,92,0
38.55,stage1,0.9174311926605352,92,0
38.56,stage1,0.9174311926605352,92,0
38.57,stage1,0.9174311926605352,92,0
38.58,stage1,0.9174311926605352,92,0
38.59,stage1,0.9174311926605352,92,0
38.6,stage1,0.9174311926605352,92,0
38.61,stage1,0.9174311926605352,92,0
38.62,stage1,0.9174311926605352,92,0
38.63,stage1,0.9174311926605352,92,0
38.64,stage1,0.9174311926605352,92,0
38.65,stage1,0.9174311926605352,92,0
38.66,stage1,0.9174311926605352,92,0
38.67,stage1,0.9174311926605352,92,0
38.68,stage1,0.9174311926605352,92,0
38.69,stage1,0.9174311926605352,92,0
38.7,stage1,0.9174311926605352,92,0
38.71,stage1,0.9174311926605352,92,0
38.72,stage1,0.9174311926605352,92,0
38.73,stage1,0.9174311926605352,92,0
38.74,stage1,0.9174311926605352,92,0
38.75,stage1,0.9174311926605352,92,0
38.76,stage1,0.9174311926605352,92,0
38.77,stage1,0.9174311926605352,92,0
38.78,stage1,0.9174311926605352,92,0
38.79,stage1,0.9174311926605352,92,0
38.8,stage1,0.9174311926605352,92,0
38.81,stage1,0.9174311926605352,92,0
38.82,stage1,0.9174311926605352,92,0
38.83,stage1,0.9174311926605352,92,0
38.84,stage1,0.9174311926605352,92,0
38.85,stage1,0.9174311926605352,92,0
38.86,stage1,0.9174311926605352,92,0
38.87,stage1,0.9174311926605352,92,0
38.88,stage1,0.9174311926605352,92,0
38.89,stage1,0.9174311926605352,92,0
38.9,stage1,0.9174311926605352,92,0
38.91,stage1,0.9174311926605352,92,0
38.92,stage1,0.9174311926605352,92,0
38.93,stage1,0.9174311926605352,92,0
38.94,stage1,0.9174311926605352,92,0
38.95,stage1,0.9174311926605352,92,0
38.96,stage1,0.9174311926605352,92,0
38.97,stage1,0.9174311926605352,92,0
38.98,stage1,0.9174311926605352,92,0
38.99,stage1,0.9174311926605352,92,0
39.0,stage1,0.9174311926605352,92,0
39.01,stage1,0.9174311926605352,92,0
39.02,stage1,0.9174311926605352,92,0
39.03,stage1,0.9174311926605352,92,0
39.04,stage1,0.9174311926605352,92,0
39.05,stage1,0.9174311926605352,92,0
39.06,stage1,0.9174311926605352,92,0
39.07,stage1,0.9174311926605352,92,0
39.08,stage1,0.9174311926605352,92,0
39.09,stage1,0.9174311926605352,92,0
39.1,stage1,0.9174311926605352,92,0
39.11,stage1,0.9174311926605352,92,0
39.12,stage1,0.9174311926605352,92,0
39.13,stage1,0.9174311926605352,92,0
39.14,stage1,0.9174311926605352,92,0
39.15,stage1,0.9174311926605352,92,0
39.16,stage1,0.9174311926605352,92,0
39.17,stage1,0.9174311926605352,92,0
39.18,stage1,0.9174311926605352,92,0
39.19,stage1,0.9174311926605352,92,0
39.2,stage1,0.9174311926605352,92,0
39.21,stage1,0.9174311926605352,92,0
39.22,stage1,0.9174311926605352,92,0
39.23,stage1,0.9174311926605352,92,0
39.24,stage1,0.9174311926605352,92,0
39.25,stage1,0.9174311926605352,92,0
39.26,stage1,0.9174311926605352,92,0
39.27,stage1,0.9174311926605352,92,0
39.28,stage1,0.9174311926605352,92,0
39.29,stage1,0.9174311926605352,92,0
39.3,stage1,0.9174311926605352,92,0
39.31,stage1,0.9174311926605352,92,0
39.32,stage1,0.9174311926605352,92,0
39.33,stage1,0.9174311926605352,92,0
39.34,stage1,0.9174311926605352,92,0
39.35,stage1,0.9174311926605352,92,0
39.36,stage1,0.9174311926605352,92,0
39.37,stage1,0.9174311926605352,92,0
39.38,stage1,0.9174311926605352,92,0
39.39,stage1,0.9174311926605352,92,0
39.4,stage1,0.9174311926605352,92,0
39.41,stage1,0.9174311926605352,92,0
39.42,stage1,0.9174311926605352,92,0
39.43,stage1,0.9174311926605352,92,0
39.44,stage1,0.9174311926605352,92,0
39.45,stage1,0.9174311926605352,92,0
39.46,stage1,0.9174311926605352,92,0
39.47,stage1,0.9174311926605352,92,0
39.48,stage1,0.9174311926605352,92,0
39.49,stage1,0.9174311926605352,92,0
39.5,stage1,0.9174311926605352,92,0
39.51,stage1,0.9174311926605352,92,0
39.52,stage1,0.9174311926605352,92,0
39.53,stage1,0.9174311926605352,92,0
39.54,stage1,0.9174311926605352,92,0
39.55,stage1,0.9174311926605352,92,0
39.56,stage1,0.9174311926605352,92,0
39.57,stage1,0.9174311926605352,92,0
39.58,stage1,0.9174311926605352,92,0
39.59,stage1,0.9174311926605352,92,0
39.6,stage1,0.9174311926605352,92,0
39.61,stage1,0.9174311926605352,92,0
39.62,stage1,0.9174311926605352,92,0
39.63,stage1,0.9174311926605352,92,0
39.64,stage1,0.9174311926605352,92,0
39.65,stage1,0.9174311926605352,92,0
39.66,stage1,0.9174311926605352,92,0
39.67,stage1,0.9174311926605352,92,0
39.68,stage1,0.9174311926605352,92,0
39.69,stage1,0.9174311926605352,92,0
39.7,stage1,0.9174311926605352,92,0
39.71,stage1,0.9174311926605352,92,0
39.72,stage1,0.9174311926605352,92,0
39.73,stage1,0.9174311926605352,92,0
39.74,stage1,0.9174311926605352,92,0
39.75,stage1,0.9174311926605352,92,0
39.76,stage1,0.9174311926605352,92,0
39.77,stage1,0.9174311926605352,92,0
39.78,stage1,0.9174311926605352,92,0
39.79,stage1,0.9174311926605352,92,0
39.8,stage1,0.9174311926605352,92,0
39.81,stage1,0.9174311926605352,92,0
39.82,stage1,0.9174311926605352,92,0
39.83,stage1,0.9174311926605352,92,0
39.84,stage1,0.9174311926605352,92,0
39.85,stage1,0.9174311926605352,92,0
39.86,stage1,0.9174311926605352,92,0
39.87,stage1,0.9174311926605352,92,0
39.88,stage1,0.9174311926605352,92,0
39.89,stage1,0.9174311926605352,92,0
39.9,stage1,0.9174311926605352,92,0
39.91,stage1,0.9174311926605352,92,0
39.92,stage1,0.9174311926605352,92,0
39.93,stage1,0.9174311926605352,92,0
39.94,stage1,0.9174311926605352,92,0
39.95,stage1,0.9174311926605352,92,0
39.96,stage1,0.9174311926605352,92,0
39.97,stage1,0.9174311926605352,92,0
39.98,stage1,0.9174311926605352,92,0
39.99,stage1,0.9174311926605352,92,0
40.0,stage1,0.9174311926605352,92,0
40.01,stage1,0.9174311926605352,92,0
40.02,stage1,0.9174311926605352,92,0
40.03,stage1,0.9174311926605352,92,0
40.04,stage1,0.9174311926605352,92,0
40.05,stage1,0.9174311926605352,92,0
40.06,stage1,0.9174311926605352,92,0
40.07,stage1,0.9174311926605352,92,0
40.08,stage1,0.9174311926605352,92,0
40.09,stage1,0.9174311926605352,92,0
40.1,stage1,0.9174311926605352,92,0
40.11,stage1,0.9174311926605352,92,0
40.12,stage1,0.9174311926605352,92,0
40.13,stage1,0.9174311926605352,92,0
40.14,stage1,0.9174311926605352,92,0
40.15,stage1,0.9174311926605352,92,0
40.16,stage1,0.9174311926605352,92,0
40.17,stage1,0.9174311926605352,92,0
40.18,stage1,0.9174311926605352,92,0
40.19,stage1,0.9174311926605352,92,0
40.2,stage1,0.9174311926605352,92,0
40.21,stage1,0.9174311926605352,92,0
40.22,stage1,0.9174311926605352,92,0
40.23,stage1,0.9174311926605352,92,0
40.24,stage1,0.9174311926605352,92,0
40.25,stage1,0.9174311926605352,92,0
40.26,stage1,0.9174311926605352,92,0
40.27,stage1,0.9174311926605352,92,0
40.28,stage1,0.9174311926605352,92,0
40.29,stage1,0.9174311926605352,92,0
40.3,stage1,0.9174311926605352,92,0
40.31,stage1,0.9174311926605352,92,0
40.32,stage1,0.9174311926605352,92,0
40.33,stage1,0.9174311926605352,92,0
40.34,stage1,0.9174311926605352,92,0
40.35,stage1,0.9174311926605352,92,0
40.36,stage1,0.9174311926605352,92,0
40.37,stage1,0.9174311926605352,92,0
40.38,stage1,0.9174311926605352,92,0
40.39,stage1,0.9174311926605352,92,0
40.4,stage1,0.9174311926605352,92,0
40.41,stage1,0.9174311926605352,92,0
40.42,stage1,0.9174311926605352,92,0
40.43,stage1,0.9174311926605352,92,0
40.44,stage1,0.9174311926605352,92,0
40.45,stage1,0.9174311926605352,92,0
40.46,stage1,0.9174311926605352,92,0
40.47,stage1,0.9174311926605352,92,0
40.48,stage1,0.9174311926605352,92,0
40.49,stage1,0.9174311926605352,92,0
40.5,stage1,0.9174311926605352,92,0
40.51,stage1,0.9174311926605352,92,0
40.52,stage1,0.9174311926605352,92,0
40.53,stage1,0.9174311926605352,92,0
40.54,stage1,0.9174311926605352,92,0
40.55,stage1,0.9174311926605352,92,0
40.56,stage1,0.9174311926605352,92,0
40.57,stage1,0.9174311926605352,92,0
40.58,stage1,0.9174311926605352,92,0
40.59,stage1,0.9174311926605352,92,0
40.6,stage1,0.9174311926605352,92,0
40.61,stage1,0.9174311926605352,92,0
40.62,stage1,0.9174311926605352,92,0
40.63,stage1,0.9174311926605352,92,0
40.64,stage1,0.9174311926605352,92,0
40.65,stage1,0.9174311926605352,92,0
40.66,stage1,0.9174311926605352,92,0
40.67,stage1,0.9174311926605352,92,0
40.68,stage1,0.9174311926605352,92,0
40.69,stage1,0.9174311926605352,92,0
40.7,stage1,0.9174311926605352,92,0
40.71,stage1,0.9174311926605352,92,0
40.72,stage1,0.9174311926605352,92,0
40.73,stage1,0.9174311926605352,92,0
40.74,stage1,0.9174311926605352,92,0
40.75,stage1,0.9174311926605352,92,0
40.76,stage1,0.9174311926605352,92,0
40.77,stage1,0.9174311926605352,92,0
40.78,stage1,0.9174311926605352,92,0
40.79,stage1,0.9174311926605352,92,0
40.8,stage1,0.9174311926605352,92,0
40.81,stage1,0.9174311926605352,92,0
40.82,stage1,0.9174311926605352,92,0
40.83,stage1,0.9174311926605352,92,0
40.84,stage1,0.9174311926605352,92,0
40.85,stage1,0.9174311926605352,92,0
40.86,stage1,0.9174311926605352,92,0
40.87,stage1,0.9174311926605352,92,0
40.88,stage1,0.9174311926605352,92,0
40.89,stage1,0.9174311926605352,92,0
40.9,stage1,0.9174311926605352,92,0
40.91,stage1,0.9174311926605352,92,0
40.92,stage1,0.9174311926605352,92,0
40.93,stage1,0.9174311926605352,92,0
40.94,stage1,0.9174311926605352,92,0
40.95,stage1,0.9174311926605352,92,0
40.96,stage1,0.9174311926605352,92,0
40.97,stage1,0.9174311926605352,92,0
40.98,stage1,0.9174311926605352,92,0
40.99,stage1,0.9174311926605352,92,0
41.0,stage1,0.9174311926605352,92,0
41.01,stage1,0.9174311926605352,92,0
41.02,stage1,0.9174311926605352,92,0
41.03,stage1,0.9174311926605352,92,0
41.04,stage1,0.9174311926605352,92,0
41.05,stage1,0.9174311926605352,92,0
41.06,stage1,0.9174311926605352,92,0
41.07,stage1,0.9174311926605352,92,0
41.08,stage1,0.9174311926605352,92,0
41.09,stage1,0.9174311926605352,92,0
41.1,stage1,0.9174311926605352,92,0
41.11,stage1,0.9174311926605352,92,0
41.12,stage1,0.9174311926605352,92,0
41.13,stage1,0.9174311926605352,92,0
41.14,stage1,0.9174311926605352,92,0
41.15,stage1,0.9174311926605352,92,0
41.16,stage1,0.9174311926605352,92,0
41.17,stage1,0.9174311926605352,92,0
41.18,stage1,0.9174311926605352,92,0
41.19,stage1,0.9174311926605352,92,0
41.2,stage1,0.9174311926605352,92,0
41.21,stage1,0.9174311926605352,92,0
41.22,stage1,0.9174311926605352,92,0
41.23,stage1,0.9174311926605352,92,0
41.24,stage1,0.9174311926605352,92,0
41.25,stage1,0.9174311926605352,92,0
41.26,stage1,0.9174311926605352,92,0
41.27,stage1,0.9174311926605352,92,0
41.28,stage1,0.9174311926605352,92,0
41.29,stage1,0.9174311926605352,92,0
41.3,stage1,0.9174311926605352,92,0
41.31,stage1,0.9174311926605352,92,0
41.32,stage1,0.9174311926605352,92,0
41.33,stage1,0.9174311926605352,92,0
41.34,stage1,0.9174311926605352,92,0
41.35,stage1,0.9174311926605352,92,0
41.36,stage1,0.9174311926605352,92,0
41.37,stage1,0.9174311926605352,92,0
41.38,stage1,0.9174311926605352,92,0
41.39,stage1,0.9174311926605352,92,0
41.4,stage1,0.9174311926605352,92,0
41.41,stage1,0.9174311926605352,92,0
41.42,stage1,0.9174311926605352,92,0
41.43,stage1,0.9174311926605352,92,0
41.44,stage1,0.9174311926605352,92,0
41.45,stage1,0.9174311926605352,92,0
41.46,stage1,0.9174311926605352,92,0
41.47,stage1,0.9174311926605352,92,0
41.48,stage1,0.9174311926605352,92,0
41.49,stage1,0.9174311926605352,92,0
41.5,stage1,0.9174311926605352,92,0
41.51,stage1,0.9174311926605352,92,0
41.52,stage1,0.9174311926605352,92,0
41.53,stage1,0.9174311926605352,92,0
41.54,stage1,0.9174311926605352,92,0
41.55,stage1,0.9174311926605352,92,0
41.56,stage1,0.9174311926605352,92,0
41.57,stage1,0.9174311926605352,92,0
41.58,stage1,0.9174311926605352,92,0
41.59,stage1,0.9174311926605352,92,0
41.6,stage1,0.9174311926605352,92,0
41.61,stage1,0.9174311926605352,92,0
41.62,stage1,0.9174311926605352,92,0
41.63,stage1,0.9174311926605352,92,0
41.64,stage1,0.9174311926605352,92,0
41.65,stage1,0.9174311926605352,92,0
41.66,stage1,0.9174311926605352,92,0
41.67,stage1,0.9174311926605352,92,0
41.68,stage1,0.9174311926605352,92,0
41.69,stage1,0.9174311926605352,92,0
41.7,stage1,0.9174311926605352,92,0
41.71,stage1,0.9174311926605352,92,0
41.72,stage1,0.9174311926605352,92,0
41.73,stage1,0.9174311926605352,92,0
41.74,stage1,0.9174311926605352,92,0
41.75,stage1,0.9174311926605352,92,0
41.76,stage1,0.9174311926605352,92,0
41.77,stage1,0.9174311926605352,92,0
41.78,stage1,0.9174311926605352,92,0
41.79,stage1,0.9174311926605352,92,0
41.8,stage1,0.9174311926605352,92,0
41.81,stage1,0.9174311926605352,92,0
41.82,stage1,0.9174311926605352,92,0
41.83,stage1,0.9174311926605352,92,0
41.84,stage1,0.9174311926605352,92,0
41.85,stage1,0.9174311926605352,92,0
41.86,stage1,0.9174311926605352,92,0
41.87,stage1,0.9174311926605352,92,0
41.88,stage1,0.9174311926605352,92,0
41.89,stage1,0.9174311926605352,92,0
41.9,stage1,0.9174311926605352,92,0
41.91,stage1,0.9174311926605352,92,0
41.92,stage1,0.9174311926605352,92,0
41.93,stage1,0.9174311926605352,92,0
41.94,stage1,0.9174311926605352,92,0
41.95,stage1,0.9174311926605352,92,0
41.96,stage1,0.9174311926605352,92,0
41.97,stage1,0.9174311926605352,92,0
41.98,stage1,0.9174311926605352,92,0
41.99,stage1,0.9174311926605352,92,0
42.0,stage1,0.9174311926605352,92,0
42.01,stage1,0.9174311926605352,92,0
42.02,stage1,0.9174311926605352,92,0
42.03,stage1,0.9174311926605352,92,0
42.04,stage1,0.9174311926605352,92,0
42.05,stage1,0.9174311926605352,92,0
42.06,stage1,0.9174311926605352,92,0
42.07,stage1,0.9174311926605352,92,0
42.08,stage1,0.9174311926605352,92,0
42.09,stage1,0.9174311926605352,92,0
42.1,stage1,0.9174311926605352,92,0
42.11,stage1,0.9174311926605352,92,0
42.12,stage1,0.9174311926605352,92,0
42.13,stage1,0.9174311926605352,92,0
42.14,stage1,0.9174311926605352,92,0
42.15,stage1,0.9174311926605352,92,0
42.16,stage1,0.9174311926605352,92,0
42.17,stage1,0.9174311926605352,92,0
42.18,stage1,0.9174311926605352,92,0
42.19,stage1,0.9174311926605352,92,0
42.2,stage1,0.9174311926605352,92,0
42.21,stage1,0.9174311926605352,92,0
42.22,stage1,0.9174311926605352,92,0
42.23,stage1,0.9174311926605352,92,0
42.24,stage1,0.9174311926605352,92,0
42.25,stage1,0.9174311926605352,92,0
42.26,stage1,0.9174311926605352,92,0
42.27,stage1,0.9174311926605352,92,0
42.28,stage1,0.9174311926605352,92,0
42.29,stage1,0.9174311926605352,92,0
42.3,stage1,0.9174311926605352,92,0
42.31,stage1,0.9174311926605352,92,0
42.32,stage1,0.9174311926605352,92,0
42.33,stage1,0.9174311926605352,92,0
42.34,stage1,0.9174311926605352,92,0
42.35,stage1,0.9174311926605352,92,0
42.36,stage1,0.9174311926605352,92,0
42.37,stage1,0.9174311926605352,92,0
42.38,stage1,0.9174311926605352,92,0
42.39,stage1,0.9174311926605352,92,0
42.4,stage1,0.9174311926605352,92,0
42.41,stage1,0.9174311926605352,92,0
42.42,stage1,0.9174311926605352,92,0
42.43,stage1,0.9174311926605352,92,0
42.44,stage1,0.9174311926605352,92,0
42.45,stage1,0.9174311926605352,92,0
42.46,stage1,0.9174311926605352,92,0
42.47,stage1,0.9174311926605352,92,0
42.48,stage1,0.9174311926605352,92,0
42.49,stage1,0.9174311926605352,92,0
42.5,stage1,0.9174311926605352,92,0
42.51,stage1,0.9174311926605352,92,0
42.52,stage1,0.9174311926605352,92,0
42.53,stage1,0.9174311926605352,92,0
42.54,stage1,0.9174311926605352,92,0
42.55,stage1,0.9174311926605352,92,0
42.56,stage1,0.9174311926605352,92,0
42.57,stage1,0.9174311926605352,92,0
42.58,stage1,0.9174311926605352,92,0
42.59,stage1,0.9174311926605352,92,0
42.6,stage1,0.9174311926605352,92,0
42.61,stage1,0.9174311926605352,92,0
42.62,stage1,0.9174311926605352,92,0
42.63,stage1,0.9174311926605352,92,0
42.64,stage1,0.9174311926605352,92,0
42.65,stage1,0.9174311926605352,92,0
42.66,stage1,0.9174311926605352,92,0
42.67,stage1,0.9174311926605352,92,0
42.68,stage1,0.9174311926605352,92,0
42.69,stage1,0.9174311926605352,92,0
42.7,stage1,0.9174311926605352,92,0
42.71,stage1,0.9174311926605352,92,0
42.72,stage1,0.9174311926605352,92,0
42.73,stage1,0.9174311926605352,92,0
42.74,stage1,0.9174311926605352,92,0
42.75,stage1,0.9174311926605352,92,0
42.76,stage1,0.9174311926605352,92,0
42.77,stage1,0.9174311926605352,92,0
42.78,stage1,0.9174311926605352,92,0
42.79,stage1,0.9174311926605352,92,0
42.8,stage1,0.9174311926605352,92,0
42.81,stage1,0.9174311926605352,92,0
42.82,stage1,0.9174311926605352,92,0
42.83,stage1,0.9174311926605352,92,0
42.84,stage1,0.9174311926605352,92,0
42.85,stage1,0.9174311926605352,92,0
42.86,stage1,0.9174311926605352,92,0
42.87,stage1,0.9174311926605352,92,0
42.88,stage1,0.9174311926605352,92,0
42.89,stage1,0.9174311926605352,92,0
42.9,stage1,0.9174311926605352,92,0
42.91,stage1,0.9174311926605352,92,0
42.92,stage1,0.9174311926605352,92,0
42.93,stage1,0.9174311926605352,92,0
42.94,stage1,0.9174311926605352,92,0
42.95,stage1,0.9174311926605352,92,0
42.96,stage1,0.9174311926605352,92,0
42.97,stage1,0.9174311926605352,92,0
42.98,stage1,0.9174311926605352,92,0
42.99,stage1,0.9174311926605352,92,0
43.0,stage1,0.9174311926605352,92,0
43.01,stage1,0.9174311926605352,92,0
43.02,stage1,0.9174311926605352,92,0
43.03,stage1,0.9174311926605352,92,0
43.04,stage1,0.9174311926605352,92,0
43.05,stage1,0.9174311926605352,92,0
43.06,stage1,0.9174311926605352,92,0
43.07,stage1,0.9174311926605352,92,0
43.08,stage1,0.9174311926605352,92,0
43.09,stage1,0.9174311926605352,92,0
43.1,stage1,0.9174311926605352,92,0
43.11,stage1,0.9174311926605352,92,0
43.12,stage1,0.9174311926605352,92,0
43.13,stage1,0.9174311926605352,92,0
43.14,stage1,0.9174311926605352,92,0
43.15,stage1,0.9174311926605352,92,0
43.16,stage1,0.9174311926605352,92,0
43.17,stage1,0.9174311926605352,92,0
43.18,stage1,0.9174311926605352,92,0
43.19,stage1,0.9174311926605352,92,0
43.2,stage1,0.9174311926605352,92,0
43.21,stage1,0.9174311926605352,92,0
43.22,stage1,0.9174311926605352,92,0
43.23,stage1,0.9174311926605352,92,0
43.24,stage1,0.9174311926605352,92,0
43.25,stage1,0.9174311926605352,92,0
43.26,stage1,0.9174311926605352,92,0
43.27,stage1,0.9174311926605352,92,0
43.28,stage1,0.9174311926605352,92,0
43.29,stage1,0.9174311926605352,92,0
43.3,stage1,0.9174311926605352,92,0
43.31,stage1,0.9174311926605352,92,0
43.32,stage1,0.9174311926605352,92,0
43.33,stage1,0.9174311926605352,92,0
43.34,stage1,0.9174311926605352,92,0
43.35,stage1,0.9174311926605352,92,0
43.36,stage1,0.9174311926605352,92,0
43.37,stage1,0.9174311926605352,92,0
43.38,stage1,0.9174311926605352,92,0
43.39,stage1,0.9174311926605352,92,0
43.4,stage1,0.9174311926605352,92,0
43.41,stage1,0.9174311926605352,92,0
43.42,stage1,0.9174311926605352,92,0
43.43,stage1,0.9174311926605352,92,0
43.44,stage1,0.9174311926605352,92,0
43.45,stage1,0.9174311926605352,92,0
43.46,stage1,0.9174311926605352,92,0
43.47,stage1,0.9174311926605352,92,0
43.48,stage1,0.9174311926605352,92,0
43.49,stage1,0.9174311926605352,92,0
43.5,stage1,0.9174311926605352,92,0
43.51,stage1,0.9174311926605352,92,0
43.52,stage1,0.9174311926605352,92,0
43.53,stage1,0.9174311926605352,92,0
43.54,stage1,0.9174311926605352,92,0
43.55,stage1,0.9174311926605352,92,0
43.56,stage1,0.9174311926605352,92,0
43.57,stage1,0.9174311926605352,92,0
43.58,stage1,0.9174311926605352,92,0
43.59,stage1,0.9174311926605352,92,0
43.6,stage1,0.9174311926605352,92,0
43.61,stage1,0.9174311926605352,92,0
43.62,stage1,0.9174311926605352,92,0
43.63,stage1,0.9174311926605352,92,0
43.64,stage1,0.9174311926605352,92,0
43.65,stage1,0.9174311926605352,92,0
43.66,stage1,0.9174311926605352,92,0
43.67,stage1,0.9174311926605352,92,0
43.68,stage1,0.9174311926605352,92,0
43.69,stage1,0.9174311926605352,92,0
43.7,stage1,0.9174311926605352,92,0
43.71,stage1,0.9174311926605352,92,0
43.72,stage1,0.9174311926605352,92,0
43.73,stage1,0.9174311926605352,92,0
43.74,stage1,0.9174311926605352,92,0
43.75,stage1,0.9174311926605352,92,0
43.76,stage1,0.9174311926605352,92,0
43.77,stage1,0.9174311926605352,92,0
43.78,stage1,0.9174311926605352,92,0
43.79,stage1,0.9174311926605352,92,0
43.8,stage1,0.9174311926605352,92,0
43.81,stage1,0.9174311926605352,92,0
43.82,stage1,0.9174311926605352,92,0
43.83,stage1,0.9174311926605352,92,0
43.84,stage1,0.9174311926605352,92,0
43.85,stage1,0.9174311926605352,92,0
43.86,stage1,0.9174311926605352,92,0
43.87,stage1,0.9174311926605352,92,0
43.88,stage1,0.9174311926605352,92,0
43.89,stage1,0.9174311926605352,92,0
43.9,stage1,0.9174311926605352,92,0
43.91,stage1,0.9174311926605352,92,0
43.92,stage1,0.9174311926605352,92,0
43.93,stage1,0.9174311926605352,92,0
43.94,stage1,0.9174311926605352,92,0
43.95,stage1,0.9174311926605352,92,0
43.96,stage1,0.9174311926605352,92,0
43.97,stage1,0.9174311926605352,92,0
43.98,stage1,0.9174311926605352,92,0
43.99,stage1,0.9174311926605352,92,0
44.0,stage1,0.9174311926605352,92,0
44.01,stage1,0.9174311926605352,92,0
44.02,stage1,0.9174311926605352,92,0
44.03,stage1,0.9174311926605352,92,0
44.04,stage1,0.9174311926605352,92,0
44.05,stage1,0.9174311926605352,92,0
44.06,stage1,0.9174311926605352,92,0
44.07,stage1,0.9174311926605352,92,0
44.08,stage1,0.9174311926605352,92,0
44.09,stage1,0.9174311926605352,92,0
44.1,stage1,0.9174311926605352,92,0
44.11,stage1,0.9174311926605352,92,0
44.12,stage1,0.9174311926605352,92,0
44.13,stage1,0.9174311926605352,92,0
44.14,stage1,0.9174311926605352,92,0
44.15,stage1,0.9174311926605352,92,0
44.16,stage1,0.9174311926605352,92,0
44.17,stage1,0.9174311926605352,92,0
44.18,stage1,0.9174311926605352,92,0
44.19,stage1,0.9174311926605352,92,0
44.2,stage1,0.9174311926605352,92,0
44.21,stage1,0.9174311926605352,92,0
44.22,stage1,0.9174311926605352,92,0
44.23,stage1,0.9174311926605352,92,0
44.24,stage1,0.9174311926605352,92,0
44.25,stage1,0.9174311926605352,92,0
44.26,stage1,0.9174311926605352,92,0
44.27,stage1,0.9174311926605352,92,0
44.28,stage1,0.9174311926605352,92,0
44.29,stage1,0.9174311926605352,92,0
44.3,stage1,0.9174311926605352,92,0
44.31,stage1,0.9174311926605352,92,0
44.32,stage1,0.9174311926605352,92,0
44.33,stage1,0.9174311926605352,92,0
44.34,stage1,0.9174311926605352,92,0
44.35,stage1,0.9174311926605352,92,0
44.36,stage1,0.9174311926605352,92,0
44.37,stage1,0.9174311926605352,92,0
44.38,stage1,0.9174311926605352,92,0
44.39,stage1,0.9174311926605352,92,0
44.4,stage1,0.9174311926605352,92,0
44.41,stage1,0.9174311926605352,92,0
44.42,stage1,0.9174311926605352,92,0
44.43,stage1,0.9174311926605352,92,0
44.44,stage1,0.9174311926605352,92,0
44.45,stage1,0.9174311926605352,92,0
44.46,stage1,0.9174311926605352,92,0
44.47,stage1,0.9174311926605352,92,0
44.48,stage1,0.9174311926605352,92,0
44.49,stage1,0.9174311926605352,92,0
44.5,stage1,0.9174311926605352,92,0
44.51,stage1,0.9174311926605352,92,0
44.52,stage1,0.9174311926605352,92,0
44.53,stage1,0.9174311926605352,92,0
44.54,stage1,0.9174311926605352,92,0
44.55,stage1,0.9174311926605352,92,0
44.56,stage1,0.9174311926605352,92,0
44.57,stage1,0.9174311926605352,92,0
44.58,stage1,0.9174311926605352,92,0
44.59,stage1,0.9174311926605352,92,0
44.6,stage1,0.9174311926605352,92,0
44.61,stage1,0.9174311926605352,92,0
44.62,stage1,0.9174311926605352,92,0
44.63,stage1,0.9174311926605352,92,0
44.64,stage1,0.9174311926605352,92,0
44.65,stage1,0.9174311926605352,92,0
44.66,stage1,0.9174311926605352,92,0
44.67,stage1,0.9174311926605352,92,0
44.68,stage1,0.9174311926605352,92,0
44.69,stage1,0.9174311926605352,92,0
44.7,stage1,0.9174311926605352,92,0
44.71,stage1,0.9174311926605352,92,0
44.72,stage1,0.9174311926605352,92,0
44.73,stage1,0.9174311926605352,92,0
44.74,stage1,0.9174311926605352,92,0
44.75,stage1,0.9174311926605352,92,0
44.76,stage1,0.9174311926605352,92,0
44.77,stage1,0.9174311926605352,92,0
44.78,stage1,0.9174311926605352,92,0
44.79,stage1,0.9174311926605352,92,0
44.8,stage1,0.9174311926605352,92,0
44.81,stage1,0.9174311926605352,92,0
44.82,stage1,0.9174311926605352,92,0
44.83,stage1,0.9174311926605352,92,0
44.84,stage1,0.9174311926605352,92,0
44.85,stage1,0.9174311926605352,92,0
44.86,stage1,0.9174311926605352,92,0
44.87,stage1,0.9174311926605352,92,0
44.88,stage1,0.9174311926605352,92,0
44.89,stage1,0.9174311926605352,92,0
44.9,stage1,0.9174311926605352,92,0
44.91,stage1,0.9174311926605352,92,0
44.92,stage1,0.9174311926605352,92,0
44.93,stage1,0.9174311926605352,92,0
44.94,stage1,0.9174311926605352,92,0
44.95,stage1,0.9174311926605352,92,0
44.96,stage1,0.9174311926605352,92,0
44.97,stage1,0.9174311926605352,92,0
44.98,stage1,0.9174311926605352,92,0
44.99,stage1,0.9174311926605352,92,0
45.0,stage1,0.9174311926605352,92,0
45.01,stage1,0.9174311926605352,92,0
45.02,stage1,0.9174311926605352,92,0
45.03,stage1,0.9174311926605352,92,0
45.04,stage1,0.9174311926605352,92,0
45.05,stage1,0.9174311926605352,92,0
45.06,stage1,0.9174311926605352,92,0
45.07,stage1,0.9174311926605352,92,0
45.08,stage1,0.9174311926605352,92,0
45.09,stage1,0.9174311926605352,92,0
45.1,stage1,0.9174311926605352,92,0
45.11,stage1,0.9174311926605352,92,0
45.12,stage1,0.9174311926605352,92,0
45.13,stage1,0.9174311926605352,92,0
45.14,stage1,0.9174311926605352,92,0
45.15,stage1,0.9174311926605352,92,0
45.16,stage1,0.9174311926605352,92,0
45.17,stage1,0.9174311926605352,92,0
45.18,stage1,0.9174311926605352,92,0
45.19,stage1,0.9174311926605352,92,0
45.2,stage1,0.9174311926605352,92,0
45.21,stage1,0.9174311926605352,92,0
45.22,stage1,0.9174311926605352,92,0
45.23,stage1,0.9174311926605352,92,0
45.24,stage1,0.9174311926605352,92,0
45.25,stage1,0.9174311926605352,92,0
45.26,stage1,0.9174311926605352,92,0
45.27,stage1,0.9174311926605352,92,0
45.28,stage1,0.9174311926605352,92,0
45.29,stage1,0.9174311926605352,92,0
45.3,stage1,0.9174311926605352,92,0
45.31,stage1,0.9174311926605352,92,0
45.32,stage1,0.9174311926605352,92,0
45.33,stage1,0.9174311926605352,92,0
45.34,stage1,0.9174311926605352,92,0
45.35,stage1,0.9174311926605352,92,0
45.36,stage1,0.9174311926605352,92,0
45.37,stage1,0.9174311926605352,92,0
45.38,stage1,0.9174311926605352,92,0
45.39,stage1,0.9174311926605352,92,0
45.4,stage1,0.9174311926605352,92,0
45.41,stage1,0.9174311926605352,92,0
45.42,stage1,0.9174311926605352,92,0
45.43,stage1,0.9174311926605352,92,0
45.44,stage1,0.9174311926605352,92,0
45.45,stage1,0.9174311926605352,92,0
45.46,stage1,0.9174311926605352,92,0
45.47,stage1,0.9174311926605352,92,0
45.48,stage1,0.9174311926605352,92,0
45.49,stage1,0.9174311926605352,92,0
45.5,stage1,0.9174311926605352,92,0
45.51,stage1,0.9174311926605352,92,0
45.52,stage1,0.9174311926605352,92,0
45.53,stage1,0.9174311926605352,92,0
45.54,stage1,0.9174311926605352,92,0
45.55,stage1,0.9174311926605352,92,0
45.56,stage1,0.9174311926605352,92,0
45.57,stage1,0.9174311926605352,92,0
45.58,stage1,0.9174311926605352,92,0
45.59,stage1,0.9174311926605352,92,0
45.6,stage1,0.9174311926605352,92,0
45.61,stage1,0.9174311926605352,92,0
45.62,stage1,0.9174311926605352,92,0
45.63,stage1,0.9174311926605352,92,0
45.64,stage1,0.9174311926605352,92,0
45.65,stage1,0.9174311926605352,92,0
45.66,stage1,0.9174311926605352,92,0
45.67,stage1,0.9174311926605352,92,0
45.68,stage1,0.9174311926605352,92,0
45.69,stage1,0.9174311926605352,92,0
45.7,stage1,0.9174311926605352,92,0
45.71,stage1,0.9174311926605352,92,0
45.72,stage1,0.9174311926605352,92,0
45.73,stage1,0.9174311926605352,92,0
45.74,stage1,0.9174311926605352,92,0
45.75,stage1,0.9174311926605352,92,0
45.76,stage1,0.9174311926605352,92,0
45.77,stage1,0.9174311926605352,92,0
45.78,stage1,0.9174311926605352,92,0
45.79,stage1,0.9174311926605352,92,0
45.8,stage1,0.9174311926605352,92,0
45.81,stage1,0.9174311926605352,92,0
45.82,stage1,0.9174311926605352,92,0
45.83,stage1,0.9174311926605352,92,0
45.84,stage1,0.9174311926605352,92,0
45.85,stage1,0.9174311926605352,92,0
45.86,stage1,0.9174311926605352,92,0
45.87,stage1,0.9174311926605352,92,0
45.88,stage1,0.9174311926605352,92,0
45.89,stage1,0.9174311926605352,92,0
45.9,stage1,0.9174311926605352,92,0
45.91,stage1,0.9174311926605352,92,0
45.92,stage1,0.9174311926605352,92,0
45.93,stage1,0.9174311926605352,92,0
45.94,stage1,0.9174311926605352,92,0
45.95,stage1,0.9174311926605352,92,0
45.96,stage1,0.9174311926605352,92,0
45.97,stage1,0.9174311926605352,92,0
45.98,stage1,0.9174311926605352,92,0
45.99,stage1,0.9174311926605352,92,0
46.0,stage1,0.9174311926605352,92,0
46.01,stage1,0.9174311926605352,92,0
46.02,stage1,0.9174311926605352,92,0
46.03,stage1,0.9174311926605352,92,0
46.04,stage1,0.9174311926605352,92,0
46.05,stage1,0.9174311926605352,92,0
46.06,stage1,0.9174311926605352,92,0
46.07,stage1,0.9174311926605352,92,0
46.08,stage1,0.9174311926605352,92,0
46.09,stage1,0.9174311926605352,92,0
46.1,stage1,0.9174311926605352,92,0
46.11,stage1,0.9174311926605352,92,0
46.12,stage1,0.9174311926605352,92,0
46.13,stage1,0.9174311926605352,92,0
46.14,stage1,0.9174311926605352,92,0
46.15,stage1,0.9174311926605352,92,0
46.16,stage1,0.9174311926605352,92,0
46.17,stage1,0.9174311926605352,92,0
46.18,stage1,0.9174311926605352,92,0
46.19,stage1,0.9174311926605352,92,0
46.2,stage1,0.9174311926605352,92,0
46.21,stage1,0.9174311926605352,92,0
46.22,stage1,0.9174311926605352,92,0
46.23,stage1,0.9174311926605352,92,0
46.24,stage1,0.9174311926605352,92,0
46.25,stage1,0.9174311926605352,92,0
46.26,stage1,0.9174311926605352,92,0
46.27,stage1,0.9174311926605352,92,0
46.28,stage1,0.9174311926605352,92,0
46.29,stage1,0.9174311926605352,92,0
46.3,stage1,0.9174311926605352,92,0
46.31,stage1,0.9174311926605352,92,0
46.32,stage1,0.9174311926605352,92,0
46.33,stage1,0.9174311926605352,92,0
46.34,stage1,0.9174311926605352,92,0
46.35,stage1,0.9174311926605352,92,0
46.36,stage1,0.9174311926605352,92,0
46.37,stage1,0.9174311926605352,92,0
46.38,stage1,0.9174311926605352,92,0
46.39,stage1,0.9174311926605352,92,0
46.4,stage1,0.9174311926605352,92,0
46.41,stage1,0.9174311926605352,92,0
46.42,stage1,0.9174311926605352,92,0
46.43,stage1,0.9174311926605352,92,0
46.44,stage1,0.9174311926605352,92,0
46.45,stage1,0.9174311926605352,92,0
46.46,stage1,0.9174311926605352,92,0
46.47,stage1,0.9174311926605352,92,0
46.48,stage1,0.9174311926605352,92,0
46.49,stage1,0.9174311926605352,92,0
46.5,stage1,0.9174311926605352,92,0
46.51,stage1,0.9174311926605352,92,0
46.52,stage1,0.9174311926605352,92,0
46.53,stage1,0.9174311926605352,92,0
46.54,stage1,0.9174311926605352,92,0
46.55,stage1,0.9174311926605352,92,0
46.56,stage1,0.9174311926605352,92,0
46.57,stage1,0.9174311926605352,92,0
46.58,stage1,0.9174311926605352,92,0
46.59,stage1,0.9174311926605352,92,0
46.6,stage1,0.9174311926605352,92,0
46.61,stage1,0.9174311926605352,92,0
46.62,stage1,0.9174311926605352,92,0
46.63,stage1,0.9174311926605352,92,0
46.64,stage1,0.9174311926605352,92,0
46.65,stage1,0.9174311926605352,92,0
46.66,stage1,0.9174311926605352,92,0
46.67,stage1,0.9174311926605352,92,0
46.68,stage1,0.9174311926605352,92,0
46.69,stage1,0.9174311926605352,92,0
46.7,stage1,0.9174311926605352,92,0
46.71,stage1,0.9174311926605352,92,0
46.72,stage1,0.9174311926605352,92,0
46.73,stage1,0.9174311926605352,92,0
46.74,stage1,0.9174311926605352,92,0
46.75,stage1,0.9174311926605352,92,0
46.76,stage1,0.9174311926605352,92,0
46.77,stage1,0.9174311926605352,92,0
46.78,stage1,0.9174311926605352,92,0
46.79,stage1,0.9174311926605352,92,0
46.8,stage1,0.9174311926605352,92,0
46.81,stage1,0.9174311926605352,92,0
46.82,stage1,0.9174311926605352,92,0
46.83,stage1,0.9174311926605352,92,0
46.84,stage1,0.9174311926605352,92,0
46.85,stage1,0.9174311926605352,92,0
46.86,stage1,0.9174311926605352,92,0
46.87,stage1,0.9174311926605352,92,0
46.88,stage1,0.9174311926605352,92,0
46.89,stage1,0.9174311926605352,92,0
46.9,stage1,0.9174311926605352,92,0
46.91,stage1,0.9174311926605352,92,0
46.92,stage1,0.9174311926605352,92,0
46.93,stage1,0.9174311926605352,92,0
46.94,stage1,0.9174311926605352,92,0
46.95,stage1,0.9174311926605352,92,0
46.96,stage1,0.9174311926605352,92,0
46.97,stage1,0.9174311926605352,92,0
46.98,stage1,0.9174311926605352,92,0
46.99,stage1,0.9174311926605352,92,0
47.0,stage1,0.9174311926605352,92,0
47.01,stage1,0.9174311926605352,92,0
47.02,stage1,0.9174311926605352,92,0
47.03,stage1,0.9174311926605352,92,0
47.04,stage1,0.9174311926605352,92,0
47.05,stage1,0.9174311926605352,92,0
47.06,stage1,0.9174311926605352,92,0
47.07,stage1,0.9174311926605352,92,0
47.08,stage1,0.9174311926605352,92,0
47.09,stage1,0.9174311926605352,92,0
47.1,stage1,0.9174311926605352,92,0
47.11,stage1,0.9174311926605352,92,0
47.12,stage1,0.9174311926605352,92,0
47.13,stage1,0.9174311926605352,92,0
47.14,stage1,0.9174311926605352,92,0
47.15,stage1,0.9174311926605352,92,0
47.16,stage1,0.9174311926605352,92,0
47.17,stage1,0.9174311926605352,92,0
47.18,stage1,0.9174311926605352,92,0
47.19,stage1,0.9174311926605352,92,0
47.2,stage1,0.9174311926605352,92,0
47.21,stage1,0.9174311926605352,92,0
47.22,stage1,0.9174311926605352,92,0
47.23,stage1,0.9174311926605352,92,0
47.24,stage1,0.9174311926605352,92,0
47.25,stage1,0.9174311926605352,92,0
47.26,stage1,0.9174311926605352,92,0
47.27,stage1,0.9174311926605352,92,0
47.28,stage1,0.9174311926605352,92,0
47.29,stage1,0.9174311926605352,92,0
47.3,stage1,0.9174311926605352,92,0
47.31,stage1,0.9174311926605352,92,0
47.32,stage1,0.9174311926605352,92,0
47.33,stage1,0.9174311926605352,92,0
47.34,stage1,0.9174311926605352,92,0
47.35,stage1,0.9174311926605352,92,0
47.36,stage1,0.9174311926605352,92,0
47.37,stage1,0.9174311926605352,92,0
47.38,stage1,0.9174311926605352,92,0
47.39,stage1,0.9174311926605352,92,0
47.4,stage1,0.9174311926605352,92,0
47.41,stage1,0.9174311926605352,92,0
47.42,stage1,0.9174311926605352,92,0
47.43,stage1,0.9174311926605352,92,0
47.44,stage1,0.9174311926605352,92,0
47.45,stage1,0.9174311926605352,92,0
47.46,stage1,0.9174311926605352,92,0
47.47,stage1,0.9174311926605352,92,0
47.48,stage1,0.9174311926605352,92,0
47.49,stage1,0.9174311926605352,92,0
47.5,stage1,0.9174311926605352,92,0
47.51,stage1,0.9174311926605352,92,0
47.52,stage1,0.9174311926605352,92,0
47.53,stage1,0.9174311926605352,92,0
47.54,stage1,0.9174311926605352,92,0
47.55,stage1,0.9174311926605352,92,0
47.56,stage1,0.9174311926605352,92,0
47.57,stage1,0.9174311926605352,92,0
47.58,stage1,0.9174311926605352,92,0
47.59,stage1,0.9174311926605352,92,0
47.6,stage1,0.9174311926605352,92,0
47.61,stage1,0.9174311926605352,92,0
47.62,stage1,0.9174311926605352,92,0
47.63,stage1,0.9174311926605352,92,0
47.64,stage1,0.9174311926605352,92,0
47.65,stage1,0.9174311926605352,92,0
47.66,stage1,0.9174311926605352,92,0
47.67,stage1,0.9174311926605352,92,0
47.68,stage1,0.9174311926605352,92,0
47.69,stage1,0.9174311926605352,92,0
47.7,stage1,0.9174311926605352,92,0
47.71,stage1,0.9174311926605352,92,0
47.72,stage1,0.9174311926605352,92,0
47.73,stage1,0.9174311926605352,92,0
47.74,stage1,0.9174311926605352,92,0
47.75,stage1,0.9174311926605352,92,0
47.76,stage1,0.9174311926605352,92,0
47.77,stage1,0.9174311926605352,92,0
47.78,stage1,0.9174311926605352,92,0
47.79,stage1,0.9174311926605352,92,0
47.8,stage1,0.9174311926605352,92,0
47.81,stage1,0.9174311926605352,92,0
47.82,stage1,0.9174311926605352,92,0
47.83,stage1,0.9174311926605352,92,0
47.84,stage1,0.9174311926605352,92,0
47.85,stage1,0.9174311926605352,92,0
47.86,stage1,0.9174311926605352,92,0
47.87,stage1,0.9174311926605352,92,0
47.88,stage1,0.9174311926605352,92,0
47.89,stage1,0.9174311926605352,92,0
47.9,stage1,0.9174311926605352,92,0
47.91,stage1,0.9174311926605352,92,0
47.92,stage1,0.9174311926605352,92,0
47.93,stage1,0.9174311926605352,92,0
47.94,stage1,0.9174311926605352,92,0
47.95,stage1,0.9174311926605352,92,0
47.96,stage1,0.9174311926605352,92,0
47.97,stage1,0.9174311926605352,92,0
47.98,stage1,0.9174311926605352,92,0
47.99,stage1,0.9174311926605352,92,0
48.0,stage1,0.9174311926605352,92,0
48.01,stage1,0.9174311926605352,92,0
48.02,stage1,0.9174311926605352,92,0
48.03,stage1,0.9174311926605352,92,0
48.04,stage1,0.9174311926605352,92,0
48.05,stage1,0.9174311926605352,92,0
48.06,stage1,0.9174311926605352,92,0
48.07,stage1,0.9174311926605352,92,0
48.08,stage1,0.9174311926605352,92,0
48.09,stage1,0.9174311926605352,92,0
48.1,stage1,0.9174311926605352,92,0
48.11,stage1,0.9174311926605352,92,0
48.12,stage1,0.9174311926605352,92,0
48.13,stage1,0.9174311926605352,92,0
48.14,stage1,0.9174311926605352,92,0
48.15,stage1,0.9174311926605352,92,0
48.16,stage1,0.9174311926605352,92,0
48.17,stage1,0.9174311926605352,92,0
48.18,stage1,0.9174311926605352,92,0
48.19,stage1,0.9174311926605352,92,0
48.2,stage1,0.9174311926605352,92,0
48.21,stage1,0.9174311926605352,92,0
48.22,stage1,0.9174311926605352,92,0
48.23,stage1,0.9174311926605352,92,0
48.24,stage1,0.9174311926605352,92,0
48.25,stage1,0.9174311926605352,92,0
48.26,stage1,0.9174311926605352,92,0
48.27,stage1,0.9174311926605352,92,0
48.28,stage1,0.9174311926605352,92,0
48.29,stage1,0.9174311926605352,92,0
48.3,stage1,0.9174311926605352,92,0
48.31,stage1,0.9174311926605352,92,0
48.32,stage1,0.9174311926605352,92,0
48.33,stage1,0.9174311926605352,92,0
48.34,stage1,0.9174311926605352,92,0
48.35,stage1,0.9174311926605352,92,0
48.36,stage1,0.9174311926605352,92,0
48.37,stage1,0.9174311926605352,92,0
48.38,stage1,0.9174311926605352,92,0
48.39,stage1,0.9174311926605352,92,0
48.4,stage1,0.9174311926605352,92,0
48.41,stage1,0.9174311926605352,92,0
48.42,stage1,0.9174311926605352,92,0
48.43,stage1,0.9174311926605352,92,0
48.44,stage1,0.9174311926605352,92,0
48.45,stage1,0.9174311926605352,92,0
48.46,stage1,0.9174311926605352,92,0
48.47,stage1,0.9174311926605352,92,0
48.48,stage1,0.9174311926605352,92,0
48.49,stage1,0.9174311926605352,92,0
48.5,stage1,0.9174311926605352,92,0
48.51,stage1,0.9174311926605352,92,0
48.52,stage1,0.9174311926605352,92,0
48.53,stage1,0.9174311926605352,92,0
48.54,stage1,0.9174311926605352,92,0
48.55,stage1,0.9174311926605352,92,0
48.56,stage1,0.9174311926605352,92,0
48.57,stage1,0.9174311926605352,92,0
48.58,stage1,0.9174311926605352,92,0
48.59,stage1,0.9174311926605352,92,0
48.6,stage1,0.9174311926605352,92,0
48.61,stage1,0.9174311926605352,92,0
48.62,stage1,0.9174311926605352,92,0
48.63,stage1,0.9174311926605352,92,0
48.64,stage1,0.9174311926605352,92,0
48.65,stage1,0.9174311926605352,92,0
48.66,stage1,0.9174311926605352,92,0
48.67,stage1,0.9174311926605352,92,0
48.68,stage1,0.9174311926605352,92,0
48.69,stage1,0.9174311926605352,92,0
48.7,stage1,0.9174311926605352,92,0
48.71,stage1,0.9174311926605352,92,0
48.72,stage1,0.9174311926605352,92,0
48.73,stage1,0.9174311926605352,92,0
48.74,stage1,0.9174311926605352,92,0
48.75,stage1,0.9174311926605352,92,0
48.76,stage1,0.9174311926605352,92,0
48.77,stage1,0.9174311926605352,92,0
48.78,stage1,0.9174311926605352,92,0
48.79,stage1,0.9174311926605352,92,0
48.8,stage1,0.9174311926605352,92,0
48.81,stage1,0.9174311926605352,92,0
48.82,stage1,0.9174311926605352,92,0
48.83,stage1,0.9174311926605352,92,0
48.84,stage1,0.9174311926605352,92,0
48.85,stage1,0.9174311926605352,92,0
48.86,stage1,0.9174311926605352,92,0
48.87,stage1,0.9174311926605352,92,0
48.88,stage1,0.9174311926605352,92,0
48.89,stage1,0.9174311926605352,92,0
48.9,stage1,0.9174311926605352,92,0
48.91,stage1,0.9174311926605352,92,0
48.92,stage1,0.9174311926605352,92,0
48.93,stage1,0.9174311926605352,92,0
48.94,stage1,0.9174311926605352,92,0
48.95,stage1,0.9174311926605352,92,0
48.96,stage1,0.9174311926605352,92,0
48.97,stage1,0.9174311926605352,92,0
48.98,stage1,0.9174311926605352,92,0
48.99,stage1,0.9174311926605352,92,0
49.0,stage1,0.9174311926605352,92,0
49.01,stage1,0.9174311926605352,92,0
49.02,stage1,0.9174311926605352,92,0
49.03,stage1,0.9174311926605352,92,0
49.04,stage1,0.9174311926605352,92,0
49.05,stage1,0.9174311926605352,92,0
49.06,stage1,0.9174311926605352,92,0
49.07,stage1,0.9174311926605352,92,0
49.08,stage1,0.9174311926605352,92,0
49.09,stage1,0.9174311926605352,92,0
49.1,stage1,0.9174311926605352,92,0
49.11,stage1,0.9174311926605352,92,0
49.12,stage1,0.9174311926605352,92,0
49.13,stage1,0.9174311926605352,92,0
49.14,stage1,0.9174311926605352,92,0
49.15,stage1,0.9174311926605352,92,0
49.16,stage1,0.9174311926605352,92,0
49.17,stage1,0.9174311926605352,92,0
49.18,stage1,0.9174311926605352,92,0
49.19,stage1,0.9174311926605352,92,0
49.2,stage1,0.9174311926605352,92,0
49.21,stage1,0.9174311926605352,92,0
49.22,stage1,0.9174311926605352,92,0
49.23,stage1,0.9174311926605352,92,0
49.24,stage1,0.9174311926605352,92,0
49.25,stage1,0.9174311926605352,92,0
49.26,stage1,0.9174311926605352,92,0
49.27,stage1,0.9174311926605352,92,0
49.28,stage1,0.9174311926605352,92,0
49.29,stage1,0.9174311926605352,92,0
49.3,stage1,0.9174311926605352,92,0
49.31,stage1,0.9174311926605352,92,0
49.32,stage1,0.9174311926605352,92,0
49.33,stage1,0.9174311926605352,92,0
49.34,stage1,0.9174311926605352,92,0
49.35,stage1,0.9174311926605352,92,0
49.36,stage1,0.9174311926605352,92,0
49.37,stage1,0.9174311926605352,92,0
49.38,stage1,0.9174311926605352,92,0
49.39,stage1,0.9174311926605352,92,0
49.4,stage1,0.9174311926605352,92,0
49.41,stage1,0.9174311926605352,92,0
49.42,stage1,0.9174311926605352,92,0
49.43,stage1,0.9174311926605352,92,0
49.44,stage1,0.9174311926605352,92,0
49.45,stage1,0.9174311926605352,92,0
49.46,stage1,0.9174311926605352,92,0
49.47,stage1,0.9174311926605352,92,0
49.48,stage1,0.9174311926605352,92,0
49.49,stage1,0.9174311926605352,92,0
49.5,stage1,0.9174311926605352,92,0
49.51,stage1,0.9174311926605352,92,0
49.52,stage1,0.9174311926605352,92,0
49.53,stage1,0.9174311926605352,92,0
49.54,stage1,0.9174311926605352,92,0
49.55,stage1,0.9174311926605352,92,0
49.56,stage1,0.9174311926605352,92,0
49.57,stage1,0.9174311926605352,92,0
49.58,stage1,0.9174311926605352,92,0
49.59,stage1,0.9174311926605352,92,0
49.6,stage1,0.9174311926605352,92,0
49.61,stage1,0.9174311926605352,92,0
49.62,stage1,0.9174311926605352,92,0
49.63,stage1,0.9174311926605352,92,0
49.64,stage1,0.9174311926605352,92,0
49.65,stage1,0.9174311926605352,92,0
49.66,stage1,0.9174311926605352,92,0
49.67,stage1,0.9174311926605352,92,0
49.68,stage1,0.9174311926605352,92,0
49.69,stage1,0.9174311926605352,92,0
49.7,stage1,0.9174311926605352,92,0
49.71,stage1,0.9174311926605352,92,0
49.72,stage1,0.9174311926605352,92,0
49.73,stage1,0.9174311926605352,92,0
49.74,stage1,0.9174311926605352,92,0
49.75,stage1,0.9174311926605352,92,0
49.76,stage1,0.9174311926605352,92,0
49.77,stage1,0.9174311926605352,92,0
49.78,stage1,0.9174311926605352,92,0
49.79,stage1,0.9174311926605352,92,0
49.8,stage1,0.9174311926605352,92,0
49.81,stage1,0.9174311926605352,92,0
49.82,stage1,0.9174311926605352,92,0
49.83,stage1,0.9174311926605352,92,0
49.84,stage1,0.9174311926605352,92,0
49.85,stage1,0.9174311926605352,92,0
49.86,stage1,0.9174311926605352,92,0
49.87,stage1,0.9174311926605352,92,0
49.88,stage1,0.9174311926605352,92,0
49.89,stage1,0.9174311926605352,92,0
49.9,stage1,0.9174311926605352,92,0
49.91,stage1,0.9174311926605352,92,0
49.92,stage1,0.9174311926605352,92,0
49.93,stage1,0.9174311926605352,92,0
49.94,stage1,0.9174311926605352,92,0
49.95,stage1,0.9174311926605352,92,0
49.96,stage1,0.9174311926605352,92,0
49.97,stage1,0.9174311926605352,92,0
49.98,stage1,0.9174311926605352,92,0
49.99,stage1,0.9174311926605352,92,0
50.0,stage1,0.9174311926605352,92,0
50.01,stage1,0.9174311926605352,92,0
50.02,stage1,0.9174311926605352,92,0
50.03,stage1,0.9174311926605352,92,0
50.04,stage1,0.9174311926605352,92,0
50.05,stage1,0.9174311926605352,92,0
50.06,stage1,0.9174311926605352,92,0
50.07,stage1,0.9174311926605352,92,0
50.08,stage1,0.9174311926605352,92,0
50.09,stage1,0.9174311926605352,92,0
50.1,stage1,0.9174311926605352,92,0
50.11,stage1,0.9174311926605352,92,0
50.12,stage1,0.9174311926605352,92,0
50.13,stage1,0.9174311926605352,92,0
50.14,stage1,0.9174311926605352,92,0
50.15,stage1,0.9174311926605352,92,0
50.16,stage1,0.9174311926605352,92,0
50.17,stage1,0.9174311926605352,92,0
50.18,stage1,0.9174311926605352,92,0
50.19,stage1,0.9174311926605352,92,0
50.2,stage1,0.9174311926605352,92,0
50.21,stage1,0.9174311926605352,92,0
50.22,stage1,0.9174311926605352,92,0
50.23,stage1,0.9174311926605352,92,0
50.24,stage1,0.9174311926605352,92,0
50.25,stage1,0.9174311926605352,92,0
50.26,stage1,0.9174311926605352,92,0
50.27,stage1,0.9174311926605352,92,0
50.28,stage1,0.9174311926605352,92,0
50.29,stage1,0.9174311926605352,92,0
50.3,stage1,0.9174311926605352,92,0
50.31,stage1,0.9174311926605352,92,0
50.32,stage1,0.9174311926605352,92,0
50.33,stage1,0.9174311926605352,92,0
50.34,stage1,0.9174311926605352,92,0
50.35,stage1,0.9174311926605352,92,0
50.36,stage1,0.9174311926605352,92,0
50.37,stage1,0.9174311926605352,92,0
50.38,stage1,0.9174311926605352,92,0
50.39,stage1,0.9174311926605352,92,0
50.4,stage1,0.9174311926605352,92,0
50.41,stage1,0.9174311926605352,92,0
50.42,stage1,0.9174311926605352,92,0
50.43,stage1,0.9174311926605352,92,0
50.44,stage1,0.9174311926605352,92,0
50.45,stage1,0.9174311926605352,92,0
50.46,stage1,0.9174311926605352,92,0
50.47,stage1,0.9174311926605352,92,0
50.48,stage1,0.9174311926605352,92,0
50.49,stage1,0.9174311926605352,92,0
50.5,stage1,0.9174311926605352,92,0
50.51,stage1,0.9174311926605352,92,0
50.52,stage1,0.9174311926605352,92,0
50.53,stage1,0.9174311926605352,92,0
50.54,stage1,0.9174311926605352,92,0
50.55,stage1,0.9174311926605352,92,0
50.56,stage1,0.9174311926605352,92,0
50.57,stage1,0.9174311926605352,92,0
50.58,stage1,0.9174311926605352,92,0
50.59,stage1,0.9174311926605352,92,0
50.6,stage1,0.9174311926605352,92,0
50.61,stage1,0.9174311926605352,92,0
50.62,stage1,0.9174311926605352,92,0
50.63,stage1,0.9174311926605352,92,0
50.64,stage1,0.9174311926605352,92,0
50.65,stage1,0.9174311926605352,92,0
50.66,stage1,0.9174311926605352,92,0
50.67,stage1,0.9174311926605352,92,0
50.68,stage1,0.9174311926605352,92,0
50.69,stage1,0.9174311926605352,92,0
50.7,stage1,0.9174311926605352,92,0
50.71,stage1,0.9174311926605352,92,0
50.72,stage1,0.9174311926605352,92,0
50.73,stage1,0.9174311926605352,92,0
50.74,stage1,0.9174311926605352,92,0
50.75,stage1,0.9174311926605352,92,0
50.76,stage1,0.9174311926605352,92,0
50.77,stage1,0.9174311926605352,92,0
50.78,stage1,0.9174311926605352,92,0
50.79,stage1,0.9174311926605352,92,0
50.8,stage1,0.9174311926605352,92,0
50.81,stage1,0.9174311926605352,92,0
50.82,stage1,0.9174311926605352,92,0
50.83,stage1,0.9174311926605352,92,0
50.84,stage1,0.9174311926605352,92,0
50.85,stage1,0.9174311926605352,92,0
50.86,stage1,0.9174311926605352,92,0
50.87,stage1,0.9174311926605352,92,0
50.88,stage1,0.9174311926605352,92,0
50.89,stage1,0.9174311926605352,92,0
50.9,stage1,0.9174311926605352,92,0
50.91,stage1,0.9174311926605352,92,0
50.92,stage1,0.9174311926605352,92,0
50.93,stage1,0.9174311926605352,92,0
50.94,stage1,0.9174311926605352,92,0
50.95,stage1,0.9174311926605352,92,0
50.96,stage1,0.9174311926605352,92,0
50.97,stage1,0.9174311926605352,92,0
50.98,stage1,0.9174311926605352,92,0
50.99,stage1,0.9174311926605352,92,0
51.0,stage1,0.9174311926605352,92,0
51.01,stage1,0.9174311926605352,92,0
51.02,stage1,0.9174311926605352,92,0
51.03,stage1,0.9174311926605352,92,0
51.04,stage1,0.9174311926605352,92,0
51.05,stage1,0.9174311926605352,92,0
51.06,stage1,0.9174311926605352,92,0
51.07,stage1,0.9174311926605352,92,0
51.08,stage1,0.9174311926605352,92,0
51.09,stage1,0.9174311926605352,92,0
51.1,stage1,0.9174311926605352,92,0
51.11,stage1,0.9174311926605352,92,0
51.12,stage1,0.9174311926605352,92,0
51.13,stage1,0.9174311926605352,92,0
51.14,stage1,0.9174311926605352,92,0
51.15,stage1,0.9174311926605352,92,0
51.16,stage1,0.9174311926605352,92,0
51.17,stage1,0.9174311926605352,92,0
51.18,stage1,0.9174311926605352,92,0
51.19,stage1,0.9174311926605352,92,0
51.2,stage1,0.9174311926605352,92,0
51.21,stage1,0.9174311926605352,92,0
51.22,stage1,0.9174311926605352,92,0
51.23,stage1,0.9174311926605352,92,0
51.24,stage1,0.9174311926605352,92,0
51.25,stage1,0.9174311926605352,92,0
51.26,stage1,0.9174311926605352,92,0
51.27,stage1,0.9174311926605352,92,0
51.28,stage1,0.9174311926605352,92,0
51.29,stage1,0.9174311926605352,92,0
51.3,stage1,0.9174311926605352,92,0
51.31,stage1,0.9174311926605352,92,0
51.32,stage1,0.9174311926605352,92,0
51.33,stage1,0.9174311926605352,92,0
51.34,stage1,0.9174311926605352,92,0
51.35,stage1,0.9174311926605352,92,0
51.36,stage1,0.9174311926605352,92,0
51.37,stage1,0.9174311926605352,92,0
51.38,stage1,0.9174311926605352,92,0
51.39,stage1,0.9174311926605352,92,0
51.4,stage1,0.9174311926605352,92,0
51.41,stage1,0.9174311926605352,92,0
51.42,stage1,0.9174311926605352,92,0
51.43,stage1,0.9174311926605352,92,0
51.44,stage1,0.9174311926605352,92,0
51.45,stage1,0.9174311926605352,92,0
51.46,stage1,0.9174311926605352,92,0
51.47,stage1,0.9174311926605352,92,0
51.48,stage1,0.9174311926605352,92,0
51.49,stage1,0.9174311926605352,92,0
51.5,stage1,0.9174311926605352,92,0
51.51,stage1,0.9174311926605352,92,0
51.52,stage1,0.9174311926605352,92,0
51.53,stage1,0.9174311926605352,92,0
51.54,stage1,0.9174311926605352,92,0
51.55,stage1,0.9174311926605352,92,0
51.56,stage1,0.9174311926605352,92,0
51.57,stage1,0.9174311926605352,92,0
51.58,stage1,0.9174311926605352,92,0
51.59,stage1,0.9174311926605352,92,0
51.6,stage1,0.9174311926605352,92,0
51.61,stage1,0.9174311926605352,92,0
51.62,stage1,0.9174311926605352,92,0
51.63,stage1,0.9174311926605352,92,0
51.64,stage1,0.9174311926605352,92,0
51.65,stage1,0.9174311926605352,92,0
51.66,stage1,0.9174311926605352,92,0
51.67,stage1,0.9174311926605352,92,0
51.68,stage1,0.9174311926605352,92,0
51.69,stage1,0.9174311926605352,92,0
51.7,stage1,0.9174311926605352,92,0
51.71,stage1,0.9174311926605352,92,0
51.72,stage1,0.9174311926605352,92,0
51.73,stage1,0.9174311926605352,92,0
51.74,stage1,0.9174311926605352,92,0
51.75,stage1,0.9174311926605352,92,0
51.76,stage1,0.9174311926605352,92,0
51.77,stage1,0.9174311926605352,92,0
51.78,stage1,0.9174311926605352,92,0
51.79,stage1,0.9174311926605352,92,0
51.8,stage1,0.9174311926605352,92,0
51.81,stage1,0.9174311926605352,92,0
51.82,stage1,0.9174311926605352,92,0
51.83,stage1,0.9174311926605352,92,0
51.84,stage1,0.9174311926605352,92,0
51.85,stage1,0.9174311926605352,92,0
51.86,stage1,0.9174311926605352,92,0
51.87,stage1,0.9174311926605352,92,0
51.88,stage1,0.9174311926605352,92,0
51.89,stage1,0.9174311926605352,92,0
51.9,stage1,0.9174311926605352,92,0
51.91,stage1,0.9174311926605352,92,0
51.92,stage1,0.9174311926605352,92,0
51.93,stage1,0.9174311926605352,92,0
51.94,stage1,0.9174311926605352,92,0
51.95,stage1,0.9174311926605352,92,0
51.96,stage1,0.9174311926605352,92,0
51.97,stage1,0.9174311926605352,92,0
51.98,stage1,0.9174311926605352,92,0
51.99,stage1,0.9174311926605352,92,0
52.0,stage1,0.9174311926605352,92,0
52.01,stage1,0.9174311926605352,92,0
52.02,stage1,0.9174311926605352,92,0
52.03,stage1,0.9174311926605352,92,0
52.04,stage1,0.9174311926605352,92,0
52.05,stage1,0.9174311926605352,92,0
52.06,stage1,0.9174311926605352,92,0
52.07,stage1,0.9174311926605352,92,0
52.08,stage1,0.9174311926605352,92,0
52.09,stage1,0.9174311926605352,92,0
52.1,stage1,0.9174311926605352,92,0
52.11,stage1,0.9174311926605352,92,0
52.12,stage1,0.9174311926605352,92,0
52.13,stage1,0.9174311926605352,92,0
52.14,stage1,0.9174311926605352,92,0
52.15,stage1,0.9174311926605352,92,0
52.16,stage1,0.9174311926605352,92,0
52.17,stage1,0.9174311926605352,92,0
52.18,stage1,0.9174311926605352,92,0
52.19,stage1,0.9174311926605352,92,0
52.2,stage1,0.9174311926605352,92,0
52.21,stage1,0.9174311926605352,92,0
52.22,stage1,0.9174311926605352,92,0
52.23,stage1,0.9174311926605352,92,0
52.24,stage1,0.9174311926605352,92,0
52.25,stage1,0.9174311926605352,92,0
52.26,stage1,0.9174311926605352,92,0
52.27,stage1,0.9174311926605352,92,0
52.28,stage1,0.9174311926605352,92,0
52.29,stage1,0.9174311926605352,92,0
52.3,stage1,0.9174311926605352,92,0
52.31,stage1,0.9174311926605352,92,0
52.32,stage1,0.9174311926605352,92,0
52.33,stage1,0.9174311926605352,92,0
52.34,stage1,0.9174311926605352,92,0
52.35,stage1,0.9174311926605352,92,0
52.36,stage1,0.9174311926605352,92,0
52.37,stage1,0.9174311926605352,92,0
52.38,stage1,0.9174311926605352,92,0
52.39,stage1,0.9174311926605352,92,0
52.4,stage1,0.9174311926605352,92,0
52.41,stage1,0.9174311926605352,92,0
52.42,stage1,0.9174311926605352,92,0
52.43,stage1,0.9174311926605352,92,0
52.44,stage1,0.9174311926605352,92,0
52.45,stage1,0.9174311926605352,92,0
52.46,stage1,0.9174311926605352,92,0
52.47,stage1,0.9174311926605352,92,0
52.48,stage1,0.9174311926605352,92,0
52.49,stage1,0.9174311926605352,92,0
52.5,stage1,0.9174311926605352,92,0
52.51,stage1,0.9174311926605352,92,0
52.52,stage1,0.9174311926605352,92,0
52.53,stage1,0.9174311926605352,92,0
52.54,stage1,0.9174311926605352,92,0
52.55,stage1,0.9174311926605352,92,0
52.56,stage1,0.9174311926605352,92,0
52.57,stage1,0.9174311926605352,92,0
52.58,stage1,0.9174311926605352,92,0
52.59,stage1,0.9174311926605352,92,0
52.6,stage1,0.9174311926605352,92,0
52.61,stage1,0.9174311926605352,92,0
52.62,stage1,0.9174311926605352,92,0
52.63,stage1,0.9174311926605352,92,0
52.64,stage1,0.9174311926605352,92,0
52.65,stage1,0.9174311926605352,92,0
52.66,stage1,0.9174311926605352,92,0
52.67,stage1,0.9174311926605352,92,0
52.68,stage1,0.9174311926605352,92,0
52.69,stage1,0.9174311926605352,92,0
52.7,stage1,0.9174311926605352,92,0
52.71,stage1,0.9174311926605352,92,0
52.72,stage1,0.9174311926605352,92,0
52.73,stage1,0.9174311926605352,92,0
52.74,stage1,0.9174311926605352,92,0
52.75,stage1,0.9174311926605352,92,0
52.76,stage1,0.9174311926605352,92,0
52.77,stage1,0.9174311926605352,92,0
52.78,stage1,0.9174311926605352,92,0
52.79,stage1,0.9174311926605352,92,0
52.8,stage1,0.9174311926605352,92,0
52.81,stage1,0.9174311926605352,92,0
52.82,stage1,0.9174311926605352,92,0
52.83,stage1,0.9174311926605352,92,0
52.84,stage1,0.9174311926605352,92,0
52.85,stage1,0.9174311926605352,92,0
52.86,stage1,0.9174311926605352,92,0
52.87,stage1,0.9174311926605352,92,0
52.88,stage1,0.9174311926605352,92,0
52.89,stage1,0.9174311926605352,92,0
52.9,stage1,0.9174311926605352,92,0
52.91,stage1,0.9174311926605352,92,0
52.92,stage1,0.9174311926605352,92,0
52.93,stage1,0.9174311926605352,92,0
52.94,stage1,0.9174311926605352,92,0
52.95,stage1,0.9174311926605352,92,0
52.96,stage1,0.9174311926605352,92,0
52.97,stage1,0.9174311926605352,92,0
52.98,stage1,0.9174311926605352,92,0
52.99,stage1,0.9174311926605352,92,0
53.0,stage1,0.9174311926605352,92,0
53.01,stage1,0.9174311926605352,92,0
53.02,stage1,0.9174311926605352,92,0
53.03,stage1,0.9174311926605352,92,0
53.04,stage1,0.9174311926605352,92,0
53.05,stage1,0.9174311926605352,92,0
53.06,stage1,0.9174311926605352,92,0
53.07,stage1,0.9174311926605352,92,0
53.08,stage1,0.9174311926605352,92,0
53.09,stage1,0.9174311926605352,92,0
53.1,stage1,0.9174311926605352,92,0
53.11,stage1,0.9174311926605352,92,0
53.12,stage1,0.9174311926605352,92,0
53.13,stage1,0.9174311926605352,92,0
53.14,stage1,0.9174311926605352,92,0
53.15,stage1,0.9174311926605352,92,0
53.16,stage1,0.9174311926605352,92,0
53.17,stage1,0.9174311926605352,92,0
53.18,stage1,0.9174311926605352,92,0
53.19,stage1,0.9174311926605352,92,0
53.2,stage1,0.9174311926605352,92,0
53.21,stage1,0.9174311926605352,92,0
53.22,stage1,0.9174311926605352,92,0
53.23,stage1,0.9174311926605352,92,0
53.24,stage1,0.9174311926605352,92,0
53.25,stage1,0.9174311926605352,92,0
53.26,stage1,0.9174311926605352,92,0
53.27,stage1,0.9174311926605352,92,0
53.28,stage1,0.9174311926605352,92,0
53.29,stage1,0.9174311926605352,92,0
53.3,stage1,0.9174311926605352,92,0
53.31,stage1,0.9174311926605352,92,0
53.32,stage1,0.9174311926605352,92,0
53.33,stage1,0.9174311926605352,92,0
53.34,stage1,0.9174311926605352,92,0
53.35,stage1,0.9174311926605352,92,0
53.36,stage1,0.9174311926605352,92,0
53.37,stage1,0.9174311926605352,92,0
53.38,stage1,0.9174311926605352,92,0
53.39,stage1,0.9174311926605352,92,0
53.4,stage1,0.9174311926605352,92,0
53.41,stage1,0.9174311926605352,92,0
53.42,stage1,0.9174311926605352,92,0
53.43,stage1,0.9174311926605352,92,0
53.44,stage1,0.9174311926605352,92,0
53.45,stage1,0.9174311926605352,92,0
53.46,stage1,0.9174311926605352,92,0
53.47,stage1,0.9174311926605352,92,0
53.48,stage1,0.9174311926605352,92,0
53.49,stage1,0.9174311926605352,92,0
53.5,stage1,0.9174311926605352,92,0
53.51,stage1,0.9174311926605352,92,0
53.52,stage1,0.9174311926605352,92,0
53.53,stage1,0.9174311926605352,92,0
53.54,stage1,0.9174311926605352,92,0
53.55,stage1,0.9174311926605352,92,0
53.56,stage1,0.9174311926605352,92,0
53.57,stage1,0.9174311926605352,92,0
53.58,stage1,0.9174311926605352,92,0
53.59,stage1,0.9174311926605352,92,0
53.6,stage1,0.9174311926605352,92,0
53.61,stage1,0.9174311926605352,92,0
53.62,stage1,0.9174311926605352,92,0
53.63,stage1,0.9174311926605352,92,0
53.64,stage1,0.9174311926605352,92,0
53.65,stage1,0.9174311926605352,92,0
53.66,stage1,0.9174311926605352,92,0
53.67,stage1,0.9174311926605352,92,0
53.68,stage1,0.9174311926605352,92,0
53.69,stage1,0.9174311926605352,92,0
53.7,stage1,0.9174311926605352,92,0
53.71,stage1,0.9174311926605352,92,0
53.72,stage1,0.9174311926605352,92,0
53.73,stage1,0.9174311926605352,92,0
53.74,stage1,0.9174311926605352,92,0
53.75,stage1,0.9174311926605352,92,0
53.76,stage1,0.9174311926605352,92,0
53.77,stage1,0.9174311926605352,92,0
53.78,stage1,0.9174311926605352,92,0
53.79,stage1,0.9174311926605352,92,0
53.8,stage1,0.9174311926605352,92,0
53.81,stage1,0.9174311926605352,92,0
53.82,stage1,0.9174311926605352,92,0
53.83,stage1,0.9174311926605352,92,0
53.84,stage1,0.9174311926605352,92,0
53.85,stage1,0.9174311926605352,92,0
53.86,stage1,0.9174311926605352,92,0
53.87,stage1,0.9174311926605352,92,0
53.88,stage1,0.9174311926605352,92,0
53.89,stage1,0.9174311926605352,92,0
53.9,stage1,0.9174311926605352,92,0
53.91,stage1,0.9174311926605352,92,0
53.92,stage1,0.9174311926605352,92,0
53.93,stage1,0.9174311926605352,92,0
53.94,stage1,0.9174311926605352,92,0
53.95,stage1,0.9174311926605352,92,0
53.96,stage1,0.9174311926605352,92,0
53.97,stage1,0.9174311926605352,92,0
53.98,stage1,0.9174311926605352,92,0
53.99,stage1,0.9174311926605352,92,0
54.0,stage1,0.9174311926605352,92,0
54.01,stage1,0.9174311926605352,92,0
54.02,stage1,0.9174311926605352,92,0
54.03,stage1,0.9174311926605352,92,0
54.04,stage1,0.9174311926605352,92,0
54.05,stage1,0.9174311926605352,92,0
54.06,stage1,0.9174311926605352,92,0
54.07,stage1,0.9174311926605352,92,0
54.08,stage1,0.9174311926605352,92,0
54.09,stage1,0.9174311926605352,92,0
54.1,stage1,0.9174311926605352,92,0
54.11,stage1,0.9174311926605352,92,0
54.12,stage1,0.9174311926605352,92,0
54.13,stage1,0.9174311926605352,92,0
54.14,stage1,0.9174311926605352,92,0
54.15,stage1,0.9174311926605352,92,0
54.16,stage1,0.9174311926605352,92,0
54.17,stage1,0.9174311926605352,92,0
54.18,stage1,0.9174311926605352,92,0
54.19,stage1,0.9174311926605352,92,0
54.2,stage1,0.9174311926605352,92,0
54.21,stage1,0.9174311926605352,92,0
54.22,stage1,0.9174311926605352,92,0
54.23,stage1,0.9174311926605352,92,0
54.24,stage1,0.9174311926605352,92,0
54.25,stage1,0.9174311926605352,92,0
54.26,stage1,0.9174311926605352,92,0
54.27,stage1,0.9174311926605352,92,0
54.28,stage1,0.9174311926605352,92,0
54.29,stage1,0.9174311926605352,92,0
54.3,stage1,0.9174311926605352,92,0
54.31,stage1,0.9174311926605352,92,0
54.32,stage1,0.9174311926605352,92,0
54.33,stage1,0.9174311926605352,92,0
54.34,stage1,0.9174311926605352,92,0
54.35,stage1,0.9174311926605352,92,0
54.36,stage1,0.9174311926605352,92,0
54.37,stage1,0.9174311926605352,92,0
54.38,stage1,0.9174311926605352,92,0
54.39,stage1,0.9174311926605352,92,0
54.4,stage1,0.9174311926605352,92,0
54.41,stage1,0.9174311926605352,92,0
54.42,stage1,0.9174311926605352,92,0
54.43,stage1,0.9174311926605352,92,0
54.44,stage1,0.9174311926605352,92,0
54.45,stage1,0.9174311926605352,92,0
54.46,stage1,0.9174311926605352,92,0
54.47,stage1,0.9174311926605352,92,0
54.48,stage1,0.9174311926605352,92,0
54.49,stage1,0.9174311926605352,92,0
54.5,stage1,0.9174311926605352,92,0
54.51,stage1,0.9174311926605352,92,0
54.52,stage1,0.9174311926605352,92,0
54.53,stage1,0.9174311926605352,92,0
54.54,stage1,0.9174311926605352,92,0
54.55,stage1,0.9174311926605352,92,0
54.56,stage1,0.9174311926605352,92,0
54.57,stage1,0.9174311926605352,92,0
54.58,stage1,0.9174311926605352,92,0
54.59,stage1,0.9174311926605352,92,0
54.6,stage1,0.9174311926605352,92,0
54.61,stage1,0.9174311926605352,92,0
54.62,stage1,0.9174311926605352,92,0
54.63,stage1,0.9174311926605352,92,0
54.64,stage1,0.9174311926605352,92,0
54.65,stage1,0.9174311926605352,92,0
54.66,stage1,0.9174311926605352,92,0
54.67,stage1,0.9174311926605352,92,0
54.68,stage1,0.9174311926605352,92,0
54.69,stage1,0.9174311926605352,92,0
54.7,stage1,0.9174311926605352,92,0
54.71,stage1,0.9174311926605352,92,0
54.72,stage1,0.9174311926605352,92,0
54.73,stage1,0.9174311926605352,92,0
54.74,stage1,0.9174311926605352,92,0
54.75,stage1,0.9174311926605352,92,0
54.76,stage1,0.9174311926605352,92,0
54.77,stage1,0.9174311926605352,92,0
54.78,stage1,0.9174311926605352,92,0
54.79,stage1,0.9174311926605352,92,0
54.8,stage1,0.9174311926605352,92,0
54.81,stage1,0.9174311926605352,92,0
54.82,stage1,0.9174311926605352,92,0
54.83,stage1,0.9174311926605352,92,0
54.84,stage1,0.9174311926605352,92,0
54.85,stage1,0.9174311926605352,92,0
54.86,stage1,0.9174311926605352,92,0
54.87,stage1,0.9174311926605352,92,0
54.88,stage1,0.9174311926605352,92,0
54.89,stage1,0.9174311926605352,92,0
54.9,stage1,0.9174311926605352,92,0
54.91,stage1,0.9174311926605352,92,0
54.92,stage1,0.9174311926605352,92,0
54.93,stage1,0.9174311926605352,92,0
54.94,stage1,0.9174311926605352,92,0
54.95,stage1,0.9174311926605352,92,0
54.96,stage1,0.9174311926605352,92,0
54.97,stage1,0.9174311926605352,92,0
54.98,stage1,0.9174311926605352,92,0
54.99,stage1,0.9174311926605352,92,0
55.0,stage1,0.9174311926605352,92,0
55.01,stage1,0.9174311926605352,92,0
55.02,stage1,0.9174311926605352,92,0
55.03,stage1,0.9174311926605352,92,0
55.04,stage1,0.9174311926605352,92,0
55.05,stage1,0.9174311926605352,92,0
55.06,stage1,0.9174311926605352,92,0
55.07,stage1,0.9174311926605352,92,0
55.08,stage1,0.9174311926605352,92,0
55.09,stage1,0.9174311926605352,92,0
55.1,stage1,0.9174311926605352,92,0
55.11,stage1,0.9174311926605352,92,0
55.12,stage1,0.9174311926605352,92,0
55.13,stage1,0.9174311926605352,92,0
55.14,stage1,0.9174311926605352,92,0
55.15,stage1,0.9174311926605352,92,0
55.16,stage1,0.9174311926605352,92,0
55.17,stage1,0.9174311926605352,92,0
55.18,stage1,0.9174311926605352,92,0
55.19,stage1,0.9174311926605352,92,0
55.2,stage1,0.9174311926605352,92,0
55.21,stage1,0.9174311926605352,92,0
55.22,stage1,0.9174311926605352,92,0
55.23,stage1,0.9174311926605352,92,0
55.24,stage1,0.9174311926605352,92,0
55.25,stage1,0.9174311926605352,92,0
55.26,stage1,0.9174311926605352,92,0
55.27,stage1,0.9174311926605352,92,0
55.28,stage1,0.9174311926605352,92,0
55.29,stage1,0.9174311926605352,92,0
55.3,stage1,0.9174311926605352,92,0
55.31,stage1,0.9174311926605352,92,0
55.32,stage1,0.9174311926605352,92,0
55.33,stage1,0.9174311926605352,92,0
55.34,stage1,0.9174311926605352,92,0
55.35,stage1,0.9174311926605352,92,0
55.36,stage1,0.9174311926605352,92,0
55.37,stage1,0.9174311926605352,92,0
55.38,stage1,0.9174311926605352,92,0
55.39,stage1,0.9174311926605352,92,0
55.4,stage1,0.9174311926605352,92,0
55.41,stage1,0.9174311926605352,92,0
55.42,stage1,0.9174311926605352,92,0
55.43,stage1,0.9174311926605352,92,0
55.44,stage1,0.9174311926605352,92,0
55.45,stage1,0.9174311926605352,92,0
55.46,stage1,0.9174311926605352,92,0
55.47,stage1,0.9174311926605352,92,0
55.48,stage1,0.9174311926605352,92,0
55.49,stage1,0.9174311926605352,92,0
55.5,stage1,0.9174311926605352,92,0
55.51,stage1,0.9174311926605352,92,0
55.52,stage1,0.9174311926605352,92,0
55.53,stage1,0.9174311926605352,92,0
55.54,stage1,0.9174311926605352,92,0
55.55,stage1,0.9174311926605352,92,0
55.56,stage1,0.9174311926605352,92,0
55.57,stage1,0.9174311926605352,92,0
55.58,stage1,0.9174311926605352,92,0
55.59,stage1,0.9174311926605352,92,0
55.6,stage1,0.9174311926605352,92,0
55.61,stage1,0.9174311926605352,92,0
55.62,stage1,0.9174311926605352,92,0
55.63,stage1,0.9174311926605352,92,0
55.64,stage1,0.9174311926605352,92,0
55.65,stage1,0.9174311926605352,92,0
55.66,stage1,0.9174311926605352,92,0
55.67,stage1,0.9174311926605352,92,0
55.68,stage1,0.9174311926605352,92,0
55.69,stage1,0.9174311926605352,92,0
55.7,stage1,0.9174311926605352,92,0
55.71,stage1,0.9174311926605352,92,0
55.72,stage1,0.9174311926605352,92,0
55.73,stage1,0.9174311926605352,92,0
55.74,stage1,0.9174311926605352,92,0
55.75,stage1,0.9174311926605352,92,0
55.76,stage1,0.9174311926605352,92,0
55.77,stage1,0.9174311926605352,92,0
55.78,stage1,0.9174311926605352,92,0
55.79,stage1,0.9174311926605352,92,0
55.8,stage1,0.9174311926605352,92,0
55.81,stage1,0.9174311926605352,92,0
55.82,stage1,0.9174311926605352,92,0
55.83,stage1,0.9174311926605352,92,0
55.84,stage1,0.9174311926605352,92,0
55.85,stage1,0.9174311926605352,92,0
55.86,stage1,0.9174311926605352,92,0
55.87,stage1,0.9174311926605352,92,0
55.88,stage1,0.9174311926605352,92,0
55.89,stage1,0.9174311926605352,92,0
55.9,stage1,0.9174311926605352,92,0
55.91,stage1,0.9174311926605352,92,0
55.92,stage1,0.9174311926605352,92,0
55.93,stage1,0.9174311926605352,92,0
55.94,stage1,0.9174311926605352,92,0
55.95,stage1,0.9174311926605352,92,0
55.96,stage1,0.9174311926605352,92,0
55.97,stage1,0.9174311926605352,92,0
55.98,stage1,0.9174311926605352,92,0
55.99,stage1,0.9174311926605352,92,0
56.0,stage1,0.9174311926605352,92,0
56.01,stage1,0.9174311926605352,92,0
56.02,stage1,0.9174311926605352,92,0
56.03,stage1,0.9174311926605352,92,0
56.04,stage1,0.9174311926605352,92,0
56.05,stage1,0.9174311926605352,92,0
56.06,stage1,0.9174311926605352,92,0
56.07,stage1,0.9174311926605352,92,0
56.08,stage1,0.9174311926605352,92,0
56.09,stage1,0.9174311926605352,92,0
56.1,stage1,0.9174311926605352,92,0
56.11,stage1,0.9174311926605352,92,0
56.12,stage1,0.9174311926605352,92,0
56.13,stage1,0.9174311926605352,92,0
56.14,stage1,0.9174311926605352,92,0
56.15,stage1,0.9174311926605352,92,0
56.16,stage1,0.9174311926605352,92,0
56.17,stage1,0.9174311926605352,92,0
56.18,stage1,0.9174311926605352,92,0
56.19,stage1,0.9174311926605352,92,0
56.2,stage1,0.9174311926605352,92,0
56.21,stage1,0.9174311926605352,92,0
56.22,stage1,0.9174311926605352,92,0
56.23,stage1,0.9174311926605352,92,0
56.24,stage1,0.9174311926605352,92,0
56.25,stage1,0.9174311926605352,92,0
56.26,stage1,0.9174311926605352,92,0
56.27,stage1,0.9174311926605352,92,0
56.28,stage1,0.9174311926605352,92,0
56.29,stage1,0.9174311926605352,92,0
56.3,stage1,0.9174311926605352,92,0
56.31,stage1,0.9174311926605352,92,0
56.32,stage1,0.9174311926605352,92,0
56.33,stage1,0.9174311926605352,92,0
56.34,stage1,0.9174311926605352,92,0
56.35,stage1,0.9174311926605352,92,0
56.36,stage1,0.9174311926605352,92,0
56.37,stage1,0.9174311926605352,92,0
56.38,stage1,0.9174311926605352,92,0
56.39,stage1,0.9174311926605352,92,0
56.4,stage1,0.9174311926605352,92,0
56.41,stage1,0.9174311926605352,92,0
56.42,stage1,0.9174311926605352,92,0
56.43,stage1,0.9174311926605352,92,0
56.44,stage1,0.9174311926605352,92,0
56.45,stage1,0.9174311926605352,92,0
56.46,stage1,0.9174311926605352,92,0
56.47,stage1,0.9174311926605352,92,0
56.48,stage1,0.9174311926605352,92,0
56.49,stage1,0.9174311926605352,92,0
56.5,stage1,0.9174311926605352,92,0
56.51,stage1,0.9174311926605352,92,0
56.52,stage1,0.9174311926605352,92,0
56.53,stage1,0.9174311926605352,92,0
56.54,stage1,0.9174311926605352,92,0
56.55,stage1,0.9174311926605352,92,0
56.56,stage1,0.9174311926605352,92,0
56.57,stage1,0.9174311926605352,92,0
56.58,stage1,0.9174311926605352,92,0
56.59,stage1,0.9174311926605352,92,0
56.6,stage1,0.9174311926605352,92,0
56.61,stage1,0.9174311926605352,92,0
56.62,stage1,0.9174311926605352,92,0
56.63,stage1,0.9174311926605352,92,0
56.64,stage1,0.9174311926605352,92,0
56.65,stage1,0.9174311926605352,92,0
56.66,stage1,0.9174311926605352,92,0
56.67,stage1,0.9174311926605352,92,0
56.68,stage1,0.9174311926605352,92,0
56.69,stage1,0.9174311926605352,92,0
56.7,stage1,0.9174311926605352,92,0
56.71,stage1,0.9174311926605352,92,0
56.72,stage1,0.9174311926605352,92,0
56.73,stage1,0.9174311926605352,92,0
56.74,stage1,0.9174311926605352,92,0
56.75,stage1,0.9174311926605352,92,0
56.76,stage1,0.9174311926605352,92,0
56.77,stage1,0.9174311926605352,92,0
56.78,stage1,0.9174311926605352,92,0
56.79,stage1,0.9174311926605352,92,0
56.8,stage1,0.9174311926605352,92,0
56.81,stage1,0.9174311926605352,92,0
56.82,stage1,0.9174311926605352,92,0
56.83,stage1,0.9174311926605352,92,0
56.84,stage1,0.9174311926605352,92,0
56.85,stage1,0.9174311926605352,92,0
56.86,stage1,0.9174311926605352,92,0
56.87,stage1,0.9174311926605352,92,0
56.88,stage1,0.9174311926605352,92,0
56.89,stage1,0.9174311926605352,92,0
56.9,stage1,0.9174311926605352,92,0
56.91,stage1,0.9174311926605352,92,0
56.92,stage1,0.9174311926605352,92,0
56.93,stage1,0.9174311926605352,92,0
56.94,stage1,0.9174311926605352,92,0
56.95,stage1,0.9174311926605352,92,0
56.96,stage1,0.9174311926605352,92,0
56.97,stage1,0.9174311926605352,92,0
56.98,stage1,0.9174311926605352,92,0
56.99,stage1,0.9174311926605352,92,0
57.0,stage1,0.9174311926605352,92,0
57.01,stage1,0.9174311926605352,92,0
57.02,stage1,0.9174311926605352,92,0
57.03,stage1,0.9174311926605352,92,0
57.04,stage1,0.9174311926605352,92,0
57.05,stage1,0.9174311926605352,92,0
57.06,stage1,0.9174311926605352,92,0
57.07,stage1,0.9174311926605352,92,0
57.08,stage1,0.9174311926605352,92,0
57.09,stage1,0.9174311926605352,92,0
57.1,stage1,0.9174311926605352,92,0
57.11,stage1,0.9174311926605352,92,0
57.12,stage1,0.9174311926605352,92,0
57.13,stage1,0.9174311926605352,92,0
57.14,stage1,0.9174311926605352,92,0
57.15,stage1,0.9174311926605352,92,0
57.16,stage1,0.9174311926605352,92,0
57.17,stage1,0.9174311926605352,92,0
57.18,stage1,0.9174311926605352,92,0
57.19,stage1,0.9174311926605352,92,0
57.2,stage1,0.9174311926605352,92,0
57.21,stage1,0.9174311926605352,92,0
57.22,stage1,0.9174311926605352,92,0
57.23,stage1,0.9174311926605352,92,0
57.24,stage1,0.9174311926605352,92,0
57.25,stage1,0.9174311926605352,92,0
57.26,stage1,0.9174311926605352,92,0
57.27,stage1,0.9174311926605352,92,0
57.28,stage1,0.9174311926605352,92,0
57.29,stage1,0.9174311926605352,92,0
57.3,stage1,0.9174311926605352,92,0
57.31,stage1,0.9174311926605352,92,0
57.32,stage1,0.9174311926605352,92,0
57.33,stage1,0.9174311926605352,92,0
57.34,stage1,0.9174311926605352,92,0
57.35,stage1,0.9174311926605352,92,0
57.36,stage1,0.9174311926605352,92,0
57.37,stage1,0.9174311926605352,92,0
57.38,stage1,0.9174311926605352,92,0
57.39,stage1,0.9174311926605352,92,0
57.4,stage1,0.9174311926605352,92,0
57.41,stage1,0.9174311926605352,92,0
57.42,stage1,0.9174311926605352,92,0
57.43,stage1,0.9174311926605352,92,0
57.44,stage1,0.9174311926605352,92,0
57.45,stage1,0.9174311926605352,92,0
57.46,stage1,0.9174311926605352,92,0
57.47,stage1,0.9174311926605352,92,0
57.48,stage1,0.9174311926605352,92,0
57.49,stage1,0.9174311926605352,92,0
57.5,stage1,0.9174311926605352,92,0
57.51,stage1,0.9174311926605352,92,0
57.52,stage1,0.9174311926605352,92,0
57.53,stage1,0.9174311926605352,92,0
57.54,stage1,0.9174311926605352,92,0
57.55,stage1,0.9174311926605352,92,0
57.56,stage1,0.9174311926605352,92,0
57.57,stage1,0.9174311926605352,92,0
57.58,stage1,0.9174311926605352,92,0
57.59,stage1,0.9174311926605352,92,0
57.6,stage1,0.9174311926605352,92,0
57.61,stage1,0.9174311926605352,92,0
57.62,stage1,0.9174311926605352,92,0
57.63,stage1,0.9174311926605352,92,0
57.64,stage1,0.9174311926605352,92,0
57.65,stage1,0.9174311926605352,92,0
57.66,stage1,0.9174311926605352,92,0
57.67,stage1,0.9174311926605352,92,0
57.68,stage1,0.9174311926605352,92,0
57.69,stage1,0.9174311926605352,92,0
57.7,stage1,0.9174311926605352,92,0
57.71,stage1,0.9174311926605352,92,0
57.72,stage1,0.9174311926605352,92,0
57.73,stage1,0.9174311926605352,92,0
57.74,stage1,0.9174311926605352,92,0
57.75,stage1,0.9174311926605352,92,0
57.76,stage1,0.9174311926605352,92,0
57.77,stage1,0.9174311926605352,92,0
57.78,stage1,0.9174311926605352,92,0
57.79,stage1,0.9174311926605352,92,0
57.8,stage1,0.9174311926605352,92,0
57.81,stage1,0.9174311926605352,92,0
57.82,stage1,0.9174311926605352,92,0
57.83,stage1,0.9174311926605352,92,0
57.84,stage1,0.9174311926605352,92,0
57.85,stage1,0.9174311926605352,92,0
57.86,stage1,0.9174311926605352,92,0
57.87,stage1,0.9174311926605352,92,0
57.88,stage1,0.9174311926605352,92,0
57.89,stage1,0.9174311926605352,92,0
57.9,stage1,0.9174311926605352,92,0
57.91,stage1,0.9174311926605352,92,0
57.92,stage1,0.9174311926605352,92,0
57.93,stage1,0.9174311926605352,92,0
57.94,stage1,0.9174311926605352,92,0
57.95,stage1,0.9174311926605352,92,0
57.96,stage1,0.9174311926605352,92,0
57.97,stage1,0.9174311926605352,92,0
57.98,stage1,0.9174311926605352,92,0
57.99,stage1,0.9174311926605352,92,0
58.0,stage1,0.9174311926605352,92,0
58.01,stage1,0.9174311926605352,92,0
58.02,stage1,0.9174311926605352,92,0
58.03,stage1,0.9174311926605352,92,0
58.04,stage1,0.9174311926605352,92,0
58.05,stage1,0.9174311926605352,92,0
58.06,stage1,0.9174311926605352,92,0
58.07,stage1,0.9174311926605352,92,0
58.08,stage1,0.9174311926605352,92,0
58.09,stage1,0.9174311926605352,92,0
58.1,stage1,0.9174311926605352,92,0
58.11,stage1,0.9174311926605352,92,0
58.12,stage1,0.9174311926605352,92,0
58.13,stage1,0.9174311926605352,92,0
58.14,stage1,0.9174311926605352,92,0
58.15,stage1,0.9174311926605352,92,0
58.16,stage1,0.9174311926605352,92,0
58.17,stage1,0.9174311926605352,92,0
58.18,stage1,0.9174311926605352,92,0
58.19,stage1,0.9174311926605352,92,0
58.2,stage1,0.9174311926605352,92,0
58.21,stage1,0.9174311926605352,92,0
58.22,stage1,0.9174311926605352,92,0
58.23,stage1,0.9174311926605352,92,0
58.24,stage1,0.9174311926605352,92,0
58.25,stage1,0.9174311926605352,92,0
58.26,stage1,0.9174311926605352,92,0
58.27,stage1,0.9174311926605352,92,0
58.28,stage1,0.9174311926605352,92,0
58.29,stage1,0.9174311926605352,92,0
58.3,stage1,0.9174311926605352,92,0
58.31,stage1,0.9174311926605352,92,0
58.32,stage1,0.9174311926605352,92,0
58.33,stage1,0.9174311926605352,92,0
58.34,stage1,0.9174311926605352,92,0
58.35,stage1,0.9174311926605352,92,0
58.36,stage1,0.9174311926605352,92,0
58.37,stage1,0.9174311926605352,92,0
58.38,stage1,0.9174311926605352,92,0
58.39,stage1,0.9174311926605352,92,0
58.4,stage1,0.9174311926605352,92,0
58.41,stage1,0.9174311926605352,92,0
58.42,stage1,0.9174311926605352,92,0
58.43,stage1,0.9174311926605352,92,0
58.44,stage1,0.9174311926605352,92,0
58.45,stage1,0.9174311926605352,92,0
58.46,stage1,0.9174311926605352,92,0
58.47,stage1,0.9174311926605352,92,0
58.48,stage1,0.9174311926605352,92,0
58.49,stage1,0.9174311926605352,92,0
58.5,stage1,0.9174311926605352,92,0
58.51,stage1,0.9174311926605352,92,0
58.52,stage1,0.9174311926605352,92,0
58.53,stage1,0.9174311926605352,92,0
58.54,stage1,0.9174311926605352,92,0
58.55,stage1,0.9174311926605352,92,0
58.56,stage1,0.9174311926605352,92,0
58.57,stage1,0.9174311926605352,92,0
58.58,stage1,0.9174311926605352,92,0
58.59,stage1,0.9174311926605352,92,0
58.6,stage1,0.9174311926605352,92,0
58.61,stage1,0.9174311926605352,92,0
58.62,stage1,0.9174311926605352,92,0
58.63,stage1,0.9174311926605352,92,0
58.64,stage1,0.9174311926605352,92,0
58.65,stage1,0.9174311926605352,92,0
58.66,stage1,0.9174311926605352,92,0
58.67,stage1,0.9174311926605352,92,0
58.68,stage1,0.9174311926605352,92,0
58.69,stage1,0.9174311926605352,92,0
58.7,stage1,0.9174311926605352,92,0
58.71,stage1,0.9174311926605352,92,0
58.72,stage1,0.9174311926605352,92,0
58.73,stage1,0.9174311926605352,92,0
58.74,stage1,0.9174311926605352,92,0
58.75,stage1,0.9174311926605352,92,0
58.76,stage1,0.9174311926605352,92,0
58.77,stage1,0.9174311926605352,92,0
58.78,stage1,0.9174311926605352,92,0
58.79,stage1,0.9174311926605352,92,0
58.8,stage1,0.9174311926605352,92,0
58.81,stage1,0.9174311926605352,92,0
58.82,stage1,0.9174311926605352,92,0
58.83,stage1,0.9174311926605352,92,0
58.84,stage1,0.9174311926605352,92,0
58.85,stage1,0.9174311926605352,92,0
58.86,stage1,0.9174311926605352,92,0
58.87,stage1,0.9174311926605352,92,0
58.88,stage1,0.9174311926605352,92,0
58.89,stage1,0.9174311926605352,92,0
58.9,stage1,0.9174311926605352,92,0
58.91,stage1,0.9174311926605352,92,0
58.92,stage1,0.9174311926605352,92,0
58.93,stage1,0.9174311926605352,92,0
58.94,stage1,0.9174311926605352,92,0
58.95,stage1,0.9174311926605352,92,0
58.96,stage1,0.9174311926605352,92,0
58.97,stage1,0.9174311926605352,92,0
58.98,stage1,0.9174311926605352,92,0
58.99,stage1,0.9174311926605352,92,0
59.0,stage1,0.9174311926605352,92,0
59.01,stage1,0.9174311926605352,92,0
59.02,stage1,0.9174311926605352,92,0
59.03,stage1,0.9174311926605352,92,0
59.04,stage1,0.9174311926605352,92,0
59.05,stage1,0.9174311926605352,92,0
59.06,stage1,0.9174311926605352,92,0
59.07,stage1,0.9174311926605352,92,0
59.08,stage1,0.9174311926605352,92,0
59.09,stage1,0.9174311926605352,92,0
59.1,stage1,0.9174311926605352,92,0
59.11,stage1,0.9174311926605352,92,0
59.12,stage1,0.9174311926605352,92,0
59.13,stage1,0.9174311926605352,92,0
59.14,stage1,0.9174311926605352,92,0
59.15,stage1,0.9174311926605352,92,0
59.16,stage1,0.9174311926605352,92,0
59.17,stage1,0.9174311926605352,92,0
59.18,stage1,0.9174311926605352,92,0
59.19,stage1,0.9174311926605352,92,0
59.2,stage1,0.9174311926605352,92,0
59.21,stage1,0.9174311926605352,92,0
59.22,stage1,0.9174311926605352,92,0
59.23,stage1,0.9174311926605352,92,0
59.24,stage1,0.9174311926605352,92,0
59.25,stage1,0.9174311926605352,92,0
59.26,stage1,0.9174311926605352,92,0
59.27,stage1,0.9174311926605352,92,0
59.28,stage1,0.9174311926605352,92,0
59.29,stage1,0.9174311926605352,92,0
59.3,stage1,0.9174311926605352,92,0
59.31,stage1,0.9174311926605352,92,0
59.32,stage1,0.9174311926605352,92,0
59.33,stage1,0.9174311926605352,92,0
59.34,stage1,0.9174311926605352,92,0
59.35,stage1,0.9174311926605352,92,0
59.36,stage1,0.9174311926605352,92,0
59.37,stage1,0.9174311926605352,92,0
59.38,stage1,0.9174311926605352,92,0
59.39,stage1,0.9174311926605352,92,0
59.4,stage1,0.9174311926605352,92,0
59.41,stage1,0.9174311926605352,92,0
59.42,stage1,0.9174311926605352,92,0
59.43,stage1,0.9174311926605352,92,0
59.44,stage1,0.9174311926605352,92,0
59.45,stage1,0.9174311926605352,92,0
59.46,stage1,0.9174311926605352,92,0
59.47,stage1,0.9174311926605352,92,0
59.48,stage1,0.9174311926605352,92,0
59.49,stage1,0.9174311926605352,92,0
59.5,stage1,0.9174311926605352,92,0
59.51,stage1,0.9174311926605352,92,0
59.52,stage1,0.9174311926605352,92,0
59.53,stage1,0.9174311926605352,92,0
59.54,stage1,0.9174311926605352,92,0
59.55,stage1,0.9174311926605352,92,0
59.56,stage1,0.9174311926605352,92,0
59.57,stage1,0.9174311926605352,92,0
59.58,stage1,0.9174311926605352,92,0
59.59,stage1,0.9174311926605352,92,0
59.6,stage1,0.9174311926605352,92,0
59.61,stage1,0.9174311926605352,92,0
59.62,stage1,0.9174311926605352,92,0
59.63,stage1,0.9174311926605352,92,0
59.64,stage1,0.9174311926605352,92,0
59.65,stage1,0.9174311926605352,92,0
59.66,stage1,0.9174311926605352,92,0
59.67,stage1,0.9174311926605352,92,0
59.68,stage1,0.9174311926605352,92,0
59.69,stage1,0.9174311926605352,92,0
59.7,stage1,0.9174311926605352,92,0
59.71,stage1,0.9174311926605352,92,0
59.72,stage1,0.9174311926605352,92,0
59.73,stage1,0.9174311926605352,92,0
59.74,stage1,0.9174311926605352,92,0
59.75,stage1,0.9174311926605352,92,0
59.76,stage1,0.9174311926605352,92,0
59.77,stage1,0.9174311926605352,92,0
59.78,stage1,0.9174311926605352,92,0
59.79,stage1,0.9174311926605352,92,0
59.8,stage1,0.9174311926605352,92,0
59.81,stage1,0.9174311926605352,92,0
59.82,stage1,0.9174311926605352,92,0
59.83,stage1,0.9174311926605352,92,0
59.84,stage1,0.9174311926605352,92,0
59.85,stage1,0.9174311926605352,92,0
59.86,stage1,0.9174311926605352,92,0
59.87,stage1,0.9174311926605352,92,0
59.88,stage1,0.9174311926605352,92,0
59.89,stage1,0.9174311926605352,92,0
59.9,stage1,0.9174311926605352,92,0
59.91,stage1,0.9174311926605352,92,0
59.92,stage1,0.9174311926605352,92,0
59.93,stage1,0.9174311926605352,92,0
59.94,stage1,0.9174311926605352,92,0
59.95,stage1,0.9174311926605352,92,0
59.96,stage1,0.9174311926605352,92,0
59.97,stage1,0.9174311926605352,92,0
59.98,stage1,0.9174311926605352,92,0
59.99,stage1,0.9174311926605352,92,0
60.0,stage1,0.9174311926605352,92,0
60.01,stage1,0.9174311926605352,92,0
60.02,stage1,0.9174311926605352,92,0
60.03,stage1,0.9174311926605352,92,0
60.04,stage1,0.9174311926605352,92,0
60.05,stage1,0.9174311926605352,92,0
60.06,stage1,0.9174311926605352,92,0
60.07,stage1,0.9174311926605352,92,0
60.08,stage1,0.9174311926605352,92,0
60.09,stage1,0.9174311926605352,92,0
60.1,stage1,0.9174311926605352,92,0
60.11,stage1,0.9174311926605352,92,0
60.12,stage1,0.9174311926605352,92,0
60.13,stage1,0.9174311926605352,92,0
60.14,stage1,0.9174311926605352,92,0
60.15,stage1,0.9174311926605352,92,0
60.16,stage1,0.9174311926605352,92,0
60.17,stage1,0.9174311926605352,92,0
60.18,stage1,0.9174311926605352,92,0
60.19,stage1,0.9174311926605352,92,0
60.2,stage1,0.9174311926605352,92,0
60.21,stage1,0.9174311926605352,92,0
60.22,stage1,0.9174311926605352,92,0
60.23,stage1,0.9174311926605352,92,0
60.24,stage1,0.9174311926605352,92,0
60.25,stage1,0.9174311926605352,92,0
60.26,stage1,0.9174311926605352,92,0
60.27,stage1,0.9174311926605352,92,0
60.28,stage1,0.9174311926605352,92,0
60.29,stage1,0.9174311926605352,92,0
60.3,stage1,0.9174311926605352,92,0
60.31,stage1,0.9174311926605352,92,0
60.32,stage1,0.9174311926605352,92,0
60.33,stage1,0.9174311926605352,92,0
60.34,stage1,0.9174311926605352,92,0
60.35,stage1,0.9174311926605352,92,0
60.36,stage1,0.9174311926605352,92,0
60.37,stage1,0.9174311926605352,92,0
60.38,stage1,0.9174311926605352,92,0
60.39,stage1,0.9174311926605352,92,0
60.4,stage1,0.9174311926605352,92,0
60.41,stage1,0.9174311926605352,92,0
60.42,stage1,0.9174311926605352,92,0
60.43,stage1,0.9174311926605352,92,0
60.44,stage1,0.9174311926605352,92,0
60.45,stage1,0.9174311926605352,92,0
60.46,stage1,0.9174311926605352,92,0
60.47,stage1,0.9174311926605352,92,0
60.48,stage1,0.9174311926605352,92,0
60.49,stage1,0.9174311926605352,92,0
60.5,stage1,0.9174311926605352,92,0
60.51,stage1,0.9174311926605352,92,0
60.52,stage1,0.9174311926605352,92,0
60.53,stage1,0.9174311926605352,92,0
60.54,stage1,0.9174311926605352,92,0
60.55,stage1,0.9174311926605352,92,0
60.56,stage1,0.9174311926605352,92,0
60.57,stage1,0.9174311926605352,92,0
60.58,stage1,0.9174311926605352,92,0
60.59,stage1,0.9174311926605352,92,0
60.6,stage1,0.9174311926605352,92,0
60.61,stage1,0.9174311926605352,92,0
60.62,stage1,0.9174311926605352,92,0
60.63,stage1,0.9174311926605352,92,0
60.64,stage1,0.9174311926605352,92,0
60.65,stage1,0.9174311926605352,92,0
60.66,stage1,0.9174311926605352,92,0
60.67,stage1,0.9174311926605352,92,0
60.68,stage1,0.9174311926605352,92,0
60.69,stage1,0.9174311926605352,92,0
60.7,stage1,0.9174311926605352,92,0
60.71,stage1,0.9174311926605352,92,0
60.72,stage1,0.9174311926605352,92,0
60.73,stage1,0.9174311926605352,92,0
60.74,stage1,0.9174311926605352,92,0
60.75,stage1,0.9174311926605352,92,0
60.76,stage1,0.9174311926605352,92,0
60.77,stage1,0.9174311926605352,92,0
60.78,stage1,0.9174311926605352,92,0
60.79,stage1,0.9174311926605352,92,0
60.8,stage1,0.9174311926605352,92,0
60.81,stage1,0.9174311926605352,92,0
60.82,stage1,0.9174311926605352,92,0
60.83,stage1,0.9174311926605352,92,0
60.84,stage1,0.9174311926605352,92,0
60.85,stage1,0.9174311926605352,92,0
60.86,stage1,0.9174311926605352,92,0
60.87,stage1,0.9174311926605352,92,0
60.88,stage1,0.9174311926605352,92,0
60.89,stage1,0.9174311926605352,92,0
60.9,stage1,0.9174311926605352,92,0
60.91,stage1,0.9174311926605352,92,0
60.92,stage1,0.9174311926605352,92,0
60.93,stage1,0.9174311926605352,92,0
60.94,stage1,0.9174311926605352,92,0
60.95,stage1,0.9174311926605352,92,0
60.96,stage1,0.9174311926605352,92,0
60.97,stage1,0.9174311926605352,92,0
60.98,stage1,0.9174311926605352,92,0
60.99,stage1,0.9174311926605352,92,0
61.0,stage1,0.9174311926605352,92,0
61.01,stage1,0.9174311926605352,92,0
61.02,stage1,0.9174311926605352,92,0
61.03,stage1,0.9174311926605352,92,0
61.04,stage1,0.9174311926605352,92,0
61.05,stage1,0.9174311926605352,92,0
61.06,stage1,0.9174311926605352,92,0
61.07,stage1,0.9174311926605352,92,0
61.08,stage1,0.9174311926605352,92,0
61.09,stage1,0.9174311926605352,92,0
61.1,stage1,0.9174311926605352,92,0
61.11,stage1,0.9174311926605352,92,0
61.12,stage1,0.9174311926605352,92,0
61.13,stage1,0.9174311926605352,92,0
61.14,stage1,0.9174311926605352,92,0
61.15,stage1,0.9174311926605352,92,0
61.16,stage1,0.9174311926605352,92,0
61.17,stage1,0.9174311926605352,92,0
61.18,stage1,0.9174311926605352,92,0
61.19,stage1,0.9174311926605352,92,0
61.2,stage1,0.9174311926605352,92,0
61.21,stage1,0.9174311926605352,92,0
61.22,stage1,0.9174311926605352,92,0
61.23,stage1,0.9174311926605352,92,0
61.24,stage1,0.9174311926605352,92,0
61.25,stage1,0.9174311926605352,92,0
61.26,stage1,0.9174311926605352,92,0
61.27,stage1,0.9174311926605352,92,0
61.28,stage1,0.9174311926605352,92,0
61.29,stage1,0.9174311926605352,92,0
61.3,stage1,0.9174311926605352,92,0
61.31,stage1,0.9174311926605352,92,0
61.32,stage1,0.9174311926605352,92,0
61.33,stage1,0.9174311926605352,92,0
61.34,stage1,0.9174311926605352,92,0
61.35,stage1,0.9174311926605352,92,0
61.36,stage1,0.9174311926605352,92,0
61.37,stage1,0.9174311926605352,92,0
61.38,stage1,0.9174311926605352,92,0
61.39,stage1,0.9174311926605352,92,0
61.4,stage1,0.9174311926605352,92,0
61.41,stage1,0.9174311926605352,92,0
61.42,stage1,0.9174311926605352,92,0
61.43,stage1,0.9174311926605352,92,0
61.44,stage1,0.9174311926605352,92,0
61.45,stage1,0.9174311926605352,92,0
61.46,stage1,0.9174311926605352,92,0
61.47,stage1,0.9174311926605352,92,0
61.48,stage1,0.9174311926605352,92,0
61.49,stage1,0.9174311926605352,92,0
61.5,stage1,0.9174311926605352,92,0
61.51,stage1,0.9174311926605352,92,0
61.52,stage1,0.9174311926605352,92,0
61.53,stage1,0.9174311926605352,92,0
61.54,stage1,0.9174311926605352,92,0
61.55,stage1,0.9174311926605352,92,0
61.56,stage1,0.9174311926605352,92,0
61.57,stage1,0.9174311926605352,92,0
61.58,stage1,0.9174311926605352,92,0
61.59,stage1,0.9174311926605352,92,0
61.6,stage1,0.9174311926605352,92,0
61.61,stage1,0.9174311926605352,92,0
61.62,stage1,0.9174311926605352,92,0
61.63,stage1,0.9174311926605352,92,0
61.64,stage1,0.9174311926605352,92,0
61.65,stage1,0.9174311926605352,92,0
61.66,stage1,0.9174311926605352,92,0
61.67,stage1,0.9174311926605352,92,0
61.68,stage1,0.9174311926605352,92,0
61.69,stage1,0.9174311926605352,92,0
61.7,stage1,0.9174311926605352,92,0
61.71,stage1,0.9174311926605352,92,0
61.72,stage1,0.9174311926605352,92,0
61.73,stage1,0.9174311926605352,92,0
61.74,stage1,0.9174311926605352,92,0
61.75,stage1,0.9174311926605352,92,0
61.76,stage1,0.9174311926605352,92,0
61.77,stage1,0.9174311926605352,92,0
61.78,stage1,0.9174311926605352,92,0
61.79,stage1,0.9174311926605352,92,0
61.8,stage1,0.9174311926605352,92,0
61.81,stage1,0.9174311926605352,92,0
61.82,stage1,0.9174311926605352,92,0
61.83,stage1,0.9174311926605352,92,0
61.84,stage1,0.9174311926605352,92,0
61.85,stage1,0.9174311926605352,92,0
61.86,stage1,0.9174311926605352,92,0
61.87,stage1,0.9174311926605352,92,0
61.88,stage1,0.9174311926605352,92,0
61.89,stage1,0.9174311926605352,92,0
61.9,stage1,0.9174311926605352,92,0
61.91,stage1,0.9174311926605352,92,0
61.92,stage1,0.9174311926605352,92,0
61.93,stage1,0.9174311926605352,92,0
61.94,stage1,0.9174311926605352,92,0
61.95,stage1,0.9174311926605352,92,0
61.96,stage1,0.9174311926605352,92,0
61.97,stage1,0.9174311926605352,92,0
61.98,stage1,0.9174311926605352,92,0
61.99,stage1,0.9174311926605352,92,0
62.0,stage1,0.9174311926605352,92,0
62.01,stage1,0.9174311926605352,92,0
62.02,stage1,0.9174311926605352,92,0
62.03,stage1,0.9174311926605352,92,0
62.04,stage1,0.9174311926605352,92,0
62.05,stage1,0.9174311926605352,92,0
62.06,stage1,0.9174311926605352,92,0
62.07,stage1,0.9174311926605352,92,0
62.08,stage1,0.9174311926605352,92,0
62.09,stage1,0.9174311926605352,92,0
62.1,stage1,0.9174311926605352,92,0
62.11,stage1,0.9174311926605352,92,0
62.12,stage1,0.9174311926605352,92,0
62.13,stage1,0.9174311926605352,92,0
62.14,stage1,0.9174311926605352,92,0
62.15,stage1,0.9174311926605352,92,0
62.16,stage1,0.9174311926605352,92,0
62.17,stage1,0.9174311926605352,92,0
62.18,stage1,0.9174311926605352,92,0
62.19,stage1,0.9174311926605352,92,0
62.2,stage1,0.9174311926605352,92,0
62.21,stage1,0.9174311926605352,92,0
62.22,stage1,0.9174311926605352,92,0
62.23,stage1,0.9174311926605352,92,0
62.24,stage1,0.9174311926605352,92,0
62.25,stage1,0.9174311926605352,92,0
62.26,stage1,0.9174311926605352,92,0
62.27,stage1,0.9174311926605352,92,0
62.28,stage1,0.9174311926605352,92,0
62.29,stage1,0.9174311926605352,92,0
62.3,stage1,0.9174311926605352,92,0
62.31,stage1,0.9174311926605352,92,0
62.32,stage1,0.9174311926605352,92,0
62.33,stage1,0.9174311926605352,92,0
62.34,stage1,0.9174311926605352,92,0
62.35,stage1,0.9174311926605352,92,0
62.36,stage1,0.9174311926605352,92,0
62.37,stage1,0.9174311926605352,92,0
62.38,stage1,0.9174311926605352,92,0
62.39,stage1,0.9174311926605352,92,0
62.4,stage1,0.9174311926605352,92,0
62.41,stage1,0.9174311926605352,92,0
62.42,stage1,0.9174311926605352,92,0
62.43,stage1,0.9174311926605352,92,0
62.44,stage1,0.9174311926605352,92,0
62.45,stage1,0.9174311926605352,92,0
62.46,stage1,0.9174311926605352,92,0
62.47,stage1,0.9174311926605352,92,0
62.48,stage1,0.9174311926605352,92,0
62.49,stage1,0.9174311926605352,92,0
62.5,stage1,0.9174311926605352,92,0
62.51,stage1,0.9174311926605352,92,0
62.52,stage1,0.9174311926605352,92,0
62.53,stage1,0.9174311926605352,92,0
62.54,stage1,0.9174311926605352,92,0
62.55,stage1,0.9174311926605352,92,0
62.56,stage1,0.9174311926605352,92,0
62.57,stage1,0.9174311926605352,92,0
62.58,stage1,0.9174311926605352,92,0
62.59,stage1,0.9174311926605352,92,0
62.6,stage1,0.9174311926605352,92,0
62.61,stage1,0.9174311926605352,92,0
62.62,stage1,0.9174311926605352,92,0
62.63,stage1,0.9174311926605352,92,0
62.64,stage1,0.9174311926605352,92,0
62.65,stage1,0.9174311926605352,92,0
62.66,stage1,0.9174311926605352,92,0
62.67,stage1,0.9174311926605352,92,0
62.68,stage1,0.9174311926605352,92,0
62.69,stage1,0.9174311926605352,92,0
62.7,stage1,0.9174311926605352,92,0
62.71,stage1,0.9174311926605352,92,0
62.72,stage1,0.9174311926605352,92,0
62.73,stage1,0.9174311926605352,92,0
62.74,stage1,0.9174311926605352,92,0
62.75,stage1,0.9174311926605352,92,0
62.76,stage1,0.9174311926605352,92,0
62.77,stage1,0.9174311926605352,92,0
62.78,stage1,0.9174311926605352,92,0
62.79,stage1,0.9174311926605352,92,0
62.8,stage1,0.9174311926605352,92,0
62.81,stage1,0.9174311926605352,92,0
62.82,stage1,0.9174311926605352,92,0
62.83,stage1,0.9174311926605352,92,0
62.84,stage1,0.9174311926605352,92,0
62.85,stage1,0.9174311926605352,92,0
62.86,stage1,0.9174311926605352,92,0
62.87,stage1,0.9174311926605352,92,0
62.88,stage1,0.9174311926605352,92,0
62.89,stage1,0.9174311926605352,92,0
62.9,stage1,0.9174311926605352,92,0
62.91,stage1,0.9174311926605352,92,0
62.92,stage1,0.9174311926605352,92,0
62.93,stage1,0.9174311926605352,92,0
62.94,stage1,0.9174311926605352,92,0
62.95,stage1,0.9174311926605352,92,0
62.96,stage1,0.9174311926605352,92,0
62.97,stage1,0.9174311926605352,92,0
62.98,stage1,0.9174311926605352,92,0
62.99,stage1,0.9174311926605352,92,0
63.0,stage1,0.9174311926605352,92,0
63.01,stage1,0.9174311926605352,92,0
63.02,stage1,0.9174311926605352,92,0
63.03,stage1,0.9174311926605352,92,0
63.04,stage1,0.9174311926605352,92,0
63.05,stage1,0.9174311926605352,92,0
63.06,stage1,0.9174311926605352,92,0
63.07,stage1,0.9174311926605352,92,0
63.08,stage1,0.9174311926605352,92,0
63.09,stage1,0.9174311926605352,92,0
63.1,stage1,0.9174311926605352,92,0
63.11,stage1,0.9174311926605352,92,0
63.12,stage1,0.9174311926605352,92,0
63.13,stage1,0.9174311926605352,92,0
63.14,stage1,0.9174311926605352,92,0
63.15,stage1,0.9174311926605352,92,0
63.16,stage1,0.9174311926605352,92,0
63.17,stage1,0.9174311926605352,92,0
63.18,stage1,0.9174311926605352,92,0
63.19,stage1,0.9174311926605352,92,0
63.2,stage1,0.9174311926605352,92,0
63.21,stage1,0.9174311926605352,92,0
63.22,stage1,0.9174311926605352,92,0
63.23,stage1,0.9174311926605352,92,0
63.24,stage1,0.9174311926605352,92,0
63.25,stage1,0.9174311926605352,92,0
63.26,stage1,0.9174311926605352,92,0
63.27,stage1,0.9174311926605352,92,0
63.28,stage1,0.9174311926605352,92,0
63.29,stage1,0.9174311926605352,92,0
63.3,stage1,0.9174311926605352,92,0
63.31,stage1,0.9174311926605352,92,0
63.32,stage1,0.9174311926605352,92,0
63.33,stage1,0.9174311926605352,92,0
63.34,stage1,0.9174311926605352,92,0
63.35,stage1,0.9174311926605352,92,0
63.36,stage1,0.9174311926605352,92,0
63.37,stage1,0.9174311926605352,92,0
63.38,stage1,0.9174311926605352,92,0
63.39,stage1,0.9174311926605352,92,0
63.4,stage1,0.9174311926605352,92,0
63.41,stage1,0.9174311926605352,92,0
63.42,stage1,0.9174311926605352,92,0
63.43,stage1,0.9174311926605352,92,0
63.44,stage1,0.9174311926605352,92,0
63.45,stage1,0.9174311926605352,92,0
63.46,stage1,0.9174311926605352,92,0
63.47,stage1,0.9174311926605352,92,0
63.48,stage1,0.9174311926605352,92,0
63.49,stage1,0.9174311926605352,92,0
63.5,stage1,0.9174311926605352,92,0
63.51,stage1,0.9174311926605352,92,0
63.52,stage1,0.9174311926605352,92,0
63.53,stage1,0.9174311926605352,92,0
63.54,stage1,0.9174311926605352,92,0
63.55,stage1,0.9174311926605352,92,0
63.56,stage1,0.9174311926605352,92,0
63.57,stage1,0.9174311926605352,92,0
63.58,stage1,0.9174311926605352,92,0
63.59,stage1,0.9174311926605352,92,0
63.6,stage1,0.9174311926605352,92,0
63.61,stage1,0.9174311926605352,92,0
63.62,stage1,0.9174311926605352,92,0
63.63,stage1,0.9174311926605352,92,0
63.64,stage1,0.9174311926605352,92,0
63.65,stage1,0.9174311926605352,92,0
63.66,stage1,0.9174311926605352,92,0
63.67,stage1,0.9174311926605352,92,0
63.68,stage1,0.9174311926605352,92,0
63.69,stage1,0.9174311926605352,92,0
63.7,stage1,0.9174311926605352,92,0
63.71,stage1,0.9174311926605352,92,0
63.72,stage1,0.9174311926605352,92,0
63.73,stage1,0.9174311926605352,92,0
63.74,stage1,0.9174311926605352,92,0
63.75,stage1,0.9174311926605352,92,0
63.76,stage1,0.9174311926605352,92,0
63.77,stage1,0.9174311926605352,92,0
63.78,stage1,0.9174311926605352,92,0
63.79,stage1,0.9174311926605352,92,0
63.8,stage1,0.9174311926605352,92,0
63.81,stage1,0.9174311926605352,92,0
63.82,stage1,0.9174311926605352,92,0
63.83,stage1,0.9174311926605352,92,0
63.84,stage1,0.9174311926605352,92,0
63.85,stage1,0.9174311926605352,92,0
63.86,stage1,0.9174311926605352,92,0
63.87,stage1,0.9174311926605352,92,0
63.88,stage1,0.9174311926605352,92,0
63.89,stage1,0.9174311926605352,92,0
63.9,stage1,0.9174311926605352,92,0
63.91,stage1,0.9174311926605352,92,0
63.92,stage1,0.9174311926605352,92,0
63.93,stage1,0.9174311926605352,92,0
63.94,stage1,0.9174311926605352,92,0
63.95,stage1,0.9174311926605352,92,0
63.96,stage1,0.9174311926605352,92,0
63.97,stage1,0.9174311926605352,92,0
63.98,stage1,0.9174311926605352,92,0
63.99,stage1,0.9174311926605352,92,0
64.0,stage1,0.9174311926605352,92,0
64.01,stage1,0.9174311926605352,92,0
64.02,stage1,0.9174311926605352,92,0
64.03,stage1,0.9174311926605352,92,0
64.04,stage1,0.9174311926605352,92,0
64.05,stage1,0.9174311926605352,92,0
64.06,stage1,0.9174311926605352,92,0
64.07,stage1,0.9174311926605352,92,0
64.08,stage1,0.9174311926605352,92,0
64.09,stage1,0.9174311926605352,92,0
64.1,stage1,0.9174311926605352,92,0
64.11,stage1,0.9174311926605352,92,0
64.12,stage1,0.9174311926605352,92,0
64.13,stage1,0.9174311926605352,92,0
64.14,stage1,0.9174311926605352,92,0
64.15,stage1,0.9174311926605352,92,0
64.16,stage1,0.9174311926605352,92,0
64.17,stage1,0.9174311926605352,92,0
64.18,stage1,0.9174311926605352,92,0
64.19,stage1,0.9174311926605352,92,0
64.2,stage1,0.9174311926605352,92,0
64.21,stage1,0.9174311926605352,92,0
64.22,stage1,0.9174311926605352,92,0
64.23,stage1,0.9174311926605352,92,0
64.24,stage1,0.9174311926605352,92,0
64.25,stage1,0.9174311926605352,92,0
64.26,stage1,0.9174311926605352,92,0
64.27,stage1,0.9174311926605352,92,0
64.28,stage1,0.9174311926605352,92,0
64.29,stage1,0.9174311926605352,92,0
64.3,stage1,0.9174311926605352,92,0
64.31,stage1,0.9174311926605352,92,0
64.32,stage1,0.9174311926605352,92,0
64.33,stage1,0.9174311926605352,92,0
64.34,stage1,0.9174311926605352,92,0
64.35,stage1,0.9174311926605352,92,0
64.36,stage1,0.9174311926605352,92,0
64.37,stage1,0.9174311926605352,92,0
64.38,stage1,0.9174311926605352,92,0
64.39,stage1,0.9174311926605352,92,0
64.4,stage1,0.9174311926605352,92,0
64.41,stage1,0.9174311926605352,92,0
64.42,stage1,0.9174311926605352,92,0
64.43,stage1,0.9174311926605352,92,0
64.44,stage1,0.9174311926605352,92,0
64.45,stage1,0.9174311926605352,92,0
64.46,stage1,0.9174311926605352,92,0
64.47,stage1,0.9174311926605352,92,0
64.48,stage1,0.9174311926605352,92,0
64.49,stage1,0.9174311926605352,92,0
64.5,stage1,0.9174311926605352,92,0
64.51,stage1,0.9174311926605352,92,0
64.52,stage1,0.9174311926605352,92,0
64.53,stage1,0.9174311926605352,92,0
64.54,stage1,0.9174311926605352,92,0
64.55,stage1,0.9174311926605352,92,0
64.56,stage1,0.9174311926605352,92,0
64.57,stage1,0.9174311926605352,92,0
64.58,stage1,0.9174311926605352,92,0
64.59,stage1,0.9174311926605352,92,0
64.6,stage1,0.9174311926605352,92,0
64.61,stage1,0.9174311926605352,92,0
64.62,stage1,0.9174311926605352,92,0
64.63,stage1,0.9174311926605352,92,0
64.64,stage1,0.9174311926605352,92,0
64.65,stage1,0.9174311926605352,92,0
64.66,stage1,0.9174311926605352,92,0
64.67,stage1,0.9174311926605352,92,0
64.68,stage1,0.9174311926605352,92,0
64.69,stage1,0.9174311926605352,92,0
64.7,stage1,0.9174311926605352,92,0
64.71,stage1,0.9174311926605352,92,0
64.72,stage1,0.9174311926605352,92,0
64.73,stage1,0.9174311926605352,92,0
64.74,stage1,0.9174311926605352,92,0
64.75,stage1,0.9174311926605352,92,0
64.76,stage1,0.9174311926605352,92,0
64.77,stage1,0.9174311926605352,92,0
64.78,stage1,0.9174311926605352,92,0
64.79,stage1,0.9174311926605352,92,0
64.8,stage1,0.9174311926605352,92,0
64.81,stage1,0.9174311926605352,92,0
64.82,stage1,0.9174311926605352,92,0
64.83,stage1,0.9174311926605352,92,0
64.84,stage1,0.9174311926605352,92,0
64.85,stage1,0.9174311926605352,92,0
64.86,stage1,0.9174311926605352,92,0
64.87,stage1,0.9174311926605352,92,0
64.88,stage1,0.9174311926605352,92,0
64.89,stage1,0.9174311926605352,92,0
64.9,stage1,0.9174311926605352,92,0
64.91,stage1,0.9174311926605352,92,0
64.92,stage1,0.9174311926605352,92,0
64.93,stage1,0.9174311926605352,92,0
64.94,stage1,0.9174311926605352,92,0
64.95,stage1,0.9174311926605352,92,0
64.96,stage1,0.9174311926605352,92,0
64.97,stage1,0.9174311926605352,92,0
64.98,stage1,0.9174311926605352,92,0
64.99,stage1,0.9174311926605352,92,0
65.0,stage1,0.9174311926605352,92,0
65.01,stage1,0.9174311926605352,92,0
65.02,stage1,0.9174311926605352,92,0
65.03,stage1,0.9174311926605352,92,0
65.04,stage1,0.9174311926605352,92,0
65.05,stage1,0.9174311926605352,92,0
65.06,stage1,0.9174311926605352,92,0
65.07,stage1,0.9174311926605352,92,0
65.08,stage1,0.9174311926605352,92,0
65.09,stage1,0.9174311926605352,92,0
65.1,stage1,0.9174311926605352,92,0
65.11,stage1,0.9174311926605352,92,0
65.12,stage1,0.9174311926605352,92,0
65.13,stage1,0.9174311926605352,92,0
65.14,stage1,0.9174311926605352,92,0
65.15,stage1,0.9174311926605352,92,0
65.16,stage1,0.9174311926605352,92,0
65.17,stage1,0.9174311926605352,92,0
65.18,stage1,0.9174311926605352,92,0
65.19,stage1,0.9174311926605352,92,0
65.2,stage1,0.9174311926605352,92,0
65.21,stage1,0.9174311926605352,92,0
65.22,stage1,0.9174311926605352,92,0
65.23,stage1,0.9174311926605352,92,0
65.24,stage1,0.9174311926605352,92,0
65.25,stage1,0.9174311926605352,92,0
65.26,stage1,0.9174311926605352,92,0
65.27,stage1,0.9174311926605352,92,0
65.28,stage1,0.9174311926605352,92,0
65.29,stage1,0.9174311926605352,92,0
65.3,stage1,0.9174311926605352,92,0
65.31,stage1,0.9174311926605352,92,0
65.32,stage1,0.9174311926605352,92,0
65.33,stage1,0.9174311926605352,92,0
65.34,stage1,0.9174311926605352,92,0
65.35,stage1,0.9174311926605352,92,0
65.36,stage1,0.9174311926605352,92,0
65.37,stage1,0.9174311926605352,92,0
65.38,stage1,0.9174311926605352,92,0
65.39,stage1,0.9174311926605352,92,0
65.4,stage1,0.9174311926605352,92,0
65.41,stage1,0.9174311926605352,92,0
65.42,stage1,0.9174311926605352,92,0
65.43,stage1,0.9174311926605352,92,0
65.44,stage1,0.9174311926605352,92,0
65.45,stage1,0.9174311926605352,92,0
65.46,stage1,0.9174311926605352,92,0
65.47,stage1,0.9174311926605352,92,0
65.48,stage1,0.9174311926605352,92,0
65.49,stage1,0.9174311926605352,92,0
65.5,stage1,0.9174311926605352,92,0
65.51,stage1,0.9174311926605352,92,0
65.52,stage1,0.9174311926605352,92,0
65.53,stage1,0.9174311926605352,92,0
65.54,stage1,0.9174311926605352,92,0
65.55,stage1,0.9174311926605352,92,0
65.56,stage1,0.9174311926605352,92,0
65.57,stage1,0.9174311926605352,92,0
65.58,stage1,0.9174311926605352,92,0
65.59,stage1,0.9174311926605352,92,0
65.6,stage1,0.9174311926605352,92,0
65.61,stage1,0.9174311926605352,92,0
65.62,stage1,0.9174311926605352,92,0
65.63,stage1,0.9174311926605352,92,0
65.64,stage1,0.9174311926605352,92,0
65.65,stage1,0.9174311926605352,92,0
65.66,stage1,0.9174311926605352,92,0
65.67,stage1,0.9174311926605352,92,0
65.68,stage1,0.9174311926605352,92,0
65.69,stage1,0.9174311926605352,92,0
65.7,stage1,0.9174311926605352,92,0
65.71,stage1,0.9174311926605352,92,0
65.72,stage1,0.9174311926605352,92,0
65.73,stage1,0.9174311926605352,92,0
65.74,stage1,0.9174311926605352,92,0
65.75,stage1,0.9174311926605352,92,0
65.76,stage1,0.9174311926605352,92,0
65.77,stage1,0.9174311926605352,92,0
65.78,stage1,0.9174311926605352,92,0
65.79,stage1,0.9174311926605352,92,0
65.8,stage1,0.9174311926605352,92,0
65.81,stage1,0.9174311926605352,92,0
65.82,stage1,0.9174311926605352,92,0
65.83,stage1,0.9174311926605352,92,0
65.84,stage1,0.9174311926605352,92,0
65.85,stage1,0.9174311926605352,92,0
65.86,stage1,0.9174311926605352,92,0
65.87,stage1,0.9174311926605352,92,0
65.88,stage1,0.9174311926605352,92,0
65.89,stage1,0.9174311926605352,92,0
65.9,stage1,0.9174311926605352,92,0
65.91,stage1,0.9174311926605352,92,0
65.92,stage1,0.9174311926605352,92,0
65.93,stage1,0.9174311926605352,92,0
65.94,stage1,0.9174311926605352,92,0
65.95,stage1,0.9174311926605352,92,0
65.96,stage1,0.9174311926605352,92,0
65.97,stage1,0.9174311926605352,92,0
65.98,stage1,0.9174311926605352,92,0
65.99,stage1,0.9174311926605352,92,0
66.0,stage1,0.9174311926605352,92,0
66.01,stage1,0.9174311926605352,92,0
66.02,stage1,0.9174311926605352,92,0
66.03,stage1,0.9174311926605352,92,0
66.04,stage1,0.9174311926605352,92,0
66.05,stage1,0.9174311926605352,92,0
66.06,stage1,0.9174311926605352,92,0
66.07,stage1,0.9174311926605352,92,0
66.08,stage1,0.9174311926605352,92,0
66.09,stage1,0.9174311926605352,92,0
66.1,stage1,0.9174311926605352,92,0
66.11,stage1,0.9174311926605352,92,0
66.12,stage1,0.9174311926605352,92,0
66.13,stage1,0.9174311926605352,92,0
66.14,stage1,0.9174311926605352,92,0
66.15,stage1,0.9174311926605352,92,0
66.16,stage1,0.9174311926605352,92,0
66.17,stage1,0.9174311926605352,92,0
66.18,stage1,0.9174311926605352,92,0
66.19,stage1,0.9174311926605352,92,0
66.2,stage1,0.9174311926605352,92,0
66.21,stage1,0.9174311926605352,92,0
66.22,stage1,0.9174311926605352,92,0
66.23,stage1,0.9174311926605352,92,0
66.24,stage1,0.9174311926605352,92,0
66.25,stage1,0.9174311926605352,92,0
66.26,stage1,0.9174311926605352,92,0
66.27,stage1,0.9174311926605352,92,0
66.28,stage1,0.9174311926605352,92,0
66.29,stage1,0.9174311926605352,92,0
66.3,stage1,0.9174311926605352,92,0
66.31,stage1,0.9174311926605352,92,0
66.32,stage1,0.9174311926605352,92,0
66.33,stage1,0.9174311926605352,92,0
66.34,stage1,0.9174311926605352,92,0
66.35,stage1,0.9174311926605352,92,0
66.36,stage1,0.9174311926605352,92,0
66.37,stage1,0.9174311926605352,92,0
66.38,stage1,0.9174311926605352,92,0
66.39,stage1,0.9174311926605352,92,0
66.4,stage1,0.9174311926605352,92,0
66.41,stage1,0.9174311926605352,92,0
66.42,stage1,0.9174311926605352,92,0
66.43,stage1,0.9174311926605352,92,0
66.44,stage1,0.9174311926605352,92,0
66.45,stage1,0.9174311926605352,92,0
66.46,stage1,0.9174311926605352,92,0
66.47,stage1,0.9174311926605352,92,0
66.48,stage1,0.9174311926605352,92,0
66.49,stage1,0.9174311926605352,92,0
66.5,stage1,0.9174311926605352,92,0
66.51,stage1,0.9174311926605352,92,0
66.52,stage1,0.9174311926605352,92,0
66.53,stage1,0.9174311926605352,92,0
66.54,stage1,0.9174311926605352,92,0
66.55,stage1,0.9174311926605352,92,0
66.56,stage1,0.9174311926605352,92,0
66.57,stage1,0.9174311926605352,92,0
66.58,stage1,0.9174311926605352,92,0
66.59,stage1,0.9174311926605352,92,0
66.6,stage1,0.9174311926605352,92,0
66.61,stage1,0.9174311926605352,92,0
66.62,stage1,0.9174311926605352,92,0
66.63,stage1,0.9174311926605352,92,0
66.64,stage1,0.9174311926605352,92,0
66.65,stage1,0.9174311926605352,92,0
66.66,stage1,0.9174311926605352,92,0
66.67,stage1,0.9174311926605352,92,0
66.68,stage1,0.9174311926605352,92,0
66.69,stage1,0.9174311926605352,92,0
66.7,stage1,0.9174311926605352,92,0
66.71,stage1,0.9174311926605352,92,0
66.72,stage1,0.9174311926605352,92,0
66.73,stage1,0.9174311926605352,92,0
66.74,stage1,0.9174311926605352,92,0
66.75,stage1,0.9174311926605352,92,0
66.76,stage1,0.9174311926605352,92,0
66.77,stage1,0.9174311926605352,92,0
66.78,stage1,0.9174311926605352,92,0
66.79,stage1,0.9174311926605352,92,0
66.8,stage1,0.9174311926605352,92,0
66.81,stage1,0.9174311926605352,92,0
66.82,stage1,0.9174311926605352,92,0
66.83,stage1,0.9174311926605352,92,0
66.84,stage1,0.9174311926605352,92,0
66.85,stage1,0.9174311926605352,92,0
66.86,stage1,0.9174311926605352,92,0
66.87,stage1,0.9174311926605352,92,0
66.88,stage1,0.9174311926605352,92,0
66.89,stage1,0.9174311926605352,92,0
66.9,stage1,0.9174311926605352,92,0
66.91,stage1,0.9174311926605352,92,0
66.92,stage1,0.9174311926605352,92,0
66.93,stage1,0.9174311926605352,92,0
66.94,stage1,0.9174311926605352,92,0
66.95,stage1,0.9174311926605352,92,0
66.96,stage1,0.9174311926605352,92,0
66.97,stage1,0.9174311926605352,92,0
66.98,stage1,0.9174311926605352,92,0
66.99,stage1,0.9174311926605352,92,0
67.0,stage1,0.9174311926605352,92,0
67.01,stage1,0.9174311926605352,92,0
67.02,stage1,0.9174311926605352,92,0
67.03,stage1,0.9174311926605352,92,0
67.04,stage1,0.9174311926605352,92,0
67.05,stage1,0.9174311926605352,92,0
67.06,stage1,0.9174311926605352,92,0
67.07,stage1,0.9174311926605352,92,0
67.08,stage1,0.9174311926605352,92,0
67.09,stage1,0.9174311926605352,92,0
67.1,stage1,0.9174311926605352,92,0
67.11,stage1,0.9174311926605352,92,0
67.12,stage1,0.9174311926605352,92,0
67.13,stage1,0.9174311926605352,92,0
67.14,stage1,0.9174311926605352,92,0
67.15,stage1,0.9174311926605352,92,0
67.16,stage1,0.9174311926605352,92,0
67.17,stage1,0.9174311926605352,92,0
67.18,stage1,0.9174311926605352,92,0
67.19,stage1,0.9174311926605352,92,0
67.2,stage1,0.9174311926605352,92,0
67.21,stage1,0.9174311926605352,92,0
67.22,stage1,0.9174311926605352,92,0
67.23,stage1,0.9174311926605352,92,0
67.24,stage1,0.9174311926605352,92,0
67.25,stage1,0.9174311926605352,92,0
67.26,stage1,0.9174311926605352,92,0
67.27,stage1,0.9174311926605352,92,0
67.28,stage1,0.9174311926605352,92,0
67.29,stage1,0.9174311926605352,92,0
67.3,stage1,0.9174311926605352,92,0
67.31,stage1,0.9174311926605352,92,0
67.32,stage1,0.9174311926605352,92,0
67.33,stage1,0.9174311926605352,92,0
67.34,stage1,0.9174311926605352,92,0
67.35,stage1,0.9174311926605352,92,0
67.36,stage1,0.9174311926605352,92,0
67.37,stage1,0.9174311926605352,92,0
67.38,stage1,0.9174311926605352,92,0
67.39,stage1,0.9174311926605352,92,0
67.4,stage1,0.9174311926605352,92,0
67.41,stage1,0.9174311926605352,92,0
67.42,stage1,0.9174311926605352,92,0
67.43,stage1,0.9174311926605352,92,0
67.44,stage1,0.9174311926605352,92,0
67.45,stage1,0.9174311926605352,92,0
67.46,stage1,0.9174311926605352,92,0
67.47,stage1,0.9174311926605352,92,0
67.48,stage1,0.9174311926605352,92,0
67.49,stage1,0.9174311926605352,92,0
67.5,stage1,0.9174311926605352,92,0
67.51,stage1,0.9174311926605352,92,0
67.52,stage1,0.9174311926605352,92,0
67.53,stage1,0.9174311926605352,92,0
67.54,stage1,0.9174311926605352,92,0
67.55,stage1,0.9174311926605352,92,0
67.56,stage1,0.9174311926605352,92,0
67.57,stage1,0.9174311926605352,92,0
67.58,stage1,0.9174311926605352,92,0
67.59,stage1,0.9174311926605352,92,0
67.6,stage1,0.9174311926605352,92,0
67.61,stage1,0.9174311926605352,92,0
67.62,stage1,0.9174311926605352,92,0
67.63,stage1,0.9174311926605352,92,0
67.64,stage1,0.9174311926605352,92,0
67.65,stage1,0.9174311926605352,92,0
67.66,stage1,0.9174311926605352,92,0
67.67,stage1,0.9174311926605352,92,0
67.68,stage1,0.9174311926605352,92,0
67.69,stage1,0.9174311926605352,92,0
67.7,stage1,0.9174311926605352,92,0
67.71,stage1,0.9174311926605352,92,0
67.72,stage1,0.9174311926605352,92,0
67.73,stage1,0.9174311926605352,92,0
67.74,stage1,0.9174311926605352,92,0
67.75,stage1,0.9174311926605352,92,0
67.76,stage1,0.9174311926605352,92,0
67.77,stage1,0.9174311926605352,92,0
67.78,stage1,0.9174311926605352,92,0
67.79,stage1,0.9174311926605352,92,0
67.8,stage1,0.9174311926605352,92,0
67.81,stage1,0.9174311926605352,92,0
67.82,stage1,0.9174311926605352,92,0
67.83,stage1,0.9174311926605352,92,0
67.84,stage1,0.9174311926605352,92,0
67.85,stage1,0.9174311926605352,92,0
67.86,stage1,0.9174311926605352,92,0
67.87,stage1,0.9174311926605352,92,0
67.88,stage1,0.9174311926605352,92,0
67.89,stage1,0.9174311926605352,92,0
67.9,stage1,0.9174311926605352,92,0
67.91,stage1,0.9174311926605352,92,0
67.92,stage1,0.9174311926605352,92,0
67.93,stage1,0.9174311926605352,92,0
67.94,stage1,0.9174311926605352,92,0
67.95,stage1,0.9174311926605352,92,0
67.96,stage1,0.9174311926605352,92,0
67.97,stage1,0.9174311926605352,92,0
67.98,stage1,0.9174311926605352,92,0
67.99,stage1,0.9174311926605352,92,0
68.0,stage1,0.9174311926605352,92,0
68.01,stage1,0.9174311926605352,92,0
68.02,stage1,0.9174311926605352,92,0
68.03,stage1,0.9174311926605352,92,0
68.04,stage1,0.9174311926605352,92,0
68.05,stage1,0.9174311926605352,92,0
68.06,stage1,0.9174311926605352,92,0
68.07,stage1,0.9174311926605352,92,0
68.08,stage1,0.9174311926605352,92,0
68.09,stage1,0.9174311926605352,92,0
68.1,stage1,0.9174311926605352,92,0
68.11,stage1,0.9174311926605352,92,0
68.12,stage1,0.9174311926605352,92,0
68.13,stage1,0.9174311926605352,92,0
68.14,stage1,0.9174311926605352,92,0
68.15,stage1,0.9174311926605352,92,0
68.16,stage1,0.9174311926605352,92,0
68.17,stage1,0.9174311926605352,92,0
68.18,stage1,0.9174311926605352,92,0
68.19,stage1,0.9174311926605352,92,0
68.2,stage1,0.9174311926605352,92,0
68.21,stage1,0.9174311926605352,92,0
68.22,stage1,0.9174311926605352,92,0
68.23,stage1,0.9174311926605352,92,0
68.24,stage1,0.9174311926605352,92,0
68.25,stage1,0.9174311926605352,92,0
68.26,stage1,0.9174311926605352,92,0
68.27,stage1,0.9174311926605352,92,0
68.28,stage1,0.9174311926605352,92,0
68.29,stage1,0.9174311926605352,92,0
68.3,stage1,0.9174311926605352,92,0
68.31,stage1,0.9174311926605352,92,0
68.32,stage1,0.9174311926605352,92,0
68.33,stage1,0.9174311926605352,92,0
68.34,stage1,0.9174311926605352,92,0
68.35,stage1,0.9174311926605352,92,0
68.36,stage1,0.9174311926605352,92,0
68.37,stage1,0.9174311926605352,92,0
68.38,stage1,0.9174311926605352,92,0
68.39,stage1,0.9174311926605352,92,0
68.4,stage1,0.9174311926605352,92,0
68.41,stage1,0.9174311926605352,92,0
68.42,stage1,0.9174311926605352,92,0
68.43,stage1,0.9174311926605352,92,0
68.44,stage1,0.9174311926605352,92,0
68.45,stage1,0.9174311926605352,92,0
68.46,stage1,0.9174311926605352,92,0
68.47,stage1,0.9174311926605352,92,0
68.48,stage1,0.9174311926605352,92,0
68.49,stage1,0.9174311926605352,92,0
68.5,stage1,0.9174311926605352,92,0
68.51,stage1,0.9174311926605352,92,0
68.52,stage1,0.9174311926605352,92,0
68.53,stage1,0.9174311926605352,92,0
68.54,stage1,0.9174311926605352,92,0
68.55,stage1,0.9174311926605352,92,0
68.56,stage1,0.9174311926605352,92,0
68.57,stage1,0.9174311926605352,92,0
68.58,stage1,0.9174311926605352,92,0
68.59,stage1,0.9174311926605352,92,0
68.6,stage1,0.9174311926605352,92,0
68.61,stage1,0.9174311926605352,92,0
68.62,stage1,0.9174311926605352,92,0
68.63,stage1,0.9174311926605352,92,0
68.64,stage1,0.9174311926605352,92,0
68.65,stage1,0.9174311926605352,92,0
68.66,stage1,0.9174311926605352,92,0
68.67,stage1,0.9174311926605352,92,0
68.68,stage1,0.9174311926605352,92,0
68.69,stage1,0.9174311926605352,92,0
68.7,stage1,0.9174311926605352,92,0
68.71,stage1,0.9174311926605352,92,0
68.72,stage1,0.9174311926605352,92,0
68.73,stage1,0.9174311926605352,92,0
68.74,stage1,0.9174311926605352,92,0
68.75,stage1,0.9174311926605352,92,0
68.76,stage1,0.9174311926605352,92,0
68.77,stage1,0.9174311926605352,92,0
68.78,stage1,0.9174311926605352,92,0
68.79,stage1,0.9174311926605352,92,0
68.8,stage1,0.9174311926605352,92,0
68.81,stage1,0.9174311926605352,92,0
68.82,stage1,0.9174311926605352,92,0
68.83,stage1,0.9174311926605352,92,0
68.84,stage1,0.9174311926605352,92,0
68.85,stage1,0.9174311926605352,92,0
68.86,stage1,0.9174311926605352,92,0
68.87,stage1,0.9174311926605352,92,0
68.88,stage1,0.9174311926605352,92,0
68.89,stage1,0.9174311926605352,92,0
68.9,stage1,0.9174311926605352,92,0
68.91,stage1,0.9174311926605352,92,0
68.92,stage1,0.9174311926605352,92,0
68.93,stage1,0.9174311926605352,92,0
68.94,stage1,0.9174311926605352,92,0
68.95,stage1,0.9174311926605352,92,0
68.96,stage1,0.9174311926605352,92,0
68.97,stage1,0.9174311926605352,92,0
68.98,stage1,0.9174311926605352,92,0
68.99,stage1,0.9174311926605352,92,0
69.0,stage1,0.9174311926605352,92,0
69.01,stage1,0.9174311926605352,92,0
69.02,stage1,0.9174311926605352,92,0
69.03,stage1,0.9174311926605352,92,0
69.04,stage1,0.9174311926605352,92,0
69.05,stage1,0.9174311926605352,92,0
69.06,stage1,0.9174311926605352,92,0
69.07,stage1,0.9174311926605352,92,0
69.08,stage1,0.9174311926605352,92,0
69.09,stage1,0.9174311926605352,92,0
69.1,stage1,0.9174311926605352,92,0
69.11,stage1,0.9174311926605352,92,0
69.12,stage1,0.9174311926605352,92,0
69.13,stage1,0.9174311926605352,92,0
69.14,stage1,0.9174311926605352,92,0
69.15,stage1,0.9174311926605352,92,0
69.16,stage1,0.9174311926605352,92,0
69.17,stage1,0.9174311926605352,92,0
69.18,stage1,0.9174311926605352,92,0
69.19,stage1,0.9174311926605352,92,0
69.2,stage1,0.9174311926605352,92,0
69.21,stage1,0.9174311926605352,92,0
69.22,stage1,0.9174311926605352,92,0
69.23,stage1,0.9174311926605352,92,0
69.24,stage1,0.9174311926605352,92,0
69.25,stage1,0.9174311926605352,92,0
69.26,stage1,0.9174311926605352,92,0
69.27,stage1,0.9174311926605352,92,0
69.28,stage1,0.9174311926605352,92,0
69.29,stage1,0.9174311926605352,92,0
69.3,stage1,0.9174311926605352,92,0
69.31,stage1,0.9174311926605352,92,0
69.32,stage1,0.9174311926605352,92,0
69.33,stage1,0.9174311926605352,92,0
69.34,stage1,0.9174311926605352,92,0
69.35,stage1,0.9174311926605352,92,0
69.36,stage1,0.9174311926605352,92,0
69.37,stage1,0.9174311926605352,92,0
69.38,stage1,0.9174311926605352,92,0
69.39,stage1,0.9174311926605352,92,0
69.4,stage1,0.9174311926605352,92,0
69.41,stage1,0.9174311926605352,92,0
69.42,stage1,0.9174311926605352,92,0
69.43,stage1,0.9174311926605352,92,0
69.44,stage1,0.9174311926605352,92,0
69.45,stage1,0.9174311926605352,92,0
69.46,stage1,0.9174311926605352,92,0
69.47,stage1,0.9174311926605352,92,0
69.48,stage1,0.9174311926605352,92,0
69.49,stage1,0.9174311926605352,92,0
69.5,stage1,0.9174311926605352,92,0
69.51,stage1,0.9174311926605352,92,0
69.52,stage1,0.9174311926605352,92,0
69.53,stage1,0.9174311926605352,92,0
69.54,stage1,0.9174311926605352,92,0
69.55,stage1,0.9174311926605352,92,0
69.56,stage1,0.9174311926605352,92,0
69.57,stage1,0.9174311926605352,92,0
69.58,stage1,0.9174311926605352,92,0
69.59,stage1,0.9174311926605352,92,0
69.6,stage1,0.9174311926605352,92,0
69.61,stage1,0.9174311926605352,92,0
69.62,stage1,0.9174311926605352,92,0
69.63,stage1,0.9174311926605352,92,0
69.64,stage1,0.9174311926605352,92,0
69.65,stage1,0.9174311926605352,92,0
69.66,stage1,0.9174311926605352,92,0
69.67,stage1,0.9174311926605352,92,0
69.68,stage1,0.9174311926605352,92,0
69.69,stage1,0.9174311926605352,92,0
69.7,stage1,0.9174311926605352,92,0
69.71,stage1,0.9174311926605352,92,0
69.72,stage1,0.9174311926605352,92,0
69.73,stage1,0.9174311926605352,92,0
69.74,stage1,0.9174311926605352,92,0
69.75,stage1,0.9174311926605352,92,0
69.76,stage1,0.9174311926605352,92,0
69.77,stage1,0.9174311926605352,92,0
69.78,stage1,0.9174311926605352,92,0
69.79,stage1,0.9174311926605352,92,0
69.8,stage1,0.9174311926605352,92,0
69.81,stage1,0.9174311926605352,92,0
69.82,stage1,0.9174311926605352,92,0
69.83,stage1,0.9174311926605352,92,0
69.84,stage1,0.9174311926605352,92,0
69.85,stage1,0.9174311926605352,92,0
69.86,stage1,0.9174311926605352,92,0
69.87,stage1,0.9174311926605352,92,0
69.88,stage1,0.9174311926605352,92,0
69.89,stage1,0.9174311926605352,92,0
69.9,stage1,0.9174311926605352,92,0
69.91,stage1,0.9174311926605352,92,0
69.92,stage1,0.9174311926605352,92,0
69.93,stage1,0.9174311926605352,92,0
69.94,stage1,0.9174311926605352,92,0
69.95,stage1,0.9174311926605352,92,0
69.96,stage1,0.9174311926605352,92,0
69.97,stage1,0.9174311926605352,92,0
69.98,stage1,0.9174311926605352,92,0
69.99,stage1,0.9174311926605352,92,0
70.0,stage1,0.9174311926605352,92,0
70.01,stage1,0.9174311926605352,92,0
70.02,stage1,0.9174311926605352,92,0
70.03,stage1,0.9174311926605352,92,0
70.04,stage1,0.9174311926605352,92,0
70.05,stage1,0.9174311926605352,92,0
70.06,stage1,0.9174311926605352,92,0
70.07,stage1,0.9174311926605352,92,0
70.08,stage1,0.9174311926605352,92,0
70.09,stage1,0.9174311926605352,92,0
70.1,stage1,0.9174311926605352,92,0
70.11,stage1,0.9174311926605352,92,0
70.12,stage1,0.9174311926605352,92,0
70.13,stage1,0.9174311926605352,92,0
70.14,stage1,0.9174311926605352,92,0
70.15,stage1,0.9174311926605352,92,0
70.16,stage1,0.9174311926605352,92,0
70.17,stage1,0.9174311926605352,92,0
70.18,stage1,0.9174311926605352,92,0
70.19,stage1,0.9174311926605352,92,0
70.2,stage1,0.9174311926605352,92,0
70.21,stage1,0.9174311926605352,92,0
70.22,stage1,0.9174311926605352,92,0
70.23,stage1,0.9174311926605352,92,0
70.24,stage1,0.9174311926605352,92,0
70.25,stage1,0.9174311926605352,92,0
70.26,stage1,0.9174311926605352,92,0
70.27,stage1,0.9174311926605352,92,0
70.28,stage1,0.9174311926605352,92,0
70.29,stage1,0.9174311926605352,92,0
70.3,stage1,0.9174311926605352,92,0
70.31,stage1,0.9174311926605352,92,0
70.32,stage1,0.9174311926605352,92,0
70.33,stage1,0.9174311926605352,92,0
70.34,stage1,0.9174311926605352,92,0
70.35,stage1,0.9174311926605352,92,0
70.36,stage1,0.9174311926605352,92,0
70.37,stage1,0.9174311926605352,92,0
70.38,stage1,0.9174311926605352,92,0
70.39,stage1,0.9174311926605352,92,0
70.4,stage1,0.9174311926605352,92,0
70.41,stage1,0.9174311926605352,92,0
70.42,stage1,0.9174311926605352,92,0
70.43,stage1,0.9174311926605352,92,0
70.44,stage1,0.9174311926605352,92,0
70.45,stage1,0.9174311926605352,92,0
70.46,stage1,0.9174311926605352,92,0
70.47,stage1,0.9174311926605352,92,0
70.48,stage1,0.9174311926605352,92,0
70.49,stage1,0.9174311926605352,92,0
70.5,stage1,0.9174311926605352,92,0
70.51,stage1,0.9174311926605352,92,0
70.52,stage1,0.9174311926605352,92,0
70.53,stage1,0.9174311926605352,92,0
70.54,stage1,0.9174311926605352,92,0
70.55,stage1,0.9174311926605352,92,0
70.56,stage1,0.9174311926605352,92,0
70.57,stage1,0.9174311926605352,92,0
70.58,stage1,0.9174311926605352,92,0
70.59,stage1,0.9174311926605352,92,0
70.6,stage1,0.9174311926605352,92,0
70.61,stage1,0.9174311926605352,92,0
70.62,stage1,0.9174311926605352,92,0
70.63,stage1,0.9174311926605352,92,0
70.64,stage1,0.9174311926605352,92,0
70.65,stage1,0.9174311926605352,92,0
70.66,stage1,0.9174311926605352,92,0
70.67,stage1,0.9174311926605352,92,0
70.68,stage1,0.9174311926605352,92,0
70.69,stage1,0.9174311926605352,92,0
70.7,stage1,0.9174311926605352,92,0
70.71,stage1,0.9174311926605352,92,0
70.72,stage1,0.9174311926605352,92,0
70.73,stage1,0.9174311926605352,92,0
70.74,stage1,0.9174311926605352,92,0
70.75,stage1,0.9174311926605352,92,0
70.76,stage1,0.9174311926605352,92,0
70.77,stage1,0.9174311926605352,92,0
70.78,stage1,0.9174311926605352,92,0
70.79,stage1,0.9174311926605352,92,0
70.8,stage1,0.9174311926605352,92,0
70.81,stage1,0.9174311926605352,92,0
70.82,stage1,0.9174311926605352,92,0
70.83,stage1,0.9174311926605352,92,0
70.84,stage1,0.9174311926605352,92,0
70.85,stage1,0.9174311926605352,92,0
70.86,stage1,0.9174311926605352,92,0
70.87,stage1,0.9174311926605352,92,0
70.88,stage1,0.9174311926605352,92,0
70.89,stage1,0.9174311926605352,92,0
70.9,stage1,0.9174311926605352,92,0
70.91,stage1,0.9174311926605352,92,0
70.92,stage1,0.9174311926605352,92,0
70.93,stage1,0.9174311926605352,92,0
70.94,stage1,0.9174311926605352,92,0
70.95,stage1,0.9174311926605352,92,0
70.96,stage1,0.9174311926605352,92,0
70.97,stage1,0.9174311926605352,92,0
70.98,stage1,0.9174311926605352,92,0
70.99,stage1,0.9174311926605352,92,0
71.0,stage1,0.9174311926605352,92,0
71.01,stage1,0.9174311926605352,92,0
71.02,stage1,0.9174311926605352,92,0
71.03,stage1,0.9174311926605352,92,0
71.04,stage1,0.9174311926605352,92,0
71.05,stage1,0.9174311926605352,92,0
71.06,stage1,0.9174311926605352,92,0
71.07,stage1,0.9174311926605352,92,0
71.08,stage1,0.9174311926605352,92,0
71.09,stage1,0.9174311926605352,92,0
71.1,stage1,0.9174311926605352,92,0
71.11,stage1,0.9174311926605352,92,0
71.12,stage1,0.9174311926605352,92,0
71.13,stage1,0.9174311926605352,92,0
71.14,stage1,0.9174311926605352,92,0
71.15,stage1,0.9174311926605352,92,0
71.16,stage1,0.9174311926605352,92,0
71.17,stage1,0.9174311926605352,92,0
71.18,stage1,0.9174311926605352,92,0
71.19,stage1,0.9174311926605352,92,0
71.2,stage1,0.9174311926605352,92,0
71.21,stage1,0.9174311926605352,92,0
71.22,stage1,0.9174311926605352,92,0
71.23,stage1,0.9174311926605352,92,0
71.24,stage1,0.9174311926605352,92,0
71.25,stage1,0.9174311926605352,92,0
71.26,stage1,0.9174311926605352,92,0
71.27,stage1,0.9174311926605352,92,0
71.28,stage1,0.9174311926605352,92,0
71.29,stage1,0.9174311926605352,92,0
71.3,stage1,0.9174311926605352,92,0
71.31,stage1,0.9174311926605352,92,0
71.32,stage1,0.9174311926605352,92,0
71.33,stage1,0.9174311926605352,92,0
71.34,stage1,0.9174311926605352,92,0
71.35,stage1,0.9174311926605352,92,0
71.36,stage1,0.9174311926605352,92,0
71.37,stage1,0.9174311926605352,92,0
71.38,stage1,0.9174311926605352,92,0
71.39,stage1,0.9174311926605352,92,0
71.4,stage1,0.9174311926605352,92,0
71.41,stage1,0.9174311926605352,92,0
71.42,stage1,0.9174311926605352,92,0
71.43,stage1,0.9174311926605352,92,0
71.44,stage1,0.9174311926605352,92,0
71.45,stage1,0.9174311926605352,92,0
71.46,stage1,0.9174311926605352,92,0
71.47,stage1,0.9174311926605352,92,0
71.48,stage1,0.9174311926605352,92,0
71.49,stage1,0.9174311926605352,92,0
71.5,stage1,0.9174311926605352,92,0
71.51,stage1,0.9174311926605352,92,0
71.52,stage1,0.9174311926605352,92,0
71.53,stage1,0.9174311926605352,92,0
71.54,stage1,0.9174311926605352,92,0
71.55,stage1,0.9174311926605352,92,0
71.56,stage1,0.9174311926605352,92,0
71.57,stage1,0.9174311926605352,92,0
71.58,stage1,0.9174311926605352,92,0
71.59,stage1,0.9174311926605352,92,0
71.6,stage1,0.9174311926605352,92,0
71.61,stage1,0.9174311926605352,92,0
71.62,stage1,0.9174311926605352,92,0
71.63,stage1,0.9174311926605352,92,0
71.64,stage1,0.9174311926605352,92,0
71.65,stage1,0.9174311926605352,92,0
71.66,stage1,0.9174311926605352,92,0
71.67,stage1,0.9174311926605352,92,0
71.68,stage1,0.9174311926605352,92,0
71.69,stage1,0.9174311926605352,92,0
71.7,stage1,0.9174311926605352,92,0
71.71,stage1,0.9174311926605352,92,0
71.72,stage1,0.9174311926605352,92,0
71.73,stage1,0.9174311926605352,92,0
71.74,stage1,0.9174311926605352,92,0
71.75,stage1,0.9174311926605352,92,0
71.76,stage1,0.9174311926605352,92,0
71.77,stage1,0.9174311926605352,92,0
71.78,stage1,0.9174311926605352,92,0
71.79,stage1,0.9174311926605352,92,0
71.8,stage1,0.9174311926605352,92,0
71.81,stage1,0.9174311926605352,92,0
71.82,stage1,0.9174311926605352,92,0
71.83,stage1,0.9174311926605352,92,0
71.84,stage1,0.9174311926605352,92,0
71.85,stage1,0.9174311926605352,92,0
71.86,stage1,0.9174311926605352,92,0
71.87,stage1,0.9174311926605352,92,0
71.88,stage1,0.9174311926605352,92,0
71.89,stage1,0.9174311926605352,92,0
71.9,stage1,0.9174311926605352,92,0
71.91,stage1,0.9174311926605352,92,0
71.92,stage1,0.9174311926605352,92,0
71.93,stage1,0.9174311926605352,92,0
71.94,stage1,0.9174311926605352,92,0
71.95,stage1,0.9174311926605352,92,0
71.96,stage1,0.9174311926605352,92,0
71.97,stage1,0.9174311926605352,92,0
71.98,stage1,0.9174311926605352,92,0
71.99,stage1,0.9174311926605352,92,0
72.0,stage1,0.9174311926605352,92,0
72.01,stage1,0.9174311926605352,92,0
72.02,stage1,0.9174311926605352,92,0
72.03,stage1,0.9174311926605352,92,0
72.04,stage1,0.9174311926605352,92,0
72.05,stage1,0.9174311926605352,92,0
72.06,stage1,0.9174311926605352,92,0
72.07,stage1,0.9174311926605352,92,0
72.08,stage1,0.9174311926605352,92,0
72.09,stage1,0.9174311926605352,92,0
72.1,stage1,0.9174311926605352,92,0
72.11,stage1,0.9174311926605352,92,0
72.12,stage1,0.9174311926605352,92,0
72.13,stage1,0.9174311926605352,92,0
72.14,stage1,0.9174311926605352,92,0
72.15,stage1,0.9174311926605352,92,0
72.16,stage1,0.9174311926605352,92,0
72.17,stage1,0.9174311926605352,92,0
72.18,stage1,0.9174311926605352,92,0
72.19,stage1,0.9174311926605352,92,0
72.2,stage1,0.9174311926605352,92,0
72.21,stage1,0.9174311926605352,92,0
72.22,stage1,0.9174311926605352,92,0
72.23,stage1,0.9174311926605352,92,0
72.24,stage1,0.9174311926605352,92,0
72.25,stage1,0.9174311926605352,92,0
72.26,stage1,0.9174311926605352,92,0
72.27,stage1,0.9174311926605352,92,0
72.28,stage1,0.9174311926605352,92,0
72.29,stage1,0.9174311926605352,92,0
72.3,stage1,0.9174311926605352,92,0
72.31,stage1,0.9174311926605352,92,0
72.32,stage1,0.9174311926605352,92,0
72.33,stage1,0.9174311926605352,92,0
72.34,stage1,0.9174311926605352,92,0
72.35,stage1,0.9174311926605352,92,0
72.36,stage1,0.9174311926605352,92,0
72.37,stage1,0.9174311926605352,92,0
72.38,stage1,0.9174311926605352,92,0
72.39,stage1,0.9174311926605352,92,0
72.4,stage1,0.9174311926605352,92,0
72.41,stage1,0.9174311926605352,92,0
72.42,stage1,0.9174311926605352,92,0
72.43,stage1,0.9174311926605352,92,0
72.44,stage1,0.9174311926605352,92,0
72.45,stage1,0.9174311926605352,92,0
72.46,stage1,0.9174311926605352,92,0
72.47,stage1,0.9174311926605352,92,0
72.48,stage1,0.9174311926605352,92,0
72.49,stage1,0.9174311926605352,92,0
72.5,stage1,0.9174311926605352,92,0
72.51,stage1,0.9174311926605352,92,0
72.52,stage1,0.9174311926605352,92,0
72.53,stage1,0.9174311926605352,92,0
72.54,stage1,0.9174311926605352,92,0
72.55,stage1,0.9174311926605352,92,0
72.56,stage1,0.9174311926605352,92,0
72.57,stage1,0.9174311926605352,92,0
72.58,stage1,0.9174311926605352,92,0
72.59,stage1,0.9174311926605352,92,0
72.6,stage1,0.9174311926605352,92,0
72.61,stage1,0.9174311926605352,92,0
72.62,stage1,0.9174311926605352,92,0
72.63,stage1,0.9174311926605352,92,0
72.64,stage1,0.9174311926605352,92,0
72.65,stage1,0.9174311926605352,92,0
72.66,stage1,0.9174311926605352,92,0
72.67,stage1,0.9174311926605352,92,0
72.68,stage1,0.9174311926605352,92,0
72.69,stage1,0.9174311926605352,92,0
72.7,stage1,0.9174311926605352,92,0
72.71,stage1,0.9174311926605352,92,0
72.72,stage1,0.9174311926605352,92,0
72.73,stage1,0.9174311926605352,92,0
72.74,stage1,0.9174311926605352,92,0
72.75,stage1,0.9174311926605352,92,0
72.76,stage1,0.9174311926605352,92,0
72.77,stage1,0.9174311926605352,92,0
72.78,stage1,0.9174311926605352,92,0
72.79,stage1,0.9174311926605352,92,0
72.8,stage1,0.9174311926605352,92,0
72.81,stage1,0.9174311926605352,92,0
72.82,stage1,0.9174311926605352,92,0
72.83,stage1,0.9174311926605352,92,0
72.84,stage1,0.9174311926605352,92,0
72.85,stage1,0.9174311926605352,92,0
72.86,stage1,0.9174311926605352,92,0
72.87,stage1,0.9174311926605352,92,0
72.88,stage1,0.9174311926605352,92,0
72.89,stage1,0.9174311926605352,92,0
72.9,stage1,0.9174311926605352,92,0
72.91,stage1,0.9174311926605352,92,0
72.92,stage1,0.9174311926605352,92,0
72.93,stage1,0.9174311926605352,92,0
72.94,stage1,0.9174311926605352,92,0
72.95,stage1,0.9174311926605352,92,0
72.96,stage1,0.9174311926605352,92,0
72.97,stage1,0.9174311926605352,92,0
72.98,stage1,0.9174311926605352,92,0
72.99,stage1,0.9174311926605352,92,0
73.0,stage1,0.9174311926605352,92,0
73.01,stage1,0.9174311926605352,92,0
73.02,stage1,0.9174311926605352,92,0
73.03,stage1,0.9174311926605352,92,0
73.04,stage1,0.9174311926605352,92,0
73.05,stage1,0.9174311926605352,92,0
73.06,stage1,0.9174311926605352,92,0
73.07,stage1,0.9174311926605352,92,0
73.08,stage1,0.9174311926605352,92,0
73.09,stage1,0.9174311926605352,92,0
73.1,stage1,0.9174311926605352,92,0
73.11,stage1,0.9174311926605352,92,0
73.12,stage1,0.9174311926605352,92,0
73.13,stage1,0.9174311926605352,92,0
73.14,stage1,0.9174311926605352,92,0
73.15,stage1,0.9174311926605352,92,0
73.16,stage1,0.9174311926605352,92,0
73.17,stage1,0.9174311926605352,92,0
73.18,stage1,0.9174311926605352,92,0
73.19,stage1,0.9174311926605352,92,0
73.2,stage1,0.9174311926605352,92,0
73.21,stage1,0.9174311926605352,92,0
73.22,stage1,0.9174311926605352,92,0
73.23,stage1,0.9174311926605352,92,0
73.24,stage1,0.9174311926605352,92,0
73.25,stage1,0.9174311926605352,92,0
73.26,stage1,0.9174311926605352,92,0
73.27,stage1,0.9174311926605352,92,0
73.28,stage1,0.9174311926605352,92,0
73.29,stage1,0.9174311926605352,92,0
73.3,stage1,0.9174311926605352,92,0
73.31,stage1,0.9174311926605352,92,0
73.32,stage1,0.9174311926605352,92,0
73.33,stage1,0.9174311926605352,92,0
73.34,stage1,0.9174311926605352,92,0
73.35,stage1,0.9174311926605352,92,0
73.36,stage1,0.9174311926605352,92,0
73.37,stage1,0.9174311926605352,92,0
73.38,stage1,0.9174311926605352,92,0
73.39,stage1,0.9174311926605352,92,0
73.4,stage1,0.9174311926605352,92,0
73.41,stage1,0.9174311926605352,92,0
73.42,stage1,0.9174311926605352,92,0
73.43,stage1,0.9174311926605352,92,0
73.44,stage1,0.9174311926605352,92,0
73.45,stage1,0.9174311926605352,92,0
73.46,stage1,0.9174311926605352,92,0
73.47,stage1,0.9174311926605352,92,0
73.48,stage1,0.9174311926605352,92,0
73.49,stage1,0.9174311926605352,92,0
73.5,stage1,0.9174311926605352,92,0
73.51,stage1,0.9174311926605352,92,0
73.52,stage1,0.9174311926605352,92,0
73.53,stage1,0.9174311926605352,92,0
73.54,stage1,0.9174311926605352,92,0
73.55,stage1,0.9174311926605352,92,0
73.56,stage1,0.9174311926605352,92,0
73.57,stage1,0.9174311926605352,92,0
73.58,stage1,0.9174311926605352,92,0
73.59,stage1,0.9174311926605352,92,0
73.6,stage1,0.9174311926605352,92,0
73.61,stage1,0.9174311926605352,92,0
73.62,stage1,0.9174311926605352,92,0
73.63,stage1,0.9174311926605352,92,0
73.64,stage1,0.9174311926605352,92,0
73.65,stage1,0.9174311926605352,92,0
73.66,stage1,0.9174311926605352,92,0
73.67,stage1,0.9174311926605352,92,0
73.68,stage1,0.9174311926605352,92,0
73.69,stage1,0.9174311926605352,92,0
73.7,stage1,0.9174311926605352,92,0
73.71,stage1,0.9174311926605352,92,0
73.72,stage1,0.9174311926605352,92,0
73.73,stage1,0.9174311926605352,92,0
73.74,stage1,0.9174311926605352,92,0
73.75,stage1,0.9174311926605352,92,0
73.76,stage1,0.9174311926605352,92,0
73.77,stage1,0.9174311926605352,92,0
73.78,stage1,0.9174311926605352,92,0
73.79,stage1,0.9174311926605352,92,0
73.8,stage1,0.9174311926605352,92,0
73.81,stage1,0.9174311926605352,92,0
73.82,stage1,0.9174311926605352,92,0
73.83,stage1,0.9174311926605352,92,0
73.84,stage1,0.9174311926605352,92,0
73.85,stage1,0.9174311926605352,92,0
73.86,stage1,0.9174311926605352,92,0
73.87,stage1,0.9174311926605352,92,0
73.88,stage1,0.9174311926605352,92,0
73.89,stage1,0.9174311926605352,92,0
73.9,stage1,0.9174311926605352,92,0
73.91,stage1,0.9174311926605352,92,0
73.92,stage1,0.9174311926605352,92,0
73.93,stage1,0.9174311926605352,92,0
73.94,stage1,0.9174311926605352,92,0
73.95,stage1,0.9174311926605352,92,0
73.96,stage1,0.9174311926605352,92,0
73.97,stage1,0.9174311926605352,92,0
73.98,stage1,0.9174311926605352,92,0
73.99,stage1,0.9174311926605352,92,0
74.0,stage1,0.9174311926605352,92,0
74.01,stage1,0.9174311926605352,92,0
74.02,stage1,0.9174311926605352,92,0
74.03,stage1,0.9174311926605352,92,0
74.04,stage1,0.9174311926605352,92,0
74.05,stage1,0.9174311926605352,92,0
74.06,stage1,0.9174311926605352,92,0
74.07,stage1,0.9174311926605352,92,0
74.08,stage1,0.9174311926605352,92,0
74.09,stage1,0.9174311926605352,92,0
74.1,stage1,0.9174311926605352,92,0
74.11,stage1,0.9174311926605352,92,0
74.12,stage1,0.9174311926605352,92,0
74.13,stage1,0.9174311926605352,92,0
74.14,stage1,0.9174311926605352,92,0
74.15,stage1,0.9174311926605352,92,0
74.16,stage1,0.9174311926605352,92,0
74.17,stage1,0.9174311926605352,92,0
74.18,stage1,0.9174311926605352,92,0
74.19,stage1,0.9174311926605352,92,0
74.2,stage1,0.9174311926605352,92,0
74.21,stage1,0.9174311926605352,92,0
74.22,stage1,0.9174311926605352,92,0
74.23,stage1,0.9174311926605352,92,0
74.24,stage1,0.9174311926605352,92,0
74.25,stage1,0.9174311926605352,92,0
74.26,stage1,0.9174311926605352,92,0
74.27,stage1,0.9174311926605352,92,0
74.28,stage1,0.9174311926605352,92,0
74.29,stage1,0.9174311926605352,92,0
74.3,stage1,0.9174311926605352,92,0
74.31,stage1,0.9174311926605352,92,0
74.32,stage1,0.9174311926605352,92,0
74.33,stage1,0.9174311926605352,92,0
74.34,stage1,0.9174311926605352,92,0
74.35,stage1,0.9174311926605352,92,0
74.36,stage1,0.9174311926605352,92,0
74.37,stage1,0.9174311926605352,92,0
74.38,stage1,0.9174311926605352,92,0
74.39,stage1,0.9174311926605352,92,0
74.4,stage1,0.9174311926605352,92,0
74.41,stage1,0.9174311926605352,92,0
74.42,stage1,0.9174311926605352,92,0
74.43,stage1,0.9174311926605352,92,0
74.44,stage1,0.9174311926605352,92,0
74.45,stage1,0.9174311926605352,92,0
74.46,stage1,0.9174311926605352,92,0
74.47,stage1,0.9174311926605352,92,0
74.48,stage1,0.9174311926605352,92,0
74.49,stage1,0.9174311926605352,92,0
74.5,stage1,0.9174311926605352,92,0
74.51,stage1,0.9174311926605352,92,0
74.52,stage1,0.9174311926605352,92,0
74.53,stage1,0.9174311926605352,92,0
74.54,stage1,0.9174311926605352,92,0
74.55,stage1,0.9174311926605352,92,0
74.56,stage1,0.9174311926605352,92,0
74.57,stage1,0.9174311926605352,92,0
74.58,stage1,0.9174311926605352,92,0
74.59,stage1,0.9174311926605352,92,0
74.6,stage1,0.9174311926605352,92,0
74.61,stage1,0.9174311926605352,92,0
74.62,stage1,0.9174311926605352,92,0
74.63,stage1,0.9174311926605352,92,0
74.64,stage1,0.9174311926605352,92,0
74.65,stage1,0.9174311926605352,92,0
74.66,stage1,0.9174311926605352,92,0
74.67,stage1,0.9174311926605352,92,0
74.68,stage1,0.9174311926605352,92,0
74.69,stage1,0.9174311926605352,92,0
74.7,stage1,0.9174311926605352,92,0
74.71,stage1,0.9174311926605352,92,0
74.72,stage1,0.9174311926605352,92,0
74.73,stage1,0.9174311926605352,92,0
74.74,stage1,0.9174311926605352,92,0
74.75,stage1,0.9174311926605352,92,0
74.76,stage1,0.9174311926605352,92,0
74.77,stage1,0.9174311926605352,92,0
74.78,stage1,0.9174311926605352,92,0
74.79,stage1,0.9174311926605352,92,0
74.8,stage1,0.9174311926605352,92,0
74.81,stage1,0.9174311926605352,92,0
74.82,stage1,0.9174311926605352,92,0
74.83,stage1,0.9174311926605352,92,0
74.84,stage1,0.9174311926605352,92,0
74.85,stage1,0.9174311926605352,92,0
74.86,stage1,0.9174311926605352,92,0
74.87,stage1,0.9174311926605352,92,0
74.88,stage1,0.9174311926605352,92,0
74.89,stage1,0.9174311926605352,92,0
74.9,stage1,0.9174311926605352,92,0
74.91,stage1,0.9174311926605352,92,0
74.92,stage1,0.9174311926605352,92,0
74.93,stage1,0.9174311926605352,92,0
74.94,stage1,0.9174311926605352,92,0
74.95,stage1,0.9174311926605352,92,0
74.96,stage1,0.9174311926605352,92,0
74.97,stage1,0.9174311926605352,92,0
74.98,stage1,0.9174311926605352,92,0
74.99,stage1,0.9174311926605352,92,0
75.0,stage1,0.9174311926605352,92,0
75.01,stage1,0.9174311926605352,92,0
75.02,stage1,0.9174311926605352,92,0
75.03,stage1,0.9174311926605352,92,0
75.04,stage1,0.9174311926605352,92,0
75.05,stage1,0.9174311926605352,92,0
75.06,stage1,0.9174311926605352,92,0
75.07,stage1,0.9174311926605352,92,0
75.08,stage1,0.9174311926605352,92,0
75.09,stage1,0.9174311926605352,92,0
75.1,stage1,0.9174311926605352,92,0
75.11,stage1,0.9174311926605352,92,0
75.12,stage1,0.9174311926605352,92,0
75.13,stage1,0.9174311926605352,92,0
75.14,stage1,0.9174311926605352,92,0
75.15,stage1,0.9174311926605352,92,0
75.16,stage1,0.9174311926605352,92,0
75.17,stage1,0.9174311926605352,92,0
75.18,stage1,0.9174311926605352,92,0
75.19,stage1,0.9174311926605352,92,0
75.2,stage1,0.9174311926605352,92,0
75.21,stage1,0.9174311926605352,92,0
75.22,stage1,0.9174311926605352,92,0
75.23,stage1,0.9174311926605352,92,0
75.24,stage1,0.9174311926605352,92,0
75.25,stage1,0.9174311926605352,92,0
75.26,stage1,0.9174311926605352,92,0
75.27,stage1,0.9174311926605352,92,0
75.28,stage1,0.9174311926605352,92,0
75.29,stage1,0.9174311926605352,92,0
75.3,stage1,0.9174311926605352,92,0
75.31,stage1,0.9174311926605352,92,0
75.32,stage1,0.9174311926605352,92,0
75.33,stage1,0.9174311926605352,92,0
75.34,stage1,0.9174311926605352,92,0
75.35,stage1,0.9174311926605352,92,0
75.36,stage1,0.9174311926605352,92,0
75.37,stage1,0.9174311926605352,92,0
75.38,stage1,0.9174311926605352,92,0
75.39,stage1,0.9174311926605352,92,0
75.4,stage1,0.9174311926605352,92,0
75.41,stage1,0.9174311926605352,92,0
75.42,stage1,0.9174311926605352,92,0
75.43,stage1,0.9174311926605352,92,0
75.44,stage1,0.9174311926605352,92,0
75.45,stage1,0.9174311926605352,92,0
75.46,stage1,0.9174311926605352,92,0
75.47,stage1,0.9174311926605352,92,0
75.48,stage1,0.9174311926605352,92,0
75.49,stage1,0.9174311926605352,92,0
75.5,stage1,0.9174311926605352,92,0
75.51,stage1,0.9174311926605352,92,0
75.52,stage1,0.9174311926605352,92,0
75.53,stage1,0.9174311926605352,92,0
75.54,stage1,0.9174311926605352,92,0
75.55,stage1,0.9174311926605352,92,0
75.56,stage1,0.9174311926605352,92,0
75.57,stage1,0.9174311926605352,92,0
75.58,stage1,0.9174311926605352,92,0
75.59,stage1,0.9174311926605352,92,0
75.6,stage1,0.9174311926605352,92,0
75.61,stage1,0.9174311926605352,92,0
75.62,stage1,0.9174311926605352,92,0
75.63,stage1,0.9174311926605352,92,0
75.64,stage1,0.9174311926605352,92,0
75.65,stage1,0.9174311926605352,92,0
75.66,stage1,0.9174311926605352,92,0
75.67,stage1,0.9174311926605352,92,0
75.68,stage1,0.9174311926605352,92,0
75.69,stage1,0.9174311926605352,92,0
75.7,stage1,0.9174311926605352,92,0
75.71,stage1,0.9174311926605352,92,0
75.72,stage1,0.9174311926605352,92,0
75.73,stage1,0.9174311926605352,92,0
75.74,stage1,0.9174311926605352,92,0
75.75,stage1,0.9174311926605352,92,0
75.76,stage1,0.9174311926605352,92,0
75.77,stage1,0.9174311926605352,92,0
75.78,stage1,0.9174311926605352,92,0
75.79,stage1,0.9174311926605352,92,0
75.8,stage1,0.9174311926605352,92,0
75.81,stage1,0.9174311926605352,92,0
75.82,stage1,0.9174311926605352,92,0
75.83,stage1,0.9174311926605352,92,0
75.84,stage1,0.9174311926605352,92,0
75.85,stage1,0.9174311926605352,92,0
75.86,stage1,0.9174311926605352,92,0
75.87,stage1,0.9174311926605352,92,0
75.88,stage1,0.9174311926605352,92,0
75.89,stage1,0.9174311926605352,92,0
75.9,stage1,0.9174311926605352,92,0
75.91,stage1,0.9174311926605352,92,0
75.92,stage1,0.9174311926605352,92,0
75.93,stage1,0.9174311926605352,92,0
75.94,stage1,0.9174311926605352,92,0
75.95,stage1,0.9174311926605352,92,0
75.96,stage1,0.9174311926605352,92,0
75.97,stage1,0.9174311926605352,92,0
75.98,stage1,0.9174311926605352,92,0
75.99,stage1,0.9174311926605352,92,0
76.0,stage1,0.9174311926605352,92,0
76.01,stage1,0.9174311926605352,92,0
76.02,stage1,0.9174311926605352,92,0
76.03,stage1,0.9174311926605352,92,0
76.04,stage1,0.9174311926605352,92,0
76.05,stage1,0.9174311926605352,92,0
76.06,stage1,0.9174311926605352,92,0
76.07,stage1,0.9174311926605352,92,0
76.08,stage1,0.9174311926605352,92,0
76.09,stage1,0.9174311926605352,92,0
76.1,stage1,0.9174311926605352,92,0
76.11,stage1,0.9174311926605352,92,0
76.12,stage1,0.9174311926605352,92,0
76.13,stage1,0.9174311926605352,92,0
76.14,stage1,0.9174311926605352,92,0
76.15,stage1,0.9174311926605352,92,0
76.16,stage1,0.9174311926605352,92,0
76.17,stage1,0.9174311926605352,92,0
76.18,stage1,0.9174311926605352,92,0
76.19,stage1,0.9174311926605352,92,0
76.2,stage1,0.9174311926605352,92,0
76.21,stage1,0.9174311926605352,92,0
76.22,stage1,0.9174311926605352,92,0
76.23,stage1,0.9174311926605352,92,0
76.24,stage1,0.9174311926605352,92,0
76.25,stage1,0.9174311926605352,92,0
76.26,stage1,0.9174311926605352,92,0
76.27,stage1,0.9174311926605352,92,0
76.28,stage1,0.9174311926605352,92,0
76.29,stage1,0.9174311926605352,92,0
76.3,stage1,0.9174311926605352,92,0
76.31,stage1,0.9174311926605352,92,0
76.32,stage1,0.9174311926605352,92,0
76.33,stage1,0.9174311926605352,92,0
76.34,stage1,0.9174311926605352,92,0
76.35,stage1,0.9174311926605352,92,0
76.36,stage1,0.9174311926605352,92,0
76.37,stage1,0.9174311926605352,92,0
76.38,stage1,0.9174311926605352,92,0
76.39,stage1,0.9174311926605352,92,0
76.4,stage1,0.9174311926605352,92,0
76.41,stage1,0.9174311926605352,92,0
76.42,stage1,0.9174311926605352,92,0
76.43,stage1,0.9174311926605352,92,0
76.44,stage1,0.9174311926605352,92,0
76.45,stage1,0.9174311926605352,92,0
76.46,stage1,0.9174311926605352,92,0
76.47,stage1,0.9174311926605352,92,0
76.48,stage1,0.9174311926605352,92,0
76.49,stage1,0.9174311926605352,92,0
76.5,stage1,0.9174311926605352,92,0
76.51,stage1,0.9174311926605352,92,0
76.52,stage1,0.9174311926605352,92,0
76.53,stage1,0.9174311926605352,92,0
76.54,stage1,0.9174311926605352,92,0
76.55,stage1,0.9174311926605352,92,0
76.56,stage1,0.9174311926605352,92,0
76.57,stage1,0.9174311926605352,92,0
76.58,stage1,0.9174311926605352,92,0
76.59,stage1,0.9174311926605352,92,0
76.6,stage1,0.9174311926605352,92,0
76.61,stage1,0.9174311926605352,92,0
76.62,stage1,0.9174311926605352,92,0
76.63,stage1,0.9174311926605352,92,0
76.64,stage1,0.9174311926605352,92,0
76.65,stage1,0.9174311926605352,92,0
76.66,stage1,0.9174311926605352,92,0
76.67,stage1,0.9174311926605352,92,0
76.68,stage1,0.9174311926605352,92,0
76.69,stage1,0.9174311926605352,92,0
76.7,stage1,0.9174311926605352,92,0
76.71,stage1,0.9174311926605352,92,0
76.72,stage1,0.9174311926605352,92,0
76.73,stage1,0.9174311926605352,92,0
76.74,stage1,0.9174311926605352,92,0
76.75,stage1,0.9174311926605352,92,0
76.76,stage1,0.9174311926605352,92,0
76.77,stage1,0.9174311926605352,92,0
76.78,stage1,0.9174311926605352,92,0
76.79,stage1,0.9174311926605352,92,0
76.8,stage1,0.9174311926605352,92,0
76.81,stage1,0.9174311926605352,92,0
76.82,stage1,0.9174311926605352,92,0
76.83,stage1,0.9174311926605352,92,0
76.84,stage1,0.9174311926605352,92,0
76.85,stage1,0.9174311926605352,92,0
76.86,stage1,0.9174311926605352,92,0
76.87,stage1,0.9174311926605352,92,0
76.88,stage1,0.9174311926605352,92,0
76.89,stage1,0.9174311926605352,92,0
76.9,stage1,0.9174311926605352,92,0
76.91,stage1,0.9174311926605352,92,0
76.92,stage1,0.9174311926605352,92,0
76.93,stage1,0.9174311926605352,92,0
76.94,stage1,0.9174311926605352,92,0
76.95,stage1,0.9174311926605352,92,0
76.96,stage1,0.9174311926605352,92,0
76.97,stage1,0.9174311926605352,92,0
76.98,stage1,0.9174311926605352,92,0
76.99,stage1,0.9174311926605352,92,0
77.0,stage1,0.9174311926605352,92,0
77.01,stage1,0.9174311926605352,92,0
77.02,stage1,0.9174311926605352,92,0
77.03,stage1,0.9174311926605352,92,0
77.04,stage1,0.9174311926605352,92,0
77.05,stage1,0.9174311926605352,92,0
77.06,stage1,0.9174311926605352,92,0
77.07,stage1,0.9174311926605352,92,0
77.08,stage1,0.9174311926605352,92,0
77.09,stage1,0.9174311926605352,92,0
77.1,stage1,0.9174311926605352,92,0
77.11,stage1,0.9174311926605352,92,0
77.12,stage1,0.9174311926605352,92,0
77.13,stage1,0.9174311926605352,92,0
77.14,stage1,0.9174311926605352,92,0
77.15,stage1,0.9174311926605352,92,0
77.16,stage1,0.9174311926605352,92,0
77.17,stage1,0.9174311926605352,92,0
77.18,stage1,0.9174311926605352,92,0
77.19,stage1,0.9174311926605352,92,0
77.2,stage1,0.9174311926605352,92,0
77.21,stage1,0.9174311926605352,92,0
77.22,stage1,0.9174311926605352,92,0
77.23,stage1,0.9174311926605352,92,0
77.24,stage1,0.9174311926605352,92,0
77.25,stage1,0.9174311926605352,92,0
77.26,stage1,0.9174311926605352,92,0
77.27,stage1,0.9174311926605352,92,0
77.28,stage1,0.9174311926605352,92,0
77.29,stage1,0.9174311926605352,92,0
77.3,stage1,0.9174311926605352,92,0
77.31,stage1,0.9174311926605352,92,0
77.32,stage1,0.9174311926605352,92,0
77.33,stage1,0.9174311926605352,92,0
77.34,stage1,0.9174311926605352,92,0
77.35,stage1,0.9174311926605352,92,0
77.36,stage1,0.9174311926605352,92,0
77.37,stage1,0.9174311926605352,92,0
77.38,stage1,0.9174311926605352,92,0
77.39,stage1,0.9174311926605352,92,0
77.4,stage1,0.9174311926605352,92,0
77.41,stage1,0.9174311926605352,92,0
77.42,stage1,0.9174311926605352,92,0
77.43,stage1,0.9174311926605352,92,0
77.44,stage1,0.9174311926605352,92,0
77.45,stage1,0.9174311926605352,92,0
77.46,stage1,0.9174311926605352,92,0
77.47,stage1,0.9174311926605352,92,0
77.48,stage1,0.9174311926605352,92,0
77.49,stage1,0.9174311926605352,92,0
77.5,stage1,0.9174311926605352,92,0
77.51,stage1,0.9174311926605352,92,0
77.52,stage1,0.9174311926605352,92,0
77.53,stage1,0.9174311926605352,92,0
77.54,stage1,0.9174311926605352,92,0
77.55,stage1,0.9174311926605352,92,0
77.56,stage1,0.9174311926605352,92,0
77.57,stage1,0.9174311926605352,92,0
77.58,stage1,0.9174311926605352,92,0
77.59,stage1,0.9174311926605352,92,0
77.6,stage1,0.9174311926605352,92,0
77.61,stage1,0.9174311926605352,92,0
77.62,stage1,0.9174311926605352,92,0
77.63,stage1,0.9174311926605352,92,0
77.64,stage1,0.9174311926605352,92,0
77.65,stage1,0.9174311926605352,92,0
77.66,stage1,0.9174311926605352,92,0
77.67,stage1,0.9174311926605352,92,0
77.68,stage1,0.9174311926605352,92,0
77.69,stage1,0.9174311926605352,92,0
77.7,stage1,0.9174311926605352,92,0
77.71,stage1,0.9174311926605352,92,0
77.72,stage1,0.9174311926605352,92,0
77.73,stage1,0.9174311926605352,92,0
77.74,stage1,0.9174311926605352,92,0
77.75,stage1,0.9174311926605352,92,0
77.76,stage1,0.9174311926605352,92,0
77.77,stage1,0.9174311926605352,92,0
77.78,stage1,0.9174311926605352,92,0
77.79,stage1,0.9174311926605352,92,0
77.8,stage1,0.9174311926605352,92,0
77.81,stage1,0.9174311926605352,92,0
77.82,stage1,0.9174311926605352,92,0
77.83,stage1,0.9174311926605352,92,0
77.84,stage1,0.9174311926605352,92,0
77.85,stage1,0.9174311926605352,92,0
77.86,stage1,0.9174311926605352,92,0
77.87,stage1,0.9174311926605352,92,0
77.88,stage1,0.9174311926605352,92,0
77.89,stage1,0.9174311926605352,92,0
77.9,stage1,0.9174311926605352,92,0
77.91,stage1,0.9174311926605352,92,0
77.92,stage1,0.9174311926605352,92,0
77.93,stage1,0.9174311926605352,92,0
77.94,stage1,0.9174311926605352,92,0
77.95,stage1,0.9174311926605352,92,0
77.96,stage1,0.9174311926605352,92,0
77.97,stage1,0.9174311926605352,92,0
77.98,stage1,0.9174311926605352,92,0
77.99,stage1,0.9174311926605352,92,0
78.0,stage1,0.9174311926605352,92,0
78.01,stage1,0.9174311926605352,92,0
78.02,stage1,0.9174311926605352,92,0
78.03,stage1,0.9174311926605352,92,0
78.04,stage1,0.9174311926605352,92,0
78.05,stage1,0.9174311926605352,92,0
78.06,stage1,0.9174311926605352,92,0
78.07,stage1,0.9174311926605352,92,0
78.08,stage1,0.9174311926605352,92,0
78.09,stage1,0.9174311926605352,92,0
78.1,stage1,0.9174311926605352,92,0
78.11,stage1,0.9174311926605352,92,0
78.12,stage1,0.9174311926605352,92,0
78.13,stage1,0.9174311926605352,92,0
78.14,stage1,0.9174311926605352,92,0
78.15,stage1,0.9174311926605352,92,0
78.16,stage1,0.9174311926605352,92,0
78.17,stage1,0.9174311926605352,92,0
78.18,stage1,0.9174311926605352,92,0
78.19,stage1,0.9174311926605352,92,0
78.2,stage1,0.9174311926605352,92,0
78.21,stage1,0.9174311926605352,92,0
78.22,stage1,0.9174311926605352,92,0
78.23,stage1,0.9174311926605352,92,0
78.24,stage1,0.9174311926605352,92,0
78.25,stage1,0.9174311926605352,92,0
78.26,stage1,0.9174311926605352,92,0
78.27,stage1,0.9174311926605352,92,0
78.28,stage1,0.9174311926605352,92,0
78.29,stage1,0.9174311926605352,92,0
78.3,stage1,0.9174311926605352,92,0
78.31,stage1,0.9174311926605352,92,0
78.32,stage1,0.9174311926605352,92,0
78.33,stage1,0.9174311926605352,92,0
78.34,stage1,0.9174311926605352,92,0
78.35,stage1,0.9174311926605352,92,0
78.36,stage1,0.9174311926605352,92,0
78.37,stage1,0.9174311926605352,92,0
78.38,stage1,0.9174311926605352,92,0
78.39,stage1,0.9174311926605352,92,0
78.4,stage1,0.9174311926605352,92,0
78.41,stage1,0.9174311926605352,92,0
78.42,stage1,0.9174311926605352,92,0
78.43,stage1,0.9174311926605352,92,0
78.44,stage1,0.9174311926605352,92,0
78.45,stage1,0.9174311926605352,92,0
78.46,stage1,0.9174311926605352,92,0
78.47,stage1,0.9174311926605352,92,0
78.48,stage1,0.9174311926605352,92,0
78.49,stage1,0.9174311926605352,92,0
78.5,stage1,0.9174311926605352,92,0
78.51,stage1,0.9174311926605352,92,0
78.52,stage1,0.9174311926605352,92,0
78.53,stage1,0.9174311926605352,92,0
78.54,stage1,0.9174311926605352,92,0
78.55,stage1,0.9174311926605352,92,0
78.56,stage1,0.9174311926605352,92,0
78.57,stage1,0.9174311926605352,92,0
78.58,stage1,0.9174311926605352,92,0
78.59,stage1,0.9174311926605352,92,0
78.6,stage1,0.9174311926605352,92,0
78.61,stage1,0.9174311926605352,92,0
78.62,stage1,0.9174311926605352,92,0
78.63,stage1,0.9174311926605352,92,0
78.64,stage1,0.9174311926605352,92,0
78.65,stage1,0.9174311926605352,92,0
78.66,stage1,0.9174311926605352,92,0
78.67,stage1,0.9174311926605352,92,0
78.68,stage1,0.9174311926605352,92,0
78.69,stage1,0.9174311926605352,92,0
78.7,stage1,0.9174311926605352,92,0
78.71,stage1,0.9174311926605352,92,0
78.72,stage1,0.9174311926605352,92,0
78.73,stage1,0.9174311926605352,92,0
78.74,stage1,0.9174311926605352,92,0
78.75,stage1,0.9174311926605352,92,0
78.76,stage1,0.9174311926605352,92,0
78.77,stage1,0.9174311926605352,92,0
78.78,stage1,0.9174311926605352,92,0
78.79,stage1,0.9174311926605352,92,0
78.8,stage1,0.9174311926605352,92,0
78.81,stage1,0.9174311926605352,92,0
78.82,stage1,0.9174311926605352,92,0
78.83,stage1,0.9174311926605352,92,0
78.84,stage1,0.9174311926605352,92,0
78.85,stage1,0.9174311926605352,92,0
78.86,stage1,0.9174311926605352,92,0
78.87,stage1,0.9174311926605352,92,0
78.88,stage1,0.9174311926605352,92,0
78.89,stage1,0.9174311926605352,92,0
78.9,stage1,0.9174311926605352,92,0
78.91,stage1,0.9174311926605352,92,0
78.92,stage1,0.9174311926605352,92,0
78.93,stage1,0.9174311926605352,92,0
78.94,stage1,0.9174311926605352,92,0
78.95,stage1,0.9174311926605352,92,0
78.96,stage1,0.9174311926605352,92,0
78.97,stage1,0.9174311926605352,92,0
78.98,stage1,0.9174311926605352,92,0
78.99,stage1,0.9174311926605352,92,0
79.0,stage1,0.9174311926605352,92,0
79.01,stage1,0.9174311926605352,92,0
79.02,stage1,0.9174311926605352,92,0
79.03,stage1,0.9174311926605352,92,0
79.04,stage1,0.9174311926605352,92,0
79.05,stage1,0.9174311926605352,92,0
79.06,stage1,0.9174311926605352,92,0
79.07,stage1,0.9174311926605352,92,0
79.08,stage1,0.9174311926605352,92,0
79.09,stage1,0.9174311926605352,92,0
79.1,stage1,0.9174311926605352,92,0
79.11,stage1,0.9174311926605352,92,0
79.12,stage1,0.9174311926605352,92,0
79.13,stage1,0.9174311926605352,92,0
79.14,stage1,0.9174311926605352,92,0
79.15,stage1,0.9174311926605352,92,0
79.16,stage1,0.9174311926605352,92,0
79.17,stage1,0.9174311926605352,92,0
79.18,stage1,0.9174311926605352,92,0
79.19,stage1,0.9174311926605352,92,0
79.2,stage1,0.9174311926605352,92,0
79.21,stage1,0.9174311926605352,92,0
79.22,stage1,0.9174311926605352,92,0
79.23,stage1,0.9174311926605352,92,0
79.24,stage1,0.9174311926605352,92,0
79.25,stage1,0.9174311926605352,92,0
79.26,stage1,0.9174311926605352,92,0
79.27,stage1,0.9174311926605352,92,0
79.28,stage1,0.9174311926605352,92,0
79.29,stage1,0.9174311926605352,92,0
79.3,stage1,0.9174311926605352,92,0
79.31,stage1,0.9174311926605352,92,0
79.32,stage1,0.9174311926605352,92,0
79.33,stage1,0.9174311926605352,92,0
79.34,stage1,0.9174311926605352,92,0
79.35,stage1,0.9174311926605352,92,0
79.36,stage1,0.9174311926605352,92,0
79.37,stage1,0.9174311926605352,92,0
79.38,stage1,0.9174311926605352,92,0
79.39,stage1,0.9174311926605352,92,0
79.4,stage1,0.9174311926605352,92,0
79.41,stage1,0.9174311926605352,92,0
79.42,stage1,0.9174311926605352,92,0
79.43,stage1,0.9174311926605352,92,0
79.44,stage1,0.9174311926605352,92,0
79.45,stage1,0.9174311926605352,92,0
79.46,stage1,0.9174311926605352,92,0
79.47,stage1,0.9174311926605352,92,0
79.48,stage1,0.9174311926605352,92,0
79.49,stage1,0.9174311926605352,92,0
79.5,stage1,0.9174311926605352,92,0
79.51,stage1,0.9174311926605352,92,0
79.52,stage1,0.9174311926605352,92,0
79.53,stage1,0.9174311926605352,92,0
79.54,stage1,0.9174311926605352,92,0
79.55,stage1,0.9174311926605352,92,0
79.56,stage1,0.9174311926605352,92,0
79.57,stage1,0.9174311926605352,92,0
79.58,stage1,0.9174311926605352,92,0
79.59,stage1,0.9174311926605352,92,0
79.6,stage1,0.9174311926605352,92,0
79.61,stage1,0.9174311926605352,92,0
79.62,stage1,0.9174311926605352,92,0
79.63,stage1,0.9174311926605352,92,0
79.64,stage1,0.9174311926605352,92,0
79.65,stage1,0.9174311926605352,92,0
79.66,stage1,0.9174311926605352,92,0
79.67,stage1,0.9174311926605352,92,0
79.68,stage1,0.9174311926605352,92,0
79.69,stage1,0.9174311926605352,92,0
79.7,stage1,0.9174311926605352,92,0
79.71,stage1,0.9174311926605352,92,0
79.72,stage1,0.9174311926605352,92,0
79.73,stage1,0.9174311926605352,92,0
79.74,stage1,0.9174311926605352,92,0
79.75,stage1,0.9174311926605352,92,0
79.76,stage1,0.9174311926605352,92,0
79.77,stage1,0.9174311926605352,92,0
79.78,stage1,0.9174311926605352,92,0
79.79,stage1,0.9174311926605352,92,0
79.8,stage1,0.9174311926605352,92,0
79.81,stage1,0.9174311926605352,92,0
79.82,stage1,0.9174311926605352,92,0
79.83,stage1,0.9174311926605352,92,0
79.84,stage1,0.9174311926605352,92,0
79.85,stage1,0.9174311926605352,92,0
79.86,stage1,0.9174311926605352,92,0
79.87,stage1,0.9174311926605352,92,0
79.88,stage1,0.9174311926605352,92,0
79.89,stage1,0.9174311926605352,92,0
79.9,stage1,0.9174311926605352,92,0
79.91,stage1,0.9174311926605352,92,0
79.92,stage1,0.9174311926605352,92,0
79.93,stage1,0.9174311926605352,92,0
79.94,stage1,0.9174311926605352,92,0
79.95,stage1,0.9174311926605352,92,0
79.96,stage1,0.9174311926605352,92,0
79.97,stage1,0.9174311926605352,92,0
79.98,stage1,0.9174311926605352,92,0
79.99,stage1,0.9174311926605352,92,0
80.0,stage1,0.9174311926605352,92,0
80.01,stage1,0.9174311926605352,92,0
80.02,stage1,0.9174311926605352,92,0
80.03,stage1,0.9174311926605352,92,0
80.04,stage1,0.9174311926605352,92,0
80.05,stage1,0.9174311926605352,92,0
80.06,stage1,0.9174311926605352,92,0
80.07,stage1,0.9174311926605352,92,0
80.08,stage1,0.9174311926605352,92,0
80.09,stage1,0.9174311926605352,92,0
80.1,stage1,0.9174311926605352,92,0
80.11,stage1,0.9174311926605352,92,0
80.12,stage1,0.9174311926605352,92,0
80.13,stage1,0.9174311926605352,92,0
80.14,stage1,0.9174311926605352,92,0
80.15,stage1,0.9174311926605352,92,0
80.16,stage1,0.9174311926605352,92,0
80.17,stage1,0.9174311926605352,92,0
80.18,stage1,0.9174311926605352,92,0
80.19,stage1,0.9174311926605352,92,0
80.2,stage1,0.9174311926605352,92,0
80.21,stage1,0.9174311926605352,92,0
80.22,stage1,0.9174311926605352,92,0
80.23,stage1,0.9174311926605352,92,0
80.24,stage1,0.9174311926605352,92,0
80.25,stage1,0.9174311926605352,92,0
80.26,stage1,0.9174311926605352,92,0
80.27,stage1,0.9174311926605352,92,0
80.28,stage1,0.9174311926605352,92,0
80.29,stage1,0.9174311926605352,92,0
80.3,stage1,0.9174311926605352,92,0
80.31,stage1,0.9174311926605352,92,0
80.32,stage1,0.9174311926605352,92,0
80.33,stage1,0.9174311926605352,92,0
80.34,stage1,0.9174311926605352,92,0
80.35,stage1,0.9174311926605352,92,0
80.36,stage1,0.9174311926605352,92,0
80.37,stage1,0.9174311926605352,92,0
80.38,stage1,0.9174311926605352,92,0
80.39,stage1,0.9174311926605352,92,0
80.4,stage1,0.9174311926605352,92,0
80.41,stage1,0.9174311926605352,92,0
80.42,stage1,0.9174311926605352,92,0
80.43,stage1,0.9174311926605352,92,0
80.44,stage1,0.9174311926605352,92,0
80.45,stage1,0.9174311926605352,92,0
80.46,stage1,0.9174311926605352,92,0
80.47,stage1,0.9174311926605352,92,0
80.48,stage1,0.9174311926605352,92,0
80.49,stage1,0.9174311926605352,92,0
80.5,stage1,0.9174311926605352,92,0
80.51,stage1,0.9174311926605352,92,0
80.52,stage1,0.9174311926605352,92,0
80.53,stage1,0.9174311926605352,92,0
80.54,stage1,0.9174311926605352,92,0
80.55,stage1,0.9174311926605352,92,0
80.56,stage1,0.9174311926605352,92,0
80.57,stage1,0.9174311926605352,92,0
80.58,stage1,0.9174311926605352,92,0
80.59,stage1,0.9174311926605352,92,0
80.6,stage1,0.9174311926605352,92,0
80.61,stage1,0.9174311926605352,92,0
80.62,stage1,0.9174311926605352,92,0
80.63,stage1,0.9174311926605352,92,0
80.64,stage1,0.9174311926605352,92,0
80.65,stage1,0.9174311926605352,92,0
80.66,stage1,0.9174311926605352,92,0
80.67,stage1,0.9174311926605352,92,0
80.68,stage1,0.9174311926605352,92,0
80.69,stage1,0.9174311926605352,92,0
80.7,stage1,0.9174311926605352,92,0
80.71,stage1,0.9174311926605352,92,0
80.72,stage1,0.9174311926605352,92,0
80.73,stage1,0.9174311926605352,92,0
80.74,stage1,0.9174311926605352,92,0
80.75,stage1,0.9174311926605352,92,0
80.76,stage1,0.9174311926605352,92,0
80.77,stage1,0.9174311926605352,92,0
80.78,stage1,0.9174311926605352,92,0
80.79,stage1,0.9174311926605352,92,0
80.8,stage1,0.9174311926605352,92,0
80.81,stage1,0.9174311926605352,92,0
80.82,stage1,0.9174311926605352,92,0
80.83,stage1,0.9174311926605352,92,0
80.84,stage1,0.9174311926605352,92,0
80.85,stage1,0.9174311926605352,92,0
80.86,stage1,0.9174311926605352,92,0
80.87,stage1,0.9174311926605352,92,0
80.88,stage1,0.9174311926605352,92,0
80.89,stage1,0.9174311926605352,92,0
80.9,stage1,0.9174311926605352,92,0
80.91,stage1,0.9174311926605352,92,0
80.92,stage1,0.9174311926605352,92,0
80.93,stage1,0.9174311926605352,92,0
80.94,stage1,0.9174311926605352,92,0
80.95,stage1,0.9174311926605352,92,0
80.96,stage1,0.9174311926605352,92,0
80.97,stage1,0.9174311926605352,92,0
80.98,stage1,0.9174311926605352,92,0
80.99,stage1,0.9174311926605352,92,0
81.0,stage1,0.9174311926605352,92,0
81.01,stage1,0.9174311926605352,92,0
81.02,stage1,0.9174311926605352,92,0
81.03,stage1,0.9174311926605352,92,0
81.04,stage1,0.9174311926605352,92,0
81.05,stage1,0.9174311926605352,92,0
81.06,stage1,0.9174311926605352,92,0
81.07,stage1,0.9174311926605352,92,0
81.08,stage1,0.9174311926605352,92,0
81.09,stage1,0.9174311926605352,92,0
81.1,stage1,0.9174311926605352,92,0
81.11,stage1,0.9174311926605352,92,0
81.12,stage1,0.9174311926605352,92,0
81.13,stage1,0.9174311926605352,92,0
81.14,stage1,0.9174311926605352,92,0
81.15,stage1,0.9174311926605352,92,0
81.16,stage1,0.9174311926605352,92,0
81.17,stage1,0.9174311926605352,92,0
81.18,stage1,0.9174311926605352,92,0
81.19,stage1,0.9174311926605352,92,0
81.2,stage1,0.9174311926605352,92,0
81.21,stage1,0.9174311926605352,92,0
81.22,stage1,0.9174311926605352,92,0
81.23,stage1,0.9174311926605352,92,0
81.24,stage1,0.9174311926605352,92,0
81.25,stage1,0.9174311926605352,92,0
81.26,stage1,0.9174311926605352,92,0
81.27,stage1,0.9174311926605352,92,0
81.28,stage1,0.9174311926605352,92,0
81.29,stage1,0.9174311926605352,92,0
81.3,stage1,0.9174311926605352,92,0
81.31,stage1,0.9174311926605352,92,0
81.32,stage1,0.9174311926605352,92,0
81.33,stage1,0.9174311926605352,92,0
81.34,stage1,0.9174311926605352,92,0
81.35,stage1,0.9174311926605352,92,0
81.36,stage1,0.9174311926605352,92,0
81.37,stage1,0.9174311926605352,92,0
81.38,stage1,0.9174311926605352,92,0
81.39,stage1,0.9174311926605352,92,0
81.4,stage1,0.9174311926605352,92,0
81.41,stage1,0.9174311926605352,92,0
81.42,stage1,0.9174311926605352,92,0
81.43,stage1,0.9174311926605352,92,0
81.44,stage1,0.9174311926605352,92,0
81.45,stage1,0.9174311926605352,92,0
81.46,stage1,0.9174311926605352,92,0
81.47,stage1,0.9174311926605352,92,0
81.48,stage1,0.9174311926605352,92,0
81.49,stage1,0.9174311926605352,92,0
81.5,stage1,0.9174311926605352,92,0
81.51,stage1,0.9174311926605352,92,0
81.52,stage1,0.9174311926605352,92,0
81.53,stage1,0.9174311926605352,92,0
81.54,stage1,0.9174311926605352,92,0
81.55,stage1,0.9174311926605352,92,0
81.56,stage1,0.9174311926605352,92,0
81.57,stage1,0.9174311926605352,92,0
81.58,stage1,0.9174311926605352,92,0
81.59,stage1,0.9174311926605352,92,0
81.6,stage1,0.9174311926605352,92,0
81.61,stage1,0.9174311926605352,92,0
81.62,stage1,0.9174311926605352,92,0
81.63,stage1,0.9174311926605352,92,0
81.64,stage1,0.9174311926605352,92,0
81.65,stage1,0.9174311926605352,92,0
81.66,stage1,0.9174311926605352,92,0
81.67,stage1,0.9174311926605352,92,0
81.68,stage1,0.9174311926605352,92,0
81.69,stage1,0.9174311926605352,92,0
81.7,stage1,0.9174311926605352,92,0
81.71,stage1,0.9174311926605352,92,0
81.72,stage1,0.9174311926605352,92,0
81.73,stage1,0.9174311926605352,92,0
81.74,stage1,0.9174311926605352,92,0
81.75,stage1,0.9174311926605352,92,0
81.76,stage1,0.9174311926605352,92,0
81.77,stage1,0.9174311926605352,92,0
81.78,stage1,0.9174311926605352,92,0
81.79,stage1,0.9174311926605352,92,0
81.8,stage1,0.9174311926605352,92,0
81.81,stage1,0.9174311926605352,92,0
81.82,stage1,0.9174311926605352,92,0
81.83,stage1,0.9174311926605352,92,0
81.84,stage1,0.9174311926605352,92,0
81.85,stage1,0.9174311926605352,92,0
81.86,stage1,0.9174311926605352,92,0
81.87,stage1,0.9174311926605352,92,0
81.88,stage1,0.9174311926605352,92,0
81.89,stage1,0.9174311926605352,92,0
81.9,stage1,0.9174311926605352,92,0
81.91,stage1,0.9174311926605352,92,0
81.92,stage1,0.9174311926605352,92,0
81.93,stage1,0.9174311926605352,92,0
81.94,stage1,0.9174311926605352,92,0
81.95,stage1,0.9174311926605352,92,0
81.96,stage1,0.9174311926605352,92,0
81.97,stage1,0.9174311926605352,92,0
81.98,stage1,0.9174311926605352,92,0
81.99,stage1,0.9174311926605352,92,0
82.0,stage1,0.9174311926605352,92,0
82.01,stage1,0.9174311926605352,92,0
82.02,stage1,0.9174311926605352,92,0
82.03,stage1,0.9174311926605352,92,0
82.04,stage1,0.9174311926605352,92,0
82.05,stage1,0.9174311926605352,92,0
82.06,stage1,0.9174311926605352,92,0
82.07,stage1,0.9174311926605352,92,0
82.08,stage1,0.9174311926605352,92,0
82.09,stage1,0.9174311926605352,92,0
82.1,stage1,0.9174311926605352,92,0
82.11,stage1,0.9174311926605352,92,0
82.12,stage1,0.9174311926605352,92,0
82.13,stage1,0.9174311926605352,92,0
82.14,stage1,0.9174311926605352,92,0
82.15,stage1,0.9174311926605352,92,0
82.16,stage1,0.9174311926605352,92,0
82.17,stage1,0.9174311926605352,92,0
82.18,stage1,0.9174311926605352,92,0
82.19,stage1,0.9174311926605352,92,0
82.2,stage1,0.9174311926605352,92,0
82.21,stage1,0.9174311926605352,92,0
82.22,stage1,0.9174311926605352,92,0
82.23,stage1,0.9174311926605352,92,0
82.24,stage1,0.9174311926605352,92,0
82.25,stage1,0.9174311926605352,92,0
82.26,stage1,0.9174311926605352,92,0
82.27,stage1,0.9174311926605352,92,0
82.28,stage1,0.9174311926605352,92,0
82.29,stage1,0.9174311926605352,92,0
82.3,stage1,0.9174311926605352,92,0
82.31,stage1,0.9174311926605352,92,0
82.32,stage1,0.9174311926605352,92,0
82.33,stage1,0.9174311926605352,92,0
82.34,stage1,0.9174311926605352,92,0
82.35,stage1,0.9174311926605352,92,0
82.36,stage1,0.9174311926605352,92,0
82.37,stage1,0.9174311926605352,92,0
82.38,stage1,0.9174311926605352,92,0
82.39,stage1,0.9174311926605352,92,0
82.4,stage1,0.9174311926605352,92,0
82.41,stage1,0.9174311926605352,92,0
82.42,stage1,0.9174311926605352,92,0
82.43,stage1,0.9174311926605352,92,0
82.44,stage1,0.9174311926605352,92,0
82.45,stage1,0.9174311926605352,92,0
82.46,stage1,0.9174311926605352,92,0
82.47,stage1,0.9174311926605352,92,0
82.48,stage1,0.9174311926605352,92,0
82.49,stage1,0.9174311926605352,92,0
82.5,stage1,0.9174311926605352,92,0
82.51,stage1,0.9174311926605352,92,0
82.52,stage1,0.9174311926605352,92,0
82.53,stage1,0.9174311926605352,92,0
82.54,stage1,0.9174311926605352,92,0
82.55,stage1,0.9174311926605352,92,0
82.56,stage1,0.9174311926605352,92,0
82.57,stage1,0.9174311926605352,92,0
82.58,stage1,0.9174311926605352,92,0
82.59,stage1,0.9174311926605352,92,0
82.6,stage1,0.9174311926605352,92,0
82.61,stage1,0.9174311926605352,92,0
82.62,stage1,0.9174311926605352,92,0
82.63,stage1,0.9174311926605352,92,0
82.64,stage1,0.9174311926605352,92,0
82.65,stage1,0.9174311926605352,92,0
82.66,stage1,0.9174311926605352,92,0
82.67,stage1,0.9174311926605352,92,0
82.68,stage1,0.9174311926605352,92,0
82.69,stage1,0.9174311926605352,92,0
82.7,stage1,0.9174311926605352,92,0
82.71,stage1,0.9174311926605352,92,0
82.72,stage1,0.9174311926605352,92,0
82.73,stage1,0.9174311926605352,92,0
82.74,stage1,0.9174311926605352,92,0
82.75,stage1,0.9174311926605352,92,0
82.76,stage1,0.9174311926605352,92,0
82.77,stage1,0.9174311926605352,92,0
82.78,stage1,0.9174311926605352,92,0
82.79,stage1,0.9174311926605352,92,0
82.8,stage1,0.9174311926605352,92,0
82.81,stage1,0.9174311926605352,92,0
82.82,stage1,0.9174311926605352,92,0
82.83,stage1,0.9174311926605352,92,0
82.84,stage1,0.9174311926605352,92,0
82.85,stage1,0.9174311926605352,92,0
82.86,stage1,0.9174311926605352,92,0
82.87,stage1,0.9174311926605352,92,0
82.88,stage1,0.9174311926605352,92,0
82.89,stage1,0.9174311926605352,92,0
82.9,stage1,0.9174311926605352,92,0
82.91,stage1,0.9174311926605352,92,0
82.92,stage1,0.9174311926605352,92,0
82.93,stage1,0.9174311926605352,92,0
82.94,stage1,0.9174311926605352,92,0
82.95,stage1,0.9174311926605352,92,0
82.96,stage1,0.9174311926605352,92,0
82.97,stage1,0.9174311926605352,92,0
82.98,stage1,0.9174311926605352,92,0
82.99,stage1,0.9174311926605352,92,0
83.0,stage1,0.9174311926605352,92,0
83.01,stage1,0.9174311926605352,92,0
83.02,stage1,0.9174311926605352,92,0
83.03,stage1,0.9174311926605352,92,0
83.04,stage1,0.9174311926605352,92,0
83.05,stage1,0.9174311926605352,92,0
83.06,stage1,0.9174311926605352,92,0
83.07,stage1,0.9174311926605352,92,0
83.08,stage1,0.9174311926605352,92,0
83.09,stage1,0.9174311926605352,92,0
83.1,stage1,0.9174311926605352,92,0
83.11,stage1,0.9174311926605352,92,0
83.12,stage1,0.9174311926605352,92,0
83.13,stage1,0.9174311926605352,92,0
83.14,stage1,0.9174311926605352,92,0
83.15,stage1,0.9174311926605352,92,0
83.16,stage1,0.9174311926605352,92,0
83.17,stage1,0.9174311926605352,92,0
83.18,stage1,0.9174311926605352,92,0
83.19,stage1,0.9174311926605352,92,0
83.2,stage1,0.9174311926605352,92,0
83.21,stage1,0.9174311926605352,92,0
83.22,stage1,0.9174311926605352,92,0
83.23,stage1,0.9174311926605352,92,0
83.24,stage1,0.9174311926605352,92,0
83.25,stage1,0.9174311926605352,92,0
83.26,stage1,0.9174311926605352,92,0
83.27,stage1,0.9174311926605352,92,0
83.28,stage1,0.9174311926605352,92,0
83.29,stage1,0.9174311926605352,92,0
83.3,stage1,0.9174311926605352,92,0
83.31,stage1,0.9174311926605352,92,0
83.32,stage1,0.9174311926605352,92,0
83.33,stage1,0.9174311926605352,92,0
83.34,stage1,0.9174311926605352,92,0
83.35,stage1,0.9174311926605352,92,0
83.36,stage1,0.9174311926605352,92,0
83.37,stage1,0.9174311926605352,92,0
83.38,stage1,0.9174311926605352,92,0
83.39,stage1,0.9174311926605352,92,0
83.4,stage1,0.9174311926605352,92,0
83.41,stage1,0.9174311926605352,92,0
83.42,stage1,0.9174311926605352,92,0
83.43,stage1,0.9174311926605352,92,0
83.44,stage1,0.9174311926605352,92,0
83.45,stage1,0.9174311926605352,92,0
83.46,stage1,0.9174311926605352,92,0
83.47,stage1,0.9174311926605352,92,0
83.48,stage1,0.9174311926605352,92,0
83.49,stage1,0.9174311926605352,92,0
83.5,stage1,0.9174311926605352,92,0
83.51,stage1,0.9174311926605352,92,0
83.52,stage1,0.9174311926605352,92,0
83.53,stage1,0.9174311926605352,92,0
83.54,stage1,0.9174311926605352,92,0
83.55,stage1,0.9174311926605352,92,0
83.56,stage1,0.9174311926605352,92,0
83.57,stage1,0.9174311926605352,92,0
83.58,stage1,0.9174311926605352,92,0
83.59,stage1,0.9174311926605352,92,0
83.6,stage1,0.9174311926605352,92,0
83.61,stage1,0.9174311926605352,92,0
83.62,stage1,0.9174311926605352,92,0
83.63,stage1,0.9174311926605352,92,0
83.64,stage1,0.9174311926605352,92,0
83.65,stage1,0.9174311926605352,92,0
83.66,stage1,0.9174311926605352,92,0
83.67,stage1,0.9174311926605352,92,0
83.68,stage1,0.9174311926605352,92,0
83.69,stage1,0.9174311926605352,92,0
83.7,stage1,0.9174311926605352,92,0
83.71,stage1,0.9174311926605352,92,0
83.72,stage1,0.9174311926605352,92,0
83.73,stage1,0.9174311926605352,92,0
83.74,stage1,0.9174311926605352,92,0
83.75,stage1,0.9174311926605352,92,0
83.76,stage1,0.9174311926605352,92,0
83.77,stage1,0.9174311926605352,92,0
83.78,stage1,0.9174311926605352,92,0
83.79,stage1,0.9174311926605352,92,0
83.8,stage1,0.9174311926605352,92,0
83.81,stage1,0.9174311926605352,92,0
83.82,stage1,0.9174311926605352,92,0
83.83,stage1,0.9174311926605352,92,0
83.84,stage1,0.9174311926605352,92,0
83.85,stage1,0.9174311926605352,92,0
83.86,stage1,0.9174311926605352,92,0
83.87,stage1,0.9174311926605352,92,0
83.88,stage1,0.9174311926605352,92,0
83.89,stage1,0.9174311926605352,92,0
83.9,stage1,0.9174311926605352,92,0
83.91,stage1,0.9174311926605352,92,0
83.92,stage1,0.9174311926605352,92,0
83.93,stage1,0.9174311926605352,92,0
83.94,stage1,0.9174311926605352,92,0
83.95,stage1,0.9174311926605352,92,0
83.96,stage1,0.9174311926605352,92,0
83.97,stage1,0.9174311926605352,92,0
83.98,stage1,0.9174311926605352,92,0
83.99,stage1,0.9174311926605352,92,0
84.0,stage1,0.9174311926605352,92,0
84.01,stage1,0.9174311926605352,92,0
84.02,stage1,0.9174311926605352,92,0
84.03,stage1,0.9174311926605352,92,0
84.04,stage1,0.9174311926605352,92,0
84.05,stage1,0.9174311926605352,92,0
84.06,stage1,0.9174311926605352,92,0
84.07,stage1,0.9174311926605352,92,0
84.08,stage1,0.9174311926605352,92,0
84.09,stage1,0.9174311926605352,92,0
84.1,stage1,0.9174311926605352,92,0
84.11,stage1,0.9174311926605352,92,0
84.12,stage1,0.9174311926605352,92,0
84.13,stage1,0.9174311926605352,92,0
84.14,stage1,0.9174311926605352,92,0
84.15,stage1,0.9174311926605352,92,0
84.16,stage1,0.9174311926605352,92,0
84.17,stage1,0.9174311926605352,92,0
84.18,stage1,0.9174311926605352,92,0
84.19,stage1,0.9174311926605352,92,0
84.2,stage1,0.9174311926605352,92,0
84.21,stage1,0.9174311926605352,92,0
84.22,stage1,0.9174311926605352,92,0
84.23,stage1,0.9174311926605352,92,0
84.24,stage1,0.9174311926605352,92,0
84.25,stage1,0.9174311926605352,92,0
84.26,stage1,0.9174311926605352,92,0
84.27,stage1,0.9174311926605352,92,0
84.28,stage1,0.9174311926605352,92,0
84.29,stage1,0.9174311926605352,92,0
84.3,stage1,0.9174311926605352,92,0
84.31,stage1,0.9174311926605352,92,0
84.32,stage1,0.9174311926605352,92,0
84.33,stage1,0.9174311926605352,92,0
84.34,stage1,0.9174311926605352,92,0
84.35,stage1,0.9174311926605352,92,0
84.36,stage1,0.9174311926605352,92,0
84.37,stage1,0.9174311926605352,92,0
84.38,stage1,0.9174311926605352,92,0
84.39,stage1,0.9174311926605352,92,0
84.4,stage1,0.9174311926605352,92,0
84.41,stage1,0.9174311926605352,92,0
84.42,stage1,0.9174311926605352,92,0
84.43,stage1,0.9174311926605352,92,0
84.44,stage1,0.9174311926605352,92,0
84.45,stage1,0.9174311926605352,92,0
84.46,stage1,0.9174311926605352,92,0
84.47,stage1,0.9174311926605352,92,0
84.48,stage1,0.9174311926605352,92,0
84.49,stage1,0.9174311926605352,92,0
84.5,stage1,0.9174311926605352,92,0
84.51,stage1,0.9174311926605352,92,0
84.52,stage1,0.9174311926605352,92,0
84.53,stage1,0.9174311926605352,92,0
84.54,stage1,0.9174311926605352,92,0
84.55,stage1,0.9174311926605352,92,0
84.56,stage1,0.9174311926605352,92,0
84.57,stage1,0.9174311926605352,92,0
84.58,stage1,0.9174311926605352,92,0
84.59,stage1,0.9174311926605352,92,0
84.6,stage1,0.9174311926605352,92,0
84.61,stage1,0.9174311926605352,92,0
84.62,stage1,0.9174311926605352,92,0
84.63,stage1,0.9174311926605352,92,0
84.64,stage1,0.9174311926605352,92,0
84.65,stage1,0.9174311926605352,92,0
84.66,stage1,0.9174311926605352,92,0
84.67,stage1,0.9174311926605352,92,0
84.68,stage1,0.9174311926605352,92,0
84.69,stage1,0.9174311926605352,92,0
84.7,stage1,0.9174311926605352,92,0
84.71,stage1,0.9174311926605352,92,0
84.72,stage1,0.9174311926605352,92,0
84.73,stage1,0.9174311926605352,92,0
84.74,stage1,0.9174311926605352,92,0
84.75,stage1,0.9174311926605352,92,0
84.76,stage1,0.9174311926605352,92,0
84.77,stage1,0.9174311926605352,92,0
84.78,stage1,0.9174311926605352,92,0
84.79,stage1,0.9174311926605352,92,0
84.8,stage1,0.9174311926605352,92,0
84.81,stage1,0.9174311926605352,92,0
84.82,stage1,0.9174311926605352,92,0
84.83,stage1,0.9174311926605352,92,0
84.84,stage1,0.9174311926605352,92,0
84.85,stage1,0.9174311926605352,92,0
84.86,stage1,0.9174311926605352,92,0
84.87,stage1,0.9174311926605352,92,0
84.88,stage1,0.9174311926605352,92,0
84.89,stage1,0.9174311926605352,92,0
84.9,stage1,0.9174311926605352,92,0
84.91,stage1,0.9174311926605352,92,0
84.92,stage1,0.9174311926605352,92,0
84.93,stage1,0.9174311926605352,92,0
84.94,stage1,0.9174311926605352,92,0
84.95,stage1,0.9174311926605352,92,0
84.96,stage1,0.9174311926605352,92,0
84.97,stage1,0.9174311926605352,92,0
84.98,stage1,0.9174311926605352,92,0
84.99,stage1,0.9174311926605352,92,0
85.0,stage1,0.9174311926605352,92,0
85.01,stage1,0.9174311926605352,92,0
85.02,stage1,0.9174311926605352,92,0
85.03,stage1,0.9174311926605352,92,0
85.04,stage1,0.9174311926605352,92,0
85.05,stage1,0.9174311926605352,92,0
85.06,stage1,0.9174311926605352,92,0
85.07,stage1,0.9174311926605352,92,0
85.08,stage1,0.9174311926605352,92,0
85.09,stage1,0.9174311926605352,92,0
85.1,stage1,0.9174311926605352,92,0
85.11,stage1,0.9174311926605352,92,0
85.12,stage1,0.9174311926605352,92,0
85.13,stage1,0.9174311926605352,92,0
85.14,stage1,0.9174311926605352,92,0
85.15,stage1,0.9174311926605352,92,0
85.16,stage1,0.9174311926605352,92,0
85.17,stage1,0.9174311926605352,92,0
85.18,stage1,0.9174311926605352,92,0
85.19,stage1,0.9174311926605352,92,0
85.2,stage1,0.9174311926605352,92,0
85.21,stage1,0.9174311926605352,92,0
85.22,stage1,0.9174311926605352,92,0
85.23,stage1,0.9174311926605352,92,0
85.24,stage1,0.9174311926605352,92,0
85.25,stage1,0.9174311926605352,92,0
85.26,stage1,0.9174311926605352,92,0
85.27,stage1,0.9174311926605352,92,0
85.28,stage1,0.9174311926605352,92,0
85.29,stage1,0.9174311926605352,92,0
85.3,stage1,0.9174311926605352,92,0
85.31,stage1,0.9174311926605352,92,0
85.32,stage1,0.9174311926605352,92,0
85.33,stage1,0.9174311926605352,92,0
85.34,stage1,0.9174311926605352,92,0
85.35,stage1,0.9174311926605352,92,0
85.36,stage1,0.9174311926605352,92,0
85.37,stage1,0.9174311926605352,92,0
85.38,stage1,0.9174311926605352,92,0
85.39,stage1,0.9174311926605352,92,0
85.4,stage1,0.9174311926605352,92,0
85.41,stage1,0.9174311926605352,92,0
85.42,stage1,0.9174311926605352,92,0
85.43,stage1,0.9174311926605352,92,0
85.44,stage1,0.9174311926605352,92,0
85.45,stage1,0.9174311926605352,92,0
85.46,stage1,0.9174311926605352,92,0
85.47,stage1,0.9174311926605352,92,0
85.48,stage1,0.9174311926605352,92,0
85.49,stage1,0.9174311926605352,92,0
85.5,stage1,0.9174311926605352,92,0
85.51,stage1,0.9174311926605352,92,0
85.52,stage1,0.9174311926605352,92,0
85.53,stage1,0.9174311926605352,92,0
85.54,stage1,0.9174311926605352,92,0
85.55,stage1,0.9174311926605352,92,0
85.56,stage1,0.9174311926605352,92,0
85.57,stage1,0.9174311926605352,92,0
85.58,stage1,0.9174311926605352,92,0
85.59,stage1,0.9174311926605352,92,0
85.6,stage1,0.9174311926605352,92,0
85.61,stage1,0.9174311926605352,92,0
85.62,stage1,0.9174311926605352,92,0
85.63,stage1,0.9174311926605352,92,0
85.64,stage1,0.9174311926605352,92,0
85.65,stage1,0.9174311926605352,92,0
85.66,stage1,0.9174311926605352,92,0
85.67,stage1,0.9174311926605352,92,0
85.68,stage1,0.9174311926605352,92,0
85.69,stage1,0.9174311926605352,92,0
85.7,stage1,0.9174311926605352,92,0
85.71,stage1,0.9174311926605352,92,0
85.72,stage1,0.9174311926605352,92,0
85.73,stage1,0.9174311926605352,92,0
85.74,stage1,0.9174311926605352,92,0
85.75,stage1,0.9174311926605352,92,0
85.76,stage1,0.9174311926605352,92,0
85.77,stage1,0.9174311926605352,92,0
85.78,stage1,0.9174311926605352,92,0
85.79,stage1,0.9174311926605352,92,0
85.8,stage1,0.9174311926605352,92,0
85.81,stage1,0.9174311926605352,92,0
85.82,stage1,0.9174311926605352,92,0
85.83,stage1,0.9174311926605352,92,0
85.84,stage1,0.9174311926605352,92,0
85.85,stage1,0.9174311926605352,92,0
85.86,stage1,0.9174311926605352,92,0
85.87,stage1,0.9174311926605352,92,0
85.88,stage1,0.9174311926605352,92,0
85.89,stage1,0.9174311926605352,92,0
85.9,stage1,0.9174311926605352,92,0
85.91,stage1,0.9174311926605352,92,0
85.92,stage1,0.9174311926605352,92,0
85.93,stage1,0.9174311926605352,92,0
85.94,stage1,0.9174311926605352,92,0
85.95,stage1,0.9174311926605352,92,0
85.96,stage1,0.9174311926605352,92,0
85.97,stage1,0.9174311926605352,92,0
85.98,stage1,0.9174311926605352,92,0
85.99,stage1,0.9174311926605352,92,0
86.0,stage1,0.9174311926605352,92,0
86.01,stage1,0.9174311926605352,92,0
86.02,stage1,0.9174311926605352,92,0
86.03,stage1,0.9174311926605352,92,0
86.04,stage1,0.9174311926605352,92,0
86.05,stage1,0.9174311926605352,92,0
86.06,stage1,0.9174311926605352,92,0
86.07,stage1,0.9174311926605352,92,0
86.08,stage1,0.9174311926605352,92,0
86.09,stage1,0.9174311926605352,92,0
86.1,stage1,0.9174311926605352,92,0
86.11,stage1,0.9174311926605352,92,0
86.12,stage1,0.9174311926605352,92,0
86.13,stage1,0.9174311926605352,92,0
86.14,stage1,0.9174311926605352,92,0
86.15,stage1,0.9174311926605352,92,0
86.16,stage1,0.9174311926605352,92,0
86.17,stage1,0.9174311926605352,92,0
86.18,stage1,0.9174311926605352,92,0
86.19,stage1,0.9174311926605352,92,0
86.2,stage1,0.9174311926605352,92,0
86.21,stage1,0.9174311926605352,92,0
86.22,stage1,0.9174311926605352,92,0
86.23,stage1,0.9174311926605352,92,0
86.24,stage1,0.9174311926605352,92,0
86.25,stage1,0.9174311926605352,92,0
86.26,stage1,0.9174311926605352,92,0
86.27,stage1,0.9174311926605352,92,0
86.28,stage1,0.9174311926605352,92,0
86.29,stage1,0.9174311926605352,92,0
86.3,stage1,0.9174311926605352,92,0
86.31,stage1,0.9174311926605352,92,0
86.32,stage1,0.9174311926605352,92,0
86.33,stage1,0.9174311926605352,92,0
86.34,stage1,0.9174311926605352,92,0
86.35,stage1,0.9174311926605352,92,0
86.36,stage1,0.9174311926605352,92,0
86.37,stage1,0.9174311926605352,92,0
86.38,stage1,0.9174311926605352,92,0
86.39,stage1,0.9174311926605352,92,0
86.4,stage1,0.9174311926605352,92,0
86.41,stage1,0.9174311926605352,92,0
86.42,stage1,0.9174311926605352,92,0
86.43,stage1,0.9174311926605352,92,0
86.44,stage1,0.9174311926605352,92,0
86.45,stage1,0.9174311926605352,92,0
86.46,stage1,0.9174311926605352,92,0
86.47,stage1,0.9174311926605352,92,0
86.48,stage1,0.9174311926605352,92,0
86.49,stage1,0.9174311926605352,92,0
86.5,stage1,0.9174311926605352,92,0
86.51,stage1,0.9174311926605352,92,0
86.52,stage1,0.9174311926605352,92,0
86.53,stage1,0.9174311926605352,92,0
86.54,stage1,0.9174311926605352,92,0
86.55,stage1,0.9174311926605352,92,0
86.56,stage1,0.9174311926605352,92,0
86.57,stage1,0.9174311926605352,92,0
86.58,stage1,0.9174311926605352,92,0
86.59,stage1,0.9174311926605352,92,0
86.6,stage1,0.9174311926605352,92,0
86.61,stage1,0.9174311926605352,92,0
86.62,stage1,0.9174311926605352,92,0
86.63,stage1,0.9174311926605352,92,0
86.64,stage1,0.9174311926605352,92,0
86.65,stage1,0.9174311926605352,92,0
86.66,stage1,0.9174311926605352,92,0
86.67,stage1,0.9174311926605352,92,0
86.68,stage1,0.9174311926605352,92,0
86.69,stage1,0.9174311926605352,92,0
86.7,stage1,0.9174311926605352,92,0
86.71,stage1,0.9174311926605352,92,0
86.72,stage1,0.9174311926605352,92,0
86.73,stage1,0.9174311926605352,92,0
86.74,stage1,0.9174311926605352,92,0
86.75,stage1,0.9174311926605352,92,0
86.76,stage1,0.9174311926605352,92,0
86.77,stage1,0.9174311926605352,92,0
86.78,stage1,0.9174311926605352,92,0
86.79,stage1,0.9174311926605352,92,0
86.8,stage1,0.9174311926605352,92,0
86.81,stage1,0.9174311926605352,92,0
86.82,stage1,0.9174311926605352,92,0
86.83,stage1,0.9174311926605352,92,0
86.84,stage1,0.9174311926605352,92,0
86.85,stage1,0.9174311926605352,92,0
86.86,stage1,0.9174311926605352,92,0
86.87,stage1,0.9174311926605352,92,0
86.88,stage1,0.9174311926605352,92,0
86.89,stage1,0.9174311926605352,92,0
86.9,stage1,0.9174311926605352,92,0
86.91,stage1,0.9174311926605352,92,0
86.92,stage1,0.9174311926605352,92,0
86.93,stage1,0.9174311926605352,92,0
86.94,stage1,0.9174311926605352,92,0
86.95,stage1,0.9174311926605352,92,0
86.96,stage1,0.9174311926605352,92,0
86.97,stage1,0.9174311926605352,92,0
86.98,stage1,0.9174311926605352,92,0
86.99,stage1,0.9174311926605352,92,0
87.0,stage1,0.9174311926605352,92,0
87.01,stage1,0.9174311926605352,92,0
87.02,stage1,0.9174311926605352,92,0
87.03,stage1,0.9174311926605352,92,0
87.04,stage1,0.9174311926605352,92,0
87.05,stage1,0.9174311926605352,92,0
87.06,stage1,0.9174311926605352,92,0
87.07,stage1,0.9174311926605352,92,0
87.08,stage1,0.9174311926605352,92,0
87.09,stage1,0.9174311926605352,92,0
87.1,stage1,0.9174311926605352,92,0
87.11,stage1,0.9174311926605352,92,0
87.12,stage1,0.9174311926605352,92,0
87.13,stage1,0.9174311926605352,92,0
87.14,stage1,0.9174311926605352,92,0
87.15,stage1,0.9174311926605352,92,0
87.16,stage1,0.9174311926605352,92,0
87.17,stage1,0.9174311926605352,92,0
87.18,stage1,0.9174311926605352,92,0
87.19,stage1,0.9174311926605352,92,0
87.2,stage1,0.9174311926605352,92,0
87.21,stage1,0.9174311926605352,92,0
87.22,stage1,0.9174311926605352,92,0
87.23,stage1,0.9174311926605352,92,0
87.24,stage1,0.9174311926605352,92,0
87.25,stage1,0.9174311926605352,92,0
87.26,stage1,0.9174311926605352,92,0
87.27,stage1,0.9174311926605352,92,0
87.28,stage1,0.9174311926605352,92,0
87.29,stage1,0.9174311926605352,92,0
87.3,stage1,0.9174311926605352,92,0
87.31,stage1,0.9174311926605352,92,0
87.32,stage1,0.9174311926605352,92,0
87.33,stage1,0.9174311926605352,92,0
87.34,stage1,0.9174311926605352,92,0
87.35,stage1,0.9174311926605352,92,0
87.36,stage1,0.9174311926605352,92,0
87.37,stage1,0.9174311926605352,92,0
87.38,stage1,0.9174311926605352,92,0
87.39,stage1,0.9174311926605352,92,0
87.4,stage1,0.9174311926605352,92,0
87.41,stage1,0.9174311926605352,92,0
87.42,stage1,0.9174311926605352,92,0
87.43,stage1,0.9174311926605352,92,0
87.44,stage1,0.9174311926605352,92,0
87.45,stage1,0.9174311926605352,92,0
87.46,stage1,0.9174311926605352,92,0
87.47,stage1,0.9174311926605352,92,0
87.48,stage1,0.9174311926605352,92,0
87.49,stage1,0.9174311926605352,92,0
87.5,stage1,0.9174311926605352,92,0
87.51,stage1,0.9174311926605352,92,0
87.52,stage1,0.9174311926605352,92,0
87.53,stage1,0.9174311926605352,92,0
87.54,stage1,0.9174311926605352,92,0
87.55,stage1,0.9174311926605352,92,0
87.56,stage1,0.9174311926605352,92,0
87.57,stage1,0.9174311926605352,92,0
87.58,stage1,0.9174311926605352,92,0
87.59,stage1,0.9174311926605352,92,0
87.6,stage1,0.9174311926605352,92,0
87.61,stage1,0.9174311926605352,92,0
87.62,stage1,0.9174311926605352,92,0
87.63,stage1,0.9174311926605352,92,0
87.64,stage1,0.9174311926605352,92,0
87.65,stage1,0.9174311926605352,92,0
87.66,stage1,0.9174311926605352,92,0
87.67,stage1,0.9174311926605352,92,0
87.68,stage1,0.9174311926605352,92,0
87.69,stage1,0.9174311926605352,92,0
87.7,stage1,0.9174311926605352,92,0
87.71,stage1,0.9174311926605352,92,0
87.72,stage1,0.9174311926605352,92,0
87.73,stage1,0.9174311926605352,92,0
87.74,stage1,0.9174311926605352,92,0
87.75,stage1,0.9174311926605352,92,0
87.76,stage1,0.9174311926605352,92,0
87.77,stage1,0.9174311926605352,92,0
87.78,stage1,0.9174311926605352,92,0
87.79,stage1,0.9174311926605352,92,0
87.8,stage1,0.9174311926605352,92,0
87.81,stage1,0.9174311926605352,92,0
87.82,stage1,0.9174311926605352,92,0
87.83,stage1,0.9174311926605352,92,0
87.84,stage1,0.9174311926605352,92,0
87.85,stage1,0.9174311926605352,92,0
87.86,stage1,0.9174311926605352,92,0
87.87,stage1,0.9174311926605352,92,0
87.88,stage1,0.9174311926605352,92,0
87.89,stage1,0.9174311926605352,92,0
87.9,stage1,0.9174311926605352,92,0
87.91,stage1,0.9174311926605352,92,0
87.92,stage1,0.9174311926605352,92,0
87.93,stage1,0.9174311926605352,92,0
87.94,stage1,0.9174311926605352,92,0
87.95,stage1,0.9174311926605352,92,0
87.96,stage1,0.9174311926605352,92,0
87.97,stage1,0.9174311926605352,92,0
87.98,stage1,0.9174311926605352,92,0
87.99,stage1,0.9174311926605352,92,0
88.0,stage1,0.9174311926605352,92,0
88.01,stage1,0.9174311926605352,92,0
88.02,stage1,0.9174311926605352,92,0
88.03,stage1,0.9174311926605352,92,0
88.04,stage1,0.9174311926605352,92,0
88.05,stage1,0.9174311926605352,92,0
88.06,stage1,0.9174311926605352,92,0
88.07,stage1,0.9174311926605352,92,0
88.08,stage1,0.9174311926605352,92,0
88.09,stage1,0.9174311926605352,92,0
88.1,stage1,0.9174311926605352,92,0
88.11,stage1,0.9174311926605352,92,0
88.12,stage1,0.9174311926605352,92,0
88.13,stage1,0.9174311926605352,92,0
88.14,stage1,0.9174311926605352,92,0
88.15,stage1,0.9174311926605352,92,0
88.16,stage1,0.9174311926605352,92,0
88.17,stage1,0.9174311926605352,92,0
88.18,stage1,0.9174311926605352,92,0
88.19,stage1,0.9174311926605352,92,0
88.2,stage1,0.9174311926605352,92,0
88.21,stage1,0.9174311926605352,92,0
88.22,stage1,0.9174311926605352,92,0
88.23,stage1,0.9174311926605352,92,0
88.24,stage1,0.9174311926605352,92,0
88.25,stage1,0.9174311926605352,92,0
88.26,stage1,0.9174311926605352,92,0
88.27,stage1,0.9174311926605352,92,0
88.28,stage1,0.9174311926605352,92,0
88.29,stage1,0.9174311926605352,92,0
88.3,stage1,0.9174311926605352,92,0
88.31,stage1,0.9174311926605352,92,0
88.32,stage1,0.9174311926605352,92,0
88.33,stage1,0.9174311926605352,92,0
88.34,stage1,0.9174311926605352,92,0
88.35,stage1,0.9174311926605352,92,0
88.36,stage1,0.9174311926605352,92,0
88.37,stage1,0.9174311926605352,92,0
88.38,stage1,0.9174311926605352,92,0
88.39,stage1,0.9174311926605352,92,0
88.4,stage1,0.9174311926605352,92,0
88.41,stage1,0.9174311926605352,92,0
88.42,stage1,0.9174311926605352,92,0
88.43,stage1,0.9174311926605352,92,0
88.44,stage1,0.9174311926605352,92,0
88.45,stage1,0.9174311926605352,92,0
88.46,stage1,0.9174311926605352,92,0
88.47,stage1,0.9174311926605352,92,0
88.48,stage1,0.9174311926605352,92,0
88.49,stage1,0.9174311926605352,92,0
88.5,stage1,0.9174311926605352,92,0
88.51,stage1,0.9174311926605352,92,0
88.52,stage1,0.9174311926605352,92,0
88.53,stage1,0.9174311926605352,92,0
88.54,stage1,0.9174311926605352,92,0
88.55,stage1,0.9174311926605352,92,0
88.56,stage1,0.9174311926605352,92,0
88.57,stage1,0.9174311926605352,92,0
88.58,stage1,0.9174311926605352,92,0
88.59,stage1,0.9174311926605352,92,0
88.6,stage1,0.9174311926605352,92,0
88.61,stage1,0.9174311926605352,92,0
88.62,stage1,0.9174311926605352,92,0
88.63,stage1,0.9174311926605352,92,0
88.64,stage1,0.9174311926605352,92,0
88.65,stage1,0.9174311926605352,92,0
88.66,stage1,0.9174311926605352,92,0
88.67,stage1,0.9174311926605352,92,0
88.68,stage1,0.9174311926605352,92,0
88.69,stage1,0.9174311926605352,92,0
88.7,stage1,0.9174311926605352,92,0
88.71,stage1,0.9174311926605352,92,0
88.72,stage1,0.9174311926605352,92,0
88.73,stage1,0.9174311926605352,92,0
88.74,stage1,0.9174311926605352,92,0
88.75,stage1,0.9174311926605352,92,0
88.76,stage1,0.9174311926605352,92,0
88.77,stage1,0.9174311926605352,92,0
88.78,stage1,0.9174311926605352,92,0
88.79,stage1,0.9174311926605352,92,0
88.8,stage1,0.9174311926605352,92,0
88.81,stage1,0.9174311926605352,92,0
88.82,stage1,0.9174311926605352,92,0
88.83,stage1,0.9174311926605352,92,0
88.84,stage1,0.9174311926605352,92,0
88.85,stage1,0.9174311926605352,92,0
88.86,stage1,0.9174311926605352,92,0
88.87,stage1,0.9174311926605352,92,0
88.88,stage1,0.9174311926605352,92,0
88.89,stage1,0.9174311926605352,92,0
88.9,stage1,0.9174311926605352,92,0
88.91,stage1,0.9174311926605352,92,0
88.92,stage1,0.9174311926605352,92,0
88.93,stage1,0.9174311926605352,92,0
88.94,stage1,0.9174311926605352,92,0
88.95,stage1,0.9174311926605352,92,0
88.96,stage1,0.9174311926605352,92,0
88.97,stage1,0.9174311926605352,92,0
88.98,stage1,0.9174311926605352,92,0
88.99,stage1,0.9174311926605352,92,0
89.0,stage1,0.9174311926605352,92,0
89.01,stage1,0.9174311926605352,92,0
89.02,stage1,0.9174311926605352,92,0
89.03,stage1,0.9174311926605352,92,0
89.04,stage1,0.9174311926605352,92,0
89.05,stage1,0.9174311926605352,92,0
89.06,stage1,0.9174311926605352,92,0
89.07,stage1,0.9174311926605352,92,0
89.08,stage1,0.9174311926605352,92,0
89.09,stage1,0.9174311926605352,92,0
89.1,stage1,0.9174311926605352,92,0
89.11,stage1,0.9174311926605352,92,0
89.12,stage1,0.9174311926605352,92,0
89.13,stage1,0.9174311926605352,92,0
89.14,stage1,0.9174311926605352,92,0
89.15,stage1,0.9174311926605352,92,0
89.16,stage1,0.9174311926605352,92,0
89.17,stage1,0.9174311926605352,92,0
89.18,stage1,0.9174311926605352,92,0
89.19,stage1,0.9174311926605352,92,0
89.2,stage1,0.9174311926605352,92,0
89.21,stage1,0.9174311926605352,92,0
89.22,stage1,0.9174311926605352,92,0
89.23,stage1,0.9174311926605352,92,0
89.24,stage1,0.9174311926605352,92,0
89.25,stage1,0.9174311926605352,92,0
89.26,stage1,0.9174311926605352,92,0
89.27,stage1,0.9174311926605352,92,0
89.28,stage1,0.9174311926605352,92,0
89.29,stage1,0.9174311926605352,92,0
89.3,stage1,0.9174311926605352,92,0
89.31,stage1,0.9174311926605352,92,0
89.32,stage1,0.9174311926605352,92,0
89.33,stage1,0.9174311926605352,92,0
89.34,stage1,0.9174311926605352,92,0
89.35,stage1,0.9174311926605352,92,0
89.36,stage1,0.9174311926605352,92,0
89.37,stage1,0.9174311926605352,92,0
89.38,stage1,0.9174311926605352,92,0
89.39,stage1,0.9174311926605352,92,0
89.4,stage1,0.9174311926605352,92,0
89.41,stage1,0.9174311926605352,92,0
89.42,stage1,0.9174311926605352,92,0
89.43,stage1,0.9174311926605352,92,0
89.44,stage1,0.9174311926605352,92,0
89.45,stage1,0.9174311926605352,92,0
89.46,stage1,0.9174311926605352,92,0
89.47,stage1,0.9174311926605352,92,0
89.48,stage1,0.9174311926605352,92,0
89.49,stage1,0.9174311926605352,92,0
89.5,stage1,0.9174311926605352,92,0
89.51,stage1,0.9174311926605352,92,0
89.52,stage1,0.9174311926605352,92,0
89.53,stage1,0.9174311926605352,92,0
89.54,stage1,0.9174311926605352,92,0
89.55,stage1,0.9174311926605352,92,0
89.56,stage1,0.9174311926605352,92,0
89.57,stage1,0.9174311926605352,92,0
89.58,stage1,0.9174311926605352,92,0
89.59,stage1,0.9174311926605352,92,0
89.6,stage1,0.9174311926605352,92,0
89.61,stage1,0.9174311926605352,92,0
89.62,stage1,0.9174311926605352,92,0
89.63,stage1,0.9174311926605352,92,0
89.64,stage1,0.9174311926605352,92,0
89.65,stage1,0.9174311926605352,92,0
89.66,stage1,0.9174311926605352,92,0
89.67,stage1,0.9174311926605352,92,0
89.68,stage1,0.9174311926605352,92,0
89.69,stage1,0.9174311926605352,92,0
89.7,stage1,0.9174311926605352,92,0
89.71,stage1,0.9174311926605352,92,0
89.72,stage1,0.9174311926605352,92,0
89.73,stage1,0.9174311926605352,92,0
89.74,stage1,0.9174311926605352,92,0
89.75,stage1,0.9174311926605352,92,0
89.76,stage1,0.9174311926605352,92,0
89.77,stage1,0.9174311926605352,92,0
89.78,stage1,0.9174311926605352,92,0
89.79,stage1,0.9174311926605352,92,0
89.8,stage1,0.9174311926605352,92,0
89.81,stage1,0.9174311926605352,92,0
89.82,stage1,0.9174311926605352,92,0
89.83,stage1,0.9174311926605352,92,0
89.84,stage1,0.9174311926605352,92,0
89.85,stage1,0.9174311926605352,92,0
89.86,stage1,0.9174311926605352,92,0
89.87,stage1,0.9174311926605352,92,0
89.88,stage1,0.9174311926605352,92,0
89.89,stage1,0.9174311926605352,92,0
89.9,stage1,0.9174311926605352,92,0
89.91,stage1,0.9174311926605352,92,0
89.92,stage1,0.9174311926605352,92,0
89.93,stage1,0.9174311926605352,92,0
89.94,stage1,0.9174311926605352,92,0
89.95,stage1,0.9174311926605352,92,0
89.96,stage1,0.9174311926605352,92,0
89.97,stage1,0.9174311926605352,92,0
89.98,stage1,0.9174311926605352,92,0
89.99,stage1,0.9174311926605352,92,0
90.0,stage1,0.9174311926605352,92,0
90.01,stage1,0.9174311926605352,92,0
90.02,stage1,0.9174311926605352,92,0
90.03,stage1,0.9174311926605352,92,0
90.04,stage1,0.9174311926605352,92,0
90.05,stage1,0.9174311926605352,92,0
90.06,stage1,0.9174311926605352,92,0
90.07,stage1,0.9174311926605352,92,0
90.08,stage1,0.9174311926605352,92,0
90.09,stage1,0.9174311926605352,92,0
90.1,stage1,0.9174311926605352,92,0
90.11,stage1,0.9174311926605352,92,0
90.12,stage1,0.9174311926605352,92,0
90.13,stage1,0.9174311926605352,92,0
90.14,stage1,0.9174311926605352,92,0
90.15,stage1,0.9174311926605352,92,0
90.16,stage1,0.9174311926605352,92,0
90.17,stage1,0.9174311926605352,92,0
90.18,stage1,0.9174311926605352,92,0
90.19,stage1,0.9174311926605352,92,0
90.2,stage1,0.9174311926605352,92,0
90.21,stage1,0.9174311926605352,92,0
90.22,stage1,0.9174311926605352,92,0
90.23,stage1,0.9174311926605352,92,0
90.24,stage1,0.9174311926605352,92,0
90.25,stage1,0.9174311926605352,92,0
90.26,stage1,0.9174311926605352,92,0
90.27,stage1,0.9174311926605352,92,0
90.28,stage1,0.9174311926605352,92,0
90.29,stage1,0.9174311926605352,92,0
90.3,stage1,0.9174311926605352,92,0
90.31,stage1,0.9174311926605352,92,0
90.32,stage1,0.9174311926605352,92,0
90.33,stage1,0.9174311926605352,92,0
90.34,stage1,0.9174311926605352,92,0
90.35,stage1,0.9174311926605352,92,0
90.36,stage1,0.9174311926605352,92,0
90.37,stage1,0.9174311926605352,92,0
90.38,stage1,0.9174311926605352,92,0
90.39,stage1,0.9174311926605352,92,0
90.4,stage1,0.9174311926605352,92,0
90.41,stage1,0.9174311926605352,92,0
90.42,stage1,0.9174311926605352,92,0
90.43,stage1,0.9174311926605352,92,0
90.44,stage1,0.9174311926605352,92,0
90.45,stage1,0.9174311926605352,92,0
90.46,stage1,0.9174311926605352,92,0
90.47,stage1,0.9174311926605352,92,0
90.48,stage1,0.9174311926605352,92,0
90.49,stage1,0.9174311926605352,92,0
90.5,stage1,0.9174311926605352,92,0
90.51,stage1,0.9174311926605352,92,0
90.52,stage1,0.9174311926605352,92,0
90.53,stage1,0.9174311926605352,92,0
90.54,stage1,0.9174311926605352,92,0
90.55,stage1,0.9174311926605352,92,0
90.56,stage1,0.9174311926605352,92,0
90.57,stage1,0.9174311926605352,92,0
90.58,stage1,0.9174311926605352,92,0
90.59,stage1,0.9174311926605352,92,0
90.6,stage1,0.9174311926605352,92,0
90.61,stage1,0.9174311926605352,92,0
90.62,stage1,0.9174311926605352,92,0
90.63,stage1,0.9174311926605352,92,0
90.64,stage1,0.9174311926605352,92,0
90.65,stage1,0.9174311926605352,92,0
90.66,stage1,0.9174311926605352,92,0
90.67,stage1,0.9174311926605352,92,0
90.68,stage1,0.9174311926605352,92,0
90.69,stage1,0.9174311926605352,92,0
90.7,stage1,0.9174311926605352,92,0
90.71,stage1,0.9174311926605352,92,0
90.72,stage1,0.9174311926605352,92,0
90.73,stage1,0.9174311926605352,92,0
90.74,stage1,0.9174311926605352,92,0
90.75,stage1,0.9174311926605352,92,0
90.76,stage1,0.9174311926605352,92,0
90.77,stage1,0.9174311926605352,92,0
90.78,stage1,0.9174311926605352,92,0
90.79,stage1,0.9174311926605352,92,0
90.8,stage1,0.9174311926605352,92,0
90.81,stage1,0.9174311926605352,92,0
90.82,stage1,0.9174311926605352,92,0
90.83,stage1,0.9174311926605352,92,0
90.84,stage1,0.9174311926605352,92,0
90.85,stage1,0.9174311926605352,92,0
90.86,stage1,0.9174311926605352,92,0
90.87,stage1,0.9174311926605352,92,0
90.88,stage1,0.9174311926605352,92,0
90.89,stage1,0.9174311926605352,92,0
90.9,stage1,0.9174311926605352,92,0
90.91,stage1,0.9174311926605352,92,0
90.92,stage1,0.9174311926605352,92,0
90.93,stage1,0.9174311926605352,92,0
90.94,stage1,0.9174311926605352,92,0
90.95,stage1,0.9174311926605352,92,0
90.96,stage1,0.9174311926605352,92,0
90.97,stage1,0.9174311926605352,92,0
90.98,stage1,0.9174311926605352,92,0
90.99,stage1,0.9174311926605352,92,0
91.0,stage1,0.9174311926605352,92,0
91.01,stage1,0.9174311926605352,92,0
91.02,stage1,0.9174311926605352,92,0
91.03,stage1,0.9174311926605352,92,0
91.04,stage1,0.9174311926605352,92,0
91.05,stage1,0.9174311926605352,92,0
91.06,stage1,0.9174311926605352,92,0
91.07,stage1,0.9174311926605352,92,0
91.08,stage1,0.9174311926605352,92,0
91.09,stage1,0.9174311926605352,92,0
91.1,stage1,0.9174311926605352,92,0
91.11,stage1,0.9174311926605352,92,0
91.12,stage1,0.9174311926605352,92,0
91.13,stage1,0.9174311926605352,92,0
91.14,stage1,0.9174311926605352,92,0
91.15,stage1,0.9174311926605352,92,0
91.16,stage1,0.9174311926605352,92,0
91.17,stage1,0.9174311926605352,92,0
91.18,stage1,0.9174311926605352,92,0
91.19,stage1,0.9174311926605352,92,0
91.2,stage1,0.9174311926605352,92,0
91.21,stage1,0.9174311926605352,92,0
91.22,stage1,0.9174311926605352,92,0
91.23,stage1,0.9174311926605352,92,0
91.24,stage1,0.9174311926605352,92,0
91.25,stage1,0.9174311926605352,92,0
91.26,stage1,0.9174311926605352,92,0
91.27,stage1,0.9174311926605352,92,0
91.28,stage1,0.9174311926605352,92,0
91.29,stage1,0.9174311926605352,92,0
91.3,stage1,0.9174311926605352,92,0
91.31,stage1,0.9174311926605352,92,0
91.32,stage1,0.9174311926605352,92,0
91.33,stage1,0.9174311926605352,92,0
91.34,stage1,0.9174311926605352,92,0
91.35,stage1,0.9174311926605352,92,0
91.36,stage1,0.9174311926605352,92,0
91.37,stage1,0.9174311926605352,92,0
91.38,stage1,0.9174311926605352,92,0
91.39,stage1,0.9174311926605352,92,0
91.4,stage1,0.9174311926605352,92,0
91.41,stage1,0.9174311926605352,92,0
91.42,stage1,0.9174311926605352,92,0
91.43,stage1,0.9174311926605352,92,0
91.44,stage1,0.9174311926605352,92,0
91.45,stage1,0.9174311926605352,92,0
91.46,stage1,0.9174311926605352,92,0
91.47,stage1,0.9174311926605352,92,0
91.48,stage1,0.9174311926605352,92,0
91.49,stage1,0.9174311926605352,92,0
91.5,stage1,0.9174311926605352,92,0
91.51,stage1,0.9174311926605352,92,0
91.52,stage1,0.9174311926605352,92,0
91.53,stage1,0.9174311926605352,92,0
91.54,stage1,0.9174311926605352,92,0
91.55,stage1,0.9174311926605352,92,0
91.56,stage1,0.9174311926605352,92,0
91.57,stage1,0.9174311926605352,92,0
91.58,stage1,0.9174311926605352,92,0
91.59,stage1,0.9174311926605352,92,0
91.6,stage1,0.9174311926605352,92,0
91.61,stage1,0.9174311926605352,92,0
91.62,stage1,0.9174311926605352,92,0
91.63,stage1,0.9174311926605352,92,0
91.64,stage1,0.9174311926605352,92,0
91.65,stage1,0.9174311926605352,92,0
91.66,stage1,0.9174311926605352,92,0
91.67,stage1,0.9174311926605352,92,0
91.68,stage1,0.9174311926605352,92,0
91.69,stage1,0.9174311926605352,92,0
91.7,stage1,0.9174311926605352,92,0
91.71,stage1,0.9174311926605352,92,0
91.72,stage1,0.9174311926605352,92,0
91.73,stage1,0.9174311926605352,92,0
91.74,stage1,0.9174311926605352,92,0
91.75,stage1,0.9174311926605352,92,0
91.76,stage1,0.9174311926605352,92,0
91.77,stage1,0.9174311926605352,92,0
91.78,stage1,0.9174311926605352,92,0
91.79,stage1,0.9174311926605352,92,0
91.8,stage1,0.9174311926605352,92,0
91.81,stage1,0.9174311926605352,92,0
91.82,stage1,0.9174311926605352,92,0
91.83,stage1,0.9174311926605352,92,0
91.84,stage1,0.9174311926605352,92,0
91.85,stage1,0.9174311926605352,92,0
91.86,stage1,0.9174311926605352,92,0
91.87,stage1,0.9174311926605352,92,0
91.88,stage1,0.9174311926605352,92,0
91.89,stage1,0.9174311926605352,92,0
91.9,stage1,0.9174311926605352,92,0
91.91,stage1,0.9174311926605352,92,0
91.92,stage1,0.9174311926605352,92,0
91.93,stage1,0.9174311926605352,92,0
91.94,stage1,0.9174311926605352,92,0
91.95,stage1,0.9174311926605352,92,0
91.96,stage1,0.9174311926605352,92,0
91.97,stage1,0.9174311926605352,92,0
91.98,stage1,0.9174311926605352,92,0
91.99,stage1,0.9174311926605352,92,0
92.0,stage1,0.9174311926605352,92,0
92.01,stage1,0.9174311926605352,92,0
92.02,stage1,0.9174311926605352,92,0
92.03,stage1,0.9174311926605352,92,0
92.04,stage1,0.9174311926605352,92,0
92.05,stage1,0.9174311926605352,92,0
92.06,stage1,0.9174311926605352,92,0
92.07,stage1,0.9174311926605352,92,0
92.08,stage1,0.9174311926605352,92,0
92.09,stage1,0.9174311926605352,92,0
92.1,stage1,0.9174311926605352,92,0
92.11,stage1,0.9174311926605352,92,0
92.12,stage1,0.9174311926605352,92,0
92.13,stage1,0.9174311926605352,92,0
92.14,stage1,0.9174311926605352,92,0
92.15,stage1,0.9174311926605352,92,0
92.16,stage1,0.9174311926605352,92,0
92.17,stage1,0.9174311926605352,92,0
92.18,stage1,0.9174311926605352,92,0
92.19,stage1,0.9174311926605352,92,0
92.2,stage1,0.9174311926605352,92,0
92.21,stage1,0.9174311926605352,92,0
92.22,stage1,0.9174311926605352,92,0
92.23,stage1,0.9174311926605352,92,0
92.24,stage1,0.9174311926605352,92,0
92.25,stage1,0.9174311926605352,92,0
92.26,stage1,0.9174311926605352,92,0
92.27,stage1,0.9174311926605352,92,0
92.28,stage1,0.9174311926605352,92,0
92.29,stage1,0.9174311926605352,92,0
92.3,stage1,0.9174311926605352,92,0
92.31,stage1,0.9174311926605352,92,0
92.32,stage1,0.9174311926605352,92,0
92.33,stage1,0.9174311926605352,92,0
92.34,stage1,0.9174311926605352,92,0
92.35,stage1,0.9174311926605352,92,0
92.36,stage1,0.9174311926605352,92,0
92.37,stage1,0.9174311926605352,92,0
92.38,stage1,0.9174311926605352,92,0
92.39,stage1,0.9174311926605352,92,0
92.4,stage1,0.9174311926605352,92,0
92.41,stage1,0.9174311926605352,92,0
92.42,stage1,0.9174311926605352,92,0
92.43,stage1,0.9174311926605352,92,0
92.44,stage1,0.9174311926605352,92,0
92.45,stage1,0.9174311926605352,92,0
92.46,stage1,0.9174311926605352,92,0
92.47,stage1,0.9174311926605352,92,0
92.48,stage1,0.9174311926605352,92,0
92.49,stage1,0.9174311926605352,92,0
92.5,stage1,0.9174311926605352,92,0
92.51,stage1,0.9174311926605352,92,0
92.52,stage1,0.9174311926605352,92,0
92.53,stage1,0.9174311926605352,92,0
92.54,stage1,0.9174311926605352,92,0
92.55,stage1,0.9174311926605352,92,0
92.56,stage1,0.9174311926605352,92,0
92.57,stage1,0.9174311926605352,92,0
92.58,stage1,0.9174311926605352,92,0
92.59,stage1,0.9174311926605352,92,0
92.6,stage1,0.9174311926605352,92,0
92.61,stage1,0.9174311926605352,92,0
92.62,stage1,0.9174311926605352,92,0
92.63,stage1,0.9174311926605352,92,0
92.64,stage1,0.9174311926605352,92,0
92.65,stage1,0.9174311926605352,92,0
92.66,stage1,0.9174311926605352,92,0
92.67,stage1,0.9174311926605352,92,0
92.68,stage1,0.9174311926605352,92,0
92.69,stage1,0.9174311926605352,92,0
92.7,stage1,0.9174311926605352,92,0
92.71,stage1,0.9174311926605352,92,0
92.72,stage1,0.9174311926605352,92,0
92.73,stage1,0.9174311926605352,92,0
92.74,stage1,0.9174311926605352,92,0
92.75,stage1,0.9174311926605352,92,0
92.76,stage1,0.9174311926605352,92,0
92.77,stage1,0.9174311926605352,92,0
92.78,stage1,0.9174311926605352,92,0
92.79,stage1,0.9174311926605352,92,0
92.8,stage1,0.9174311926605352,92,0
92.81,stage1,0.9174311926605352,92,0
92.82,stage1,0.9174311926605352,92,0
92.83,stage1,0.9174311926605352,92,0
92.84,stage1,0.9174311926605352,92,0
92.85,stage1,0.9174311926605352,92,0
92.86,stage1,0.9174311926605352,92,0
92.87,stage1,0.9174311926605352,92,0
92.88,stage1,0.9174311926605352,92,0
92.89,stage1,0.9174311926605352,92,0
92.9,stage1,0.9174311926605352,92,0
92.91,stage1,0.9174311926605352,92,0
92.92,stage1,0.9174311926605352,92,0
92.93,stage1,0.9174311926605352,92,0
92.94,stage1,0.9174311926605352,92,0
92.95,stage1,0.9174311926605352,92,0
92.96,stage1,0.9174311926605352,92,0
92.97,stage1,0.9174311926605352,92,0
92.98,stage1,0.9174311926605352,92,0
92.99,stage1,0.9174311926605352,92,0
93.0,stage1,0.9174311926605352,92,0
93.01,stage1,0.9174311926605352,92,0
93.02,stage1,0.9174311926605352,92,0
93.03,stage1,0.9174311926605352,92,0
93.04,stage1,0.9174311926605352,92,0
93.05,stage1,0.9174311926605352,92,0
93.06,stage1,0.9174311926605352,92,0
93.07,stage1,0.9174311926605352,92,0
93.08,stage1,0.9174311926605352,92,0
93.09,stage1,0.9174311926605352,92,0
93.1,stage1,0.9174311926605352,92,0
93.11,stage1,0.9174311926605352,92,0
93.12,stage1,0.9174311926605352,92,0
93.13,stage1,0.9174311926605352,92,0
93.14,stage1,0.9174311926605352,92,0
93.15,stage1,0.9174311926605352,92,0
93.16,stage1,0.9174311926605352,92,0
93.17,stage1,0.9174311926605352,92,0
93.18,stage1,0.9174311926605352,92,0
93.19,stage1,0.9174311926605352,92,0
93.2,stage1,0.9174311926605352,92,0
93.21,stage1,0.9174311926605352,92,0
93.22,stage1,0.9174311926605352,92,0
93.23,stage1,0.9174311926605352,92,0
93.24,stage1,0.9174311926605352,92,0
93.25,stage1,0.9174311926605352,92,0
93.26,stage1,0.9174311926605352,92,0
93.27,stage1,0.9174311926605352,92,0
93.28,stage1,0.9174311926605352,92,0
93.29,stage1,0.9174311926605352,92,0
93.3,stage1,0.9174311926605352,92,0
93.31,stage1,0.9174311926605352,92,0
93.32,stage1,0.9174311926605352,92,0
93.33,stage1,0.9174311926605352,92,0
93.34,stage1,0.9174311926605352,92,0
93.35,stage1,0.9174311926605352,92,0
93.36,stage1,0.9174311926605352,92,0
93.37,stage1,0.9174311926605352,92,0
93.38,stage1,0.9174311926605352,92,0
93.39,stage1,0.9174311926605352,92,0
93.4,stage1,0.9174311926605352,92,0
93.41,stage1,0.9174311926605352,92,0
93.42,stage1,0.9174311926605352,92,0
93.43,stage1,0.9174311926605352,92,0
93.44,stage1,0.9174311926605352,92,0
93.45,stage1,0.9174311926605352,92,0
93.46,stage1,0.9174311926605352,92,0
93.47,stage1,0.9174311926605352,92,0
93.48,stage1,0.9174311926605352,92,0
93.49,stage1,0.9174311926605352,92,0
93.5,stage1,0.9174311926605352,92,0
93.51,stage1,0.9174311926605352,92,0
93.52,stage1,0.9174311926605352,92,0
93.53,stage1,0.9174311926605352,92,0
93.54,stage1,0.9174311926605352,92,0
93.55,stage1,0.9174311926605352,92,0
93.56,stage1,0.9174311926605352,92,0
93.57,stage1,0.9174311926605352,92,0
93.58,stage1,0.9174311926605352,92,0
93.59,stage1,0.9174311926605352,92,0
93.6,stage1,0.9174311926605352,92,0
93.61,stage1,0.9174311926605352,92,0
93.62,stage1,0.9174311926605352,92,0
93.63,stage1,0.9174311926605352,92,0
93.64,stage1,0.9174311926605352,92,0
93.65,stage1,0.9174311926605352,92,0
93.66,stage1,0.9174311926605352,92,0
93.67,stage1,0.9174311926605352,92,0
93.68,stage1,0.9174311926605352,92,0
93.69,stage1,0.9174311926605352,92,0
93.7,stage1,0.9174311926605352,92,0
93.71,stage1,0.9174311926605352,92,0
93.72,stage1,0.9174311926605352,92,0
93.73,stage1,0.9174311926605352,92,0
93.74,stage1,0.9174311926605352,92,0
93.75,stage1,0.9174311926605352,92,0
93.76,stage1,0.9174311926605352,92,0
93.77,stage1,0.9174311926605352,92,0
93.78,stage1,0.9174311926605352,92,0
93.79,stage1,0.9174311926605352,92,0
93.8,stage1,0.9174311926605352,92,0
93.81,stage1,0.9174311926605352,92,0
93.82,stage1,0.9174311926605352,92,0
93.83,stage1,0.9174311926605352,92,0
93.84,stage1,0.9174311926605352,92,0
93.85,stage1,0.9174311926605352,92,0
93.86,stage1,0.9174311926605352,92,0
93.87,stage1,0.9174311926605352,92,0
93.88,stage1,0.9174311926605352,92,0
93.89,stage1,0.9174311926605352,92,0
93.9,stage1,0.9174311926605352,92,0
93.91,stage1,0.9174311926605352,92,0
93.92,stage1,0.9174311926605352,92,0
93.93,stage1,0.9174311926605352,92,0
93.94,stage1,0.9174311926605352,92,0
93.95,stage1,0.9174311926605352,92,0
93.96,stage1,0.9174311926605352,92,0
93.97,stage1,0.9174311926605352,92,0
93.98,stage1,0.9174311926605352,92,0
93.99,stage1,0.9174311926605352,92,0
94.0,stage1,0.9174311926605352,92,0
94.01,stage1,0.9174311926605352,92,0
94.02,stage1,0.9174311926605352,92,0
94.03,stage1,0.9174311926605352,92,0
94.04,stage1,0.9174311926605352,92,0
94.05,stage1,0.9174311926605352,92,0
94.06,stage1,0.9174311926605352,92,0
94.07,stage1,0.9174311926605352,92,0
94.08,stage1,0.9174311926605352,92,0
94.09,stage1,0.9174311926605352,92,0
94.1,stage1,0.9174311926605352,92,0
94.11,stage1,0.9174311926605352,92,0
94.12,stage1,0.9174311926605352,92,0
94.13,stage1,0.9174311926605352,92,0
94.14,stage1,0.9174311926605352,92,0
94.15,stage1,0.9174311926605352,92,0
94.16,stage1,0.9174311926605352,92,0
94.17,stage1,0.9174311926605352,92,0
94.18,stage1,0.9174311926605352,92,0
94.19,stage1,0.9174311926605352,92,0
94.2,stage1,0.9174311926605352,92,0
94.21,stage1,0.9174311926605352,92,0
94.22,stage1,0.9174311926605352,92,0
94.23,stage1,0.9174311926605352,92,0
94.24,stage1,0.9174311926605352,92,0
94.25,stage1,0.9174311926605352,92,0
94.26,stage1,0.9174311926605352,92,0
94.27,stage1,0.9174311926605352,92,0
94.28,stage1,0.9174311926605352,92,0
94.29,stage1,0.9174311926605352,92,0
94.3,stage1,0.9174311926605352,92,0
94.31,stage1,0.9174311926605352,92,0
94.32,stage1,0.9174311926605352,92,0
94.33,stage1,0.9174311926605352,92,0
94.34,stage1,0.9174311926605352,92,0
94.35,stage1,0.9174311926605352,92,0
94.36,stage1,0.9174311926605352,92,0
94.37,stage1,0.9174311926605352,92,0
94.38,stage1,0.9174311926605352,92,0
94.39,stage1,0.9174311926605352,92,0
94.4,stage1,0.9174311926605352,92,0
94.41,stage1,0.9174311926605352,92,0
94.42,stage1,0.9174311926605352,92,0
94.43,stage1,0.9174311926605352,92,0
94.44,stage1,0.9174311926605352,92,0
94.45,stage1,0.9174311926605352,92,0
94.46,stage1,0.9174311926605352,92,0
94.47,stage1,0.9174311926605352,92,0
94.48,stage1,0.9174311926605352,92,0
94.49,stage1,0.9174311926605352,92,0
94.5,stage1,0.9174311926605352,92,0
94.51,stage1,0.9174311926605352,92,0
94.52,stage1,0.9174311926605352,92,0
94.53,stage1,0.9174311926605352,92,0
94.54,stage1,0.9174311926605352,92,0
94.55,stage1,0.9174311926605352,92,0
94.56,stage1,0.9174311926605352,92,0
94.57,stage1,0.9174311926605352,92,0
94.58,stage1,0.9174311926605352,92,0
94.59,stage1,0.9174311926605352,92,0
94.6,stage1,0.9174311926605352,92,0
94.61,stage1,0.9174311926605352,92,0
94.62,stage1,0.9174311926605352,92,0
94.63,stage1,0.9174311926605352,92,0
94.64,stage1,0.9174311926605352,92,0
94.65,stage1,0.9174311926605352,92,0
94.66,stage1,0.9174311926605352,92,0
94.67,stage1,0.9174311926605352,92,0
94.68,stage1,0.9174311926605352,92,0
94.69,stage1,0.9174311926605352,92,0
94.7,stage1,0.9174311926605352,92,0
94.71,stage1,0.9174311926605352,92,0
94.72,stage1,0.9174311926605352,92,0
94.73,stage1,0.9174311926605352,92,0
94.74,stage1,0.9174311926605352,92,0
94.75,stage1,0.9174311926605352,92,0
94.76,stage1,0.9174311926605352,92,0
94.77,stage1,0.9174311926605352,92,0
94.78,stage1,0.9174311926605352,92,0
94.79,stage1,0.9174311926605352,92,0
94.8,stage1,0.9174311926605352,92,0
94.81,stage1,0.9174311926605352,92,0
94.82,stage1,0.9174311926605352,92,0
94.83,stage1,0.9174311926605352,92,0
94.84,stage1,0.9174311926605352,92,0
94.85,stage1,0.9174311926605352,92,0
94.86,stage1,0.9174311926605352,92,0
94.87,stage1,0.9174311926605352,92,0
94.88,stage1,0.9174311926605352,92,0
94.89,stage1,0.9174311926605352,92,0
94.9,stage1,0.9174311926605352,92,0
94.91,stage1,0.9174311926605352,92,0
94.92,stage1,0.9174311926605352,92,0
94.93,stage1,0.9174311926605352,92,0
94.94,stage1,0.9174311926605352,92,0
94.95,stage1,0.9174311926605352,92,0
94.96,stage1,0.9174311926605352,92,0
94.97,stage1,0.9174311926605352,92,0
94.98,stage1,0.9174311926605352,92,0
94.99,stage1,0.9174311926605352,92,0
95.0,stage1,0.9174311926605352,92,0
95.01,stage1,0.9174311926605352,92,0
95.02,stage1,0.9174311926605352,92,0
95.03,stage1,0.9174311926605352,92,0
95.04,stage1,0.9174311926605352,92,0
95.05,stage1,0.9174311926605352,92,0
95.06,stage1,0.9174311926605352,92,0
95.07,stage1,0.9174311926605352,92,0
95.08,stage1,0.9174311926605352,92,0
95.09,stage1,0.9174311926605352,92,0
95.1,stage1,0.9174311926605352,92,0
95.11,stage1,0.9174311926605352,92,0
95.12,stage1,0.9174311926605352,92,0
95.13,stage1,0.9174311926605352,92,0
95.14,stage1,0.9174311926605352,92,0
95.15,stage1,0.9174311926605352,92,0
95.16,stage1,0.9174311926605352,92,0
95.17,stage1,0.9174311926605352,92,0
95.18,stage1,0.9174311926605352,92,0
95.19,stage1,0.9174311926605352,92,0
95.2,stage1,0.9174311926605352,92,0
95.21,stage1,0.9174311926605352,92,0
95.22,stage1,0.9174311926605352,92,0
95.23,stage1,0.9174311926605352,92,0
95.24,stage1,0.9174311926605352,92,0
95.25,stage1,0.9174311926605352,92,0
95.26,stage1,0.9174311926605352,92,0
95.27,stage1,0.9174311926605352,92,0
95.28,stage1,0.9174311926605352,92,0
95.29,stage1,0.9174311926605352,92,0
95.3,stage1,0.9174311926605352,92,0
95.31,stage1,0.9174311926605352,92,0
95.32,stage1,0.9174311926605352,92,0
95.33,stage1,0.9174311926605352,92,0
95.34,stage1,0.9174311926605352,92,0
95.35,stage1,0.9174311926605352,92,0
95.36,stage1,0.9174311926605352,92,0
95.37,stage1,0.9174311926605352,92,0
95.38,stage1,0.9174311926605352,92,0
95.39,stage1,0.9174311926605352,92,0
95.4,stage1,0.9174311926605352,92,0
95.41,stage1,0.9174311926605352,92,0
95.42,stage1,0.9174311926605352,92,0
95.43,stage1,0.9174311926605352,92,0
95.44,stage1,0.9174311926605352,92,0
95.45,stage1,0.9174311926605352,92,0
95.46,stage1,0.9174311926605352,92,0
95.47,stage1,0.9174311926605352,92,0
95.48,stage1,0.9174311926605352,92,0
95.49,stage1,0.9174311926605352,92,0
95.5,stage1,0.9174311926605352,92,0
95.51,stage1,0.9174311926605352,92,0
95.52,stage1,0.9174311926605352,92,0
95.53,stage1,0.9174311926605352,92,0
95.54,stage1,0.9174311926605352,92,0
95.55,stage1,0.9174311926605352,92,0
95.56,stage1,0.9174311926605352,92,0
95.57,stage1,0.9174311926605352,92,0
95.58,stage1,0.9174311926605352,92,0
95.59,stage1,0.9174311926605352,92,0
95.6,stage1,0.9174311926605352,92,0
95.61,stage1,0.9174311926605352,92,0
95.62,stage1,0.9174311926605352,92,0
95.63,stage1,0.9174311926605352,92,0
95.64,stage1,0.9174311926605352,92,0
95.65,stage1,0.9174311926605352,92,0
95.66,stage1,0.9174311926605352,92,0
95.67,stage1,0.9174311926605352,92,0
95.68,stage1,0.9174311926605352,92,0
95.69,stage1,0.9174311926605352,92,0
95.7,stage1,0.9174311926605352,92,0
95.71,stage1,0.9174311926605352,92,0
95.72,stage1,0.9174311926605352,92,0
95.73,stage1,0.9174311926605352,92,0
95.74,stage1,0.9174311926605352,92,0
95.75,stage1,0.9174311926605352,92,0
95.76,stage1,0.9174311926605352,92,0
95.77,stage1,0.9174311926605352,92,0
95.78,stage1,0.9174311926605352,92,0
95.79,stage1,0.9174311926605352,92,0
95.8,stage1,0.9174311926605352,92,0
95.81,stage1,0.9174311926605352,92,0
95.82,stage1,0.9174311926605352,92,0
95.83,stage1,0.9174311926605352,92,0
95.84,stage1,0.9174311926605352,92,0
95.85,stage1,0.9174311926605352,92,0
95.86,stage1,0.9174311926605352,92,0
95.87,stage1,0.9174311926605352,92,0
95.88,stage1,0.9174311926605352,92,0
95.89,stage1,0.9174311926605352,92,0
95.9,stage1,0.9174311926605352,92,0
95.91,stage1,0.9174311926605352,92,0
95.92,stage1,0.9174311926605352,92,0
95.93,stage1,0.9174311926605352,92,0
95.94,stage1,0.9174311926605352,92,0
95.95,stage1,0.9174311926605352,92,0
95.96,stage1,0.9174311926605352,92,0
95.97,stage1,0.9174311926605352,92,0
95.98,stage1,0.9174311926605352,92,0
95.99,stage1,0.9174311926605352,92,0
96.0,stage1,0.9174311926605352,92,0
96.01,stage1,0.9174311926605352,92,0
96.02,stage1,0.9174311926605352,92,0
96.03,stage1,0.9174311926605352,92,0
96.04,stage1,0.9174311926605352,92,0
96.05,stage1,0.9174311926605352,92,0
96.06,stage1,0.9174311926605352,92,0
96.07,stage1,0.9174311926605352,92,0
96.08,stage1,0.9174311926605352,92,0
96.09,stage1,0.9174311926605352,92,0
96.1,stage1,0.9174311926605352,92,0
96.11,stage1,0.9174311926605352,92,0
96.12,stage1,0.9174311926605352,92,0
96.13,stage1,0.9174311926605352,92,0
96.14,stage1,0.9174311926605352,92,0
96.15,stage1,0.9174311926605352,92,0
96.16,stage1,0.9174311926605352,92,0
96.17,stage1,0.9174311926605352,92,0
96.18,stage1,0.9174311926605352,92,0
96.19,stage1,0.9174311926605352,92,0
96.2,stage1,0.9174311926605352,92,0
96.21,stage1,0.9174311926605352,92,0
96.22,stage1,0.9174311926605352,92,0
96.23,stage1,0.9174311926605352,92,0
96.24,stage1,0.9174311926605352,92,0
96.25,stage1,0.9174311926605352,92,0
96.26,stage1,0.9174311926605352,92,0
96.27,stage1,0.9174311926605352,92,0
96.28,stage1,0.9174311926605352,92,0
96.29,stage1,0.9174311926605352,92,0
96.3,stage1,0.9174311926605352,92,0
96.31,stage1,0.9174311926605352,92,0
96.32,stage1,0.9174311926605352,92,0
96.33,stage1,0.9174311926605352,92,0
96.34,stage1,0.9174311926605352,92,0
96.35,stage1,0.9174311926605352,92,0
96.36,stage1,0.9174311926605352,92,0
96.37,stage1,0.9174311926605352,92,0
96.38,stage1,0.9174311926605352,92,0
96.39,stage1,0.9174311926605352,92,0
96.4,stage1,0.9174311926605352,92,0
96.41,stage1,0.9174311926605352,92,0
96.42,stage1,0.9174311926605352,92,0
96.43,stage1,0.9174311926605352,92,0
96.44,stage1,0.9174311926605352,92,0
96.45,stage1,0.9174311926605352,92,0
96.46,stage1,0.9174311926605352,92,0
96.47,stage1,0.9174311926605352,92,0
96.48,stage1,0.9174311926605352,92,0
96.49,stage1,0.9174311926605352,92,0
96.5,stage1,0.9174311926605352,92,0
96.51,stage1,0.9174311926605352,92,0
96.52,stage1,0.9174311926605352,92,0
96.53,stage1,0.9174311926605352,92,0
96.54,stage1,0.9174311926605352,92,0
96.55,stage1,0.9174311926605352,92,0
96.56,stage1,0.9174311926605352,92,0
96.57,stage1,0.9174311926605352,92,0
96.58,stage1,0.9174311926605352,92,0
96.59,stage1,0.9174311926605352,92,0
96.6,stage1,0.9174311926605352,92,0
96.61,stage1,0.9174311926605352,92,0
96.62,stage1,0.9174311926605352,92,0
96.63,stage1,0.9174311926605352,92,0
96.64,stage1,0.9174311926605352,92,0
96.65,stage1,0.9174311926605352,92,0
96.66,stage1,0.9174311926605352,92,0
96.67,stage1,0.9174311926605352,92,0
96.68,stage1,0.9174311926605352,92,0
96.69,stage1,0.9174311926605352,92,0
96.7,stage1,0.9174311926605352,92,0
96.71,stage1,0.9174311926605352,92,0
96.72,stage1,0.9174311926605352,92,0
96.73,stage1,0.9174311926605352,92,0
96.74,stage1,0.9174311926605352,92,0
96.75,stage1,0.9174311926605352,92,0
96.76,stage1,0.9174311926605352,92,0
96.77,stage1,0.9174311926605352,92,0
96.78,stage1,0.9174311926605352,92,0
96.79,stage1,0.9174311926605352,92,0
96.8,stage1,0.9174311926605352,92,0
96.81,stage1,0.9174311926605352,92,0
96.82,stage1,0.9174311926605352,92,0
96.83,stage1,0.9174311926605352,92,0
96.84,stage1,0.9174311926605352,92,0
96.85,stage1,0.9174311926605352,92,0
96.86,stage1,0.9174311926605352,92,0
96.87,stage1,0.9174311926605352,92,0
96.88,stage1,0.9174311926605352,92,0
96.89,stage1,0.9174311926605352,92,0
96.9,stage1,0.9174311926605352,92,0
96.91,stage1,0.9174311926605352,92,0
96.92,stage1,0.9174311926605352,92,0
96.93,stage1,0.9174311926605352,92,0
96.94,stage1,0.9174311926605352,92,0
96.95,stage1,0.9174311926605352,92,0
96.96,stage1,0.9174311926605352,92,0
96.97,stage1,0.9174311926605352,92,0
96.98,stage1,0.9174311926605352,92,0
96.99,stage1,0.9174311926605352,92,0
97.0,stage1,0.9174311926605352,92,0
97.01,stage1,0.9174311926605352,92,0
97.02,stage1,0.9174311926605352,92,0
97.03,stage1,0.9174311926605352,92,0
97.04,stage1,0.9174311926605352,92,0
97.05,stage1,0.9174311926605352,92,0
97.06,stage1,0.9174311926605352,92,0
97.07,stage1,0.9174311926605352,92,0
97.08,stage1,0.9174311926605352,92,0
97.09,stage1,0.9174311926605352,92,0
97.1,stage1,0.9174311926605352,92,0
97.11,stage1,0.9174311926605352,92,0
97.12,stage1,0.9174311926605352,92,0
97.13,stage1,0.9174311926605352,92,0
97.14,stage1,0.9174311926605352,92,0
97.15,stage1,0.9174311926605352,92,0
97.16,stage1,0.9174311926605352,92,0
97.17,stage1,0.9174311926605352,92,0
97.18,stage1,0.9174311926605352,92,0
97.19,stage1,0.9174311926605352,92,0
97.2,stage1,0.9174311926605352,92,0
97.21,stage1,0.9174311926605352,92,0
97.22,stage1,0.9174311926605352,92,0
97.23,stage1,0.9174311926605352,92,0
97.24,stage1,0.9174311926605352,92,0
97.25,stage1,0.9174311926605352,92,0
97.26,stage1,0.9174311926605352,92,0
97.27,stage1,0.9174311926605352,92,0
97.28,stage1,0.9174311926605352,92,0
97.29,stage1,0.9174311926605352,92,0
97.3,stage1,0.9174311926605352,92,0
97.31,stage1,0.9174311926605352,92,0
97.32,stage1,0.9174311926605352,92,0
97.33,stage1,0.9174311926605352,92,0
97.34,stage1,0.9174311926605352,92,0
97.35,stage1,0.9174311926605352,92,0
97.36,stage1,0.9174311926605352,92,0
97.37,stage1,0.9174311926605352,92,0
97.38,stage1,0.9174311926605352,92,0
97.39,stage1,0.9174311926605352,92,0
97.4,stage1,0.9174311926605352,92,0
97.41,stage1,0.9174311926605352,92,0
97.42,stage1,0.9174311926605352,92,0
97.43,stage1,0.9174311926605352,92,0
97.44,stage1,0.9174311926605352,92,0
97.45,stage1,0.9174311926605352,92,0
97.46,stage1,0.9174311926605352,92,0
97.47,stage1,0.9174311926605352,92,0
97.48,stage1,0.9174311926605352,92,0
97.49,stage1,0.9174311926605352,92,0
97.5,stage1,0.9174311926605352,92,0
97.51,stage1,0.9174311926605352,92,0
97.52,stage1,0.9174311926605352,92,0
97.53,stage1,0.9174311926605352,92,0
97.54,stage1,0.9174311926605352,92,0
97.55,stage1,0.9174311926605352,92,0
97.56,stage1,0.9174311926605352,92,0
97.57,stage1,0.9174311926605352,92,0
97.58,stage1,0.9174311926605352,92,0
97.59,stage1,0.9174311926605352,92,0
97.6,stage1,0.9174311926605352,92,0
97.61,stage1,0.9174311926605352,92,0
97.62,stage1,0.9174311926605352,92,0
97.63,stage1,0.9174311926605352,92,0
97.64,stage1,0.9174311926605352,92,0
97.65,stage1,0.9174311926605352,92,0
97.66,stage1,0.9174311926605352,92,0
97.67,stage1,0.9174311926605352,92,0
97.68,stage1,0.9174311926605352,92,0
97.69,stage1,0.9174311926605352,92,0
97.7,stage1,0.9174311926605352,92,0
97.71,stage1,0.9174311926605352,92,0
97.72,stage1,0.9174311926605352,92,0
97.73,stage1,0.9174311926605352,92,0
97.74,stage1,0.9174311926605352,92,0
97.75,stage1,0.9174311926605352,92,0
97.76,stage1,0.9174311926605352,92,0
97.77,stage1,0.9174311926605352,92,0
97.78,stage1,0.9174311926605352,92,0
97.79,stage1,0.9174311926605352,92,0
97.8,stage1,0.9174311926605352,92,0
97.81,stage1,0.9174311926605352,92,0
97.82,stage1,0.9174311926605352,92,0
97.83,stage1,0.9174311926605352,92,0
97.84,stage1,0.9174311926605352,92,0
97.85,stage1,0.9174311926605352,92,0
97.86,stage1,0.9174311926605352,92,0
97.87,stage1,0.9174311926605352,92,0
97.88,stage1,0.9174311926605352,92,0
97.89,stage1,0.9174311926605352,92,0
97.9,stage1,0.9174311926605352,92,0
97.91,stage1,0.9174311926605352,92,0
97.92,stage1,0.9174311926605352,92,0
97.93,stage1,0.9174311926605352,92,0
97.94,stage1,0.9174311926605352,92,0
97.95,stage1,0.9174311926605352,92,0
97.96,stage1,0.9174311926605352,92,0
97.97,stage1,0.9174311926605352,92,0
97.98,stage1,0.9174311926605352,92,0
97.99,stage1,0.9174311926605352,92,0
98.0,stage1,0.9174311926605352,92,0
98.01,stage1,0.9174311926605352,92,0
98.02,stage1,0.9174311926605352,92,0
98.03,stage1,0.9174311926605352,92,0
98.04,stage1,0.9174311926605352,92,0
98.05,stage1,0.9174311926605352,92,0
98.06,stage1,0.9174311926605352,92,0
98.07,stage1,0.9174311926605352,92,0
98.08,stage1,0.9174311926605352,92,0
98.09,stage1,0.9174311926605352,92,0
98.1,stage1,0.9174311926605352,92,0
98.11,stage1,0.9174311926605352,92,0
98.12,stage1,0.9174311926605352,92,0
98.13,stage1,0.9174311926605352,92,0
98.14,stage1,0.9174311926605352,92,0
98.15,stage1,0.9174311926605352,92,0
98.16,stage1,0.9174311926605352,92,0
98.17,stage1,0.9174311926605352,92,0
98.18,stage1,0.9174311926605352,92,0
98.19,stage1,0.9174311926605352,92,0
98.2,stage1,0.9174311926605352,92,0
98.21,stage1,0.9174311926605352,92,0
98.22,stage1,0.9174311926605352,92,0
98.23,stage1,0.9174311926605352,92,0
98.24,stage1,0.9174311926605352,92,0
98.25,stage1,0.9174311926605352,92,0
98.26,stage1,0.9174311926605352,92,0
98.27,stage1,0.9174311926605352,92,0
98.28,stage1,0.9174311926605352,92,0
98.29,stage1,0.9174311926605352,92,0
98.3,stage1,0.9174311926605352,92,0
98.31,stage1,0.9174311926605352,92,0
98.32,stage1,0.9174311926605352,92,0
98.33,stage1,0.9174311926605352,92,0
98.34,stage1,0.9174311926605352,92,0
98.35,stage1,0.9174311926605352,92,0
98.36,stage1,0.9174311926605352,92,0
98.37,stage1,0.9174311926605352,92,0
98.38,stage1,0.9174311926605352,92,0
98.39,stage1,0.9174311926605352,92,0
98.4,stage1,0.9174311926605352,92,0
98.41,stage1,0.9174311926605352,92,0
98.42,stage1,0.9174311926605352,92,0
98.43,stage1,0.9174311926605352,92,0
98.44,stage1,0.9174311926605352,92,0
98.45,stage1,0.9174311926605352,92,0
98.46,stage1,0.9174311926605352,92,0
98.47,stage1,0.9174311926605352,92,0
98.48,stage1,0.9174311926605352,92,0
98.49,stage1,0.9174311926605352,92,0
98.5,stage1,0.9174311926605352,92,0
98.51,stage1,0.9174311926605352,92,0
98.52,stage1,0.9174311926605352,92,0
98.53,stage1,0.9174311926605352,92,0
98.54,stage1,0.9174311926605352,92,0
98.55,stage1,0.9174311926605352,92,0
98.56,stage1,0.9174311926605352,92,0
98.57,stage1,0.9174311926605352,92,0
98.58,stage1,0.9174311926605352,92,0
98.59,stage1,0.9174311926605352,92,0
98.6,stage1,0.9174311926605352,92,0
98.61,stage1,0.9174311926605352,92,0
98.62,stage1,0.9174311926605352,92,0
98.63,stage1,0.9174311926605352,92,0
98.64,stage1,0.9174311926605352,92,0
98.65,stage1,0.9174311926605352,92,0
98.66,stage1,0.9174311926605352,92,0
98.67,stage1,0.9174311926605352,92,0
98.68,stage1,0.9174311926605352,92,0
98.69,stage1,0.9174311926605352,92,0
98.7,stage1,0.9174311926605352,92,0
98.71,stage1,0.9174311926605352,92,0
98.72,stage1,0.9174311926605352,92,0
98.73,stage1,0.9174311926605352,92,0
98.74,stage1,0.9174311926605352,92,0
98.75,stage1,0.9174311926605352,92,0
98.76,stage1,0.9174311926605352,92,0
98.77,stage1,0.9174311926605352,92,0
98.78,stage1,0.9174311926605352,92,0
98.79,stage1,0.9174311926605352,92,0
98.8,stage1,0.9174311926605352,92,0
98.81,stage1,0.9174311926605352,92,0
98.82,stage1,0.9174311926605352,92,0
98.83,stage1,0.9174311926605352,92,0
98.84,stage1,0.9174311926605352,92,0
98.85,stage1,0.9174311926605352,92,0
98.86,stage1,0.9174311926605352,92,0
98.87,stage1,0.9174311926605352,92,0
98.88,stage1,0.9174311926605352,92,0
98.89,stage1,0.9174311926605352,92,0
98.9,stage1,0.9174311926605352,92,0
98.91,stage1,0.9174311926605352,92,0
98.92,stage1,0.9174311926605352,92,0
98.93,stage1,0.9174311926605352,92,0
98.94,stage1,0.9174311926605352,92,0
98.95,stage1,0.9174311926605352,92,0
98.96,stage1,0.9174311926605352,92,0
98.97,stage1,0.9174311926605352,92,0
98.98,stage1,0.9174311926605352,92,0
98.99,stage1,0.9174311926605352,92,0
99.0,stage1,0.9174311926605352,92,0
99.01,stage1,0.9174311926605352,92,0
99.02,stage1,0.9174311926605352,92,0
99.03,stage1,0.9174311926605352,92,0
99.04,stage1,0.9174311926605352,92,0
99.05,stage1,0.9174311926605352,92,0
99.06,stage1,0.9174311926605352,92,0
99.07,stage1,0.9174311926605352,92,0
99.08,stage1,0.9174311926605352,92,0
99.09,stage1,0.9174311926605352,92,0
99.1,stage1,0.9174311926605352,92,0
99.11,stage1,0.9174311926605352,92,0
99.12,stage1,0.9174311926605352,92,0
99.13,stage1,0.9174311926605352,92,0
99.14,stage1,0.9174311926605352,92,0
99.15,stage1,0.9174311926605352,92,0
99.16,stage1,0.9174311926605352,92,0
99.17,stage1,0.9174311926605352,92,0
99.18,stage1,0.9174311926605352,92,0
99.19,stage1,0.9174311926605352,92,0
99.2,stage1,0.9174311926605352,92,0
99.21,stage1,0.9174311926605352,92,0
99.22,stage1,0.9174311926605352,92,0
99.23,stage1,0.9174311926605352,92,0
99.24,stage1,0.9174311926605352,92,0
99.25,stage1,0.9174311926605352,92,0
99.26,stage1,0.9174311926605352,92,0
99.27,stage1,0.9174311926605352,92,0
99.28,stage1,0.9174311926605352,92,0
99.29,stage1,0.9174311926605352,92,0
99.3,stage1,0.9174311926605352,92,0
99.31,stage1,0.9174311926605352,92,0
99.32,stage1,0.9174311926605352,92,0
99.33,stage1,0.9174311926605352,92,0
99.34,stage1,0.9174311926605352,92,0
99.35,stage1,0.9174311926605352,92,0
99.36,stage1,0.9174311926605352,92,0
99.37,stage1,0.9174311926605352,92,0
99.38,stage1,0.9174311926605352,92,0
99.39,stage1,0.9174311926605352,92,0
99.4,stage1,0.9174311926605352,92,0
99.41,stage1,0.9174311926605352,92,0
99.42,stage1,0.9174311926605352,92,0
99.43,stage1,0.9174311926605352,92,0
99.44,stage1,0.9174311926605352,92,0
99.45,stage1,0.9174311926605352,92,0
99.46,stage1,0.9174311926605352,92,0
99.47,stage1,0.9174311926605352,92,0
99.48,stage1,0.9174311926605352,92,0
99.49,stage1,0.9174311926605352,92,0
99.5,stage1,0.9174311926605352,92,0
99.51,stage1,0.9174311926605352,92,0
99.52,stage1,0.9174311926605352,92,0
99.53,stage1,0.9174311926605352,92,0
99.54,stage1,0.9174311926605352,92,0
99.55,stage1,0.9174311926605352,92,0
99.56,stage1,0.9174311926605352,92,0
99.57,stage1,0.9174311926605352,92,0
99.58,stage1,0.9174311926605352,92,0
99.59,stage1,0.9174311926605352,92,0
99.6,stage1,0.9174311926605352,92,0
99.61,stage1,0.9174311926605352,92,0
99.62,stage1,0.9174311926605352,92,0
99.63,stage1,0.9174311926605352,92,0
99.64,stage1,0.9174311926605352,92,0
99.65,stage1,0.9174311926605352,92,0
99.66,stage1,0.9174311926605352,92,0
99.67,stage1,0.9174311926605352,92,0
99.68,stage1,0.9174311926605352,92,0
99.69,stage1,0.9174311926605352,92,0
99.7,stage1,0.9174311926605352,92,0
99.71,stage1,0.9174311926605352,92,0
99.72,stage1,0.9174311926605352,92,0
99.73,stage1,0.9174311926605352,92,0
99.74,stage1,0.9174311926605352,92,0
99.75,stage1,0.9174311926605352,92,0
99.76,stage1,0.9174311926605352,92,0
99.77,stage1,0.9174311926605352,92,0
99.78,stage1,0.9174311926605352,92,0
99.79,stage1,0.9174311926605352,92,0
99.8,stage1,0.9174311926605352,92,0
99.81,stage1,0.9174311926605352,92,0
99.82,stage1,0.9174311926605352,92,0
99.83,stage1,0.9174311926605352,92,0
99.84,stage1,0.9174311926605352,92,0
99.85,stage1,0.9174311926605352,92,0
99.86,stage1,0.9174311926605352,92,0
99.87,stage1,0.9174311926605352,92,0
99.88,stage1,0.9174311926605352,92,0
99.89,stage1,0.9174311926605352,92,0
99.9,stage1,0.9174311926605352,92,0
99.91,stage1,0.9174311926605352,92,0
99.92,stage1,0.9174311926605352,92,0
99.93,stage1,0.9174311926605352,92,0
99.94,stage1,0.9174311926605352,92,0
99.95,stage1,0.9174311926605352,92,0
99.96,stage1,0.9174311926605352,92,0
99.97,stage1,0.9174311926605352,92,0
99.98,stage1,0.9174311926605352,92,0
99.99,stage1,0.9174311926605352,92,0
100.0,stage1,0.9174311926605352,92,0
