time,h,v
0.0,1.0,0.0
0.000225,1.0,0.0
0.00045,1.0,0.0
0.000675,1.0,0.0
0.0009,1.0,0.0
0.001125,1.0,-0.009810000000000001
0.00135,1.0,-0.009810000000000001
0.001575,1.0,-0.009810000000000001
0.0018,1.0,-0.009810000000000001
0.002025,0.99999019,-0.019620000000000002
0.00225,0.99999019,-0.019620000000000002
0.0024749999999999998,0.99999019,-0.019620000000000002
0.0027,0.99999019,-0.019620000000000002
0.002925,0.99997057,-0.029430000000000005
0.00315,0.99997057,-0.029430000000000005
0.003375,0.99997057,-0.029430000000000005
0.0036,0.99997057,-0.029430000000000005
0.003825,0.99997057,-0.029430000000000005
0.00405,0.99994114,-0.039240000000000004
0.004275,0.99994114,-0.039240000000000004
0.0045,0.99994114,-0.039240000000000004
0.004725,0.99994114,-0.039240000000000004
0.0049499999999999995,0.9999019,-0.04905
0.005175,0.9999019,-0.04905
0.0054,0.9999019,-0.04905
0.005625,0.9999019,-0.04905
0.00585,0.9999019,-0.04905
0.006075,0.99985285,-0.05886
0.0063,0.99985285,-0.05886
0.0065249999999999996,0.99985285,-0.05886
0.00675,0.99985285,-0.05886
0.006974999999999999,0.99979399,-0.06867000000000001
0.0072,0.99979399,-0.06867000000000001
0.007425,0.99979399,-0.06867000000000001
0.00765,0.99979399,-0.06867000000000001
0.007875,0.99979399,-0.06867000000000001
0.0081,0.99972532,-0.07848000000000001
0.008324999999999999,0.99972532,-0.07848000000000001
0.00855,0.99972532,-0.07848000000000001
0.008775,0.99972532,-0.07848000000000001
0.009,0.99964684,-0.08829000000000001
0.009225,0.99964684,-0.08829000000000001
0.00945,0.99964684,-0.08829000000000001
0.009675,0.99964684,-0.08829000000000001
0.009899999999999999,0.99964684,-0.08829000000000001
0.010125,0.99955855,-0.0981
0.01035,0.99955855,-0.0981
0.010575,0.99955855,-0.0981
0.0108,0.99955855,-0.0981
0.011025,0.9994604500000001,-0.10791
0.01125,0.9994604500000001,-0.10791
0.011474999999999999,0.9994604500000001,-0.10791
0.0117,0.9994604500000001,-0.10791
0.011925,0.9993525400000001,-0.11772
0.01215,0.9993525400000001,-0.11772
0.012374999999999999,0.9993525400000001,-0.11772
0.0126,0.9993525400000001,-0.11772
0.012825,0.9993525400000001,-0.11772
0.013049999999999999,0.9992348200000001,-0.12753
0.013275,0.9992348200000001,-0.12753
0.0135,0.9992348200000001,-0.12753
0.013725,0.9992348200000001,-0.12753
0.013949999999999999,0.9991072900000001,-0.13734000000000002
0.014175,0.9991072900000001,-0.13734000000000002
0.0144,0.9991072900000001,-0.13734000000000002
0.014624999999999999,0.9991072900000001,-0.13734000000000002
0.01485,0.9991072900000001,-0.13734000000000002
0.015075,0.9989699500000001,-0.14715000000000003
0.0153,0.9989699500000001,-0.14715000000000003
0.015524999999999999,0.9989699500000001,-0.14715000000000003
0.01575,0.9989699500000001,-0.14715000000000003
0.015975,0.9988228000000001,-0.15696000000000004
0.0162,0.9988228000000001,-0.15696000000000004
0.016425,0.9988228000000001,-0.15696000000000004
0.016649999999999998,0.9988228000000001,-0.15696000000000004
0.016875,0.9988228000000001,-0.15696000000000004
0.0171,0.9986658400000001,-0.16677000000000006
0.017325,0.9986658400000001,-0.16677000000000006
0.01755,0.9986658400000001,-0.16677000000000006
0.017775,0.9986658400000001,-0.16677000000000006
0.018,0.9984990700000002,-0.17658000000000007
0.018224999999999998,0.9984990700000002,-0.17658000000000007
0.01845,0.9984990700000002,-0.17658000000000007
0.018675,0.9984990700000002,-0.17658000000000007
0.0189,0.9984990700000002,-0.17658000000000007
0.019125,0.9983224900000002,-0.18639000000000008
0.01935,0.9983224900000002,-0.18639000000000008
0.019575,0.9983224900000002,-0.18639000000000008
0.019799999999999998,0.9983224900000002,-0.18639000000000008
0.020025,0.9981361000000002,-0.1962000000000001
0.02025,0.9981361000000002,-0.1962000000000001
0.020475,0.9981361000000002,-0.1962000000000001
0.0207,0.9981361000000002,-0.1962000000000001
0.020925,0.9979399000000002,-0.2060100000000001
0.02115,0.9979399000000002,-0.2060100000000001
0.021374999999999998,0.9979399000000002,-0.2060100000000001
0.0216,0.9979399000000002,-0.2060100000000001
0.021825,0.9979399000000002,-0.2060100000000001
0.02205,0.9977338900000002,-0.21582000000000012
0.022275,0.9977338900000002,-0.21582000000000012
0.0225,0.9977338900000002,-0.21582000000000012
0.022725,0.9977338900000002,-0.21582000000000012
0.022949999999999998,0.9975180700000003,-0.22563000000000014
0.023174999999999998,0.9975180700000003,-0.22563000000000014
0.0234,0.9975180700000003,-0.22563000000000014
0.023625,0.9975180700000003,-0.22563000000000014
0.02385,0.9975180700000003,-0.22563000000000014
0.024075,0.9972924400000003,-0.23544000000000015
0.0243,0.9972924400000003,-0.23544000000000015
0.024524999999999998,0.9972924400000003,-0.23544000000000015
0.024749999999999998,0.9972924400000003,-0.23544000000000015
0.024975,0.9970570000000003,-0.24525000000000016
0.0252,0.9970570000000003,-0.24525000000000016
0.025425,0.9970570000000003,-0.24525000000000016
0.02565,0.9970570000000003,-0.24525000000000016
0.025875,0.9970570000000003,-0.24525000000000016
0.026099999999999998,0.9968117500000003,-0.2550600000000002
0.026324999999999998,0.9968117500000003,-0.2550600000000002
0.02655,0.9968117500000003,-0.2550600000000002
0.026775,0.9968117500000003,-0.2550600000000002
0.027,0.9965566900000004,-0.26487000000000016
0.027225,0.9965566900000004,-0.26487000000000016
0.02745,0.9965566900000004,-0.26487000000000016
0.027674999999999998,0.9965566900000004,-0.26487000000000016
0.027899999999999998,0.9965566900000004,-0.26487000000000016
0.028125,0.9962918200000004,-0.27468000000000015
0.02835,0.9962918200000004,-0.27468000000000015
0.028575,0.9962918200000004,-0.27468000000000015
0.0288,0.9962918200000004,-0.27468000000000015
0.029025,0.9960171400000004,-0.28449000000000013
0.029249999999999998,0.9960171400000004,-0.28449000000000013
0.029474999999999998,0.9960171400000004,-0.28449000000000013
0.0297,0.9960171400000004,-0.28449000000000013
0.029925,0.9957326500000004,-0.2943000000000001
0.03015,0.9957326500000004,-0.2943000000000001
0.030375,0.9957326500000004,-0.2943000000000001
0.0306,0.9957326500000004,-0.2943000000000001
0.030824999999999998,0.9957326500000004,-0.2943000000000001
0.031049999999999998,0.9954383500000005,-0.3041100000000001
0.031275,0.9954383500000005,-0.3041100000000001
0.0315,0.9954383500000005,-0.3041100000000001
0.031724999999999996,0.9954383500000005,-0.3041100000000001
0.03195,0.9951342400000005,-0.3139200000000001
0.032175,0.9951342400000005,-0.3139200000000001
0.0324,0.9951342400000005,-0.3139200000000001
0.032625,0.9951342400000005,-0.3139200000000001
0.03285,0.9951342400000005,-0.3139200000000001
0.033075,0.9948203200000005,-0.3237300000000001
0.033299999999999996,0.9948203200000005,-0.3237300000000001
0.033525,0.9948203200000005,-0.3237300000000001
0.03375,0.9948203200000005,-0.3237300000000001
0.033975,0.9944965900000006,-0.33354000000000006
0.0342,0.9944965900000006,-0.33354000000000006
0.034425,0.9944965900000006,-0.33354000000000006
0.03465,0.9944965900000006,-0.33354000000000006
0.034874999999999996,0.9944965900000006,-0.33354000000000006
0.0351,0.9941630500000006,-0.34335000000000004
0.035325,0.9941630500000006,-0.34335000000000004
0.03555,0.9941630500000006,-0.34335000000000004
0.035775,0.9941630500000006,-0.34335000000000004
0.036,0.9938197000000006,-0.35316000000000003
0.036225,0.9938197000000006,-0.35316000000000003
0.036449999999999996,0.9938197000000006,-0.35316000000000003
0.036675,0.9938197000000006,-0.35316000000000003
0.0369,0.9938197000000006,-0.35316000000000003
0.037125,0.9934665400000007,-0.36297
0.03735,0.9934665400000007,-0.36297
0.037575,0.9934665400000007,-0.36297
0.0378,0.9934665400000007,-0.36297
0.038024999999999996,0.9931035700000007,-0.37278
0.03825,0.9931035700000007,-0.37278
0.038475,0.9931035700000007,-0.37278
0.0387,0.9931035700000007,-0.37278
0.038925,0.9927307900000008,-0.38259
0.03915,0.9927307900000008,-0.38259
0.039375,0.9927307900000008,-0.38259
0.039599999999999996,0.9927307900000008,-0.38259
0.039825,0.9927307900000008,-0.38259
0.04005,0.9923482000000008,-0.39239999999999997
0.040275,0.9923482000000008,-0.39239999999999997
0.0405,0.9923482000000008,-0.39239999999999997
0.040725,0.9923482000000008,-0.39239999999999997
0.04095,0.9919558000000008,-0.40220999999999996
0.041174999999999996,0.9919558000000008,-0.40220999999999996
0.0414,0.9919558000000008,-0.40220999999999996
0.041625,0.9919558000000008,-0.40220999999999996
0.04185,0.9919558000000008,-0.40220999999999996
0.042075,0.9915535900000009,-0.41201999999999994
0.0423,0.9915535900000009,-0.41201999999999994
0.042525,0.9915535900000009,-0.41201999999999994
0.042749999999999996,0.9915535900000009,-0.41201999999999994
0.042975,0.9911415700000009,-0.4218299999999999
0.0432,0.9911415700000009,-0.4218299999999999
0.043425,0.9911415700000009,-0.4218299999999999
0.04365,0.9911415700000009,-0.4218299999999999
0.043875,0.9911415700000009,-0.4218299999999999
0.0441,0.990719740000001,-0.4316399999999999
0.044324999999999996,0.990719740000001,-0.4316399999999999
0.04455,0.990719740000001,-0.4316399999999999
0.044774999999999995,0.990719740000001,-0.4316399999999999
0.045,0.990288100000001,-0.4414499999999999
0.045225,0.990288100000001,-0.4414499999999999
0.04545,0.990288100000001,-0.4414499999999999
0.045675,0.990288100000001,-0.4414499999999999
0.045899999999999996,0.990288100000001,-0.4414499999999999
0.046125,0.989846650000001,-0.4512599999999999
0.046349999999999995,0.989846650000001,-0.4512599999999999
0.046575,0.989846650000001,-0.4512599999999999
0.0468,0.989846650000001,-0.4512599999999999
0.047025,0.9893953900000011,-0.46106999999999987
0.04725,0.9893953900000011,-0.46106999999999987
0.047474999999999996,0.9893953900000011,-0.46106999999999987
0.0477,0.9893953900000011,-0.46106999999999987
0.047924999999999995,0.9889343200000011,-0.47087999999999985
0.04815,0.9889343200000011,-0.47087999999999985
0.048375,0.9889343200000011,-0.47087999999999985
0.0486,0.9889343200000011,-0.47087999999999985
0.048825,0.9889343200000011,-0.47087999999999985
0.049049999999999996,0.9884634400000012,-0.48068999999999984
0.049275,0.9884634400000012,-0.48068999999999984
0.049499999999999995,0.9884634400000012,-0.48068999999999984
0.049725,0.9884634400000012,-0.48068999999999984
0.04995,0.9879827500000012,-0.4904999999999998
0.050175,0.9879827500000012,-0.4904999999999998
0.0504,0.9879827500000012,-0.4904999999999998
0.050624999999999996,0.9879827500000012,-0.4904999999999998
0.05085,0.9879827500000012,-0.4904999999999998
0.051074999999999995,0.9874922500000013,-0.5003099999999998
0.0513,0.9874922500000013,-0.5003099999999998
0.051525,0.9874922500000013,-0.5003099999999998
0.05175,0.9874922500000013,-0.5003099999999998
0.051975,0.9869919400000013,-0.5101199999999998
0.052199999999999996,0.9869919400000013,-0.5101199999999998
0.052425,0.9869919400000013,-0.5101199999999998
0.052649999999999995,0.9869919400000013,-0.5101199999999998
0.052875,0.9869919400000013,-0.5101199999999998
0.0531,0.9864818200000014,-0.5199299999999998
0.053325,0.9864818200000014,-0.5199299999999998
0.05355,0.9864818200000014,-0.5199299999999998
0.053774999999999996,0.9864818200000014,-0.5199299999999998
0.054,0.9859618900000015,-0.5297399999999998
0.054224999999999995,0.9859618900000015,-0.5297399999999998
0.05445,0.9859618900000015,-0.5297399999999998
0.054675,0.9859618900000015,-0.5297399999999998
0.0549,0.9859618900000015,-0.5297399999999998
0.055125,0.9854321500000015,-0.5395499999999998
0.055349999999999996,0.9854321500000015,-0.5395499999999998
0.055575,0.9854321500000015,-0.5395499999999998
0.055799999999999995,0.9854321500000015,-0.5395499999999998
0.056025,0.9848926000000016,-0.5493599999999997
0.05625,0.9848926000000016,-0.5493599999999997
0.056475,0.9848926000000016,-0.5493599999999997
0.0567,0.9848926000000016,-0.5493599999999997
0.056924999999999996,0.9843432400000015,-0.5591699999999997
0.05715,0.9843432400000015,-0.5591699999999997
0.057374999999999995,0.9843432400000015,-0.5591699999999997
0.0576,0.9843432400000015,-0.5591699999999997
0.057825,0.9843432400000015,-0.5591699999999997
0.05805,0.9837840700000015,-0.5689799999999997
0.058275,0.9837840700000015,-0.5689799999999997
0.058499999999999996,0.9837840700000015,-0.5689799999999997
0.058725,0.9837840700000015,-0.5689799999999997
0.058949999999999995,0.9832150900000014,-0.5787899999999997
0.059175,0.9832150900000014,-0.5787899999999997
0.0594,0.9832150900000014,-0.5787899999999997
0.059625,0.9832150900000014,-0.5787899999999997
0.05985,0.9832150900000014,-0.5787899999999997
0.060074999999999996,0.9826363000000014,-0.5885999999999997
0.0603,0.9826363000000014,-0.5885999999999997
0.060524999999999995,0.9826363000000014,-0.5885999999999997
0.06075,0.9826363000000014,-0.5885999999999997
0.060975,0.9820477000000013,-0.5984099999999997
0.0612,0.9820477000000013,-0.5984099999999997
0.061425,0.9820477000000013,-0.5984099999999997
0.061649999999999996,0.9820477000000013,-0.5984099999999997
0.061875,0.9820477000000013,-0.5984099999999997
0.062099999999999995,0.9814492900000013,-0.6082199999999996
0.062325,0.9814492900000013,-0.6082199999999996
0.06255,0.9814492900000013,-0.6082199999999996
0.062775,0.9814492900000013,-0.6082199999999996
0.063,0.9808410700000012,-0.6180299999999996
0.063225,0.9808410700000012,-0.6180299999999996
0.06344999999999999,0.9808410700000012,-0.6180299999999996
0.063675,0.9808410700000012,-0.6180299999999996
0.0639,0.9808410700000012,-0.6180299999999996
0.064125,0.9802230400000012,-0.6278399999999996
0.06435,0.9802230400000012,-0.6278399999999996
0.064575,0.9802230400000012,-0.6278399999999996
0.0648,0.9802230400000012,-0.6278399999999996
0.065025,0.9795952000000011,-0.6376499999999996
0.06525,0.9795952000000011,-0.6376499999999996
0.06547499999999999,0.9795952000000011,-0.6376499999999996
0.0657,0.9795952000000011,-0.6376499999999996
0.065925,0.9789575500000011,-0.6474599999999996
0.06615,0.9789575500000011,-0.6474599999999996
0.066375,0.9789575500000011,-0.6474599999999996
0.06659999999999999,0.9789575500000011,-0.6474599999999996
0.066825,0.9789575500000011,-0.6474599999999996
0.06705,0.978310090000001,-0.6572699999999996
0.067275,0.978310090000001,-0.6572699999999996
0.0675,0.978310090000001,-0.6572699999999996
0.067725,0.978310090000001,-0.6572699999999996
0.06795,0.977652820000001,-0.6670799999999996
0.068175,0.977652820000001,-0.6670799999999996
0.0684,0.977652820000001,-0.6670799999999996
0.06862499999999999,0.977652820000001,-0.6670799999999996
0.06885,0.977652820000001,-0.6670799999999996
0.069075,0.9769857400000009,-0.6768899999999995
0.0693,0.9769857400000009,-0.6768899999999995
0.069525,0.9769857400000009,-0.6768899999999995
0.06974999999999999,0.9769857400000009,-0.6768899999999995
0.069975,0.9763088500000009,-0.6866999999999995
0.0702,0.9763088500000009,-0.6866999999999995
0.070425,0.9763088500000009,-0.6866999999999995
0.07065,0.9763088500000009,-0.6866999999999995
0.070875,0.9763088500000009,-0.6866999999999995
0.0711,0.9756221500000009,-0.6965099999999995
0.071325,0.9756221500000009,-0.6965099999999995
0.07155,0.9756221500000009,-0.6965099999999995
0.07177499999999999,0.9756221500000009,-0.6965099999999995
0.072,0.9749256400000008,-0.7063199999999995
0.072225,0.9749256400000008,-0.7063199999999995
0.07245,0.9749256400000008,-0.7063199999999995
0.072675,0.9749256400000008,-0.7063199999999995
0.07289999999999999,0.9749256400000008,-0.7063199999999995
0.073125,0.9742193200000008,-0.7161299999999995
0.07335,0.9742193200000008,-0.7161299999999995
0.073575,0.9742193200000008,-0.7161299999999995
0.0738,0.9742193200000008,-0.7161299999999995
0.074025,0.9735031900000007,-0.7259399999999995
0.07425,0.9735031900000007,-0.7259399999999995
0.074475,0.9735031900000007,-0.7259399999999995
0.0747,0.9735031900000007,-0.7259399999999995
0.07492499999999999,0.9727772500000007,-0.7357499999999995
0.07515,0.9727772500000007,-0.7357499999999995
0.075375,0.9727772500000007,-0.7357499999999995
0.0756,0.9727772500000007,-0.7357499999999995
0.075825,0.9727772500000007,-0.7357499999999995
0.07604999999999999,0.9720415000000007,-0.7455599999999994
0.076275,0.9720415000000007,-0.7455599999999994
0.0765,0.9720415000000007,-0.7455599999999994
0.076725,0.9720415000000007,-0.7455599999999994
0.07695,0.9712959400000006,-0.7553699999999994
0.077175,0.9712959400000006,-0.7553699999999994
0.0774,0.9712959400000006,-0.7553699999999994
0.077625,0.9712959400000006,-0.7553699999999994
0.07785,0.9712959400000006,-0.7553699999999994
0.07807499999999999,0.9705405700000006,-0.7651799999999994
0.0783,0.9705405700000006,-0.7651799999999994
0.078525,0.9705405700000006,-0.7651799999999994
0.07875,0.9705405700000006,-0.7651799999999994
0.078975,0.9697753900000006,-0.7749899999999994
0.07919999999999999,0.9697753900000006,-0.7749899999999994
0.079425,0.9697753900000006,-0.7749899999999994
0.07965,0.9697753900000006,-0.7749899999999994
0.079875,0.9697753900000006,-0.7749899999999994
0.0801,0.9690004000000005,-0.7847999999999994
0.080325,0.9690004000000005,-0.7847999999999994
0.08055,0.9690004000000005,-0.7847999999999994
0.080775,0.9690004000000005,-0.7847999999999994
0.081,0.9682156000000005,-0.7946099999999994
0.08122499999999999,0.9682156000000005,-0.7946099999999994
0.08145,0.9682156000000005,-0.7946099999999994
0.081675,0.9682156000000005,-0.7946099999999994
0.0819,0.9682156000000005,-0.7946099999999994
0.082125,0.9674209900000005,-0.8044199999999994
0.08234999999999999,0.9674209900000005,-0.8044199999999994
0.082575,0.9674209900000005,-0.8044199999999994
0.0828,0.9674209900000005,-0.8044199999999994
0.083025,0.9666165700000005,-0.8142299999999993
0.08325,0.9666165700000005,-0.8142299999999993
0.083475,0.9666165700000005,-0.8142299999999993
0.0837,0.9666165700000005,-0.8142299999999993
0.083925,0.9658023400000004,-0.8240399999999993
0.08415,0.9658023400000004,-0.8240399999999993
0.08437499999999999,0.9658023400000004,-0.8240399999999993
0.0846,0.9658023400000004,-0.8240399999999993
0.084825,0.9658023400000004,-0.8240399999999993
0.08505,0.9649783000000004,-0.8338499999999993
0.085275,0.9649783000000004,-0.8338499999999993
0.08549999999999999,0.9649783000000004,-0.8338499999999993
0.085725,0.9649783000000004,-0.8338499999999993
0.08595,0.9641444500000004,-0.8436599999999993
0.086175,0.9641444500000004,-0.8436599999999993
0.0864,0.9641444500000004,-0.8436599999999993
0.086625,0.9641444500000004,-0.8436599999999993
0.08685,0.9641444500000004,-0.8436599999999993
0.087075,0.9633007900000004,-0.8534699999999993
0.0873,0.9633007900000004,-0.8534699999999993
0.08752499999999999,0.9633007900000004,-0.8534699999999993
0.08775,0.9633007900000004,-0.8534699999999993
0.087975,0.9624473200000003,-0.8632799999999993
0.0882,0.9624473200000003,-0.8632799999999993
0.088425,0.9624473200000003,-0.8632799999999993
0.08864999999999999,0.9624473200000003,-0.8632799999999993
0.088875,0.9624473200000003,-0.8632799999999993
0.0891,0.9615840400000003,-0.8730899999999993
0.089325,0.9615840400000003,-0.8730899999999993
0.08954999999999999,0.9615840400000003,-0.8730899999999993
0.089775,0.9615840400000003,-0.8730899999999993
0.09,0.9607109500000003,-0.8828999999999992
0.090225,0.9607109500000003,-0.8828999999999992
0.09045,0.9607109500000003,-0.8828999999999992
0.09067499999999999,0.9607109500000003,-0.8828999999999992
0.0909,0.9607109500000003,-0.8828999999999992
0.091125,0.9598280500000003,-0.8927099999999992
0.09135,0.9598280500000003,-0.8927099999999992
0.091575,0.9598280500000003,-0.8927099999999992
0.09179999999999999,0.9598280500000003,-0.8927099999999992
0.092025,0.9589353400000002,-0.9025199999999992
0.09225,0.9589353400000002,-0.9025199999999992
0.092475,0.9589353400000002,-0.9025199999999992
0.09269999999999999,0.9589353400000002,-0.9025199999999992
0.092925,0.9580328200000002,-0.9123299999999992
0.09315,0.9580328200000002,-0.9123299999999992
0.093375,0.9580328200000002,-0.9123299999999992
0.0936,0.9580328200000002,-0.9123299999999992
0.09382499999999999,0.9580328200000002,-0.9123299999999992
0.09405,0.9571204900000002,-0.9221399999999992
0.094275,0.9571204900000002,-0.9221399999999992
0.0945,0.9571204900000002,-0.9221399999999992
0.094725,0.9571204900000002,-0.9221399999999992
0.09494999999999999,0.9561983500000002,-0.9319499999999992
0.095175,0.9561983500000002,-0.9319499999999992
0.0954,0.9561983500000002,-0.9319499999999992
0.095625,0.9561983500000002,-0.9319499999999992
0.09584999999999999,0.9561983500000002,-0.9319499999999992
0.096075,0.9552664000000002,-0.9417599999999992
0.0963,0.9552664000000002,-0.9417599999999992
0.096525,0.9552664000000002,-0.9417599999999992
0.09675,0.9552664000000002,-0.9417599999999992
0.09697499999999999,0.9543246400000002,-0.9515699999999991
0.0972,0.9543246400000002,-0.9515699999999991
0.097425,0.9543246400000002,-0.9515699999999991
0.09765,0.9543246400000002,-0.9515699999999991
0.097875,0.9543246400000002,-0.9515699999999991
0.09809999999999999,0.9533730700000002,-0.9613799999999991
0.098325,0.9533730700000002,-0.9613799999999991
0.09855,0.9533730700000002,-0.9613799999999991
0.098775,0.9533730700000002,-0.9613799999999991
0.09899999999999999,0.9524116900000001,-0.9711899999999991
0.099225,0.9524116900000001,-0.9711899999999991
0.09945,0.9524116900000001,-0.9711899999999991
0.099675,0.9524116900000001,-0.9711899999999991
0.0999,0.9524116900000001,-0.9711899999999991
0.10012499999999999,0.9514405000000001,-0.9809999999999991
0.10035,0.9514405000000001,-0.9809999999999991
0.100575,0.9514405000000001,-0.9809999999999991
0.1008,0.9514405000000001,-0.9809999999999991
0.101025,0.9504595000000001,-0.9908099999999991
0.10124999999999999,0.9504595000000001,-0.9908099999999991
0.101475,0.9504595000000001,-0.9908099999999991
0.1017,0.9504595000000001,-0.9908099999999991
0.101925,0.9494686900000001,-1.0006199999999992
0.10214999999999999,0.9494686900000001,-1.0006199999999992
0.102375,0.9494686900000001,-1.0006199999999992
0.1026,0.9494686900000001,-1.0006199999999992
0.102825,0.9494686900000001,-1.0006199999999992
0.10305,0.9484680700000001,-1.0104299999999993
0.10327499999999999,0.9484680700000001,-1.0104299999999993
0.1035,0.9484680700000001,-1.0104299999999993
0.103725,0.9484680700000001,-1.0104299999999993
0.10395,0.9474576400000001,-1.0202399999999994
0.104175,0.9474576400000001,-1.0202399999999994
0.10439999999999999,0.9474576400000001,-1.0202399999999994
0.104625,0.9474576400000001,-1.0202399999999994
0.10485,0.9474576400000001,-1.0202399999999994
0.105075,0.9464374000000001,-1.0300499999999995
0.10529999999999999,0.9464374000000001,-1.0300499999999995
0.105525,0.9464374000000001,-1.0300499999999995
0.10575,0.9464374000000001,-1.0300499999999995
0.105975,0.9454073500000001,-1.0398599999999996
0.1062,0.9454073500000001,-1.0398599999999996
0.10642499999999999,0.9454073500000001,-1.0398599999999996
0.10665,0.9454073500000001,-1.0398599999999996
0.106875,0.9454073500000001,-1.0398599999999996
0.1071,0.9443674900000001,-1.0496699999999997
0.107325,0.9443674900000001,-1.0496699999999997
0.10754999999999999,0.9443674900000001,-1.0496699999999997
0.107775,0.9443674900000001,-1.0496699999999997
0.108,0.9433178200000001,-1.0594799999999998
0.108225,0.9433178200000001,-1.0594799999999998
0.10844999999999999,0.9433178200000001,-1.0594799999999998
0.108675,0.9433178200000001,-1.0594799999999998
0.1089,0.9433178200000001,-1.0594799999999998
0.109125,0.9422583400000001,-1.0692899999999999
0.10935,0.9422583400000001,-1.0692899999999999
0.10957499999999999,0.9422583400000001,-1.0692899999999999
0.1098,0.9422583400000001,-1.0692899999999999
0.110025,0.9411890500000001,-1.0791
0.11025,0.9411890500000001,-1.0791
0.110475,0.9411890500000001,-1.0791
0.11069999999999999,0.9411890500000001,-1.0791
0.110925,0.9401099500000001,-1.08891
0.11115,0.9401099500000001,-1.08891
0.111375,0.9401099500000001,-1.08891
0.11159999999999999,0.9401099500000001,-1.08891
0.111825,0.9401099500000001,-1.08891
0.11205,0.9390210400000001,-1.0987200000000001
0.112275,0.9390210400000001,-1.0987200000000001
0.1125,0.9390210400000001,-1.0987200000000001
0.11272499999999999,0.9390210400000001,-1.0987200000000001
0.11295,0.9379223200000001,-1.1085300000000002
0.113175,0.9379223200000001,-1.1085300000000002
0.1134,0.9379223200000001,-1.1085300000000002
0.113625,0.9379223200000001,-1.1085300000000002
0.11384999999999999,0.9379223200000001,-1.1085300000000002
0.114075,0.9368137900000001,-1.1183400000000003
0.1143,0.9368137900000001,-1.1183400000000003
0.114525,0.9368137900000001,-1.1183400000000003
0.11474999999999999,0.9368137900000001,-1.1183400000000003
0.114975,0.9356954500000001,-1.1281500000000004
0.1152,0.9356954500000001,-1.1281500000000004
0.115425,0.9356954500000001,-1.1281500000000004
0.11565,0.9356954500000001,-1.1281500000000004
0.11587499999999999,0.9356954500000001,-1.1281500000000004
0.1161,0.9345673000000001,-1.1379600000000005
0.116325,0.9345673000000001,-1.1379600000000005
0.11655,0.9345673000000001,-1.1379600000000005
0.11677499999999999,0.9345673000000001,-1.1379600000000005
0.11699999999999999,0.9334293400000001,-1.1477700000000006
0.117225,0.9334293400000001,-1.1477700000000006
0.11745,0.9334293400000001,-1.1477700000000006
0.117675,0.9334293400000001,-1.1477700000000006
0.11789999999999999,0.9334293400000001,-1.1477700000000006
0.118125,0.9322815700000001,-1.1575800000000007
0.11835,0.9322815700000001,-1.1575800000000007
0.118575,0.9322815700000001,-1.1575800000000007
0.1188,0.9322815700000001,-1.1575800000000007
0.11902499999999999,0.9311239900000001,-1.1673900000000008
0.11925,0.9311239900000001,-1.1673900000000008
0.119475,0.9311239900000001,-1.1673900000000008
0.1197,0.9311239900000001,-1.1673900000000008
0.11992499999999999,0.9299566000000001,-1.177200000000001
0.12014999999999999,0.9299566000000001,-1.177200000000001
0.120375,0.9299566000000001,-1.177200000000001
0.1206,0.9299566000000001,-1.177200000000001
0.120825,0.9299566000000001,-1.177200000000001
0.12104999999999999,0.9287794000000001,-1.187010000000001
0.121275,0.9287794000000001,-1.187010000000001
0.1215,0.9287794000000001,-1.187010000000001
0.121725,0.9287794000000001,-1.187010000000001
0.12195,0.9275923900000002,-1.196820000000001
0.12217499999999999,0.9275923900000002,-1.196820000000001
0.1224,0.9275923900000002,-1.196820000000001
0.122625,0.9275923900000002,-1.196820000000001
0.12285,0.9275923900000002,-1.196820000000001
0.12307499999999999,0.9263955700000002,-1.2066300000000012
0.12329999999999999,0.9263955700000002,-1.2066300000000012
0.123525,0.9263955700000002,-1.2066300000000012
0.12375,0.9263955700000002,-1.2066300000000012
0.123975,0.9251889400000002,-1.2164400000000013
0.12419999999999999,0.9251889400000002,-1.2164400000000013
0.124425,0.9251889400000002,-1.2164400000000013
0.12465,0.9251889400000002,-1.2164400000000013
0.124875,0.9251889400000002,-1.2164400000000013
0.1251,0.9239725000000002,-1.2262500000000014
0.125325,0.9239725000000002,-1.2262500000000014
0.12555,0.9239725000000002,-1.2262500000000014
0.125775,0.9239725000000002,-1.2262500000000014
0.126,0.9227462500000002,-1.2360600000000015
0.126225,0.9227462500000002,-1.2360600000000015
0.12645,0.9227462500000002,-1.2360600000000015
0.126675,0.9227462500000002,-1.2360600000000015
0.12689999999999999,0.9227462500000002,-1.2360600000000015
0.127125,0.9215101900000002,-1.2458700000000016
0.12735,0.9215101900000002,-1.2458700000000016
0.127575,0.9215101900000002,-1.2458700000000016
0.1278,0.9215101900000002,-1.2458700000000016
0.128025,0.9202643200000002,-1.2556800000000017
0.12825,0.9202643200000002,-1.2556800000000017
0.128475,0.9202643200000002,-1.2556800000000017
0.1287,0.9202643200000002,-1.2556800000000017
0.12892499999999998,0.9190086400000003,-1.2654900000000018
0.12915,0.9190086400000003,-1.2654900000000018
0.129375,0.9190086400000003,-1.2654900000000018
0.1296,0.9190086400000003,-1.2654900000000018
0.129825,0.9190086400000003,-1.2654900000000018
0.13005,0.9177431500000003,-1.2753000000000019
0.130275,0.9177431500000003,-1.2753000000000019
0.1305,0.9177431500000003,-1.2753000000000019
0.130725,0.9177431500000003,-1.2753000000000019
0.13094999999999998,0.9164678500000003,-1.285110000000002
0.13117499999999999,0.9164678500000003,-1.285110000000002
0.1314,0.9164678500000003,-1.285110000000002
0.131625,0.9164678500000003,-1.285110000000002
0.13185,0.9164678500000003,-1.285110000000002
0.132075,0.9151827400000003,-1.294920000000002
0.1323,0.9151827400000003,-1.294920000000002
0.132525,0.9151827400000003,-1.294920000000002
0.13275,0.9151827400000003,-1.294920000000002
0.132975,0.9138878200000004,-1.3047300000000022
0.13319999999999999,0.9138878200000004,-1.3047300000000022
0.133425,0.9138878200000004,-1.3047300000000022
0.13365,0.9138878200000004,-1.3047300000000022
0.133875,0.9138878200000004,-1.3047300000000022
0.1341,0.9125830900000004,-1.3145400000000023
0.134325,0.9125830900000004,-1.3145400000000023
0.13455,0.9125830900000004,-1.3145400000000023
0.134775,0.9125830900000004,-1.3145400000000023
0.135,0.9112685500000004,-1.3243500000000024
0.13522499999999998,0.9112685500000004,-1.3243500000000024
0.13545,0.9112685500000004,-1.3243500000000024
0.135675,0.9112685500000004,-1.3243500000000024
0.1359,0.9112685500000004,-1.3243500000000024
0.136125,0.9099442000000004,-1.3341600000000025
0.13635,0.9099442000000004,-1.3341600000000025
0.136575,0.9099442000000004,-1.3341600000000025
0.1368,0.9099442000000004,-1.3341600000000025
0.137025,0.9086100400000005,-1.3439700000000026
0.13724999999999998,0.9086100400000005,-1.3439700000000026
0.13747499999999999,0.9086100400000005,-1.3439700000000026
0.1377,0.9086100400000005,-1.3439700000000026
0.137925,0.9072660700000005,-1.3537800000000026
0.13815,0.9072660700000005,-1.3537800000000026
0.138375,0.9072660700000005,-1.3537800000000026
0.1386,0.9072660700000005,-1.3537800000000026
0.138825,0.9072660700000005,-1.3537800000000026
0.13905,0.9059122900000005,-1.3635900000000027
0.139275,0.9059122900000005,-1.3635900000000027
0.13949999999999999,0.9059122900000005,-1.3635900000000027
0.139725,0.9059122900000005,-1.3635900000000027
0.13995,0.9045487000000005,-1.3734000000000028
0.140175,0.9045487000000005,-1.3734000000000028
0.1404,0.9045487000000005,-1.3734000000000028
0.140625,0.9045487000000005,-1.3734000000000028
0.14085,0.9045487000000005,-1.3734000000000028
0.141075,0.9031753000000006,-1.383210000000003
0.1413,0.9031753000000006,-1.383210000000003
0.14152499999999998,0.9031753000000006,-1.383210000000003
0.14175,0.9031753000000006,-1.383210000000003
0.141975,0.9017920900000006,-1.393020000000003
0.1422,0.9017920900000006,-1.393020000000003
0.142425,0.9017920900000006,-1.393020000000003
0.14265,0.9017920900000006,-1.393020000000003
0.142875,0.9017920900000006,-1.393020000000003
0.1431,0.9003990700000006,-1.4028300000000031
0.143325,0.9003990700000006,-1.4028300000000031
0.14354999999999998,0.9003990700000006,-1.4028300000000031
0.143775,0.9003990700000006,-1.4028300000000031
0.144,0.8989962400000007,-1.4126400000000032
0.144225,0.8989962400000007,-1.4126400000000032
0.14445,0.8989962400000007,-1.4126400000000032
0.144675,0.8989962400000007,-1.4126400000000032
0.1449,0.8989962400000007,-1.4126400000000032
0.145125,0.8975836000000007,-1.4224500000000033
0.14535,0.8975836000000007,-1.4224500000000033
0.14557499999999998,0.8975836000000007,-1.4224500000000033
0.14579999999999999,0.8975836000000007,-1.4224500000000033
0.146025,0.8961611500000007,-1.4322600000000034
0.14625,0.8961611500000007,-1.4322600000000034
0.146475,0.8961611500000007,-1.4322600000000034
0.1467,0.8961611500000007,-1.4322600000000034
0.146925,0.8947288900000008,-1.4420700000000035
0.14715,0.8947288900000008,-1.4420700000000035
0.147375,0.8947288900000008,-1.4420700000000035
0.1476,0.8947288900000008,-1.4420700000000035
0.14782499999999998,0.8947288900000008,-1.4420700000000035
0.14805,0.8932868200000008,-1.4518800000000036
0.148275,0.8932868200000008,-1.4518800000000036
0.1485,0.8932868200000008,-1.4518800000000036
0.148725,0.8932868200000008,-1.4518800000000036
0.14895,0.8918349400000009,-1.4616900000000037
0.149175,0.8918349400000009,-1.4616900000000037
0.1494,0.8918349400000009,-1.4616900000000037
0.149625,0.8918349400000009,-1.4616900000000037
0.14984999999999998,0.8918349400000009,-1.4616900000000037
0.150075,0.8903732500000009,-1.4715000000000038
0.1503,0.8903732500000009,-1.4715000000000038
0.150525,0.8903732500000009,-1.4715000000000038
0.15075,0.8903732500000009,-1.4715000000000038
0.150975,0.8889017500000009,-1.481310000000004
0.1512,0.8889017500000009,-1.481310000000004
0.151425,0.8889017500000009,-1.481310000000004
0.15165,0.8889017500000009,-1.481310000000004
0.15187499999999998,0.8889017500000009,-1.481310000000004
0.15209999999999999,0.887420440000001,-1.491120000000004
0.152325,0.887420440000001,-1.491120000000004
0.15255,0.887420440000001,-1.491120000000004
0.152775,0.887420440000001,-1.491120000000004
0.153,0.885929320000001,-1.500930000000004
0.153225,0.885929320000001,-1.500930000000004
0.15345,0.885929320000001,-1.500930000000004
0.153675,0.885929320000001,-1.500930000000004
0.1539,0.885929320000001,-1.500930000000004
0.15412499999999998,0.8844283900000011,-1.5107400000000042
0.15435,0.8844283900000011,-1.5107400000000042
0.154575,0.8844283900000011,-1.5107400000000042
0.1548,0.8844283900000011,-1.5107400000000042
0.155025,0.8829176500000011,-1.5205500000000043
0.15525,0.8829176500000011,-1.5205500000000043
0.155475,0.8829176500000011,-1.5205500000000043
0.1557,0.8829176500000011,-1.5205500000000043
0.155925,0.8813971000000012,-1.5303600000000044
0.15614999999999998,0.8813971000000012,-1.5303600000000044
0.156375,0.8813971000000012,-1.5303600000000044
0.1566,0.8813971000000012,-1.5303600000000044
0.156825,0.8813971000000012,-1.5303600000000044
0.15705,0.8798667400000012,-1.5401700000000045
0.157275,0.8798667400000012,-1.5401700000000045
0.1575,0.8798667400000012,-1.5401700000000045
0.157725,0.8798667400000012,-1.5401700000000045
0.15795,0.8783265700000012,-1.5499800000000046
0.15817499999999998,0.8783265700000012,-1.5499800000000046
0.15839999999999999,0.8783265700000012,-1.5499800000000046
0.158625,0.8783265700000012,-1.5499800000000046
0.15885,0.8783265700000012,-1.5499800000000046
0.159075,0.8767765900000013,-1.5597900000000047
0.1593,0.8767765900000013,-1.5597900000000047
0.159525,0.8767765900000013,-1.5597900000000047
0.15975,0.8767765900000013,-1.5597900000000047
0.159975,0.8752168000000013,-1.5696000000000048
0.1602,0.8752168000000013,-1.5696000000000048
0.16042499999999998,0.8752168000000013,-1.5696000000000048
0.16065,0.8752168000000013,-1.5696000000000048
0.160875,0.8752168000000013,-1.5696000000000048
0.1611,0.8736472000000013,-1.5794100000000049
0.161325,0.8736472000000013,-1.5794100000000049
0.16155,0.8736472000000013,-1.5794100000000049
0.161775,0.8736472000000013,-1.5794100000000049
0.162,0.8720677900000012,-1.589220000000005
0.162225,0.8720677900000012,-1.589220000000005
0.16244999999999998,0.8720677900000012,-1.589220000000005
0.162675,0.8720677900000012,-1.589220000000005
0.1629,0.8720677900000012,-1.589220000000005
0.163125,0.8704785700000012,-1.599030000000005
0.16335,0.8704785700000012,-1.599030000000005
0.163575,0.8704785700000012,-1.599030000000005
0.1638,0.8704785700000012,-1.599030000000005
0.164025,0.8688795400000011,-1.6088400000000052
0.16425,0.8688795400000011,-1.6088400000000052
0.16447499999999998,0.8688795400000011,-1.6088400000000052
0.16469999999999999,0.8688795400000011,-1.6088400000000052
0.164925,0.8672707000000011,-1.6186500000000053
0.16515,0.8672707000000011,-1.6186500000000053
0.165375,0.8672707000000011,-1.6186500000000053
0.1656,0.8672707000000011,-1.6186500000000053
0.165825,0.8672707000000011,-1.6186500000000053
0.16605,0.865652050000001,-1.6284600000000053
0.166275,0.865652050000001,-1.6284600000000053
0.1665,0.865652050000001,-1.6284600000000053
0.16672499999999998,0.865652050000001,-1.6284600000000053
0.16695,0.864023590000001,-1.6382700000000054
0.167175,0.864023590000001,-1.6382700000000054
0.1674,0.864023590000001,-1.6382700000000054
0.167625,0.864023590000001,-1.6382700000000054
0.16785,0.864023590000001,-1.6382700000000054
0.168075,0.8623853200000009,-1.6480800000000055
0.1683,0.8623853200000009,-1.6480800000000055
0.168525,0.8623853200000009,-1.6480800000000055
0.16874999999999998,0.8623853200000009,-1.6480800000000055
0.168975,0.8607372400000008,-1.6578900000000056
0.1692,0.8607372400000008,-1.6578900000000056
0.169425,0.8607372400000008,-1.6578900000000056
0.16965,0.8607372400000008,-1.6578900000000056
0.169875,0.8607372400000008,-1.6578900000000056
0.1701,0.8590793500000008,-1.6677000000000057
0.170325,0.8590793500000008,-1.6677000000000057
0.17055,0.8590793500000008,-1.6677000000000057
0.17077499999999998,0.8590793500000008,-1.6677000000000057
0.17099999999999999,0.8574116500000007,-1.6775100000000058
0.171225,0.8574116500000007,-1.6775100000000058
0.17145,0.8574116500000007,-1.6775100000000058
0.171675,0.8574116500000007,-1.6775100000000058
0.1719,0.8574116500000007,-1.6775100000000058
0.172125,0.8557341400000007,-1.687320000000006
0.17235,0.8557341400000007,-1.687320000000006
0.172575,0.8557341400000007,-1.687320000000006
0.1728,0.8557341400000007,-1.687320000000006
0.17302499999999998,0.8540468200000007,-1.697130000000006
0.17325,0.8540468200000007,-1.697130000000006
0.173475,0.8540468200000007,-1.697130000000006
0.1737,0.8540468200000007,-1.697130000000006
0.173925,0.8523496900000006,-1.7069400000000061
0.17415,0.8523496900000006,-1.7069400000000061
0.174375,0.8523496900000006,-1.7069400000000061
0.1746,0.8523496900000006,-1.7069400000000061
0.174825,0.8523496900000006,-1.7069400000000061
0.17504999999999998,0.8506427500000006,-1.7167500000000062
0.175275,0.8506427500000006,-1.7167500000000062
0.1755,0.8506427500000006,-1.7167500000000062
0.175725,0.8506427500000006,-1.7167500000000062
0.17595,0.8489260000000005,-1.7265600000000063
0.176175,0.8489260000000005,-1.7265600000000063
0.1764,0.8489260000000005,-1.7265600000000063
0.176625,0.8489260000000005,-1.7265600000000063
0.17685,0.8489260000000005,-1.7265600000000063
0.17707499999999998,0.8471994400000005,-1.7363700000000064
0.17729999999999999,0.8471994400000005,-1.7363700000000064
0.177525,0.8471994400000005,-1.7363700000000064
0.17775,0.8471994400000005,-1.7363700000000064
0.177975,0.8454630700000004,-1.7461800000000065
0.1782,0.8454630700000004,-1.7461800000000065
0.178425,0.8454630700000004,-1.7461800000000065
0.17865,0.8454630700000004,-1.7461800000000065
0.178875,0.8454630700000004,-1.7461800000000065
0.17909999999999998,0.8437168900000004,-1.7559900000000066
0.17932499999999998,0.8437168900000004,-1.7559900000000066
0.17955,0.8437168900000004,-1.7559900000000066
0.179775,0.8437168900000004,-1.7559900000000066
0.18,0.8419609000000003,-1.7658000000000067
0.180225,0.8419609000000003,-1.7658000000000067
0.18045,0.8419609000000003,-1.7658000000000067
0.180675,0.8419609000000003,-1.7658000000000067
0.1809,0.8419609000000003,-1.7658000000000067
0.181125,0.8401951000000003,-1.7756100000000068
0.18134999999999998,0.8401951000000003,-1.7756100000000068
0.181575,0.8401951000000003,-1.7756100000000068
0.1818,0.8401951000000003,-1.7756100000000068
0.182025,0.8384194900000003,-1.785420000000007
0.18225,0.8384194900000003,-1.785420000000007
0.182475,0.8384194900000003,-1.785420000000007
0.1827,0.8384194900000003,-1.785420000000007
0.182925,0.8366340700000002,-1.795230000000007
0.18315,0.8366340700000002,-1.795230000000007
0.18337499999999998,0.8366340700000002,-1.795230000000007
0.18359999999999999,0.8366340700000002,-1.795230000000007
0.183825,0.8366340700000002,-1.795230000000007
0.18405,0.8348388400000002,-1.805040000000007
0.184275,0.8348388400000002,-1.805040000000007
0.1845,0.8348388400000002,-1.805040000000007
0.184725,0.8348388400000002,-1.805040000000007
0.18495,0.8330338000000002,-1.8148500000000072
0.185175,0.8330338000000002,-1.8148500000000072
0.18539999999999998,0.8330338000000002,-1.8148500000000072
0.18562499999999998,0.8330338000000002,-1.8148500000000072
0.18585,0.8330338000000002,-1.8148500000000072
0.186075,0.8312189500000001,-1.8246600000000073
0.1863,0.8312189500000001,-1.8246600000000073
0.186525,0.8312189500000001,-1.8246600000000073
0.18675,0.8312189500000001,-1.8246600000000073
0.186975,0.8293942900000001,-1.8344700000000074
0.1872,0.8293942900000001,-1.8344700000000074
0.187425,0.8293942900000001,-1.8344700000000074
0.18764999999999998,0.8293942900000001,-1.8344700000000074
0.187875,0.8293942900000001,-1.8344700000000074
0.1881,0.8275598200000001,-1.8442800000000075
0.188325,0.8275598200000001,-1.8442800000000075
0.18855,0.8275598200000001,-1.8442800000000075
0.188775,0.8275598200000001,-1.8442800000000075
0.189,0.82571554,-1.8540900000000076
0.189225,0.82571554,-1.8540900000000076
0.18945,0.82571554,-1.8540900000000076
0.18967499999999998,0.82571554,-1.8540900000000076
0.18989999999999999,0.82571554,-1.8540900000000076
0.190125,0.82386145,-1.8639000000000077
0.19035,0.82386145,-1.8639000000000077
0.190575,0.82386145,-1.8639000000000077
0.1908,0.82386145,-1.8639000000000077
0.191025,0.82199755,-1.8737100000000078
0.19125,0.82199755,-1.8737100000000078
0.191475,0.82199755,-1.8737100000000078
0.19169999999999998,0.82199755,-1.8737100000000078
0.19192499999999998,0.8201238399999999,-1.8835200000000079
0.19215,0.8201238399999999,-1.8835200000000079
0.192375,0.8201238399999999,-1.8835200000000079
0.1926,0.8201238399999999,-1.8835200000000079
0.192825,0.8201238399999999,-1.8835200000000079
0.19305,0.8182403199999999,-1.893330000000008
0.193275,0.8182403199999999,-1.893330000000008
0.1935,0.8182403199999999,-1.893330000000008
0.193725,0.8182403199999999,-1.893330000000008
0.19394999999999998,0.8163469899999999,-1.903140000000008
0.194175,0.8163469899999999,-1.903140000000008
0.1944,0.8163469899999999,-1.903140000000008
0.194625,0.8163469899999999,-1.903140000000008
0.19485,0.8163469899999999,-1.903140000000008
0.195075,0.8144438499999999,-1.9129500000000081
0.1953,0.8144438499999999,-1.9129500000000081
0.195525,0.8144438499999999,-1.9129500000000081
0.19575,0.8144438499999999,-1.9129500000000081
0.19597499999999998,0.8125308999999998,-1.9227600000000082
0.19619999999999999,0.8125308999999998,-1.9227600000000082
0.196425,0.8125308999999998,-1.9227600000000082
0.19665,0.8125308999999998,-1.9227600000000082
0.196875,0.8125308999999998,-1.9227600000000082
0.1971,0.8106081399999998,-1.9325700000000083
0.197325,0.8106081399999998,-1.9325700000000083
0.19755,0.8106081399999998,-1.9325700000000083
0.197775,0.8106081399999998,-1.9325700000000083
0.19799999999999998,0.8086755699999998,-1.9423800000000084
0.19822499999999998,0.8086755699999998,-1.9423800000000084
0.19845,0.8086755699999998,-1.9423800000000084
0.198675,0.8086755699999998,-1.9423800000000084
0.1989,0.8086755699999998,-1.9423800000000084
0.199125,0.8067331899999998,-1.9521900000000085
0.19935,0.8067331899999998,-1.9521900000000085
0.199575,0.8067331899999998,-1.9521900000000085
0.1998,0.8067331899999998,-1.9521900000000085
0.200025,0.8047809999999997,-1.9620000000000086
0.20024999999999998,0.8047809999999997,-1.9620000000000086
0.200475,0.8047809999999997,-1.9620000000000086
0.2007,0.8047809999999997,-1.9620000000000086
0.200925,0.8028189999999997,-1.9718100000000087
0.20115,0.8028189999999997,-1.9718100000000087
0.201375,0.8028189999999997,-1.9718100000000087
0.2016,0.8028189999999997,-1.9718100000000087
0.201825,0.8028189999999997,-1.9718100000000087
0.20205,0.8008471899999997,-1.9816200000000088
0.20227499999999998,0.8008471899999997,-1.9816200000000088
0.20249999999999999,0.8008471899999997,-1.9816200000000088
0.202725,0.8008471899999997,-1.9816200000000088
0.20295,0.7988655699999997,-1.991430000000009
0.203175,0.7988655699999997,-1.991430000000009
0.2034,0.7988655699999997,-1.991430000000009
0.203625,0.7988655699999997,-1.991430000000009
0.20385,0.7988655699999997,-1.991430000000009
0.204075,0.7968741399999997,-2.001240000000009
0.20429999999999998,0.7968741399999997,-2.001240000000009
0.20452499999999998,0.7968741399999997,-2.001240000000009
0.20475,0.7968741399999997,-2.001240000000009
0.204975,0.7948728999999997,-2.011050000000009
0.2052,0.7948728999999997,-2.011050000000009
0.205425,0.7948728999999997,-2.011050000000009
0.20565,0.7948728999999997,-2.011050000000009
0.205875,0.7948728999999997,-2.011050000000009
0.2061,0.7928618499999996,-2.0208600000000088
0.20632499999999998,0.7928618499999996,-2.0208600000000088
0.20654999999999998,0.7928618499999996,-2.0208600000000088
0.206775,0.7928618499999996,-2.0208600000000088
0.207,0.7908409899999996,-2.0306700000000086
0.207225,0.7908409899999996,-2.0306700000000086
0.20745,0.7908409899999996,-2.0306700000000086
0.207675,0.7908409899999996,-2.0306700000000086
0.2079,0.7908409899999996,-2.0306700000000086
0.208125,0.7888103199999996,-2.0404800000000085
0.20835,0.7888103199999996,-2.0404800000000085
0.20857499999999998,0.7888103199999996,-2.0404800000000085
0.20879999999999999,0.7888103199999996,-2.0404800000000085
0.209025,0.7867698399999996,-2.0502900000000084
0.20925,0.7867698399999996,-2.0502900000000084
0.209475,0.7867698399999996,-2.0502900000000084
0.2097,0.7867698399999996,-2.0502900000000084
0.209925,0.7847195499999996,-2.0601000000000083
0.21015,0.7847195499999996,-2.0601000000000083
0.210375,0.7847195499999996,-2.0601000000000083
0.21059999999999998,0.7847195499999996,-2.0601000000000083
0.21082499999999998,0.7847195499999996,-2.0601000000000083
0.21105,0.7826594499999996,-2.069910000000008
0.211275,0.7826594499999996,-2.069910000000008
0.2115,0.7826594499999996,-2.069910000000008
0.211725,0.7826594499999996,-2.069910000000008
0.21195,0.7805895399999996,-2.079720000000008
0.212175,0.7805895399999996,-2.079720000000008
0.2124,0.7805895399999996,-2.079720000000008
0.21262499999999998,0.7805895399999996,-2.079720000000008
0.21284999999999998,0.7805895399999996,-2.079720000000008
0.213075,0.7785098199999996,-2.089530000000008
0.2133,0.7785098199999996,-2.089530000000008
0.213525,0.7785098199999996,-2.089530000000008
0.21375,0.7785098199999996,-2.089530000000008
0.213975,0.7764202899999996,-2.0993400000000078
0.2142,0.7764202899999996,-2.0993400000000078
0.214425,0.7764202899999996,-2.0993400000000078
0.21465,0.7764202899999996,-2.0993400000000078
0.21487499999999998,0.7764202899999996,-2.0993400000000078
0.21509999999999999,0.7743209499999996,-2.1091500000000076
0.215325,0.7743209499999996,-2.1091500000000076
0.21555,0.7743209499999996,-2.1091500000000076
0.215775,0.7743209499999996,-2.1091500000000076
0.216,0.7722117999999996,-2.1189600000000075
0.216225,0.7722117999999996,-2.1189600000000075
0.21645,0.7722117999999996,-2.1189600000000075
0.216675,0.7722117999999996,-2.1189600000000075
0.21689999999999998,0.7722117999999996,-2.1189600000000075
0.21712499999999998,0.7700928399999996,-2.1287700000000074
0.21735,0.7700928399999996,-2.1287700000000074
0.217575,0.7700928399999996,-2.1287700000000074
0.2178,0.7700928399999996,-2.1287700000000074
0.218025,0.7679640699999996,-2.1385800000000073
0.21825,0.7679640699999996,-2.1385800000000073
0.218475,0.7679640699999996,-2.1385800000000073
0.2187,0.7679640699999996,-2.1385800000000073
0.21892499999999998,0.7658254899999996,-2.148390000000007
0.21914999999999998,0.7658254899999996,-2.148390000000007
0.219375,0.7658254899999996,-2.148390000000007
0.2196,0.7658254899999996,-2.148390000000007
0.219825,0.7658254899999996,-2.148390000000007
0.22005,0.7636770999999996,-2.158200000000007
0.220275,0.7636770999999996,-2.158200000000007
0.2205,0.7636770999999996,-2.158200000000007
0.220725,0.7636770999999996,-2.158200000000007
0.22095,0.7615188999999996,-2.168010000000007
0.22117499999999998,0.7615188999999996,-2.168010000000007
0.22139999999999999,0.7615188999999996,-2.168010000000007
0.221625,0.7615188999999996,-2.168010000000007
0.22185,0.7615188999999996,-2.168010000000007
0.222075,0.7593508899999996,-2.1778200000000068
0.2223,0.7593508899999996,-2.1778200000000068
0.222525,0.7593508899999996,-2.1778200000000068
0.22275,0.7593508899999996,-2.1778200000000068
0.222975,0.7571730699999996,-2.1876300000000066
0.22319999999999998,0.7571730699999996,-2.1876300000000066
0.22342499999999998,0.7571730699999996,-2.1876300000000066
0.22365,0.7571730699999996,-2.1876300000000066
0.223875,0.7571730699999996,-2.1876300000000066
0.2241,0.7549854399999996,-2.1974400000000065
0.224325,0.7549854399999996,-2.1974400000000065
0.22455,0.7549854399999996,-2.1974400000000065
0.224775,0.7549854399999996,-2.1974400000000065
0.225,0.7527879999999996,-2.2072500000000064
0.22522499999999998,0.7527879999999996,-2.2072500000000064
0.22544999999999998,0.7527879999999996,-2.2072500000000064
0.225675,0.7527879999999996,-2.2072500000000064
0.2259,0.7527879999999996,-2.2072500000000064
0.226125,0.7505807499999996,-2.2170600000000062
0.22635,0.7505807499999996,-2.2170600000000062
0.226575,0.7505807499999996,-2.2170600000000062
0.2268,0.7505807499999996,-2.2170600000000062
0.227025,0.7483636899999996,-2.226870000000006
0.22725,0.7483636899999996,-2.226870000000006
0.22747499999999998,0.7483636899999996,-2.226870000000006
0.22769999999999999,0.7483636899999996,-2.226870000000006
0.227925,0.7461368199999996,-2.236680000000006
0.22815,0.7461368199999996,-2.236680000000006
0.228375,0.7461368199999996,-2.236680000000006
0.2286,0.7461368199999996,-2.236680000000006
0.228825,0.7461368199999996,-2.236680000000006
0.22905,0.7439001399999996,-2.246490000000006
0.229275,0.7439001399999996,-2.246490000000006
0.22949999999999998,0.7439001399999996,-2.246490000000006
0.22972499999999998,0.7439001399999996,-2.246490000000006
0.22995,0.7416536499999996,-2.2563000000000057
0.230175,0.7416536499999996,-2.2563000000000057
0.2304,0.7416536499999996,-2.2563000000000057
0.230625,0.7416536499999996,-2.2563000000000057
0.23085,0.7416536499999996,-2.2563000000000057
0.231075,0.7393973499999996,-2.2661100000000056
0.2313,0.7393973499999996,-2.2661100000000056
0.23152499999999998,0.7393973499999996,-2.2661100000000056
0.23174999999999998,0.7393973499999996,-2.2661100000000056
0.231975,0.7371312399999996,-2.2759200000000055
0.2322,0.7371312399999996,-2.2759200000000055
0.232425,0.7371312399999996,-2.2759200000000055
0.23265,0.7371312399999996,-2.2759200000000055
0.232875,0.7371312399999996,-2.2759200000000055
0.2331,0.7348553199999996,-2.2857300000000054
0.233325,0.7348553199999996,-2.2857300000000054
0.23354999999999998,0.7348553199999996,-2.2857300000000054
0.23377499999999998,0.7348553199999996,-2.2857300000000054
0.23399999999999999,0.7325695899999997,-2.2955400000000052
0.234225,0.7325695899999997,-2.2955400000000052
0.23445,0.7325695899999997,-2.2955400000000052
0.234675,0.7325695899999997,-2.2955400000000052
0.2349,0.7325695899999997,-2.2955400000000052
0.235125,0.7302740499999997,-2.305350000000005
0.23535,0.7302740499999997,-2.305350000000005
0.235575,0.7302740499999997,-2.305350000000005
0.23579999999999998,0.7302740499999997,-2.305350000000005
0.23602499999999998,0.7279686999999997,-2.315160000000005
0.23625,0.7279686999999997,-2.315160000000005
0.236475,0.7279686999999997,-2.315160000000005
0.2367,0.7279686999999997,-2.315160000000005
0.236925,0.7256535399999997,-2.324970000000005
0.23715,0.7256535399999997,-2.324970000000005
0.237375,0.7256535399999997,-2.324970000000005
0.2376,0.7256535399999997,-2.324970000000005
0.23782499999999998,0.7256535399999997,-2.324970000000005
0.23804999999999998,0.7233285699999997,-2.3347800000000047
0.238275,0.7233285699999997,-2.3347800000000047
0.2385,0.7233285699999997,-2.3347800000000047
0.238725,0.7233285699999997,-2.3347800000000047
0.23895,0.7209937899999997,-2.3445900000000046
0.239175,0.7209937899999997,-2.3445900000000046
0.2394,0.7209937899999997,-2.3445900000000046
0.239625,0.7209937899999997,-2.3445900000000046
0.23984999999999998,0.7209937899999997,-2.3445900000000046
0.24007499999999998,0.7186491999999998,-2.3544000000000045
0.24029999999999999,0.7186491999999998,-2.3544000000000045
0.240525,0.7186491999999998,-2.3544000000000045
0.24075,0.7186491999999998,-2.3544000000000045
0.240975,0.7162947999999998,-2.3642100000000044
0.2412,0.7162947999999998,-2.3642100000000044
0.241425,0.7162947999999998,-2.3642100000000044
0.24165,0.7162947999999998,-2.3642100000000044
0.241875,0.7162947999999998,-2.3642100000000044
0.24209999999999998,0.7139305899999998,-2.3740200000000042
0.24232499999999998,0.7139305899999998,-2.3740200000000042
0.24255,0.7139305899999998,-2.3740200000000042
0.242775,0.7139305899999998,-2.3740200000000042
0.243,0.7115565699999998,-2.383830000000004
0.243225,0.7115565699999998,-2.383830000000004
0.24345,0.7115565699999998,-2.383830000000004
0.243675,0.7115565699999998,-2.383830000000004
0.2439,0.7115565699999998,-2.383830000000004
0.24412499999999998,0.7091727399999999,-2.393640000000004
0.24434999999999998,0.7091727399999999,-2.393640000000004
0.244575,0.7091727399999999,-2.393640000000004
0.2448,0.7091727399999999,-2.393640000000004
0.245025,0.7067790999999999,-2.403450000000004
0.24525,0.7067790999999999,-2.403450000000004
0.245475,0.7067790999999999,-2.403450000000004
0.2457,0.7067790999999999,-2.403450000000004
0.245925,0.7043756499999999,-2.4132600000000037
0.24614999999999998,0.7043756499999999,-2.4132600000000037
0.24637499999999998,0.7043756499999999,-2.4132600000000037
0.24659999999999999,0.7043756499999999,-2.4132600000000037
0.246825,0.7043756499999999,-2.4132600000000037
0.24705,0.7019623899999999,-2.4230700000000036
0.247275,0.7019623899999999,-2.4230700000000036
0.2475,0.7019623899999999,-2.4230700000000036
0.247725,0.7019623899999999,-2.4230700000000036
0.24795,0.69953932,-2.4328800000000035
0.248175,0.69953932,-2.4328800000000035
0.24839999999999998,0.69953932,-2.4328800000000035
0.24862499999999998,0.69953932,-2.4328800000000035
0.24885,0.69953932,-2.4328800000000035
0.249075,0.69710644,-2.4426900000000034
0.2493,0.69710644,-2.4426900000000034
0.249525,0.69710644,-2.4426900000000034
0.24975,0.69710644,-2.4426900000000034
0.249975,0.69466375,-2.4525000000000032
0.2502,0.69466375,-2.4525000000000032
0.250425,0.69466375,-2.4525000000000032
0.25065,0.69466375,-2.4525000000000032
0.250875,0.69466375,-2.4525000000000032
0.2511,0.6922112500000001,-2.462310000000003
0.251325,0.6922112500000001,-2.462310000000003
0.25155,0.6922112500000001,-2.462310000000003
0.25177499999999997,0.6922112500000001,-2.462310000000003
0.252,0.6897489400000001,-2.472120000000003
0.252225,0.6897489400000001,-2.472120000000003
0.25245,0.6897489400000001,-2.472120000000003
0.252675,0.6897489400000001,-2.472120000000003
0.2529,0.6897489400000001,-2.472120000000003
0.253125,0.6872768200000001,-2.481930000000003
0.25335,0.6872768200000001,-2.481930000000003
0.253575,0.6872768200000001,-2.481930000000003
0.25379999999999997,0.6872768200000001,-2.481930000000003
0.254025,0.6847948900000002,-2.4917400000000027
0.25425,0.6847948900000002,-2.4917400000000027
0.254475,0.6847948900000002,-2.4917400000000027
0.2547,0.6847948900000002,-2.4917400000000027
0.254925,0.6823031500000002,-2.5015500000000026
0.25515,0.6823031500000002,-2.5015500000000026
0.255375,0.6823031500000002,-2.5015500000000026
0.2556,0.6823031500000002,-2.5015500000000026
0.25582499999999997,0.6823031500000002,-2.5015500000000026
0.25605,0.6798016000000002,-2.5113600000000025
0.256275,0.6798016000000002,-2.5113600000000025
0.2565,0.6798016000000002,-2.5113600000000025
0.256725,0.6798016000000002,-2.5113600000000025
0.25695,0.6772902400000003,-2.5211700000000024
0.257175,0.6772902400000003,-2.5211700000000024
0.2574,0.6772902400000003,-2.5211700000000024
0.257625,0.6772902400000003,-2.5211700000000024
0.25784999999999997,0.6772902400000003,-2.5211700000000024
0.258075,0.6747690700000003,-2.5309800000000022
0.2583,0.6747690700000003,-2.5309800000000022
0.258525,0.6747690700000003,-2.5309800000000022
0.25875,0.6747690700000003,-2.5309800000000022
0.258975,0.6722380900000003,-2.540790000000002
0.2592,0.6722380900000003,-2.540790000000002
0.259425,0.6722380900000003,-2.540790000000002
0.25965,0.6722380900000003,-2.540790000000002
0.25987499999999997,0.6722380900000003,-2.540790000000002
0.2601,0.6696973000000004,-2.550600000000002
0.260325,0.6696973000000004,-2.550600000000002
0.26055,0.6696973000000004,-2.550600000000002
0.260775,0.6696973000000004,-2.550600000000002
0.261,0.6671467000000004,-2.560410000000002
0.261225,0.6671467000000004,-2.560410000000002
0.26145,0.6671467000000004,-2.560410000000002
0.261675,0.6671467000000004,-2.560410000000002
0.26189999999999997,0.6671467000000004,-2.560410000000002
0.262125,0.6645862900000005,-2.5702200000000017
0.26234999999999997,0.6645862900000005,-2.5702200000000017
0.262575,0.6645862900000005,-2.5702200000000017
0.2628,0.6645862900000005,-2.5702200000000017
0.263025,0.6620160700000005,-2.5800300000000016
0.26325,0.6620160700000005,-2.5800300000000016
0.263475,0.6620160700000005,-2.5800300000000016
0.2637,0.6620160700000005,-2.5800300000000016
0.26392499999999997,0.6594360400000006,-2.5898400000000015
0.26415,0.6594360400000006,-2.5898400000000015
0.26437499999999997,0.6594360400000006,-2.5898400000000015
0.2646,0.6594360400000006,-2.5898400000000015
0.264825,0.6594360400000006,-2.5898400000000015
0.26505,0.6568462000000006,-2.5996500000000013
0.265275,0.6568462000000006,-2.5996500000000013
0.2655,0.6568462000000006,-2.5996500000000013
0.265725,0.6568462000000006,-2.5996500000000013
0.26595,0.6542465500000006,-2.6094600000000012
0.266175,0.6542465500000006,-2.6094600000000012
0.26639999999999997,0.6542465500000006,-2.6094600000000012
0.266625,0.6542465500000006,-2.6094600000000012
0.26685,0.6542465500000006,-2.6094600000000012
0.267075,0.6516370900000007,-2.619270000000001
0.2673,0.6516370900000007,-2.619270000000001
0.267525,0.6516370900000007,-2.619270000000001
0.26775,0.6516370900000007,-2.619270000000001
0.267975,0.6490178200000007,-2.629080000000001
0.2682,0.6490178200000007,-2.629080000000001
0.26842499999999997,0.6490178200000007,-2.629080000000001
0.26865,0.6490178200000007,-2.629080000000001
0.268875,0.6490178200000007,-2.629080000000001
0.2691,0.6463887400000008,-2.638890000000001
0.269325,0.6463887400000008,-2.638890000000001
0.26955,0.6463887400000008,-2.638890000000001
0.269775,0.6463887400000008,-2.638890000000001
0.27,0.6437498500000008,-2.6487000000000007
0.270225,0.6437498500000008,-2.6487000000000007
0.27044999999999997,0.6437498500000008,-2.6487000000000007
0.270675,0.6437498500000008,-2.6487000000000007
0.2709,0.6437498500000008,-2.6487000000000007
0.271125,0.6411011500000009,-2.6585100000000006
0.27135,0.6411011500000009,-2.6585100000000006
0.271575,0.6411011500000009,-2.6585100000000006
0.2718,0.6411011500000009,-2.6585100000000006
0.272025,0.638442640000001,-2.6683200000000005
0.27225,0.638442640000001,-2.6683200000000005
0.27247499999999997,0.638442640000001,-2.6683200000000005
0.2727,0.638442640000001,-2.6683200000000005
0.272925,0.635774320000001,-2.6781300000000003
0.27315,0.635774320000001,-2.6781300000000003
0.273375,0.635774320000001,-2.6781300000000003
0.2736,0.635774320000001,-2.6781300000000003
0.273825,0.635774320000001,-2.6781300000000003
0.27405,0.6330961900000011,-2.68794
0.274275,0.6330961900000011,-2.68794
0.27449999999999997,0.6330961900000011,-2.68794
0.274725,0.6330961900000011,-2.68794
0.27494999999999997,0.630408250000001,-2.69775
0.275175,0.630408250000001,-2.69775
0.2754,0.630408250000001,-2.69775
0.275625,0.630408250000001,-2.69775
0.27585,0.630408250000001,-2.69775
0.276075,0.627710500000001,-2.70756
0.2763,0.627710500000001,-2.70756
0.27652499999999997,0.627710500000001,-2.70756
0.27675,0.627710500000001,-2.70756
0.27697499999999997,0.6250029400000009,-2.71737
0.2772,0.6250029400000009,-2.71737
0.277425,0.6250029400000009,-2.71737
0.27765,0.6250029400000009,-2.71737
0.277875,0.6250029400000009,-2.71737
0.2781,0.6222855700000008,-2.7271799999999997
0.278325,0.6222855700000008,-2.7271799999999997
0.27855,0.6222855700000008,-2.7271799999999997
0.278775,0.6222855700000008,-2.7271799999999997
0.27899999999999997,0.6195583900000008,-2.7369899999999996
0.279225,0.6195583900000008,-2.7369899999999996
0.27945,0.6195583900000008,-2.7369899999999996
0.279675,0.6195583900000008,-2.7369899999999996
0.2799,0.6195583900000008,-2.7369899999999996
0.280125,0.6168214000000007,-2.7467999999999995
0.28035,0.6168214000000007,-2.7467999999999995
0.280575,0.6168214000000007,-2.7467999999999995
0.2808,0.6168214000000007,-2.7467999999999995
0.28102499999999997,0.6140746000000007,-2.7566099999999993
0.28125,0.6140746000000007,-2.7566099999999993
0.281475,0.6140746000000007,-2.7566099999999993
0.2817,0.6140746000000007,-2.7566099999999993
0.281925,0.6113179900000006,-2.766419999999999
0.28215,0.6113179900000006,-2.766419999999999
0.282375,0.6113179900000006,-2.766419999999999
0.2826,0.6113179900000006,-2.766419999999999
0.282825,0.6113179900000006,-2.766419999999999
0.28304999999999997,0.6085515700000006,-2.776229999999999
0.283275,0.6085515700000006,-2.776229999999999
0.2835,0.6085515700000006,-2.776229999999999
0.283725,0.6085515700000006,-2.776229999999999
0.28395,0.6057753400000006,-2.786039999999999
0.284175,0.6057753400000006,-2.786039999999999
0.2844,0.6057753400000006,-2.786039999999999
0.284625,0.6057753400000006,-2.786039999999999
0.28485,0.6057753400000006,-2.786039999999999
0.28507499999999997,0.6029893000000005,-2.795849999999999
0.2853,0.6029893000000005,-2.795849999999999
0.285525,0.6029893000000005,-2.795849999999999
0.28575,0.6029893000000005,-2.795849999999999
0.285975,0.6001934500000005,-2.8056599999999987
0.2862,0.6001934500000005,-2.8056599999999987
0.286425,0.6001934500000005,-2.8056599999999987
0.28665,0.6001934500000005,-2.8056599999999987
0.286875,0.6001934500000005,-2.8056599999999987
0.28709999999999997,0.5973877900000004,-2.8154699999999986
0.287325,0.5973877900000004,-2.8154699999999986
0.28755,0.5973877900000004,-2.8154699999999986
0.287775,0.5973877900000004,-2.8154699999999986
0.288,0.5945723200000004,-2.8252799999999985
0.288225,0.5945723200000004,-2.8252799999999985
0.28845,0.5945723200000004,-2.8252799999999985
0.288675,0.5945723200000004,-2.8252799999999985
0.2889,0.5945723200000004,-2.8252799999999985
0.28912499999999997,0.5917470400000003,-2.8350899999999983
0.28935,0.5917470400000003,-2.8350899999999983
0.28957499999999997,0.5917470400000003,-2.8350899999999983
0.2898,0.5917470400000003,-2.8350899999999983
0.290025,0.5889119500000003,-2.844899999999998
0.29025,0.5889119500000003,-2.844899999999998
0.290475,0.5889119500000003,-2.844899999999998
0.2907,0.5889119500000003,-2.844899999999998
0.290925,0.5860670500000003,-2.854709999999998
0.29114999999999996,0.5860670500000003,-2.854709999999998
0.291375,0.5860670500000003,-2.854709999999998
0.29159999999999997,0.5860670500000003,-2.854709999999998
0.291825,0.5860670500000003,-2.854709999999998
0.29205,0.5832123400000002,-2.864519999999998
0.292275,0.5832123400000002,-2.864519999999998
0.2925,0.5832123400000002,-2.864519999999998
0.292725,0.5832123400000002,-2.864519999999998
0.29295,0.5803478200000002,-2.874329999999998
0.293175,0.5803478200000002,-2.874329999999998
0.2934,0.5803478200000002,-2.874329999999998
0.29362499999999997,0.5803478200000002,-2.874329999999998
0.29385,0.5803478200000002,-2.874329999999998
0.294075,0.5774734900000001,-2.8841399999999977
0.2943,0.5774734900000001,-2.8841399999999977
0.294525,0.5774734900000001,-2.8841399999999977
0.29475,0.5774734900000001,-2.8841399999999977
0.294975,0.5745893500000001,-2.8939499999999976
0.2952,0.5745893500000001,-2.8939499999999976
0.295425,0.5745893500000001,-2.8939499999999976
0.29564999999999997,0.5745893500000001,-2.8939499999999976
0.295875,0.5745893500000001,-2.8939499999999976
0.2961,0.5716954000000001,-2.9037599999999975
0.296325,0.5716954000000001,-2.9037599999999975
0.29655,0.5716954000000001,-2.9037599999999975
0.296775,0.5716954000000001,-2.9037599999999975
0.297,0.56879164,-2.9135699999999973
0.297225,0.56879164,-2.9135699999999973
0.29745,0.56879164,-2.9135699999999973
0.29767499999999997,0.56879164,-2.9135699999999973
0.2979,0.56879164,-2.9135699999999973
0.298125,0.56587807,-2.923379999999997
0.29835,0.56587807,-2.923379999999997
0.298575,0.56587807,-2.923379999999997
0.2988,0.56587807,-2.923379999999997
0.299025,0.56295469,-2.933189999999997
0.29925,0.56295469,-2.933189999999997
0.299475,0.56295469,-2.933189999999997
0.29969999999999997,0.56295469,-2.933189999999997
0.299925,0.5600215,-2.942999999999997
0.30015,0.5600215,-2.942999999999997
0.300375,0.5600215,-2.942999999999997
0.3006,0.5600215,-2.942999999999997
0.300825,0.5600215,-2.942999999999997
0.30105,0.5570784999999999,-2.952809999999997
0.301275,0.5570784999999999,-2.952809999999997
0.3015,0.5570784999999999,-2.952809999999997
0.30172499999999997,0.5570784999999999,-2.952809999999997
0.30195,0.5541256899999999,-2.9626199999999967
0.30217499999999997,0.5541256899999999,-2.9626199999999967
0.3024,0.5541256899999999,-2.9626199999999967
0.302625,0.5541256899999999,-2.9626199999999967
0.30285,0.5541256899999999,-2.9626199999999967
0.303075,0.5511630699999999,-2.9724299999999966
0.3033,0.5511630699999999,-2.9724299999999966
0.303525,0.5511630699999999,-2.9724299999999966
0.30374999999999996,0.5511630699999999,-2.9724299999999966
0.303975,0.5481906399999998,-2.9822399999999964
0.30419999999999997,0.5481906399999998,-2.9822399999999964
0.304425,0.5481906399999998,-2.9822399999999964
0.30465,0.5481906399999998,-2.9822399999999964
0.304875,0.5481906399999998,-2.9822399999999964
0.3051,0.5452083999999998,-2.9920499999999963
0.305325,0.5452083999999998,-2.9920499999999963
0.30555,0.5452083999999998,-2.9920499999999963
0.305775,0.5452083999999998,-2.9920499999999963
0.306,0.5422163499999998,-3.001859999999996
0.30622499999999997,0.5422163499999998,-3.001859999999996
0.30645,0.5422163499999998,-3.001859999999996
0.306675,0.5422163499999998,-3.001859999999996
0.3069,0.5422163499999998,-3.001859999999996
0.307125,0.5392144899999998,-3.011669999999996
0.30735,0.5392144899999998,-3.011669999999996
0.307575,0.5392144899999998,-3.011669999999996
0.3078,0.5392144899999998,-3.011669999999996
0.308025,0.5362028199999997,-3.021479999999996
0.30824999999999997,0.5362028199999997,-3.021479999999996
0.308475,0.5362028199999997,-3.021479999999996
0.3087,0.5362028199999997,-3.021479999999996
0.308925,0.5331813399999997,-3.031289999999996
0.30915,0.5331813399999997,-3.031289999999996
0.309375,0.5331813399999997,-3.031289999999996
0.3096,0.5331813399999997,-3.031289999999996
0.309825,0.5331813399999997,-3.031289999999996
0.31005,0.5301500499999997,-3.0410999999999957
0.31027499999999997,0.5301500499999997,-3.0410999999999957
0.3105,0.5301500499999997,-3.0410999999999957
0.310725,0.5301500499999997,-3.0410999999999957
0.31095,0.5271089499999997,-3.0509099999999956
0.311175,0.5271089499999997,-3.0509099999999956
0.3114,0.5271089499999997,-3.0509099999999956
0.311625,0.5271089499999997,-3.0509099999999956
0.31185,0.5271089499999997,-3.0509099999999956
0.312075,0.5240580399999997,-3.0607199999999954
0.31229999999999997,0.5240580399999997,-3.0607199999999954
0.312525,0.5240580399999997,-3.0607199999999954
0.31275,0.5240580399999997,-3.0607199999999954
0.312975,0.5209973199999997,-3.0705299999999953
0.3132,0.5209973199999997,-3.0705299999999953
0.313425,0.5209973199999997,-3.0705299999999953
0.31365,0.5209973199999997,-3.0705299999999953
0.313875,0.5209973199999997,-3.0705299999999953
0.3141,0.5179267899999996,-3.080339999999995
0.31432499999999997,0.5179267899999996,-3.080339999999995
0.31455,0.5179267899999996,-3.080339999999995
0.31477499999999997,0.5179267899999996,-3.080339999999995
0.315,0.5148464499999996,-3.090149999999995
0.315225,0.5148464499999996,-3.090149999999995
0.31545,0.5148464499999996,-3.090149999999995
0.315675,0.5148464499999996,-3.090149999999995
0.3159,0.5148464499999996,-3.090149999999995
0.316125,0.5117562999999996,-3.099959999999995
0.31634999999999996,0.5117562999999996,-3.099959999999995
0.316575,0.5117562999999996,-3.099959999999995
0.31679999999999997,0.5117562999999996,-3.099959999999995
0.317025,0.5086563399999996,-3.109769999999995
0.31725,0.5086563399999996,-3.109769999999995
0.317475,0.5086563399999996,-3.109769999999995
0.3177,0.5086563399999996,-3.109769999999995
0.317925,0.5055465699999996,-3.1195799999999947
0.31815,0.5055465699999996,-3.1195799999999947
0.31837499999999996,0.5055465699999996,-3.1195799999999947
0.3186,0.5055465699999996,-3.1195799999999947
0.31882499999999997,0.5055465699999996,-3.1195799999999947
0.31905,0.5024269899999996,-3.1293899999999946
0.319275,0.5024269899999996,-3.1293899999999946
0.3195,0.5024269899999996,-3.1293899999999946
0.319725,0.5024269899999996,-3.1293899999999946
0.31995,0.49929759999999956,-3.1391999999999944
0.320175,0.49929759999999956,-3.1391999999999944
0.3204,0.49929759999999956,-3.1391999999999944
0.320625,0.49929759999999956,-3.1391999999999944
0.32084999999999997,0.49929759999999956,-3.1391999999999944
0.321075,0.49615839999999956,-3.1490099999999943
0.3213,0.49615839999999956,-3.1490099999999943
0.321525,0.49615839999999956,-3.1490099999999943
0.32175,0.49615839999999956,-3.1490099999999943
0.321975,0.49300938999999955,-3.158819999999994
0.3222,0.49300938999999955,-3.158819999999994
0.322425,0.49300938999999955,-3.158819999999994
0.32265,0.49300938999999955,-3.158819999999994
0.32287499999999997,0.49300938999999955,-3.158819999999994
0.3231,0.48985056999999954,-3.168629999999994
0.323325,0.48985056999999954,-3.168629999999994
0.32355,0.48985056999999954,-3.168629999999994
0.323775,0.48985056999999954,-3.168629999999994
0.324,0.48668193999999954,-3.178439999999994
0.324225,0.48668193999999954,-3.178439999999994
0.32445,0.48668193999999954,-3.178439999999994
0.324675,0.48668193999999954,-3.178439999999994
0.32489999999999997,0.48668193999999954,-3.178439999999994
0.325125,0.48350349999999953,-3.188249999999994
0.32535,0.48350349999999953,-3.188249999999994
0.325575,0.48350349999999953,-3.188249999999994
0.3258,0.48350349999999953,-3.188249999999994
0.326025,0.4803152499999995,-3.1980599999999937
0.32625,0.4803152499999995,-3.1980599999999937
0.326475,0.4803152499999995,-3.1980599999999937
0.3267,0.4803152499999995,-3.1980599999999937
0.32692499999999997,0.4771171899999995,-3.2078699999999936
0.32715,0.4771171899999995,-3.2078699999999936
0.32737499999999997,0.4771171899999995,-3.2078699999999936
0.3276,0.4771171899999995,-3.2078699999999936
0.327825,0.4771171899999995,-3.2078699999999936
0.32805,0.4739093199999995,-3.2176799999999934
0.328275,0.4739093199999995,-3.2176799999999934
0.3285,0.4739093199999995,-3.2176799999999934
0.328725,0.4739093199999995,-3.2176799999999934
0.32894999999999996,0.4706916399999995,-3.2274899999999933
0.329175,0.4706916399999995,-3.2274899999999933
0.32939999999999997,0.4706916399999995,-3.2274899999999933
0.329625,0.4706916399999995,-3.2274899999999933
0.32985,0.4706916399999995,-3.2274899999999933
0.330075,0.4674641499999995,-3.237299999999993
0.3303,0.4674641499999995,-3.237299999999993
0.330525,0.4674641499999995,-3.237299999999993
0.33075,0.4674641499999995,-3.237299999999993
0.33097499999999996,0.4642268499999995,-3.247109999999993
0.3312,0.4642268499999995,-3.247109999999993
0.33142499999999997,0.4642268499999995,-3.247109999999993
0.33165,0.4642268499999995,-3.247109999999993
0.331875,0.4642268499999995,-3.247109999999993
0.3321,0.4609797399999995,-3.256919999999993
0.332325,0.4609797399999995,-3.256919999999993
0.33255,0.4609797399999995,-3.256919999999993
0.332775,0.4609797399999995,-3.256919999999993
0.333,0.45772281999999953,-3.266729999999993
0.333225,0.45772281999999953,-3.266729999999993
0.33344999999999997,0.45772281999999953,-3.266729999999993
0.333675,0.45772281999999953,-3.266729999999993
0.3339,0.45772281999999953,-3.266729999999993
0.334125,0.45445608999999954,-3.2765399999999927
0.33435,0.45445608999999954,-3.2765399999999927
0.334575,0.45445608999999954,-3.2765399999999927
0.3348,0.45445608999999954,-3.2765399999999927
0.335025,0.45117954999999954,-3.2863499999999926
0.33525,0.45117954999999954,-3.2863499999999926
0.33547499999999997,0.45117954999999954,-3.2863499999999926
0.3357,0.45117954999999954,-3.2863499999999926
0.335925,0.44789319999999955,-3.2961599999999924
0.33615,0.44789319999999955,-3.2961599999999924
0.336375,0.44789319999999955,-3.2961599999999924
0.3366,0.44789319999999955,-3.2961599999999924
0.336825,0.44789319999999955,-3.2961599999999924
0.33705,0.44459703999999955,-3.3059699999999923
0.337275,0.44459703999999955,-3.3059699999999923
0.33749999999999997,0.44459703999999955,-3.3059699999999923
0.337725,0.44459703999999955,-3.3059699999999923
0.33795,0.44129106999999956,-3.315779999999992
0.338175,0.44129106999999956,-3.315779999999992
0.3384,0.44129106999999956,-3.315779999999992
0.338625,0.44129106999999956,-3.315779999999992
0.33885,0.44129106999999956,-3.315779999999992
0.339075,0.4379752899999996,-3.325589999999992
0.3393,0.4379752899999996,-3.325589999999992
0.33952499999999997,0.4379752899999996,-3.325589999999992
0.33975,0.4379752899999996,-3.325589999999992
0.33997499999999997,0.4346496999999996,-3.335399999999992
0.3402,0.4346496999999996,-3.335399999999992
0.340425,0.4346496999999996,-3.335399999999992
0.34065,0.4346496999999996,-3.335399999999992
0.340875,0.4346496999999996,-3.335399999999992
0.3411,0.4313142999999996,-3.345209999999992
0.341325,0.4313142999999996,-3.345209999999992
0.34154999999999996,0.4313142999999996,-3.345209999999992
0.341775,0.4313142999999996,-3.345209999999992
0.34199999999999997,0.4279690899999996,-3.3550199999999917
0.342225,0.4279690899999996,-3.3550199999999917
0.34245,0.4279690899999996,-3.3550199999999917
0.342675,0.4279690899999996,-3.3550199999999917
0.3429,0.4279690899999996,-3.3550199999999917
0.343125,0.4246140699999996,-3.3648299999999915
0.34335,0.4246140699999996,-3.3648299999999915
0.34357499999999996,0.4246140699999996,-3.3648299999999915
0.3438,0.4246140699999996,-3.3648299999999915
0.34402499999999997,0.42124923999999964,-3.3746399999999914
0.34425,0.42124923999999964,-3.3746399999999914
0.344475,0.42124923999999964,-3.3746399999999914
0.3447,0.42124923999999964,-3.3746399999999914
0.344925,0.41787459999999965,-3.3844499999999913
0.34515,0.41787459999999965,-3.3844499999999913
0.345375,0.41787459999999965,-3.3844499999999913
0.3456,0.41787459999999965,-3.3844499999999913
0.345825,0.41787459999999965,-3.3844499999999913
0.34604999999999997,0.41449014999999967,-3.394259999999991
0.346275,0.41449014999999967,-3.394259999999991
0.3465,0.41449014999999967,-3.394259999999991
0.346725,0.41449014999999967,-3.394259999999991
0.34695,0.4110958899999997,-3.404069999999991
0.347175,0.4110958899999997,-3.404069999999991
0.3474,0.4110958899999997,-3.404069999999991
0.347625,0.4110958899999997,-3.404069999999991
0.34785,0.4110958899999997,-3.404069999999991
0.34807499999999997,0.4076918199999997,-3.413879999999991
0.3483,0.4076918199999997,-3.413879999999991
0.348525,0.4076918199999997,-3.413879999999991
0.34875,0.4076918199999997,-3.413879999999991
0.348975,0.4042779399999997,-3.423689999999991
0.3492,0.4042779399999997,-3.423689999999991
0.349425,0.4042779399999997,-3.423689999999991
0.34965,0.4042779399999997,-3.423689999999991
0.349875,0.4042779399999997,-3.423689999999991
0.35009999999999997,0.40085424999999975,-3.4334999999999907
0.350325,0.40085424999999975,-3.4334999999999907
0.35055,0.40085424999999975,-3.4334999999999907
0.350775,0.40085424999999975,-3.4334999999999907
0.351,0.39742074999999977,-3.4433099999999905
0.351225,0.39742074999999977,-3.4433099999999905
0.35145,0.39742074999999977,-3.4433099999999905
0.351675,0.39742074999999977,-3.4433099999999905
0.3519,0.39742074999999977,-3.4433099999999905
0.35212499999999997,0.3939774399999998,-3.4531199999999904
0.35235,0.3939774399999998,-3.4531199999999904
0.35257499999999997,0.3939774399999998,-3.4531199999999904
0.3528,0.3939774399999998,-3.4531199999999904
0.353025,0.3905243199999998,-3.4629299999999903
0.35325,0.3905243199999998,-3.4629299999999903
0.353475,0.3905243199999998,-3.4629299999999903
0.3537,0.3905243199999998,-3.4629299999999903
0.353925,0.38706138999999984,-3.47273999999999
0.35414999999999996,0.38706138999999984,-3.47273999999999
0.354375,0.38706138999999984,-3.47273999999999
0.35459999999999997,0.38706138999999984,-3.47273999999999
0.354825,0.38706138999999984,-3.47273999999999
0.35505,0.38358864999999986,-3.48254999999999
0.355275,0.38358864999999986,-3.48254999999999
0.3555,0.38358864999999986,-3.48254999999999
0.355725,0.38358864999999986,-3.48254999999999
0.35595,0.3801060999999999,-3.49235999999999
0.35617499999999996,0.3801060999999999,-3.49235999999999
0.3564,0.3801060999999999,-3.49235999999999
0.35662499999999997,0.3801060999999999,-3.49235999999999
0.35685,0.3801060999999999,-3.49235999999999
0.357075,0.3766137399999999,-3.50216999999999
0.3573,0.3766137399999999,-3.50216999999999
0.357525,0.3766137399999999,-3.50216999999999
0.35775,0.3766137399999999,-3.50216999999999
0.357975,0.37311156999999995,-3.5119799999999897
0.35819999999999996,0.37311156999999995,-3.5119799999999897
0.358425,0.37311156999999995,-3.5119799999999897
0.35864999999999997,0.37311156999999995,-3.5119799999999897
0.358875,0.37311156999999995,-3.5119799999999897
0.3591,0.36959959,-3.5217899999999895
0.359325,0.36959959,-3.5217899999999895
0.35955,0.36959959,-3.5217899999999895
0.359775,0.36959959,-3.5217899999999895
0.36,0.3660778,-3.5315999999999894
0.360225,0.3660778,-3.5315999999999894
0.36045,0.3660778,-3.5315999999999894
0.36067499999999997,0.3660778,-3.5315999999999894
0.3609,0.3660778,-3.5315999999999894
0.361125,0.36254620000000004,-3.5414099999999893
0.36135,0.36254620000000004,-3.5414099999999893
0.361575,0.36254620000000004,-3.5414099999999893
0.3618,0.36254620000000004,-3.5414099999999893
0.362025,0.3590047900000001,-3.551219999999989
0.36225,0.3590047900000001,-3.551219999999989
0.362475,0.3590047900000001,-3.551219999999989
0.36269999999999997,0.3590047900000001,-3.551219999999989
0.362925,0.3554535700000001,-3.561029999999989
0.36315,0.3554535700000001,-3.561029999999989
0.363375,0.3554535700000001,-3.561029999999989
0.3636,0.3554535700000001,-3.561029999999989
0.363825,0.3554535700000001,-3.561029999999989
0.36405,0.35189254000000014,-3.570839999999989
0.364275,0.35189254000000014,-3.570839999999989
0.3645,0.35189254000000014,-3.570839999999989
0.36472499999999997,0.35189254000000014,-3.570839999999989
0.36495,0.3483217000000002,-3.580649999999989
0.36517499999999997,0.3483217000000002,-3.580649999999989
0.3654,0.3483217000000002,-3.580649999999989
0.365625,0.3483217000000002,-3.580649999999989
0.36585,0.3483217000000002,-3.580649999999989
0.366075,0.3447410500000002,-3.5904599999999887
0.3663,0.3447410500000002,-3.5904599999999887
0.366525,0.3447410500000002,-3.5904599999999887
0.36674999999999996,0.3447410500000002,-3.5904599999999887
0.366975,0.34115059000000025,-3.6002699999999885
0.36719999999999997,0.34115059000000025,-3.6002699999999885
0.367425,0.34115059000000025,-3.6002699999999885
0.36765,0.34115059000000025,-3.6002699999999885
0.367875,0.34115059000000025,-3.6002699999999885
0.3681,0.3375503200000003,-3.6100799999999884
0.368325,0.3375503200000003,-3.6100799999999884
0.36855,0.3375503200000003,-3.6100799999999884
0.36877499999999996,0.3375503200000003,-3.6100799999999884
0.369,0.3339402400000003,-3.6198899999999883
0.36922499999999997,0.3339402400000003,-3.6198899999999883
0.36945,0.3339402400000003,-3.6198899999999883
0.369675,0.3339402400000003,-3.6198899999999883
0.3699,0.3339402400000003,-3.6198899999999883
0.370125,0.33032035000000026,-3.629699999999988
0.37035,0.33032035000000026,-3.629699999999988
0.370575,0.33032035000000026,-3.629699999999988
0.37079999999999996,0.33032035000000026,-3.629699999999988
0.371025,0.32669065000000025,-3.639509999999988
0.37124999999999997,0.32669065000000025,-3.639509999999988
0.371475,0.32669065000000025,-3.639509999999988
0.3717,0.32669065000000025,-3.639509999999988
0.371925,0.32305114000000024,-3.649319999999988
0.37215,0.32305114000000024,-3.649319999999988
0.372375,0.32305114000000024,-3.649319999999988
0.3726,0.32305114000000024,-3.649319999999988
0.372825,0.32305114000000024,-3.649319999999988
0.37305,0.3194018200000002,-3.659129999999988
0.37327499999999997,0.3194018200000002,-3.659129999999988
0.3735,0.3194018200000002,-3.659129999999988
0.373725,0.3194018200000002,-3.659129999999988
0.37395,0.3157426900000002,-3.6689399999999877
0.374175,0.3157426900000002,-3.6689399999999877
0.3744,0.3157426900000002,-3.6689399999999877
0.374625,0.3157426900000002,-3.6689399999999877
0.37485,0.3157426900000002,-3.6689399999999877
0.375075,0.3120737500000002,-3.6787499999999875
0.37529999999999997,0.3120737500000002,-3.6787499999999875
0.375525,0.3120737500000002,-3.6787499999999875
0.37575,0.3120737500000002,-3.6787499999999875
0.375975,0.3083950000000002,-3.6885599999999874
0.3762,0.3083950000000002,-3.6885599999999874
0.376425,0.3083950000000002,-3.6885599999999874
0.37665,0.3083950000000002,-3.6885599999999874
0.376875,0.3083950000000002,-3.6885599999999874
0.3771,0.3047064400000002,-3.6983699999999873
0.37732499999999997,0.3047064400000002,-3.6983699999999873
0.37755,0.3047064400000002,-3.6983699999999873
0.37777499999999997,0.3047064400000002,-3.6983699999999873
0.378,0.3010080700000002,-3.708179999999987
0.378225,0.3010080700000002,-3.708179999999987
0.37845,0.3010080700000002,-3.708179999999987
0.378675,0.3010080700000002,-3.708179999999987
0.3789,0.3010080700000002,-3.708179999999987
0.379125,0.2972998900000002,-3.717989999999987
0.37934999999999997,0.2972998900000002,-3.717989999999987
0.379575,0.2972998900000002,-3.717989999999987
0.37979999999999997,0.2972998900000002,-3.717989999999987
0.380025,0.2935819000000002,-3.727799999999987
0.38025,0.2935819000000002,-3.727799999999987
0.380475,0.2935819000000002,-3.727799999999987
0.3807,0.2935819000000002,-3.727799999999987
0.380925,0.28985410000000017,-3.7376099999999868
0.38115,0.28985410000000017,-3.7376099999999868
0.38137499999999996,0.28985410000000017,-3.7376099999999868
0.3816,0.28985410000000017,-3.7376099999999868
0.38182499999999997,0.28985410000000017,-3.7376099999999868
0.38205,0.28611649000000017,-3.7474199999999867
0.382275,0.28611649000000017,-3.7474199999999867
0.3825,0.28611649000000017,-3.7474199999999867
0.382725,0.28611649000000017,-3.7474199999999867
0.38295,0.28236907000000017,-3.7572299999999865
0.383175,0.28236907000000017,-3.7572299999999865
0.38339999999999996,0.28236907000000017,-3.7572299999999865
0.383625,0.28236907000000017,-3.7572299999999865
0.38384999999999997,0.28236907000000017,-3.7572299999999865
0.384075,0.27861184000000017,-3.7670399999999864
0.3843,0.27861184000000017,-3.7670399999999864
0.384525,0.27861184000000017,-3.7670399999999864
0.38475,0.27861184000000017,-3.7670399999999864
0.384975,0.27484480000000017,-3.7768499999999863
0.3852,0.27484480000000017,-3.7768499999999863
0.38542499999999996,0.27484480000000017,-3.7768499999999863
0.38565,0.27484480000000017,-3.7768499999999863
0.38587499999999997,0.27484480000000017,-3.7768499999999863
0.3861,0.27106795000000017,-3.786659999999986
0.386325,0.27106795000000017,-3.786659999999986
0.38655,0.27106795000000017,-3.786659999999986
0.386775,0.27106795000000017,-3.786659999999986
0.387,0.26728129000000017,-3.796469999999986
0.387225,0.26728129000000017,-3.796469999999986
0.38745,0.26728129000000017,-3.796469999999986
0.387675,0.26728129000000017,-3.796469999999986
0.38789999999999997,0.26728129000000017,-3.796469999999986
0.388125,0.2634848200000002,-3.806279999999986
0.38835,0.2634848200000002,-3.806279999999986
0.388575,0.2634848200000002,-3.806279999999986
0.3888,0.2634848200000002,-3.806279999999986
0.389025,0.2596785400000002,-3.8160899999999858
0.38925,0.2596785400000002,-3.8160899999999858
0.389475,0.2596785400000002,-3.8160899999999858
0.3897,0.2596785400000002,-3.8160899999999858
0.38992499999999997,0.2558624500000002,-3.8258999999999856
0.39015,0.2558624500000002,-3.8258999999999856
0.39037499999999997,0.2558624500000002,-3.8258999999999856
0.3906,0.2558624500000002,-3.8258999999999856
0.390825,0.2558624500000002,-3.8258999999999856
0.39105,0.2520365500000002,-3.8357099999999855
0.391275,0.2520365500000002,-3.8357099999999855
0.3915,0.2520365500000002,-3.8357099999999855
0.391725,0.2520365500000002,-3.8357099999999855
0.39194999999999997,0.2482008400000002,-3.8455199999999854
0.392175,0.2482008400000002,-3.8455199999999854
0.39239999999999997,0.2482008400000002,-3.8455199999999854
0.392625,0.2482008400000002,-3.8455199999999854
0.39285,0.2482008400000002,-3.8455199999999854
0.393075,0.2443553200000002,-3.8553299999999853
0.3933,0.2443553200000002,-3.8553299999999853
0.393525,0.2443553200000002,-3.8553299999999853
0.39375,0.2443553200000002,-3.8553299999999853
0.39397499999999996,0.24049999000000022,-3.865139999999985
0.3942,0.24049999000000022,-3.865139999999985
0.39442499999999997,0.24049999000000022,-3.865139999999985
0.39465,0.24049999000000022,-3.865139999999985
0.394875,0.24049999000000022,-3.865139999999985
0.3951,0.23663485000000023,-3.874949999999985
0.395325,0.23663485000000023,-3.874949999999985
0.39555,0.23663485000000023,-3.874949999999985
0.395775,0.23663485000000023,-3.874949999999985
0.39599999999999996,0.23275990000000024,-3.884759999999985
0.396225,0.23275990000000024,-3.884759999999985
0.39644999999999997,0.23275990000000024,-3.884759999999985
0.396675,0.23275990000000024,-3.884759999999985
0.3969,0.23275990000000024,-3.884759999999985
0.397125,0.22887514000000025,-3.8945699999999848
0.39735,0.22887514000000025,-3.8945699999999848
0.397575,0.22887514000000025,-3.8945699999999848
0.3978,0.22887514000000025,-3.8945699999999848
0.39802499999999996,0.22498057000000027,-3.9043799999999846
0.39825,0.22498057000000027,-3.9043799999999846
0.39847499999999997,0.22498057000000027,-3.9043799999999846
0.3987,0.22498057000000027,-3.9043799999999846
0.398925,0.22107619000000028,-3.9141899999999845
0.39915,0.22107619000000028,-3.9141899999999845
0.399375,0.22107619000000028,-3.9141899999999845
0.3996,0.22107619000000028,-3.9141899999999845
0.399825,0.22107619000000028,-3.9141899999999845
0.40005,0.2171620000000003,-3.9239999999999844
0.400275,0.2171620000000003,-3.9239999999999844
0.40049999999999997,0.2171620000000003,-3.9239999999999844
0.400725,0.2171620000000003,-3.9239999999999844
0.40095,0.21323800000000032,-3.9338099999999843
0.401175,0.21323800000000032,-3.9338099999999843
0.4014,0.21323800000000032,-3.9338099999999843
0.401625,0.21323800000000032,-3.9338099999999843
0.40185,0.21323800000000032,-3.9338099999999843
0.402075,0.20930419000000033,-3.943619999999984
0.4023,0.20930419000000033,-3.943619999999984
0.40252499999999997,0.20930419000000033,-3.943619999999984
0.40275,0.20930419000000033,-3.943619999999984
0.40297499999999997,0.20536057000000035,-3.953429999999984
0.4032,0.20536057000000035,-3.953429999999984
0.403425,0.20536057000000035,-3.953429999999984
0.40365,0.20536057000000035,-3.953429999999984
0.403875,0.20536057000000035,-3.953429999999984
0.4041,0.20140714000000037,-3.963239999999984
0.404325,0.20140714000000037,-3.963239999999984
0.40454999999999997,0.20140714000000037,-3.963239999999984
0.404775,0.20140714000000037,-3.963239999999984
0.40499999999999997,0.1974439000000004,-3.9730499999999838
0.405225,0.1974439000000004,-3.9730499999999838
0.40545,0.1974439000000004,-3.9730499999999838
0.405675,0.1974439000000004,-3.9730499999999838
0.4059,0.1974439000000004,-3.9730499999999838
0.406125,0.19347085000000042,-3.9828599999999836
0.40635,0.19347085000000042,-3.9828599999999836
0.40657499999999996,0.19347085000000042,-3.9828599999999836
0.4068,0.19347085000000042,-3.9828599999999836
0.40702499999999997,0.18948799000000044,-3.9926699999999835
0.40725,0.18948799000000044,-3.9926699999999835
0.407475,0.18948799000000044,-3.9926699999999835
0.4077,0.18948799000000044,-3.9926699999999835
0.407925,0.18549532000000046,-4.002479999999983
0.40815,0.18549532000000046,-4.002479999999983
0.408375,0.18549532000000046,-4.002479999999983
0.40859999999999996,0.18549532000000046,-4.002479999999983
0.408825,0.18549532000000046,-4.002479999999983
0.40904999999999997,0.1814928400000005,-4.012289999999983
0.409275,0.1814928400000005,-4.012289999999983
0.4095,0.1814928400000005,-4.012289999999983
0.409725,0.1814928400000005,-4.012289999999983
0.40995,0.17748055000000051,-4.022099999999983
0.410175,0.17748055000000051,-4.022099999999983
0.4104,0.17748055000000051,-4.022099999999983
0.41062499999999996,0.17748055000000051,-4.022099999999983
0.41085,0.17748055000000051,-4.022099999999983
0.41107499999999997,0.17345845000000054,-4.031909999999983
0.4113,0.17345845000000054,-4.031909999999983
0.411525,0.17345845000000054,-4.031909999999983
0.41175,0.17345845000000054,-4.031909999999983
0.411975,0.16942654000000057,-4.041719999999983
0.4122,0.16942654000000057,-4.041719999999983
0.412425,0.16942654000000057,-4.041719999999983
0.41264999999999996,0.16942654000000057,-4.041719999999983
0.412875,0.16942654000000057,-4.041719999999983
0.41309999999999997,0.1653848200000006,-4.051529999999983
0.413325,0.1653848200000006,-4.051529999999983
0.41355,0.1653848200000006,-4.051529999999983
0.413775,0.1653848200000006,-4.051529999999983
0.414,0.16133329000000063,-4.061339999999983
0.414225,0.16133329000000063,-4.061339999999983
0.41445,0.16133329000000063,-4.061339999999983
0.414675,0.16133329000000063,-4.061339999999983
0.4149,0.16133329000000063,-4.061339999999983
0.41512499999999997,0.15727195000000066,-4.0711499999999825
0.41535,0.15727195000000066,-4.0711499999999825
0.41557499999999997,0.15727195000000066,-4.0711499999999825
0.4158,0.15727195000000066,-4.0711499999999825
0.416025,0.15320080000000066,-4.080959999999982
0.41625,0.15320080000000066,-4.080959999999982
0.416475,0.15320080000000066,-4.080959999999982
0.4167,0.15320080000000066,-4.080959999999982
0.416925,0.14911984000000067,-4.090769999999982
0.41714999999999997,0.14911984000000067,-4.090769999999982
0.417375,0.14911984000000067,-4.090769999999982
0.41759999999999997,0.14911984000000067,-4.090769999999982
0.417825,0.14911984000000067,-4.090769999999982
0.41805,0.14502907000000068,-4.100579999999982
0.418275,0.14502907000000068,-4.100579999999982
0.4185,0.14502907000000068,-4.100579999999982
0.418725,0.14502907000000068,-4.100579999999982
0.41895,0.14092849000000068,-4.110389999999982
0.41917499999999996,0.14092849000000068,-4.110389999999982
0.4194,0.14092849000000068,-4.110389999999982
0.41962499999999997,0.14092849000000068,-4.110389999999982
0.41985,0.14092849000000068,-4.110389999999982
0.420075,0.1368181000000007,-4.120199999999982
0.4203,0.1368181000000007,-4.120199999999982
0.420525,0.1368181000000007,-4.120199999999982
0.42075,0.1368181000000007,-4.120199999999982
0.420975,0.1326979000000007,-4.130009999999982
0.42119999999999996,0.1326979000000007,-4.130009999999982
0.421425,0.1326979000000007,-4.130009999999982
0.42164999999999997,0.1326979000000007,-4.130009999999982
0.421875,0.1326979000000007,-4.130009999999982
0.4221,0.1285678900000007,-4.139819999999982
0.422325,0.1285678900000007,-4.139819999999982
0.42255,0.1285678900000007,-4.139819999999982
0.422775,0.1285678900000007,-4.139819999999982
0.423,0.12442807000000072,-4.1496299999999815
0.42322499999999996,0.12442807000000072,-4.1496299999999815
0.42345,0.12442807000000072,-4.1496299999999815
0.42367499999999997,0.12442807000000072,-4.1496299999999815
0.4239,0.12442807000000072,-4.1496299999999815
0.424125,0.12027844000000074,-4.159439999999981
0.42435,0.12027844000000074,-4.159439999999981
0.424575,0.12027844000000074,-4.159439999999981
0.4248,0.12027844000000074,-4.159439999999981
0.425025,0.11611900000000075,-4.169249999999981
0.42524999999999996,0.11611900000000075,-4.169249999999981
0.425475,0.11611900000000075,-4.169249999999981
0.42569999999999997,0.11611900000000075,-4.169249999999981
0.425925,0.11194975000000076,-4.179059999999981
0.42615,0.11194975000000076,-4.179059999999981
0.426375,0.11194975000000076,-4.179059999999981
0.4266,0.11194975000000076,-4.179059999999981
0.426825,0.11194975000000076,-4.179059999999981
0.42705,0.10777069000000078,-4.188869999999981
0.427275,0.10777069000000078,-4.188869999999981
0.4275,0.10777069000000078,-4.188869999999981
0.42772499999999997,0.10777069000000078,-4.188869999999981
0.42795,0.1035818200000008,-4.198679999999981
0.428175,0.1035818200000008,-4.198679999999981
0.4284,0.1035818200000008,-4.198679999999981
0.428625,0.1035818200000008,-4.198679999999981
0.42885,0.1035818200000008,-4.198679999999981
0.429075,0.09938314000000081,-4.208489999999981
0.4293,0.09938314000000081,-4.208489999999981
0.429525,0.09938314000000081,-4.208489999999981
0.42974999999999997,0.09938314000000081,-4.208489999999981
0.429975,0.09517465000000083,-4.218299999999981
0.43019999999999997,0.09517465000000083,-4.218299999999981
0.430425,0.09517465000000083,-4.218299999999981
0.43065,0.09517465000000083,-4.218299999999981
0.430875,0.09517465000000083,-4.218299999999981
0.4311,0.09095635000000085,-4.2281099999999805
0.431325,0.09095635000000085,-4.2281099999999805
0.43155,0.09095635000000085,-4.2281099999999805
0.43177499999999996,0.09095635000000085,-4.2281099999999805
0.432,0.08672824000000087,-4.23791999999998
0.43222499999999997,0.08672824000000087,-4.23791999999998
0.43245,0.08672824000000087,-4.23791999999998
0.432675,0.08672824000000087,-4.23791999999998
0.4329,0.08672824000000087,-4.23791999999998
0.433125,0.0824903200000009,-4.24772999999998
0.43335,0.0824903200000009,-4.24772999999998
0.433575,0.0824903200000009,-4.24772999999998
0.43379999999999996,0.0824903200000009,-4.24772999999998
0.434025,0.07824259000000092,-4.25753999999998
0.43424999999999997,0.07824259000000092,-4.25753999999998
0.434475,0.07824259000000092,-4.25753999999998
0.4347,0.07824259000000092,-4.25753999999998
0.434925,0.07398505000000094,-4.26734999999998
0.43515,0.07398505000000094,-4.26734999999998
0.435375,0.07398505000000094,-4.26734999999998
0.4356,0.07398505000000094,-4.26734999999998
0.43582499999999996,0.07398505000000094,-4.26734999999998
0.43605,0.06971770000000097,-4.27715999999998
0.43627499999999997,0.06971770000000097,-4.27715999999998
0.4365,0.06971770000000097,-4.27715999999998
0.436725,0.06971770000000097,-4.27715999999998
0.43695,0.06544054000000099,-4.28696999999998
0.437175,0.06544054000000099,-4.28696999999998
0.4374,0.06544054000000099,-4.28696999999998
0.437625,0.06544054000000099,-4.28696999999998
0.43784999999999996,0.06544054000000099,-4.28696999999998
0.438075,0.06115357000000101,-4.29677999999998
0.43829999999999997,0.06115357000000101,-4.29677999999998
0.438525,0.06115357000000101,-4.29677999999998
0.43875,0.06115357000000101,-4.29677999999998
0.438975,0.05685679000000103,-4.3065899999999795
0.4392,0.05685679000000103,-4.3065899999999795
0.439425,0.05685679000000103,-4.3065899999999795
0.43965,0.05685679000000103,-4.3065899999999795
0.43987499999999996,0.05685679000000103,-4.3065899999999795
0.4401,0.05255020000000105,-4.316399999999979
0.44032499999999997,0.05255020000000105,-4.316399999999979
0.44055,0.05255020000000105,-4.316399999999979
0.440775,0.05255020000000105,-4.316399999999979
0.441,0.048233800000001076,-4.326209999999979
0.441225,0.048233800000001076,-4.326209999999979
0.44145,0.048233800000001076,-4.326209999999979
0.441675,0.048233800000001076,-4.326209999999979
0.4419,0.048233800000001076,-4.326209999999979
0.442125,0.04390759000000109,-4.336019999999979
0.44234999999999997,0.04390759000000109,-4.336019999999979
0.442575,0.04390759000000109,-4.336019999999979
0.44279999999999997,0.04390759000000109,-4.336019999999979
0.443025,0.03957157000000111,-4.345829999999979
0.44325,0.03957157000000111,-4.345829999999979
0.443475,0.03957157000000111,-4.345829999999979
0.4437,0.03957157000000111,-4.345829999999979
0.443925,0.03522574000000113,-4.355639999999979
0.44415,0.03522574000000113,-4.355639999999979
0.44437499999999996,0.03522574000000113,-4.355639999999979
0.4446,0.03522574000000113,-4.355639999999979
0.44482499999999997,0.03522574000000113,-4.355639999999979
0.44505,0.03087010000000115,-4.365449999999979
0.445275,0.03087010000000115,-4.365449999999979
0.4455,0.03087010000000115,-4.365449999999979
0.445725,0.03087010000000115,-4.365449999999979
0.44595,0.02650465000000117,-4.375259999999979
0.446175,0.02650465000000117,-4.375259999999979
0.44639999999999996,0.02650465000000117,-4.375259999999979
0.446625,0.02650465000000117,-4.375259999999979
0.44684999999999997,0.02650465000000117,-4.375259999999979
0.447075,0.022129390000001192,-4.3850699999999785
0.4473,0.022129390000001192,-4.3850699999999785
0.447525,0.022129390000001192,-4.3850699999999785
0.44775,0.022129390000001192,-4.3850699999999785
0.447975,0.017744320000001215,-4.394879999999978
0.4482,0.017744320000001215,-4.394879999999978
0.44842499999999996,0.017744320000001215,-4.394879999999978
0.44865,0.017744320000001215,-4.394879999999978
0.44887499999999997,0.017744320000001215,-4.394879999999978
0.4491,0.013349440000001236,-4.404689999999978
0.449325,0.013349440000001236,-4.404689999999978
0.44955,0.013349440000001236,-4.404689999999978
0.449775,0.013349440000001236,-4.404689999999978
0.45,0.008944750000001257,-4.414499999999978
0.450225,0.008944750000001257,-4.414499999999978
0.45044999999999996,0.008944750000001257,-4.414499999999978
0.450675,0.008944750000001257,-4.414499999999978
0.45089999999999997,0.008944750000001257,-4.414499999999978
0.451125,0.004530250000001279,-4.424309999999978
0.45135,0.004530250000001279,-4.424309999999978
0.451575,0.004530250000001279,-4.424309999999978
0.4518,0.004530250000001279,-4.424309999999978
0.452025,0.00010594000000130072,-4.434119999999978
0.45225,0.00010594000000130072,-4.434119999999978
0.45247499999999996,0.00010594000000130072,-4.434119999999978
0.4527,0.00010594000000130072,-4.434119999999978
0.45292499999999997,0.0,3.110750999999984
0.45315,0.0,3.110750999999984
0.453375,0.0,3.110750999999984
0.4536,0.0,3.110750999999984
0.453825,0.0,3.110750999999984
0.45405,0.003110750999999984,3.100940999999984
0.454275,0.003110750999999984,3.100940999999984
0.4545,0.003110750999999984,3.100940999999984
0.454725,0.003110750999999984,3.100940999999984
0.45494999999999997,0.006211691999999968,3.0911309999999843
0.455175,0.006211691999999968,3.0911309999999843
0.45539999999999997,0.006211691999999968,3.0911309999999843
0.455625,0.006211691999999968,3.0911309999999843
0.45585,0.006211691999999968,3.0911309999999843
0.456075,0.009302822999999953,3.0813209999999844
0.4563,0.009302822999999953,3.0813209999999844
0.456525,0.009302822999999953,3.0813209999999844
0.45675,0.009302822999999953,3.0813209999999844
0.45697499999999996,0.012384143999999937,3.0715109999999846
0.4572,0.012384143999999937,3.0715109999999846
0.45742499999999997,0.012384143999999937,3.0715109999999846
0.45765,0.012384143999999937,3.0715109999999846
0.457875,0.012384143999999937,3.0715109999999846
0.4581,0.015455654999999922,3.0617009999999847
0.458325,0.015455654999999922,3.0617009999999847
0.45855,0.015455654999999922,3.0617009999999847
0.458775,0.015455654999999922,3.0617009999999847
0.45899999999999996,0.01851735599999991,3.051890999999985
0.459225,0.01851735599999991,3.051890999999985
0.45944999999999997,0.01851735599999991,3.051890999999985
0.459675,0.01851735599999991,3.051890999999985
0.4599,0.01851735599999991,3.051890999999985
0.460125,0.021569246999999892,3.042080999999985
0.46035,0.021569246999999892,3.042080999999985
0.460575,0.021569246999999892,3.042080999999985
0.4608,0.021569246999999892,3.042080999999985
0.46102499999999996,0.024611327999999877,3.032270999999985
0.46125,0.024611327999999877,3.032270999999985
0.46147499999999997,0.024611327999999877,3.032270999999985
0.4617,0.024611327999999877,3.032270999999985
0.461925,0.027643598999999863,3.022460999999985
0.46215,0.027643598999999863,3.022460999999985
0.462375,0.027643598999999863,3.022460999999985
0.4626,0.027643598999999863,3.022460999999985
0.462825,0.027643598999999863,3.022460999999985
0.46304999999999996,0.03066605999999985,3.0126509999999853
0.463275,0.03066605999999985,3.0126509999999853
0.46349999999999997,0.03066605999999985,3.0126509999999853
0.463725,0.03066605999999985,3.0126509999999853
0.46395,0.033678710999999834,3.0028409999999854
0.464175,0.033678710999999834,3.0028409999999854
0.4644,0.033678710999999834,3.0028409999999854
0.464625,0.033678710999999834,3.0028409999999854
0.46485,0.033678710999999834,3.0028409999999854
0.46507499999999996,0.03668155199999982,2.9930309999999856
0.4653,0.03668155199999982,2.9930309999999856
0.46552499999999997,0.03668155199999982,2.9930309999999856
0.46575,0.03668155199999982,2.9930309999999856
0.465975,0.039674582999999805,2.9832209999999857
0.4662,0.039674582999999805,2.9832209999999857
0.466425,0.039674582999999805,2.9832209999999857
0.46665,0.039674582999999805,2.9832209999999857
0.466875,0.039674582999999805,2.9832209999999857
0.46709999999999996,0.04265780399999979,2.973410999999986
0.467325,0.04265780399999979,2.973410999999986
0.46754999999999997,0.04265780399999979,2.973410999999986
0.467775,0.04265780399999979,2.973410999999986
0.46799999999999997,0.04563121499999978,2.963600999999986
0.468225,0.04563121499999978,2.963600999999986
0.46845,0.04563121499999978,2.963600999999986
0.468675,0.04563121499999978,2.963600999999986
0.4689,0.04563121499999978,2.963600999999986
0.469125,0.04859481599999976,2.953790999999986
0.46935,0.04859481599999976,2.953790999999986
0.46957499999999996,0.04859481599999976,2.953790999999986
0.4698,0.04859481599999976,2.953790999999986
0.47002499999999997,0.051548606999999746,2.943980999999986
0.47025,0.051548606999999746,2.943980999999986
0.470475,0.051548606999999746,2.943980999999986
0.4707,0.051548606999999746,2.943980999999986
0.470925,0.05449258799999973,2.9341709999999863
0.47115,0.05449258799999973,2.9341709999999863
0.471375,0.05449258799999973,2.9341709999999863
0.47159999999999996,0.05449258799999973,2.9341709999999863
0.471825,0.05449258799999973,2.9341709999999863
0.47204999999999997,0.057426758999999716,2.9243609999999864
0.472275,0.057426758999999716,2.9243609999999864
0.4725,0.057426758999999716,2.9243609999999864
0.472725,0.057426758999999716,2.9243609999999864
0.47295,0.0603511199999997,2.9145509999999866
0.473175,0.0603511199999997,2.9145509999999866
0.4734,0.0603511199999997,2.9145509999999866
0.47362499999999996,0.0603511199999997,2.9145509999999866
0.47385,0.0603511199999997,2.9145509999999866
0.47407499999999997,0.06326567099999969,2.9047409999999867
0.4743,0.06326567099999969,2.9047409999999867
0.474525,0.06326567099999969,2.9047409999999867
0.47475,0.06326567099999969,2.9047409999999867
0.474975,0.06617041199999968,2.894930999999987
0.4752,0.06617041199999968,2.894930999999987
0.475425,0.06617041199999968,2.894930999999987
0.47564999999999996,0.06617041199999968,2.894930999999987
0.475875,0.06617041199999968,2.894930999999987
0.47609999999999997,0.06906534299999967,2.885120999999987
0.476325,0.06906534299999967,2.885120999999987
0.47655,0.06906534299999967,2.885120999999987
0.476775,0.06906534299999967,2.885120999999987
0.477,0.07195046399999966,2.875310999999987
0.477225,0.07195046399999966,2.875310999999987
0.47745,0.07195046399999966,2.875310999999987
0.47767499999999996,0.07195046399999966,2.875310999999987
0.4779,0.07195046399999966,2.875310999999987
0.47812499999999997,0.07482577499999965,2.865500999999987
0.47835,0.07482577499999965,2.865500999999987
0.478575,0.07482577499999965,2.865500999999987
0.4788,0.07482577499999965,2.865500999999987
0.479025,0.07769127599999964,2.8556909999999873
0.47925,0.07769127599999964,2.8556909999999873
0.479475,0.07769127599999964,2.8556909999999873
0.47969999999999996,0.07769127599999964,2.8556909999999873
0.479925,0.08054696699999964,2.8458809999999874
0.48014999999999997,0.08054696699999964,2.8458809999999874
0.480375,0.08054696699999964,2.8458809999999874
0.48059999999999997,0.08054696699999964,2.8458809999999874
0.480825,0.08054696699999964,2.8458809999999874
0.48105,0.08339284799999963,2.8360709999999876
0.481275,0.08339284799999963,2.8360709999999876
0.4815,0.08339284799999963,2.8360709999999876
0.481725,0.08339284799999963,2.8360709999999876
0.48195,0.08622891899999961,2.8262609999999877
0.48217499999999996,0.08622891899999961,2.8262609999999877
0.4824,0.08622891899999961,2.8262609999999877
0.48262499999999997,0.08622891899999961,2.8262609999999877
0.48285,0.08622891899999961,2.8262609999999877
0.483075,0.0890551799999996,2.816450999999988
0.4833,0.0890551799999996,2.816450999999988
0.483525,0.0890551799999996,2.816450999999988
0.48375,0.0890551799999996,2.816450999999988
0.483975,0.09187163099999958,2.806640999999988
0.48419999999999996,0.09187163099999958,2.806640999999988
0.484425,0.09187163099999958,2.806640999999988
0.48464999999999997,0.09187163099999958,2.806640999999988
0.484875,0.09187163099999958,2.806640999999988
0.4851,0.09467827199999956,2.796830999999988
0.485325,0.09467827199999956,2.796830999999988
0.48555,0.09467827199999956,2.796830999999988
0.485775,0.09467827199999956,2.796830999999988
0.486,0.09747510299999955,2.787020999999988
0.48622499999999996,0.09747510299999955,2.787020999999988
0.48645,0.09747510299999955,2.787020999999988
0.48667499999999997,0.09747510299999955,2.787020999999988
0.4869,0.09747510299999955,2.787020999999988
0.487125,0.10026212399999954,2.7772109999999883
0.48735,0.10026212399999954,2.7772109999999883
0.487575,0.10026212399999954,2.7772109999999883
0.4878,0.10026212399999954,2.7772109999999883
0.488025,0.10303933499999952,2.7674009999999885
0.48824999999999996,0.10303933499999952,2.7674009999999885
0.488475,0.10303933499999952,2.7674009999999885
0.48869999999999997,0.10303933499999952,2.7674009999999885
0.488925,0.10580673599999951,2.7575909999999886
0.48915,0.10580673599999951,2.7575909999999886
0.489375,0.10580673599999951,2.7575909999999886
0.4896,0.10580673599999951,2.7575909999999886
0.489825,0.10580673599999951,2.7575909999999886
0.49005,0.1085643269999995,2.7477809999999887
0.49027499999999996,0.1085643269999995,2.7477809999999887
0.4905,0.1085643269999995,2.7477809999999887
0.49072499999999997,0.1085643269999995,2.7477809999999887
0.49095,0.1113121079999995,2.737970999999989
0.491175,0.1113121079999995,2.737970999999989
0.4914,0.1113121079999995,2.737970999999989
0.491625,0.1113121079999995,2.737970999999989
0.49185,0.1113121079999995,2.737970999999989
0.492075,0.11405007899999949,2.728160999999989
0.49229999999999996,0.11405007899999949,2.728160999999989
0.492525,0.11405007899999949,2.728160999999989
0.49274999999999997,0.11405007899999949,2.728160999999989
0.492975,0.11677823999999948,2.718350999999989
0.49319999999999997,0.11677823999999948,2.718350999999989
0.493425,0.11677823999999948,2.718350999999989
0.49365,0.11677823999999948,2.718350999999989
0.493875,0.11677823999999948,2.718350999999989
0.4941,0.11949659099999947,2.708540999999989
0.49432499999999996,0.11949659099999947,2.708540999999989
0.49455,0.11949659099999947,2.708540999999989
0.49477499999999996,0.11949659099999947,2.708540999999989
0.495,0.12220513199999947,2.6987309999999893
0.49522499999999997,0.12220513199999947,2.6987309999999893
0.49545,0.12220513199999947,2.6987309999999893
0.495675,0.12220513199999947,2.6987309999999893
0.4959,0.12220513199999947,2.6987309999999893
0.496125,0.12490386299999946,2.6889209999999895
0.49635,0.12490386299999946,2.6889209999999895
0.496575,0.12490386299999946,2.6889209999999895
0.49679999999999996,0.12490386299999946,2.6889209999999895
0.497025,0.12759278399999946,2.6791109999999896
0.49724999999999997,0.12759278399999946,2.6791109999999896
0.497475,0.12759278399999946,2.6791109999999896
0.4977,0.12759278399999946,2.6791109999999896
0.497925,0.13027189499999944,2.6693009999999897
0.49815,0.13027189499999944,2.6693009999999897
0.498375,0.13027189499999944,2.6693009999999897
0.4986,0.13027189499999944,2.6693009999999897
0.49882499999999996,0.13027189499999944,2.6693009999999897
0.49905,0.13294119599999943,2.65949099999999
0.49927499999999997,0.13294119599999943,2.65949099999999
0.4995,0.13294119599999943,2.65949099999999
0.499725,0.13294119599999943,2.65949099999999
0.49995,0.13560068699999941,2.64968099999999
0.500175,0.13560068699999941,2.64968099999999
0.5004,0.13560068699999941,2.64968099999999
0.500625,0.13560068699999941,2.64968099999999
0.50085,0.13560068699999941,2.64968099999999
0.5010749999999999,0.1382503679999994,2.63987099999999
0.5013,0.1382503679999994,2.63987099999999
0.501525,0.1382503679999994,2.63987099999999
0.50175,0.1382503679999994,2.63987099999999
0.501975,0.1408902389999994,2.63006099999999
0.5022,0.1408902389999994,2.63006099999999
0.502425,0.1408902389999994,2.63006099999999
0.50265,0.1408902389999994,2.63006099999999
0.502875,0.1408902389999994,2.63006099999999
0.5031,0.14352029999999938,2.6202509999999903
0.503325,0.14352029999999938,2.6202509999999903
0.5035499999999999,0.14352029999999938,2.6202509999999903
0.503775,0.14352029999999938,2.6202509999999903
0.504,0.14614055099999937,2.6104409999999905
0.504225,0.14614055099999937,2.6104409999999905
0.50445,0.14614055099999937,2.6104409999999905
0.504675,0.14614055099999937,2.6104409999999905
0.5049,0.14614055099999937,2.6104409999999905
0.5051249999999999,0.14875099199999936,2.6006309999999906
0.50535,0.14875099199999936,2.6006309999999906
0.505575,0.14875099199999936,2.6006309999999906
0.5058,0.14875099199999936,2.6006309999999906
0.506025,0.15135162299999935,2.5908209999999907
0.50625,0.15135162299999935,2.5908209999999907
0.506475,0.15135162299999935,2.5908209999999907
0.5067,0.15135162299999935,2.5908209999999907
0.506925,0.15394244399999935,2.581010999999991
0.50715,0.15394244399999935,2.581010999999991
0.507375,0.15394244399999935,2.581010999999991
0.5075999999999999,0.15394244399999935,2.581010999999991
0.507825,0.15394244399999935,2.581010999999991
0.50805,0.15652345499999934,2.571200999999991
0.508275,0.15652345499999934,2.571200999999991
0.5085,0.15652345499999934,2.571200999999991
0.508725,0.15652345499999934,2.571200999999991
0.50895,0.15909465599999933,2.561390999999991
0.5091749999999999,0.15909465599999933,2.561390999999991
0.5094,0.15909465599999933,2.561390999999991
0.509625,0.15909465599999933,2.561390999999991
0.50985,0.15909465599999933,2.561390999999991
0.510075,0.16165604699999933,2.551580999999991
0.5103,0.16165604699999933,2.551580999999991
0.510525,0.16165604699999933,2.551580999999991
0.51075,0.16165604699999933,2.551580999999991
0.510975,0.16420762799999933,2.5417709999999913
0.5112,0.16420762799999933,2.5417709999999913
0.511425,0.16420762799999933,2.5417709999999913
0.5116499999999999,0.16420762799999933,2.5417709999999913
0.511875,0.16420762799999933,2.5417709999999913
0.5121,0.16674939899999933,2.5319609999999915
0.512325,0.16674939899999933,2.5319609999999915
0.51255,0.16674939899999933,2.5319609999999915
0.512775,0.16674939899999933,2.5319609999999915
0.513,0.16928135999999933,2.5221509999999916
0.5132249999999999,0.16928135999999933,2.5221509999999916
0.51345,0.16928135999999933,2.5221509999999916
0.513675,0.16928135999999933,2.5221509999999916
0.5139,0.16928135999999933,2.5221509999999916
0.5141249999999999,0.17180351099999933,2.5123409999999917
0.51435,0.17180351099999933,2.5123409999999917
0.514575,0.17180351099999933,2.5123409999999917
0.5148,0.17180351099999933,2.5123409999999917
0.515025,0.17431585199999933,2.502530999999992
0.51525,0.17431585199999933,2.502530999999992
0.515475,0.17431585199999933,2.502530999999992
0.5156999999999999,0.17431585199999933,2.502530999999992
0.515925,0.17681838299999933,2.492720999999992
0.51615,0.17681838299999933,2.492720999999992
0.516375,0.17681838299999933,2.492720999999992
0.5166,0.17681838299999933,2.492720999999992
0.516825,0.17681838299999933,2.492720999999992
0.51705,0.17931110399999933,2.482910999999992
0.517275,0.17931110399999933,2.482910999999992
0.5175,0.17931110399999933,2.482910999999992
0.517725,0.17931110399999933,2.482910999999992
0.51795,0.18179401499999934,2.4731009999999922
0.5181749999999999,0.18179401499999934,2.4731009999999922
0.5184,0.18179401499999934,2.4731009999999922
0.518625,0.18179401499999934,2.4731009999999922
0.51885,0.18179401499999934,2.4731009999999922
0.519075,0.18426711599999934,2.4632909999999923
0.5193,0.18426711599999934,2.4632909999999923
0.519525,0.18426711599999934,2.4632909999999923
0.5197499999999999,0.18426711599999934,2.4632909999999923
0.519975,0.18673040699999932,2.4534809999999925
0.5202,0.18673040699999932,2.4534809999999925
0.520425,0.18673040699999932,2.4534809999999925
0.52065,0.18673040699999932,2.4534809999999925
0.520875,0.18673040699999932,2.4534809999999925
0.5211,0.1891838879999993,2.4436709999999926
0.521325,0.1891838879999993,2.4436709999999926
0.52155,0.1891838879999993,2.4436709999999926
0.521775,0.1891838879999993,2.4436709999999926
0.522,0.19162755899999928,2.4338609999999927
0.5222249999999999,0.19162755899999928,2.4338609999999927
0.52245,0.19162755899999928,2.4338609999999927
0.522675,0.19162755899999928,2.4338609999999927
0.5229,0.19162755899999928,2.4338609999999927
0.523125,0.19406141999999926,2.424050999999993
0.52335,0.19406141999999926,2.424050999999993
0.523575,0.19406141999999926,2.424050999999993
0.5237999999999999,0.19406141999999926,2.424050999999993
0.524025,0.19648547099999925,2.414240999999993
0.52425,0.19648547099999925,2.414240999999993
0.524475,0.19648547099999925,2.414240999999993
0.5246999999999999,0.19648547099999925,2.414240999999993
0.524925,0.19889971199999923,2.404430999999993
0.52515,0.19889971199999923,2.404430999999993
0.525375,0.19889971199999923,2.404430999999993
0.5256,0.19889971199999923,2.404430999999993
0.525825,0.19889971199999923,2.404430999999993
0.52605,0.2013041429999992,2.3946209999999932
0.5262749999999999,0.2013041429999992,2.3946209999999932
0.5265,0.2013041429999992,2.3946209999999932
0.526725,0.2013041429999992,2.3946209999999932
0.52695,0.2036987639999992,2.3848109999999934
0.527175,0.2036987639999992,2.3848109999999934
0.5274,0.2036987639999992,2.3848109999999934
0.527625,0.2036987639999992,2.3848109999999934
0.5278499999999999,0.2036987639999992,2.3848109999999934
0.528075,0.2060835749999992,2.3750009999999935
0.5283,0.2060835749999992,2.3750009999999935
0.528525,0.2060835749999992,2.3750009999999935
0.5287499999999999,0.2060835749999992,2.3750009999999935
0.528975,0.20845857599999917,2.3651909999999936
0.5292,0.20845857599999917,2.3651909999999936
0.529425,0.20845857599999917,2.3651909999999936
0.52965,0.20845857599999917,2.3651909999999936
0.529875,0.20845857599999917,2.3651909999999936
0.5301,0.21082376699999916,2.3553809999999937
0.5303249999999999,0.21082376699999916,2.3553809999999937
0.53055,0.21082376699999916,2.3553809999999937
0.530775,0.21082376699999916,2.3553809999999937
0.531,0.21317914799999915,2.345570999999994
0.531225,0.21317914799999915,2.345570999999994
0.53145,0.21317914799999915,2.345570999999994
0.531675,0.21317914799999915,2.345570999999994
0.5319,0.21317914799999915,2.345570999999994
0.532125,0.21552471899999914,2.335760999999994
0.53235,0.21552471899999914,2.335760999999994
0.532575,0.21552471899999914,2.335760999999994
0.5327999999999999,0.21552471899999914,2.335760999999994
0.533025,0.21786047999999913,2.325950999999994
0.53325,0.21786047999999913,2.325950999999994
0.533475,0.21786047999999913,2.325950999999994
0.5337,0.21786047999999913,2.325950999999994
0.533925,0.22018643099999913,2.3161409999999942
0.53415,0.22018643099999913,2.3161409999999942
0.5343749999999999,0.22018643099999913,2.3161409999999942
0.5346,0.22018643099999913,2.3161409999999942
0.534825,0.22018643099999913,2.3161409999999942
0.53505,0.22250257199999912,2.3063309999999944
0.535275,0.22250257199999912,2.3063309999999944
0.5355,0.22250257199999912,2.3063309999999944
0.535725,0.22250257199999912,2.3063309999999944
0.53595,0.22480890299999912,2.2965209999999945
0.536175,0.22480890299999912,2.2965209999999945
0.5364,0.22480890299999912,2.2965209999999945
0.536625,0.22480890299999912,2.2965209999999945
0.5368499999999999,0.22480890299999912,2.2965209999999945
0.537075,0.2271054239999991,2.2867109999999946
0.5373,0.2271054239999991,2.2867109999999946
0.537525,0.2271054239999991,2.2867109999999946
0.53775,0.2271054239999991,2.2867109999999946
0.537975,0.2293921349999991,2.2769009999999947
0.5382,0.2293921349999991,2.2769009999999947
0.5384249999999999,0.2293921349999991,2.2769009999999947
0.53865,0.2293921349999991,2.2769009999999947
0.538875,0.2293921349999991,2.2769009999999947
0.5391,0.2316690359999991,2.267090999999995
0.5393249999999999,0.2316690359999991,2.267090999999995
0.53955,0.2316690359999991,2.267090999999995
0.539775,0.2316690359999991,2.267090999999995
0.54,0.2339361269999991,2.257280999999995
0.540225,0.2339361269999991,2.257280999999995
0.54045,0.2339361269999991,2.257280999999995
0.540675,0.2339361269999991,2.257280999999995
0.5408999999999999,0.2339361269999991,2.257280999999995
0.541125,0.2361934079999991,2.247470999999995
0.54135,0.2361934079999991,2.247470999999995
0.541575,0.2361934079999991,2.247470999999995
0.5418,0.2361934079999991,2.247470999999995
0.542025,0.2384408789999991,2.2376609999999952
0.54225,0.2384408789999991,2.2376609999999952
0.542475,0.2384408789999991,2.2376609999999952
0.5427,0.2384408789999991,2.2376609999999952
0.542925,0.2406785399999991,2.2278509999999954
0.54315,0.2406785399999991,2.2278509999999954
0.5433749999999999,0.2406785399999991,2.2278509999999954
0.5436,0.2406785399999991,2.2278509999999954
0.543825,0.2406785399999991,2.2278509999999954
0.54405,0.2429063909999991,2.2180409999999955
0.544275,0.2429063909999991,2.2180409999999955
0.5445,0.2429063909999991,2.2180409999999955
0.544725,0.2429063909999991,2.2180409999999955
0.5449499999999999,0.24512443199999912,2.2082309999999956
0.545175,0.24512443199999912,2.2082309999999956
0.5454,0.24512443199999912,2.2082309999999956
0.545625,0.24512443199999912,2.2082309999999956
0.54585,0.24512443199999912,2.2082309999999956
0.546075,0.24733266299999912,2.1984209999999957
0.5463,0.24733266299999912,2.1984209999999957
0.546525,0.24733266299999912,2.1984209999999957
0.54675,0.24733266299999912,2.1984209999999957
0.546975,0.24953108399999913,2.188610999999996
0.5472,0.24953108399999913,2.188610999999996
0.5474249999999999,0.24953108399999913,2.188610999999996
0.54765,0.24953108399999913,2.188610999999996
0.547875,0.24953108399999913,2.188610999999996
0.5481,0.25171969499999913,2.178800999999996
0.548325,0.25171969499999913,2.178800999999996
0.54855,0.25171969499999913,2.178800999999996
0.548775,0.25171969499999913,2.178800999999996
0.5489999999999999,0.25389849599999914,2.168990999999996
0.549225,0.25389849599999914,2.168990999999996
0.54945,0.25389849599999914,2.168990999999996
0.549675,0.25389849599999914,2.168990999999996
0.5498999999999999,0.25389849599999914,2.168990999999996
0.550125,0.25606748699999915,2.1591809999999962
0.55035,0.25606748699999915,2.1591809999999962
0.550575,0.25606748699999915,2.1591809999999962
0.5508,0.25606748699999915,2.1591809999999962
0.551025,0.25822666799999916,2.1493709999999964
0.55125,0.25822666799999916,2.1493709999999964
0.5514749999999999,0.25822666799999916,2.1493709999999964
0.5517,0.25822666799999916,2.1493709999999964
0.551925,0.26037603899999917,2.1395609999999965
0.55215,0.26037603899999917,2.1395609999999965
0.552375,0.26037603899999917,2.1395609999999965
0.5526,0.26037603899999917,2.1395609999999965
0.552825,0.26037603899999917,2.1395609999999965
0.5530499999999999,0.2625155999999992,2.1297509999999966
0.553275,0.2625155999999992,2.1297509999999966
0.5535,0.2625155999999992,2.1297509999999966
0.553725,0.2625155999999992,2.1297509999999966
0.5539499999999999,0.2646453509999992,2.1199409999999967
0.554175,0.2646453509999992,2.1199409999999967
0.5544,0.2646453509999992,2.1199409999999967
0.554625,0.2646453509999992,2.1199409999999967
0.55485,0.2646453509999992,2.1199409999999967
0.555075,0.2667652919999992,2.110130999999997
0.5553,0.2667652919999992,2.110130999999997
0.5555249999999999,0.2667652919999992,2.110130999999997
0.55575,0.2667652919999992,2.110130999999997
0.555975,0.2688754229999992,2.100320999999997
0.5562,0.2688754229999992,2.100320999999997
0.556425,0.2688754229999992,2.100320999999997
0.55665,0.2688754229999992,2.100320999999997
0.556875,0.2688754229999992,2.100320999999997
0.5571,0.27097574399999924,2.090510999999997
0.557325,0.27097574399999924,2.090510999999997
0.55755,0.27097574399999924,2.090510999999997
0.557775,0.27097574399999924,2.090510999999997
0.5579999999999999,0.27306625499999926,2.0807009999999972
0.558225,0.27306625499999926,2.0807009999999972
0.55845,0.27306625499999926,2.0807009999999972
0.558675,0.27306625499999926,2.0807009999999972
0.5589,0.27306625499999926,2.0807009999999972
0.559125,0.2751469559999993,2.0708909999999974
0.55935,0.2751469559999993,2.0708909999999974
0.5595749999999999,0.2751469559999993,2.0708909999999974
0.5598,0.2751469559999993,2.0708909999999974
0.560025,0.2772178469999993,2.0610809999999975
0.56025,0.2772178469999993,2.0610809999999975
0.560475,0.2772178469999993,2.0610809999999975
0.5607,0.2772178469999993,2.0610809999999975
0.560925,0.2792789279999993,2.0512709999999976
0.56115,0.2792789279999993,2.0512709999999976
0.561375,0.2792789279999993,2.0512709999999976
0.5616,0.2792789279999993,2.0512709999999976
0.561825,0.2792789279999993,2.0512709999999976
0.5620499999999999,0.28133019899999934,2.0414609999999977
0.562275,0.28133019899999934,2.0414609999999977
0.5625,0.28133019899999934,2.0414609999999977
0.562725,0.28133019899999934,2.0414609999999977
0.56295,0.28337165999999936,2.031650999999998
0.563175,0.28337165999999936,2.031650999999998
0.5634,0.28337165999999936,2.031650999999998
0.5636249999999999,0.28337165999999936,2.031650999999998
0.56385,0.28337165999999936,2.031650999999998
0.564075,0.2854033109999994,2.021840999999998
0.5643,0.2854033109999994,2.021840999999998
0.5645249999999999,0.2854033109999994,2.021840999999998
0.56475,0.2854033109999994,2.021840999999998
0.564975,0.2874251519999994,2.012030999999998
0.5652,0.2874251519999994,2.012030999999998
0.565425,0.2874251519999994,2.012030999999998
0.56565,0.2874251519999994,2.012030999999998
0.565875,0.2874251519999994,2.012030999999998
0.5660999999999999,0.28943718299999943,2.0022209999999983
0.566325,0.28943718299999943,2.0022209999999983
0.56655,0.28943718299999943,2.0022209999999983
0.566775,0.28943718299999943,2.0022209999999983
0.567,0.29143940399999946,1.9924109999999982
0.567225,0.29143940399999946,1.9924109999999982
0.56745,0.29143940399999946,1.9924109999999982
0.5676749999999999,0.29143940399999946,1.9924109999999982
0.5679,0.29143940399999946,1.9924109999999982
0.568125,0.29343181499999943,1.982600999999998
0.56835,0.29343181499999943,1.982600999999998
0.5685749999999999,0.29343181499999943,1.982600999999998
0.5688,0.29343181499999943,1.982600999999998
0.569025,0.2954144159999994,1.972790999999998
0.56925,0.2954144159999994,1.972790999999998
0.569475,0.2954144159999994,1.972790999999998
0.5697,0.2954144159999994,1.972790999999998
0.569925,0.2973872069999994,1.9629809999999979
0.5701499999999999,0.2973872069999994,1.9629809999999979
0.570375,0.2973872069999994,1.9629809999999979
0.5706,0.2973872069999994,1.9629809999999979
0.570825,0.2973872069999994,1.9629809999999979
0.57105,0.29935018799999935,1.9531709999999978
0.571275,0.29935018799999935,1.9531709999999978
0.5715,0.29935018799999935,1.9531709999999978
0.571725,0.29935018799999935,1.9531709999999978
0.57195,0.3013033589999993,1.9433609999999977
0.572175,0.3013033589999993,1.9433609999999977
0.5724,0.3013033589999993,1.9433609999999977
0.5726249999999999,0.3013033589999993,1.9433609999999977
0.57285,0.3013033589999993,1.9433609999999977
0.573075,0.3032467199999993,1.9335509999999976
0.5733,0.3032467199999993,1.9335509999999976
0.573525,0.3032467199999993,1.9335509999999976
0.57375,0.3032467199999993,1.9335509999999976
0.573975,0.3051802709999993,1.9237409999999975
0.5741999999999999,0.3051802709999993,1.9237409999999975
0.574425,0.3051802709999993,1.9237409999999975
0.57465,0.3051802709999993,1.9237409999999975
0.574875,0.3051802709999993,1.9237409999999975
0.5751,0.30710401199999926,1.9139309999999974
0.575325,0.30710401199999926,1.9139309999999974
0.57555,0.30710401199999926,1.9139309999999974
0.575775,0.30710401199999926,1.9139309999999974
0.576,0.30901794299999924,1.9041209999999973
0.576225,0.30901794299999924,1.9041209999999973
0.57645,0.30901794299999924,1.9041209999999973
0.5766749999999999,0.30901794299999924,1.9041209999999973
0.5769,0.30901794299999924,1.9041209999999973
0.577125,0.3109220639999992,1.8943109999999972
0.57735,0.3109220639999992,1.8943109999999972
0.577575,0.3109220639999992,1.8943109999999972
0.5778,0.3109220639999992,1.8943109999999972
0.578025,0.3128163749999992,1.884500999999997
0.5782499999999999,0.3128163749999992,1.884500999999997
0.578475,0.3128163749999992,1.884500999999997
0.5787,0.3128163749999992,1.884500999999997
0.578925,0.3147008759999992,1.874690999999997
0.5791499999999999,0.3147008759999992,1.874690999999997
0.579375,0.3147008759999992,1.874690999999997
0.5796,0.3147008759999992,1.874690999999997
0.579825,0.3147008759999992,1.874690999999997
0.58005,0.31657556699999917,1.864880999999997
0.580275,0.31657556699999917,1.864880999999997
0.5805,0.31657556699999917,1.864880999999997
0.5807249999999999,0.31657556699999917,1.864880999999997
0.58095,0.31844044799999915,1.8550709999999968
0.581175,0.31844044799999915,1.8550709999999968
0.5814,0.31844044799999915,1.8550709999999968
0.581625,0.31844044799999915,1.8550709999999968
0.58185,0.31844044799999915,1.8550709999999968
0.582075,0.32029551899999914,1.8452609999999967
0.5822999999999999,0.32029551899999914,1.8452609999999967
0.582525,0.32029551899999914,1.8452609999999967
0.58275,0.32029551899999914,1.8452609999999967
0.582975,0.3221407799999991,1.8354509999999966
0.5831999999999999,0.3221407799999991,1.8354509999999966
0.583425,0.3221407799999991,1.8354509999999966
0.58365,0.3221407799999991,1.8354509999999966
0.583875,0.3221407799999991,1.8354509999999966
0.5841,0.3239762309999991,1.8256409999999965
0.584325,0.3239762309999991,1.8256409999999965
0.58455,0.3239762309999991,1.8256409999999965
0.5847749999999999,0.3239762309999991,1.8256409999999965
0.585,0.3258018719999991,1.8158309999999964
0.585225,0.3258018719999991,1.8158309999999964
0.58545,0.3258018719999991,1.8158309999999964
0.585675,0.3258018719999991,1.8158309999999964
0.5859,0.3258018719999991,1.8158309999999964
0.586125,0.3276177029999991,1.8060209999999963
0.58635,0.3276177029999991,1.8060209999999963
0.586575,0.3276177029999991,1.8060209999999963
0.5868,0.3276177029999991,1.8060209999999963
0.587025,0.3294237239999991,1.7962109999999962
0.5872499999999999,0.3294237239999991,1.7962109999999962
0.587475,0.3294237239999991,1.7962109999999962
0.5877,0.3294237239999991,1.7962109999999962
0.587925,0.3312199349999991,1.7864009999999961
0.58815,0.3312199349999991,1.7864009999999961
0.588375,0.3312199349999991,1.7864009999999961
0.5886,0.3312199349999991,1.7864009999999961
0.5888249999999999,0.3312199349999991,1.7864009999999961
0.58905,0.33300633599999907,1.776590999999996
0.589275,0.33300633599999907,1.776590999999996
0.5895,0.33300633599999907,1.776590999999996
0.5897249999999999,0.33300633599999907,1.776590999999996
0.58995,0.33478292699999906,1.766780999999996
0.590175,0.33478292699999906,1.766780999999996
0.5904,0.33478292699999906,1.766780999999996
0.590625,0.33478292699999906,1.766780999999996
0.59085,0.33478292699999906,1.766780999999996
0.591075,0.33654970799999906,1.7569709999999958
0.5912999999999999,0.33654970799999906,1.7569709999999958
0.591525,0.33654970799999906,1.7569709999999958
0.59175,0.33654970799999906,1.7569709999999958
0.591975,0.33830667899999906,1.7471609999999957
0.5922,0.33830667899999906,1.7471609999999957
0.592425,0.33830667899999906,1.7471609999999957
0.59265,0.33830667899999906,1.7471609999999957
0.5928749999999999,0.33830667899999906,1.7471609999999957
0.5931,0.34005383999999905,1.7373509999999956
0.593325,0.34005383999999905,1.7373509999999956
0.59355,0.34005383999999905,1.7373509999999956
0.5937749999999999,0.34005383999999905,1.7373509999999956
0.594,0.34179119099999905,1.7275409999999956
0.594225,0.34179119099999905,1.7275409999999956
0.59445,0.34179119099999905,1.7275409999999956
0.594675,0.34179119099999905,1.7275409999999956
0.5949,0.34179119099999905,1.7275409999999956
0.595125,0.34351873199999905,1.7177309999999955
0.5953499999999999,0.34351873199999905,1.7177309999999955
0.595575,0.34351873199999905,1.7177309999999955
0.5958,0.34351873199999905,1.7177309999999955
0.596025,0.34523646299999905,1.7079209999999954
0.59625,0.34523646299999905,1.7079209999999954
0.596475,0.34523646299999905,1.7079209999999954
0.5967,0.34523646299999905,1.7079209999999954
0.596925,0.34694438399999905,1.6981109999999953
0.59715,0.34694438399999905,1.6981109999999953
0.597375,0.34694438399999905,1.6981109999999953
0.5976,0.34694438399999905,1.6981109999999953
0.5978249999999999,0.34694438399999905,1.6981109999999953
0.59805,0.34864249499999905,1.6883009999999952
0.598275,0.34864249499999905,1.6883009999999952
0.5985,0.34864249499999905,1.6883009999999952
0.598725,0.34864249499999905,1.6883009999999952
0.59895,0.35033079599999906,1.678490999999995
0.599175,0.35033079599999906,1.678490999999995
0.5993999999999999,0.35033079599999906,1.678490999999995
0.599625,0.35033079599999906,1.678490999999995
0.59985,0.35033079599999906,1.678490999999995
0.600075,0.35200928699999906,1.668680999999995
0.6003,0.35200928699999906,1.668680999999995
0.600525,0.35200928699999906,1.668680999999995
0.60075,0.35200928699999906,1.668680999999995
0.600975,0.35367796799999907,1.6588709999999949
0.6012,0.35367796799999907,1.6588709999999949
0.601425,0.35367796799999907,1.6588709999999949
0.60165,0.35367796799999907,1.6588709999999949
0.6018749999999999,0.35367796799999907,1.6588709999999949
0.6021,0.35533683899999907,1.6490609999999948
0.602325,0.35533683899999907,1.6490609999999948
0.60255,0.35533683899999907,1.6490609999999948
0.602775,0.35533683899999907,1.6490609999999948
0.603,0.3569858999999991,1.6392509999999947
0.603225,0.3569858999999991,1.6392509999999947
0.6034499999999999,0.3569858999999991,1.6392509999999947
0.603675,0.3569858999999991,1.6392509999999947
0.6039,0.3569858999999991,1.6392509999999947
0.604125,0.3586251509999991,1.6294409999999946
0.6043499999999999,0.3586251509999991,1.6294409999999946
0.604575,0.3586251509999991,1.6294409999999946
0.6048,0.3586251509999991,1.6294409999999946
0.605025,0.3602545919999991,1.6196309999999945
0.60525,0.3602545919999991,1.6196309999999945
0.605475,0.3602545919999991,1.6196309999999945
0.6057,0.3602545919999991,1.6196309999999945
0.6059249999999999,0.3618742229999991,1.6098209999999944
0.60615,0.3618742229999991,1.6098209999999944
0.606375,0.3618742229999991,1.6098209999999944
0.6066,0.3618742229999991,1.6098209999999944
0.606825,0.3618742229999991,1.6098209999999944
0.60705,0.3634840439999991,1.6000109999999943
0.607275,0.3634840439999991,1.6000109999999943
0.6074999999999999,0.3634840439999991,1.6000109999999943
0.607725,0.3634840439999991,1.6000109999999943
0.60795,0.36508405499999913,1.5902009999999942
0.608175,0.36508405499999913,1.5902009999999942
0.6083999999999999,0.36508405499999913,1.5902009999999942
0.608625,0.36508405499999913,1.5902009999999942
0.60885,0.36508405499999913,1.5902009999999942
0.609075,0.36667425599999914,1.580390999999994
0.6093,0.36667425599999914,1.580390999999994
0.609525,0.36667425599999914,1.580390999999994
0.60975,0.36667425599999914,1.580390999999994
0.6099749999999999,0.36825464699999916,1.570580999999994
0.6102,0.36825464699999916,1.570580999999994
0.610425,0.36825464699999916,1.570580999999994
0.61065,0.36825464699999916,1.570580999999994
0.610875,0.36825464699999916,1.570580999999994
0.6111,0.3698252279999992,1.560770999999994
0.611325,0.3698252279999992,1.560770999999994
0.61155,0.3698252279999992,1.560770999999994
0.611775,0.3698252279999992,1.560770999999994
0.612,0.3713859989999992,1.5509609999999938
0.612225,0.3713859989999992,1.5509609999999938
0.6124499999999999,0.3713859989999992,1.5509609999999938
0.612675,0.3713859989999992,1.5509609999999938
0.6129,0.3713859989999992,1.5509609999999938
0.613125,0.3729369599999992,1.5411509999999937
0.61335,0.3729369599999992,1.5411509999999937
0.613575,0.3729369599999992,1.5411509999999937
0.6138,0.3729369599999992,1.5411509999999937
0.6140249999999999,0.3744781109999992,1.5313409999999936
0.61425,0.3744781109999992,1.5313409999999936
0.614475,0.3744781109999992,1.5313409999999936
0.6147,0.3744781109999992,1.5313409999999936
0.6149249999999999,0.37600945199999924,1.5215309999999935
0.61515,0.37600945199999924,1.5215309999999935
0.615375,0.37600945199999924,1.5215309999999935
0.6156,0.37600945199999924,1.5215309999999935
0.615825,0.37600945199999924,1.5215309999999935
0.61605,0.37753098299999927,1.5117209999999934
0.616275,0.37753098299999927,1.5117209999999934
0.6164999999999999,0.37753098299999927,1.5117209999999934
0.616725,0.37753098299999927,1.5117209999999934
0.61695,0.37904270399999923,1.5019109999999933
0.617175,0.37904270399999923,1.5019109999999933
0.6174,0.37904270399999923,1.5019109999999933
0.617625,0.37904270399999923,1.5019109999999933
0.61785,0.37904270399999923,1.5019109999999933
0.6180749999999999,0.3805446149999992,1.4921009999999932
0.6183,0.3805446149999992,1.4921009999999932
0.618525,0.3805446149999992,1.4921009999999932
0.61875,0.3805446149999992,1.4921009999999932
0.6189749999999999,0.38203671599999917,1.4822909999999931
0.6192,0.38203671599999917,1.4822909999999931
0.619425,0.38203671599999917,1.4822909999999931
0.61965,0.38203671599999917,1.4822909999999931
0.619875,0.38203671599999917,1.4822909999999931
0.6201,0.38351900699999913,1.472480999999993
0.620325,0.38351900699999913,1.472480999999993
0.6205499999999999,0.38351900699999913,1.472480999999993
0.620775,0.38351900699999913,1.472480999999993
0.621,0.3849914879999991,1.462670999999993
0.621225,0.3849914879999991,1.462670999999993
0.62145,0.3849914879999991,1.462670999999993
0.621675,0.3849914879999991,1.462670999999993
0.6219,0.3849914879999991,1.462670999999993
0.6221249999999999,0.3864541589999991,1.4528609999999929
0.62235,0.3864541589999991,1.4528609999999929
0.622575,0.3864541589999991,1.4528609999999929
0.6228,0.3864541589999991,1.4528609999999929
0.6230249999999999,0.38790701999999905,1.4430509999999928
0.62325,0.38790701999999905,1.4430509999999928
0.623475,0.38790701999999905,1.4430509999999928
0.6237,0.38790701999999905,1.4430509999999928
0.623925,0.389350070999999,1.4332409999999927
0.62415,0.389350070999999,1.4332409999999927
0.624375,0.389350070999999,1.4332409999999927
0.6245999999999999,0.389350070999999,1.4332409999999927
0.624825,0.389350070999999,1.4332409999999927
0.62505,0.390783311999999,1.4234309999999926
0.625275,0.390783311999999,1.4234309999999926
0.6255,0.390783311999999,1.4234309999999926
0.625725,0.390783311999999,1.4234309999999926
0.62595,0.39220674299999897,1.4136209999999925
0.626175,0.39220674299999897,1.4136209999999925
0.6264,0.39220674299999897,1.4136209999999925
0.626625,0.39220674299999897,1.4136209999999925
0.62685,0.39220674299999897,1.4136209999999925
0.6270749999999999,0.39362036399999895,1.4038109999999924
0.6273,0.39362036399999895,1.4038109999999924
0.627525,0.39362036399999895,1.4038109999999924
0.62775,0.39362036399999895,1.4038109999999924
0.627975,0.3950241749999989,1.3940009999999923
0.6282,0.3950241749999989,1.3940009999999923
0.628425,0.3950241749999989,1.3940009999999923
0.6286499999999999,0.3950241749999989,1.3940009999999923
0.628875,0.3950241749999989,1.3940009999999923
0.6291,0.3964181759999989,1.3841909999999922
0.629325,0.3964181759999989,1.3841909999999922
0.6295499999999999,0.3964181759999989,1.3841909999999922
0.629775,0.3964181759999989,1.3841909999999922
0.63,0.3978023669999989,1.374380999999992
0.630225,0.3978023669999989,1.374380999999992
0.63045,0.3978023669999989,1.374380999999992
0.630675,0.3978023669999989,1.374380999999992
0.6309,0.3978023669999989,1.374380999999992
0.6311249999999999,0.39917674799999886,1.364570999999992
0.63135,0.39917674799999886,1.364570999999992
0.631575,0.39917674799999886,1.364570999999992
0.6318,0.39917674799999886,1.364570999999992
0.632025,0.40054131899999884,1.3547609999999919
0.63225,0.40054131899999884,1.3547609999999919
0.632475,0.40054131899999884,1.3547609999999919
0.6326999999999999,0.40054131899999884,1.3547609999999919
0.632925,0.4018960799999988,1.3449509999999918
0.63315,0.4018960799999988,1.3449509999999918
0.633375,0.4018960799999988,1.3449509999999918
0.6335999999999999,0.4018960799999988,1.3449509999999918
0.633825,0.4018960799999988,1.3449509999999918
0.63405,0.4032410309999988,1.3351409999999917
0.634275,0.4032410309999988,1.3351409999999917
0.6345,0.4032410309999988,1.3351409999999917
0.634725,0.4032410309999988,1.3351409999999917
0.63495,0.4045761719999988,1.3253309999999916
0.6351749999999999,0.4045761719999988,1.3253309999999916
0.6354,0.4045761719999988,1.3253309999999916
0.635625,0.4045761719999988,1.3253309999999916
0.63585,0.4045761719999988,1.3253309999999916
0.636075,0.4059015029999988,1.3155209999999915
0.6363,0.4059015029999988,1.3155209999999915
0.636525,0.4059015029999988,1.3155209999999915
0.6367499999999999,0.4059015029999988,1.3155209999999915
0.636975,0.40721702399999876,1.3057109999999914
0.6372,0.40721702399999876,1.3057109999999914
0.637425,0.40721702399999876,1.3057109999999914
0.6376499999999999,0.40721702399999876,1.3057109999999914
0.637875,0.40721702399999876,1.3057109999999914
0.6381,0.40852273499999875,1.2959009999999913
0.638325,0.40852273499999875,1.2959009999999913
0.63855,0.40852273499999875,1.2959009999999913
0.638775,0.40852273499999875,1.2959009999999913
0.639,0.40981863599999874,1.2860909999999912
0.6392249999999999,0.40981863599999874,1.2860909999999912
0.63945,0.40981863599999874,1.2860909999999912
0.639675,0.40981863599999874,1.2860909999999912
0.6399,0.40981863599999874,1.2860909999999912
0.6401249999999999,0.4111047269999987,1.2762809999999911
0.64035,0.4111047269999987,1.2762809999999911
0.640575,0.4111047269999987,1.2762809999999911
0.6408,0.4111047269999987,1.2762809999999911
0.641025,0.4123810079999987,1.266470999999991
0.64125,0.4123810079999987,1.266470999999991
0.641475,0.4123810079999987,1.266470999999991
0.6416999999999999,0.4123810079999987,1.266470999999991
0.641925,0.4136474789999987,1.256660999999991
0.64215,0.4136474789999987,1.256660999999991
0.642375,0.4136474789999987,1.256660999999991
0.6426,0.4136474789999987,1.256660999999991
0.642825,0.4136474789999987,1.256660999999991
0.64305,0.4149041399999987,1.2468509999999908
0.6432749999999999,0.4149041399999987,1.2468509999999908
0.6435,0.4149041399999987,1.2468509999999908
0.643725,0.4149041399999987,1.2468509999999908
0.64395,0.4161509909999987,1.2370409999999907
0.6441749999999999,0.4161509909999987,1.2370409999999907
0.6444,0.4161509909999987,1.2370409999999907
0.644625,0.4161509909999987,1.2370409999999907
0.64485,0.4161509909999987,1.2370409999999907
0.645075,0.4173880319999987,1.2272309999999906
0.6453,0.4173880319999987,1.2272309999999906
0.645525,0.4173880319999987,1.2272309999999906
0.6457499999999999,0.4173880319999987,1.2272309999999906
0.645975,0.4186152629999987,1.2174209999999905
0.6462,0.4186152629999987,1.2174209999999905
0.646425,0.4186152629999987,1.2174209999999905
0.64665,0.4186152629999987,1.2174209999999905
0.646875,0.4186152629999987,1.2174209999999905
0.6471,0.4198326839999987,1.2076109999999904
0.6473249999999999,0.4198326839999987,1.2076109999999904
0.64755,0.4198326839999987,1.2076109999999904
0.647775,0.4198326839999987,1.2076109999999904
0.648,0.4210402949999987,1.1978009999999903
0.6482249999999999,0.4210402949999987,1.1978009999999903
0.64845,0.4210402949999987,1.1978009999999903
0.648675,0.4210402949999987,1.1978009999999903
0.6489,0.4210402949999987,1.1978009999999903
0.649125,0.4222380959999987,1.1879909999999902
0.64935,0.4222380959999987,1.1879909999999902
0.649575,0.4222380959999987,1.1879909999999902
0.6497999999999999,0.4222380959999987,1.1879909999999902
0.650025,0.4234260869999987,1.1781809999999902
0.65025,0.4234260869999987,1.1781809999999902
0.650475,0.4234260869999987,1.1781809999999902
0.6507,0.4234260869999987,1.1781809999999902
0.650925,0.4246042679999987,1.16837099999999
0.65115,0.4246042679999987,1.16837099999999
0.651375,0.4246042679999987,1.16837099999999
0.6516,0.4246042679999987,1.16837099999999
0.651825,0.4246042679999987,1.16837099999999
0.65205,0.4257726389999987,1.15856099999999
0.6522749999999999,0.4257726389999987,1.15856099999999
0.6525,0.4257726389999987,1.15856099999999
0.652725,0.4257726389999987,1.15856099999999
0.65295,0.4269311999999987,1.1487509999999899
0.653175,0.4269311999999987,1.1487509999999899
0.6534,0.4269311999999987,1.1487509999999899
0.653625,0.4269311999999987,1.1487509999999899
0.6538499999999999,0.4269311999999987,1.1487509999999899
0.654075,0.4280799509999987,1.1389409999999898
0.6543,0.4280799509999987,1.1389409999999898
0.654525,0.4280799509999987,1.1389409999999898
0.6547499999999999,0.4280799509999987,1.1389409999999898
0.654975,0.4292188919999987,1.1291309999999897
0.6552,0.4292188919999987,1.1291309999999897
0.655425,0.4292188919999987,1.1291309999999897
0.65565,0.4292188919999987,1.1291309999999897
0.655875,0.4292188919999987,1.1291309999999897
0.6561,0.4303480229999987,1.1193209999999896
0.6563249999999999,0.4303480229999987,1.1193209999999896
0.65655,0.4303480229999987,1.1193209999999896
0.656775,0.4303480229999987,1.1193209999999896
0.657,0.4314673439999987,1.1095109999999895
0.657225,0.4314673439999987,1.1095109999999895
0.65745,0.4314673439999987,1.1095109999999895
0.657675,0.4314673439999987,1.1095109999999895
0.6578999999999999,0.4314673439999987,1.1095109999999895
0.658125,0.4325768549999987,1.0997009999999894
0.65835,0.4325768549999987,1.0997009999999894
0.658575,0.4325768549999987,1.0997009999999894
0.6587999999999999,0.4325768549999987,1.0997009999999894
0.659025,0.4336765559999987,1.0898909999999893
0.65925,0.4336765559999987,1.0898909999999893
0.659475,0.4336765559999987,1.0898909999999893
0.6597,0.4336765559999987,1.0898909999999893
0.659925,0.4347664469999987,1.0800809999999892
0.66015,0.4347664469999987,1.0800809999999892
0.6603749999999999,0.4347664469999987,1.0800809999999892
0.6606,0.4347664469999987,1.0800809999999892
0.660825,0.4347664469999987,1.0800809999999892
0.66105,0.43584652799999873,1.070270999999989
0.661275,0.43584652799999873,1.070270999999989
0.6615,0.43584652799999873,1.070270999999989
0.661725,0.43584652799999873,1.070270999999989
0.6619499999999999,0.43691679899999875,1.060460999999989
0.662175,0.43691679899999875,1.060460999999989
0.6624,0.43691679899999875,1.060460999999989
0.662625,0.43691679899999875,1.060460999999989
0.6628499999999999,0.43691679899999875,1.060460999999989
0.663075,0.43797725999999876,1.050650999999989
0.6633,0.43797725999999876,1.050650999999989
0.663525,0.43797725999999876,1.050650999999989
0.66375,0.43797725999999876,1.050650999999989
0.663975,0.43902791099999877,1.0408409999999888
0.6642,0.43902791099999877,1.0408409999999888
0.6644249999999999,0.43902791099999877,1.0408409999999888
0.66465,0.43902791099999877,1.0408409999999888
0.664875,0.43902791099999877,1.0408409999999888
0.6651,0.4400687519999988,1.0310309999999887
0.6653249999999999,0.4400687519999988,1.0310309999999887
0.66555,0.4400687519999988,1.0310309999999887
0.665775,0.4400687519999988,1.0310309999999887
0.666,0.4410997829999988,1.0212209999999886
0.666225,0.4410997829999988,1.0212209999999886
0.66645,0.4410997829999988,1.0212209999999886
0.666675,0.4410997829999988,1.0212209999999886
0.6668999999999999,0.4410997829999988,1.0212209999999886
0.667125,0.44212100399999876,1.0114109999999885
0.66735,0.44212100399999876,1.0114109999999885
0.667575,0.44212100399999876,1.0114109999999885
0.6678,0.44212100399999876,1.0114109999999885
0.668025,0.4431324149999987,1.0016009999999884
0.66825,0.4431324149999987,1.0016009999999884
0.6684749999999999,0.4431324149999987,1.0016009999999884
0.6687,0.4431324149999987,1.0016009999999884
0.668925,0.4441340159999987,0.9917909999999884
0.66915,0.4441340159999987,0.9917909999999884
0.6693749999999999,0.4441340159999987,0.9917909999999884
0.6696,0.4441340159999987,0.9917909999999884
0.669825,0.4441340159999987,0.9917909999999884
0.67005,0.44512580699999865,0.9819809999999884
0.670275,0.44512580699999865,0.9819809999999884
0.6705,0.44512580699999865,0.9819809999999884
0.670725,0.44512580699999865,0.9819809999999884
0.6709499999999999,0.4461077879999986,0.9721709999999885
0.671175,0.4461077879999986,0.9721709999999885
0.6714,0.4461077879999986,0.9721709999999885
0.671625,0.4461077879999986,0.9721709999999885
0.67185,0.4461077879999986,0.9721709999999885
0.672075,0.4470799589999986,0.9623609999999885
0.6723,0.4470799589999986,0.9623609999999885
0.6725249999999999,0.4470799589999986,0.9623609999999885
0.67275,0.4470799589999986,0.9623609999999885
0.672975,0.44804231999999855,0.9525509999999885
0.6732,0.44804231999999855,0.9525509999999885
0.6734249999999999,0.44804231999999855,0.9525509999999885
0.67365,0.44804231999999855,0.9525509999999885
0.673875,0.44804231999999855,0.9525509999999885
0.6741,0.4489948709999985,0.9427409999999885
0.674325,0.4489948709999985,0.9427409999999885
0.67455,0.4489948709999985,0.9427409999999885
0.674775,0.4489948709999985,0.9427409999999885
0.6749999999999999,0.4499376119999985,0.9329309999999885
0.675225,0.4499376119999985,0.9329309999999885
0.67545,0.4499376119999985,0.9329309999999885
0.675675,0.4499376119999985,0.9329309999999885
0.6759,0.4499376119999985,0.9329309999999885
0.676125,0.45087054299999846,0.9231209999999885
0.67635,0.45087054299999846,0.9231209999999885
0.6765749999999999,0.45087054299999846,0.9231209999999885
0.6768,0.45087054299999846,0.9231209999999885
0.677025,0.45179366399999843,0.9133109999999885
0.67725,0.45179366399999843,0.9133109999999885
0.6774749999999999,0.45179366399999843,0.9133109999999885
0.6777,0.45179366399999843,0.9133109999999885
0.677925,0.4527069749999984,0.9035009999999886
0.67815,0.4527069749999984,0.9035009999999886
0.678375,0.4527069749999984,0.9035009999999886
0.6786,0.4527069749999984,0.9035009999999886
0.678825,0.4527069749999984,0.9035009999999886
0.6790499999999999,0.4536104759999984,0.8936909999999886
0.679275,0.4536104759999984,0.8936909999999886
0.6795,0.4536104759999984,0.8936909999999886
0.679725,0.4536104759999984,0.8936909999999886
0.6799499999999999,0.45450416699999835,0.8838809999999886
0.680175,0.45450416699999835,0.8838809999999886
0.6804,0.45450416699999835,0.8838809999999886
0.680625,0.45450416699999835,0.8838809999999886
0.68085,0.45450416699999835,0.8838809999999886
0.681075,0.4553880479999983,0.8740709999999886
0.6813,0.4553880479999983,0.8740709999999886
0.6815249999999999,0.4553880479999983,0.8740709999999886
0.68175,0.4553880479999983,0.8740709999999886
0.681975,0.4562621189999983,0.8642609999999886
0.6822,0.4562621189999983,0.8642609999999886
0.682425,0.4562621189999983,0.8642609999999886
0.68265,0.4562621189999983,0.8642609999999886
0.682875,0.4562621189999983,0.8642609999999886
0.6830999999999999,0.4571263799999983,0.8544509999999886
0.683325,0.4571263799999983,0.8544509999999886
0.68355,0.4571263799999983,0.8544509999999886
0.683775,0.4571263799999983,0.8544509999999886
0.6839999999999999,0.45798083099999826,0.8446409999999887
0.684225,0.45798083099999826,0.8446409999999887
0.68445,0.45798083099999826,0.8446409999999887
0.684675,0.45798083099999826,0.8446409999999887
0.6849,0.45798083099999826,0.8446409999999887
0.685125,0.45882547199999824,0.8348309999999887
0.68535,0.45882547199999824,0.8348309999999887
0.6855749999999999,0.45882547199999824,0.8348309999999887
0.6858,0.45882547199999824,0.8348309999999887
0.686025,0.4596603029999982,0.8250209999999887
0.68625,0.4596603029999982,0.8250209999999887
0.686475,0.4596603029999982,0.8250209999999887
0.6867,0.4596603029999982,0.8250209999999887
0.686925,0.4604853239999982,0.8152109999999887
0.6871499999999999,0.4604853239999982,0.8152109999999887
0.687375,0.4604853239999982,0.8152109999999887
0.6876,0.4604853239999982,0.8152109999999887
0.687825,0.4604853239999982,0.8152109999999887
0.6880499999999999,0.4613005349999982,0.8054009999999887
0.688275,0.4613005349999982,0.8054009999999887
0.6885,0.4613005349999982,0.8054009999999887
0.688725,0.4613005349999982,0.8054009999999887
0.68895,0.46210593599999816,0.7955909999999887
0.689175,0.46210593599999816,0.7955909999999887
0.6894,0.46210593599999816,0.7955909999999887
0.6896249999999999,0.46210593599999816,0.7955909999999887
0.68985,0.46210593599999816,0.7955909999999887
0.690075,0.46290152699999815,0.7857809999999887
0.6903,0.46290152699999815,0.7857809999999887
0.6905249999999999,0.46290152699999815,0.7857809999999887
0.69075,0.46290152699999815,0.7857809999999887
0.690975,0.46368730799999813,0.7759709999999888
0.6912,0.46368730799999813,0.7759709999999888
0.691425,0.46368730799999813,0.7759709999999888
0.69165,0.46368730799999813,0.7759709999999888
0.691875,0.46368730799999813,0.7759709999999888
0.6920999999999999,0.4644632789999981,0.7661609999999888
0.692325,0.4644632789999981,0.7661609999999888
0.69255,0.4644632789999981,0.7661609999999888
0.692775,0.4644632789999981,0.7661609999999888
0.693,0.4652294399999981,0.7563509999999888
0.693225,0.4652294399999981,0.7563509999999888
0.69345,0.4652294399999981,0.7563509999999888
0.6936749999999999,0.4652294399999981,0.7563509999999888
0.6939,0.4652294399999981,0.7563509999999888
0.694125,0.4659857909999981,0.7465409999999888
0.69435,0.4659857909999981,0.7465409999999888
0.6945749999999999,0.4659857909999981,0.7465409999999888
0.6948,0.4659857909999981,0.7465409999999888
0.695025,0.4667323319999981,0.7367309999999888
0.69525,0.4667323319999981,0.7367309999999888
0.695475,0.4667323319999981,0.7367309999999888
0.6957,0.4667323319999981,0.7367309999999888
0.695925,0.4674690629999981,0.7269209999999888
0.6961499999999999,0.4674690629999981,0.7269209999999888
0.696375,0.4674690629999981,0.7269209999999888
0.6966,0.4674690629999981,0.7269209999999888
0.696825,0.4674690629999981,0.7269209999999888
0.69705,0.46819598399999807,0.7171109999999888
0.697275,0.46819598399999807,0.7171109999999888
0.6975,0.46819598399999807,0.7171109999999888
0.6977249999999999,0.46819598399999807,0.7171109999999888
0.69795,0.46891309499999806,0.7073009999999889
0.698175,0.46891309499999806,0.7073009999999889
0.6984,0.46891309499999806,0.7073009999999889
0.6986249999999999,0.46891309499999806,0.7073009999999889
0.69885,0.46891309499999806,0.7073009999999889
0.699075,0.46962039599999805,0.6974909999999889
0.6993,0.46962039599999805,0.6974909999999889
0.699525,0.46962039599999805,0.6974909999999889
0.69975,0.46962039599999805,0.6974909999999889
0.699975,0.47031788699999805,0.6876809999999889
0.7001999999999999,0.47031788699999805,0.6876809999999889
0.700425,0.47031788699999805,0.6876809999999889
0.70065,0.47031788699999805,0.6876809999999889
0.700875,0.47031788699999805,0.6876809999999889
0.7011,0.47100556799999804,0.6778709999999889
0.701325,0.47100556799999804,0.6778709999999889
0.70155,0.47100556799999804,0.6778709999999889
0.7017749999999999,0.47100556799999804,0.6778709999999889
0.702,0.47168343899999804,0.6680609999999889
0.702225,0.47168343899999804,0.6680609999999889
0.70245,0.47168343899999804,0.6680609999999889
0.7026749999999999,0.47168343899999804,0.6680609999999889
0.7029,0.47168343899999804,0.6680609999999889
0.703125,0.47235149999999804,0.6582509999999889
0.70335,0.47235149999999804,0.6582509999999889
0.703575,0.47235149999999804,0.6582509999999889
0.7038,0.47235149999999804,0.6582509999999889
0.704025,0.47300975099999804,0.6484409999999889
0.7042499999999999,0.47300975099999804,0.6484409999999889
0.704475,0.47300975099999804,0.6484409999999889
0.7047,0.47300975099999804,0.6484409999999889
0.704925,0.47365819199999804,0.638630999999989
0.7051499999999999,0.47365819199999804,0.638630999999989
0.705375,0.47365819199999804,0.638630999999989
0.7056,0.47365819199999804,0.638630999999989
0.705825,0.47365819199999804,0.638630999999989
0.70605,0.47429682299999804,0.628820999999989
0.706275,0.47429682299999804,0.628820999999989
0.7065,0.47429682299999804,0.628820999999989
0.7067249999999999,0.47429682299999804,0.628820999999989
0.70695,0.47492564399999804,0.619010999999989
0.707175,0.47492564399999804,0.619010999999989
0.7074,0.47492564399999804,0.619010999999989
0.707625,0.47492564399999804,0.619010999999989
0.70785,0.47492564399999804,0.619010999999989
0.708075,0.47554465499999804,0.609200999999989
0.7082999999999999,0.47554465499999804,0.609200999999989
0.708525,0.47554465499999804,0.609200999999989
0.70875,0.47554465499999804,0.609200999999989
0.708975,0.47615385599999804,0.599390999999989
0.7091999999999999,0.47615385599999804,0.599390999999989
0.709425,0.47615385599999804,0.599390999999989
0.70965,0.47615385599999804,0.599390999999989
0.709875,0.47615385599999804,0.599390999999989
0.7101,0.47675324699999805,0.589580999999989
0.710325,0.47675324699999805,0.589580999999989
0.71055,0.47675324699999805,0.589580999999989
0.7107749999999999,0.47675324699999805,0.589580999999989
0.711,0.47734282799999805,0.579770999999989
0.711225,0.47734282799999805,0.579770999999989
0.71145,0.47734282799999805,0.579770999999989
0.711675,0.47734282799999805,0.579770999999989
0.7119,0.47734282799999805,0.579770999999989
0.712125,0.47792259899999806,0.5699609999999891
0.7123499999999999,0.47792259899999806,0.5699609999999891
0.712575,0.47792259899999806,0.5699609999999891
0.7128,0.47792259899999806,0.5699609999999891
0.713025,0.47849255999999807,0.5601509999999891
0.7132499999999999,0.47849255999999807,0.5601509999999891
0.713475,0.47849255999999807,0.5601509999999891
0.7137,0.47849255999999807,0.5601509999999891
0.713925,0.4790527109999981,0.5503409999999891
0.71415,0.4790527109999981,0.5503409999999891
0.714375,0.4790527109999981,0.5503409999999891
0.7146,0.4790527109999981,0.5503409999999891
0.7148249999999999,0.4790527109999981,0.5503409999999891
0.71505,0.4796030519999981,0.5405309999999891
0.715275,0.4796030519999981,0.5405309999999891
0.7155,0.4796030519999981,0.5405309999999891
0.715725,0.4796030519999981,0.5405309999999891
0.71595,0.4801435829999981,0.5307209999999891
0.716175,0.4801435829999981,0.5307209999999891
0.7163999999999999,0.4801435829999981,0.5307209999999891
0.716625,0.4801435829999981,0.5307209999999891
0.71685,0.4801435829999981,0.5307209999999891
0.717075,0.4806743039999981,0.5209109999999891
0.7172999999999999,0.4806743039999981,0.5209109999999891
0.717525,0.4806743039999981,0.5209109999999891
0.71775,0.4806743039999981,0.5209109999999891
0.717975,0.4811952149999981,0.5111009999999891
0.7182,0.4811952149999981,0.5111009999999891
0.718425,0.4811952149999981,0.5111009999999891
0.71865,0.4811952149999981,0.5111009999999891
0.7188749999999999,0.4811952149999981,0.5111009999999891
0.7191,0.48170631599999814,0.5012909999999892
0.719325,0.48170631599999814,0.5012909999999892
0.71955,0.48170631599999814,0.5012909999999892
0.7197749999999999,0.48170631599999814,0.5012909999999892
0.72,0.48220760699999815,0.4914809999999892
0.720225,0.48220760699999815,0.4914809999999892
0.72045,0.48220760699999815,0.4914809999999892
0.720675,0.48220760699999815,0.4914809999999892
0.7209,0.48220760699999815,0.4914809999999892
0.721125,0.48269908799999817,0.4816709999999892
0.7213499999999999,0.48269908799999817,0.4816709999999892
0.721575,0.48269908799999817,0.4816709999999892
0.7218,0.48269908799999817,0.4816709999999892
0.722025,0.4831807589999982,0.4718609999999892
0.72225,0.4831807589999982,0.4718609999999892
0.722475,0.4831807589999982,0.4718609999999892
0.7227,0.4831807589999982,0.4718609999999892
0.7229249999999999,0.48365261999999815,0.4620509999999892
0.72315,0.48365261999999815,0.4620509999999892
0.723375,0.48365261999999815,0.4620509999999892
0.7236,0.48365261999999815,0.4620509999999892
0.7238249999999999,0.48365261999999815,0.4620509999999892
0.72405,0.4841146709999981,0.45224099999998923
0.724275,0.4841146709999981,0.45224099999998923
0.7245,0.4841146709999981,0.45224099999998923
0.724725,0.4841146709999981,0.45224099999998923
0.72495,0.4845669119999981,0.44243099999998925
0.725175,0.4845669119999981,0.44243099999998925
0.7253999999999999,0.4845669119999981,0.44243099999998925
0.725625,0.4845669119999981,0.44243099999998925
0.72585,0.4845669119999981,0.44243099999998925
0.726075,0.48500934299999804,0.43262099999998926
0.7263,0.48500934299999804,0.43262099999998926
0.726525,0.48500934299999804,0.43262099999998926
0.72675,0.48500934299999804,0.43262099999998926
0.7269749999999999,0.485441963999998,0.4228109999999893
0.7272,0.485441963999998,0.4228109999999893
0.727425,0.485441963999998,0.4228109999999893
0.72765,0.485441963999998,0.4228109999999893
0.7278749999999999,0.485441963999998,0.4228109999999893
0.7281,0.485864774999998,0.4130009999999893
0.728325,0.485864774999998,0.4130009999999893
0.72855,0.485864774999998,0.4130009999999893
0.728775,0.485864774999998,0.4130009999999893
0.729,0.48627777599999794,0.4031909999999893
0.729225,0.48627777599999794,0.4031909999999893
0.7294499999999999,0.48627777599999794,0.4031909999999893
0.729675,0.48627777599999794,0.4031909999999893
0.7299,0.48627777599999794,0.4031909999999893
0.730125,0.4866809669999979,0.3933809999999893
0.7303499999999999,0.4866809669999979,0.3933809999999893
0.730575,0.4866809669999979,0.3933809999999893
0.7308,0.4866809669999979,0.3933809999999893
0.7310249999999999,0.4870743479999979,0.38357099999998934
0.73125,0.4870743479999979,0.38357099999998934
0.731475,0.4870743479999979,0.38357099999998934
0.7317,0.4870743479999979,0.38357099999998934
0.7319249999999999,0.48745791899999785,0.37376099999998935
0.73215,0.48745791899999785,0.37376099999998935
0.732375,0.48745791899999785,0.37376099999998935
0.7326,0.48745791899999785,0.37376099999998935
0.732825,0.48745791899999785,0.37376099999998935
0.73305,0.4878316799999978,0.36395099999998937
0.733275,0.4878316799999978,0.36395099999998937
0.7334999999999999,0.4878316799999978,0.36395099999998937
0.733725,0.4878316799999978,0.36395099999998937
0.73395,0.4881956309999978,0.3541409999999894
0.734175,0.4881956309999978,0.3541409999999894
0.7343999999999999,0.4881956309999978,0.3541409999999894
0.734625,0.4881956309999978,0.3541409999999894
0.73485,0.4881956309999978,0.3541409999999894
0.735075,0.4885497719999978,0.3443309999999894
0.7353,0.4885497719999978,0.3443309999999894
0.735525,0.4885497719999978,0.3443309999999894
0.73575,0.4885497719999978,0.3443309999999894
0.7359749999999999,0.48889410299999775,0.3345209999999894
0.7362,0.48889410299999775,0.3345209999999894
0.736425,0.48889410299999775,0.3345209999999894
0.73665,0.48889410299999775,0.3345209999999894
0.736875,0.48889410299999775,0.3345209999999894
0.7371,0.4892286239999977,0.3247109999999894
0.737325,0.4892286239999977,0.3247109999999894
0.7375499999999999,0.4892286239999977,0.3247109999999894
0.737775,0.4892286239999977,0.3247109999999894
0.738,0.4895533349999977,0.31490099999998944
0.738225,0.4895533349999977,0.31490099999998944
0.7384499999999999,0.4895533349999977,0.31490099999998944
0.738675,0.4895533349999977,0.31490099999998944
0.7389,0.4895533349999977,0.31490099999998944
0.739125,0.4898682359999977,0.30509099999998945
0.73935,0.4898682359999977,0.30509099999998945
0.739575,0.4898682359999977,0.30509099999998945
0.7398,0.4898682359999977,0.30509099999998945
0.7400249999999999,0.49017332699999766,0.29528099999998947
0.74025,0.49017332699999766,0.29528099999998947
0.740475,0.49017332699999766,0.29528099999998947
0.7407,0.49017332699999766,0.29528099999998947
0.740925,0.49046860799999764,0.2854709999999895
0.74115,0.49046860799999764,0.2854709999999895
0.741375,0.49046860799999764,0.2854709999999895
0.7415999999999999,0.49046860799999764,0.2854709999999895
0.741825,0.49046860799999764,0.2854709999999895
0.74205,0.4907540789999976,0.2756609999999895
0.742275,0.4907540789999976,0.2756609999999895
0.7424999999999999,0.4907540789999976,0.2756609999999895
0.742725,0.4907540789999976,0.2756609999999895
0.74295,0.4910297399999976,0.2658509999999895
0.743175,0.4910297399999976,0.2658509999999895
0.7434,0.4910297399999976,0.2658509999999895
0.743625,0.4910297399999976,0.2658509999999895
0.74385,0.4910297399999976,0.2658509999999895
0.7440749999999999,0.4912955909999976,0.2560409999999895
0.7443,0.4912955909999976,0.2560409999999895
0.744525,0.4912955909999976,0.2560409999999895
0.74475,0.4912955909999976,0.2560409999999895
0.7449749999999999,0.4915516319999976,0.2462309999999895
0.7452,0.4915516319999976,0.2462309999999895
0.745425,0.4915516319999976,0.2462309999999895
0.74565,0.4915516319999976,0.2462309999999895
0.745875,0.4915516319999976,0.2462309999999895
0.7461,0.49179786299999756,0.2364209999999895
0.746325,0.49179786299999756,0.2364209999999895
0.7465499999999999,0.49179786299999756,0.2364209999999895
0.746775,0.49179786299999756,0.2364209999999895
0.747,0.49203428399999755,0.2266109999999895
0.747225,0.49203428399999755,0.2266109999999895
0.74745,0.49203428399999755,0.2266109999999895
0.747675,0.49203428399999755,0.2266109999999895
0.7479,0.49203428399999755,0.2266109999999895
0.7481249999999999,0.49226089499999753,0.21680099999998947
0.74835,0.49226089499999753,0.21680099999998947
0.748575,0.49226089499999753,0.21680099999998947
0.7488,0.49226089499999753,0.21680099999998947
0.7490249999999999,0.4924776959999975,0.20699099999998946
0.74925,0.4924776959999975,0.20699099999998946
0.749475,0.4924776959999975,0.20699099999998946
0.7497,0.4924776959999975,0.20699099999998946
0.749925,0.4926846869999975,0.19718099999998945
0.75015,0.4926846869999975,0.19718099999998945
0.750375,0.4926846869999975,0.19718099999998945
0.7505999999999999,0.4926846869999975,0.19718099999998945
0.750825,0.4926846869999975,0.19718099999998945
0.75105,0.4928818679999975,0.18737099999998943
0.751275,0.4928818679999975,0.18737099999998943
0.7515,0.4928818679999975,0.18737099999998943
0.751725,0.4928818679999975,0.18737099999998943
0.75195,0.4930692389999975,0.17756099999998942
0.7521749999999999,0.4930692389999975,0.17756099999998942
0.7524,0.4930692389999975,0.17756099999998942
0.752625,0.4930692389999975,0.17756099999998942
0.75285,0.4930692389999975,0.17756099999998942
0.7530749999999999,0.4932467999999975,0.1677509999999894
0.7533,0.4932467999999975,0.1677509999999894
0.753525,0.4932467999999975,0.1677509999999894
0.75375,0.4932467999999975,0.1677509999999894
0.753975,0.4934145509999975,0.1579409999999894
0.7542,0.4934145509999975,0.1579409999999894
0.754425,0.4934145509999975,0.1579409999999894
0.7546499999999999,0.4934145509999975,0.1579409999999894
0.754875,0.4934145509999975,0.1579409999999894
0.7551,0.4935724919999975,0.14813099999998938
0.755325,0.4935724919999975,0.14813099999998938
0.7555499999999999,0.4935724919999975,0.14813099999998938
0.755775,0.4935724919999975,0.14813099999998938
0.756,0.49372062299999747,0.13832099999998937
0.7562249999999999,0.49372062299999747,0.13832099999998937
0.75645,0.49372062299999747,0.13832099999998937
0.756675,0.49372062299999747,0.13832099999998937
0.7569,0.49372062299999747,0.13832099999998937
0.7571249999999999,0.49385894399999747,0.12851099999998936
0.75735,0.49385894399999747,0.12851099999998936
0.757575,0.49385894399999747,0.12851099999998936
0.7578,0.49385894399999747,0.12851099999998936
0.758025,0.49398745499999747,0.11870099999998936
0.75825,0.49398745499999747,0.11870099999998936
0.758475,0.49398745499999747,0.11870099999998936
0.7586999999999999,0.49398745499999747,0.11870099999998936
0.758925,0.49410615599999747,0.10889099999998936
0.75915,0.49410615599999747,0.10889099999998936
0.759375,0.49410615599999747,0.10889099999998936
0.7595999999999999,0.49410615599999747,0.10889099999998936
0.759825,0.49410615599999747,0.10889099999998936
0.76005,0.49421504699999746,0.09908099999998936
0.760275,0.49421504699999746,0.09908099999998936
0.7605,0.49421504699999746,0.09908099999998936
0.760725,0.49421504699999746,0.09908099999998936
0.76095,0.49431412799999747,0.08927099999998936
0.7611749999999999,0.49431412799999747,0.08927099999998936
0.7614,0.49431412799999747,0.08927099999998936
0.761625,0.49431412799999747,0.08927099999998936
0.76185,0.49431412799999747,0.08927099999998936
0.762075,0.49440339899999747,0.07946099999998936
0.7623,0.49440339899999747,0.07946099999998936
0.762525,0.49440339899999747,0.07946099999998936
0.7627499999999999,0.49440339899999747,0.07946099999998936
0.762975,0.49448285999999747,0.06965099999998936
0.7632,0.49448285999999747,0.06965099999998936
0.763425,0.49448285999999747,0.06965099999998936
0.7636499999999999,0.49448285999999747,0.06965099999998936
0.763875,0.49448285999999747,0.06965099999998936
0.7641,0.4945525109999975,0.05984099999998936
0.764325,0.4945525109999975,0.05984099999998936
0.76455,0.4945525109999975,0.05984099999998936
0.764775,0.4945525109999975,0.05984099999998936
0.765,0.4946123519999975,0.05003099999998936
0.7652249999999999,0.4946123519999975,0.05003099999998936
0.76545,0.4946123519999975,0.05003099999998936
0.765675,0.4946123519999975,0.05003099999998936
0.7659,0.4946123519999975,0.05003099999998936
0.766125,0.4946623829999975,0.04022099999998936
0.76635,0.4946623829999975,0.04022099999998936
0.766575,0.4946623829999975,0.04022099999998936
0.7667999999999999,0.4946623829999975,0.04022099999998936
0.767025,0.4947026039999975,0.030410999999989363
0.76725,0.4947026039999975,0.030410999999989363
0.767475,0.4947026039999975,0.030410999999989363
0.7676999999999999,0.4947026039999975,0.030410999999989363
0.767925,0.4947330149999975,0.020600999999989364
0.76815,0.4947330149999975,0.020600999999989364
0.768375,0.4947330149999975,0.020600999999989364
0.7686,0.4947330149999975,0.020600999999989364
0.768825,0.4947330149999975,0.020600999999989364
0.76905,0.4947536159999975,0.010790999999989363
0.7692749999999999,0.4947536159999975,0.010790999999989363
0.7695,0.4947536159999975,0.010790999999989363
0.769725,0.4947536159999975,0.010790999999989363
0.76995,0.4947644069999975,0.000980999999989362
0.7701749999999999,0.4947644069999975,0.000980999999989362
0.7704,0.4947644069999975,0.000980999999989362
0.770625,0.4947644069999975,0.000980999999989362
0.7708499999999999,0.4947644069999975,0.000980999999989362
0.771075,0.49476538799999753,-0.008829000000010639
0.7713,0.49476538799999753,-0.008829000000010639
0.771525,0.49476538799999753,-0.008829000000010639
0.7717499999999999,0.49476538799999753,-0.008829000000010639
0.771975,0.49475655899999754,-0.01863900000001064
0.7722,0.49475655899999754,-0.01863900000001064
0.772425,0.49475655899999754,-0.01863900000001064
0.77265,0.49475655899999754,-0.01863900000001064
0.772875,0.49475655899999754,-0.01863900000001064
0.7731,0.49473791999999756,-0.02844900000001064
0.7733249999999999,0.49473791999999756,-0.02844900000001064
0.77355,0.49473791999999756,-0.02844900000001064
0.773775,0.49473791999999756,-0.02844900000001064
0.774,0.49470947099999757,-0.03825900000001064
0.7742249999999999,0.49470947099999757,-0.03825900000001064
0.77445,0.49470947099999757,-0.03825900000001064
0.774675,0.49470947099999757,-0.03825900000001064
0.7749,0.49470947099999757,-0.03825900000001064
0.775125,0.4946712119999976,-0.04806900000001064
0.77535,0.4946712119999976,-0.04806900000001064
0.775575,0.4946712119999976,-0.04806900000001064
0.7757999999999999,0.4946712119999976,-0.04806900000001064
0.776025,0.4946231429999976,-0.05787900000001064
0.77625,0.4946231429999976,-0.05787900000001064
0.776475,0.4946231429999976,-0.05787900000001064
0.7767,0.4946231429999976,-0.05787900000001064
0.776925,0.4945652639999976,-0.06768900000001064
0.77715,0.4945652639999976,-0.06768900000001064
0.7773749999999999,0.4945652639999976,-0.06768900000001064
0.7776,0.4945652639999976,-0.06768900000001064
0.777825,0.4945652639999976,-0.06768900000001064
0.77805,0.4944975749999976,-0.07749900000001064
0.7782749999999999,0.4944975749999976,-0.07749900000001064
0.7785,0.4944975749999976,-0.07749900000001064
0.778725,0.4944975749999976,-0.07749900000001064
0.77895,0.49442007599999754,-0.08730900000001064
0.779175,0.49442007599999754,-0.08730900000001064
0.7794,0.49442007599999754,-0.08730900000001064
0.779625,0.49442007599999754,-0.08730900000001064
0.7798499999999999,0.49442007599999754,-0.08730900000001064
0.780075,0.4943327669999975,-0.09711900000001064
0.7803,0.4943327669999975,-0.09711900000001064
0.780525,0.4943327669999975,-0.09711900000001064
0.7807499999999999,0.4943327669999975,-0.09711900000001064
0.780975,0.4942356479999975,-0.10692900000001064
0.7812,0.4942356479999975,-0.10692900000001064
0.7814249999999999,0.4942356479999975,-0.10692900000001064
0.78165,0.4942356479999975,-0.10692900000001064
0.781875,0.4942356479999975,-0.10692900000001064
0.7821,0.49412871899999744,-0.11673900000001064
0.7823249999999999,0.49412871899999744,-0.11673900000001064
0.78255,0.49412871899999744,-0.11673900000001064
0.782775,0.49412871899999744,-0.11673900000001064
0.783,0.4940119799999974,-0.12654900000001065
0.783225,0.4940119799999974,-0.12654900000001065
0.78345,0.4940119799999974,-0.12654900000001065
0.783675,0.4940119799999974,-0.12654900000001065
0.7838999999999999,0.4940119799999974,-0.12654900000001065
0.784125,0.4938854309999974,-0.13635900000001067
0.78435,0.4938854309999974,-0.13635900000001067
0.784575,0.4938854309999974,-0.13635900000001067
0.7847999999999999,0.4938854309999974,-0.13635900000001067
0.785025,0.49374907199999735,-0.14616900000001068
0.78525,0.49374907199999735,-0.14616900000001068
0.7854749999999999,0.49374907199999735,-0.14616900000001068
0.7857,0.49374907199999735,-0.14616900000001068
0.785925,0.4936029029999973,-0.1559790000000107
0.78615,0.4936029029999973,-0.1559790000000107
0.7863749999999999,0.4936029029999973,-0.1559790000000107
0.7866,0.4936029029999973,-0.1559790000000107
0.786825,0.4936029029999973,-0.1559790000000107
0.78705,0.4934469239999973,-0.1657890000000107
0.787275,0.4934469239999973,-0.1657890000000107
0.7875,0.4934469239999973,-0.1657890000000107
0.787725,0.4934469239999973,-0.1657890000000107
0.7879499999999999,0.49328113499999726,-0.17559900000001072
0.788175,0.49328113499999726,-0.17559900000001072
0.7884,0.49328113499999726,-0.17559900000001072
0.788625,0.49328113499999726,-0.17559900000001072
0.7888499999999999,0.49328113499999726,-0.17559900000001072
0.789075,0.49310553599999724,-0.18540900000001073
0.7893,0.49310553599999724,-0.18540900000001073
0.789525,0.49310553599999724,-0.18540900000001073
0.78975,0.49310553599999724,-0.18540900000001073
0.789975,0.4929201269999972,-0.19521900000001075
0.7902,0.4929201269999972,-0.19521900000001075
0.7904249999999999,0.4929201269999972,-0.19521900000001075
0.79065,0.4929201269999972,-0.19521900000001075
0.790875,0.4929201269999972,-0.19521900000001075
0.7911,0.4927249079999972,-0.20502900000001076
0.791325,0.4927249079999972,-0.20502900000001076
0.79155,0.4927249079999972,-0.20502900000001076
0.791775,0.4927249079999972,-0.20502900000001076
0.7919999999999999,0.49251987899999716,-0.21483900000001077
0.792225,0.49251987899999716,-0.21483900000001077
0.79245,0.49251987899999716,-0.21483900000001077
0.792675,0.49251987899999716,-0.21483900000001077
0.7928999999999999,0.49251987899999716,-0.21483900000001077
0.793125,0.49230503999999714,-0.22464900000001078
0.79335,0.49230503999999714,-0.22464900000001078
0.793575,0.49230503999999714,-0.22464900000001078
0.7938,0.49230503999999714,-0.22464900000001078
0.794025,0.4920803909999971,-0.2344590000000108
0.79425,0.4920803909999971,-0.2344590000000108
0.7944749999999999,0.4920803909999971,-0.2344590000000108
0.7947,0.4920803909999971,-0.2344590000000108
0.794925,0.4918459319999971,-0.2442690000000108
0.79515,0.4918459319999971,-0.2442690000000108
0.7953749999999999,0.4918459319999971,-0.2442690000000108
0.7956,0.4918459319999971,-0.2442690000000108
0.795825,0.4918459319999971,-0.2442690000000108
0.7960499999999999,0.4916016629999971,-0.2540790000000108
0.796275,0.4916016629999971,-0.2540790000000108
0.7965,0.4916016629999971,-0.2540790000000108
0.796725,0.4916016629999971,-0.2540790000000108
0.7969499999999999,0.49134758399999706,-0.2638890000000108
0.797175,0.49134758399999706,-0.2638890000000108
0.7974,0.49134758399999706,-0.2638890000000108
0.797625,0.49134758399999706,-0.2638890000000108
0.79785,0.49134758399999706,-0.2638890000000108
0.798075,0.49108369499999704,-0.2736990000000108
0.7983,0.49108369499999704,-0.2736990000000108
0.7985249999999999,0.49108369499999704,-0.2736990000000108
0.79875,0.49108369499999704,-0.2736990000000108
0.798975,0.49080999599999703,-0.2835090000000108
0.7992,0.49080999599999703,-0.2835090000000108
0.7994249999999999,0.49080999599999703,-0.2835090000000108
0.79965,0.49080999599999703,-0.2835090000000108
0.799875,0.49080999599999703,-0.2835090000000108
0.8001,0.490526486999997,-0.29331900000001077
0.800325,0.490526486999997,-0.29331900000001077
0.80055,0.490526486999997,-0.29331900000001077
0.800775,0.490526486999997,-0.29331900000001077
0.8009999999999999,0.490233167999997,-0.30312900000001075
0.801225,0.490233167999997,-0.30312900000001075
0.80145,0.490233167999997,-0.30312900000001075
0.801675,0.490233167999997,-0.30312900000001075
0.8019,0.490233167999997,-0.30312900000001075
0.802125,0.489930038999997,-0.31293900000001074
0.80235,0.489930038999997,-0.31293900000001074
0.8025749999999999,0.489930038999997,-0.31293900000001074
0.8028,0.489930038999997,-0.31293900000001074
0.803025,0.489617099999997,-0.3227490000000107
0.80325,0.489617099999997,-0.3227490000000107
0.8034749999999999,0.489617099999997,-0.3227490000000107
0.8037,0.489617099999997,-0.3227490000000107
0.803925,0.48929435099999696,-0.3325590000000107
0.80415,0.48929435099999696,-0.3325590000000107
0.804375,0.48929435099999696,-0.3325590000000107
0.8046,0.48929435099999696,-0.3325590000000107
0.804825,0.48929435099999696,-0.3325590000000107
0.8050499999999999,0.48896179199999695,-0.3423690000000107
0.805275,0.48896179199999695,-0.3423690000000107
0.8055,0.48896179199999695,-0.3423690000000107
0.805725,0.48896179199999695,-0.3423690000000107
0.8059499999999999,0.48861942299999694,-0.3521790000000107
0.806175,0.48861942299999694,-0.3521790000000107
0.8064,0.48861942299999694,-0.3521790000000107
0.8066249999999999,0.48861942299999694,-0.3521790000000107
0.80685,0.48861942299999694,-0.3521790000000107
0.807075,0.48826724399999694,-0.36198900000001066
0.8073,0.48826724399999694,-0.36198900000001066
0.8075249999999999,0.48826724399999694,-0.36198900000001066
0.80775,0.48826724399999694,-0.36198900000001066
0.807975,0.48790525499999693,-0.37179900000001065
0.8082,0.48790525499999693,-0.37179900000001065
0.808425,0.48790525499999693,-0.37179900000001065
0.80865,0.48790525499999693,-0.37179900000001065
0.808875,0.48790525499999693,-0.37179900000001065
0.8090999999999999,0.4875334559999969,-0.38160900000001063
0.809325,0.4875334559999969,-0.38160900000001063
0.80955,0.4875334559999969,-0.38160900000001063
0.809775,0.4875334559999969,-0.38160900000001063
0.8099999999999999,0.4871518469999969,-0.3914190000000106
0.810225,0.4871518469999969,-0.3914190000000106
0.81045,0.4871518469999969,-0.3914190000000106
0.8106749999999999,0.4871518469999969,-0.3914190000000106
0.8109,0.4871518469999969,-0.3914190000000106
0.811125,0.4867604279999969,-0.4012290000000106
0.81135,0.4867604279999969,-0.4012290000000106
0.8115749999999999,0.4867604279999969,-0.4012290000000106
0.8118,0.4867604279999969,-0.4012290000000106
0.812025,0.4863591989999969,-0.4110390000000106
0.81225,0.4863591989999969,-0.4110390000000106
0.812475,0.4863591989999969,-0.4110390000000106
0.8127,0.4863591989999969,-0.4110390000000106
0.812925,0.4859481599999969,-0.4208490000000106
0.8131499999999999,0.4859481599999969,-0.4208490000000106
0.813375,0.4859481599999969,-0.4208490000000106
0.8136,0.4859481599999969,-0.4208490000000106
0.813825,0.4859481599999969,-0.4208490000000106
0.8140499999999999,0.4855273109999969,-0.43065900000001056
0.814275,0.4855273109999969,-0.43065900000001056
0.8145,0.4855273109999969,-0.43065900000001056
0.814725,0.4855273109999969,-0.43065900000001056
0.81495,0.4850966519999969,-0.44046900000001055
0.815175,0.4850966519999969,-0.44046900000001055
0.8154,0.4850966519999969,-0.44046900000001055
0.8156249999999999,0.4850966519999969,-0.44046900000001055
0.81585,0.4850966519999969,-0.44046900000001055
0.816075,0.4846561829999969,-0.45027900000001053
0.8163,0.4846561829999969,-0.45027900000001053
0.816525,0.4846561829999969,-0.45027900000001053
0.81675,0.4846561829999969,-0.45027900000001053
0.816975,0.4842059039999969,-0.4600890000000105
0.8171999999999999,0.4842059039999969,-0.4600890000000105
0.817425,0.4842059039999969,-0.4600890000000105
0.81765,0.4842059039999969,-0.4600890000000105
0.817875,0.4842059039999969,-0.4600890000000105
0.8180999999999999,0.4837458149999969,-0.4698990000000105
0.818325,0.4837458149999969,-0.4698990000000105
0.81855,0.4837458149999969,-0.4698990000000105
0.818775,0.4837458149999969,-0.4698990000000105
0.819,0.4832759159999969,-0.4797090000000105
0.819225,0.4832759159999969,-0.4797090000000105
0.81945,0.4832759159999969,-0.4797090000000105
0.8196749999999999,0.4832759159999969,-0.4797090000000105
0.8199,0.4832759159999969,-0.4797090000000105
0.820125,0.4827962069999969,-0.4895190000000105
0.82035,0.4827962069999969,-0.4895190000000105
0.8205749999999999,0.4827962069999969,-0.4895190000000105
0.8208,0.4827962069999969,-0.4895190000000105
0.821025,0.48230668799999693,-0.49932900000001046
0.8212499999999999,0.48230668799999693,-0.49932900000001046
0.821475,0.48230668799999693,-0.49932900000001046
0.8217,0.48230668799999693,-0.49932900000001046
0.821925,0.48180735899999694,-0.5091390000000104
0.8221499999999999,0.48180735899999694,-0.5091390000000104
0.822375,0.48180735899999694,-0.5091390000000104
0.8226,0.48180735899999694,-0.5091390000000104
0.822825,0.48180735899999694,-0.5091390000000104
0.82305,0.48129821999999695,-0.5189490000000104
0.823275,0.48129821999999695,-0.5189490000000104
0.8235,0.48129821999999695,-0.5189490000000104
0.8237249999999999,0.48129821999999695,-0.5189490000000104
0.82395,0.48077927099999695,-0.5287590000000104
0.824175,0.48077927099999695,-0.5287590000000104
0.8244,0.48077927099999695,-0.5287590000000104
0.8246249999999999,0.48077927099999695,-0.5287590000000104
0.82485,0.48077927099999695,-0.5287590000000104
0.825075,0.48025051199999697,-0.5385690000000104
0.8252999999999999,0.48025051199999697,-0.5385690000000104
0.825525,0.48025051199999697,-0.5385690000000104
0.82575,0.48025051199999697,-0.5385690000000104
0.825975,0.479711942999997,-0.5483790000000104
0.8261999999999999,0.479711942999997,-0.5483790000000104
0.826425,0.479711942999997,-0.5483790000000104
0.82665,0.479711942999997,-0.5483790000000104
0.826875,0.479711942999997,-0.5483790000000104
0.8271,0.479163563999997,-0.5581890000000104
0.827325,0.479163563999997,-0.5581890000000104
0.82755,0.479163563999997,-0.5581890000000104
0.8277749999999999,0.479163563999997,-0.5581890000000104
0.828,0.478605374999997,-0.5679990000000104
0.828225,0.478605374999997,-0.5679990000000104
0.82845,0.478605374999997,-0.5679990000000104
0.8286749999999999,0.478605374999997,-0.5679990000000104
0.8289,0.478605374999997,-0.5679990000000104
0.829125,0.478037375999997,-0.5778090000000103
0.82935,0.478037375999997,-0.5778090000000103
0.829575,0.478037375999997,-0.5778090000000103
0.8298,0.478037375999997,-0.5778090000000103
0.830025,0.47745956699999703,-0.5876190000000103
0.8302499999999999,0.47745956699999703,-0.5876190000000103
0.830475,0.47745956699999703,-0.5876190000000103
0.8307,0.47745956699999703,-0.5876190000000103
0.830925,0.47687194799999705,-0.5974290000000103
0.8311499999999999,0.47687194799999705,-0.5974290000000103
0.831375,0.47687194799999705,-0.5974290000000103
0.8316,0.47687194799999705,-0.5974290000000103
0.8318249999999999,0.47687194799999705,-0.5974290000000103
0.83205,0.47627451899999707,-0.6072390000000103
0.832275,0.47627451899999707,-0.6072390000000103
0.8325,0.47627451899999707,-0.6072390000000103
0.8327249999999999,0.47627451899999707,-0.6072390000000103
0.83295,0.47566727999999703,-0.6170490000000103
0.833175,0.47566727999999703,-0.6170490000000103
0.8334,0.47566727999999703,-0.6170490000000103
0.833625,0.47566727999999703,-0.6170490000000103
0.83385,0.47566727999999703,-0.6170490000000103
0.834075,0.475050230999997,-0.6268590000000103
0.8342999999999999,0.475050230999997,-0.6268590000000103
0.834525,0.475050230999997,-0.6268590000000103
0.83475,0.475050230999997,-0.6268590000000103
0.834975,0.47442337199999696,-0.6366690000000103
0.8351999999999999,0.47442337199999696,-0.6366690000000103
0.835425,0.47442337199999696,-0.6366690000000103
0.83565,0.47442337199999696,-0.6366690000000103
0.8358749999999999,0.47442337199999696,-0.6366690000000103
0.8361,0.4737867029999969,-0.6464790000000102
0.836325,0.4737867029999969,-0.6464790000000102
0.83655,0.4737867029999969,-0.6464790000000102
0.8367749999999999,0.4737867029999969,-0.6464790000000102
0.837,0.4731402239999969,-0.6562890000000102
0.837225,0.4731402239999969,-0.6562890000000102
0.83745,0.4731402239999969,-0.6562890000000102
0.837675,0.4731402239999969,-0.6562890000000102
0.8379,0.4731402239999969,-0.6562890000000102
0.838125,0.47248393499999686,-0.6660990000000102
0.8383499999999999,0.47248393499999686,-0.6660990000000102
0.838575,0.47248393499999686,-0.6660990000000102
0.8388,0.47248393499999686,-0.6660990000000102
0.839025,0.4718178359999968,-0.6759090000000102
0.8392499999999999,0.4718178359999968,-0.6759090000000102
0.839475,0.4718178359999968,-0.6759090000000102
0.8397,0.4718178359999968,-0.6759090000000102
0.8399249999999999,0.4711419269999968,-0.6857190000000102
0.84015,0.4711419269999968,-0.6857190000000102
0.840375,0.4711419269999968,-0.6857190000000102
0.8406,0.4711419269999968,-0.6857190000000102
0.8408249999999999,0.4711419269999968,-0.6857190000000102
0.84105,0.47045620799999677,-0.6955290000000102
0.841275,0.47045620799999677,-0.6955290000000102
0.8415,0.47045620799999677,-0.6955290000000102
0.841725,0.47045620799999677,-0.6955290000000102
0.84195,0.46976067899999674,-0.7053390000000102
0.842175,0.46976067899999674,-0.7053390000000102
0.8423999999999999,0.46976067899999674,-0.7053390000000102
0.842625,0.46976067899999674,-0.7053390000000102
0.84285,0.46976067899999674,-0.7053390000000102
0.843075,0.4690553399999967,-0.7151490000000101
0.8432999999999999,0.4690553399999967,-0.7151490000000101
0.843525,0.4690553399999967,-0.7151490000000101
0.84375,0.4690553399999967,-0.7151490000000101
0.843975,0.4683401909999967,-0.7249590000000101
0.8442,0.4683401909999967,-0.7249590000000101
0.844425,0.4683401909999967,-0.7249590000000101
0.84465,0.4683401909999967,-0.7249590000000101
0.8448749999999999,0.4683401909999967,-0.7249590000000101
0.8451,0.46761523199999666,-0.7347690000000101
0.845325,0.46761523199999666,-0.7347690000000101
0.84555,0.46761523199999666,-0.7347690000000101
0.8457749999999999,0.46761523199999666,-0.7347690000000101
0.846,0.46688046299999664,-0.7445790000000101
0.846225,0.46688046299999664,-0.7445790000000101
0.8464499999999999,0.46688046299999664,-0.7445790000000101
0.846675,0.46688046299999664,-0.7445790000000101
0.8469,0.46688046299999664,-0.7445790000000101
0.847125,0.4661358839999966,-0.7543890000000101
0.8473499999999999,0.4661358839999966,-0.7543890000000101
0.847575,0.4661358839999966,-0.7543890000000101
0.8478,0.4661358839999966,-0.7543890000000101
0.848025,0.4653814949999966,-0.7641990000000101
0.84825,0.4653814949999966,-0.7641990000000101
0.848475,0.4653814949999966,-0.7641990000000101
0.8487,0.4653814949999966,-0.7641990000000101
0.8489249999999999,0.46461729599999657,-0.77400900000001
0.84915,0.46461729599999657,-0.77400900000001
0.849375,0.46461729599999657,-0.77400900000001
0.8496,0.46461729599999657,-0.77400900000001
0.8498249999999999,0.46461729599999657,-0.77400900000001
0.85005,0.46384328699999655,-0.78381900000001
0.850275,0.46384328699999655,-0.78381900000001
0.8504999999999999,0.46384328699999655,-0.78381900000001
0.850725,0.46384328699999655,-0.78381900000001
0.85095,0.46305946799999653,-0.79362900000001
0.851175,0.46305946799999653,-0.79362900000001
0.8513999999999999,0.46305946799999653,-0.79362900000001
0.851625,0.46305946799999653,-0.79362900000001
0.85185,0.46305946799999653,-0.79362900000001
0.852075,0.4622658389999965,-0.80343900000001
0.8523,0.4622658389999965,-0.80343900000001
0.852525,0.4622658389999965,-0.80343900000001
0.85275,0.4622658389999965,-0.80343900000001
0.8529749999999999,0.4614623999999965,-0.81324900000001
0.8532,0.4614623999999965,-0.81324900000001
0.853425,0.4614623999999965,-0.81324900000001
0.85365,0.4614623999999965,-0.81324900000001
0.8538749999999999,0.4614623999999965,-0.81324900000001
0.8541,0.4606491509999965,-0.82305900000001
0.854325,0.4606491509999965,-0.82305900000001
0.85455,0.4606491509999965,-0.82305900000001
0.854775,0.4606491509999965,-0.82305900000001
0.855,0.45982609199999647,-0.83286900000001
0.855225,0.45982609199999647,-0.83286900000001
0.8554499999999999,0.45982609199999647,-0.83286900000001
0.855675,0.45982609199999647,-0.83286900000001
0.8559,0.45982609199999647,-0.83286900000001
0.856125,0.45899322299999645,-0.84267900000001
0.85635,0.45899322299999645,-0.84267900000001
0.856575,0.45899322299999645,-0.84267900000001
0.8568,0.45899322299999645,-0.84267900000001
0.8570249999999999,0.45815054399999644,-0.8524890000000099
0.85725,0.45815054399999644,-0.8524890000000099
0.857475,0.45815054399999644,-0.8524890000000099
0.8577,0.45815054399999644,-0.8524890000000099
0.8579249999999999,0.45729805499999643,-0.8622990000000099
0.85815,0.45729805499999643,-0.8622990000000099
0.858375,0.45729805499999643,-0.8622990000000099
0.8586,0.45729805499999643,-0.8622990000000099
0.858825,0.45729805499999643,-0.8622990000000099
0.85905,0.4564357559999964,-0.8721090000000099
0.859275,0.4564357559999964,-0.8721090000000099
0.8594999999999999,0.4564357559999964,-0.8721090000000099
0.859725,0.4564357559999964,-0.8721090000000099
0.85995,0.4555636469999964,-0.8819190000000099
0.860175,0.4555636469999964,-0.8819190000000099
0.8603999999999999,0.4555636469999964,-0.8819190000000099
0.860625,0.4555636469999964,-0.8819190000000099
0.86085,0.4555636469999964,-0.8819190000000099
0.8610749999999999,0.4546817279999964,-0.8917290000000099
0.8613,0.4546817279999964,-0.8917290000000099
0.861525,0.4546817279999964,-0.8917290000000099
0.86175,0.4546817279999964,-0.8917290000000099
0.8619749999999999,0.4537899989999964,-0.9015390000000099
0.8622,0.4537899989999964,-0.9015390000000099
0.862425,0.4537899989999964,-0.9015390000000099
0.86265,0.4537899989999964,-0.9015390000000099
0.862875,0.4537899989999964,-0.9015390000000099
0.8631,0.4528884599999964,-0.9113490000000098
0.863325,0.4528884599999964,-0.9113490000000098
0.8635499999999999,0.4528884599999964,-0.9113490000000098
0.863775,0.4528884599999964,-0.9113490000000098
0.864,0.4519771109999964,-0.9211590000000098
0.864225,0.4519771109999964,-0.9211590000000098
0.8644499999999999,0.4519771109999964,-0.9211590000000098
0.864675,0.4519771109999964,-0.9211590000000098
0.8649,0.4519771109999964,-0.9211590000000098
0.8651249999999999,0.4510559519999964,-0.9309690000000098
0.86535,0.4510559519999964,-0.9309690000000098
0.865575,0.4510559519999964,-0.9309690000000098
0.8658,0.4510559519999964,-0.9309690000000098
0.8660249999999999,0.45012498299999637,-0.9407790000000098
0.86625,0.45012498299999637,-0.9407790000000098
0.866475,0.45012498299999637,-0.9407790000000098
0.8667,0.45012498299999637,-0.9407790000000098
0.866925,0.44918420399999637,-0.9505890000000098
0.86715,0.44918420399999637,-0.9505890000000098
0.867375,0.44918420399999637,-0.9505890000000098
0.8675999999999999,0.44918420399999637,-0.9505890000000098
0.867825,0.44918420399999637,-0.9505890000000098
0.86805,0.44823361499999637,-0.9603990000000098
0.868275,0.44823361499999637,-0.9603990000000098
0.8684999999999999,0.44823361499999637,-0.9603990000000098
0.868725,0.44823361499999637,-0.9603990000000098
0.86895,0.44727321599999637,-0.9702090000000098
0.869175,0.44727321599999637,-0.9702090000000098
0.8694,0.44727321599999637,-0.9702090000000098
0.869625,0.44727321599999637,-0.9702090000000098
0.86985,0.44727321599999637,-0.9702090000000098
0.8700749999999999,0.44630300699999637,-0.9800190000000097
0.8703,0.44630300699999637,-0.9800190000000097
0.870525,0.44630300699999637,-0.9800190000000097
0.87075,0.44630300699999637,-0.9800190000000097
0.8709749999999999,0.44532298799999637,-0.9898290000000097
0.8712,0.44532298799999637,-0.9898290000000097
0.871425,0.44532298799999637,-0.9898290000000097
0.8716499999999999,0.44532298799999637,-0.9898290000000097
0.871875,0.44532298799999637,-0.9898290000000097
0.8721,0.44433315899999637,-0.9996390000000097
0.872325,0.44433315899999637,-0.9996390000000097
0.8725499999999999,0.44433315899999637,-0.9996390000000097
0.872775,0.44433315899999637,-0.9996390000000097
0.873,0.4433335199999964,-1.0094490000000098
0.873225,0.4433335199999964,-1.0094490000000098
0.87345,0.4433335199999964,-1.0094490000000098
0.873675,0.4433335199999964,-1.0094490000000098
0.8739,0.4433335199999964,-1.0094490000000098
0.8741249999999999,0.4423240709999964,-1.01925900000001
0.87435,0.4423240709999964,-1.01925900000001
0.874575,0.4423240709999964,-1.01925900000001
0.8748,0.4423240709999964,-1.01925900000001
0.8750249999999999,0.4413048119999964,-1.02906900000001
0.87525,0.4413048119999964,-1.02906900000001
0.875475,0.4413048119999964,-1.02906900000001
0.8756999999999999,0.4413048119999964,-1.02906900000001
0.875925,0.4402757429999964,-1.03887900000001
0.87615,0.4402757429999964,-1.03887900000001
0.876375,0.4402757429999964,-1.03887900000001
0.8765999999999999,0.4402757429999964,-1.03887900000001
0.876825,0.4402757429999964,-1.03887900000001
0.87705,0.4392368639999964,-1.0486890000000102
0.877275,0.4392368639999964,-1.0486890000000102
0.8775,0.4392368639999964,-1.0486890000000102
0.877725,0.4392368639999964,-1.0486890000000102
0.87795,0.4381881749999964,-1.0584990000000103
0.8781749999999999,0.4381881749999964,-1.0584990000000103
0.8784,0.4381881749999964,-1.0584990000000103
0.878625,0.4381881749999964,-1.0584990000000103
0.87885,0.4381881749999964,-1.0584990000000103
0.8790749999999999,0.4371296759999964,-1.0683090000000104
0.8793,0.4371296759999964,-1.0683090000000104
0.879525,0.4371296759999964,-1.0683090000000104
0.8797499999999999,0.4371296759999964,-1.0683090000000104
0.879975,0.4360613669999964,-1.0781190000000105
0.8802,0.4360613669999964,-1.0781190000000105
0.880425,0.4360613669999964,-1.0781190000000105
0.8806499999999999,0.4360613669999964,-1.0781190000000105
0.880875,0.4360613669999964,-1.0781190000000105
0.8811,0.43498324799999644,-1.0879290000000106
0.881325,0.43498324799999644,-1.0879290000000106
0.88155,0.43498324799999644,-1.0879290000000106
0.881775,0.43498324799999644,-1.0879290000000106
0.882,0.43389531899999645,-1.0977390000000107
0.8822249999999999,0.43389531899999645,-1.0977390000000107
0.88245,0.43389531899999645,-1.0977390000000107
0.882675,0.43389531899999645,-1.0977390000000107
0.8829,0.43389531899999645,-1.0977390000000107
0.8831249999999999,0.43279757999999646,-1.1075490000000108
0.88335,0.43279757999999646,-1.1075490000000108
0.883575,0.43279757999999646,-1.1075490000000108
0.8838,0.43279757999999646,-1.1075490000000108
0.884025,0.4316900309999965,-1.1173590000000109
0.88425,0.4316900309999965,-1.1173590000000109
0.884475,0.4316900309999965,-1.1173590000000109
0.8846999999999999,0.4316900309999965,-1.1173590000000109
0.884925,0.4305726719999965,-1.127169000000011
0.88515,0.4305726719999965,-1.127169000000011
0.885375,0.4305726719999965,-1.127169000000011
0.8855999999999999,0.4305726719999965,-1.127169000000011
0.885825,0.4305726719999965,-1.127169000000011
0.88605,0.4294455029999965,-1.136979000000011
0.8862749999999999,0.4294455029999965,-1.136979000000011
0.8865,0.4294455029999965,-1.136979000000011
0.886725,0.4294455029999965,-1.136979000000011
0.88695,0.42830852399999647,-1.1467890000000112
0.8871749999999999,0.42830852399999647,-1.1467890000000112
0.8874,0.42830852399999647,-1.1467890000000112
0.887625,0.42830852399999647,-1.1467890000000112
0.88785,0.42830852399999647,-1.1467890000000112
0.888075,0.42716173499999643,-1.1565990000000113
0.8883,0.42716173499999643,-1.1565990000000113
0.888525,0.42716173499999643,-1.1565990000000113
0.8887499999999999,0.42716173499999643,-1.1565990000000113
0.888975,0.4260051359999964,-1.1664090000000114
0.8892,0.4260051359999964,-1.1664090000000114
0.889425,0.4260051359999964,-1.1664090000000114
0.8896499999999999,0.4260051359999964,-1.1664090000000114
0.889875,0.4260051359999964,-1.1664090000000114
0.8901,0.42483872699999636,-1.1762190000000114
0.8903249999999999,0.42483872699999636,-1.1762190000000114
0.89055,0.42483872699999636,-1.1762190000000114
0.890775,0.42483872699999636,-1.1762190000000114
0.891,0.42366250799999633,-1.1860290000000115
0.8912249999999999,0.42366250799999633,-1.1860290000000115
0.89145,0.42366250799999633,-1.1860290000000115
0.891675,0.42366250799999633,-1.1860290000000115
0.8919,0.42366250799999633,-1.1860290000000115
0.892125,0.4224764789999963,-1.1958390000000116
0.89235,0.4224764789999963,-1.1958390000000116
0.892575,0.4224764789999963,-1.1958390000000116
0.8927999999999999,0.4224764789999963,-1.1958390000000116
0.893025,0.42128063999999626,-1.2056490000000117
0.89325,0.42128063999999626,-1.2056490000000117
0.893475,0.42128063999999626,-1.2056490000000117
0.8936999999999999,0.42128063999999626,-1.2056490000000117
0.893925,0.42007499099999623,-1.2154590000000118
0.89415,0.42007499099999623,-1.2154590000000118
0.8943749999999999,0.42007499099999623,-1.2154590000000118
0.8946,0.42007499099999623,-1.2154590000000118
0.894825,0.42007499099999623,-1.2154590000000118
0.89505,0.4188595319999962,-1.225269000000012
0.8952749999999999,0.4188595319999962,-1.225269000000012
0.8955,0.4188595319999962,-1.225269000000012
0.895725,0.4188595319999962,-1.225269000000012
0.89595,0.4176342629999962,-1.235079000000012
0.8961749999999999,0.4176342629999962,-1.235079000000012
0.8964,0.4176342629999962,-1.235079000000012
0.896625,0.4176342629999962,-1.235079000000012
0.8968499999999999,0.4176342629999962,-1.235079000000012
0.897075,0.41639918399999615,-1.2448890000000121
0.8973,0.41639918399999615,-1.2448890000000121
0.897525,0.41639918399999615,-1.2448890000000121
0.8977499999999999,0.41639918399999615,-1.2448890000000121
0.897975,0.4151542949999961,-1.2546990000000122
0.8982,0.4151542949999961,-1.2546990000000122
0.898425,0.4151542949999961,-1.2546990000000122
0.89865,0.4151542949999961,-1.2546990000000122
0.898875,0.4151542949999961,-1.2546990000000122
0.8991,0.4138995959999961,-1.2645090000000123
0.8993249999999999,0.4138995959999961,-1.2645090000000123
0.89955,0.4138995959999961,-1.2645090000000123
0.899775,0.4138995959999961,-1.2645090000000123
0.9,0.41263508699999607,-1.2743190000000124
0.9002249999999999,0.41263508699999607,-1.2743190000000124
0.90045,0.41263508699999607,-1.2743190000000124
0.900675,0.41263508699999607,-1.2743190000000124
0.9008999999999999,0.41263508699999607,-1.2743190000000124
0.901125,0.41136076799999605,-1.2841290000000125
0.90135,0.41136076799999605,-1.2841290000000125
0.901575,0.41136076799999605,-1.2841290000000125
0.9017999999999999,0.41136076799999605,-1.2841290000000125
0.902025,0.410076638999996,-1.2939390000000126
0.90225,0.410076638999996,-1.2939390000000126
0.902475,0.410076638999996,-1.2939390000000126
0.9027,0.410076638999996,-1.2939390000000126
0.902925,0.408782699999996,-1.3037490000000127
0.90315,0.408782699999996,-1.3037490000000127
0.9033749999999999,0.408782699999996,-1.3037490000000127
0.9036,0.408782699999996,-1.3037490000000127
0.903825,0.408782699999996,-1.3037490000000127
0.90405,0.407478950999996,-1.3135590000000128
0.9042749999999999,0.407478950999996,-1.3135590000000128
0.9045,0.407478950999996,-1.3135590000000128
0.904725,0.407478950999996,-1.3135590000000128
0.9049499999999999,0.40616539199999596,-1.323369000000013
0.905175,0.40616539199999596,-1.323369000000013
0.9054,0.40616539199999596,-1.323369000000013
0.905625,0.40616539199999596,-1.323369000000013
0.9058499999999999,0.40616539199999596,-1.323369000000013
0.906075,0.40484202299999594,-1.333179000000013
0.9063,0.40484202299999594,-1.333179000000013
0.906525,0.40484202299999594,-1.333179000000013
0.90675,0.40484202299999594,-1.333179000000013
0.906975,0.4035088439999959,-1.342989000000013
0.9072,0.4035088439999959,-1.342989000000013
0.9074249999999999,0.4035088439999959,-1.342989000000013
0.90765,0.4035088439999959,-1.342989000000013
0.907875,0.4035088439999959,-1.342989000000013
0.9081,0.4021658549999959,-1.3527990000000132
0.9083249999999999,0.4021658549999959,-1.3527990000000132
0.90855,0.4021658549999959,-1.3527990000000132
0.908775,0.4021658549999959,-1.3527990000000132
0.909,0.4008130559999959,-1.3626090000000133
0.909225,0.4008130559999959,-1.3626090000000133
0.90945,0.4008130559999959,-1.3626090000000133
0.909675,0.4008130559999959,-1.3626090000000133
0.9098999999999999,0.4008130559999959,-1.3626090000000133
0.910125,0.3994504469999959,-1.3724190000000134
0.91035,0.3994504469999959,-1.3724190000000134
0.910575,0.3994504469999959,-1.3724190000000134
0.9107999999999999,0.3994504469999959,-1.3724190000000134
0.911025,0.39807802799999586,-1.3822290000000135
0.91125,0.39807802799999586,-1.3822290000000135
0.9114749999999999,0.39807802799999586,-1.3822290000000135
0.9117,0.39807802799999586,-1.3822290000000135
0.911925,0.39669579899999585,-1.3920390000000136
0.91215,0.39669579899999585,-1.3920390000000136
0.9123749999999999,0.39669579899999585,-1.3920390000000136
0.9126,0.39669579899999585,-1.3920390000000136
0.912825,0.39669579899999585,-1.3920390000000136
0.91305,0.39530375999999584,-1.4018490000000137
0.913275,0.39530375999999584,-1.4018490000000137
0.9135,0.39530375999999584,-1.4018490000000137
0.913725,0.39530375999999584,-1.4018490000000137
0.9139499999999999,0.39390191099999583,-1.4116590000000138
0.914175,0.39390191099999583,-1.4116590000000138
0.9144,0.39390191099999583,-1.4116590000000138
0.914625,0.39390191099999583,-1.4116590000000138
0.9148499999999999,0.39390191099999583,-1.4116590000000138
0.915075,0.3924902519999958,-1.4214690000000139
0.9153,0.3924902519999958,-1.4214690000000139
0.9155249999999999,0.3924902519999958,-1.4214690000000139
0.91575,0.3924902519999958,-1.4214690000000139
0.915975,0.3910687829999958,-1.431279000000014
0.9162,0.3910687829999958,-1.431279000000014
0.9164249999999999,0.3910687829999958,-1.431279000000014
0.91665,0.3910687829999958,-1.431279000000014
0.916875,0.3910687829999958,-1.431279000000014
0.9171,0.3896375039999958,-1.441089000000014
0.917325,0.3896375039999958,-1.441089000000014
0.91755,0.3896375039999958,-1.441089000000014
0.917775,0.3896375039999958,-1.441089000000014
0.9179999999999999,0.3881964149999958,-1.4508990000000141
0.918225,0.3881964149999958,-1.4508990000000141
0.91845,0.3881964149999958,-1.4508990000000141
0.918675,0.3881964149999958,-1.4508990000000141
0.9188999999999999,0.3881964149999958,-1.4508990000000141
0.919125,0.3867455159999958,-1.4607090000000142
0.91935,0.3867455159999958,-1.4607090000000142
0.9195749999999999,0.3867455159999958,-1.4607090000000142
0.9198,0.3867455159999958,-1.4607090000000142
0.920025,0.3852848069999958,-1.4705190000000143
0.92025,0.3852848069999958,-1.4705190000000143
0.9204749999999999,0.3852848069999958,-1.4705190000000143
0.9207,0.3852848069999958,-1.4705190000000143
0.920925,0.3838142879999958,-1.4803290000000144
0.92115,0.3838142879999958,-1.4803290000000144
0.9213749999999999,0.3838142879999958,-1.4803290000000144
0.9216,0.3838142879999958,-1.4803290000000144
0.921825,0.3838142879999958,-1.4803290000000144
0.9220499999999999,0.3823339589999958,-1.4901390000000145
0.922275,0.3823339589999958,-1.4901390000000145
0.9225,0.3823339589999958,-1.4901390000000145
0.922725,0.3823339589999958,-1.4901390000000145
0.9229499999999999,0.3808438199999958,-1.4999490000000146
0.923175,0.3808438199999958,-1.4999490000000146
0.9234,0.3808438199999958,-1.4999490000000146
0.923625,0.3808438199999958,-1.4999490000000146
0.92385,0.3808438199999958,-1.4999490000000146
0.924075,0.3793438709999958,-1.5097590000000147
0.9243,0.3793438709999958,-1.5097590000000147
0.9245249999999999,0.3793438709999958,-1.5097590000000147
0.92475,0.3793438709999958,-1.5097590000000147
0.924975,0.3778341119999958,-1.5195690000000148
0.9252,0.3778341119999958,-1.5195690000000148
0.9254249999999999,0.3778341119999958,-1.5195690000000148
0.92565,0.3778341119999958,-1.5195690000000148
0.925875,0.3778341119999958,-1.5195690000000148
0.9260999999999999,0.3763145429999958,-1.529379000000015
0.926325,0.3763145429999958,-1.529379000000015
0.92655,0.3763145429999958,-1.529379000000015
0.926775,0.3763145429999958,-1.529379000000015
0.9269999999999999,0.3747851639999958,-1.539189000000015
0.927225,0.3747851639999958,-1.539189000000015
0.92745,0.3747851639999958,-1.539189000000015
0.927675,0.3747851639999958,-1.539189000000015
0.9279,0.3747851639999958,-1.539189000000015
0.928125,0.3732459749999958,-1.5489990000000151
0.92835,0.3732459749999958,-1.5489990000000151
0.9285749999999999,0.3732459749999958,-1.5489990000000151
0.9288,0.3732459749999958,-1.5489990000000151
0.929025,0.3716969759999958,-1.5588090000000152
0.92925,0.3716969759999958,-1.5588090000000152
0.9294749999999999,0.3716969759999958,-1.5588090000000152
0.9297,0.3716969759999958,-1.5588090000000152
0.929925,0.3701381669999958,-1.5686190000000153
0.9301499999999999,0.3701381669999958,-1.5686190000000153
0.930375,0.3701381669999958,-1.5686190000000153
0.9306,0.3701381669999958,-1.5686190000000153
0.930825,0.3701381669999958,-1.5686190000000153
0.9310499999999999,0.3685695479999958,-1.5784290000000154
0.931275,0.3685695479999958,-1.5784290000000154
0.9315,0.3685695479999958,-1.5784290000000154
0.931725,0.3685695479999958,-1.5784290000000154
0.93195,0.3669911189999958,-1.5882390000000155
0.932175,0.3669911189999958,-1.5882390000000155
0.9324,0.3669911189999958,-1.5882390000000155
0.9326249999999999,0.3669911189999958,-1.5882390000000155
0.93285,0.3669911189999958,-1.5882390000000155
0.933075,0.3654028799999958,-1.5980490000000156
0.9333,0.3654028799999958,-1.5980490000000156
0.9335249999999999,0.3654028799999958,-1.5980490000000156
0.93375,0.3654028799999958,-1.5980490000000156
0.933975,0.36380483099999583,-1.6078590000000157
0.9341999999999999,0.36380483099999583,-1.6078590000000157
0.934425,0.36380483099999583,-1.6078590000000157
0.93465,0.36380483099999583,-1.6078590000000157
0.934875,0.36380483099999583,-1.6078590000000157
0.9350999999999999,0.36219697199999584,-1.6176690000000158
0.935325,0.36219697199999584,-1.6176690000000158
0.93555,0.36219697199999584,-1.6176690000000158
0.935775,0.36219697199999584,-1.6176690000000158
0.9359999999999999,0.36057930299999585,-1.6274790000000159
0.936225,0.36057930299999585,-1.6274790000000159
0.93645,0.36057930299999585,-1.6274790000000159
0.9366749999999999,0.36057930299999585,-1.6274790000000159
0.9369,0.36057930299999585,-1.6274790000000159
0.937125,0.3589518239999958,-1.637289000000016
0.93735,0.3589518239999958,-1.637289000000016
0.9375749999999999,0.3589518239999958,-1.637289000000016
0.9378,0.3589518239999958,-1.637289000000016
0.938025,0.35731453499999577,-1.647099000000016
0.93825,0.35731453499999577,-1.647099000000016
0.938475,0.35731453499999577,-1.647099000000016
0.9387,0.35731453499999577,-1.647099000000016
0.938925,0.35566743599999573,-1.6569090000000162
0.9391499999999999,0.35566743599999573,-1.6569090000000162
0.939375,0.35566743599999573,-1.6569090000000162
0.9396,0.35566743599999573,-1.6569090000000162
0.939825,0.35566743599999573,-1.6569090000000162
0.9400499999999999,0.3540105269999957,-1.6667190000000163
0.940275,0.3540105269999957,-1.6667190000000163
0.9405,0.3540105269999957,-1.6667190000000163
0.9407249999999999,0.3540105269999957,-1.6667190000000163
0.94095,0.35234380799999565,-1.6765290000000164
0.941175,0.35234380799999565,-1.6765290000000164
0.9414,0.35234380799999565,-1.6765290000000164
0.9416249999999999,0.35234380799999565,-1.6765290000000164
0.94185,0.35234380799999565,-1.6765290000000164
0.942075,0.3506672789999956,-1.6863390000000165
0.9423,0.3506672789999956,-1.6863390000000165
0.942525,0.3506672789999956,-1.6863390000000165
0.94275,0.3506672789999956,-1.6863390000000165
0.942975,0.3489809399999956,-1.6961490000000166
0.9431999999999999,0.3489809399999956,-1.6961490000000166
0.943425,0.3489809399999956,-1.6961490000000166
0.94365,0.3489809399999956,-1.6961490000000166
0.943875,0.3489809399999956,-1.6961490000000166
0.9440999999999999,0.34728479099999554,-1.7059590000000167
0.944325,0.34728479099999554,-1.7059590000000167
0.94455,0.34728479099999554,-1.7059590000000167
0.9447749999999999,0.34728479099999554,-1.7059590000000167
0.945,0.3455788319999955,-1.7157690000000168
0.945225,0.3455788319999955,-1.7157690000000168
0.94545,0.3455788319999955,-1.7157690000000168
0.9456749999999999,0.3455788319999955,-1.7157690000000168
0.9459,0.3455788319999955,-1.7157690000000168
0.946125,0.3438630629999955,-1.7255790000000168
0.94635,0.3438630629999955,-1.7255790000000168
0.9465749999999999,0.3438630629999955,-1.7255790000000168
0.9468,0.3438630629999955,-1.7255790000000168
0.947025,0.34213748399999544,-1.735389000000017
0.9472499999999999,0.34213748399999544,-1.735389000000017
0.947475,0.34213748399999544,-1.735389000000017
0.9477,0.34213748399999544,-1.735389000000017
0.947925,0.3404020949999954,-1.745199000000017
0.9481499999999999,0.3404020949999954,-1.745199000000017
0.948375,0.3404020949999954,-1.745199000000017
0.9486,0.3404020949999954,-1.745199000000017
0.948825,0.3404020949999954,-1.745199000000017
0.94905,0.3386568959999954,-1.7550090000000171
0.949275,0.3386568959999954,-1.7550090000000171
0.9495,0.3386568959999954,-1.7550090000000171
0.9497249999999999,0.3386568959999954,-1.7550090000000171
0.94995,0.33690188699999535,-1.7648190000000172
0.950175,0.33690188699999535,-1.7648190000000172
0.9504,0.33690188699999535,-1.7648190000000172
0.9506249999999999,0.33690188699999535,-1.7648190000000172
0.95085,0.33690188699999535,-1.7648190000000172
0.951075,0.3351370679999953,-1.7746290000000173
0.9512999999999999,0.3351370679999953,-1.7746290000000173
0.951525,0.3351370679999953,-1.7746290000000173
0.95175,0.3351370679999953,-1.7746290000000173
0.951975,0.3333624389999953,-1.7844390000000174
0.9521999999999999,0.3333624389999953,-1.7844390000000174
0.952425,0.3333624389999953,-1.7844390000000174
0.95265,0.3333624389999953,-1.7844390000000174
0.952875,0.3333624389999953,-1.7844390000000174
0.9531,0.33157799999999527,-1.7942490000000175
0.953325,0.33157799999999527,-1.7942490000000175
0.95355,0.33157799999999527,-1.7942490000000175
0.9537749999999999,0.33157799999999527,-1.7942490000000175
0.954,0.32978375099999524,-1.8040590000000176
0.954225,0.32978375099999524,-1.8040590000000176
0.95445,0.32978375099999524,-1.8040590000000176
0.9546749999999999,0.32978375099999524,-1.8040590000000176
0.9549,0.32978375099999524,-1.8040590000000176
0.955125,0.3279796919999952,-1.8138690000000177
0.9553499999999999,0.3279796919999952,-1.8138690000000177
0.955575,0.3279796919999952,-1.8138690000000177
0.9558,0.3279796919999952,-1.8138690000000177
0.956025,0.3261658229999952,-1.8236790000000178
0.9562499999999999,0.3261658229999952,-1.8236790000000178
0.956475,0.3261658229999952,-1.8236790000000178
0.9567,0.3261658229999952,-1.8236790000000178
0.956925,0.32434214399999517,-1.833489000000018
0.95715,0.32434214399999517,-1.833489000000018
0.957375,0.32434214399999517,-1.833489000000018
0.9576,0.32434214399999517,-1.833489000000018
0.9578249999999999,0.32434214399999517,-1.833489000000018
0.95805,0.32250865499999515,-1.843299000000018
0.958275,0.32250865499999515,-1.843299000000018
0.9585,0.32250865499999515,-1.843299000000018
0.9587249999999999,0.32250865499999515,-1.843299000000018
0.95895,0.3206653559999951,-1.853109000000018
0.959175,0.3206653559999951,-1.853109000000018
0.9593999999999999,0.3206653559999951,-1.853109000000018
0.959625,0.3206653559999951,-1.853109000000018
0.95985,0.3206653559999951,-1.853109000000018
0.960075,0.3188122469999951,-1.8629190000000182
0.9602999999999999,0.3188122469999951,-1.8629190000000182
0.960525,0.3188122469999951,-1.8629190000000182
0.96075,0.3188122469999951,-1.8629190000000182
0.960975,0.3169493279999951,-1.8727290000000183
0.9611999999999999,0.3169493279999951,-1.8727290000000183
0.961425,0.3169493279999951,-1.8727290000000183
0.96165,0.3169493279999951,-1.8727290000000183
0.9618749999999999,0.3169493279999951,-1.8727290000000183
0.9621,0.3150765989999951,-1.8825390000000184
0.962325,0.3150765989999951,-1.8825390000000184
0.96255,0.3150765989999951,-1.8825390000000184
0.9627749999999999,0.3150765989999951,-1.8825390000000184
0.963,0.31319405999999506,-1.8923490000000185
0.963225,0.31319405999999506,-1.8923490000000185
0.96345,0.31319405999999506,-1.8923490000000185
0.963675,0.31319405999999506,-1.8923490000000185
0.9639,0.31319405999999506,-1.8923490000000185
0.964125,0.31130171099999504,-1.9021590000000186
0.9643499999999999,0.31130171099999504,-1.9021590000000186
0.964575,0.31130171099999504,-1.9021590000000186
0.9648,0.31130171099999504,-1.9021590000000186
0.965025,0.309399551999995,-1.9119690000000187
0.9652499999999999,0.309399551999995,-1.9119690000000187
0.965475,0.309399551999995,-1.9119690000000187
0.9657,0.309399551999995,-1.9119690000000187
0.9659249999999999,0.307487582999995,-1.9217790000000188
0.96615,0.307487582999995,-1.9217790000000188
0.966375,0.307487582999995,-1.9217790000000188
0.9666,0.307487582999995,-1.9217790000000188
0.9668249999999999,0.307487582999995,-1.9217790000000188
0.96705,0.305565803999995,-1.9315890000000189
0.967275,0.305565803999995,-1.9315890000000189
0.9675,0.305565803999995,-1.9315890000000189
0.967725,0.305565803999995,-1.9315890000000189
0.96795,0.303634214999995,-1.941399000000019
0.968175,0.303634214999995,-1.941399000000019
0.9683999999999999,0.303634214999995,-1.941399000000019
0.968625,0.303634214999995,-1.941399000000019
0.96885,0.303634214999995,-1.941399000000019
0.969075,0.301692815999995,-1.951209000000019
0.9692999999999999,0.301692815999995,-1.951209000000019
0.969525,0.301692815999995,-1.951209000000019
0.96975,0.301692815999995,-1.951209000000019
0.9699749999999999,0.29974160699999497,-1.9610190000000192
0.9702,0.29974160699999497,-1.9610190000000192
0.970425,0.29974160699999497,-1.9610190000000192
0.97065,0.29974160699999497,-1.9610190000000192
0.9708749999999999,0.29974160699999497,-1.9610190000000192
0.9711,0.29778058799999496,-1.9708290000000193
0.971325,0.29778058799999496,-1.9708290000000193
0.97155,0.29778058799999496,-1.9708290000000193
0.9717749999999999,0.29778058799999496,-1.9708290000000193
0.972,0.29580975899999495,-1.9806390000000194
0.972225,0.29580975899999495,-1.9806390000000194
0.9724499999999999,0.29580975899999495,-1.9806390000000194
0.972675,0.29580975899999495,-1.9806390000000194
0.9729,0.29580975899999495,-1.9806390000000194
0.973125,0.29382911999999495,-1.9904490000000195
0.9733499999999999,0.29382911999999495,-1.9904490000000195
0.973575,0.29382911999999495,-1.9904490000000195
0.9738,0.29382911999999495,-1.9904490000000195
0.9740249999999999,0.29183867099999494,-2.0002590000000193
0.97425,0.29183867099999494,-2.0002590000000193
0.974475,0.29183867099999494,-2.0002590000000193
0.9747,0.29183867099999494,-2.0002590000000193
0.9749249999999999,0.28983841199999494,-2.010069000000019
0.97515,0.28983841199999494,-2.010069000000019
0.975375,0.28983841199999494,-2.010069000000019
0.9756,0.28983841199999494,-2.010069000000019
0.9758249999999999,0.28983841199999494,-2.010069000000019
0.97605,0.28782834299999493,-2.019879000000019
0.976275,0.28782834299999493,-2.019879000000019
0.9764999999999999,0.28782834299999493,-2.019879000000019
0.976725,0.28782834299999493,-2.019879000000019
0.97695,0.28580846399999493,-2.029689000000019
0.977175,0.28580846399999493,-2.029689000000019
0.9773999999999999,0.28580846399999493,-2.029689000000019
0.977625,0.28580846399999493,-2.029689000000019
0.97785,0.28580846399999493,-2.029689000000019
0.978075,0.28377877499999493,-2.039499000000019
0.9783,0.28377877499999493,-2.039499000000019
0.978525,0.28377877499999493,-2.039499000000019
0.97875,0.28377877499999493,-2.039499000000019
0.9789749999999999,0.28173927599999493,-2.0493090000000187
0.9792,0.28173927599999493,-2.0493090000000187
0.979425,0.28173927599999493,-2.0493090000000187
0.97965,0.28173927599999493,-2.0493090000000187
0.9798749999999999,0.28173927599999493,-2.0493090000000187
0.9801,0.27968996699999493,-2.0591190000000186
0.980325,0.27968996699999493,-2.0591190000000186
0.9805499999999999,0.27968996699999493,-2.0591190000000186
0.980775,0.27968996699999493,-2.0591190000000186
0.981,0.27763084799999493,-2.0689290000000184
0.981225,0.27763084799999493,-2.0689290000000184
0.9814499999999999,0.27763084799999493,-2.0689290000000184
0.981675,0.27763084799999493,-2.0689290000000184
0.9819,0.27763084799999493,-2.0689290000000184
0.982125,0.27556191899999494,-2.0787390000000183
0.98235,0.27556191899999494,-2.0787390000000183
0.982575,0.27556191899999494,-2.0787390000000183
0.9828,0.27556191899999494,-2.0787390000000183
0.9830249999999999,0.27348317999999494,-2.088549000000018
0.98325,0.27348317999999494,-2.088549000000018
0.983475,0.27348317999999494,-2.088549000000018
0.9837,0.27348317999999494,-2.088549000000018
0.9839249999999999,0.27139463099999495,-2.098359000000018
0.98415,0.27139463099999495,-2.098359000000018
0.984375,0.27139463099999495,-2.098359000000018
0.9845999999999999,0.27139463099999495,-2.098359000000018
0.984825,0.27139463099999495,-2.098359000000018
0.98505,0.26929627199999495,-2.108169000000018
0.985275,0.26929627199999495,-2.108169000000018
0.9854999999999999,0.26929627199999495,-2.108169000000018
0.985725,0.26929627199999495,-2.108169000000018
0.98595,0.26718810299999496,-2.117979000000018
0.986175,0.26718810299999496,-2.117979000000018
0.9863999999999999,0.26718810299999496,-2.117979000000018
0.986625,0.26718810299999496,-2.117979000000018
0.98685,0.26718810299999496,-2.117979000000018
0.9870749999999999,0.26507012399999497,-2.1277890000000177
0.9873,0.26507012399999497,-2.1277890000000177
0.987525,0.26507012399999497,-2.1277890000000177
0.98775,0.26507012399999497,-2.1277890000000177
0.9879749999999999,0.262942334999995,-2.1375990000000176
0.9882,0.262942334999995,-2.1375990000000176
0.988425,0.262942334999995,-2.1375990000000176
0.9886499999999999,0.262942334999995,-2.1375990000000176
0.988875,0.262942334999995,-2.1375990000000176
0.9891,0.260804735999995,-2.1474090000000174
0.989325,0.260804735999995,-2.1474090000000174
0.9895499999999999,0.260804735999995,-2.1474090000000174
0.989775,0.260804735999995,-2.1474090000000174
0.99,0.25865732699999494,-2.1572190000000173
0.990225,0.25865732699999494,-2.1572190000000173
0.9904499999999999,0.25865732699999494,-2.1572190000000173
0.990675,0.25865732699999494,-2.1572190000000173
0.9909,0.25865732699999494,-2.1572190000000173
0.9911249999999999,0.2565001079999949,-2.167029000000017
0.99135,0.2565001079999949,-2.167029000000017
0.991575,0.2565001079999949,-2.167029000000017
0.9918,0.2565001079999949,-2.167029000000017
0.9920249999999999,0.25433307899999485,-2.176839000000017
0.99225,0.25433307899999485,-2.176839000000017
0.992475,0.25433307899999485,-2.176839000000017
0.9927,0.25433307899999485,-2.176839000000017
0.992925,0.2521562399999948,-2.186649000000017
0.99315,0.2521562399999948,-2.186649000000017
0.993375,0.2521562399999948,-2.186649000000017
0.9935999999999999,0.2521562399999948,-2.186649000000017
0.993825,0.2521562399999948,-2.186649000000017
0.99405,0.2499695909999948,-2.196459000000017
0.994275,0.2499695909999948,-2.196459000000017
0.9944999999999999,0.2499695909999948,-2.196459000000017
0.994725,0.2499695909999948,-2.196459000000017
0.99495,0.2477731319999948,-2.2062690000000167
0.9951749999999999,0.2477731319999948,-2.2062690000000167
0.9954,0.2477731319999948,-2.2062690000000167
0.995625,0.2477731319999948,-2.2062690000000167
0.99585,0.2477731319999948,-2.2062690000000167
0.9960749999999999,0.24556686299999478,-2.2160790000000166
0.9963,0.24556686299999478,-2.2160790000000166
0.996525,0.24556686299999478,-2.2160790000000166
0.99675,0.24556686299999478,-2.2160790000000166
0.996975,0.24335078399999477,-2.2258890000000164
0.9972,0.24335078399999477,-2.2258890000000164
0.997425,0.24335078399999477,-2.2258890000000164
0.9976499999999999,0.24335078399999477,-2.2258890000000164
0.997875,0.24335078399999477,-2.2258890000000164
0.9981,0.24112489499999476,-2.2356990000000163
0.998325,0.24112489499999476,-2.2356990000000163
0.9985499999999999,0.24112489499999476,-2.2356990000000163
0.998775,0.24112489499999476,-2.2356990000000163
0.999,0.23888919599999475,-2.245509000000016
0.9992249999999999,0.23888919599999475,-2.245509000000016
0.99945,0.23888919599999475,-2.245509000000016
0.999675,0.23888919599999475,-2.245509000000016
0.9999,0.23888919599999475,-2.245509000000016
1.000125,0.23664368699999475,-2.255319000000016
1.00035,0.23664368699999475,-2.255319000000016
1.000575,0.23664368699999475,-2.255319000000016
1.0008,0.23664368699999475,-2.255319000000016
1.001025,0.23438836799999474,-2.265129000000016
1.00125,0.23438836799999474,-2.265129000000016
1.001475,0.23438836799999474,-2.265129000000016
1.0017,0.23438836799999474,-2.265129000000016
1.001925,0.23212323899999474,-2.274939000000016
1.0021499999999999,0.23212323899999474,-2.274939000000016
1.002375,0.23212323899999474,-2.274939000000016
1.0026,0.23212323899999474,-2.274939000000016
1.002825,0.23212323899999474,-2.274939000000016
1.00305,0.22984829999999473,-2.2847490000000157
1.003275,0.22984829999999473,-2.2847490000000157
1.0035,0.22984829999999473,-2.2847490000000157
1.003725,0.22984829999999473,-2.2847490000000157
1.00395,0.22756355099999473,-2.2945590000000156
1.004175,0.22756355099999473,-2.2945590000000156
1.0044,0.22756355099999473,-2.2945590000000156
1.0046249999999999,0.22756355099999473,-2.2945590000000156
1.00485,0.22756355099999473,-2.2945590000000156
1.005075,0.22526899199999473,-2.3043690000000154
1.0053,0.22526899199999473,-2.3043690000000154
1.005525,0.22526899199999473,-2.3043690000000154
1.00575,0.22526899199999473,-2.3043690000000154
1.005975,0.2229646229999947,-2.3141790000000153
1.0062,0.2229646229999947,-2.3141790000000153
1.006425,0.2229646229999947,-2.3141790000000153
1.00665,0.2229646229999947,-2.3141790000000153
1.006875,0.2229646229999947,-2.3141790000000153
1.0070999999999999,0.22065044399999467,-2.323989000000015
1.007325,0.22065044399999467,-2.323989000000015
1.00755,0.22065044399999467,-2.323989000000015
1.0077749999999999,0.22065044399999467,-2.323989000000015
1.008,0.21832645499999465,-2.333799000000015
1.008225,0.21832645499999465,-2.333799000000015
1.00845,0.21832645499999465,-2.333799000000015
1.008675,0.21832645499999465,-2.333799000000015
1.0089,0.21599265599999462,-2.343609000000015
1.009125,0.21599265599999462,-2.343609000000015
1.00935,0.21599265599999462,-2.343609000000015
1.009575,0.21599265599999462,-2.343609000000015
1.0098,0.21599265599999462,-2.343609000000015
1.010025,0.2136490469999946,-2.353419000000015
1.0102499999999999,0.2136490469999946,-2.353419000000015
1.010475,0.2136490469999946,-2.353419000000015
1.0107,0.2136490469999946,-2.353419000000015
1.010925,0.21129562799999457,-2.3632290000000147
1.01115,0.21129562799999457,-2.3632290000000147
1.011375,0.21129562799999457,-2.3632290000000147
1.0116,0.21129562799999457,-2.3632290000000147
1.011825,0.21129562799999457,-2.3632290000000147
1.01205,0.20893239899999455,-2.3730390000000146
1.012275,0.20893239899999455,-2.3730390000000146
1.0125,0.20893239899999455,-2.3730390000000146
1.0127249999999999,0.20893239899999455,-2.3730390000000146
1.01295,0.20655935999999453,-2.3828490000000144
1.013175,0.20655935999999453,-2.3828490000000144
1.0134,0.20655935999999453,-2.3828490000000144
1.013625,0.20655935999999453,-2.3828490000000144
1.01385,0.20655935999999453,-2.3828490000000144
1.014075,0.2041765109999945,-2.3926590000000143
1.0143,0.2041765109999945,-2.3926590000000143
1.014525,0.2041765109999945,-2.3926590000000143
1.01475,0.2041765109999945,-2.3926590000000143
1.014975,0.2017838519999945,-2.402469000000014
1.0151999999999999,0.2017838519999945,-2.402469000000014
1.015425,0.2017838519999945,-2.402469000000014
1.01565,0.2017838519999945,-2.402469000000014
1.0158749999999999,0.2017838519999945,-2.402469000000014
1.0161,0.19938138299999447,-2.412279000000014
1.016325,0.19938138299999447,-2.412279000000014
1.01655,0.19938138299999447,-2.412279000000014
1.016775,0.19938138299999447,-2.412279000000014
1.017,0.19696910399999445,-2.422089000000014
1.017225,0.19696910399999445,-2.422089000000014
1.01745,0.19696910399999445,-2.422089000000014
1.0176749999999999,0.19696910399999445,-2.422089000000014
1.0179,0.19454701499999444,-2.431899000000014
1.018125,0.19454701499999444,-2.431899000000014
1.0183499999999999,0.19454701499999444,-2.431899000000014
1.018575,0.19454701499999444,-2.431899000000014
1.0188,0.19454701499999444,-2.431899000000014
1.019025,0.19211511599999442,-2.4417090000000137
1.01925,0.19211511599999442,-2.4417090000000137
1.019475,0.19211511599999442,-2.4417090000000137
1.0197,0.19211511599999442,-2.4417090000000137
1.019925,0.1896734069999944,-2.4515190000000135
1.02015,0.1896734069999944,-2.4515190000000135
1.020375,0.1896734069999944,-2.4515190000000135
1.0206,0.1896734069999944,-2.4515190000000135
1.0208249999999999,0.1896734069999944,-2.4515190000000135
1.02105,0.1872218879999944,-2.4613290000000134
1.021275,0.1872218879999944,-2.4613290000000134
1.0215,0.1872218879999944,-2.4613290000000134
1.021725,0.1872218879999944,-2.4613290000000134
1.02195,0.18476055899999438,-2.4711390000000133
1.022175,0.18476055899999438,-2.4711390000000133
1.0224,0.18476055899999438,-2.4711390000000133
1.022625,0.18476055899999438,-2.4711390000000133
1.02285,0.18476055899999438,-2.4711390000000133
1.023075,0.18228941999999437,-2.480949000000013
1.0232999999999999,0.18228941999999437,-2.480949000000013
1.023525,0.18228941999999437,-2.480949000000013
1.02375,0.18228941999999437,-2.480949000000013
1.023975,0.17980847099999436,-2.490759000000013
1.0242,0.17980847099999436,-2.490759000000013
1.024425,0.17980847099999436,-2.490759000000013
1.02465,0.17980847099999436,-2.490759000000013
1.024875,0.17980847099999436,-2.490759000000013
1.0251,0.17731771199999435,-2.500569000000013
1.025325,0.17731771199999435,-2.500569000000013
1.02555,0.17731771199999435,-2.500569000000013
1.0257749999999999,0.17731771199999435,-2.500569000000013
1.026,0.17481714299999435,-2.510379000000013
1.026225,0.17481714299999435,-2.510379000000013
1.0264499999999999,0.17481714299999435,-2.510379000000013
1.026675,0.17481714299999435,-2.510379000000013
1.0269,0.17230676399999434,-2.5201890000000127
1.027125,0.17230676399999434,-2.5201890000000127
1.02735,0.17230676399999434,-2.5201890000000127
1.027575,0.17230676399999434,-2.5201890000000127
1.0278,0.17230676399999434,-2.5201890000000127
1.028025,0.16978657499999433,-2.5299990000000125
1.0282499999999999,0.16978657499999433,-2.5299990000000125
1.028475,0.16978657499999433,-2.5299990000000125
1.0287,0.16978657499999433,-2.5299990000000125
1.0289249999999999,0.16725657599999433,-2.5398090000000124
1.02915,0.16725657599999433,-2.5398090000000124
1.029375,0.16725657599999433,-2.5398090000000124
1.0296,0.16725657599999433,-2.5398090000000124
1.029825,0.16725657599999433,-2.5398090000000124
1.03005,0.16471676699999432,-2.5496190000000123
1.030275,0.16471676699999432,-2.5496190000000123
1.0305,0.16471676699999432,-2.5496190000000123
1.030725,0.16471676699999432,-2.5496190000000123
1.03095,0.16216714799999432,-2.559429000000012
1.031175,0.16216714799999432,-2.559429000000012
1.0313999999999999,0.16216714799999432,-2.559429000000012
1.031625,0.16216714799999432,-2.559429000000012
1.03185,0.16216714799999432,-2.559429000000012
1.032075,0.15960771899999432,-2.569239000000012
1.0323,0.15960771899999432,-2.569239000000012
1.032525,0.15960771899999432,-2.569239000000012
1.03275,0.15960771899999432,-2.569239000000012
1.032975,0.15703847999999432,-2.579049000000012
1.0332,0.15703847999999432,-2.579049000000012
1.033425,0.15703847999999432,-2.579049000000012
1.03365,0.15703847999999432,-2.579049000000012
1.0338749999999999,0.15703847999999432,-2.579049000000012
1.0341,0.15445943099999432,-2.588859000000012
1.034325,0.15445943099999432,-2.588859000000012
1.03455,0.15445943099999432,-2.588859000000012
1.034775,0.15445943099999432,-2.588859000000012
1.035,0.15187057199999432,-2.5986690000000117
1.035225,0.15187057199999432,-2.5986690000000117
1.03545,0.15187057199999432,-2.5986690000000117
1.035675,0.15187057199999432,-2.5986690000000117
1.0359,0.14927190299999432,-2.6084790000000115
1.036125,0.14927190299999432,-2.6084790000000115
1.0363499999999999,0.14927190299999432,-2.6084790000000115
1.036575,0.14927190299999432,-2.6084790000000115
1.0368,0.14927190299999432,-2.6084790000000115
1.0370249999999999,0.1466634239999943,-2.6182890000000114
1.03725,0.1466634239999943,-2.6182890000000114
1.037475,0.1466634239999943,-2.6182890000000114
1.0377,0.1466634239999943,-2.6182890000000114
1.037925,0.14404513499999427,-2.6280990000000113
1.03815,0.14404513499999427,-2.6280990000000113
1.038375,0.14404513499999427,-2.6280990000000113
1.0386,0.14404513499999427,-2.6280990000000113
1.0388249999999999,0.14404513499999427,-2.6280990000000113
1.03905,0.14141703599999425,-2.637909000000011
1.039275,0.14141703599999425,-2.637909000000011
1.0394999999999999,0.14141703599999425,-2.637909000000011
1.039725,0.14141703599999425,-2.637909000000011
1.03995,0.13877912699999423,-2.647719000000011
1.040175,0.13877912699999423,-2.647719000000011
1.0404,0.13877912699999423,-2.647719000000011
1.040625,0.13877912699999423,-2.647719000000011
1.04085,0.13877912699999423,-2.647719000000011
1.041075,0.1361314079999942,-2.657529000000011
1.0413,0.1361314079999942,-2.657529000000011
1.041525,0.1361314079999942,-2.657529000000011
1.04175,0.1361314079999942,-2.657529000000011
1.0419749999999999,0.1334738789999942,-2.667339000000011
1.0422,0.1334738789999942,-2.667339000000011
1.042425,0.1334738789999942,-2.667339000000011
1.04265,0.1334738789999942,-2.667339000000011
1.042875,0.1334738789999942,-2.667339000000011
1.0431,0.13080653999999417,-2.6771490000000107
1.043325,0.13080653999999417,-2.6771490000000107
1.04355,0.13080653999999417,-2.6771490000000107
1.043775,0.13080653999999417,-2.6771490000000107
1.044,0.12812939099999415,-2.6869590000000105
1.044225,0.12812939099999415,-2.6869590000000105
1.0444499999999999,0.12812939099999415,-2.6869590000000105
1.044675,0.12812939099999415,-2.6869590000000105
1.0449,0.12544243199999414,-2.6967690000000104
1.045125,0.12544243199999414,-2.6967690000000104
1.04535,0.12544243199999414,-2.6967690000000104
1.045575,0.12544243199999414,-2.6967690000000104
1.0458,0.12544243199999414,-2.6967690000000104
1.046025,0.12274566299999412,-2.7065790000000103
1.04625,0.12274566299999412,-2.7065790000000103
1.046475,0.12274566299999412,-2.7065790000000103
1.0467,0.12274566299999412,-2.7065790000000103
1.0469249999999999,0.1200390839999941,-2.71638900000001
1.04715,0.1200390839999941,-2.71638900000001
1.047375,0.1200390839999941,-2.71638900000001
1.0475999999999999,0.1200390839999941,-2.71638900000001
1.047825,0.1200390839999941,-2.71638900000001
1.04805,0.11732269499999409,-2.72619900000001
1.048275,0.11732269499999409,-2.72619900000001
1.0485,0.11732269499999409,-2.72619900000001
1.048725,0.11732269499999409,-2.72619900000001
1.04895,0.11459649599999408,-2.73600900000001
1.049175,0.11459649599999408,-2.73600900000001
1.0493999999999999,0.11459649599999408,-2.73600900000001
1.049625,0.11459649599999408,-2.73600900000001
1.04985,0.11459649599999408,-2.73600900000001
1.0500749999999999,0.11186048699999407,-2.74581900000001
1.0503,0.11186048699999407,-2.74581900000001
1.050525,0.11186048699999407,-2.74581900000001
1.05075,0.11186048699999407,-2.74581900000001
1.050975,0.10911466799999406,-2.7556290000000097
1.0512,0.10911466799999406,-2.7556290000000097
1.051425,0.10911466799999406,-2.7556290000000097
1.05165,0.10911466799999406,-2.7556290000000097
1.051875,0.10911466799999406,-2.7556290000000097
1.0521,0.10635903899999405,-2.7654390000000095
1.052325,0.10635903899999405,-2.7654390000000095
1.0525499999999999,0.10635903899999405,-2.7654390000000095
1.052775,0.10635903899999405,-2.7654390000000095
1.053,0.10359359999999404,-2.7752490000000094
1.053225,0.10359359999999404,-2.7752490000000094
1.05345,0.10359359999999404,-2.7752490000000094
1.053675,0.10359359999999404,-2.7752490000000094
1.0539,0.10081835099999403,-2.7850590000000093
1.054125,0.10081835099999403,-2.7850590000000093
1.05435,0.10081835099999403,-2.7850590000000093
1.054575,0.10081835099999403,-2.7850590000000093
1.0548,0.10081835099999403,-2.7850590000000093
1.0550249999999999,0.09803329199999403,-2.794869000000009
1.05525,0.09803329199999403,-2.794869000000009
1.055475,0.09803329199999403,-2.794869000000009
1.0556999999999999,0.09803329199999403,-2.794869000000009
1.055925,0.09523842299999402,-2.804679000000009
1.05615,0.09523842299999402,-2.804679000000009
1.056375,0.09523842299999402,-2.804679000000009
1.0566,0.09523842299999402,-2.804679000000009
1.056825,0.09523842299999402,-2.804679000000009
1.05705,0.09243374399999402,-2.814489000000009
1.057275,0.09243374399999402,-2.814489000000009
1.0574999999999999,0.09243374399999402,-2.814489000000009
1.057725,0.09243374399999402,-2.814489000000009
1.05795,0.08961925499999401,-2.8242990000000088
1.0581749999999999,0.08961925499999401,-2.8242990000000088
1.0584,0.08961925499999401,-2.8242990000000088
1.058625,0.08961925499999401,-2.8242990000000088
1.05885,0.08961925499999401,-2.8242990000000088
1.059075,0.08679495599999401,-2.8341090000000086
1.0593,0.08679495599999401,-2.8341090000000086
1.059525,0.08679495599999401,-2.8341090000000086
1.05975,0.08679495599999401,-2.8341090000000086
1.059975,0.083960846999994,-2.8439190000000085
1.0602,0.083960846999994,-2.8439190000000085
1.060425,0.083960846999994,-2.8439190000000085
1.0606499999999999,0.083960846999994,-2.8439190000000085
1.060875,0.083960846999994,-2.8439190000000085
1.0611,0.08111692799999398,-2.8537290000000084
1.061325,0.08111692799999398,-2.8537290000000084
1.06155,0.08111692799999398,-2.8537290000000084
1.061775,0.08111692799999398,-2.8537290000000084
1.062,0.07826319899999397,-2.8635390000000083
1.062225,0.07826319899999397,-2.8635390000000083
1.06245,0.07826319899999397,-2.8635390000000083
1.062675,0.07826319899999397,-2.8635390000000083
1.0629,0.07539965999999396,-2.873349000000008
1.0631249999999999,0.07539965999999396,-2.873349000000008
1.06335,0.07539965999999396,-2.873349000000008
1.063575,0.07539965999999396,-2.873349000000008
1.0638,0.07539965999999396,-2.873349000000008
1.064025,0.07252631099999395,-2.883159000000008
1.06425,0.07252631099999395,-2.883159000000008
1.064475,0.07252631099999395,-2.883159000000008
1.0647,0.07252631099999395,-2.883159000000008
1.064925,0.06964315199999394,-2.892969000000008
1.06515,0.06964315199999394,-2.892969000000008
1.065375,0.06964315199999394,-2.892969000000008
1.0655999999999999,0.06964315199999394,-2.892969000000008
1.065825,0.06964315199999394,-2.892969000000008
1.06605,0.06675018299999393,-2.9027790000000078
1.0662749999999999,0.06675018299999393,-2.9027790000000078
1.0665,0.06675018299999393,-2.9027790000000078
1.066725,0.06675018299999393,-2.9027790000000078
1.06695,0.06384740399999392,-2.9125890000000076
1.067175,0.06384740399999392,-2.9125890000000076
1.0674,0.06384740399999392,-2.9125890000000076
1.067625,0.06384740399999392,-2.9125890000000076
1.06785,0.06384740399999392,-2.9125890000000076
1.0680749999999999,0.06093481499999391,-2.9223990000000075
1.0683,0.06093481499999391,-2.9223990000000075
1.068525,0.06093481499999391,-2.9223990000000075
1.0687499999999999,0.06093481499999391,-2.9223990000000075
1.068975,0.058012415999993905,-2.9322090000000074
1.0692,0.058012415999993905,-2.9322090000000074
1.069425,0.058012415999993905,-2.9322090000000074
1.06965,0.058012415999993905,-2.9322090000000074
1.069875,0.058012415999993905,-2.9322090000000074
1.0701,0.0550802069999939,-2.9420190000000073
1.070325,0.0550802069999939,-2.9420190000000073
1.07055,0.0550802069999939,-2.9420190000000073
1.070775,0.0550802069999939,-2.9420190000000073
1.071,0.052138187999993896,-2.951829000000007
1.0712249999999999,0.052138187999993896,-2.951829000000007
1.07145,0.052138187999993896,-2.951829000000007
1.071675,0.052138187999993896,-2.951829000000007
1.0719,0.049186358999993886,-2.961639000000007
1.072125,0.049186358999993886,-2.961639000000007
1.07235,0.049186358999993886,-2.961639000000007
1.072575,0.049186358999993886,-2.961639000000007
1.0728,0.049186358999993886,-2.961639000000007
1.073025,0.04622471999999388,-2.971449000000007
1.07325,0.04622471999999388,-2.971449000000007
1.073475,0.04622471999999388,-2.971449000000007
1.0736999999999999,0.04622471999999388,-2.971449000000007
1.073925,0.04325327099999387,-2.9812590000000068
1.07415,0.04325327099999387,-2.9812590000000068
1.074375,0.04325327099999387,-2.9812590000000068
1.0746,0.04325327099999387,-2.9812590000000068
1.074825,0.04325327099999387,-2.9812590000000068
1.07505,0.04027201199999386,-2.9910690000000066
1.075275,0.04027201199999386,-2.9910690000000066
1.0755,0.04027201199999386,-2.9910690000000066
1.075725,0.04027201199999386,-2.9910690000000066
1.07595,0.037280942999993856,-3.0008790000000065
1.0761749999999999,0.037280942999993856,-3.0008790000000065
1.0764,0.037280942999993856,-3.0008790000000065
1.076625,0.037280942999993856,-3.0008790000000065
1.0768499999999999,0.037280942999993856,-3.0008790000000065
1.077075,0.03428006399999385,-3.0106890000000064
1.0773,0.03428006399999385,-3.0106890000000064
1.077525,0.03428006399999385,-3.0106890000000064
1.07775,0.03428006399999385,-3.0106890000000064
1.077975,0.03126937499999385,-3.0204990000000063
1.0782,0.03126937499999385,-3.0204990000000063
1.078425,0.03126937499999385,-3.0204990000000063
1.0786499999999999,0.03126937499999385,-3.0204990000000063
1.078875,0.03126937499999385,-3.0204990000000063
1.0791,0.02824887599999384,-3.030309000000006
1.0793249999999999,0.02824887599999384,-3.030309000000006
1.07955,0.02824887599999384,-3.030309000000006
1.079775,0.02824887599999384,-3.030309000000006
1.08,0.025218566999993836,-3.040119000000006
1.080225,0.025218566999993836,-3.040119000000006
1.08045,0.025218566999993836,-3.040119000000006
1.080675,0.025218566999993836,-3.040119000000006
1.0809,0.022178447999993828,-3.049929000000006
1.081125,0.022178447999993828,-3.049929000000006
1.08135,0.022178447999993828,-3.049929000000006
1.081575,0.022178447999993828,-3.049929000000006
1.0817999999999999,0.022178447999993828,-3.049929000000006
1.082025,0.01912851899999382,-3.0597390000000058
1.08225,0.01912851899999382,-3.0597390000000058
1.082475,0.01912851899999382,-3.0597390000000058
1.0827,0.01912851899999382,-3.0597390000000058
1.082925,0.016068779999993815,-3.0695490000000056
1.08315,0.016068779999993815,-3.0695490000000056
1.083375,0.016068779999993815,-3.0695490000000056
1.0836,0.016068779999993815,-3.0695490000000056
1.083825,0.016068779999993815,-3.0695490000000056
1.08405,0.01299923099999381,-3.0793590000000055
1.0842749999999999,0.01299923099999381,-3.0793590000000055
1.0845,0.01299923099999381,-3.0793590000000055
1.084725,0.01299923099999381,-3.0793590000000055
1.08495,0.009919871999993805,-3.0891690000000054
1.085175,0.009919871999993805,-3.0891690000000054
1.0854,0.009919871999993805,-3.0891690000000054
1.085625,0.009919871999993805,-3.0891690000000054
1.08585,0.009919871999993805,-3.0891690000000054
1.086075,0.0068307029999938,-3.0989790000000053
1.0863,0.0068307029999938,-3.0989790000000053
1.086525,0.0068307029999938,-3.0989790000000053
1.0867499999999999,0.0068307029999938,-3.0989790000000053
1.086975,0.0037317239999937945,-3.108789000000005
1.0872,0.0037317239999937945,-3.108789000000005
1.0874249999999999,0.0037317239999937945,-3.108789000000005
1.08765,0.0037317239999937945,-3.108789000000005
1.087875,0.0037317239999937945,-3.108789000000005
1.0881,0.0006229349999937895,-3.118599000000005
1.088325,0.0006229349999937895,-3.118599000000005
1.08855,0.0006229349999937895,-3.118599000000005
1.088775,0.0006229349999937895,-3.118599000000005
1.089,0.0,2.189886300000003
1.0892249999999999,0.0,2.189886300000003
1.08945,0.0,2.189886300000003
1.089675,0.0,2.189886300000003
1.0898999999999999,0.002189886300000003,2.180076300000003
1.090125,0.002189886300000003,2.180076300000003
1.09035,0.002189886300000003,2.180076300000003
1.090575,0.002189886300000003,2.180076300000003
1.0908,0.002189886300000003,2.180076300000003
1.091025,0.004369962600000006,2.1702663000000033
1.09125,0.004369962600000006,2.1702663000000033
1.091475,0.004369962600000006,2.1702663000000033
1.0917,0.004369962600000006,2.1702663000000033
1.091925,0.006540228900000009,2.1604563000000034
1.09215,0.006540228900000009,2.1604563000000034
1.0923749999999999,0.006540228900000009,2.1604563000000034
1.0926,0.006540228900000009,2.1604563000000034
1.092825,0.006540228900000009,2.1604563000000034
1.09305,0.008700685200000013,2.1506463000000036
1.093275,0.008700685200000013,2.1506463000000036
1.0935,0.008700685200000013,2.1506463000000036
1.093725,0.008700685200000013,2.1506463000000036
1.09395,0.010851331500000016,2.1408363000000037
1.094175,0.010851331500000016,2.1408363000000037
1.0944,0.010851331500000016,2.1408363000000037
1.094625,0.010851331500000016,2.1408363000000037
1.0948499999999999,0.010851331500000016,2.1408363000000037
1.095075,0.01299216780000002,2.131026300000004
1.0953,0.01299216780000002,2.131026300000004
1.0955249999999999,0.01299216780000002,2.131026300000004
1.09575,0.01299216780000002,2.131026300000004
1.095975,0.015123194100000023,2.121216300000004
1.0962,0.015123194100000023,2.121216300000004
1.096425,0.015123194100000023,2.121216300000004
1.09665,0.015123194100000023,2.121216300000004
1.096875,0.015123194100000023,2.121216300000004
1.0971,0.017244410400000028,2.111406300000004
1.0973249999999999,0.017244410400000028,2.111406300000004
1.09755,0.017244410400000028,2.111406300000004
1.097775,0.017244410400000028,2.111406300000004
1.0979999999999999,0.01935581670000003,2.101596300000004
1.098225,0.01935581670000003,2.101596300000004
1.09845,0.01935581670000003,2.101596300000004
1.098675,0.01935581670000003,2.101596300000004
1.0989,0.021457413000000036,2.0917863000000043
1.099125,0.021457413000000036,2.0917863000000043
1.09935,0.021457413000000036,2.0917863000000043
1.099575,0.021457413000000036,2.0917863000000043
1.0997999999999999,0.021457413000000036,2.0917863000000043
1.100025,0.023549199300000042,2.0819763000000044
1.10025,0.023549199300000042,2.0819763000000044
1.1004749999999999,0.023549199300000042,2.0819763000000044
1.1007,0.023549199300000042,2.0819763000000044
1.100925,0.025631175600000045,2.0721663000000046
1.10115,0.025631175600000045,2.0721663000000046
1.101375,0.025631175600000045,2.0721663000000046
1.1016,0.025631175600000045,2.0721663000000046
1.101825,0.025631175600000045,2.0721663000000046
1.10205,0.02770334190000005,2.0623563000000047
1.102275,0.02770334190000005,2.0623563000000047
1.1025,0.02770334190000005,2.0623563000000047
1.102725,0.02770334190000005,2.0623563000000047
1.1029499999999999,0.029765698200000055,2.052546300000005
1.103175,0.029765698200000055,2.052546300000005
1.1034,0.029765698200000055,2.052546300000005
1.103625,0.029765698200000055,2.052546300000005
1.10385,0.029765698200000055,2.052546300000005
1.104075,0.03181824450000006,2.042736300000005
1.1043,0.03181824450000006,2.042736300000005
1.104525,0.03181824450000006,2.042736300000005
1.10475,0.03181824450000006,2.042736300000005
1.104975,0.033860980800000065,2.032926300000005
1.1052,0.033860980800000065,2.032926300000005
1.1054249999999999,0.033860980800000065,2.032926300000005
1.10565,0.033860980800000065,2.032926300000005
1.105875,0.033860980800000065,2.032926300000005
1.1060999999999999,0.03589390710000007,2.023116300000005
1.106325,0.03589390710000007,2.023116300000005
1.10655,0.03589390710000007,2.023116300000005
1.106775,0.03589390710000007,2.023116300000005
1.107,0.037917023400000076,2.0133063000000053
1.107225,0.037917023400000076,2.0133063000000053
1.10745,0.037917023400000076,2.0133063000000053
1.107675,0.037917023400000076,2.0133063000000053
1.1078999999999999,0.03993032970000008,2.0034963000000054
1.108125,0.03993032970000008,2.0034963000000054
1.10835,0.03993032970000008,2.0034963000000054
1.1085749999999999,0.03993032970000008,2.0034963000000054
1.1088,0.03993032970000008,2.0034963000000054
1.109025,0.041933826000000084,1.9936863000000054
1.10925,0.041933826000000084,1.9936863000000054
1.109475,0.041933826000000084,1.9936863000000054
1.1097,0.041933826000000084,1.9936863000000054
1.109925,0.04392751230000009,1.9838763000000053
1.11015,0.04392751230000009,1.9838763000000053
1.110375,0.04392751230000009,1.9838763000000053
1.1106,0.04392751230000009,1.9838763000000053
1.110825,0.04392751230000009,1.9838763000000053
1.1110499999999999,0.045911388600000096,1.9740663000000052
1.111275,0.045911388600000096,1.9740663000000052
1.1115,0.045911388600000096,1.9740663000000052
1.111725,0.045911388600000096,1.9740663000000052
1.11195,0.0478854549000001,1.964256300000005
1.112175,0.0478854549000001,1.964256300000005
1.1124,0.0478854549000001,1.964256300000005
1.112625,0.0478854549000001,1.964256300000005
1.11285,0.0478854549000001,1.964256300000005
1.113075,0.049849711200000105,1.954446300000005
1.1133,0.049849711200000105,1.954446300000005
1.1135249999999999,0.049849711200000105,1.954446300000005
1.11375,0.049849711200000105,1.954446300000005
1.113975,0.05180415750000011,1.9446363000000049
1.1142,0.05180415750000011,1.9446363000000049
1.114425,0.05180415750000011,1.9446363000000049
1.11465,0.05180415750000011,1.9446363000000049
1.114875,0.05180415750000011,1.9446363000000049
1.1151,0.05374879380000011,1.9348263000000048
1.115325,0.05374879380000011,1.9348263000000048
1.11555,0.05374879380000011,1.9348263000000048
1.115775,0.05374879380000011,1.9348263000000048
1.1159999999999999,0.055683620100000115,1.9250163000000047
1.116225,0.055683620100000115,1.9250163000000047
1.11645,0.055683620100000115,1.9250163000000047
1.1166749999999999,0.055683620100000115,1.9250163000000047
1.1169,0.05760863640000012,1.9152063000000046
1.117125,0.05760863640000012,1.9152063000000046
1.11735,0.05760863640000012,1.9152063000000046
1.117575,0.05760863640000012,1.9152063000000046
1.1178,0.05760863640000012,1.9152063000000046
1.118025,0.05952384270000013,1.9053963000000045
1.11825,0.05952384270000013,1.9053963000000045
1.1184749999999999,0.05952384270000013,1.9053963000000045
1.1187,0.05952384270000013,1.9053963000000045
1.118925,0.061429239000000135,1.8955863000000044
1.1191499999999999,0.061429239000000135,1.8955863000000044
1.119375,0.061429239000000135,1.8955863000000044
1.1196,0.061429239000000135,1.8955863000000044
1.119825,0.061429239000000135,1.8955863000000044
1.12005,0.06332482530000014,1.8857763000000043
1.120275,0.06332482530000014,1.8857763000000043
1.1205,0.06332482530000014,1.8857763000000043
1.120725,0.06332482530000014,1.8857763000000043
1.12095,0.06521060160000014,1.8759663000000042
1.121175,0.06521060160000014,1.8759663000000042
1.1214,0.06521060160000014,1.8759663000000042
1.1216249999999999,0.06521060160000014,1.8759663000000042
1.12185,0.06521060160000014,1.8759663000000042
1.122075,0.06708656790000014,1.866156300000004
1.1223,0.06708656790000014,1.866156300000004
1.122525,0.06708656790000014,1.866156300000004
1.12275,0.06708656790000014,1.866156300000004
1.122975,0.06895272420000015,1.856346300000004
1.1232,0.06895272420000015,1.856346300000004
1.123425,0.06895272420000015,1.856346300000004
1.12365,0.06895272420000015,1.856346300000004
1.123875,0.06895272420000015,1.856346300000004
1.1240999999999999,0.07080907050000015,1.846536300000004
1.124325,0.07080907050000015,1.846536300000004
1.12455,0.07080907050000015,1.846536300000004
1.1247749999999999,0.07080907050000015,1.846536300000004
1.125,0.07265560680000016,1.8367263000000038
1.125225,0.07265560680000016,1.8367263000000038
1.12545,0.07265560680000016,1.8367263000000038
1.125675,0.07265560680000016,1.8367263000000038
1.1259,0.07449233310000017,1.8269163000000037
1.126125,0.07449233310000017,1.8269163000000037
1.12635,0.07449233310000017,1.8269163000000037
1.1265749999999999,0.07449233310000017,1.8269163000000037
1.1268,0.07449233310000017,1.8269163000000037
1.127025,0.07631924940000018,1.8171063000000036
1.1272499999999999,0.07631924940000018,1.8171063000000036
1.127475,0.07631924940000018,1.8171063000000036
1.1277,0.07631924940000018,1.8171063000000036
1.127925,0.07813635570000019,1.8072963000000035
1.12815,0.07813635570000019,1.8072963000000035
1.128375,0.07813635570000019,1.8072963000000035
1.1286,0.07813635570000019,1.8072963000000035
1.128825,0.07813635570000019,1.8072963000000035
1.1290499999999999,0.07994365200000018,1.7974863000000034
1.129275,0.07994365200000018,1.7974863000000034
1.1295,0.07994365200000018,1.7974863000000034
1.1297249999999999,0.07994365200000018,1.7974863000000034
1.12995,0.08174113830000018,1.7876763000000033
1.130175,0.08174113830000018,1.7876763000000033
1.1304,0.08174113830000018,1.7876763000000033
1.130625,0.08174113830000018,1.7876763000000033
1.13085,0.08174113830000018,1.7876763000000033
1.131075,0.08352881460000018,1.7778663000000032
1.1313,0.08352881460000018,1.7778663000000032
1.131525,0.08352881460000018,1.7778663000000032
1.13175,0.08352881460000018,1.7778663000000032
1.131975,0.08530668090000018,1.7680563000000031
1.1321999999999999,0.08530668090000018,1.7680563000000031
1.132425,0.08530668090000018,1.7680563000000031
1.13265,0.08530668090000018,1.7680563000000031
1.132875,0.08530668090000018,1.7680563000000031
1.1331,0.08707473720000018,1.758246300000003
1.133325,0.08707473720000018,1.758246300000003
1.13355,0.08707473720000018,1.758246300000003
1.133775,0.08707473720000018,1.758246300000003
1.134,0.08883298350000018,1.748436300000003
1.134225,0.08883298350000018,1.748436300000003
1.13445,0.08883298350000018,1.748436300000003
1.1346749999999999,0.08883298350000018,1.748436300000003
1.1349,0.09058141980000019,1.7386263000000028
1.135125,0.09058141980000019,1.7386263000000028
1.1353499999999999,0.09058141980000019,1.7386263000000028
1.135575,0.09058141980000019,1.7386263000000028
1.1358,0.09058141980000019,1.7386263000000028
1.136025,0.09232004610000019,1.7288163000000027
1.13625,0.09232004610000019,1.7288163000000027
1.136475,0.09232004610000019,1.7288163000000027
1.1367,0.09232004610000019,1.7288163000000027
1.136925,0.0940488624000002,1.7190063000000027
1.1371499999999999,0.0940488624000002,1.7190063000000027
1.137375,0.0940488624000002,1.7190063000000027
1.1376,0.0940488624000002,1.7190063000000027
1.1378249999999999,0.0940488624000002,1.7190063000000027
1.13805,0.0957678687000002,1.7091963000000026
1.138275,0.0957678687000002,1.7091963000000026
1.1385,0.0957678687000002,1.7091963000000026
1.138725,0.0957678687000002,1.7091963000000026
1.13895,0.09747706500000021,1.6993863000000025
1.139175,0.09747706500000021,1.6993863000000025
1.1394,0.09747706500000021,1.6993863000000025
1.1396249999999999,0.09747706500000021,1.6993863000000025
1.13985,0.09747706500000021,1.6993863000000025
1.140075,0.09917645130000022,1.6895763000000024
1.1402999999999999,0.09917645130000022,1.6895763000000024
1.140525,0.09917645130000022,1.6895763000000024
1.14075,0.09917645130000022,1.6895763000000024
1.140975,0.10086602760000023,1.6797663000000023
1.1412,0.10086602760000023,1.6797663000000023
1.141425,0.10086602760000023,1.6797663000000023
1.14165,0.10086602760000023,1.6797663000000023
1.141875,0.10086602760000023,1.6797663000000023
1.1421,0.10254579390000022,1.6699563000000022
1.142325,0.10254579390000022,1.6699563000000022
1.14255,0.10254579390000022,1.6699563000000022
1.1427749999999999,0.10254579390000022,1.6699563000000022
1.143,0.10421575020000022,1.660146300000002
1.143225,0.10421575020000022,1.660146300000002
1.14345,0.10421575020000022,1.660146300000002
1.143675,0.10421575020000022,1.660146300000002
1.1439,0.10587589650000022,1.650336300000002
1.144125,0.10587589650000022,1.650336300000002
1.14435,0.10587589650000022,1.650336300000002
1.144575,0.10587589650000022,1.650336300000002
1.1448,0.10587589650000022,1.650336300000002
1.145025,0.10752623280000022,1.6405263000000019
1.1452499999999999,0.10752623280000022,1.6405263000000019
1.145475,0.10752623280000022,1.6405263000000019
1.1457,0.10752623280000022,1.6405263000000019
1.1459249999999999,0.10916675910000022,1.6307163000000018
1.14615,0.10916675910000022,1.6307163000000018
1.146375,0.10916675910000022,1.6307163000000018
1.1466,0.10916675910000022,1.6307163000000018
1.146825,0.10916675910000022,1.6307163000000018
1.14705,0.11079747540000022,1.6209063000000017
1.147275,0.11079747540000022,1.6209063000000017
1.1475,0.11079747540000022,1.6209063000000017
1.1477249999999999,0.11079747540000022,1.6209063000000017
1.14795,0.11241838170000022,1.6110963000000016
1.148175,0.11241838170000022,1.6110963000000016
1.1483999999999999,0.11241838170000022,1.6110963000000016
1.148625,0.11241838170000022,1.6110963000000016
1.14885,0.11241838170000022,1.6110963000000016
1.149075,0.11402947800000023,1.6012863000000015
1.1493,0.11402947800000023,1.6012863000000015
1.149525,0.11402947800000023,1.6012863000000015
1.14975,0.11402947800000023,1.6012863000000015
1.149975,0.11563076430000023,1.5914763000000014
1.1502,0.11563076430000023,1.5914763000000014
1.150425,0.11563076430000023,1.5914763000000014
1.15065,0.11563076430000023,1.5914763000000014
1.1508749999999999,0.11563076430000023,1.5914763000000014
1.1511,0.11722224060000024,1.5816663000000013
1.151325,0.11722224060000024,1.5816663000000013
1.15155,0.11722224060000024,1.5816663000000013
1.151775,0.11722224060000024,1.5816663000000013
1.152,0.11880390690000024,1.5718563000000012
1.152225,0.11880390690000024,1.5718563000000012
1.15245,0.11880390690000024,1.5718563000000012
1.152675,0.11880390690000024,1.5718563000000012
1.1529,0.12037576320000025,1.562046300000001
1.153125,0.12037576320000025,1.562046300000001
1.1533499999999999,0.12037576320000025,1.562046300000001
1.153575,0.12037576320000025,1.562046300000001
1.1538,0.12037576320000025,1.562046300000001
1.154025,0.12193780950000024,1.552236300000001
1.15425,0.12193780950000024,1.552236300000001
1.154475,0.12193780950000024,1.552236300000001
1.1547,0.12193780950000024,1.552236300000001
1.154925,0.12349004580000024,1.542426300000001
1.15515,0.12349004580000024,1.542426300000001
1.155375,0.12349004580000024,1.542426300000001
1.1556,0.12349004580000024,1.542426300000001
1.1558249999999999,0.12349004580000024,1.542426300000001
1.15605,0.12503247210000024,1.5326163000000008
1.156275,0.12503247210000024,1.5326163000000008
1.1564999999999999,0.12503247210000024,1.5326163000000008
1.156725,0.12503247210000024,1.5326163000000008
1.15695,0.12656508840000025,1.5228063000000007
1.157175,0.12656508840000025,1.5228063000000007
1.1574,0.12656508840000025,1.5228063000000007
1.157625,0.12656508840000025,1.5228063000000007
1.15785,0.12656508840000025,1.5228063000000007
1.158075,0.12808789470000026,1.5129963000000006
1.1582999999999999,0.12808789470000026,1.5129963000000006
1.158525,0.12808789470000026,1.5129963000000006
1.15875,0.12808789470000026,1.5129963000000006
1.1589749999999999,0.12960089100000027,1.5031863000000005
1.1592,0.12960089100000027,1.5031863000000005
1.159425,0.12960089100000027,1.5031863000000005
1.15965,0.12960089100000027,1.5031863000000005
1.159875,0.12960089100000027,1.5031863000000005
1.1601,0.1311040773000003,1.4933763000000004
1.160325,0.1311040773000003,1.4933763000000004
1.16055,0.1311040773000003,1.4933763000000004
1.160775,0.1311040773000003,1.4933763000000004
1.161,0.13259745360000028,1.4835663000000003
1.161225,0.13259745360000028,1.4835663000000003
1.1614499999999999,0.13259745360000028,1.4835663000000003
1.161675,0.13259745360000028,1.4835663000000003
1.1619,0.13408101990000026,1.4737563000000002
1.162125,0.13408101990000026,1.4737563000000002
1.16235,0.13408101990000026,1.4737563000000002
1.162575,0.13408101990000026,1.4737563000000002
1.1628,0.13408101990000026,1.4737563000000002
1.163025,0.13555477620000025,1.4639463000000001
1.16325,0.13555477620000025,1.4639463000000001
1.163475,0.13555477620000025,1.4639463000000001
1.1637,0.13555477620000025,1.4639463000000001
1.1639249999999999,0.13701872250000025,1.4541363
1.16415,0.13701872250000025,1.4541363
1.164375,0.13701872250000025,1.4541363
1.1645999999999999,0.13701872250000025,1.4541363
1.164825,0.13701872250000025,1.4541363
1.16505,0.13847285880000024,1.4443263
1.165275,0.13847285880000024,1.4443263
1.1655,0.13847285880000024,1.4443263
1.165725,0.13847285880000024,1.4443263
1.16595,0.13991718510000023,1.4345162999999999
1.166175,0.13991718510000023,1.4345162999999999
1.1663999999999999,0.13991718510000023,1.4345162999999999
1.166625,0.13991718510000023,1.4345162999999999
1.16685,0.13991718510000023,1.4345162999999999
1.1670749999999999,0.14135170140000022,1.4247062999999998
1.1673,0.14135170140000022,1.4247062999999998
1.167525,0.14135170140000022,1.4247062999999998
1.16775,0.14135170140000022,1.4247062999999998
1.167975,0.14277640770000022,1.4148962999999997
1.1682,0.14277640770000022,1.4148962999999997
1.168425,0.14277640770000022,1.4148962999999997
1.16865,0.14277640770000022,1.4148962999999997
1.1688749999999999,0.14277640770000022,1.4148962999999997
1.1691,0.14419130400000021,1.4050862999999996
1.169325,0.14419130400000021,1.4050862999999996
1.1695499999999999,0.14419130400000021,1.4050862999999996
1.169775,0.14419130400000021,1.4050862999999996
1.17,0.1455963903000002,1.3952762999999995
1.170225,0.1455963903000002,1.3952762999999995
1.17045,0.1455963903000002,1.3952762999999995
1.170675,0.1455963903000002,1.3952762999999995
1.1709,0.1469916666000002,1.3854662999999994
1.171125,0.1469916666000002,1.3854662999999994
1.17135,0.1469916666000002,1.3854662999999994
1.171575,0.1469916666000002,1.3854662999999994
1.1718,0.1469916666000002,1.3854662999999994
1.1720249999999999,0.1483771329000002,1.3756562999999993
1.17225,0.1483771329000002,1.3756562999999993
1.172475,0.1483771329000002,1.3756562999999993
1.1727,0.1483771329000002,1.3756562999999993
1.172925,0.1497527892000002,1.3658462999999992
1.17315,0.1497527892000002,1.3658462999999992
1.173375,0.1497527892000002,1.3658462999999992
1.1736,0.1497527892000002,1.3658462999999992
1.173825,0.1497527892000002,1.3658462999999992
1.17405,0.1511186355000002,1.356036299999999
1.174275,0.1511186355000002,1.356036299999999
1.1744999999999999,0.1511186355000002,1.356036299999999
1.174725,0.1511186355000002,1.356036299999999
1.17495,0.1524746718000002,1.346226299999999
1.1751749999999999,0.1524746718000002,1.346226299999999
1.1754,0.1524746718000002,1.346226299999999
1.175625,0.1524746718000002,1.346226299999999
1.17585,0.1524746718000002,1.346226299999999
1.176075,0.15382089810000021,1.336416299999999
1.1763,0.15382089810000021,1.336416299999999
1.176525,0.15382089810000021,1.336416299999999
1.17675,0.15382089810000021,1.336416299999999
1.1769749999999999,0.15515731440000022,1.3266062999999988
1.1772,0.15515731440000022,1.3266062999999988
1.177425,0.15515731440000022,1.3266062999999988
1.1776499999999999,0.15515731440000022,1.3266062999999988
1.177875,0.15515731440000022,1.3266062999999988
1.1781,0.15648392070000022,1.3167962999999987
1.178325,0.15648392070000022,1.3167962999999987
1.17855,0.15648392070000022,1.3167962999999987
1.178775,0.15648392070000022,1.3167962999999987
1.179,0.15780071700000023,1.3069862999999986
1.179225,0.15780071700000023,1.3069862999999986
1.1794499999999999,0.15780071700000023,1.3069862999999986
1.179675,0.15780071700000023,1.3069862999999986
1.1799,0.15910770330000024,1.2971762999999985
1.1801249999999999,0.15910770330000024,1.2971762999999985
1.18035,0.15910770330000024,1.2971762999999985
1.180575,0.15910770330000024,1.2971762999999985
1.1808,0.15910770330000024,1.2971762999999985
1.181025,0.16040487960000024,1.2873662999999984
1.18125,0.16040487960000024,1.2873662999999984
1.181475,0.16040487960000024,1.2873662999999984
1.1817,0.16040487960000024,1.2873662999999984
1.181925,0.16169224590000025,1.2775562999999983
1.18215,0.16169224590000025,1.2775562999999983
1.182375,0.16169224590000025,1.2775562999999983
1.1825999999999999,0.16169224590000025,1.2775562999999983
1.182825,0.16169224590000025,1.2775562999999983
1.18305,0.16296980220000026,1.2677462999999982
1.183275,0.16296980220000026,1.2677462999999982
1.1835,0.16296980220000026,1.2677462999999982
1.183725,0.16296980220000026,1.2677462999999982
1.18395,0.16423754850000027,1.2579362999999981
1.184175,0.16423754850000027,1.2579362999999981
1.1844,0.16423754850000027,1.2579362999999981
1.184625,0.16423754850000027,1.2579362999999981
1.18485,0.16423754850000027,1.2579362999999981
1.1850749999999999,0.16549548480000026,1.248126299999998
1.1853,0.16549548480000026,1.248126299999998
1.185525,0.16549548480000026,1.248126299999998
1.1857499999999999,0.16549548480000026,1.248126299999998
1.185975,0.16674361110000024,1.238316299999998
1.1862,0.16674361110000024,1.238316299999998
1.186425,0.16674361110000024,1.238316299999998
1.18665,0.16674361110000024,1.238316299999998
1.186875,0.16674361110000024,1.238316299999998
1.1871,0.16798192740000023,1.2285062999999978
1.187325,0.16798192740000023,1.2285062999999978
1.1875499999999999,0.16798192740000023,1.2285062999999978
1.187775,0.16798192740000023,1.2285062999999978
1.188,0.16921043370000022,1.2186962999999977
1.1882249999999999,0.16921043370000022,1.2186962999999977
1.18845,0.16921043370000022,1.2186962999999977
1.188675,0.16921043370000022,1.2186962999999977
1.1889,0.1704291300000002,1.2088862999999976
1.189125,0.1704291300000002,1.2088862999999976
1.18935,0.1704291300000002,1.2088862999999976
1.189575,0.1704291300000002,1.2088862999999976
1.1898,0.1704291300000002,1.2088862999999976
1.1900249999999999,0.1716380163000002,1.1990762999999975
1.19025,0.1716380163000002,1.1990762999999975
1.190475,0.1716380163000002,1.1990762999999975
1.1906999999999999,0.1716380163000002,1.1990762999999975
1.190925,0.1728370926000002,1.1892662999999974
1.19115,0.1728370926000002,1.1892662999999974
1.191375,0.1728370926000002,1.1892662999999974
1.1916,0.1728370926000002,1.1892662999999974
1.191825,0.1728370926000002,1.1892662999999974
1.19205,0.17402635890000018,1.1794562999999973
1.192275,0.17402635890000018,1.1794562999999973
1.1925,0.17402635890000018,1.1794562999999973
1.192725,0.17402635890000018,1.1794562999999973
1.19295,0.17520581520000017,1.1696462999999973
1.1931749999999999,0.17520581520000017,1.1696462999999973
1.1934,0.17520581520000017,1.1696462999999973
1.193625,0.17520581520000017,1.1696462999999973
1.19385,0.17520581520000017,1.1696462999999973
1.194075,0.17637546150000016,1.1598362999999972
1.1943,0.17637546150000016,1.1598362999999972
1.194525,0.17637546150000016,1.1598362999999972
1.19475,0.17637546150000016,1.1598362999999972
1.194975,0.17753529780000016,1.150026299999997
1.1952,0.17753529780000016,1.150026299999997
1.195425,0.17753529780000016,1.150026299999997
1.1956499999999999,0.17753529780000016,1.150026299999997
1.195875,0.17753529780000016,1.150026299999997
1.1961,0.17868532410000015,1.140216299999997
1.1963249999999999,0.17868532410000015,1.140216299999997
1.19655,0.17868532410000015,1.140216299999997
1.196775,0.17868532410000015,1.140216299999997
1.197,0.17982554040000015,1.1304062999999969
1.197225,0.17982554040000015,1.1304062999999969
1.19745,0.17982554040000015,1.1304062999999969
1.197675,0.17982554040000015,1.1304062999999969
1.1979,0.18095594670000015,1.1205962999999968
1.1981249999999999,0.18095594670000015,1.1205962999999968
1.19835,0.18095594670000015,1.1205962999999968
1.198575,0.18095594670000015,1.1205962999999968
1.1987999999999999,0.18095594670000015,1.1205962999999968
1.199025,0.18207654300000015,1.1107862999999967
1.19925,0.18207654300000015,1.1107862999999967
1.199475,0.18207654300000015,1.1107862999999967
1.1997,0.18207654300000015,1.1107862999999967
1.199925,0.18318732930000015,1.1009762999999966
1.20015,0.18318732930000015,1.1009762999999966
1.200375,0.18318732930000015,1.1009762999999966
1.2006,0.18318732930000015,1.1009762999999966
1.200825,0.18318732930000015,1.1009762999999966
1.20105,0.18428830560000015,1.0911662999999965
1.2012749999999999,0.18428830560000015,1.0911662999999965
1.2015,0.18428830560000015,1.0911662999999965
1.201725,0.18428830560000015,1.0911662999999965
1.20195,0.18537947190000015,1.0813562999999964
1.202175,0.18537947190000015,1.0813562999999964
1.2024,0.18537947190000015,1.0813562999999964
1.202625,0.18537947190000015,1.0813562999999964
1.20285,0.18537947190000015,1.0813562999999964
1.203075,0.18646082820000015,1.0715462999999963
1.2033,0.18646082820000015,1.0715462999999963
1.203525,0.18646082820000015,1.0715462999999963
1.2037499999999999,0.18646082820000015,1.0715462999999963
1.203975,0.18753237450000015,1.0617362999999962
1.2042,0.18753237450000015,1.0617362999999962
1.2044249999999999,0.18753237450000015,1.0617362999999962
1.20465,0.18753237450000015,1.0617362999999962
1.204875,0.18753237450000015,1.0617362999999962
1.2051,0.18859411080000016,1.051926299999996
1.205325,0.18859411080000016,1.051926299999996
1.20555,0.18859411080000016,1.051926299999996
1.205775,0.18859411080000016,1.051926299999996
1.206,0.18964603710000016,1.042116299999996
1.2062249999999999,0.18964603710000016,1.042116299999996
1.20645,0.18964603710000016,1.042116299999996
1.206675,0.18964603710000016,1.042116299999996
1.2068999999999999,0.19068815340000017,1.032306299999996
1.207125,0.19068815340000017,1.032306299999996
1.20735,0.19068815340000017,1.032306299999996
1.207575,0.19068815340000017,1.032306299999996
1.2078,0.19068815340000017,1.032306299999996
1.208025,0.19172045970000018,1.0224962999999958
1.20825,0.19172045970000018,1.0224962999999958
1.208475,0.19172045970000018,1.0224962999999958
1.2086999999999999,0.19172045970000018,1.0224962999999958
1.208925,0.1927429560000002,1.0126862999999957
1.20915,0.1927429560000002,1.0126862999999957
1.2093749999999999,0.1927429560000002,1.0126862999999957
1.2096,0.1927429560000002,1.0126862999999957
1.209825,0.1927429560000002,1.0126862999999957
1.21005,0.1937556423000002,1.0028762999999956
1.210275,0.1937556423000002,1.0028762999999956
1.2105,0.1937556423000002,1.0028762999999956
1.210725,0.1937556423000002,1.0028762999999956
1.21095,0.19475851860000018,0.9930662999999956
1.211175,0.19475851860000018,0.9930662999999956
1.2114,0.19475851860000018,0.9930662999999956
1.211625,0.19475851860000018,0.9930662999999956
1.2118499999999999,0.19475851860000018,0.9930662999999956
1.212075,0.19575158490000016,0.9832562999999956
1.2123,0.19575158490000016,0.9832562999999956
1.212525,0.19575158490000016,0.9832562999999956
1.21275,0.19575158490000016,0.9832562999999956
1.212975,0.19673484120000015,0.9734462999999957
1.2132,0.19673484120000015,0.9734462999999957
1.213425,0.19673484120000015,0.9734462999999957
1.21365,0.19673484120000015,0.9734462999999957
1.213875,0.19673484120000015,0.9734462999999957
1.2141,0.19770828750000013,0.9636362999999957
1.2143249999999999,0.19770828750000013,0.9636362999999957
1.21455,0.19770828750000013,0.9636362999999957
1.214775,0.19770828750000013,0.9636362999999957
1.2149999999999999,0.19867192380000012,0.9538262999999957
1.215225,0.19867192380000012,0.9538262999999957
1.21545,0.19867192380000012,0.9538262999999957
1.215675,0.19867192380000012,0.9538262999999957
1.2159,0.1996257501000001,0.9440162999999957
1.216125,0.1996257501000001,0.9440162999999957
1.21635,0.1996257501000001,0.9440162999999957
1.216575,0.1996257501000001,0.9440162999999957
1.2167999999999999,0.1996257501000001,0.9440162999999957
1.217025,0.2005697664000001,0.9342062999999957
1.21725,0.2005697664000001,0.9342062999999957
1.2174749999999999,0.2005697664000001,0.9342062999999957
1.2177,0.2005697664000001,0.9342062999999957
1.217925,0.2015039727000001,0.9243962999999957
1.21815,0.2015039727000001,0.9243962999999957
1.218375,0.2015039727000001,0.9243962999999957
1.2186,0.2015039727000001,0.9243962999999957
1.218825,0.2015039727000001,0.9243962999999957
1.21905,0.20242836900000008,0.9145862999999957
1.2192749999999999,0.20242836900000008,0.9145862999999957
1.2195,0.20242836900000008,0.9145862999999957
1.219725,0.20242836900000008,0.9145862999999957
1.2199499999999999,0.20334295530000007,0.9047762999999958
1.220175,0.20334295530000007,0.9047762999999958
1.2204,0.20334295530000007,0.9047762999999958
1.220625,0.20334295530000007,0.9047762999999958
1.22085,0.20334295530000007,0.9047762999999958
1.221075,0.20424773160000007,0.8949662999999958
1.2213,0.20424773160000007,0.8949662999999958
1.221525,0.20424773160000007,0.8949662999999958
1.22175,0.20424773160000007,0.8949662999999958
1.221975,0.20514269790000006,0.8851562999999958
1.2222,0.20514269790000006,0.8851562999999958
1.2224249999999999,0.20514269790000006,0.8851562999999958
1.22265,0.20514269790000006,0.8851562999999958
1.222875,0.20514269790000006,0.8851562999999958
1.2231,0.20602785420000005,0.8753462999999958
1.223325,0.20602785420000005,0.8753462999999958
1.22355,0.20602785420000005,0.8753462999999958
1.223775,0.20602785420000005,0.8753462999999958
1.224,0.20690320050000005,0.8655362999999958
1.224225,0.20690320050000005,0.8655362999999958
1.22445,0.20690320050000005,0.8655362999999958
1.224675,0.20690320050000005,0.8655362999999958
1.2248999999999999,0.20776873680000005,0.8557262999999958
1.225125,0.20776873680000005,0.8557262999999958
1.22535,0.20776873680000005,0.8557262999999958
1.2255749999999999,0.20776873680000005,0.8557262999999958
1.2258,0.20776873680000005,0.8557262999999958
1.226025,0.20862446310000005,0.8459162999999958
1.22625,0.20862446310000005,0.8459162999999958
1.226475,0.20862446310000005,0.8459162999999958
1.2267,0.20862446310000005,0.8459162999999958
1.226925,0.20947037940000005,0.8361062999999959
1.22715,0.20947037940000005,0.8361062999999959
1.2273749999999999,0.20947037940000005,0.8361062999999959
1.2276,0.20947037940000005,0.8361062999999959
1.227825,0.20947037940000005,0.8361062999999959
1.2280499999999999,0.21030648570000005,0.8262962999999959
1.228275,0.21030648570000005,0.8262962999999959
1.2285,0.21030648570000005,0.8262962999999959
1.228725,0.21030648570000005,0.8262962999999959
1.22895,0.21113278200000005,0.8164862999999959
1.229175,0.21113278200000005,0.8164862999999959
1.2294,0.21113278200000005,0.8164862999999959
1.229625,0.21113278200000005,0.8164862999999959
1.2298499999999999,0.21113278200000005,0.8164862999999959
1.230075,0.21194926830000005,0.8066762999999959
1.2303,0.21194926830000005,0.8066762999999959
1.2305249999999999,0.21194926830000005,0.8066762999999959
1.23075,0.21194926830000005,0.8066762999999959
1.230975,0.21275594460000005,0.7968662999999959
1.2312,0.21275594460000005,0.7968662999999959
1.231425,0.21275594460000005,0.7968662999999959
1.23165,0.21275594460000005,0.7968662999999959
1.231875,0.21275594460000005,0.7968662999999959
1.2321,0.21355281090000006,0.7870562999999959
1.232325,0.21355281090000006,0.7870562999999959
1.23255,0.21355281090000006,0.7870562999999959
1.232775,0.21355281090000006,0.7870562999999959
1.2329999999999999,0.21433986720000006,0.777246299999996
1.233225,0.21433986720000006,0.777246299999996
1.23345,0.21433986720000006,0.777246299999996
1.233675,0.21433986720000006,0.777246299999996
1.2339,0.21511711350000007,0.767436299999996
1.234125,0.21511711350000007,0.767436299999996
1.23435,0.21511711350000007,0.767436299999996
1.234575,0.21511711350000007,0.767436299999996
1.2348,0.21511711350000007,0.767436299999996
1.235025,0.21588454980000008,0.757626299999996
1.23525,0.21588454980000008,0.757626299999996
1.2354749999999999,0.21588454980000008,0.757626299999996
1.2357,0.21588454980000008,0.757626299999996
1.235925,0.21664217610000008,0.747816299999996
1.2361499999999999,0.21664217610000008,0.747816299999996
1.236375,0.21664217610000008,0.747816299999996
1.2366,0.21664217610000008,0.747816299999996
1.236825,0.21664217610000008,0.747816299999996
1.23705,0.2173899924000001,0.738006299999996
1.237275,0.2173899924000001,0.738006299999996
1.2375,0.2173899924000001,0.738006299999996
1.237725,0.2173899924000001,0.738006299999996
1.2379499999999999,0.21812799870000008,0.728196299999996
1.238175,0.21812799870000008,0.728196299999996
1.2384,0.21812799870000008,0.728196299999996
1.2386249999999999,0.21812799870000008,0.728196299999996
1.23885,0.21812799870000008,0.728196299999996
1.239075,0.21885619500000006,0.718386299999996
1.2393,0.21885619500000006,0.718386299999996
1.239525,0.21885619500000006,0.718386299999996
1.23975,0.21885619500000006,0.718386299999996
1.239975,0.21957458130000004,0.708576299999996
1.2402,0.21957458130000004,0.708576299999996
1.2404249999999999,0.21957458130000004,0.708576299999996
1.24065,0.21957458130000004,0.708576299999996
1.240875,0.21957458130000004,0.708576299999996
1.2410999999999999,0.22028315760000003,0.6987662999999961
1.241325,0.22028315760000003,0.6987662999999961
1.24155,0.22028315760000003,0.6987662999999961
1.241775,0.22028315760000003,0.6987662999999961
1.242,0.22098192390000002,0.6889562999999961
1.242225,0.22098192390000002,0.6889562999999961
1.24245,0.22098192390000002,0.6889562999999961
1.242675,0.22098192390000002,0.6889562999999961
1.2429,0.2216708802,0.6791462999999961
1.243125,0.2216708802,0.6791462999999961
1.24335,0.2216708802,0.6791462999999961
1.2435749999999999,0.2216708802,0.6791462999999961
1.2438,0.2216708802,0.6791462999999961
1.244025,0.2223500265,0.6693362999999961
1.2442499999999999,0.2223500265,0.6693362999999961
1.244475,0.2223500265,0.6693362999999961
1.2447,0.2223500265,0.6693362999999961
1.244925,0.22301936279999998,0.6595262999999961
1.24515,0.22301936279999998,0.6595262999999961
1.245375,0.22301936279999998,0.6595262999999961
1.2456,0.22301936279999998,0.6595262999999961
1.245825,0.22301936279999998,0.6595262999999961
1.2460499999999999,0.22367888909999997,0.6497162999999961
1.246275,0.22367888909999997,0.6497162999999961
1.2465,0.22367888909999997,0.6497162999999961
1.2467249999999999,0.22367888909999997,0.6497162999999961
1.24695,0.22432860539999996,0.6399062999999962
1.247175,0.22432860539999996,0.6399062999999962
1.2474,0.22432860539999996,0.6399062999999962
1.247625,0.22432860539999996,0.6399062999999962
1.24785,0.22432860539999996,0.6399062999999962
1.248075,0.22496851169999996,0.6300962999999962
1.2483,0.22496851169999996,0.6300962999999962
1.2485249999999999,0.22496851169999996,0.6300962999999962
1.24875,0.22496851169999996,0.6300962999999962
1.248975,0.22559860799999995,0.6202862999999962
1.2491999999999999,0.22559860799999995,0.6202862999999962
1.249425,0.22559860799999995,0.6202862999999962
1.24965,0.22559860799999995,0.6202862999999962
1.249875,0.22559860799999995,0.6202862999999962
1.2501,0.22621889429999995,0.6104762999999962
1.250325,0.22621889429999995,0.6104762999999962
1.25055,0.22621889429999995,0.6104762999999962
1.250775,0.22621889429999995,0.6104762999999962
1.251,0.22682937059999994,0.6006662999999962
1.251225,0.22682937059999994,0.6006662999999962
1.25145,0.22682937059999994,0.6006662999999962
1.2516749999999999,0.22682937059999994,0.6006662999999962
1.2519,0.22743003689999994,0.5908562999999962
1.252125,0.22743003689999994,0.5908562999999962
1.25235,0.22743003689999994,0.5908562999999962
1.252575,0.22743003689999994,0.5908562999999962
1.2528,0.22743003689999994,0.5908562999999962
1.253025,0.22802089319999994,0.5810462999999962
1.25325,0.22802089319999994,0.5810462999999962
1.253475,0.22802089319999994,0.5810462999999962
1.2537,0.22802089319999994,0.5810462999999962
1.253925,0.22860193949999993,0.5712362999999963
1.2541499999999999,0.22860193949999993,0.5712362999999963
1.254375,0.22860193949999993,0.5712362999999963
1.2546,0.22860193949999993,0.5712362999999963
1.2548249999999999,0.22860193949999993,0.5712362999999963
1.25505,0.22917317579999993,0.5614262999999963
1.255275,0.22917317579999993,0.5614262999999963
1.2555,0.22917317579999993,0.5614262999999963
1.255725,0.22917317579999993,0.5614262999999963
1.25595,0.22973460209999993,0.5516162999999963
1.256175,0.22973460209999993,0.5516162999999963
1.2564,0.22973460209999993,0.5516162999999963
1.2566249999999999,0.22973460209999993,0.5516162999999963
1.25685,0.22973460209999993,0.5516162999999963
1.257075,0.23028621839999994,0.5418062999999963
1.2572999999999999,0.23028621839999994,0.5418062999999963
1.257525,0.23028621839999994,0.5418062999999963
1.25775,0.23028621839999994,0.5418062999999963
1.257975,0.23082802469999994,0.5319962999999963
1.2582,0.23082802469999994,0.5319962999999963
1.258425,0.23082802469999994,0.5319962999999963
1.25865,0.23082802469999994,0.5319962999999963
1.258875,0.23082802469999994,0.5319962999999963
1.2590999999999999,0.23136002099999994,0.5221862999999963
1.259325,0.23136002099999994,0.5221862999999963
1.25955,0.23136002099999994,0.5221862999999963
1.2597749999999999,0.23136002099999994,0.5221862999999963
1.26,0.23188220729999995,0.5123762999999963
1.260225,0.23188220729999995,0.5123762999999963
1.26045,0.23188220729999995,0.5123762999999963
1.260675,0.23188220729999995,0.5123762999999963
1.2609,0.23239458359999995,0.5025662999999964
1.261125,0.23239458359999995,0.5025662999999964
1.26135,0.23239458359999995,0.5025662999999964
1.261575,0.23239458359999995,0.5025662999999964
1.2618,0.23239458359999995,0.5025662999999964
1.262025,0.23289714989999996,0.49275629999999637
1.2622499999999999,0.23289714989999996,0.49275629999999637
1.262475,0.23289714989999996,0.49275629999999637
1.2627,0.23289714989999996,0.49275629999999637
1.262925,0.23338990619999997,0.4829462999999964
1.26315,0.23338990619999997,0.4829462999999964
1.263375,0.23338990619999997,0.4829462999999964
1.2636,0.23338990619999997,0.4829462999999964
1.263825,0.23338990619999997,0.4829462999999964
1.26405,0.23387285249999998,0.4731362999999964
1.264275,0.23387285249999998,0.4731362999999964
1.2645,0.23387285249999998,0.4731362999999964
1.2647249999999999,0.23387285249999998,0.4731362999999964
1.26495,0.2343459888,0.4633262999999964
1.265175,0.2343459888,0.4633262999999964
1.2653999999999999,0.2343459888,0.4633262999999964
1.265625,0.2343459888,0.4633262999999964
1.26585,0.2343459888,0.4633262999999964
1.266075,0.23480931509999997,0.45351629999999643
1.2663,0.23480931509999997,0.45351629999999643
1.266525,0.23480931509999997,0.45351629999999643
1.26675,0.23480931509999997,0.45351629999999643
1.266975,0.23526283139999996,0.44370629999999645
1.2671999999999999,0.23526283139999996,0.44370629999999645
1.267425,0.23526283139999996,0.44370629999999645
1.26765,0.23526283139999996,0.44370629999999645
1.2678749999999999,0.23526283139999996,0.44370629999999645
1.2681,0.23570653769999994,0.43389629999999646
1.268325,0.23570653769999994,0.43389629999999646
1.26855,0.23570653769999994,0.43389629999999646
1.268775,0.23570653769999994,0.43389629999999646
1.269,0.23614043399999993,0.4240862999999965
1.269225,0.23614043399999993,0.4240862999999965
1.26945,0.23614043399999993,0.4240862999999965
1.2696749999999999,0.23614043399999993,0.4240862999999965
1.2699,0.23656452029999991,0.4142762999999965
1.270125,0.23656452029999991,0.4142762999999965
1.2703499999999999,0.23656452029999991,0.4142762999999965
1.270575,0.23656452029999991,0.4142762999999965
1.2708,0.23656452029999991,0.4142762999999965
1.271025,0.2369787965999999,0.4044662999999965
1.27125,0.2369787965999999,0.4044662999999965
1.271475,0.2369787965999999,0.4044662999999965
1.2717,0.2369787965999999,0.4044662999999965
1.271925,0.2373832628999999,0.3946562999999965
1.27215,0.2373832628999999,0.3946562999999965
1.272375,0.2373832628999999,0.3946562999999965
1.2726,0.2373832628999999,0.3946562999999965
1.2728249999999999,0.2373832628999999,0.3946562999999965
1.27305,0.23777791919999988,0.38484629999999653
1.273275,0.23777791919999988,0.38484629999999653
1.2734999999999999,0.23777791919999988,0.38484629999999653
1.273725,0.23777791919999988,0.38484629999999653
1.27395,0.23816276549999987,0.37503629999999655
1.274175,0.23816276549999987,0.37503629999999655
1.2744,0.23816276549999987,0.37503629999999655
1.274625,0.23816276549999987,0.37503629999999655
1.27485,0.23816276549999987,0.37503629999999655
1.275075,0.23853780179999987,0.36522629999999656
1.2752999999999999,0.23853780179999987,0.36522629999999656
1.275525,0.23853780179999987,0.36522629999999656
1.27575,0.23853780179999987,0.36522629999999656
1.2759749999999999,0.23890302809999986,0.3554162999999966
1.2762,0.23890302809999986,0.3554162999999966
1.276425,0.23890302809999986,0.3554162999999966
1.27665,0.23890302809999986,0.3554162999999966
1.276875,0.23890302809999986,0.3554162999999966
1.2771,0.23925844439999985,0.3456062999999966
1.277325,0.23925844439999985,0.3456062999999966
1.27755,0.23925844439999985,0.3456062999999966
1.2777749999999999,0.23925844439999985,0.3456062999999966
1.278,0.23960405069999985,0.3357962999999966
1.278225,0.23960405069999985,0.3357962999999966
1.2784499999999999,0.23960405069999985,0.3357962999999966
1.278675,0.23960405069999985,0.3357962999999966
1.2789,0.23993984699999985,0.3259862999999966
1.279125,0.23993984699999985,0.3259862999999966
1.27935,0.23993984699999985,0.3259862999999966
1.279575,0.23993984699999985,0.3259862999999966
1.2798,0.23993984699999985,0.3259862999999966
1.280025,0.24026583329999984,0.31617629999999664
1.2802499999999999,0.24026583329999984,0.31617629999999664
1.280475,0.24026583329999984,0.31617629999999664
1.2807,0.24026583329999984,0.31617629999999664
1.2809249999999999,0.24058200959999984,0.30636629999999665
1.28115,0.24058200959999984,0.30636629999999665
1.281375,0.24058200959999984,0.30636629999999665
1.2816,0.24058200959999984,0.30636629999999665
1.281825,0.24058200959999984,0.30636629999999665
1.28205,0.24088837589999984,0.29655629999999666
1.282275,0.24088837589999984,0.29655629999999666
1.2825,0.24088837589999984,0.29655629999999666
1.282725,0.24088837589999984,0.29655629999999666
1.28295,0.24118493219999984,0.2867462999999967
1.283175,0.24118493219999984,0.2867462999999967
1.2833999999999999,0.24118493219999984,0.2867462999999967
1.283625,0.24118493219999984,0.2867462999999967
1.28385,0.24118493219999984,0.2867462999999967
1.2840749999999999,0.24147167849999984,0.2769362999999967
1.2843,0.24147167849999984,0.2769362999999967
1.284525,0.24147167849999984,0.2769362999999967
1.28475,0.24147167849999984,0.2769362999999967
1.284975,0.24174861479999984,0.2671262999999967
1.2852,0.24174861479999984,0.2671262999999967
1.285425,0.24174861479999984,0.2671262999999967
1.28565,0.24174861479999984,0.2671262999999967
1.2858749999999999,0.24174861479999984,0.2671262999999967
1.2861,0.24201574109999985,0.2573162999999967
1.286325,0.24201574109999985,0.2573162999999967
1.2865499999999999,0.24201574109999985,0.2573162999999967
1.286775,0.24201574109999985,0.2573162999999967
1.287,0.24227305739999985,0.2475062999999967
1.287225,0.24227305739999985,0.2475062999999967
1.28745,0.24227305739999985,0.2475062999999967
1.287675,0.24227305739999985,0.2475062999999967
1.2879,0.24252056369999986,0.2376962999999967
1.288125,0.24252056369999986,0.2376962999999967
1.2883499999999999,0.24252056369999986,0.2376962999999967
1.288575,0.24252056369999986,0.2376962999999967
1.2888,0.24252056369999986,0.2376962999999967
1.2890249999999999,0.24275825999999986,0.22788629999999668
1.28925,0.24275825999999986,0.22788629999999668
1.289475,0.24275825999999986,0.22788629999999668
1.2897,0.24275825999999986,0.22788629999999668
1.289925,0.24298614629999987,0.21807629999999667
1.29015,0.24298614629999987,0.21807629999999667
1.290375,0.24298614629999987,0.21807629999999667
1.2906,0.24298614629999987,0.21807629999999667
1.290825,0.24298614629999987,0.21807629999999667
1.29105,0.24320422259999988,0.20826629999999666
1.291275,0.24320422259999988,0.20826629999999666
1.2914999999999999,0.24320422259999988,0.20826629999999666
1.291725,0.24320422259999988,0.20826629999999666
1.29195,0.2434124888999999,0.19845629999999664
1.292175,0.2434124888999999,0.19845629999999664
1.2924,0.2434124888999999,0.19845629999999664
1.292625,0.2434124888999999,0.19845629999999664
1.29285,0.2434124888999999,0.19845629999999664
1.293075,0.24361094519999987,0.18864629999999663
1.2933,0.24361094519999987,0.18864629999999663
1.293525,0.24361094519999987,0.18864629999999663
1.29375,0.24361094519999987,0.18864629999999663
1.2939749999999999,0.24379959149999986,0.17883629999999662
1.2942,0.24379959149999986,0.17883629999999662
1.294425,0.24379959149999986,0.17883629999999662
1.2946499999999999,0.24379959149999986,0.17883629999999662
1.294875,0.24379959149999986,0.17883629999999662
1.2951,0.24397842779999984,0.1690262999999966
1.295325,0.24397842779999984,0.1690262999999966
1.29555,0.24397842779999984,0.1690262999999966
1.295775,0.24397842779999984,0.1690262999999966
1.296,0.24414745409999983,0.1592162999999966
1.296225,0.24414745409999983,0.1592162999999966
1.2964499999999999,0.24414745409999983,0.1592162999999966
1.296675,0.24414745409999983,0.1592162999999966
1.2969,0.24430667039999981,0.14940629999999658
1.2971249999999999,0.24430667039999981,0.14940629999999658
1.29735,0.24430667039999981,0.14940629999999658
1.297575,0.24430667039999981,0.14940629999999658
1.2978,0.24430667039999981,0.14940629999999658
1.298025,0.2444560766999998,0.13959629999999656
1.29825,0.2444560766999998,0.13959629999999656
1.298475,0.2444560766999998,0.13959629999999656
1.2987,0.2444560766999998,0.13959629999999656
1.2989249999999999,0.2445956729999998,0.12978629999999655
1.29915,0.2445956729999998,0.12978629999999655
1.299375,0.2445956729999998,0.12978629999999655
1.2995999999999999,0.2445956729999998,0.12978629999999655
1.299825,0.2445956729999998,0.12978629999999655
1.30005,0.24472545929999978,0.11997629999999655
1.300275,0.24472545929999978,0.11997629999999655
1.3005,0.24472545929999978,0.11997629999999655
1.300725,0.24472545929999978,0.11997629999999655
1.30095,0.24484543559999977,0.11016629999999655
1.301175,0.24484543559999977,0.11016629999999655
1.3014,0.24484543559999977,0.11016629999999655
1.301625,0.24484543559999977,0.11016629999999655
1.30185,0.24484543559999977,0.11016629999999655
1.3020749999999999,0.24495560189999976,0.10035629999999655
1.3023,0.24495560189999976,0.10035629999999655
1.302525,0.24495560189999976,0.10035629999999655
1.30275,0.24495560189999976,0.10035629999999655
1.302975,0.24505595819999976,0.09054629999999655
1.3032,0.24505595819999976,0.09054629999999655
1.303425,0.24505595819999976,0.09054629999999655
1.30365,0.24505595819999976,0.09054629999999655
1.303875,0.24505595819999976,0.09054629999999655
1.3041,0.24514650449999975,0.08073629999999656
1.304325,0.24514650449999975,0.08073629999999656
1.3045499999999999,0.24514650449999975,0.08073629999999656
1.304775,0.24514650449999975,0.08073629999999656
1.305,0.24522724079999975,0.07092629999999656
1.3052249999999999,0.24522724079999975,0.07092629999999656
1.30545,0.24522724079999975,0.07092629999999656
1.305675,0.24522724079999975,0.07092629999999656
1.3059,0.24529816709999974,0.06111629999999656
1.306125,0.24529816709999974,0.06111629999999656
1.30635,0.24529816709999974,0.06111629999999656
1.306575,0.24529816709999974,0.06111629999999656
1.3068,0.24529816709999974,0.06111629999999656
1.3070249999999999,0.24535928339999974,0.05130629999999656
1.30725,0.24535928339999974,0.05130629999999656
1.307475,0.24535928339999974,0.05130629999999656
1.3076999999999999,0.24535928339999974,0.05130629999999656
1.307925,0.24541058969999974,0.04149629999999656
1.30815,0.24541058969999974,0.04149629999999656
1.308375,0.24541058969999974,0.04149629999999656
1.3086,0.24541058969999974,0.04149629999999656
1.308825,0.24541058969999974,0.04149629999999656
1.30905,0.24545208599999974,0.03168629999999656
1.309275,0.24545208599999974,0.03168629999999656
1.3094999999999999,0.24545208599999974,0.03168629999999656
1.309725,0.24545208599999974,0.03168629999999656
1.30995,0.24548377229999974,0.02187629999999656
1.3101749999999999,0.24548377229999974,0.02187629999999656
1.3104,0.24548377229999974,0.02187629999999656
1.310625,0.24548377229999974,0.02187629999999656
1.31085,0.24548377229999974,0.02187629999999656
1.311075,0.24550564859999974,0.012066299999996559
1.3113,0.24550564859999974,0.012066299999996559
1.311525,0.24550564859999974,0.012066299999996559
1.31175,0.24550564859999974,0.012066299999996559
1.311975,0.24551771489999974,0.0022562999999965576
1.3122,0.24551771489999974,0.0022562999999965576
1.312425,0.24551771489999974,0.0022562999999965576
1.3126499999999999,0.24551771489999974,0.0022562999999965576
1.312875,0.24551771489999974,0.0022562999999965576
1.3131,0.24551997119999974,-0.007553700000003443
1.3133249999999999,0.24551997119999974,-0.007553700000003443
1.31355,0.24551997119999974,-0.007553700000003443
1.313775,0.24551997119999974,-0.007553700000003443
1.314,0.24551241749999975,-0.017363700000003444
1.314225,0.24551241749999975,-0.017363700000003444
1.31445,0.24551241749999975,-0.017363700000003444
1.314675,0.24551241749999975,-0.017363700000003444
1.3149,0.24549505379999975,-0.027173700000003444
1.3151249999999999,0.24549505379999975,-0.027173700000003444
1.31535,0.24549505379999975,-0.027173700000003444
1.315575,0.24549505379999975,-0.027173700000003444
1.3157999999999999,0.24549505379999975,-0.027173700000003444
1.316025,0.24546788009999976,-0.03698370000000344
1.31625,0.24546788009999976,-0.03698370000000344
1.316475,0.24546788009999976,-0.03698370000000344
1.3167,0.24546788009999976,-0.03698370000000344
1.316925,0.24543089639999977,-0.04679370000000344
1.31715,0.24543089639999977,-0.04679370000000344
1.317375,0.24543089639999977,-0.04679370000000344
1.3175999999999999,0.24543089639999977,-0.04679370000000344
1.317825,0.24543089639999977,-0.04679370000000344
1.31805,0.24538410269999977,-0.05660370000000344
1.3182749999999999,0.24538410269999977,-0.05660370000000344
1.3185,0.24538410269999977,-0.05660370000000344
1.318725,0.24538410269999977,-0.05660370000000344
1.31895,0.24532749899999978,-0.06641370000000345
1.319175,0.24532749899999978,-0.06641370000000345
1.3194,0.24532749899999978,-0.06641370000000345
1.319625,0.24532749899999978,-0.06641370000000345
1.31985,0.24532749899999978,-0.06641370000000345
1.3200749999999999,0.2452610852999998,-0.07622370000000345
1.3203,0.2452610852999998,-0.07622370000000345
1.320525,0.2452610852999998,-0.07622370000000345
1.3207499999999999,0.2452610852999998,-0.07622370000000345
1.320975,0.24518486159999978,-0.08603370000000345
1.3212,0.24518486159999978,-0.08603370000000345
1.321425,0.24518486159999978,-0.08603370000000345
1.32165,0.24518486159999978,-0.08603370000000345
1.321875,0.24518486159999978,-0.08603370000000345
1.3221,0.24509882789999976,-0.09584370000000345
1.322325,0.24509882789999976,-0.09584370000000345
1.32255,0.24509882789999976,-0.09584370000000345
1.322775,0.24509882789999976,-0.09584370000000345
1.323,0.24500298419999975,-0.10565370000000344
1.3232249999999999,0.24500298419999975,-0.10565370000000344
1.32345,0.24500298419999975,-0.10565370000000344
1.323675,0.24500298419999975,-0.10565370000000344
1.3238999999999999,0.24489733049999973,-0.11546370000000344
1.324125,0.24489733049999973,-0.11546370000000344
1.32435,0.24489733049999973,-0.11546370000000344
1.324575,0.24489733049999973,-0.11546370000000344
1.3248,0.24489733049999973,-0.11546370000000344
1.325025,0.24478186679999972,-0.12527370000000346
1.32525,0.24478186679999972,-0.12527370000000346
1.325475,0.24478186679999972,-0.12527370000000346
1.3256999999999999,0.24478186679999972,-0.12527370000000346
1.325925,0.2446565930999997,-0.13508370000000347
1.32615,0.2446565930999997,-0.13508370000000347
1.3263749999999999,0.2446565930999997,-0.13508370000000347
1.3266,0.2446565930999997,-0.13508370000000347
1.326825,0.2446565930999997,-0.13508370000000347
1.32705,0.2445215093999997,-0.14489370000000348
1.327275,0.2445215093999997,-0.14489370000000348
1.3275,0.2445215093999997,-0.14489370000000348
1.327725,0.2445215093999997,-0.14489370000000348
1.32795,0.2443766156999997,-0.1547037000000035
1.3281749999999999,0.2443766156999997,-0.1547037000000035
1.3284,0.2443766156999997,-0.1547037000000035
1.328625,0.2443766156999997,-0.1547037000000035
1.3288499999999999,0.2443766156999997,-0.1547037000000035
1.329075,0.24422191199999968,-0.1645137000000035
1.3293,0.24422191199999968,-0.1645137000000035
1.329525,0.24422191199999968,-0.1645137000000035
1.32975,0.24422191199999968,-0.1645137000000035
1.329975,0.24405739829999967,-0.17432370000000352
1.3302,0.24405739829999967,-0.17432370000000352
1.330425,0.24405739829999967,-0.17432370000000352
1.3306499999999999,0.24405739829999967,-0.17432370000000352
1.330875,0.24405739829999967,-0.17432370000000352
1.3311,0.24388307459999967,-0.18413370000000354
1.3313249999999999,0.24388307459999967,-0.18413370000000354
1.33155,0.24388307459999967,-0.18413370000000354
1.331775,0.24388307459999967,-0.18413370000000354
1.332,0.24369894089999966,-0.19394370000000355
1.332225,0.24369894089999966,-0.19394370000000355
1.33245,0.24369894089999966,-0.19394370000000355
1.332675,0.24369894089999966,-0.19394370000000355
1.3329,0.24350499719999966,-0.20375370000000356
1.333125,0.24350499719999966,-0.20375370000000356
1.33335,0.24350499719999966,-0.20375370000000356
1.333575,0.24350499719999966,-0.20375370000000356
1.3337999999999999,0.24350499719999966,-0.20375370000000356
1.334025,0.24330124349999965,-0.21356370000000358
1.33425,0.24330124349999965,-0.21356370000000358
1.3344749999999999,0.24330124349999965,-0.21356370000000358
1.3347,0.24330124349999965,-0.21356370000000358
1.334925,0.24308767979999965,-0.2233737000000036
1.33515,0.24308767979999965,-0.2233737000000036
1.335375,0.24308767979999965,-0.2233737000000036
1.3356,0.24308767979999965,-0.2233737000000036
1.335825,0.24308767979999965,-0.2233737000000036
1.33605,0.24286430609999965,-0.2331837000000036
1.3362749999999999,0.24286430609999965,-0.2331837000000036
1.3365,0.24286430609999965,-0.2331837000000036
1.336725,0.24286430609999965,-0.2331837000000036
1.3369499999999999,0.24263112239999965,-0.24299370000000362
1.337175,0.24263112239999965,-0.24299370000000362
1.3374,0.24263112239999965,-0.24299370000000362
1.337625,0.24263112239999965,-0.24299370000000362
1.33785,0.24263112239999965,-0.24299370000000362
1.338075,0.24238812869999965,-0.25280370000000363
1.3383,0.24238812869999965,-0.25280370000000363
1.338525,0.24238812869999965,-0.25280370000000363
1.3387499999999999,0.24238812869999965,-0.25280370000000363
1.338975,0.24213532499999965,-0.2626137000000036
1.3392,0.24213532499999965,-0.2626137000000036
1.3394249999999999,0.24213532499999965,-0.2626137000000036
1.33965,0.24213532499999965,-0.2626137000000036
1.339875,0.24213532499999965,-0.2626137000000036
1.3401,0.24187271129999965,-0.2724237000000036
1.340325,0.24187271129999965,-0.2724237000000036
1.34055,0.24187271129999965,-0.2724237000000036
1.340775,0.24187271129999965,-0.2724237000000036
1.341,0.24160028759999966,-0.2822337000000036
1.341225,0.24160028759999966,-0.2822337000000036
1.34145,0.24160028759999966,-0.2822337000000036
1.341675,0.24160028759999966,-0.2822337000000036
1.3418999999999999,0.24131805389999966,-0.29204370000000357
1.342125,0.24131805389999966,-0.29204370000000357
1.34235,0.24131805389999966,-0.29204370000000357
1.342575,0.24131805389999966,-0.29204370000000357
1.3428,0.24131805389999966,-0.29204370000000357
1.343025,0.24102601019999967,-0.30185370000000356
1.34325,0.24102601019999967,-0.30185370000000356
1.343475,0.24102601019999967,-0.30185370000000356
1.3437,0.24102601019999967,-0.30185370000000356
1.343925,0.24072415649999968,-0.31166370000000354
1.34415,0.24072415649999968,-0.31166370000000354
1.3443749999999999,0.24072415649999968,-0.31166370000000354
1.3446,0.24072415649999968,-0.31166370000000354
1.344825,0.24072415649999968,-0.31166370000000354
1.3450499999999999,0.24041249279999968,-0.3214737000000035
1.345275,0.24041249279999968,-0.3214737000000035
1.3455,0.24041249279999968,-0.3214737000000035
1.345725,0.24041249279999968,-0.3214737000000035
1.34595,0.2400910190999997,-0.3312837000000035
1.346175,0.2400910190999997,-0.3312837000000035
1.3464,0.2400910190999997,-0.3312837000000035
1.346625,0.2400910190999997,-0.3312837000000035
1.3468499999999999,0.2400910190999997,-0.3312837000000035
1.347075,0.2397597353999997,-0.3410937000000035
1.3473,0.2397597353999997,-0.3410937000000035
1.3475249999999999,0.2397597353999997,-0.3410937000000035
1.34775,0.2397597353999997,-0.3410937000000035
1.347975,0.23941864169999968,-0.3509037000000035
1.3482,0.23941864169999968,-0.3509037000000035
1.348425,0.23941864169999968,-0.3509037000000035
1.34865,0.23941864169999968,-0.3509037000000035
1.348875,0.23941864169999968,-0.3509037000000035
1.3491,0.23906773799999967,-0.36071370000000347
1.3493249999999999,0.23906773799999967,-0.36071370000000347
1.34955,0.23906773799999967,-0.36071370000000347
1.349775,0.23906773799999967,-0.36071370000000347
1.3499999999999999,0.23870702429999965,-0.37052370000000345
1.350225,0.23870702429999965,-0.37052370000000345
1.35045,0.23870702429999965,-0.37052370000000345
1.350675,0.23870702429999965,-0.37052370000000345
1.3509,0.23833650059999964,-0.38033370000000344
1.351125,0.23833650059999964,-0.38033370000000344
1.35135,0.23833650059999964,-0.38033370000000344
1.351575,0.23833650059999964,-0.38033370000000344
1.3518,0.23833650059999964,-0.38033370000000344
1.352025,0.23795616689999963,-0.3901437000000034
1.35225,0.23795616689999963,-0.3901437000000034
1.3524749999999999,0.23795616689999963,-0.3901437000000034
1.3527,0.23795616689999963,-0.3901437000000034
1.352925,0.23756602319999962,-0.3999537000000034
1.3531499999999999,0.23756602319999962,-0.3999537000000034
1.353375,0.23756602319999962,-0.3999537000000034
1.3536,0.23756602319999962,-0.3999537000000034
1.353825,0.23756602319999962,-0.3999537000000034
1.35405,0.2371660694999996,-0.4097637000000034
1.354275,0.2371660694999996,-0.4097637000000034
1.3545,0.2371660694999996,-0.4097637000000034
1.354725,0.2371660694999996,-0.4097637000000034
1.3549499999999999,0.2367563057999996,-0.4195737000000034
1.355175,0.2367563057999996,-0.4195737000000034
1.3554,0.2367563057999996,-0.4195737000000034
1.3556249999999999,0.2367563057999996,-0.4195737000000034
1.35585,0.2367563057999996,-0.4195737000000034
1.356075,0.23633673209999959,-0.42938370000000337
1.3563,0.23633673209999959,-0.42938370000000337
1.356525,0.23633673209999959,-0.42938370000000337
1.35675,0.23633673209999959,-0.42938370000000337
1.356975,0.23590734839999958,-0.43919370000000335
1.3572,0.23590734839999958,-0.43919370000000335
1.3574249999999999,0.23590734839999958,-0.43919370000000335
1.35765,0.23590734839999958,-0.43919370000000335
1.357875,0.23590734839999958,-0.43919370000000335
1.3580999999999999,0.23546815469999957,-0.44900370000000334
1.358325,0.23546815469999957,-0.44900370000000334
1.35855,0.23546815469999957,-0.44900370000000334
1.358775,0.23546815469999957,-0.44900370000000334
1.359,0.23501915099999957,-0.4588137000000033
1.359225,0.23501915099999957,-0.4588137000000033
1.35945,0.23501915099999957,-0.4588137000000033
1.359675,0.23501915099999957,-0.4588137000000033
1.3598999999999999,0.23456033729999956,-0.4686237000000033
1.360125,0.23456033729999956,-0.4686237000000033
1.36035,0.23456033729999956,-0.4686237000000033
1.3605749999999999,0.23456033729999956,-0.4686237000000033
1.3608,0.23456033729999956,-0.4686237000000033
1.361025,0.23409171359999956,-0.4784337000000033
1.36125,0.23409171359999956,-0.4784337000000033
1.361475,0.23409171359999956,-0.4784337000000033
1.3617,0.23409171359999956,-0.4784337000000033
1.361925,0.23361327989999955,-0.4882437000000033
1.36215,0.23361327989999955,-0.4882437000000033
1.362375,0.23361327989999955,-0.4882437000000033
1.3626,0.23361327989999955,-0.4882437000000033
1.362825,0.23361327989999955,-0.4882437000000033
1.3630499999999999,0.23312503619999955,-0.49805370000000326
1.363275,0.23312503619999955,-0.49805370000000326
1.3635,0.23312503619999955,-0.49805370000000326
1.3637249999999999,0.23312503619999955,-0.49805370000000326
1.36395,0.23262698249999955,-0.5078637000000032
1.364175,0.23262698249999955,-0.5078637000000032
1.3644,0.23262698249999955,-0.5078637000000032
1.364625,0.23262698249999955,-0.5078637000000032
1.36485,0.23262698249999955,-0.5078637000000032
1.365075,0.23211911879999955,-0.5176737000000032
1.3653,0.23211911879999955,-0.5176737000000032
1.3655249999999999,0.23211911879999955,-0.5176737000000032
1.36575,0.23211911879999955,-0.5176737000000032
1.365975,0.23160144509999955,-0.5274837000000032
1.3661999999999999,0.23160144509999955,-0.5274837000000032
1.366425,0.23160144509999955,-0.5274837000000032
1.36665,0.23160144509999955,-0.5274837000000032
1.366875,0.23160144509999955,-0.5274837000000032
1.3671,0.23107396139999956,-0.5372937000000032
1.367325,0.23107396139999956,-0.5372937000000032
1.36755,0.23107396139999956,-0.5372937000000032
1.367775,0.23107396139999956,-0.5372937000000032
1.3679999999999999,0.23053666769999956,-0.5471037000000032
1.368225,0.23053666769999956,-0.5471037000000032
1.36845,0.23053666769999956,-0.5471037000000032
1.3686749999999999,0.23053666769999956,-0.5471037000000032
1.3689,0.22998956399999956,-0.5569137000000032
1.369125,0.22998956399999956,-0.5569137000000032
1.36935,0.22998956399999956,-0.5569137000000032
1.369575,0.22998956399999956,-0.5569137000000032
1.3698,0.22998956399999956,-0.5569137000000032
1.370025,0.22943265029999957,-0.5667237000000032
1.37025,0.22943265029999957,-0.5667237000000032
1.3704749999999999,0.22943265029999957,-0.5667237000000032
1.3707,0.22943265029999957,-0.5667237000000032
1.370925,0.22886592659999958,-0.5765337000000031
1.3711499999999999,0.22886592659999958,-0.5765337000000031
1.371375,0.22886592659999958,-0.5765337000000031
1.3716,0.22886592659999958,-0.5765337000000031
1.371825,0.22886592659999958,-0.5765337000000031
1.37205,0.22828939289999958,-0.5863437000000031
1.372275,0.22828939289999958,-0.5863437000000031
1.3725,0.22828939289999958,-0.5863437000000031
1.372725,0.22828939289999958,-0.5863437000000031
1.37295,0.2277030491999996,-0.5961537000000031
1.373175,0.2277030491999996,-0.5961537000000031
1.3734,0.2277030491999996,-0.5961537000000031
1.3736249999999999,0.2277030491999996,-0.5961537000000031
1.37385,0.2277030491999996,-0.5961537000000031
1.374075,0.2271068954999996,-0.6059637000000031
1.3742999999999999,0.2271068954999996,-0.6059637000000031
1.374525,0.2271068954999996,-0.6059637000000031
1.37475,0.2271068954999996,-0.6059637000000031
1.374975,0.2265009317999996,-0.6157737000000031
1.3752,0.2265009317999996,-0.6157737000000031
1.375425,0.2265009317999996,-0.6157737000000031
1.37565,0.2265009317999996,-0.6157737000000031
1.375875,0.2265009317999996,-0.6157737000000031
1.3760999999999999,0.2258851580999996,-0.6255837000000031
1.376325,0.2258851580999996,-0.6255837000000031
1.37655,0.2258851580999996,-0.6255837000000031
1.3767749999999999,0.2258851580999996,-0.6255837000000031
1.377,0.22525957439999958,-0.6353937000000031
1.377225,0.22525957439999958,-0.6353937000000031
1.37745,0.22525957439999958,-0.6353937000000031
1.377675,0.22525957439999958,-0.6353937000000031
1.3779,0.22462418069999956,-0.645203700000003
1.378125,0.22462418069999956,-0.645203700000003
1.37835,0.22462418069999956,-0.645203700000003
1.3785749999999999,0.22462418069999956,-0.645203700000003
1.3788,0.22462418069999956,-0.645203700000003
1.379025,0.22397897699999955,-0.655013700000003
1.3792499999999999,0.22397897699999955,-0.655013700000003
1.379475,0.22397897699999955,-0.655013700000003
1.3797,0.22397897699999955,-0.655013700000003
1.379925,0.22332396329999954,-0.664823700000003
1.38015,0.22332396329999954,-0.664823700000003
1.380375,0.22332396329999954,-0.664823700000003
1.3806,0.22332396329999954,-0.664823700000003
1.380825,0.22332396329999954,-0.664823700000003
1.3810499999999999,0.22265913959999953,-0.674633700000003
1.381275,0.22265913959999953,-0.674633700000003
1.3815,0.22265913959999953,-0.674633700000003
1.3817249999999999,0.22265913959999953,-0.674633700000003
1.38195,0.22198450589999952,-0.684443700000003
1.382175,0.22198450589999952,-0.684443700000003
1.3824,0.22198450589999952,-0.684443700000003
1.382625,0.22198450589999952,-0.684443700000003
1.38285,0.22198450589999952,-0.684443700000003
1.383075,0.2213000621999995,-0.694253700000003
1.3833,0.2213000621999995,-0.694253700000003
1.383525,0.2213000621999995,-0.694253700000003
1.38375,0.2213000621999995,-0.694253700000003
1.383975,0.2206058084999995,-0.704063700000003
1.3841999999999999,0.2206058084999995,-0.704063700000003
1.384425,0.2206058084999995,-0.704063700000003
1.38465,0.2206058084999995,-0.704063700000003
1.3848749999999999,0.2206058084999995,-0.704063700000003
1.3851,0.2199017447999995,-0.7138737000000029
1.385325,0.2199017447999995,-0.7138737000000029
1.38555,0.2199017447999995,-0.7138737000000029
1.385775,0.2199017447999995,-0.7138737000000029
1.386,0.2191878710999995,-0.7236837000000029
1.386225,0.2191878710999995,-0.7236837000000029
1.38645,0.2191878710999995,-0.7236837000000029
1.3866749999999999,0.2191878710999995,-0.7236837000000029
1.3869,0.21846418739999948,-0.7334937000000029
1.387125,0.21846418739999948,-0.7334937000000029
1.3873499999999999,0.21846418739999948,-0.7334937000000029
1.387575,0.21846418739999948,-0.7334937000000029
1.3878,0.21846418739999948,-0.7334937000000029
1.388025,0.21773069369999948,-0.7433037000000029
1.38825,0.21773069369999948,-0.7433037000000029
1.388475,0.21773069369999948,-0.7433037000000029
1.3887,0.21773069369999948,-0.7433037000000029
1.388925,0.21698738999999947,-0.7531137000000029
1.3891499999999999,0.21698738999999947,-0.7531137000000029
1.389375,0.21698738999999947,-0.7531137000000029
1.3896,0.21698738999999947,-0.7531137000000029
1.3898249999999999,0.21698738999999947,-0.7531137000000029
1.39005,0.21623427629999947,-0.7629237000000029
1.390275,0.21623427629999947,-0.7629237000000029
1.3905,0.21623427629999947,-0.7629237000000029
1.390725,0.21623427629999947,-0.7629237000000029
1.39095,0.21547135259999947,-0.7727337000000029
1.391175,0.21547135259999947,-0.7727337000000029
1.3914,0.21547135259999947,-0.7727337000000029
1.391625,0.21547135259999947,-0.7727337000000029
1.39185,0.21547135259999947,-0.7727337000000029
1.392075,0.21469861889999947,-0.7825437000000028
1.3922999999999999,0.21469861889999947,-0.7825437000000028
1.392525,0.21469861889999947,-0.7825437000000028
1.39275,0.21469861889999947,-0.7825437000000028
1.3929749999999999,0.21391607519999947,-0.7923537000000028
1.3932,0.21391607519999947,-0.7923537000000028
1.393425,0.21391607519999947,-0.7923537000000028
1.39365,0.21391607519999947,-0.7923537000000028
1.393875,0.21391607519999947,-0.7923537000000028
1.3941,0.21312372149999947,-0.8021637000000028
1.394325,0.21312372149999947,-0.8021637000000028
1.39455,0.21312372149999947,-0.8021637000000028
1.3947749999999999,0.21312372149999947,-0.8021637000000028
1.395,0.21232155779999948,-0.8119737000000028
1.395225,0.21232155779999948,-0.8119737000000028
1.3954499999999999,0.21232155779999948,-0.8119737000000028
1.395675,0.21232155779999948,-0.8119737000000028
1.3959,0.21150958409999948,-0.8217837000000028
1.396125,0.21150958409999948,-0.8217837000000028
1.39635,0.21150958409999948,-0.8217837000000028
1.396575,0.21150958409999948,-0.8217837000000028
1.3968,0.21150958409999948,-0.8217837000000028
1.397025,0.2106878003999995,-0.8315937000000028
1.3972499999999999,0.2106878003999995,-0.8315937000000028
1.397475,0.2106878003999995,-0.8315937000000028
1.3977,0.2106878003999995,-0.8315937000000028
1.3979249999999999,0.2098562066999995,-0.8414037000000028
1.39815,0.2098562066999995,-0.8414037000000028
1.398375,0.2098562066999995,-0.8414037000000028
1.3986,0.2098562066999995,-0.8414037000000028
1.398825,0.2098562066999995,-0.8414037000000028
1.39905,0.2090148029999995,-0.8512137000000027
1.399275,0.2090148029999995,-0.8512137000000027
1.3995,0.2090148029999995,-0.8512137000000027
1.3997249999999999,0.2090148029999995,-0.8512137000000027
1.39995,0.2081635892999995,-0.8610237000000027
1.400175,0.2081635892999995,-0.8610237000000027
1.4003999999999999,0.2081635892999995,-0.8610237000000027
1.400625,0.2081635892999995,-0.8610237000000027
1.40085,0.2081635892999995,-0.8610237000000027
1.401075,0.20730256559999952,-0.8708337000000027
1.4013,0.20730256559999952,-0.8708337000000027
1.401525,0.20730256559999952,-0.8708337000000027
1.40175,0.20730256559999952,-0.8708337000000027
1.401975,0.20643173189999953,-0.8806437000000027
1.4022,0.20643173189999953,-0.8806437000000027
1.402425,0.20643173189999953,-0.8806437000000027
1.40265,0.20643173189999953,-0.8806437000000027
1.4028749999999999,0.20643173189999953,-0.8806437000000027
1.4031,0.20555108819999954,-0.8904537000000027
1.403325,0.20555108819999954,-0.8904537000000027
1.4035499999999999,0.20555108819999954,-0.8904537000000027
1.403775,0.20555108819999954,-0.8904537000000027
1.404,0.20466063449999952,-0.9002637000000027
1.404225,0.20466063449999952,-0.9002637000000027
1.40445,0.20466063449999952,-0.9002637000000027
1.404675,0.20466063449999952,-0.9002637000000027
1.4049,0.2037603707999995,-0.9100737000000026
1.405125,0.2037603707999995,-0.9100737000000026
1.4053499999999999,0.2037603707999995,-0.9100737000000026
1.405575,0.2037603707999995,-0.9100737000000026
1.4058,0.2037603707999995,-0.9100737000000026
1.4060249999999999,0.2028502970999995,-0.9198837000000026
1.40625,0.2028502970999995,-0.9198837000000026
1.406475,0.2028502970999995,-0.9198837000000026
1.4067,0.2028502970999995,-0.9198837000000026
1.406925,0.20193041339999948,-0.9296937000000026
1.40715,0.20193041339999948,-0.9296937000000026
1.407375,0.20193041339999948,-0.9296937000000026
1.4076,0.20193041339999948,-0.9296937000000026
1.4078249999999999,0.20193041339999948,-0.9296937000000026
1.40805,0.20100071969999947,-0.9395037000000026
1.408275,0.20100071969999947,-0.9395037000000026
1.4084999999999999,0.20100071969999947,-0.9395037000000026
1.408725,0.20100071969999947,-0.9395037000000026
1.40895,0.20006121599999946,-0.9493137000000026
1.409175,0.20006121599999946,-0.9493137000000026
1.4094,0.20006121599999946,-0.9493137000000026
1.409625,0.20006121599999946,-0.9493137000000026
1.40985,0.20006121599999946,-0.9493137000000026
1.410075,0.19911190229999945,-0.9591237000000026
1.4102999999999999,0.19911190229999945,-0.9591237000000026
1.410525,0.19911190229999945,-0.9591237000000026
1.41075,0.19911190229999945,-0.9591237000000026
1.4109749999999999,0.19815277859999944,-0.9689337000000026
1.4112,0.19815277859999944,-0.9689337000000026
1.411425,0.19815277859999944,-0.9689337000000026
1.41165,0.19815277859999944,-0.9689337000000026
1.411875,0.19815277859999944,-0.9689337000000026
1.4121,0.19718384489999943,-0.9787437000000025
1.412325,0.19718384489999943,-0.9787437000000025
1.41255,0.19718384489999943,-0.9787437000000025
1.412775,0.19718384489999943,-0.9787437000000025
1.413,0.19620510119999943,-0.9885537000000025
1.413225,0.19620510119999943,-0.9885537000000025
1.4134499999999999,0.19620510119999943,-0.9885537000000025
1.413675,0.19620510119999943,-0.9885537000000025
1.4139,0.19521654749999942,-0.9983637000000025
1.4141249999999999,0.19521654749999942,-0.9983637000000025
1.41435,0.19521654749999942,-0.9983637000000025
1.414575,0.19521654749999942,-0.9983637000000025
1.4148,0.19521654749999942,-0.9983637000000025
1.415025,0.19421818379999942,-1.0081737000000026
1.41525,0.19421818379999942,-1.0081737000000026
1.415475,0.19421818379999942,-1.0081737000000026
1.4157,0.19421818379999942,-1.0081737000000026
1.4159249999999999,0.1932100100999994,-1.0179837000000027
1.41615,0.1932100100999994,-1.0179837000000027
1.416375,0.1932100100999994,-1.0179837000000027
1.4165999999999999,0.1932100100999994,-1.0179837000000027
1.416825,0.1932100100999994,-1.0179837000000027
1.41705,0.1921920263999994,-1.0277937000000028
1.417275,0.1921920263999994,-1.0277937000000028
1.4175,0.1921920263999994,-1.0277937000000028
1.417725,0.1921920263999994,-1.0277937000000028
1.41795,0.1911642326999994,-1.037603700000003
1.418175,0.1911642326999994,-1.037603700000003
1.4183999999999999,0.1911642326999994,-1.037603700000003
1.418625,0.1911642326999994,-1.037603700000003
1.41885,0.1911642326999994,-1.037603700000003
1.4190749999999999,0.1901266289999994,-1.047413700000003
1.4193,0.1901266289999994,-1.047413700000003
1.419525,0.1901266289999994,-1.047413700000003
1.41975,0.1901266289999994,-1.047413700000003
1.419975,0.1890792152999994,-1.057223700000003
1.4202,0.1890792152999994,-1.057223700000003
1.420425,0.1890792152999994,-1.057223700000003
1.42065,0.1890792152999994,-1.057223700000003
1.4208749999999999,0.1890792152999994,-1.057223700000003
1.4211,0.1880219915999994,-1.0670337000000032
1.421325,0.1880219915999994,-1.0670337000000032
1.4215499999999999,0.1880219915999994,-1.0670337000000032
1.421775,0.1880219915999994,-1.0670337000000032
1.422,0.1869549578999994,-1.0768437000000033
1.4222249999999999,0.1869549578999994,-1.0768437000000033
1.42245,0.1869549578999994,-1.0768437000000033
1.422675,0.1869549578999994,-1.0768437000000033
1.4229,0.18587811419999942,-1.0866537000000034
1.423125,0.18587811419999942,-1.0866537000000034
1.42335,0.18587811419999942,-1.0866537000000034
1.423575,0.18587811419999942,-1.0866537000000034
1.4238,0.18587811419999942,-1.0866537000000034
1.4240249999999999,0.18479146049999942,-1.0964637000000035
1.42425,0.18479146049999942,-1.0964637000000035
1.424475,0.18479146049999942,-1.0964637000000035
1.4246999999999999,0.18479146049999942,-1.0964637000000035
1.424925,0.18369499679999943,-1.1062737000000036
1.42515,0.18369499679999943,-1.1062737000000036
1.425375,0.18369499679999943,-1.1062737000000036
1.4256,0.18369499679999943,-1.1062737000000036
1.425825,0.18369499679999943,-1.1062737000000036
1.42605,0.18258872309999943,-1.1160837000000037
1.426275,0.18258872309999943,-1.1160837000000037
1.4264999999999999,0.18258872309999943,-1.1160837000000037
1.426725,0.18258872309999943,-1.1160837000000037
1.42695,0.18147263939999944,-1.1258937000000038
1.4271749999999999,0.18147263939999944,-1.1258937000000038
1.4274,0.18147263939999944,-1.1258937000000038
1.427625,0.18147263939999944,-1.1258937000000038
1.42785,0.18147263939999944,-1.1258937000000038
1.428075,0.18034674569999945,-1.1357037000000039
1.4283,0.18034674569999945,-1.1357037000000039
1.428525,0.18034674569999945,-1.1357037000000039
1.42875,0.18034674569999945,-1.1357037000000039
1.4289749999999999,0.17921104199999946,-1.145513700000004
1.4292,0.17921104199999946,-1.145513700000004
1.429425,0.17921104199999946,-1.145513700000004
1.4296499999999999,0.17921104199999946,-1.145513700000004
1.429875,0.17921104199999946,-1.145513700000004
1.4301,0.17806552829999944,-1.155323700000004
1.430325,0.17806552829999944,-1.155323700000004
1.43055,0.17806552829999944,-1.155323700000004
1.430775,0.17806552829999944,-1.155323700000004
1.431,0.17691020459999943,-1.1651337000000042
1.431225,0.17691020459999943,-1.1651337000000042
1.43145,0.17691020459999943,-1.1651337000000042
1.431675,0.17691020459999943,-1.1651337000000042
1.4319,0.1757450708999994,-1.1749437000000043
1.4321249999999999,0.1757450708999994,-1.1749437000000043
1.43235,0.1757450708999994,-1.1749437000000043
1.432575,0.1757450708999994,-1.1749437000000043
1.4327999999999999,0.1757450708999994,-1.1749437000000043
1.433025,0.1745701271999994,-1.1847537000000044
1.43325,0.1745701271999994,-1.1847537000000044
1.433475,0.1745701271999994,-1.1847537000000044
1.4337,0.1745701271999994,-1.1847537000000044
1.433925,0.17338537349999938,-1.1945637000000044
1.43415,0.17338537349999938,-1.1945637000000044
1.434375,0.17338537349999938,-1.1945637000000044
1.4345999999999999,0.17338537349999938,-1.1945637000000044
1.434825,0.17338537349999938,-1.1945637000000044
1.43505,0.17219080979999937,-1.2043737000000045
1.4352749999999999,0.17219080979999937,-1.2043737000000045
1.4355,0.17219080979999937,-1.2043737000000045
1.435725,0.17219080979999937,-1.2043737000000045
1.43595,0.17098643609999936,-1.2141837000000046
1.436175,0.17098643609999936,-1.2141837000000046
1.4364,0.17098643609999936,-1.2141837000000046
1.436625,0.17098643609999936,-1.2141837000000046
1.43685,0.17098643609999936,-1.2141837000000046
1.4370749999999999,0.16977225239999935,-1.2239937000000047
1.4373,0.16977225239999935,-1.2239937000000047
1.437525,0.16977225239999935,-1.2239937000000047
1.4377499999999999,0.16977225239999935,-1.2239937000000047
1.437975,0.16854825869999934,-1.2338037000000048
1.4382,0.16854825869999934,-1.2338037000000048
1.438425,0.16854825869999934,-1.2338037000000048
1.43865,0.16854825869999934,-1.2338037000000048
1.438875,0.16854825869999934,-1.2338037000000048
1.4391,0.16731445499999933,-1.243613700000005
1.439325,0.16731445499999933,-1.243613700000005
1.4395499999999999,0.16731445499999933,-1.243613700000005
1.439775,0.16731445499999933,-1.243613700000005
1.44,0.16607084129999933,-1.253423700000005
1.4402249999999999,0.16607084129999933,-1.253423700000005
1.44045,0.16607084129999933,-1.253423700000005
1.440675,0.16607084129999933,-1.253423700000005
1.4409,0.16481741759999932,-1.2632337000000051
1.441125,0.16481741759999932,-1.2632337000000051
1.44135,0.16481741759999932,-1.2632337000000051
1.441575,0.16481741759999932,-1.2632337000000051
1.4418,0.16481741759999932,-1.2632337000000051
1.442025,0.16355418389999932,-1.2730437000000052
1.44225,0.16355418389999932,-1.2730437000000052
1.442475,0.16355418389999932,-1.2730437000000052
1.4426999999999999,0.16355418389999932,-1.2730437000000052
1.442925,0.1622811401999993,-1.2828537000000053
1.44315,0.1622811401999993,-1.2828537000000053
1.4433749999999999,0.1622811401999993,-1.2828537000000053
1.4436,0.1622811401999993,-1.2828537000000053
1.443825,0.1622811401999993,-1.2828537000000053
1.44405,0.1609982864999993,-1.2926637000000054
1.444275,0.1609982864999993,-1.2926637000000054
1.4445,0.1609982864999993,-1.2926637000000054
1.444725,0.1609982864999993,-1.2926637000000054
1.44495,0.1597056227999993,-1.3024737000000055
1.4451749999999999,0.1597056227999993,-1.3024737000000055
1.4454,0.1597056227999993,-1.3024737000000055
1.445625,0.1597056227999993,-1.3024737000000055
1.4458499999999999,0.1597056227999993,-1.3024737000000055
1.446075,0.1584031490999993,-1.3122837000000056
1.4463,0.1584031490999993,-1.3122837000000056
1.446525,0.1584031490999993,-1.3122837000000056
1.44675,0.1584031490999993,-1.3122837000000056
1.446975,0.1570908653999993,-1.3220937000000057
1.4472,0.1570908653999993,-1.3220937000000057
1.447425,0.1570908653999993,-1.3220937000000057
1.4476499999999999,0.1570908653999993,-1.3220937000000057
1.447875,0.1570908653999993,-1.3220937000000057
1.4481,0.1557687716999993,-1.3319037000000058
1.4483249999999999,0.1557687716999993,-1.3319037000000058
1.44855,0.1557687716999993,-1.3319037000000058
1.448775,0.1557687716999993,-1.3319037000000058
1.449,0.1544368679999993,-1.341713700000006
1.449225,0.1544368679999993,-1.341713700000006
1.44945,0.1544368679999993,-1.341713700000006
1.449675,0.1544368679999993,-1.341713700000006
1.4499,0.15309515429999931,-1.351523700000006
1.4501249999999999,0.15309515429999931,-1.351523700000006
1.45035,0.15309515429999931,-1.351523700000006
1.450575,0.15309515429999931,-1.351523700000006
1.4507999999999999,0.15309515429999931,-1.351523700000006
1.451025,0.15174363059999932,-1.361333700000006
1.45125,0.15174363059999932,-1.361333700000006
1.451475,0.15174363059999932,-1.361333700000006
1.4517,0.15174363059999932,-1.361333700000006
1.451925,0.15038229689999932,-1.3711437000000062
1.45215,0.15038229689999932,-1.3711437000000062
1.452375,0.15038229689999932,-1.3711437000000062
1.4526,0.15038229689999932,-1.3711437000000062
1.452825,0.15038229689999932,-1.3711437000000062
1.45305,0.14901115319999933,-1.3809537000000063
1.4532749999999999,0.14901115319999933,-1.3809537000000063
1.4535,0.14901115319999933,-1.3809537000000063
1.453725,0.14901115319999933,-1.3809537000000063
1.4539499999999999,0.14763019949999934,-1.3907637000000064
1.454175,0.14763019949999934,-1.3907637000000064
1.4544,0.14763019949999934,-1.3907637000000064
1.454625,0.14763019949999934,-1.3907637000000064
1.45485,0.14763019949999934,-1.3907637000000064
1.455075,0.14623943579999932,-1.4005737000000065
1.4553,0.14623943579999932,-1.4005737000000065
1.455525,0.14623943579999932,-1.4005737000000065
1.4557499999999999,0.14623943579999932,-1.4005737000000065
1.455975,0.1448388620999993,-1.4103837000000066
1.4562,0.1448388620999993,-1.4103837000000066
1.4564249999999999,0.1448388620999993,-1.4103837000000066
1.45665,0.1448388620999993,-1.4103837000000066
1.456875,0.1448388620999993,-1.4103837000000066
1.4571,0.14342847839999928,-1.4201937000000067
1.457325,0.14342847839999928,-1.4201937000000067
1.45755,0.14342847839999928,-1.4201937000000067
1.457775,0.14342847839999928,-1.4201937000000067
1.458,0.14200828469999927,-1.4300037000000068
1.4582249999999999,0.14200828469999927,-1.4300037000000068
1.45845,0.14200828469999927,-1.4300037000000068
1.458675,0.14200828469999927,-1.4300037000000068
1.4588999999999999,0.14057828099999925,-1.4398137000000069
1.459125,0.14057828099999925,-1.4398137000000069
1.45935,0.14057828099999925,-1.4398137000000069
1.459575,0.14057828099999925,-1.4398137000000069
1.4598,0.14057828099999925,-1.4398137000000069
1.460025,0.13913846729999924,-1.449623700000007
1.46025,0.13913846729999924,-1.449623700000007
1.460475,0.13913846729999924,-1.449623700000007
1.4606999999999999,0.13913846729999924,-1.449623700000007
1.460925,0.13768884359999922,-1.459433700000007
1.46115,0.13768884359999922,-1.459433700000007
1.4613749999999999,0.13768884359999922,-1.459433700000007
1.4616,0.13768884359999922,-1.459433700000007
1.461825,0.13768884359999922,-1.459433700000007
1.4620499999999998,0.1362294098999992,-1.4692437000000071
1.462275,0.1362294098999992,-1.4692437000000071
1.4625,0.1362294098999992,-1.4692437000000071
1.462725,0.1362294098999992,-1.4692437000000071
1.46295,0.1347601661999992,-1.4790537000000072
1.463175,0.1347601661999992,-1.4790537000000072
1.4634,0.1347601661999992,-1.4790537000000072
1.463625,0.1347601661999992,-1.4790537000000072
1.4638499999999999,0.1347601661999992,-1.4790537000000072
1.464075,0.1332811124999992,-1.4888637000000073
1.4643,0.1332811124999992,-1.4888637000000073
1.4645249999999999,0.1332811124999992,-1.4888637000000073
1.46475,0.1332811124999992,-1.4888637000000073
1.464975,0.13179224879999918,-1.4986737000000074
1.4652,0.13179224879999918,-1.4986737000000074
1.465425,0.13179224879999918,-1.4986737000000074
1.46565,0.13179224879999918,-1.4986737000000074
1.465875,0.13179224879999918,-1.4986737000000074
1.4661,0.13029357509999917,-1.5084837000000075
1.4663249999999999,0.13029357509999917,-1.5084837000000075
1.46655,0.13029357509999917,-1.5084837000000075
1.466775,0.13029357509999917,-1.5084837000000075
1.4669999999999999,0.12878509139999916,-1.5182937000000076
1.467225,0.12878509139999916,-1.5182937000000076
1.46745,0.12878509139999916,-1.5182937000000076
1.467675,0.12878509139999916,-1.5182937000000076
1.4679,0.12726679769999916,-1.5281037000000077
1.468125,0.12726679769999916,-1.5281037000000077
1.46835,0.12726679769999916,-1.5281037000000077
1.468575,0.12726679769999916,-1.5281037000000077
1.4687999999999999,0.12726679769999916,-1.5281037000000077
1.469025,0.12573869399999915,-1.5379137000000078
1.46925,0.12573869399999915,-1.5379137000000078
1.4694749999999999,0.12573869399999915,-1.5379137000000078
1.4697,0.12573869399999915,-1.5379137000000078
1.469925,0.12420078029999915,-1.547723700000008
1.47015,0.12420078029999915,-1.547723700000008
1.470375,0.12420078029999915,-1.547723700000008
1.4706,0.12420078029999915,-1.547723700000008
1.470825,0.12420078029999915,-1.547723700000008
1.47105,0.12265305659999914,-1.557533700000008
1.4712749999999999,0.12265305659999914,-1.557533700000008
1.4715,0.12265305659999914,-1.557533700000008
1.471725,0.12265305659999914,-1.557533700000008
1.4719499999999999,0.12109552289999914,-1.567343700000008
1.472175,0.12109552289999914,-1.567343700000008
1.4724,0.12109552289999914,-1.567343700000008
1.4726249999999999,0.12109552289999914,-1.567343700000008
1.47285,0.12109552289999914,-1.567343700000008
1.473075,0.11952817919999914,-1.5771537000000082
1.4733,0.11952817919999914,-1.5771537000000082
1.473525,0.11952817919999914,-1.5771537000000082
1.47375,0.11952817919999914,-1.5771537000000082
1.473975,0.11795102549999913,-1.5869637000000083
1.4742,0.11795102549999913,-1.5869637000000083
1.4744249999999999,0.11795102549999913,-1.5869637000000083
1.47465,0.11795102549999913,-1.5869637000000083
1.474875,0.11795102549999913,-1.5869637000000083
1.4750999999999999,0.11636406179999911,-1.5967737000000084
1.475325,0.11636406179999911,-1.5967737000000084
1.47555,0.11636406179999911,-1.5967737000000084
1.475775,0.11636406179999911,-1.5967737000000084
1.476,0.1147672880999991,-1.6065837000000085
1.476225,0.1147672880999991,-1.6065837000000085
1.47645,0.1147672880999991,-1.6065837000000085
1.476675,0.1147672880999991,-1.6065837000000085
1.4768999999999999,0.11316070439999909,-1.6163937000000086
1.477125,0.11316070439999909,-1.6163937000000086
1.47735,0.11316070439999909,-1.6163937000000086
1.4775749999999999,0.11316070439999909,-1.6163937000000086
1.4778,0.11316070439999909,-1.6163937000000086
1.478025,0.11154431069999908,-1.6262037000000087
1.47825,0.11154431069999908,-1.6262037000000087
1.478475,0.11154431069999908,-1.6262037000000087
1.4787,0.11154431069999908,-1.6262037000000087
1.478925,0.10991810699999907,-1.6360137000000088
1.47915,0.10991810699999907,-1.6360137000000088
1.4793749999999999,0.10991810699999907,-1.6360137000000088
1.4796,0.10991810699999907,-1.6360137000000088
1.479825,0.10991810699999907,-1.6360137000000088
1.4800499999999999,0.10828209329999906,-1.6458237000000089
1.480275,0.10828209329999906,-1.6458237000000089
1.4805,0.10828209329999906,-1.6458237000000089
1.480725,0.10828209329999906,-1.6458237000000089
1.48095,0.10663626959999906,-1.655633700000009
1.481175,0.10663626959999906,-1.655633700000009
1.4814,0.10663626959999906,-1.655633700000009
1.481625,0.10663626959999906,-1.655633700000009
1.48185,0.10663626959999906,-1.655633700000009
1.482075,0.10498063589999905,-1.665443700000009
1.4823,0.10498063589999905,-1.665443700000009
1.4825249999999999,0.10498063589999905,-1.665443700000009
1.48275,0.10498063589999905,-1.665443700000009
1.482975,0.10331519219999905,-1.6752537000000092
1.4831999999999999,0.10331519219999905,-1.6752537000000092
1.483425,0.10331519219999905,-1.6752537000000092
1.48365,0.10331519219999905,-1.6752537000000092
1.483875,0.10331519219999905,-1.6752537000000092
1.4841,0.10163993849999904,-1.6850637000000093
1.484325,0.10163993849999904,-1.6850637000000093
1.48455,0.10163993849999904,-1.6850637000000093
1.484775,0.10163993849999904,-1.6850637000000093
1.4849999999999999,0.09995487479999904,-1.6948737000000094
1.485225,0.09995487479999904,-1.6948737000000094
1.48545,0.09995487479999904,-1.6948737000000094
1.4856749999999999,0.09995487479999904,-1.6948737000000094
1.4859,0.09826000109999902,-1.7046837000000095
1.486125,0.09826000109999902,-1.7046837000000095
1.48635,0.09826000109999902,-1.7046837000000095
1.486575,0.09826000109999902,-1.7046837000000095
1.4868,0.09826000109999902,-1.7046837000000095
1.487025,0.09655531739999901,-1.7144937000000096
1.48725,0.09655531739999901,-1.7144937000000096
1.4874749999999999,0.09655531739999901,-1.7144937000000096
1.4877,0.09655531739999901,-1.7144937000000096
1.487925,0.094840823699999,-1.7243037000000097
1.4881499999999999,0.094840823699999,-1.7243037000000097
1.488375,0.094840823699999,-1.7243037000000097
1.4886,0.094840823699999,-1.7243037000000097
1.488825,0.094840823699999,-1.7243037000000097
1.48905,0.09311651999999898,-1.7341137000000098
1.489275,0.09311651999999898,-1.7341137000000098
1.4895,0.09311651999999898,-1.7341137000000098
1.489725,0.09311651999999898,-1.7341137000000098
1.4899499999999999,0.09138240629999897,-1.7439237000000098
1.490175,0.09138240629999897,-1.7439237000000098
1.4904,0.09138240629999897,-1.7439237000000098
1.4906249999999999,0.09138240629999897,-1.7439237000000098
1.49085,0.09138240629999897,-1.7439237000000098
1.491075,0.08963848259999896,-1.75373370000001
1.4913,0.08963848259999896,-1.75373370000001
1.491525,0.08963848259999896,-1.75373370000001
1.49175,0.08963848259999896,-1.75373370000001
1.491975,0.08788474889999895,-1.76354370000001
1.4922,0.08788474889999895,-1.76354370000001
1.492425,0.08788474889999895,-1.76354370000001
1.49265,0.08788474889999895,-1.76354370000001
1.492875,0.08788474889999895,-1.76354370000001
1.4930999999999999,0.08612120519999894,-1.7733537000000101
1.493325,0.08612120519999894,-1.7733537000000101
1.49355,0.08612120519999894,-1.7733537000000101
1.4937749999999999,0.08612120519999894,-1.7733537000000101
1.494,0.08434785149999893,-1.7831637000000102
1.494225,0.08434785149999893,-1.7831637000000102
1.49445,0.08434785149999893,-1.7831637000000102
1.494675,0.08434785149999893,-1.7831637000000102
1.4949,0.08256468779999893,-1.7929737000000103
1.495125,0.08256468779999893,-1.7929737000000103
1.49535,0.08256468779999893,-1.7929737000000103
1.4955749999999999,0.08256468779999893,-1.7929737000000103
1.4958,0.08256468779999893,-1.7929737000000103
1.496025,0.08077171409999892,-1.8027837000000104
1.4962499999999999,0.08077171409999892,-1.8027837000000104
1.496475,0.08077171409999892,-1.8027837000000104
1.4967,0.08077171409999892,-1.8027837000000104
1.496925,0.07896893039999892,-1.8125937000000105
1.49715,0.07896893039999892,-1.8125937000000105
1.497375,0.07896893039999892,-1.8125937000000105
1.4976,0.07896893039999892,-1.8125937000000105
1.497825,0.07896893039999892,-1.8125937000000105
1.4980499999999999,0.07715633669999891,-1.8224037000000106
1.498275,0.07715633669999891,-1.8224037000000106
1.4985,0.07715633669999891,-1.8224037000000106
1.4987249999999999,0.07715633669999891,-1.8224037000000106
1.49895,0.0753339329999989,-1.8322137000000107
1.499175,0.0753339329999989,-1.8322137000000107
1.4994,0.0753339329999989,-1.8322137000000107
1.499625,0.0753339329999989,-1.8322137000000107
1.49985,0.0753339329999989,-1.8322137000000107
1.500075,0.07350171929999888,-1.8420237000000108
1.5003,0.07350171929999888,-1.8420237000000108
1.5005249999999999,0.07350171929999888,-1.8420237000000108
1.50075,0.07350171929999888,-1.8420237000000108
1.500975,0.07165969559999887,-1.851833700000011
1.5011999999999999,0.07165969559999887,-1.851833700000011
1.501425,0.07165969559999887,-1.851833700000011
1.50165,0.07165969559999887,-1.851833700000011
1.5018749999999998,0.07165969559999887,-1.851833700000011
1.5021,0.06980786189999885,-1.861643700000011
1.502325,0.06980786189999885,-1.861643700000011
1.50255,0.06980786189999885,-1.861643700000011
1.502775,0.06980786189999885,-1.861643700000011
1.503,0.06794621819999884,-1.871453700000011
1.503225,0.06794621819999884,-1.871453700000011
1.50345,0.06794621819999884,-1.871453700000011
1.5036749999999999,0.06794621819999884,-1.871453700000011
1.5039,0.06607476449999883,-1.8812637000000112
1.504125,0.06607476449999883,-1.8812637000000112
1.5043499999999999,0.06607476449999883,-1.8812637000000112
1.504575,0.06607476449999883,-1.8812637000000112
1.5048,0.06607476449999883,-1.8812637000000112
1.505025,0.06419350079999882,-1.8910737000000113
1.50525,0.06419350079999882,-1.8910737000000113
1.505475,0.06419350079999882,-1.8910737000000113
1.5057,0.06419350079999882,-1.8910737000000113
1.505925,0.06230242709999881,-1.9008837000000114
1.5061499999999999,0.06230242709999881,-1.9008837000000114
1.506375,0.06230242709999881,-1.9008837000000114
1.5066,0.06230242709999881,-1.9008837000000114
1.5068249999999999,0.06230242709999881,-1.9008837000000114
1.50705,0.0604015433999988,-1.9106937000000115
1.507275,0.0604015433999988,-1.9106937000000115
1.5075,0.0604015433999988,-1.9106937000000115
1.507725,0.0604015433999988,-1.9106937000000115
1.50795,0.058490849699998786,-1.9205037000000116
1.508175,0.058490849699998786,-1.9205037000000116
1.5084,0.058490849699998786,-1.9205037000000116
1.5086249999999999,0.058490849699998786,-1.9205037000000116
1.50885,0.058490849699998786,-1.9205037000000116
1.509075,0.05657034599999877,-1.9303137000000117
1.5092999999999999,0.05657034599999877,-1.9303137000000117
1.509525,0.05657034599999877,-1.9303137000000117
1.50975,0.05657034599999877,-1.9303137000000117
1.509975,0.05464003229999876,-1.9401237000000118
1.5102,0.05464003229999876,-1.9401237000000118
1.510425,0.05464003229999876,-1.9401237000000118
1.51065,0.05464003229999876,-1.9401237000000118
1.510875,0.05464003229999876,-1.9401237000000118
1.5110999999999999,0.05269990859999875,-1.9499337000000119
1.511325,0.05269990859999875,-1.9499337000000119
1.51155,0.05269990859999875,-1.9499337000000119
1.5117749999999999,0.05269990859999875,-1.9499337000000119
1.512,0.05074997489999874,-1.959743700000012
1.512225,0.05074997489999874,-1.959743700000012
1.5124499999999999,0.05074997489999874,-1.959743700000012
1.512675,0.05074997489999874,-1.959743700000012
1.5129,0.04879023119999873,-1.969553700000012
1.513125,0.04879023119999873,-1.969553700000012
1.51335,0.04879023119999873,-1.969553700000012
1.513575,0.04879023119999873,-1.969553700000012
1.5138,0.04879023119999873,-1.969553700000012
1.514025,0.046820677499998714,-1.9793637000000122
1.5142499999999999,0.046820677499998714,-1.9793637000000122
1.514475,0.046820677499998714,-1.9793637000000122
1.5147,0.046820677499998714,-1.9793637000000122
1.5149249999999999,0.0448413137999987,-1.9891737000000123
1.51515,0.0448413137999987,-1.9891737000000123
1.515375,0.0448413137999987,-1.9891737000000123
1.5156,0.0448413137999987,-1.9891737000000123
1.515825,0.0448413137999987,-1.9891737000000123
1.51605,0.04285214009999869,-1.9989837000000124
1.516275,0.04285214009999869,-1.9989837000000124
1.5165,0.04285214009999869,-1.9989837000000124
1.5167249999999999,0.04285214009999869,-1.9989837000000124
1.51695,0.040853156399998675,-2.0087937000000124
1.517175,0.040853156399998675,-2.0087937000000124
1.5173999999999999,0.040853156399998675,-2.0087937000000124
1.517625,0.040853156399998675,-2.0087937000000124
1.51785,0.040853156399998675,-2.0087937000000124
1.518075,0.038844362699998664,-2.0186037000000123
1.5183,0.038844362699998664,-2.0186037000000123
1.518525,0.038844362699998664,-2.0186037000000123
1.51875,0.038844362699998664,-2.0186037000000123
1.518975,0.03682575899999865,-2.028413700000012
1.5191999999999999,0.03682575899999865,-2.028413700000012
1.519425,0.03682575899999865,-2.028413700000012
1.51965,0.03682575899999865,-2.028413700000012
1.5198749999999999,0.03682575899999865,-2.028413700000012
1.5201,0.034797345299998644,-2.038223700000012
1.520325,0.034797345299998644,-2.038223700000012
1.52055,0.034797345299998644,-2.038223700000012
1.520775,0.034797345299998644,-2.038223700000012
1.521,0.03275912159999863,-2.048033700000012
1.521225,0.03275912159999863,-2.048033700000012
1.52145,0.03275912159999863,-2.048033700000012
1.5216749999999999,0.03275912159999863,-2.048033700000012
1.5219,0.03071108789999862,-2.057843700000012
1.522125,0.03071108789999862,-2.057843700000012
1.5223499999999999,0.03071108789999862,-2.057843700000012
1.522575,0.03071108789999862,-2.057843700000012
1.5228,0.03071108789999862,-2.057843700000012
1.5230249999999999,0.028653244199998606,-2.0676537000000117
1.52325,0.028653244199998606,-2.0676537000000117
1.523475,0.028653244199998606,-2.0676537000000117
1.5237,0.028653244199998606,-2.0676537000000117
1.523925,0.026585590499998594,-2.0774637000000116
1.52415,0.026585590499998594,-2.0774637000000116
1.524375,0.026585590499998594,-2.0774637000000116
1.5246,0.026585590499998594,-2.0774637000000116
1.5248249999999999,0.026585590499998594,-2.0774637000000116
1.52505,0.024508126799998583,-2.0872737000000114
1.525275,0.024508126799998583,-2.0872737000000114
1.5254999999999999,0.024508126799998583,-2.0872737000000114
1.525725,0.024508126799998583,-2.0872737000000114
1.52595,0.02242085309999857,-2.0970837000000113
1.526175,0.02242085309999857,-2.0970837000000113
1.5264,0.02242085309999857,-2.0970837000000113
1.526625,0.02242085309999857,-2.0970837000000113
1.52685,0.02242085309999857,-2.0970837000000113
1.527075,0.020323769399998557,-2.106893700000011
1.5272999999999999,0.020323769399998557,-2.106893700000011
1.527525,0.020323769399998557,-2.106893700000011
1.52775,0.020323769399998557,-2.106893700000011
1.5279749999999999,0.018216875699998546,-2.116703700000011
1.5282,0.018216875699998546,-2.116703700000011
1.528425,0.018216875699998546,-2.116703700000011
1.52865,0.018216875699998546,-2.116703700000011
1.528875,0.018216875699998546,-2.116703700000011
1.5291,0.016100171999998535,-2.126513700000011
1.529325,0.016100171999998535,-2.126513700000011
1.52955,0.016100171999998535,-2.126513700000011
1.5297749999999999,0.016100171999998535,-2.126513700000011
1.53,0.013973658299998524,-2.136323700000011
1.530225,0.013973658299998524,-2.136323700000011
1.5304499999999999,0.013973658299998524,-2.136323700000011
1.530675,0.013973658299998524,-2.136323700000011
1.5309,0.011837334599998514,-2.1461337000000107
1.5311249999999998,0.011837334599998514,-2.1461337000000107
1.53135,0.011837334599998514,-2.1461337000000107
1.531575,0.011837334599998514,-2.1461337000000107
1.5318,0.011837334599998514,-2.1461337000000107
1.532025,0.009691200899998503,-2.1559437000000106
1.53225,0.009691200899998503,-2.1559437000000106
1.532475,0.009691200899998503,-2.1559437000000106
1.5327,0.009691200899998503,-2.1559437000000106
1.5329249999999999,0.007535257199998493,-2.1657537000000104
1.53315,0.007535257199998493,-2.1657537000000104
1.533375,0.007535257199998493,-2.1657537000000104
1.5335999999999999,0.007535257199998493,-2.1657537000000104
1.533825,0.007535257199998493,-2.1657537000000104
1.53405,0.005369503499998482,-2.1755637000000103
1.534275,0.005369503499998482,-2.1755637000000103
1.5345,0.005369503499998482,-2.1755637000000103
1.534725,0.005369503499998482,-2.1755637000000103
1.53495,0.003193939799998472,-2.18537370000001
1.535175,0.003193939799998472,-2.18537370000001
1.5353999999999999,0.003193939799998472,-2.18537370000001
1.535625,0.003193939799998472,-2.18537370000001
1.53585,0.003193939799998472,-2.18537370000001
1.5360749999999999,0.0010085660999984616,-2.19518370000001
1.5363,0.0010085660999984616,-2.19518370000001
1.536525,0.0010085660999984616,-2.19518370000001
1.53675,0.0010085660999984616,-2.19518370000001
1.536975,0.0,1.543495590000007
1.5372,0.0,1.543495590000007
1.537425,0.0,1.543495590000007
1.53765,0.0,1.543495590000007
1.5378749999999999,0.0,1.543495590000007
1.5381,0.001543495590000007,1.5336855900000068
1.538325,0.001543495590000007,1.5336855900000068
1.5385499999999999,0.001543495590000007,1.5336855900000068
1.538775,0.001543495590000007,1.5336855900000068
1.539,0.003077181180000014,1.5238755900000067
1.539225,0.003077181180000014,1.5238755900000067
1.53945,0.003077181180000014,1.5238755900000067
1.539675,0.003077181180000014,1.5238755900000067
1.5399,0.004601056770000021,1.5140655900000066
1.540125,0.004601056770000021,1.5140655900000066
1.5403499999999999,0.004601056770000021,1.5140655900000066
1.540575,0.004601056770000021,1.5140655900000066
1.5408,0.004601056770000021,1.5140655900000066
1.5410249999999999,0.006115122360000028,1.5042555900000065
1.54125,0.006115122360000028,1.5042555900000065
1.541475,0.006115122360000028,1.5042555900000065
1.5416999999999998,0.006115122360000028,1.5042555900000065
1.541925,0.0076193779500000345,1.4944455900000064
1.54215,0.0076193779500000345,1.4944455900000064
1.542375,0.0076193779500000345,1.4944455900000064
1.5426,0.0076193779500000345,1.4944455900000064
1.542825,0.0076193779500000345,1.4944455900000064
1.54305,0.009113823540000041,1.4846355900000063
1.543275,0.009113823540000041,1.4846355900000063
1.5434999999999999,0.009113823540000041,1.4846355900000063
1.543725,0.009113823540000041,1.4846355900000063
1.54395,0.010598459130000048,1.4748255900000062
1.5441749999999999,0.010598459130000048,1.4748255900000062
1.5444,0.010598459130000048,1.4748255900000062
1.544625,0.010598459130000048,1.4748255900000062
1.54485,0.010598459130000048,1.4748255900000062
1.545075,0.012073284720000054,1.4650155900000061
1.5453,0.012073284720000054,1.4650155900000061
1.545525,0.012073284720000054,1.4650155900000061
1.54575,0.012073284720000054,1.4650155900000061
1.5459749999999999,0.01353830031000006,1.455205590000006
1.5462,0.01353830031000006,1.455205590000006
1.546425,0.01353830031000006,1.455205590000006
1.5466499999999999,0.01353830031000006,1.455205590000006
1.546875,0.01353830031000006,1.455205590000006
1.5471,0.014993505900000067,1.445395590000006
1.547325,0.014993505900000067,1.445395590000006
1.54755,0.014993505900000067,1.445395590000006
1.547775,0.014993505900000067,1.445395590000006
1.548,0.016438901490000074,1.4355855900000059
1.548225,0.016438901490000074,1.4355855900000059
1.5484499999999999,0.016438901490000074,1.4355855900000059
1.548675,0.016438901490000074,1.4355855900000059
1.5489,0.01787448708000008,1.4257755900000058
1.5491249999999999,0.01787448708000008,1.4257755900000058
1.54935,0.01787448708000008,1.4257755900000058
1.549575,0.01787448708000008,1.4257755900000058
1.5498,0.01787448708000008,1.4257755900000058
1.550025,0.019300262670000085,1.4159655900000057
1.55025,0.019300262670000085,1.4159655900000057
1.550475,0.019300262670000085,1.4159655900000057
1.5507,0.019300262670000085,1.4159655900000057
1.5509249999999999,0.02071622826000009,1.4061555900000056
1.55115,0.02071622826000009,1.4061555900000056
1.551375,0.02071622826000009,1.4061555900000056
1.5515999999999999,0.02071622826000009,1.4061555900000056
1.551825,0.02071622826000009,1.4061555900000056
1.55205,0.022122383850000097,1.3963455900000055
1.5522749999999998,0.022122383850000097,1.3963455900000055
1.5525,0.022122383850000097,1.3963455900000055
1.552725,0.022122383850000097,1.3963455900000055
1.55295,0.0235187294400001,1.3865355900000054
1.553175,0.0235187294400001,1.3865355900000054
1.5534,0.0235187294400001,1.3865355900000054
1.553625,0.0235187294400001,1.3865355900000054
1.55385,0.0235187294400001,1.3865355900000054
1.5540749999999999,0.024905265030000106,1.3767255900000053
1.5543,0.024905265030000106,1.3767255900000053
1.554525,0.024905265030000106,1.3767255900000053
1.5547499999999999,0.024905265030000106,1.3767255900000053
1.554975,0.026281990620000112,1.3669155900000052
1.5552,0.026281990620000112,1.3669155900000052
1.555425,0.026281990620000112,1.3669155900000052
1.55565,0.026281990620000112,1.3669155900000052
1.555875,0.026281990620000112,1.3669155900000052
1.5561,0.027648906210000115,1.357105590000005
1.556325,0.027648906210000115,1.357105590000005
1.5565499999999999,0.027648906210000115,1.357105590000005
1.556775,0.027648906210000115,1.357105590000005
1.557,0.02900601180000012,1.347295590000005
1.5572249999999999,0.02900601180000012,1.347295590000005
1.55745,0.02900601180000012,1.347295590000005
1.557675,0.02900601180000012,1.347295590000005
1.5579,0.030353307390000125,1.3374855900000049
1.558125,0.030353307390000125,1.3374855900000049
1.55835,0.030353307390000125,1.3374855900000049
1.558575,0.030353307390000125,1.3374855900000049
1.5588,0.030353307390000125,1.3374855900000049
1.5590249999999999,0.03169079298000013,1.3276755900000048
1.55925,0.03169079298000013,1.3276755900000048
1.559475,0.03169079298000013,1.3276755900000048
1.5596999999999999,0.03169079298000013,1.3276755900000048
1.559925,0.03301846857000014,1.3178655900000047
1.56015,0.03301846857000014,1.3178655900000047
1.560375,0.03301846857000014,1.3178655900000047
1.5606,0.03301846857000014,1.3178655900000047
1.560825,0.03301846857000014,1.3178655900000047
1.56105,0.03433633416000014,1.3080555900000046
1.561275,0.03433633416000014,1.3080555900000046
1.5614999999999999,0.03433633416000014,1.3080555900000046
1.561725,0.03433633416000014,1.3080555900000046
1.56195,0.035644389750000144,1.2982455900000045
1.5621749999999999,0.035644389750000144,1.2982455900000045
1.5624,0.035644389750000144,1.2982455900000045
1.562625,0.035644389750000144,1.2982455900000045
1.5628499999999999,0.035644389750000144,1.2982455900000045
1.563075,0.03694263534000015,1.2884355900000044
1.5633,0.03694263534000015,1.2884355900000044
1.563525,0.03694263534000015,1.2884355900000044
1.56375,0.03694263534000015,1.2884355900000044
1.563975,0.03823107093000015,1.2786255900000043
1.5642,0.03823107093000015,1.2786255900000043
1.564425,0.03823107093000015,1.2786255900000043
1.5646499999999999,0.03823107093000015,1.2786255900000043
1.564875,0.03823107093000015,1.2786255900000043
1.5651,0.03950969652000016,1.2688155900000042
1.5653249999999999,0.03950969652000016,1.2688155900000042
1.56555,0.03950969652000016,1.2688155900000042
1.565775,0.03950969652000016,1.2688155900000042
1.566,0.040778512110000165,1.2590055900000041
1.566225,0.040778512110000165,1.2590055900000041
1.56645,0.040778512110000165,1.2590055900000041
1.566675,0.040778512110000165,1.2590055900000041
1.5669,0.042037517700000165,1.249195590000004
1.5671249999999999,0.042037517700000165,1.249195590000004
1.56735,0.042037517700000165,1.249195590000004
1.567575,0.042037517700000165,1.249195590000004
1.5677999999999999,0.042037517700000165,1.249195590000004
1.568025,0.04328671329000017,1.239385590000004
1.56825,0.04328671329000017,1.239385590000004
1.568475,0.04328671329000017,1.239385590000004
1.5687,0.04328671329000017,1.239385590000004
1.568925,0.04452609888000017,1.2295755900000038
1.56915,0.04452609888000017,1.2295755900000038
1.569375,0.04452609888000017,1.2295755900000038
1.5695999999999999,0.04452609888000017,1.2295755900000038
1.569825,0.04452609888000017,1.2295755900000038
1.57005,0.045755674470000174,1.2197655900000037
1.5702749999999999,0.045755674470000174,1.2197655900000037
1.5705,0.045755674470000174,1.2197655900000037
1.570725,0.045755674470000174,1.2197655900000037
1.5709499999999998,0.04697544006000018,1.2099555900000036
1.571175,0.04697544006000018,1.2099555900000036
1.5714,0.04697544006000018,1.2099555900000036
1.571625,0.04697544006000018,1.2099555900000036
1.57185,0.04697544006000018,1.2099555900000036
1.572075,0.048185395650000185,1.2001455900000035
1.5723,0.048185395650000185,1.2001455900000035
1.572525,0.048185395650000185,1.2001455900000035
1.5727499999999999,0.048185395650000185,1.2001455900000035
1.572975,0.04938554124000019,1.1903355900000034
1.5732,0.04938554124000019,1.1903355900000034
1.5734249999999999,0.04938554124000019,1.1903355900000034
1.57365,0.04938554124000019,1.1903355900000034
1.573875,0.04938554124000019,1.1903355900000034
1.5741,0.05057587683000019,1.1805255900000033
1.574325,0.05057587683000019,1.1805255900000033
1.57455,0.05057587683000019,1.1805255900000033
1.574775,0.05057587683000019,1.1805255900000033
1.575,0.051756402420000194,1.1707155900000032
1.5752249999999999,0.051756402420000194,1.1707155900000032
1.57545,0.051756402420000194,1.1707155900000032
1.575675,0.051756402420000194,1.1707155900000032
1.5758999999999999,0.0529271180100002,1.1609055900000032
1.576125,0.0529271180100002,1.1609055900000032
1.57635,0.0529271180100002,1.1609055900000032
1.576575,0.0529271180100002,1.1609055900000032
1.5768,0.0529271180100002,1.1609055900000032
1.577025,0.0540880236000002,1.151095590000003
1.57725,0.0540880236000002,1.151095590000003
1.577475,0.0540880236000002,1.151095590000003
1.5776999999999999,0.0540880236000002,1.151095590000003
1.577925,0.055239119190000206,1.141285590000003
1.57815,0.055239119190000206,1.141285590000003
1.5783749999999999,0.055239119190000206,1.141285590000003
1.5786,0.055239119190000206,1.141285590000003
1.578825,0.055239119190000206,1.141285590000003
1.57905,0.05638040478000021,1.1314755900000029
1.579275,0.05638040478000021,1.1314755900000029
1.5795,0.05638040478000021,1.1314755900000029
1.579725,0.05638040478000021,1.1314755900000029
1.57995,0.05751188037000021,1.1216655900000028
1.5801749999999999,0.05751188037000021,1.1216655900000028
1.5804,0.05751188037000021,1.1216655900000028
1.580625,0.05751188037000021,1.1216655900000028
1.5808499999999999,0.05751188037000021,1.1216655900000028
1.581075,0.05863354596000021,1.1118555900000027
1.5813,0.05863354596000021,1.1118555900000027
1.5815249999999998,0.05863354596000021,1.1118555900000027
1.58175,0.05863354596000021,1.1118555900000027
1.581975,0.059745401550000216,1.1020455900000026
1.5822,0.059745401550000216,1.1020455900000026
1.582425,0.059745401550000216,1.1020455900000026
1.58265,0.059745401550000216,1.1020455900000026
1.582875,0.059745401550000216,1.1020455900000026
1.5831,0.06084744714000022,1.0922355900000025
1.5833249999999999,0.06084744714000022,1.0922355900000025
1.58355,0.06084744714000022,1.0922355900000025
1.583775,0.06084744714000022,1.0922355900000025
1.5839999999999999,0.06193968273000022,1.0824255900000024
1.584225,0.06193968273000022,1.0824255900000024
1.58445,0.06193968273000022,1.0824255900000024
1.584675,0.06193968273000022,1.0824255900000024
1.5849,0.06302210832000023,1.0726155900000023
1.585125,0.06302210832000023,1.0726155900000023
1.58535,0.06302210832000023,1.0726155900000023
1.585575,0.06302210832000023,1.0726155900000023
1.5857999999999999,0.06302210832000023,1.0726155900000023
1.586025,0.06409472391000023,1.0628055900000022
1.58625,0.06409472391000023,1.0628055900000022
1.5864749999999999,0.06409472391000023,1.0628055900000022
1.5867,0.06409472391000023,1.0628055900000022
1.586925,0.06515752950000024,1.052995590000002
1.58715,0.06515752950000024,1.052995590000002
1.587375,0.06515752950000024,1.052995590000002
1.5876,0.06515752950000024,1.052995590000002
1.587825,0.06515752950000024,1.052995590000002
1.58805,0.06621052509000025,1.043185590000002
1.5882749999999999,0.06621052509000025,1.043185590000002
1.5885,0.06621052509000025,1.043185590000002
1.588725,0.06621052509000025,1.043185590000002
1.5889499999999999,0.06725371068000024,1.033375590000002
1.589175,0.06725371068000024,1.033375590000002
1.5894,0.06725371068000024,1.033375590000002
1.589625,0.06725371068000024,1.033375590000002
1.58985,0.06725371068000024,1.033375590000002
1.590075,0.06828708627000024,1.0235655900000018
1.5903,0.06828708627000024,1.0235655900000018
1.590525,0.06828708627000024,1.0235655900000018
1.5907499999999999,0.06828708627000024,1.0235655900000018
1.590975,0.06931065186000024,1.0137555900000017
1.5912,0.06931065186000024,1.0137555900000017
1.5914249999999999,0.06931065186000024,1.0137555900000017
1.59165,0.06931065186000024,1.0137555900000017
1.591875,0.06931065186000024,1.0137555900000017
1.5920999999999998,0.07032440745000024,1.0039455900000016
1.592325,0.07032440745000024,1.0039455900000016
1.59255,0.07032440745000024,1.0039455900000016
1.592775,0.07032440745000024,1.0039455900000016
1.593,0.07132835304000024,0.9941355900000016
1.593225,0.07132835304000024,0.9941355900000016
1.59345,0.07132835304000024,0.9941355900000016
1.593675,0.07132835304000024,0.9941355900000016
1.5938999999999999,0.07232248863000024,0.9843255900000016
1.594125,0.07232248863000024,0.9843255900000016
1.59435,0.07232248863000024,0.9843255900000016
1.5945749999999999,0.07232248863000024,0.9843255900000016
1.5948,0.07232248863000024,0.9843255900000016
1.595025,0.07330681422000024,0.9745155900000017
1.59525,0.07330681422000024,0.9745155900000017
1.595475,0.07330681422000024,0.9745155900000017
1.5957,0.07330681422000024,0.9745155900000017
1.595925,0.07428132981000024,0.9647055900000017
1.59615,0.07428132981000024,0.9647055900000017
1.5963749999999999,0.07428132981000024,0.9647055900000017
1.5966,0.07428132981000024,0.9647055900000017
1.596825,0.07428132981000024,0.9647055900000017
1.5970499999999999,0.07524603540000024,0.9548955900000017
1.597275,0.07524603540000024,0.9548955900000017
1.5975,0.07524603540000024,0.9548955900000017
1.597725,0.07524603540000024,0.9548955900000017
1.59795,0.07620093099000025,0.9450855900000017
1.598175,0.07620093099000025,0.9450855900000017
1.5984,0.07620093099000025,0.9450855900000017
1.598625,0.07620093099000025,0.9450855900000017
1.5988499999999999,0.07620093099000025,0.9450855900000017
1.599075,0.07714601658000025,0.9352755900000017
1.5993,0.07714601658000025,0.9352755900000017
1.5995249999999999,0.07714601658000025,0.9352755900000017
1.59975,0.07714601658000025,0.9352755900000017
1.599975,0.07808129217000026,0.9254655900000017
1.6002,0.07808129217000026,0.9254655900000017
1.600425,0.07808129217000026,0.9254655900000017
1.60065,0.07808129217000026,0.9254655900000017
1.600875,0.07808129217000026,0.9254655900000017
1.6011,0.07900675776000027,0.9156555900000017
1.6013249999999999,0.07900675776000027,0.9156555900000017
1.60155,0.07900675776000027,0.9156555900000017
1.601775,0.07900675776000027,0.9156555900000017
1.6019999999999999,0.07992241335000028,0.9058455900000018
1.602225,0.07992241335000028,0.9058455900000018
1.60245,0.07992241335000028,0.9058455900000018
1.6026749999999998,0.07992241335000028,0.9058455900000018
1.6029,0.08082825894000027,0.8960355900000018
1.603125,0.08082825894000027,0.8960355900000018
1.60335,0.08082825894000027,0.8960355900000018
1.603575,0.08082825894000027,0.8960355900000018
1.6038,0.08082825894000027,0.8960355900000018
1.604025,0.08172429453000027,0.8862255900000018
1.60425,0.08172429453000027,0.8862255900000018
1.6044749999999999,0.08172429453000027,0.8862255900000018
1.6047,0.08172429453000027,0.8862255900000018
1.604925,0.08261052012000027,0.8764155900000018
1.6051499999999999,0.08261052012000027,0.8764155900000018
1.605375,0.08261052012000027,0.8764155900000018
1.6056,0.08261052012000027,0.8764155900000018
1.605825,0.08261052012000027,0.8764155900000018
1.60605,0.08348693571000027,0.8666055900000018
1.606275,0.08348693571000027,0.8666055900000018
1.6065,0.08348693571000027,0.8666055900000018
1.606725,0.08348693571000027,0.8666055900000018
1.6069499999999999,0.08435354130000026,0.8567955900000018
1.607175,0.08435354130000026,0.8567955900000018
1.6074,0.08435354130000026,0.8567955900000018
1.6076249999999999,0.08435354130000026,0.8567955900000018
1.60785,0.08435354130000026,0.8567955900000018
1.608075,0.08521033689000027,0.8469855900000018
1.6083,0.08521033689000027,0.8469855900000018
1.608525,0.08521033689000027,0.8469855900000018
1.60875,0.08521033689000027,0.8469855900000018
1.608975,0.08605732248000027,0.8371755900000019
1.6092,0.08605732248000027,0.8371755900000019
1.6094249999999999,0.08605732248000027,0.8371755900000019
1.60965,0.08605732248000027,0.8371755900000019
1.609875,0.08605732248000027,0.8371755900000019
1.6100999999999999,0.08689449807000027,0.8273655900000019
1.610325,0.08689449807000027,0.8273655900000019
1.61055,0.08689449807000027,0.8273655900000019
1.6107749999999998,0.08689449807000027,0.8273655900000019
1.611,0.08772186366000027,0.8175555900000019
1.611225,0.08772186366000027,0.8175555900000019
1.61145,0.08772186366000027,0.8175555900000019
1.611675,0.08772186366000027,0.8175555900000019
1.6118999999999999,0.08853941925000028,0.8077455900000019
1.612125,0.08853941925000028,0.8077455900000019
1.61235,0.08853941925000028,0.8077455900000019
1.6125749999999999,0.08853941925000028,0.8077455900000019
1.6128,0.08853941925000028,0.8077455900000019
1.613025,0.08934716484000028,0.7979355900000019
1.6132499999999999,0.08934716484000028,0.7979355900000019
1.613475,0.08934716484000028,0.7979355900000019
1.6137,0.08934716484000028,0.7979355900000019
1.613925,0.09014510043000029,0.7881255900000019
1.61415,0.09014510043000029,0.7881255900000019
1.614375,0.09014510043000029,0.7881255900000019
1.6146,0.09014510043000029,0.7881255900000019
1.614825,0.09014510043000029,0.7881255900000019
1.6150499999999999,0.0909332260200003,0.7783155900000019
1.615275,0.0909332260200003,0.7783155900000019
1.6155,0.0909332260200003,0.7783155900000019
1.6157249999999999,0.0909332260200003,0.7783155900000019
1.61595,0.09171154161000031,0.768505590000002
1.616175,0.09171154161000031,0.768505590000002
1.6164,0.09171154161000031,0.768505590000002
1.616625,0.09171154161000031,0.768505590000002
1.61685,0.09171154161000031,0.768505590000002
1.617075,0.0924800472000003,0.758695590000002
1.6173,0.0924800472000003,0.758695590000002
1.6175249999999999,0.0924800472000003,0.758695590000002
1.61775,0.0924800472000003,0.758695590000002
1.617975,0.0932387427900003,0.748885590000002
1.6181999999999999,0.0932387427900003,0.748885590000002
1.618425,0.0932387427900003,0.748885590000002
1.61865,0.0932387427900003,0.748885590000002
1.618875,0.0932387427900003,0.748885590000002
1.6191,0.0939876283800003,0.739075590000002
1.619325,0.0939876283800003,0.739075590000002
1.61955,0.0939876283800003,0.739075590000002
1.619775,0.0939876283800003,0.739075590000002
1.6199999999999999,0.0947267039700003,0.729265590000002
1.620225,0.0947267039700003,0.729265590000002
1.62045,0.0947267039700003,0.729265590000002
1.6206749999999999,0.0947267039700003,0.729265590000002
1.6209,0.0954559695600003,0.719455590000002
1.621125,0.0954559695600003,0.719455590000002
1.6213499999999998,0.0954559695600003,0.719455590000002
1.621575,0.0954559695600003,0.719455590000002
1.6218,0.0954559695600003,0.719455590000002
1.622025,0.0961754251500003,0.709645590000002
1.62225,0.0961754251500003,0.709645590000002
1.622475,0.0961754251500003,0.709645590000002
1.6227,0.0961754251500003,0.709645590000002
1.622925,0.0968850707400003,0.6998355900000021
1.6231499999999999,0.0968850707400003,0.6998355900000021
1.623375,0.0968850707400003,0.6998355900000021
1.6236,0.0968850707400003,0.6998355900000021
1.6238249999999999,0.0968850707400003,0.6998355900000021
1.62405,0.0975849063300003,0.6900255900000021
1.624275,0.0975849063300003,0.6900255900000021
1.6245,0.0975849063300003,0.6900255900000021
1.624725,0.0975849063300003,0.6900255900000021
1.62495,0.09827493192000031,0.6802155900000021
1.625175,0.09827493192000031,0.6802155900000021
1.6254,0.09827493192000031,0.6802155900000021
1.6256249999999999,0.09827493192000031,0.6802155900000021
1.62585,0.09827493192000031,0.6802155900000021
1.626075,0.09895514751000031,0.6704055900000021
1.6262999999999999,0.09895514751000031,0.6704055900000021
1.626525,0.09895514751000031,0.6704055900000021
1.62675,0.09895514751000031,0.6704055900000021
1.626975,0.09962555310000032,0.6605955900000021
1.6272,0.09962555310000032,0.6605955900000021
1.627425,0.09962555310000032,0.6605955900000021
1.62765,0.09962555310000032,0.6605955900000021
1.627875,0.09962555310000032,0.6605955900000021
1.6280999999999999,0.10028614869000033,0.6507855900000021
1.628325,0.10028614869000033,0.6507855900000021
1.62855,0.10028614869000033,0.6507855900000021
1.6287749999999999,0.10028614869000033,0.6507855900000021
1.629,0.10093693428000033,0.6409755900000021
1.629225,0.10093693428000033,0.6409755900000021
1.62945,0.10093693428000033,0.6409755900000021
1.629675,0.10093693428000033,0.6409755900000021
1.6299,0.10157790987000034,0.6311655900000022
1.630125,0.10157790987000034,0.6311655900000022
1.63035,0.10157790987000034,0.6311655900000022
1.6305749999999999,0.10157790987000034,0.6311655900000022
1.6308,0.10157790987000034,0.6311655900000022
1.631025,0.10220907546000034,0.6213555900000022
1.6312499999999999,0.10220907546000034,0.6213555900000022
1.631475,0.10220907546000034,0.6213555900000022
1.6317,0.10220907546000034,0.6213555900000022
1.6319249999999998,0.10283043105000034,0.6115455900000022
1.63215,0.10283043105000034,0.6115455900000022
1.632375,0.10283043105000034,0.6115455900000022
1.6326,0.10283043105000034,0.6115455900000022
1.632825,0.10283043105000034,0.6115455900000022
1.63305,0.10344197664000034,0.6017355900000022
1.633275,0.10344197664000034,0.6017355900000022
1.6335,0.10344197664000034,0.6017355900000022
1.6337249999999999,0.10344197664000034,0.6017355900000022
1.63395,0.10404371223000033,0.5919255900000022
1.634175,0.10404371223000033,0.5919255900000022
1.6343999999999999,0.10404371223000033,0.5919255900000022
1.634625,0.10404371223000033,0.5919255900000022
1.63485,0.10404371223000033,0.5919255900000022
1.635075,0.10463563782000034,0.5821155900000022
1.6353,0.10463563782000034,0.5821155900000022
1.635525,0.10463563782000034,0.5821155900000022
1.63575,0.10463563782000034,0.5821155900000022
1.635975,0.10521775341000034,0.5723055900000023
1.6361999999999999,0.10521775341000034,0.5723055900000023
1.636425,0.10521775341000034,0.5723055900000023
1.63665,0.10521775341000034,0.5723055900000023
1.6368749999999999,0.10521775341000034,0.5723055900000023
1.6371,0.10579005900000034,0.5624955900000023
1.637325,0.10579005900000034,0.5624955900000023
1.63755,0.10579005900000034,0.5624955900000023
1.637775,0.10579005900000034,0.5624955900000023
1.638,0.10635255459000034,0.5526855900000023
1.638225,0.10635255459000034,0.5526855900000023
1.63845,0.10635255459000034,0.5526855900000023
1.6386749999999999,0.10635255459000034,0.5526855900000023
1.6389,0.10690524018000035,0.5428755900000023
1.639125,0.10690524018000035,0.5428755900000023
1.6393499999999999,0.10690524018000035,0.5428755900000023
1.639575,0.10690524018000035,0.5428755900000023
1.6398,0.10690524018000035,0.5428755900000023
1.640025,0.10744811577000035,0.5330655900000023
1.64025,0.10744811577000035,0.5330655900000023
1.640475,0.10744811577000035,0.5330655900000023
1.6407,0.10744811577000035,0.5330655900000023
1.640925,0.10798118136000036,0.5232555900000023
1.6411499999999999,0.10798118136000036,0.5232555900000023
1.641375,0.10798118136000036,0.5232555900000023
1.6416,0.10798118136000036,0.5232555900000023
1.6418249999999999,0.10798118136000036,0.5232555900000023
1.64205,0.10850443695000037,0.5134455900000023
1.642275,0.10850443695000037,0.5134455900000023
1.6424999999999998,0.10850443695000037,0.5134455900000023
1.642725,0.10850443695000037,0.5134455900000023
1.64295,0.10901788254000037,0.5036355900000024
1.643175,0.10901788254000037,0.5036355900000024
1.6434,0.10901788254000037,0.5036355900000024
1.643625,0.10901788254000037,0.5036355900000024
1.64385,0.10901788254000037,0.5036355900000024
1.644075,0.10952151813000037,0.49382559000000237
1.6442999999999999,0.10952151813000037,0.49382559000000237
1.644525,0.10952151813000037,0.49382559000000237
1.64475,0.10952151813000037,0.49382559000000237
1.6449749999999999,0.11001534372000037,0.4840155900000024
1.6452,0.11001534372000037,0.4840155900000024
1.645425,0.11001534372000037,0.4840155900000024
1.64565,0.11001534372000037,0.4840155900000024
1.645875,0.11001534372000037,0.4840155900000024
1.6461,0.11049935931000036,0.4742055900000024
1.646325,0.11049935931000036,0.4742055900000024
1.64655,0.11049935931000036,0.4742055900000024
1.6467749999999999,0.11049935931000036,0.4742055900000024
1.647,0.11097356490000036,0.4643955900000024
1.647225,0.11097356490000036,0.4643955900000024
1.6474499999999999,0.11097356490000036,0.4643955900000024
1.647675,0.11097356490000036,0.4643955900000024
1.6479,0.11143796049000036,0.4545855900000024
1.648125,0.11143796049000036,0.4545855900000024
1.64835,0.11143796049000036,0.4545855900000024
1.648575,0.11143796049000036,0.4545855900000024
1.6488,0.11143796049000036,0.4545855900000024
1.649025,0.11189254608000036,0.44477559000000244
1.6492499999999999,0.11189254608000036,0.44477559000000244
1.649475,0.11189254608000036,0.44477559000000244
1.6497,0.11189254608000036,0.44477559000000244
1.6499249999999999,0.11233732167000036,0.43496559000000246
1.65015,0.11233732167000036,0.43496559000000246
1.650375,0.11233732167000036,0.43496559000000246
1.6505999999999998,0.11233732167000036,0.43496559000000246
1.650825,0.11233732167000036,0.43496559000000246
1.65105,0.11277228726000037,0.42515559000000247
1.651275,0.11277228726000037,0.42515559000000247
1.6515,0.11277228726000037,0.42515559000000247
1.6517249999999999,0.11277228726000037,0.42515559000000247
1.65195,0.11319744285000037,0.4153455900000025
1.652175,0.11319744285000037,0.4153455900000025
1.6523999999999999,0.11319744285000037,0.4153455900000025
1.652625,0.11319744285000037,0.4153455900000025
1.65285,0.11319744285000037,0.4153455900000025
1.6530749999999999,0.11361278844000038,0.4055355900000025
1.6533,0.11361278844000038,0.4055355900000025
1.653525,0.11361278844000038,0.4055355900000025
1.65375,0.11361278844000038,0.4055355900000025
1.653975,0.11401832403000038,0.3957255900000025
1.6542,0.11401832403000038,0.3957255900000025
1.654425,0.11401832403000038,0.3957255900000025
1.65465,0.11401832403000038,0.3957255900000025
1.6548749999999999,0.11401832403000038,0.3957255900000025
1.6551,0.11441404962000039,0.38591559000000253
1.655325,0.11441404962000039,0.38591559000000253
1.6555499999999999,0.11441404962000039,0.38591559000000253
1.655775,0.11441404962000039,0.38591559000000253
1.656,0.1147999652100004,0.37610559000000254
1.656225,0.1147999652100004,0.37610559000000254
1.65645,0.1147999652100004,0.37610559000000254
1.656675,0.1147999652100004,0.37610559000000254
1.6569,0.1151760708000004,0.36629559000000256
1.657125,0.1151760708000004,0.36629559000000256
1.6573499999999999,0.1151760708000004,0.36629559000000256
1.657575,0.1151760708000004,0.36629559000000256
1.6578,0.1151760708000004,0.36629559000000256
1.6580249999999999,0.1155423663900004,0.3564855900000026
1.65825,0.1155423663900004,0.3564855900000026
1.658475,0.1155423663900004,0.3564855900000026
1.6587,0.1155423663900004,0.3564855900000026
1.658925,0.1158988519800004,0.3466755900000026
1.65915,0.1158988519800004,0.3466755900000026
1.659375,0.1158988519800004,0.3466755900000026
1.6596,0.1158988519800004,0.3466755900000026
1.6598249999999999,0.1158988519800004,0.3466755900000026
1.66005,0.1162455275700004,0.3368655900000026
1.660275,0.1162455275700004,0.3368655900000026
1.6604999999999999,0.1162455275700004,0.3368655900000026
1.660725,0.1162455275700004,0.3368655900000026
1.66095,0.1165823931600004,0.3270555900000026
1.6611749999999998,0.1165823931600004,0.3270555900000026
1.6614,0.1165823931600004,0.3270555900000026
1.661625,0.1165823931600004,0.3270555900000026
1.66185,0.1165823931600004,0.3270555900000026
1.662075,0.1169094487500004,0.31724559000000263
1.6622999999999999,0.1169094487500004,0.31724559000000263
1.662525,0.1169094487500004,0.31724559000000263
1.66275,0.1169094487500004,0.31724559000000263
1.6629749999999999,0.1172266943400004,0.30743559000000265
1.6632,0.1172266943400004,0.30743559000000265
1.663425,0.1172266943400004,0.30743559000000265
1.6636499999999999,0.1172266943400004,0.30743559000000265
1.663875,0.1172266943400004,0.30743559000000265
1.6641,0.1175341299300004,0.29762559000000266
1.664325,0.1175341299300004,0.29762559000000266
1.66455,0.1175341299300004,0.29762559000000266
1.664775,0.1175341299300004,0.29762559000000266
1.665,0.1178317555200004,0.2878155900000027
1.665225,0.1178317555200004,0.2878155900000027
1.6654499999999999,0.1178317555200004,0.2878155900000027
1.665675,0.1178317555200004,0.2878155900000027
1.6659,0.1181195711100004,0.2780055900000027
1.6661249999999999,0.1181195711100004,0.2780055900000027
1.66635,0.1181195711100004,0.2780055900000027
1.666575,0.1181195711100004,0.2780055900000027
1.6668,0.1181195711100004,0.2780055900000027
1.667025,0.11839757670000041,0.2681955900000027
1.66725,0.11839757670000041,0.2681955900000027
1.667475,0.11839757670000041,0.2681955900000027
1.6677,0.11839757670000041,0.2681955900000027
1.6679249999999999,0.11866577229000042,0.2583855900000027
1.66815,0.11866577229000042,0.2583855900000027
1.668375,0.11866577229000042,0.2583855900000027
1.6685999999999999,0.11866577229000042,0.2583855900000027
1.668825,0.11866577229000042,0.2583855900000027
1.66905,0.11892415788000042,0.2485755900000027
1.669275,0.11892415788000042,0.2485755900000027
1.6695,0.11892415788000042,0.2485755900000027
1.669725,0.11892415788000042,0.2485755900000027
1.66995,0.11917273347000043,0.2387655900000027
1.670175,0.11917273347000043,0.2387655900000027
1.6703999999999999,0.11917273347000043,0.2387655900000027
1.670625,0.11917273347000043,0.2387655900000027
1.67085,0.11917273347000043,0.2387655900000027
1.6710749999999999,0.11941149906000044,0.22895559000000268
1.6713,0.11941149906000044,0.22895559000000268
1.671525,0.11941149906000044,0.22895559000000268
1.6717499999999998,0.11941149906000044,0.22895559000000268
1.671975,0.11964045465000044,0.21914559000000267
1.6722,0.11964045465000044,0.21914559000000267
1.672425,0.11964045465000044,0.21914559000000267
1.67265,0.11964045465000044,0.21914559000000267
1.672875,0.11964045465000044,0.21914559000000267
1.6731,0.11985960024000043,0.20933559000000265
1.673325,0.11985960024000043,0.20933559000000265
1.6735499999999999,0.11985960024000043,0.20933559000000265
1.673775,0.11985960024000043,0.20933559000000265
1.674,0.12006893583000043,0.19952559000000264
1.6742249999999999,0.12006893583000043,0.19952559000000264
1.67445,0.12006893583000043,0.19952559000000264
1.674675,0.12006893583000043,0.19952559000000264
1.6749,0.12026846142000043,0.18971559000000263
1.675125,0.12026846142000043,0.18971559000000263
1.67535,0.12026846142000043,0.18971559000000263
1.675575,0.12026846142000043,0.18971559000000263
1.6758,0.12026846142000043,0.18971559000000263
1.6760249999999999,0.12045817701000043,0.1799055900000026
1.67625,0.12045817701000043,0.1799055900000026
1.676475,0.12045817701000043,0.1799055900000026
1.6766999999999999,0.12045817701000043,0.1799055900000026
1.676925,0.12063808260000043,0.1700955900000026
1.67715,0.12063808260000043,0.1700955900000026
1.677375,0.12063808260000043,0.1700955900000026
1.6776,0.12063808260000043,0.1700955900000026
1.677825,0.12063808260000043,0.1700955900000026
1.67805,0.12080817819000043,0.1602855900000026
1.678275,0.12080817819000043,0.1602855900000026
1.6784999999999999,0.12080817819000043,0.1602855900000026
1.678725,0.12080817819000043,0.1602855900000026
1.67895,0.12096846378000044,0.15047559000000257
1.6791749999999999,0.12096846378000044,0.15047559000000257
1.6794,0.12096846378000044,0.15047559000000257
1.679625,0.12096846378000044,0.15047559000000257
1.6798499999999998,0.12096846378000044,0.15047559000000257
1.680075,0.12111893937000044,0.14066559000000256
1.6803,0.12111893937000044,0.14066559000000256
1.680525,0.12111893937000044,0.14066559000000256
1.68075,0.12111893937000044,0.14066559000000256
1.6809749999999999,0.12125960496000045,0.13085559000000255
1.6812,0.12125960496000045,0.13085559000000255
1.681425,0.12125960496000045,0.13085559000000255
1.6816499999999999,0.12125960496000045,0.13085559000000255
1.681875,0.12125960496000045,0.13085559000000255
1.6821,0.12139046055000045,0.12104559000000255
1.6823249999999998,0.12139046055000045,0.12104559000000255
1.68255,0.12139046055000045,0.12104559000000255
1.682775,0.12139046055000045,0.12104559000000255
1.683,0.12151150614000046,0.11123559000000255
1.683225,0.12151150614000046,0.11123559000000255
1.68345,0.12151150614000046,0.11123559000000255
1.683675,0.12151150614000046,0.11123559000000255
1.6839,0.12162274173000047,0.10142559000000255
1.6841249999999999,0.12162274173000047,0.10142559000000255
1.68435,0.12162274173000047,0.10142559000000255
1.684575,0.12162274173000047,0.10142559000000255
1.6847999999999999,0.12162274173000047,0.10142559000000255
1.685025,0.12172416732000048,0.09161559000000255
1.68525,0.12172416732000048,0.09161559000000255
1.685475,0.12172416732000048,0.09161559000000255
1.6857,0.12172416732000048,0.09161559000000255
1.685925,0.12181578291000048,0.08180559000000255
1.68615,0.12181578291000048,0.08180559000000255
1.686375,0.12181578291000048,0.08180559000000255
1.6865999999999999,0.12181578291000048,0.08180559000000255
1.686825,0.12181578291000048,0.08180559000000255
1.68705,0.12189758850000047,0.07199559000000255
1.6872749999999999,0.12189758850000047,0.07199559000000255
1.6875,0.12189758850000047,0.07199559000000255
1.687725,0.12189758850000047,0.07199559000000255
1.68795,0.12196958409000047,0.06218559000000255
1.688175,0.12196958409000047,0.06218559000000255
1.6884,0.12196958409000047,0.06218559000000255
1.688625,0.12196958409000047,0.06218559000000255
1.68885,0.12196958409000047,0.06218559000000255
1.6890749999999999,0.12203176968000047,0.05237559000000255
1.6893,0.12203176968000047,0.05237559000000255
1.689525,0.12203176968000047,0.05237559000000255
1.6897499999999999,0.12203176968000047,0.05237559000000255
1.689975,0.12208414527000047,0.042565590000002554
1.6902,0.12208414527000047,0.042565590000002554
1.6904249999999998,0.12208414527000047,0.042565590000002554
1.69065,0.12208414527000047,0.042565590000002554
1.690875,0.12208414527000047,0.042565590000002554
1.6911,0.12212671086000047,0.032755590000002555
1.691325,0.12212671086000047,0.032755590000002555
1.6915499999999999,0.12212671086000047,0.032755590000002555
1.691775,0.12212671086000047,0.032755590000002555
1.692,0.12215946645000048,0.022945590000002555
1.6922249999999999,0.12215946645000048,0.022945590000002555
1.69245,0.12215946645000048,0.022945590000002555
1.692675,0.12215946645000048,0.022945590000002555
1.6928999999999998,0.12218241204000048,0.013135590000002554
1.693125,0.12218241204000048,0.013135590000002554
1.69335,0.12218241204000048,0.013135590000002554
1.693575,0.12218241204000048,0.013135590000002554
1.6938,0.12218241204000048,0.013135590000002554
1.694025,0.12219554763000048,0.0033255900000025533
1.69425,0.12219554763000048,0.0033255900000025533
1.694475,0.12219554763000048,0.0033255900000025533
1.6946999999999999,0.12219554763000048,0.0033255900000025533
1.694925,0.12219887322000049,-0.006484409999997448
1.69515,0.12219887322000049,-0.006484409999997448
1.6953749999999999,0.12219887322000049,-0.006484409999997448
1.6956,0.12219887322000049,-0.006484409999997448
1.695825,0.12219887322000049,-0.006484409999997448
1.69605,0.1221923888100005,-0.01629440999999745
1.696275,0.1221923888100005,-0.01629440999999745
1.6965,0.1221923888100005,-0.01629440999999745
1.696725,0.1221923888100005,-0.01629440999999745
1.69695,0.1221760944000005,-0.026104409999997448
1.6971749999999999,0.1221760944000005,-0.026104409999997448
1.6974,0.1221760944000005,-0.026104409999997448
1.697625,0.1221760944000005,-0.026104409999997448
1.6978499999999999,0.1221760944000005,-0.026104409999997448
1.698075,0.12214998999000051,-0.03591440999999745
1.6983,0.12214998999000051,-0.03591440999999745
1.698525,0.12214998999000051,-0.03591440999999745
1.69875,0.12214998999000051,-0.03591440999999745
1.698975,0.12211407558000051,-0.04572440999999745
1.6992,0.12211407558000051,-0.04572440999999745
1.699425,0.12211407558000051,-0.04572440999999745
1.6996499999999999,0.12211407558000051,-0.04572440999999745
1.699875,0.12211407558000051,-0.04572440999999745
1.7001,0.1220683511700005,-0.055534409999997446
1.7003249999999999,0.1220683511700005,-0.055534409999997446
1.70055,0.1220683511700005,-0.055534409999997446
1.700775,0.1220683511700005,-0.055534409999997446
1.7009999999999998,0.1220128167600005,-0.06534440999999745
1.701225,0.1220128167600005,-0.06534440999999745
1.70145,0.1220128167600005,-0.06534440999999745
1.701675,0.1220128167600005,-0.06534440999999745
1.7019,0.1219474723500005,-0.07515440999999745
1.7021249999999999,0.1219474723500005,-0.07515440999999745
1.70235,0.1219474723500005,-0.07515440999999745
1.702575,0.1219474723500005,-0.07515440999999745
1.7027999999999999,0.1219474723500005,-0.07515440999999745
1.703025,0.1218723179400005,-0.08496440999999745
1.70325,0.1218723179400005,-0.08496440999999745
1.7034749999999999,0.1218723179400005,-0.08496440999999745
1.7037,0.1218723179400005,-0.08496440999999745
1.703925,0.1217873535300005,-0.09477440999999745
1.70415,0.1217873535300005,-0.09477440999999745
1.704375,0.1217873535300005,-0.09477440999999745
1.7046,0.1217873535300005,-0.09477440999999745
1.704825,0.1217873535300005,-0.09477440999999745
1.70505,0.1216925791200005,-0.10458440999999745
1.7052749999999999,0.1216925791200005,-0.10458440999999745
1.7055,0.1216925791200005,-0.10458440999999745
1.705725,0.1216925791200005,-0.10458440999999745
1.7059499999999999,0.12158799471000051,-0.11439440999999745
1.706175,0.12158799471000051,-0.11439440999999745
1.7064,0.12158799471000051,-0.11439440999999745
1.706625,0.12158799471000051,-0.11439440999999745
1.70685,0.12158799471000051,-0.11439440999999745
1.707075,0.12147360030000051,-0.12420440999999745
1.7073,0.12147360030000051,-0.12420440999999745
1.707525,0.12147360030000051,-0.12420440999999745
1.7077499999999999,0.12147360030000051,-0.12420440999999745
1.707975,0.12134939589000052,-0.13401440999999745
1.7082,0.12134939589000052,-0.13401440999999745
1.7084249999999999,0.12134939589000052,-0.13401440999999745
1.70865,0.12134939589000052,-0.13401440999999745
1.708875,0.12134939589000052,-0.13401440999999745
1.7091,0.12121538148000052,-0.14382440999999746
1.709325,0.12121538148000052,-0.14382440999999746
1.70955,0.12121538148000052,-0.14382440999999746
1.709775,0.12121538148000052,-0.14382440999999746
1.71,0.12107155707000053,-0.15363440999999747
1.7102249999999999,0.12107155707000053,-0.15363440999999747
1.71045,0.12107155707000053,-0.15363440999999747
1.710675,0.12107155707000053,-0.15363440999999747
1.7108999999999999,0.12091792266000054,-0.1634444099999975
1.711125,0.12091792266000054,-0.1634444099999975
1.71135,0.12091792266000054,-0.1634444099999975
1.7115749999999998,0.12091792266000054,-0.1634444099999975
1.7118,0.12091792266000054,-0.1634444099999975
1.712025,0.12075447825000055,-0.1732544099999975
1.71225,0.12075447825000055,-0.1732544099999975
1.712475,0.12075447825000055,-0.1732544099999975
1.7127,0.12075447825000055,-0.1732544099999975
1.712925,0.12058122384000054,-0.1830644099999975
1.71315,0.12058122384000054,-0.1830644099999975
1.7133749999999999,0.12058122384000054,-0.1830644099999975
1.7136,0.12058122384000054,-0.1830644099999975
1.713825,0.12058122384000054,-0.1830644099999975
1.7140499999999999,0.12039815943000054,-0.19287440999999753
1.714275,0.12039815943000054,-0.19287440999999753
1.7145,0.12039815943000054,-0.19287440999999753
1.714725,0.12039815943000054,-0.19287440999999753
1.71495,0.12020528502000054,-0.20268440999999754
1.715175,0.12020528502000054,-0.20268440999999754
1.7154,0.12020528502000054,-0.20268440999999754
1.715625,0.12020528502000054,-0.20268440999999754
1.7158499999999999,0.12020528502000054,-0.20268440999999754
1.716075,0.12000260061000054,-0.21249440999999755
1.7163,0.12000260061000054,-0.21249440999999755
1.7165249999999999,0.12000260061000054,-0.21249440999999755
1.71675,0.12000260061000054,-0.21249440999999755
1.716975,0.11979010620000054,-0.22230440999999757
1.7172,0.11979010620000054,-0.22230440999999757
1.717425,0.11979010620000054,-0.22230440999999757
1.71765,0.11979010620000054,-0.22230440999999757
1.717875,0.11979010620000054,-0.22230440999999757
1.7181,0.11956780179000054,-0.23211440999999758
1.7183249999999999,0.11956780179000054,-0.23211440999999758
1.71855,0.11956780179000054,-0.23211440999999758
1.718775,0.11956780179000054,-0.23211440999999758
1.7189999999999999,0.11933568738000054,-0.2419244099999976
1.719225,0.11933568738000054,-0.2419244099999976
1.71945,0.11933568738000054,-0.2419244099999976
1.7196749999999998,0.11933568738000054,-0.2419244099999976
1.7199,0.11909376297000054,-0.2517344099999976
1.720125,0.11909376297000054,-0.2517344099999976
1.72035,0.11909376297000054,-0.2517344099999976
1.720575,0.11909376297000054,-0.2517344099999976
1.7207999999999999,0.11909376297000054,-0.2517344099999976
1.721025,0.11884202856000055,-0.26154440999999756
1.72125,0.11884202856000055,-0.26154440999999756
1.7214749999999999,0.11884202856000055,-0.26154440999999756
1.7217,0.11884202856000055,-0.26154440999999756
1.721925,0.11858048415000055,-0.27135440999999755
1.7221499999999998,0.11858048415000055,-0.27135440999999755
1.722375,0.11858048415000055,-0.27135440999999755
1.7226,0.11858048415000055,-0.27135440999999755
1.722825,0.11858048415000055,-0.27135440999999755
1.72305,0.11830912974000056,-0.28116440999999753
1.723275,0.11830912974000056,-0.28116440999999753
1.7235,0.11830912974000056,-0.28116440999999753
1.723725,0.11830912974000056,-0.28116440999999753
1.7239499999999999,0.11802796533000057,-0.2909744099999975
1.724175,0.11802796533000057,-0.2909744099999975
1.7244,0.11802796533000057,-0.2909744099999975
1.7246249999999999,0.11802796533000057,-0.2909744099999975
1.72485,0.11802796533000057,-0.2909744099999975
1.725075,0.11773699092000058,-0.3007844099999975
1.7253,0.11773699092000058,-0.3007844099999975
1.725525,0.11773699092000058,-0.3007844099999975
1.72575,0.11773699092000058,-0.3007844099999975
1.725975,0.11743620651000058,-0.3105944099999975
1.7262,0.11743620651000058,-0.3105944099999975
1.7264249999999999,0.11743620651000058,-0.3105944099999975
1.72665,0.11743620651000058,-0.3105944099999975
1.726875,0.11743620651000058,-0.3105944099999975
1.7270999999999999,0.11712561210000058,-0.3204044099999975
1.727325,0.11712561210000058,-0.3204044099999975
1.72755,0.11712561210000058,-0.3204044099999975
1.727775,0.11712561210000058,-0.3204044099999975
1.728,0.11680520769000058,-0.33021440999999746
1.728225,0.11680520769000058,-0.33021440999999746
1.72845,0.11680520769000058,-0.33021440999999746
1.728675,0.11680520769000058,-0.33021440999999746
1.7288999999999999,0.11647499328000058,-0.34002440999999745
1.729125,0.11647499328000058,-0.34002440999999745
1.72935,0.11647499328000058,-0.34002440999999745
1.7295749999999999,0.11647499328000058,-0.34002440999999745
1.7298,0.11647499328000058,-0.34002440999999745
1.730025,0.11613496887000058,-0.34983440999999743
1.7302499999999998,0.11613496887000058,-0.34983440999999743
1.730475,0.11613496887000058,-0.34983440999999743
1.7307,0.11613496887000058,-0.34983440999999743
1.730925,0.11578513446000058,-0.3596444099999974
1.73115,0.11578513446000058,-0.3596444099999974
1.7313749999999999,0.11578513446000058,-0.3596444099999974
1.7316,0.11578513446000058,-0.3596444099999974
1.731825,0.11578513446000058,-0.3596444099999974
1.7320499999999999,0.11542549005000058,-0.3694544099999974
1.732275,0.11542549005000058,-0.3694544099999974
1.7325,0.11542549005000058,-0.3694544099999974
1.7327249999999998,0.11542549005000058,-0.3694544099999974
1.73295,0.11505603564000058,-0.3792644099999974
1.733175,0.11505603564000058,-0.3792644099999974
1.7334,0.11505603564000058,-0.3792644099999974
1.733625,0.11505603564000058,-0.3792644099999974
1.73385,0.11505603564000058,-0.3792644099999974
1.734075,0.11467677123000058,-0.3890744099999974
1.7343,0.11467677123000058,-0.3890744099999974
1.7345249999999999,0.11467677123000058,-0.3890744099999974
1.73475,0.11467677123000058,-0.3890744099999974
1.734975,0.11428769682000059,-0.39888440999999736
1.7351999999999999,0.11428769682000059,-0.39888440999999736
1.735425,0.11428769682000059,-0.39888440999999736
1.73565,0.11428769682000059,-0.39888440999999736
1.735875,0.11428769682000059,-0.39888440999999736
1.7361,0.1138888124100006,-0.40869440999999734
1.736325,0.1138888124100006,-0.40869440999999734
1.73655,0.1138888124100006,-0.40869440999999734
1.736775,0.1138888124100006,-0.40869440999999734
1.7369999999999999,0.1134801180000006,-0.41850440999999733
1.737225,0.1134801180000006,-0.41850440999999733
1.73745,0.1134801180000006,-0.41850440999999733
1.7376749999999999,0.1134801180000006,-0.41850440999999733
1.7379,0.11306161359000061,-0.4283144099999973
1.738125,0.11306161359000061,-0.4283144099999973
1.73835,0.11306161359000061,-0.4283144099999973
1.738575,0.11306161359000061,-0.4283144099999973
1.7388,0.11306161359000061,-0.4283144099999973
1.739025,0.11263329918000062,-0.4381244099999973
1.73925,0.11263329918000062,-0.4381244099999973
1.7394749999999999,0.11263329918000062,-0.4381244099999973
1.7397,0.11263329918000062,-0.4381244099999973
1.739925,0.11219517477000063,-0.4479344099999973
1.7401499999999999,0.11219517477000063,-0.4479344099999973
1.740375,0.11219517477000063,-0.4479344099999973
1.7406,0.11219517477000063,-0.4479344099999973
1.7408249999999998,0.11219517477000063,-0.4479344099999973
1.74105,0.11174724036000062,-0.45774440999999727
1.741275,0.11174724036000062,-0.45774440999999727
1.7415,0.11174724036000062,-0.45774440999999727
1.741725,0.11174724036000062,-0.45774440999999727
1.7419499999999999,0.11128949595000062,-0.46755440999999726
1.742175,0.11128949595000062,-0.46755440999999726
1.7424,0.11128949595000062,-0.46755440999999726
1.7426249999999999,0.11128949595000062,-0.46755440999999726
1.74285,0.11128949595000062,-0.46755440999999726
1.743075,0.11082194154000062,-0.47736440999999724
1.7432999999999998,0.11082194154000062,-0.47736440999999724
1.743525,0.11082194154000062,-0.47736440999999724
1.74375,0.11082194154000062,-0.47736440999999724
1.743975,0.11034457713000062,-0.4871744099999972
1.7442,0.11034457713000062,-0.4871744099999972
1.744425,0.11034457713000062,-0.4871744099999972
1.74465,0.11034457713000062,-0.4871744099999972
1.744875,0.11034457713000062,-0.4871744099999972
1.7450999999999999,0.10985740272000062,-0.4969844099999972
1.745325,0.10985740272000062,-0.4969844099999972
1.74555,0.10985740272000062,-0.4969844099999972
1.7457749999999999,0.10985740272000062,-0.4969844099999972
1.746,0.10936041831000062,-0.5067944099999973
1.746225,0.10936041831000062,-0.5067944099999973
1.74645,0.10936041831000062,-0.5067944099999973
1.746675,0.10936041831000062,-0.5067944099999973
1.7469,0.10885362390000063,-0.5166044099999972
1.747125,0.10885362390000063,-0.5166044099999972
1.74735,0.10885362390000063,-0.5166044099999972
1.7475749999999999,0.10885362390000063,-0.5166044099999972
1.7478,0.10885362390000063,-0.5166044099999972
1.748025,0.10833701949000063,-0.5264144099999972
1.7482499999999999,0.10833701949000063,-0.5264144099999972
1.748475,0.10833701949000063,-0.5264144099999972
1.7487,0.10833701949000063,-0.5264144099999972
1.748925,0.10781060508000063,-0.5362244099999972
1.74915,0.10781060508000063,-0.5362244099999972
1.749375,0.10781060508000063,-0.5362244099999972
1.7496,0.10781060508000063,-0.5362244099999972
1.749825,0.10781060508000063,-0.5362244099999972
1.7500499999999999,0.10727438067000064,-0.5460344099999972
1.750275,0.10727438067000064,-0.5460344099999972
1.7505,0.10727438067000064,-0.5460344099999972
1.7507249999999999,0.10727438067000064,-0.5460344099999972
1.75095,0.10672834626000065,-0.5558444099999972
1.751175,0.10672834626000065,-0.5558444099999972
1.7513999999999998,0.10672834626000065,-0.5558444099999972
1.751625,0.10672834626000065,-0.5558444099999972
1.75185,0.10672834626000065,-0.5558444099999972
1.752075,0.10617250185000066,-0.5656544099999972
1.7523,0.10617250185000066,-0.5656544099999972
1.7525249999999999,0.10617250185000066,-0.5656544099999972
1.75275,0.10617250185000066,-0.5656544099999972
1.752975,0.10560684744000066,-0.5754644099999972
1.7531999999999999,0.10560684744000066,-0.5754644099999972
1.753425,0.10560684744000066,-0.5754644099999972
1.75365,0.10560684744000066,-0.5754644099999972
1.7538749999999999,0.10560684744000066,-0.5754644099999972
1.7541,0.10503138303000066,-0.5852744099999971
1.754325,0.10503138303000066,-0.5852744099999971
1.75455,0.10503138303000066,-0.5852744099999971
1.754775,0.10503138303000066,-0.5852744099999971
1.755,0.10444610862000066,-0.5950844099999971
1.755225,0.10444610862000066,-0.5950844099999971
1.75545,0.10444610862000066,-0.5950844099999971
1.7556749999999999,0.10444610862000066,-0.5950844099999971
1.7559,0.10385102421000066,-0.6048944099999971
1.756125,0.10385102421000066,-0.6048944099999971
1.7563499999999999,0.10385102421000066,-0.6048944099999971
1.756575,0.10385102421000066,-0.6048944099999971
1.7568,0.10385102421000066,-0.6048944099999971
1.757025,0.10324612980000065,-0.6147044099999971
1.75725,0.10324612980000065,-0.6147044099999971
1.757475,0.10324612980000065,-0.6147044099999971
1.7577,0.10324612980000065,-0.6147044099999971
1.757925,0.10263142539000066,-0.6245144099999971
1.7581499999999999,0.10263142539000066,-0.6245144099999971
1.758375,0.10263142539000066,-0.6245144099999971
1.7586,0.10263142539000066,-0.6245144099999971
1.7588249999999999,0.10263142539000066,-0.6245144099999971
1.75905,0.10200691098000066,-0.6343244099999971
1.759275,0.10200691098000066,-0.6343244099999971
1.7594999999999998,0.10200691098000066,-0.6343244099999971
1.759725,0.10200691098000066,-0.6343244099999971
1.75995,0.10137258657000066,-0.644134409999997
1.760175,0.10137258657000066,-0.644134409999997
1.7604,0.10137258657000066,-0.644134409999997
1.7606249999999999,0.10137258657000066,-0.644134409999997
1.76085,0.10137258657000066,-0.644134409999997
1.761075,0.10072845216000066,-0.653944409999997
1.7612999999999999,0.10072845216000066,-0.653944409999997
1.761525,0.10072845216000066,-0.653944409999997
1.76175,0.10072845216000066,-0.653944409999997
1.7619749999999998,0.10007450775000067,-0.663754409999997
1.7622,0.10007450775000067,-0.663754409999997
1.762425,0.10007450775000067,-0.663754409999997
1.76265,0.10007450775000067,-0.663754409999997
1.762875,0.10007450775000067,-0.663754409999997
1.7631,0.09941075334000067,-0.673564409999997
1.763325,0.09941075334000067,-0.673564409999997
1.76355,0.09941075334000067,-0.673564409999997
1.7637749999999999,0.09941075334000067,-0.673564409999997
1.764,0.09873718893000068,-0.683374409999997
1.764225,0.09873718893000068,-0.683374409999997
1.7644499999999999,0.09873718893000068,-0.683374409999997
1.764675,0.09873718893000068,-0.683374409999997
1.7649,0.09805381452000068,-0.693184409999997
1.765125,0.09805381452000068,-0.693184409999997
1.76535,0.09805381452000068,-0.693184409999997
1.765575,0.09805381452000068,-0.693184409999997
1.7658,0.09805381452000068,-0.693184409999997
1.766025,0.09736063011000069,-0.702994409999997
1.7662499999999999,0.09736063011000069,-0.702994409999997
1.766475,0.09736063011000069,-0.702994409999997
1.7667,0.09736063011000069,-0.702994409999997
1.7669249999999999,0.0966576357000007,-0.712804409999997
1.76715,0.0966576357000007,-0.712804409999997
1.767375,0.0966576357000007,-0.712804409999997
1.7676,0.0966576357000007,-0.712804409999997
1.767825,0.0966576357000007,-0.712804409999997
1.76805,0.0959448312900007,-0.7226144099999969
1.768275,0.0959448312900007,-0.7226144099999969
1.7685,0.0959448312900007,-0.7226144099999969
1.7687249999999999,0.0959448312900007,-0.7226144099999969
1.76895,0.0952222168800007,-0.7324244099999969
1.769175,0.0952222168800007,-0.7324244099999969
1.7693999999999999,0.0952222168800007,-0.7324244099999969
1.769625,0.0952222168800007,-0.7324244099999969
1.76985,0.0952222168800007,-0.7324244099999969
1.7700749999999998,0.0944897924700007,-0.7422344099999969
1.7703,0.0944897924700007,-0.7422344099999969
1.770525,0.0944897924700007,-0.7422344099999969
1.77075,0.0944897924700007,-0.7422344099999969
1.770975,0.0937475580600007,-0.7520444099999969
1.7711999999999999,0.0937475580600007,-0.7520444099999969
1.771425,0.0937475580600007,-0.7520444099999969
1.77165,0.0937475580600007,-0.7520444099999969
1.7718749999999999,0.0937475580600007,-0.7520444099999969
1.7721,0.0929955136500007,-0.7618544099999969
1.772325,0.0929955136500007,-0.7618544099999969
1.7725499999999998,0.0929955136500007,-0.7618544099999969
1.772775,0.0929955136500007,-0.7618544099999969
1.773,0.0922336592400007,-0.7716644099999969
1.773225,0.0922336592400007,-0.7716644099999969
1.77345,0.0922336592400007,-0.7716644099999969
1.773675,0.0922336592400007,-0.7716644099999969
1.7739,0.0914619948300007,-0.7814744099999968
1.774125,0.0914619948300007,-0.7814744099999968
1.7743499999999999,0.0914619948300007,-0.7814744099999968
1.774575,0.0914619948300007,-0.7814744099999968
1.7748,0.0914619948300007,-0.7814744099999968
1.7750249999999999,0.0906805204200007,-0.7912844099999968
1.77525,0.0906805204200007,-0.7912844099999968
1.775475,0.0906805204200007,-0.7912844099999968
1.7757,0.0906805204200007,-0.7912844099999968
1.775925,0.0898892360100007,-0.8010944099999968
1.77615,0.0898892360100007,-0.8010944099999968
1.776375,0.0898892360100007,-0.8010944099999968
1.7766,0.0898892360100007,-0.8010944099999968
1.7768249999999999,0.0898892360100007,-0.8010944099999968
1.77705,0.08908814160000071,-0.8109044099999968
1.777275,0.08908814160000071,-0.8109044099999968
1.7774999999999999,0.08908814160000071,-0.8109044099999968
1.777725,0.08908814160000071,-0.8109044099999968
1.77795,0.08827723719000072,-0.8207144099999968
1.778175,0.08827723719000072,-0.8207144099999968
1.7784,0.08827723719000072,-0.8207144099999968
1.778625,0.08827723719000072,-0.8207144099999968
1.77885,0.08827723719000072,-0.8207144099999968
1.779075,0.08745652278000073,-0.8305244099999968
1.7792999999999999,0.08745652278000073,-0.8305244099999968
1.779525,0.08745652278000073,-0.8305244099999968
1.77975,0.08745652278000073,-0.8305244099999968
1.7799749999999999,0.08662599837000073,-0.8403344099999968
1.7802,0.08662599837000073,-0.8403344099999968
1.780425,0.08662599837000073,-0.8403344099999968
1.7806499999999998,0.08662599837000073,-0.8403344099999968
1.780875,0.08662599837000073,-0.8403344099999968
1.7811,0.08578566396000074,-0.8501444099999967
1.781325,0.08578566396000074,-0.8501444099999967
1.78155,0.08578566396000074,-0.8501444099999967
1.7817749999999999,0.08578566396000074,-0.8501444099999967
1.782,0.08493551955000074,-0.8599544099999967
1.782225,0.08493551955000074,-0.8599544099999967
1.7824499999999999,0.08493551955000074,-0.8599544099999967
1.782675,0.08493551955000074,-0.8599544099999967
1.7829,0.08407556514000074,-0.8697644099999967
1.7831249999999998,0.08407556514000074,-0.8697644099999967
1.78335,0.08407556514000074,-0.8697644099999967
1.783575,0.08407556514000074,-0.8697644099999967
1.7838,0.08407556514000074,-0.8697644099999967
1.784025,0.08320580073000074,-0.8795744099999967
1.78425,0.08320580073000074,-0.8795744099999967
1.784475,0.08320580073000074,-0.8795744099999967
1.7847,0.08320580073000074,-0.8795744099999967
1.7849249999999999,0.08232622632000074,-0.8893844099999967
1.78515,0.08232622632000074,-0.8893844099999967
1.785375,0.08232622632000074,-0.8893844099999967
1.7855999999999999,0.08232622632000074,-0.8893844099999967
1.785825,0.08232622632000074,-0.8893844099999967
1.78605,0.08143684191000074,-0.8991944099999967
1.786275,0.08143684191000074,-0.8991944099999967
1.7865,0.08143684191000074,-0.8991944099999967
1.786725,0.08143684191000074,-0.8991944099999967
1.78695,0.08053764750000074,-0.9090044099999967
1.787175,0.08053764750000074,-0.9090044099999967
1.7873999999999999,0.08053764750000074,-0.9090044099999967
1.787625,0.08053764750000074,-0.9090044099999967
1.78785,0.08053764750000074,-0.9090044099999967
1.7880749999999999,0.07962864309000074,-0.9188144099999966
1.7883,0.07962864309000074,-0.9188144099999966
1.788525,0.07962864309000074,-0.9188144099999966
1.7887499999999998,0.07962864309000074,-0.9188144099999966
1.788975,0.07870982868000075,-0.9286244099999966
1.7892,0.07870982868000075,-0.9286244099999966
1.789425,0.07870982868000075,-0.9286244099999966
1.78965,0.07870982868000075,-0.9286244099999966
1.7898749999999999,0.07870982868000075,-0.9286244099999966
1.7901,0.07778120427000075,-0.9384344099999966
1.790325,0.07778120427000075,-0.9384344099999966
1.7905499999999999,0.07778120427000075,-0.9384344099999966
1.790775,0.07778120427000075,-0.9384344099999966
1.791,0.07684276986000076,-0.9482444099999966
1.7912249999999998,0.07684276986000076,-0.9482444099999966
1.79145,0.07684276986000076,-0.9482444099999966
1.791675,0.07684276986000076,-0.9482444099999966
1.7919,0.07589452545000076,-0.9580544099999966
1.792125,0.07589452545000076,-0.9580544099999966
1.7923499999999999,0.07589452545000076,-0.9580544099999966
1.792575,0.07589452545000076,-0.9580544099999966
1.7928,0.07589452545000076,-0.9580544099999966
1.7930249999999999,0.07493647104000077,-0.9678644099999966
1.79325,0.07493647104000077,-0.9678644099999966
1.793475,0.07493647104000077,-0.9678644099999966
1.7936999999999999,0.07493647104000077,-0.9678644099999966
1.793925,0.07396860663000078,-0.9776744099999966
1.79415,0.07396860663000078,-0.9776744099999966
1.794375,0.07396860663000078,-0.9776744099999966
1.7946,0.07396860663000078,-0.9776744099999966
1.794825,0.07396860663000078,-0.9776744099999966
1.79505,0.07299093222000079,-0.9874844099999965
1.795275,0.07299093222000079,-0.9874844099999965
1.7954999999999999,0.07299093222000079,-0.9874844099999965
1.795725,0.07299093222000079,-0.9874844099999965
1.79595,0.07200344781000079,-0.9972944099999965
1.7961749999999999,0.07200344781000079,-0.9972944099999965
1.7964,0.07200344781000079,-0.9972944099999965
1.796625,0.07200344781000079,-0.9972944099999965
1.79685,0.07200344781000079,-0.9972944099999965
1.797075,0.07100615340000078,-1.0071044099999966
1.7973,0.07100615340000078,-1.0071044099999966
1.797525,0.07100615340000078,-1.0071044099999966
1.79775,0.07100615340000078,-1.0071044099999966
1.7979749999999999,0.06999904899000078,-1.0169144099999967
1.7982,0.06999904899000078,-1.0169144099999967
1.798425,0.06999904899000078,-1.0169144099999967
1.7986499999999999,0.06999904899000078,-1.0169144099999967
1.798875,0.06999904899000078,-1.0169144099999967
1.7991,0.06898213458000078,-1.0267244099999968
1.7993249999999998,0.06898213458000078,-1.0267244099999968
1.79955,0.06898213458000078,-1.0267244099999968
1.799775,0.06898213458000078,-1.0267244099999968
1.8,0.06795541017000079,-1.036534409999997
1.800225,0.06795541017000079,-1.036534409999997
1.8004499999999999,0.06795541017000079,-1.036534409999997
1.800675,0.06795541017000079,-1.036534409999997
1.8009,0.06691887576000079,-1.046344409999997
1.8011249999999999,0.06691887576000079,-1.046344409999997
1.80135,0.06691887576000079,-1.046344409999997
1.801575,0.06691887576000079,-1.046344409999997
1.8017999999999998,0.06691887576000079,-1.046344409999997
1.802025,0.06587253135000079,-1.056154409999997
1.80225,0.06587253135000079,-1.056154409999997
1.802475,0.06587253135000079,-1.056154409999997
1.8027,0.06587253135000079,-1.056154409999997
1.8029249999999999,0.0648163769400008,-1.0659644099999972
1.80315,0.0648163769400008,-1.0659644099999972
1.803375,0.0648163769400008,-1.0659644099999972
1.8035999999999999,0.0648163769400008,-1.0659644099999972
1.803825,0.0648163769400008,-1.0659644099999972
1.80405,0.0637504125300008,-1.0757744099999973
1.8042749999999999,0.0637504125300008,-1.0757744099999973
1.8045,0.0637504125300008,-1.0757744099999973
1.804725,0.0637504125300008,-1.0757744099999973
1.80495,0.0626746381200008,-1.0855844099999974
1.805175,0.0626746381200008,-1.0855844099999974
1.8054,0.0626746381200008,-1.0855844099999974
1.805625,0.0626746381200008,-1.0855844099999974
1.80585,0.0626746381200008,-1.0855844099999974
1.8060749999999999,0.061589053710000806,-1.0953944099999975
1.8063,0.061589053710000806,-1.0953944099999975
1.806525,0.061589053710000806,-1.0953944099999975
1.8067499999999999,0.061589053710000806,-1.0953944099999975
1.806975,0.06049365930000081,-1.1052044099999976
1.8072,0.06049365930000081,-1.1052044099999976
1.807425,0.06049365930000081,-1.1052044099999976
1.80765,0.06049365930000081,-1.1052044099999976
1.807875,0.06049365930000081,-1.1052044099999976
1.8081,0.05938845489000081,-1.1150144099999977
1.808325,0.05938845489000081,-1.1150144099999977
1.8085499999999999,0.05938845489000081,-1.1150144099999977
1.808775,0.05938845489000081,-1.1150144099999977
1.809,0.05827344048000081,-1.1248244099999978
1.8092249999999999,0.05827344048000081,-1.1248244099999978
1.80945,0.05827344048000081,-1.1248244099999978
1.809675,0.05827344048000081,-1.1248244099999978
1.8098999999999998,0.05714861607000082,-1.1346344099999979
1.810125,0.05714861607000082,-1.1346344099999979
1.81035,0.05714861607000082,-1.1346344099999979
1.810575,0.05714861607000082,-1.1346344099999979
1.8108,0.05714861607000082,-1.1346344099999979
1.8110249999999999,0.05601398166000082,-1.144444409999998
1.81125,0.05601398166000082,-1.144444409999998
1.811475,0.05601398166000082,-1.144444409999998
1.8116999999999999,0.05601398166000082,-1.144444409999998
1.811925,0.05486953725000082,-1.154254409999998
1.81215,0.05486953725000082,-1.154254409999998
1.8123749999999998,0.05486953725000082,-1.154254409999998
1.8126,0.05486953725000082,-1.154254409999998
1.812825,0.05486953725000082,-1.154254409999998
1.81305,0.05371528284000082,-1.1640644099999982
1.813275,0.05371528284000082,-1.1640644099999982
1.8135,0.05371528284000082,-1.1640644099999982
1.813725,0.05371528284000082,-1.1640644099999982
1.81395,0.05255121843000082,-1.1738744099999983
1.8141749999999999,0.05255121843000082,-1.1738744099999983
1.8144,0.05255121843000082,-1.1738744099999983
1.814625,0.05255121843000082,-1.1738744099999983
1.8148499999999999,0.05255121843000082,-1.1738744099999983
1.815075,0.051377344020000826,-1.1836844099999984
1.8153,0.051377344020000826,-1.1836844099999984
1.815525,0.051377344020000826,-1.1836844099999984
1.81575,0.051377344020000826,-1.1836844099999984
1.815975,0.05019365961000083,-1.1934944099999985
1.8162,0.05019365961000083,-1.1934944099999985
1.816425,0.05019365961000083,-1.1934944099999985
1.8166499999999999,0.05019365961000083,-1.1934944099999985
1.816875,0.05019365961000083,-1.1934944099999985
1.8171,0.049000165200000834,-1.2033044099999985
1.8173249999999999,0.049000165200000834,-1.2033044099999985
1.81755,0.049000165200000834,-1.2033044099999985
1.817775,0.049000165200000834,-1.2033044099999985
1.818,0.04779686079000083,-1.2131144099999986
1.818225,0.04779686079000083,-1.2131144099999986
1.81845,0.04779686079000083,-1.2131144099999986
1.818675,0.04779686079000083,-1.2131144099999986
1.8189,0.04658374638000083,-1.2229244099999987
1.8191249999999999,0.04658374638000083,-1.2229244099999987
1.81935,0.04658374638000083,-1.2229244099999987
1.819575,0.04658374638000083,-1.2229244099999987
1.8197999999999999,0.04658374638000083,-1.2229244099999987
1.820025,0.04536082197000083,-1.2327344099999988
1.82025,0.04536082197000083,-1.2327344099999988
1.8204749999999998,0.04536082197000083,-1.2327344099999988
1.8207,0.04536082197000083,-1.2327344099999988
1.820925,0.044128087560000834,-1.242544409999999
1.82115,0.044128087560000834,-1.242544409999999
1.821375,0.044128087560000834,-1.242544409999999
1.8215999999999999,0.044128087560000834,-1.242544409999999
1.821825,0.044128087560000834,-1.242544409999999
1.82205,0.042885543150000836,-1.252354409999999
1.8222749999999999,0.042885543150000836,-1.252354409999999
1.8225,0.042885543150000836,-1.252354409999999
1.822725,0.042885543150000836,-1.252354409999999
1.8229499999999998,0.04163318874000084,-1.2621644099999991
1.823175,0.04163318874000084,-1.2621644099999991
1.8234,0.04163318874000084,-1.2621644099999991
1.823625,0.04163318874000084,-1.2621644099999991
1.82385,0.04163318874000084,-1.2621644099999991
1.824075,0.04037102433000084,-1.2719744099999992
1.8243,0.04037102433000084,-1.2719744099999992
1.824525,0.04037102433000084,-1.2719744099999992
1.8247499999999999,0.04037102433000084,-1.2719744099999992
1.824975,0.039099049920000836,-1.2817844099999993
1.8252,0.039099049920000836,-1.2817844099999993
1.8254249999999999,0.039099049920000836,-1.2817844099999993
1.82565,0.039099049920000836,-1.2817844099999993
1.825875,0.039099049920000836,-1.2817844099999993
1.8261,0.037817265510000836,-1.2915944099999994
1.826325,0.037817265510000836,-1.2915944099999994
1.82655,0.037817265510000836,-1.2915944099999994
1.826775,0.037817265510000836,-1.2915944099999994
1.827,0.03652567110000084,-1.3014044099999995
1.8272249999999999,0.03652567110000084,-1.3014044099999995
1.82745,0.03652567110000084,-1.3014044099999995
1.827675,0.03652567110000084,-1.3014044099999995
1.8278999999999999,0.03522426669000084,-1.3112144099999996
1.828125,0.03522426669000084,-1.3112144099999996
1.82835,0.03522426669000084,-1.3112144099999996
1.8285749999999998,0.03522426669000084,-1.3112144099999996
1.8288,0.03522426669000084,-1.3112144099999996
1.829025,0.03391305228000084,-1.3210244099999997
1.82925,0.03391305228000084,-1.3210244099999997
1.829475,0.03391305228000084,-1.3210244099999997
1.8296999999999999,0.03391305228000084,-1.3210244099999997
1.829925,0.032592027870000845,-1.3308344099999998
1.83015,0.032592027870000845,-1.3308344099999998
1.8303749999999999,0.032592027870000845,-1.3308344099999998
1.8306,0.032592027870000845,-1.3308344099999998
1.830825,0.032592027870000845,-1.3308344099999998
1.8310499999999998,0.03126119346000084,-1.34064441
1.831275,0.03126119346000084,-1.34064441
1.8315,0.03126119346000084,-1.34064441
1.831725,0.03126119346000084,-1.34064441
1.83195,0.02992054905000084,-1.35045441
1.8321749999999999,0.02992054905000084,-1.35045441
1.8324,0.02992054905000084,-1.35045441
1.832625,0.02992054905000084,-1.35045441
1.8328499999999999,0.02992054905000084,-1.35045441
1.833075,0.02857009464000084,-1.36026441
1.8333,0.02857009464000084,-1.36026441
1.8335249999999998,0.02857009464000084,-1.36026441
1.83375,0.02857009464000084,-1.36026441
1.833975,0.027209830230000842,-1.3700744100000002
1.8342,0.027209830230000842,-1.3700744100000002
1.834425,0.027209830230000842,-1.3700744100000002
1.83465,0.027209830230000842,-1.3700744100000002
1.834875,0.027209830230000842,-1.3700744100000002
1.8351,0.02583975582000084,-1.3798844100000003
1.8353249999999999,0.02583975582000084,-1.3798844100000003
1.83555,0.02583975582000084,-1.3798844100000003
1.835775,0.02583975582000084,-1.3798844100000003
1.8359999999999999,0.02445987141000084,-1.3896944100000004
1.836225,0.02445987141000084,-1.3896944100000004
1.83645,0.02445987141000084,-1.3896944100000004
1.836675,0.02445987141000084,-1.3896944100000004
1.8369,0.02307017700000084,-1.3995044100000005
1.837125,0.02307017700000084,-1.3995044100000005
1.83735,0.02307017700000084,-1.3995044100000005
1.837575,0.02307017700000084,-1.3995044100000005
1.8377999999999999,0.02307017700000084,-1.3995044100000005
1.838025,0.02167067259000084,-1.4093144100000006
1.83825,0.02167067259000084,-1.4093144100000006
1.8384749999999999,0.02167067259000084,-1.4093144100000006
1.8387,0.02167067259000084,-1.4093144100000006
1.838925,0.020261358180000837,-1.4191244100000007
1.8391499999999998,0.020261358180000837,-1.4191244100000007
1.839375,0.020261358180000837,-1.4191244100000007
1.8396,0.020261358180000837,-1.4191244100000007
1.839825,0.020261358180000837,-1.4191244100000007
1.84005,0.018842233770000837,-1.4289344100000008
1.8402749999999999,0.018842233770000837,-1.4289344100000008
1.8405,0.018842233770000837,-1.4289344100000008
1.840725,0.018842233770000837,-1.4289344100000008
1.8409499999999999,0.017413299360000835,-1.4387444100000009
1.841175,0.017413299360000835,-1.4387444100000009
1.8414,0.017413299360000835,-1.4387444100000009
1.8416249999999998,0.017413299360000835,-1.4387444100000009
1.84185,0.017413299360000835,-1.4387444100000009
1.842075,0.015974554950000833,-1.448554410000001
1.8423,0.015974554950000833,-1.448554410000001
1.842525,0.015974554950000833,-1.448554410000001
1.8427499999999999,0.015974554950000833,-1.448554410000001
1.842975,0.014526000540000833,-1.458364410000001
1.8432,0.014526000540000833,-1.458364410000001
1.8434249999999999,0.014526000540000833,-1.458364410000001
1.84365,0.014526000540000833,-1.458364410000001
1.843875,0.014526000540000833,-1.458364410000001
1.8440999999999999,0.013067636130000832,-1.4681744100000012
1.844325,0.013067636130000832,-1.4681744100000012
1.84455,0.013067636130000832,-1.4681744100000012
1.844775,0.013067636130000832,-1.4681744100000012
1.845,0.01159946172000083,-1.4779844100000012
1.845225,0.01159946172000083,-1.4779844100000012
1.84545,0.01159946172000083,-1.4779844100000012
1.845675,0.01159946172000083,-1.4779844100000012
1.8458999999999999,0.010121477310000829,-1.4877944100000013
1.846125,0.010121477310000829,-1.4877944100000013
1.84635,0.010121477310000829,-1.4877944100000013
1.8465749999999999,0.010121477310000829,-1.4877944100000013
1.8468,0.010121477310000829,-1.4877944100000013
1.847025,0.008633682900000827,-1.4976044100000014
1.84725,0.008633682900000827,-1.4976044100000014
1.847475,0.008633682900000827,-1.4976044100000014
1.8477,0.008633682900000827,-1.4976044100000014
1.847925,0.007136078490000826,-1.5074144100000015
1.84815,0.007136078490000826,-1.5074144100000015
1.8483749999999999,0.007136078490000826,-1.5074144100000015
1.8486,0.007136078490000826,-1.5074144100000015
1.848825,0.007136078490000826,-1.5074144100000015
1.8490499999999999,0.005628664080000825,-1.5172244100000016
1.849275,0.005628664080000825,-1.5172244100000016
1.8495,0.005628664080000825,-1.5172244100000016
1.8497249999999998,0.005628664080000825,-1.5172244100000016
1.84995,0.004111439670000824,-1.5270344100000017
1.850175,0.004111439670000824,-1.5270344100000017
1.8504,0.004111439670000824,-1.5270344100000017
1.850625,0.004111439670000824,-1.5270344100000017
1.8508499999999999,0.004111439670000824,-1.5270344100000017
1.851075,0.0025844052600008218,-1.5368444100000018
1.8513,0.0025844052600008218,-1.5368444100000018
1.8515249999999999,0.0025844052600008218,-1.5368444100000018
1.85175,0.0025844052600008218,-1.5368444100000018
1.851975,0.0010475608500008198,-1.546654410000002
1.8521999999999998,0.0010475608500008198,-1.546654410000002
1.852425,0.0010475608500008198,-1.546654410000002
1.85265,0.0010475608500008198,-1.546654410000002
1.852875,0.0010475608500008198,-1.546654410000002
1.8531,0.0,1.0895250870000013
1.853325,0.0,1.0895250870000013
1.85355,0.0,1.0895250870000013
1.853775,0.0,1.0895250870000013
1.8539999999999999,0.0010895250870000012,1.0797150870000012
1.854225,0.0010895250870000012,1.0797150870000012
1.85445,0.0010895250870000012,1.0797150870000012
1.8546749999999999,0.0010895250870000012,1.0797150870000012
1.8549,0.002169240174000002,1.069905087000001
1.855125,0.002169240174000002,1.069905087000001
1.85535,0.002169240174000002,1.069905087000001
1.855575,0.002169240174000002,1.069905087000001
1.8558,0.002169240174000002,1.069905087000001
1.856025,0.0032391452610000034,1.060095087000001
1.85625,0.0032391452610000034,1.060095087000001
1.8564749999999999,0.0032391452610000034,1.060095087000001
1.8567,0.0032391452610000034,1.060095087000001
1.856925,0.004299240348000005,1.050285087000001
1.8571499999999999,0.004299240348000005,1.050285087000001
1.857375,0.004299240348000005,1.050285087000001
1.8576,0.004299240348000005,1.050285087000001
1.857825,0.004299240348000005,1.050285087000001
1.85805,0.005349525435000006,1.0404750870000008
1.858275,0.005349525435000006,1.0404750870000008
1.8585,0.005349525435000006,1.0404750870000008
1.858725,0.005349525435000006,1.0404750870000008
1.8589499999999999,0.0063900005220000064,1.0306650870000007
1.859175,0.0063900005220000064,1.0306650870000007
1.8594,0.0063900005220000064,1.0306650870000007
1.8596249999999999,0.0063900005220000064,1.0306650870000007
1.85985,0.0063900005220000064,1.0306650870000007
1.860075,0.0074206656090000074,1.0208550870000006
1.8602999999999998,0.0074206656090000074,1.0208550870000006
1.860525,0.0074206656090000074,1.0208550870000006
1.86075,0.0074206656090000074,1.0208550870000006
1.860975,0.008441520696000009,1.0110450870000005
1.8612,0.008441520696000009,1.0110450870000005
1.8614249999999999,0.008441520696000009,1.0110450870000005
1.86165,0.008441520696000009,1.0110450870000005
1.861875,0.008441520696000009,1.0110450870000005
1.8620999999999999,0.009452565783000008,1.0012350870000004
1.862325,0.009452565783000008,1.0012350870000004
1.86255,0.009452565783000008,1.0012350870000004
1.8627749999999998,0.009452565783000008,1.0012350870000004
1.863,0.010453800870000009,0.9914250870000004
1.863225,0.010453800870000009,0.9914250870000004
1.86345,0.010453800870000009,0.9914250870000004
1.863675,0.010453800870000009,0.9914250870000004
1.8639,0.011445225957000009,0.9816150870000004
1.864125,0.011445225957000009,0.9816150870000004
1.86435,0.011445225957000009,0.9816150870000004
1.8645749999999999,0.011445225957000009,0.9816150870000004
1.8648,0.011445225957000009,0.9816150870000004
1.865025,0.01242684104400001,0.9718050870000005
1.8652499999999999,0.01242684104400001,0.9718050870000005
1.865475,0.01242684104400001,0.9718050870000005
1.8657,0.01242684104400001,0.9718050870000005
1.865925,0.01339864613100001,0.9619950870000005
1.86615,0.01339864613100001,0.9619950870000005
1.866375,0.01339864613100001,0.9619950870000005
1.8666,0.01339864613100001,0.9619950870000005
1.866825,0.01339864613100001,0.9619950870000005
1.8670499999999999,0.01436064121800001,0.9521850870000005
1.867275,0.01436064121800001,0.9521850870000005
1.8675,0.01436064121800001,0.9521850870000005
1.8677249999999999,0.01436064121800001,0.9521850870000005
1.86795,0.015312826305000011,0.9423750870000005
1.868175,0.015312826305000011,0.9423750870000005
1.8683999999999998,0.015312826305000011,0.9423750870000005
1.868625,0.015312826305000011,0.9423750870000005
1.86885,0.015312826305000011,0.9423750870000005
1.869075,0.016255201392000013,0.9325650870000005
1.8693,0.016255201392000013,0.9325650870000005
1.8695249999999999,0.016255201392000013,0.9325650870000005
1.86975,0.016255201392000013,0.9325650870000005
1.869975,0.017187766479000013,0.9227550870000005
1.8701999999999999,0.017187766479000013,0.9227550870000005
1.870425,0.017187766479000013,0.9227550870000005
1.87065,0.017187766479000013,0.9227550870000005
1.8708749999999998,0.017187766479000013,0.9227550870000005
1.8711,0.018110521566000015,0.9129450870000005
1.871325,0.018110521566000015,0.9129450870000005
1.87155,0.018110521566000015,0.9129450870000005
1.871775,0.018110521566000015,0.9129450870000005
1.8719999999999999,0.019023466653000014,0.9031350870000006
1.872225,0.019023466653000014,0.9031350870000006
1.87245,0.019023466653000014,0.9031350870000006
1.8726749999999999,0.019023466653000014,0.9031350870000006
1.8729,0.019926601740000015,0.8933250870000006
1.873125,0.019926601740000015,0.8933250870000006
1.8733499999999998,0.019926601740000015,0.8933250870000006
1.873575,0.019926601740000015,0.8933250870000006
1.8738,0.019926601740000015,0.8933250870000006
1.874025,0.020819926827000016,0.8835150870000006
1.87425,0.020819926827000016,0.8835150870000006
1.874475,0.020819926827000016,0.8835150870000006
1.8747,0.020819926827000016,0.8835150870000006
1.874925,0.02170344191400002,0.8737050870000006
1.8751499999999999,0.02170344191400002,0.8737050870000006
1.875375,0.02170344191400002,0.8737050870000006
1.8756,0.02170344191400002,0.8737050870000006
1.8758249999999999,0.02170344191400002,0.8737050870000006
1.87605,0.02257714700100002,0.8638950870000006
1.876275,0.02257714700100002,0.8638950870000006
1.8765,0.02257714700100002,0.8638950870000006
1.876725,0.02257714700100002,0.8638950870000006
1.87695,0.02344104208800002,0.8540850870000006
1.877175,0.02344104208800002,0.8540850870000006
1.8774,0.02344104208800002,0.8540850870000006
1.8776249999999999,0.02344104208800002,0.8540850870000006
1.87785,0.02344104208800002,0.8540850870000006
1.878075,0.02429512717500002,0.8442750870000006
1.8782999999999999,0.02429512717500002,0.8442750870000006
1.878525,0.02429512717500002,0.8442750870000006
1.87875,0.02429512717500002,0.8442750870000006
1.8789749999999998,0.02513940226200002,0.8344650870000007
1.8792,0.02513940226200002,0.8344650870000007
1.879425,0.02513940226200002,0.8344650870000007
1.87965,0.02513940226200002,0.8344650870000007
1.879875,0.02513940226200002,0.8344650870000007
1.8800999999999999,0.02597386734900002,0.8246550870000007
1.880325,0.02597386734900002,0.8246550870000007
1.88055,0.02597386734900002,0.8246550870000007
1.8807749999999999,0.02597386734900002,0.8246550870000007
1.881,0.026798522436000023,0.8148450870000007
1.881225,0.026798522436000023,0.8148450870000007
1.8814499999999998,0.026798522436000023,0.8148450870000007
1.881675,0.026798522436000023,0.8148450870000007
1.8819,0.027613367523000025,0.8050350870000007
1.882125,0.027613367523000025,0.8050350870000007
1.88235,0.027613367523000025,0.8050350870000007
1.8825749999999999,0.027613367523000025,0.8050350870000007
1.8828,0.027613367523000025,0.8050350870000007
1.883025,0.028418402610000025,0.7952250870000007
1.8832499999999999,0.028418402610000025,0.7952250870000007
1.883475,0.028418402610000025,0.7952250870000007
1.8837,0.028418402610000025,0.7952250870000007
1.8839249999999998,0.029213627697000026,0.7854150870000007
1.88415,0.029213627697000026,0.7854150870000007
1.884375,0.029213627697000026,0.7854150870000007
1.8846,0.029213627697000026,0.7854150870000007
1.884825,0.029213627697000026,0.7854150870000007
1.88505,0.029999042784000028,0.7756050870000007
1.885275,0.029999042784000028,0.7756050870000007
1.8855,0.029999042784000028,0.7756050870000007
1.8857249999999999,0.029999042784000028,0.7756050870000007
1.88595,0.030774647871000028,0.7657950870000008
1.886175,0.030774647871000028,0.7657950870000008
1.8863999999999999,0.030774647871000028,0.7657950870000008
1.886625,0.030774647871000028,0.7657950870000008
1.88685,0.030774647871000028,0.7657950870000008
1.887075,0.03154044295800003,0.7559850870000008
1.8873,0.03154044295800003,0.7559850870000008
1.887525,0.03154044295800003,0.7559850870000008
1.88775,0.03154044295800003,0.7559850870000008
1.887975,0.03229642804500003,0.7461750870000008
1.8881999999999999,0.03229642804500003,0.7461750870000008
1.888425,0.03229642804500003,0.7461750870000008
1.88865,0.03229642804500003,0.7461750870000008
1.8888749999999999,0.03229642804500003,0.7461750870000008
1.8891,0.033042603132000026,0.7363650870000008
1.889325,0.033042603132000026,0.7363650870000008
1.8895499999999998,0.033042603132000026,0.7363650870000008
1.889775,0.033042603132000026,0.7363650870000008
1.89,0.033778968219000026,0.7265550870000008
1.890225,0.033778968219000026,0.7265550870000008
1.89045,0.033778968219000026,0.7265550870000008
1.8906749999999999,0.033778968219000026,0.7265550870000008
1.8909,0.03450552330600003,0.7167450870000008
1.891125,0.03450552330600003,0.7167450870000008
1.8913499999999999,0.03450552330600003,0.7167450870000008
1.891575,0.03450552330600003,0.7167450870000008
1.8918,0.03450552330600003,0.7167450870000008
1.8920249999999998,0.03522226839300003,0.7069350870000009
1.89225,0.03522226839300003,0.7069350870000009
1.892475,0.03522226839300003,0.7069350870000009
1.8927,0.03522226839300003,0.7069350870000009
1.892925,0.03592920348000003,0.6971250870000009
1.8931499999999999,0.03592920348000003,0.6971250870000009
1.893375,0.03592920348000003,0.6971250870000009
1.8936,0.03592920348000003,0.6971250870000009
1.8938249999999999,0.03592920348000003,0.6971250870000009
1.89405,0.03662632856700004,0.6873150870000009
1.894275,0.03662632856700004,0.6873150870000009
1.8944999999999999,0.03662632856700004,0.6873150870000009
1.894725,0.03662632856700004,0.6873150870000009
1.89495,0.037313643654000035,0.6775050870000009
1.895175,0.037313643654000035,0.6775050870000009
1.8954,0.037313643654000035,0.6775050870000009
1.895625,0.037313643654000035,0.6775050870000009
1.89585,0.037313643654000035,0.6775050870000009
1.896075,0.037991148741000035,0.6676950870000009
1.8962999999999999,0.037991148741000035,0.6676950870000009
1.896525,0.037991148741000035,0.6676950870000009
1.89675,0.037991148741000035,0.6676950870000009
1.8969749999999999,0.038658843828000035,0.6578850870000009
1.8972,0.038658843828000035,0.6578850870000009
1.897425,0.038658843828000035,0.6578850870000009
1.89765,0.038658843828000035,0.6578850870000009
1.897875,0.038658843828000035,0.6578850870000009
1.8981,0.039316728915000036,0.6480750870000009
1.898325,0.039316728915000036,0.6480750870000009
1.89855,0.039316728915000036,0.6480750870000009
1.8987749999999999,0.039316728915000036,0.6480750870000009
1.899,0.03996480400200004,0.638265087000001
1.899225,0.03996480400200004,0.638265087000001
1.8994499999999999,0.03996480400200004,0.638265087000001
1.899675,0.03996480400200004,0.638265087000001
1.8999,0.04060306908900004,0.628455087000001
1.9001249999999998,0.04060306908900004,0.628455087000001
1.90035,0.04060306908900004,0.628455087000001
1.900575,0.04060306908900004,0.628455087000001
1.9008,0.04060306908900004,0.628455087000001
1.901025,0.04123152417600004,0.618645087000001
1.9012499999999999,0.04123152417600004,0.618645087000001
1.901475,0.04123152417600004,0.618645087000001
1.9017,0.04123152417600004,0.618645087000001
1.9019249999999999,0.04185016926300004,0.608835087000001
1.90215,0.04185016926300004,0.608835087000001
1.902375,0.04185016926300004,0.608835087000001
1.9025999999999998,0.04185016926300004,0.608835087000001
1.902825,0.04185016926300004,0.608835087000001
1.90305,0.04245900435000004,0.599025087000001
1.903275,0.04245900435000004,0.599025087000001
1.9035,0.04245900435000004,0.599025087000001
1.903725,0.04245900435000004,0.599025087000001
1.90395,0.04305802943700004,0.589215087000001
1.904175,0.04305802943700004,0.589215087000001
1.9043999999999999,0.04305802943700004,0.589215087000001
1.904625,0.04305802943700004,0.589215087000001
1.90485,0.04305802943700004,0.589215087000001
1.9050749999999999,0.04364724452400004,0.579405087000001
1.9053,0.04364724452400004,0.579405087000001
1.905525,0.04364724452400004,0.579405087000001
1.90575,0.04364724452400004,0.579405087000001
1.905975,0.04422664961100004,0.569595087000001
1.9062,0.04422664961100004,0.569595087000001
1.906425,0.04422664961100004,0.569595087000001
1.90665,0.04422664961100004,0.569595087000001
1.9068749999999999,0.04422664961100004,0.569595087000001
1.9071,0.044796244698000046,0.5597850870000011
1.907325,0.044796244698000046,0.5597850870000011
1.9075499999999999,0.044796244698000046,0.5597850870000011
1.907775,0.044796244698000046,0.5597850870000011
1.908,0.04535602978500004,0.5499750870000011
1.9082249999999998,0.04535602978500004,0.5499750870000011
1.90845,0.04535602978500004,0.5499750870000011
1.908675,0.04535602978500004,0.5499750870000011
1.9089,0.04590600487200004,0.5401650870000011
1.909125,0.04590600487200004,0.5401650870000011
1.9093499999999999,0.04590600487200004,0.5401650870000011
1.909575,0.04590600487200004,0.5401650870000011
1.9098,0.04590600487200004,0.5401650870000011
1.9100249999999999,0.04644616995900004,0.5303550870000011
1.91025,0.04644616995900004,0.5303550870000011
1.910475,0.04644616995900004,0.5303550870000011
1.9106999999999998,0.04644616995900004,0.5303550870000011
1.910925,0.04697652504600004,0.5205450870000011
1.91115,0.04697652504600004,0.5205450870000011
1.911375,0.04697652504600004,0.5205450870000011
1.9116,0.04697652504600004,0.5205450870000011
1.9118249999999999,0.04697652504600004,0.5205450870000011
1.91205,0.047497070133000044,0.5107350870000011
1.912275,0.047497070133000044,0.5107350870000011
1.9124999999999999,0.047497070133000044,0.5107350870000011
1.912725,0.047497070133000044,0.5107350870000011
1.91295,0.04800780522000005,0.5009250870000012
1.9131749999999998,0.04800780522000005,0.5009250870000012
1.9134,0.04800780522000005,0.5009250870000012
1.913625,0.04800780522000005,0.5009250870000012
1.91385,0.04800780522000005,0.5009250870000012
1.914075,0.04850873030700005,0.49111508700000117
1.9143,0.04850873030700005,0.49111508700000117
1.914525,0.04850873030700005,0.49111508700000117
1.91475,0.04850873030700005,0.49111508700000117
1.9149749999999999,0.04899984539400005,0.4813050870000012
1.9152,0.04899984539400005,0.4813050870000012
1.915425,0.04899984539400005,0.4813050870000012
1.9156499999999999,0.04899984539400005,0.4813050870000012
1.915875,0.04899984539400005,0.4813050870000012
1.9161,0.04948115048100005,0.4714950870000012
1.916325,0.04948115048100005,0.4714950870000012
1.91655,0.04948115048100005,0.4714950870000012
1.916775,0.04948115048100005,0.4714950870000012
1.917,0.04995264556800005,0.4616850870000012
1.917225,0.04995264556800005,0.4616850870000012
1.9174499999999999,0.04995264556800005,0.4616850870000012
1.917675,0.04995264556800005,0.4616850870000012
1.9179,0.05041433065500005,0.45187508700000123
1.9181249999999999,0.05041433065500005,0.45187508700000123
1.91835,0.05041433065500005,0.45187508700000123
1.918575,0.05041433065500005,0.45187508700000123
1.9187999999999998,0.05041433065500005,0.45187508700000123
1.919025,0.05086620574200005,0.44206508700000124
1.91925,0.05086620574200005,0.44206508700000124
1.919475,0.05086620574200005,0.44206508700000124
1.9197,0.05086620574200005,0.44206508700000124
1.9199249999999999,0.05130827082900005,0.43225508700000126
1.92015,0.05130827082900005,0.43225508700000126
1.920375,0.05130827082900005,0.43225508700000126
1.9205999999999999,0.05130827082900005,0.43225508700000126
1.920825,0.05130827082900005,0.43225508700000126
1.92105,0.051740525916000056,0.4224450870000013
1.9212749999999998,0.051740525916000056,0.4224450870000013
1.9215,0.051740525916000056,0.4224450870000013
1.921725,0.051740525916000056,0.4224450870000013
1.92195,0.052162971003000054,0.4126350870000013
1.922175,0.052162971003000054,0.4126350870000013
1.9223999999999999,0.052162971003000054,0.4126350870000013
1.922625,0.052162971003000054,0.4126350870000013
1.92285,0.052162971003000054,0.4126350870000013
1.9230749999999999,0.05257560609000005,0.4028250870000013
1.9233,0.05257560609000005,0.4028250870000013
1.923525,0.05257560609000005,0.4028250870000013
1.9237499999999998,0.05257560609000005,0.4028250870000013
1.923975,0.05297843117700005,0.3930150870000013
1.9242,0.05297843117700005,0.3930150870000013
1.924425,0.05297843117700005,0.3930150870000013
1.92465,0.05297843117700005,0.3930150870000013
1.924875,0.05297843117700005,0.3930150870000013
1.9251,0.053371446264000054,0.38320508700000133
1.925325,0.053371446264000054,0.38320508700000133
1.9255499999999999,0.053371446264000054,0.38320508700000133
1.925775,0.053371446264000054,0.38320508700000133
1.926,0.053754651351000056,0.37339508700000135
1.9262249999999999,0.053754651351000056,0.37339508700000135
1.92645,0.053754651351000056,0.37339508700000135
1.926675,0.053754651351000056,0.37339508700000135
1.9269,0.05412804643800006,0.36358508700000136
1.927125,0.05412804643800006,0.36358508700000136
1.92735,0.05412804643800006,0.36358508700000136
1.927575,0.05412804643800006,0.36358508700000136
1.9278,0.05412804643800006,0.36358508700000136
1.9280249999999999,0.05449163152500006,0.3537750870000014
1.92825,0.05449163152500006,0.3537750870000014
1.928475,0.05449163152500006,0.3537750870000014
1.9286999999999999,0.05449163152500006,0.3537750870000014
1.928925,0.05484540661200006,0.3439650870000014
1.92915,0.05484540661200006,0.3439650870000014
1.9293749999999998,0.05484540661200006,0.3439650870000014
1.9296,0.05484540661200006,0.3439650870000014
1.929825,0.05484540661200006,0.3439650870000014
1.93005,0.05518937169900006,0.3341550870000014
1.930275,0.05518937169900006,0.3341550870000014
1.9304999999999999,0.05518937169900006,0.3341550870000014
1.930725,0.05518937169900006,0.3341550870000014
1.93095,0.05552352678600006,0.3243450870000014
1.9311749999999999,0.05552352678600006,0.3243450870000014
1.9314,0.05552352678600006,0.3243450870000014
1.931625,0.05552352678600006,0.3243450870000014
1.9318499999999998,0.05552352678600006,0.3243450870000014
1.932075,0.05584787187300006,0.31453508700000143
1.9323,0.05584787187300006,0.31453508700000143
1.932525,0.05584787187300006,0.31453508700000143
1.93275,0.05584787187300006,0.31453508700000143
1.9329749999999999,0.056162406960000064,0.30472508700000145
1.9332,0.056162406960000064,0.30472508700000145
1.933425,0.056162406960000064,0.30472508700000145
1.9336499999999999,0.056162406960000064,0.30472508700000145
1.933875,0.056162406960000064,0.30472508700000145
1.9341,0.05646713204700007,0.29491508700000146
1.9343249999999999,0.05646713204700007,0.29491508700000146
1.93455,0.05646713204700007,0.29491508700000146
1.934775,0.05646713204700007,0.29491508700000146
1.935,0.05676204713400007,0.2851050870000015
1.935225,0.05676204713400007,0.2851050870000015
1.93545,0.05676204713400007,0.2851050870000015
1.935675,0.05676204713400007,0.2851050870000015
1.9359,0.05704715222100007,0.2752950870000015
1.9361249999999999,0.05704715222100007,0.2752950870000015
1.93635,0.05704715222100007,0.2752950870000015
1.936575,0.05704715222100007,0.2752950870000015
1.9367999999999999,0.05704715222100007,0.2752950870000015
1.937025,0.05732244730800007,0.2654850870000015
1.93725,0.05732244730800007,0.2654850870000015
1.9374749999999998,0.05732244730800007,0.2654850870000015
1.9377,0.05732244730800007,0.2654850870000015
1.937925,0.05758793239500007,0.2556750870000015
1.93815,0.05758793239500007,0.2556750870000015
1.938375,0.05758793239500007,0.2556750870000015
1.9385999999999999,0.05758793239500007,0.2556750870000015
1.938825,0.05758793239500007,0.2556750870000015
1.93905,0.05784360748200007,0.2458650870000015
1.9392749999999999,0.05784360748200007,0.2458650870000015
1.9395,0.05784360748200007,0.2458650870000015
1.939725,0.05784360748200007,0.2458650870000015
1.9399499999999998,0.05808947256900007,0.2360550870000015
1.940175,0.05808947256900007,0.2360550870000015
1.9404,0.05808947256900007,0.2360550870000015
1.940625,0.05808947256900007,0.2360550870000015
1.94085,0.05808947256900007,0.2360550870000015
1.9410749999999999,0.058325527656000076,0.22624508700000148
1.9413,0.058325527656000076,0.22624508700000148
1.941525,0.058325527656000076,0.22624508700000148
1.9417499999999999,0.058325527656000076,0.22624508700000148
1.941975,0.05855177274300008,0.21643508700000147
1.9422,0.05855177274300008,0.21643508700000147
1.9424249999999998,0.05855177274300008,0.21643508700000147
1.94265,0.05855177274300008,0.21643508700000147
1.942875,0.05855177274300008,0.21643508700000147
1.9431,0.05876820783000008,0.20662508700000146
1.943325,0.05876820783000008,0.20662508700000146
1.9435499999999999,0.05876820783000008,0.20662508700000146
1.943775,0.05876820783000008,0.20662508700000146
1.944,0.05897483291700008,0.19681508700000144
1.9442249999999999,0.05897483291700008,0.19681508700000144
1.94445,0.05897483291700008,0.19681508700000144
1.944675,0.05897483291700008,0.19681508700000144
1.9448999999999999,0.05917164800400008,0.18700508700000143
1.945125,0.05917164800400008,0.18700508700000143
1.94535,0.05917164800400008,0.18700508700000143
1.945575,0.05917164800400008,0.18700508700000143
1.9458,0.05917164800400008,0.18700508700000143
1.946025,0.05935865309100008,0.17719508700000142
1.94625,0.05935865309100008,0.17719508700000142
1.946475,0.05935865309100008,0.17719508700000142
1.9466999999999999,0.05935865309100008,0.17719508700000142
1.946925,0.05953584817800008,0.1673850870000014
1.94715,0.05953584817800008,0.1673850870000014
1.9473749999999999,0.05953584817800008,0.1673850870000014
1.9476,0.05953584817800008,0.1673850870000014
1.947825,0.05953584817800008,0.1673850870000014
1.9480499999999998,0.059703233265000086,0.1575750870000014
1.948275,0.059703233265000086,0.1575750870000014
1.9485,0.059703233265000086,0.1575750870000014
1.948725,0.059703233265000086,0.1575750870000014
1.94895,0.05986080835200009,0.14776508700000138
1.9491749999999999,0.05986080835200009,0.14776508700000138
1.9494,0.05986080835200009,0.14776508700000138
1.949625,0.05986080835200009,0.14776508700000138
1.9498499999999999,0.05986080835200009,0.14776508700000138
1.950075,0.06000857343900009,0.13795508700000136
1.9503,0.06000857343900009,0.13795508700000136
1.9505249999999998,0.06000857343900009,0.13795508700000136
1.95075,0.06000857343900009,0.13795508700000136
1.950975,0.06014652852600009,0.12814508700000135
1.9512,0.06014652852600009,0.12814508700000135
1.951425,0.06014652852600009,0.12814508700000135
1.9516499999999999,0.06014652852600009,0.12814508700000135
1.951875,0.06014652852600009,0.12814508700000135
1.9521,0.06027467361300009,0.11833508700000135
1.9523249999999999,0.06027467361300009,0.11833508700000135
1.95255,0.06027467361300009,0.11833508700000135
1.952775,0.06027467361300009,0.11833508700000135
1.9529999999999998,0.06039300870000009,0.10852508700000135
1.953225,0.06039300870000009,0.10852508700000135
1.95345,0.06039300870000009,0.10852508700000135
1.953675,0.06039300870000009,0.10852508700000135
1.9539,0.06050153378700009,0.09871508700000135
1.954125,0.06050153378700009,0.09871508700000135
1.95435,0.06050153378700009,0.09871508700000135
1.954575,0.06050153378700009,0.09871508700000135
1.9547999999999999,0.06050153378700009,0.09871508700000135
1.955025,0.0606002488740001,0.08890508700000135
1.95525,0.0606002488740001,0.08890508700000135
1.9554749999999999,0.0606002488740001,0.08890508700000135
1.9557,0.0606002488740001,0.08890508700000135
1.955925,0.0606891539610001,0.07909508700000135
1.95615,0.0606891539610001,0.07909508700000135
1.956375,0.0606891539610001,0.07909508700000135
1.9566,0.0606891539610001,0.07909508700000135
1.956825,0.0606891539610001,0.07909508700000135
1.95705,0.0607682490480001,0.06928508700000136
1.9572749999999999,0.0607682490480001,0.06928508700000136
1.9575,0.0607682490480001,0.06928508700000136
1.957725,0.0607682490480001,0.06928508700000136
1.9579499999999999,0.0608375341350001,0.059475087000001356
1.958175,0.0608375341350001,0.059475087000001356
1.9584,0.0608375341350001,0.059475087000001356
1.9586249999999998,0.0608375341350001,0.059475087000001356
1.95885,0.0608375341350001,0.059475087000001356
1.959075,0.0608970092220001,0.04966508700000136
1.9593,0.0608970092220001,0.04966508700000136
1.959525,0.0608970092220001,0.04966508700000136
1.9597499999999999,0.0608970092220001,0.04966508700000136
1.959975,0.0609466743090001,0.03985508700000136
1.9602,0.0609466743090001,0.03985508700000136
1.9604249999999999,0.0609466743090001,0.03985508700000136
1.96065,0.0609466743090001,0.03985508700000136
1.960875,0.0609466743090001,0.03985508700000136
1.9610999999999998,0.060986529396000105,0.030045087000001358
1.961325,0.060986529396000105,0.030045087000001358
1.96155,0.060986529396000105,0.030045087000001358
1.961775,0.060986529396000105,0.030045087000001358
1.962,0.06101657448300011,0.02023508700000136
1.9622249999999999,0.06101657448300011,0.02023508700000136
1.96245,0.06101657448300011,0.02023508700000136
1.962675,0.06101657448300011,0.02023508700000136
1.9628999999999999,0.061036809570000114,0.010425087000001358
1.963125,0.061036809570000114,0.010425087000001358
1.96335,0.061036809570000114,0.010425087000001358
1.9635749999999998,0.061036809570000114,0.010425087000001358
1.9638,0.061036809570000114,0.010425087000001358
1.964025,0.06104723465700011,0.0006150870000013568
1.96425,0.06104723465700011,0.0006150870000013568
1.964475,0.06104723465700011,0.0006150870000013568
1.9647,0.06104723465700011,0.0006150870000013568
1.964925,0.06104784974400011,-0.009194912999998644
1.96515,0.06104784974400011,-0.009194912999998644
1.9653749999999999,0.06104784974400011,-0.009194912999998644
1.9656,0.06104784974400011,-0.009194912999998644
1.965825,0.06104784974400011,-0.009194912999998644
1.9660499999999999,0.061038654831000114,-0.019004912999998645
1.966275,0.061038654831000114,-0.019004912999998645
1.9665,0.061038654831000114,-0.019004912999998645
1.966725,0.061038654831000114,-0.019004912999998645
1.96695,0.061019649918000116,-0.028814912999998644
1.967175,0.061019649918000116,-0.028814912999998644
1.9674,0.061019649918000116,-0.028814912999998644
1.967625,0.061019649918000116,-0.028814912999998644
1.9678499999999999,0.061019649918000116,-0.028814912999998644
1.968075,0.06099083500500012,-0.038624912999998644
1.9683,0.06099083500500012,-0.038624912999998644
1.9685249999999999,0.06099083500500012,-0.038624912999998644
1.96875,0.06099083500500012,-0.038624912999998644
1.968975,0.06095221009200012,-0.04843491299999864
1.9691999999999998,0.06095221009200012,-0.04843491299999864
1.969425,0.06095221009200012,-0.04843491299999864
1.96965,0.06095221009200012,-0.04843491299999864
1.969875,0.06095221009200012,-0.04843491299999864
1.9701,0.06090377517900012,-0.05824491299999864
1.9703249999999999,0.06090377517900012,-0.05824491299999864
1.97055,0.06090377517900012,-0.05824491299999864
1.970775,0.06090377517900012,-0.05824491299999864
1.9709999999999999,0.06084553026600012,-0.06805491299999865
1.971225,0.06084553026600012,-0.06805491299999865
1.97145,0.06084553026600012,-0.06805491299999865
1.9716749999999998,0.06084553026600012,-0.06805491299999865
1.9719,0.06077747535300012,-0.07786491299999865
1.972125,0.06077747535300012,-0.07786491299999865
1.97235,0.06077747535300012,-0.07786491299999865
1.972575,0.06077747535300012,-0.07786491299999865
1.9727999999999999,0.06077747535300012,-0.07786491299999865
1.973025,0.06069961044000012,-0.08767491299999865
1.97325,0.06069961044000012,-0.08767491299999865
1.9734749999999999,0.06069961044000012,-0.08767491299999865
1.9737,0.06069961044000012,-0.08767491299999865
1.973925,0.06061193552700012,-0.09748491299999865
1.9741499999999998,0.06061193552700012,-0.09748491299999865
1.974375,0.06061193552700012,-0.09748491299999865
1.9746,0.06061193552700012,-0.09748491299999865
1.974825,0.06061193552700012,-0.09748491299999865
1.97505,0.060514450614000126,-0.10729491299999865
1.975275,0.060514450614000126,-0.10729491299999865
1.9755,0.060514450614000126,-0.10729491299999865
1.975725,0.060514450614000126,-0.10729491299999865
1.9759499999999999,0.06040715570100013,-0.11710491299999864
1.976175,0.06040715570100013,-0.11710491299999864
1.9764,0.06040715570100013,-0.11710491299999864
1.9766249999999999,0.06040715570100013,-0.11710491299999864
1.97685,0.06040715570100013,-0.11710491299999864
1.977075,0.06029005078800013,-0.12691491299999866
1.9772999999999998,0.06029005078800013,-0.12691491299999866
1.977525,0.06029005078800013,-0.12691491299999866
1.97775,0.06029005078800013,-0.12691491299999866
1.977975,0.06016313587500013,-0.13672491299999867
1.9782,0.06016313587500013,-0.13672491299999867
1.9784249999999999,0.06016313587500013,-0.13672491299999867
1.97865,0.06016313587500013,-0.13672491299999867
1.978875,0.06016313587500013,-0.13672491299999867
1.9790999999999999,0.06002641096200013,-0.14653491299999868
1.979325,0.06002641096200013,-0.14653491299999868
1.97955,0.06002641096200013,-0.14653491299999868
1.9797749999999998,0.06002641096200013,-0.14653491299999868
1.98,0.05987987604900013,-0.1563449129999987
1.980225,0.05987987604900013,-0.1563449129999987
1.98045,0.05987987604900013,-0.1563449129999987
1.980675,0.05987987604900013,-0.1563449129999987
1.9808999999999999,0.05972353113600013,-0.1661549129999987
1.981125,0.05972353113600013,-0.1661549129999987
1.98135,0.05972353113600013,-0.1661549129999987
1.9815749999999999,0.05972353113600013,-0.1661549129999987
1.9818,0.05972353113600013,-0.1661549129999987
1.982025,0.059557376223000134,-0.17596491299999872
1.9822499999999998,0.059557376223000134,-0.17596491299999872
1.982475,0.059557376223000134,-0.17596491299999872
1.9827,0.059557376223000134,-0.17596491299999872
1.982925,0.05938141131000014,-0.18577491299999874
1.98315,0.05938141131000014,-0.18577491299999874
1.9833749999999999,0.05938141131000014,-0.18577491299999874
1.9836,0.05938141131000014,-0.18577491299999874
1.983825,0.05938141131000014,-0.18577491299999874
1.9840499999999999,0.05919563639700014,-0.19558491299999875
1.984275,0.05919563639700014,-0.19558491299999875
1.9845,0.05919563639700014,-0.19558491299999875
1.9847249999999999,0.05919563639700014,-0.19558491299999875
1.98495,0.059000051484000136,-0.20539491299999876
1.985175,0.059000051484000136,-0.20539491299999876
1.9854,0.059000051484000136,-0.20539491299999876
1.985625,0.059000051484000136,-0.20539491299999876
1.98585,0.059000051484000136,-0.20539491299999876
1.986075,0.05879465657100014,-0.21520491299999878
1.9863,0.05879465657100014,-0.21520491299999878
1.9865249999999999,0.05879465657100014,-0.21520491299999878
1.98675,0.05879465657100014,-0.21520491299999878
1.986975,0.05857945165800014,-0.2250149129999988
1.9871999999999999,0.05857945165800014,-0.2250149129999988
1.987425,0.05857945165800014,-0.2250149129999988
1.98765,0.05857945165800014,-0.2250149129999988
1.9878749999999998,0.05857945165800014,-0.2250149129999988
1.9881,0.05835443674500014,-0.2348249129999988
1.988325,0.05835443674500014,-0.2348249129999988
1.98855,0.05835443674500014,-0.2348249129999988
1.988775,0.05835443674500014,-0.2348249129999988
1.9889999999999999,0.058119611832000144,-0.24463491299999882
1.989225,0.058119611832000144,-0.24463491299999882
1.98945,0.058119611832000144,-0.24463491299999882
1.9896749999999999,0.058119611832000144,-0.24463491299999882
1.9899,0.05787497691900015,-0.25444491299999883
1.990125,0.05787497691900015,-0.25444491299999883
1.9903499999999998,0.05787497691900015,-0.25444491299999883
1.990575,0.05787497691900015,-0.25444491299999883
1.9908,0.05787497691900015,-0.25444491299999883
1.991025,0.05762053200600015,-0.2642549129999988
1.99125,0.05762053200600015,-0.2642549129999988
1.9914749999999999,0.05762053200600015,-0.2642549129999988
1.9917,0.05762053200600015,-0.2642549129999988
1.991925,0.057356277093000146,-0.2740649129999988
1.9921499999999999,0.057356277093000146,-0.2740649129999988
1.992375,0.057356277093000146,-0.2740649129999988
1.9926,0.057356277093000146,-0.2740649129999988
1.9928249999999998,0.057356277093000146,-0.2740649129999988
1.99305,0.05708221218000015,-0.2838749129999988
1.993275,0.05708221218000015,-0.2838749129999988
1.9935,0.05708221218000015,-0.2838749129999988
1.993725,0.05708221218000015,-0.2838749129999988
1.99395,0.05679833726700015,-0.29368491299999877
1.994175,0.05679833726700015,-0.29368491299999877
1.9944,0.05679833726700015,-0.29368491299999877
1.9946249999999999,0.05679833726700015,-0.29368491299999877
1.99485,0.05679833726700015,-0.29368491299999877
1.995075,0.05650465235400015,-0.30349491299999876
1.9952999999999999,0.05650465235400015,-0.30349491299999876
1.995525,0.05650465235400015,-0.30349491299999876
1.99575,0.05650465235400015,-0.30349491299999876
1.995975,0.056201157441000155,-0.31330491299999874
1.9962,0.056201157441000155,-0.31330491299999874
1.996425,0.056201157441000155,-0.31330491299999874
1.99665,0.056201157441000155,-0.31330491299999874
1.996875,0.056201157441000155,-0.31330491299999874
1.9970999999999999,0.05588785252800016,-0.3231149129999987
1.997325,0.05588785252800016,-0.3231149129999987
1.99755,0.05588785252800016,-0.3231149129999987
1.9977749999999999,0.05588785252800016,-0.3231149129999987
1.998,0.05556473761500016,-0.3329249129999987
1.998225,0.05556473761500016,-0.3329249129999987
1.9984499999999998,0.05556473761500016,-0.3329249129999987
1.998675,0.05556473761500016,-0.3329249129999987
1.9989,0.05523181270200016,-0.3427349129999987
1.999125,0.05523181270200016,-0.3427349129999987
1.99935,0.05523181270200016,-0.3427349129999987
1.9995749999999999,0.05523181270200016,-0.3427349129999987
1.9998,0.05523181270200016,-0.3427349129999987
2.000025,0.05488907778900016,-0.3525449129999987
2.00025,0.05488907778900016,-0.3525449129999987
2.000475,0.05488907778900016,-0.3525449129999987
2.0007,0.05488907778900016,-0.3525449129999987
2.000925,0.05453653287600016,-0.36235491299999867
2.00115,0.05453653287600016,-0.36235491299999867
2.001375,0.05453653287600016,-0.36235491299999867
2.0016,0.05453653287600016,-0.36235491299999867
2.0018249999999997,0.05453653287600016,-0.36235491299999867
2.00205,0.05417417796300016,-0.37216491299999865
2.002275,0.05417417796300016,-0.37216491299999865
2.0025,0.05417417796300016,-0.37216491299999865
2.002725,0.05417417796300016,-0.37216491299999865
2.00295,0.053802013050000166,-0.38197491299999864
2.003175,0.053802013050000166,-0.38197491299999864
2.0034,0.053802013050000166,-0.38197491299999864
2.003625,0.053802013050000166,-0.38197491299999864
2.00385,0.053802013050000166,-0.38197491299999864
2.004075,0.05342003813700017,-0.3917849129999986
2.0042999999999997,0.05342003813700017,-0.3917849129999986
2.004525,0.05342003813700017,-0.3917849129999986
2.00475,0.05342003813700017,-0.3917849129999986
2.004975,0.05302825322400017,-0.4015949129999986
2.0052,0.05302825322400017,-0.4015949129999986
2.005425,0.05302825322400017,-0.4015949129999986
2.00565,0.05302825322400017,-0.4015949129999986
2.005875,0.05302825322400017,-0.4015949129999986
2.0061,0.05262665831100017,-0.4114049129999986
2.006325,0.05262665831100017,-0.4114049129999986
2.00655,0.05262665831100017,-0.4114049129999986
2.0067749999999998,0.05262665831100017,-0.4114049129999986
2.007,0.05221525339800017,-0.4212149129999986
2.007225,0.05221525339800017,-0.4212149129999986
2.00745,0.05221525339800017,-0.4212149129999986
2.007675,0.05221525339800017,-0.4212149129999986
2.0079,0.05179403848500017,-0.43102491299999857
2.008125,0.05179403848500017,-0.43102491299999857
2.00835,0.05179403848500017,-0.43102491299999857
2.008575,0.05179403848500017,-0.43102491299999857
2.0088,0.05179403848500017,-0.43102491299999857
2.009025,0.051363013572000175,-0.44083491299999855
2.0092499999999998,0.051363013572000175,-0.44083491299999855
2.009475,0.051363013572000175,-0.44083491299999855
2.0097,0.051363013572000175,-0.44083491299999855
2.009925,0.05092217865900018,-0.45064491299999854
2.01015,0.05092217865900018,-0.45064491299999854
2.010375,0.05092217865900018,-0.45064491299999854
2.0106,0.05092217865900018,-0.45064491299999854
2.010825,0.05092217865900018,-0.45064491299999854
2.01105,0.05047153374600018,-0.4604549129999985
2.011275,0.05047153374600018,-0.4604549129999985
2.0115,0.05047153374600018,-0.4604549129999985
2.0117249999999998,0.05047153374600018,-0.4604549129999985
2.01195,0.050011078833000176,-0.4702649129999985
2.012175,0.050011078833000176,-0.4702649129999985
2.0124,0.050011078833000176,-0.4702649129999985
2.012625,0.050011078833000176,-0.4702649129999985
2.01285,0.050011078833000176,-0.4702649129999985
2.0130749999999997,0.049540813920000176,-0.4800749129999985
2.0133,0.049540813920000176,-0.4800749129999985
2.013525,0.049540813920000176,-0.4800749129999985
2.01375,0.049540813920000176,-0.4800749129999985
2.013975,0.04906073900700018,-0.4898849129999985
2.0141999999999998,0.04906073900700018,-0.4898849129999985
2.014425,0.04906073900700018,-0.4898849129999985
2.01465,0.04906073900700018,-0.4898849129999985
2.014875,0.04906073900700018,-0.4898849129999985
2.0151,0.04857085409400018,-0.49969491299999846
2.015325,0.04857085409400018,-0.49969491299999846
2.0155499999999997,0.04857085409400018,-0.49969491299999846
2.015775,0.04857085409400018,-0.49969491299999846
2.016,0.04807115918100018,-0.5095049129999984
2.016225,0.04807115918100018,-0.5095049129999984
2.01645,0.04807115918100018,-0.5095049129999984
2.0166749999999998,0.04807115918100018,-0.5095049129999984
2.0169,0.047561654268000186,-0.5193149129999984
2.017125,0.047561654268000186,-0.5193149129999984
2.01735,0.047561654268000186,-0.5193149129999984
2.017575,0.047561654268000186,-0.5193149129999984
2.0178,0.047561654268000186,-0.5193149129999984
2.0180249999999997,0.047042339355000184,-0.5291249129999984
2.01825,0.047042339355000184,-0.5291249129999984
2.018475,0.047042339355000184,-0.5291249129999984
2.0187,0.047042339355000184,-0.5291249129999984
2.018925,0.046513214442000184,-0.5389349129999984
2.01915,0.046513214442000184,-0.5389349129999984
2.019375,0.046513214442000184,-0.5389349129999984
2.0196,0.046513214442000184,-0.5389349129999984
2.019825,0.046513214442000184,-0.5389349129999984
2.02005,0.045974279529000184,-0.5487449129999984
2.020275,0.045974279529000184,-0.5487449129999984
2.0204999999999997,0.045974279529000184,-0.5487449129999984
2.020725,0.045974279529000184,-0.5487449129999984
2.02095,0.045425534616000185,-0.5585549129999984
2.021175,0.045425534616000185,-0.5585549129999984
2.0214,0.045425534616000185,-0.5585549129999984
2.021625,0.045425534616000185,-0.5585549129999984
2.02185,0.045425534616000185,-0.5585549129999984
2.022075,0.04486697970300019,-0.5683649129999984
2.0223,0.04486697970300019,-0.5683649129999984
2.022525,0.04486697970300019,-0.5683649129999984
2.02275,0.04486697970300019,-0.5683649129999984
2.0229749999999997,0.04429861479000019,-0.5781749129999983
2.0232,0.04429861479000019,-0.5781749129999983
2.023425,0.04429861479000019,-0.5781749129999983
2.02365,0.04429861479000019,-0.5781749129999983
2.023875,0.04429861479000019,-0.5781749129999983
2.0241,0.043720439877000195,-0.5879849129999983
2.024325,0.043720439877000195,-0.5879849129999983
2.02455,0.043720439877000195,-0.5879849129999983
2.024775,0.043720439877000195,-0.5879849129999983
2.025,0.04313245496400019,-0.5977949129999983
2.025225,0.04313245496400019,-0.5977949129999983
2.0254499999999998,0.04313245496400019,-0.5977949129999983
2.025675,0.04313245496400019,-0.5977949129999983
2.0259,0.04253466005100019,-0.6076049129999983
2.026125,0.04253466005100019,-0.6076049129999983
2.02635,0.04253466005100019,-0.6076049129999983
2.026575,0.04253466005100019,-0.6076049129999983
2.0268,0.04253466005100019,-0.6076049129999983
2.027025,0.04192705513800019,-0.6174149129999983
2.02725,0.04192705513800019,-0.6174149129999983
2.027475,0.04192705513800019,-0.6174149129999983
2.0277,0.04192705513800019,-0.6174149129999983
2.0279249999999998,0.041309640225000194,-0.6272249129999983
2.02815,0.041309640225000194,-0.6272249129999983
2.028375,0.041309640225000194,-0.6272249129999983
2.0286,0.041309640225000194,-0.6272249129999983
2.028825,0.041309640225000194,-0.6272249129999983
2.02905,0.040682415312000196,-0.6370349129999983
2.029275,0.040682415312000196,-0.6370349129999983
2.0295,0.040682415312000196,-0.6370349129999983
2.029725,0.040682415312000196,-0.6370349129999983
2.02995,0.0400453803990002,-0.6468449129999982
2.030175,0.0400453803990002,-0.6468449129999982
2.0303999999999998,0.0400453803990002,-0.6468449129999982
2.030625,0.0400453803990002,-0.6468449129999982
2.03085,0.0400453803990002,-0.6468449129999982
2.031075,0.039398535486000204,-0.6566549129999982
2.0313,0.039398535486000204,-0.6566549129999982
2.031525,0.039398535486000204,-0.6566549129999982
2.0317499999999997,0.039398535486000204,-0.6566549129999982
2.031975,0.0387418805730002,-0.6664649129999982
2.0322,0.0387418805730002,-0.6664649129999982
2.032425,0.0387418805730002,-0.6664649129999982
2.03265,0.0387418805730002,-0.6664649129999982
2.0328749999999998,0.0387418805730002,-0.6664649129999982
2.0331,0.0380754156600002,-0.6762749129999982
2.033325,0.0380754156600002,-0.6762749129999982
2.03355,0.0380754156600002,-0.6762749129999982
2.033775,0.0380754156600002,-0.6762749129999982
2.034,0.0373991407470002,-0.6860849129999982
2.0342249999999997,0.0373991407470002,-0.6860849129999982
2.03445,0.0373991407470002,-0.6860849129999982
2.034675,0.0373991407470002,-0.6860849129999982
2.0349,0.036713055834000204,-0.6958949129999982
2.035125,0.036713055834000204,-0.6958949129999982
2.0353499999999998,0.036713055834000204,-0.6958949129999982
2.035575,0.036713055834000204,-0.6958949129999982
2.0358,0.036713055834000204,-0.6958949129999982
2.036025,0.036017160921000206,-0.7057049129999982
2.03625,0.036017160921000206,-0.7057049129999982
2.036475,0.036017160921000206,-0.7057049129999982
2.0366999999999997,0.036017160921000206,-0.7057049129999982
2.036925,0.03531145600800021,-0.7155149129999981
2.03715,0.03531145600800021,-0.7155149129999981
2.037375,0.03531145600800021,-0.7155149129999981
2.0376,0.03531145600800021,-0.7155149129999981
2.0378249999999998,0.03531145600800021,-0.7155149129999981
2.03805,0.034595941095000214,-0.7253249129999981
2.038275,0.034595941095000214,-0.7253249129999981
2.0385,0.034595941095000214,-0.7253249129999981
2.038725,0.034595941095000214,-0.7253249129999981
2.03895,0.03387061618200021,-0.7351349129999981
2.0391749999999997,0.03387061618200021,-0.7351349129999981
2.0394,0.03387061618200021,-0.7351349129999981
2.039625,0.03387061618200021,-0.7351349129999981
2.03985,0.03387061618200021,-0.7351349129999981
2.040075,0.03313548126900021,-0.7449449129999981
2.0403,0.03313548126900021,-0.7449449129999981
2.040525,0.03313548126900021,-0.7449449129999981
2.04075,0.03313548126900021,-0.7449449129999981
2.040975,0.03239053635600021,-0.7547549129999981
2.0412,0.03239053635600021,-0.7547549129999981
2.041425,0.03239053635600021,-0.7547549129999981
2.0416499999999997,0.03239053635600021,-0.7547549129999981
2.041875,0.03239053635600021,-0.7547549129999981
2.0421,0.031635781443000215,-0.7645649129999981
2.042325,0.031635781443000215,-0.7645649129999981
2.04255,0.031635781443000215,-0.7645649129999981
2.042775,0.031635781443000215,-0.7645649129999981
2.043,0.030871216530000217,-0.774374912999998
2.043225,0.030871216530000217,-0.774374912999998
2.04345,0.030871216530000217,-0.774374912999998
2.043675,0.030871216530000217,-0.774374912999998
2.0439,0.03009684161700022,-0.784184912999998
2.0441249999999997,0.03009684161700022,-0.784184912999998
2.04435,0.03009684161700022,-0.784184912999998
2.044575,0.03009684161700022,-0.784184912999998
2.0448,0.03009684161700022,-0.784184912999998
2.045025,0.029312656704000222,-0.793994912999998
2.04525,0.029312656704000222,-0.793994912999998
2.045475,0.029312656704000222,-0.793994912999998
2.0457,0.029312656704000222,-0.793994912999998
2.045925,0.028518661791000224,-0.803804912999998
2.04615,0.028518661791000224,-0.803804912999998
2.046375,0.028518661791000224,-0.803804912999998
2.0465999999999998,0.028518661791000224,-0.803804912999998
2.046825,0.028518661791000224,-0.803804912999998
2.04705,0.027714856878000228,-0.813614912999998
2.047275,0.027714856878000228,-0.813614912999998
2.0475,0.027714856878000228,-0.813614912999998
2.047725,0.027714856878000228,-0.813614912999998
2.04795,0.02690124196500023,-0.823424912999998
2.048175,0.02690124196500023,-0.823424912999998
2.0484,0.02690124196500023,-0.823424912999998
2.048625,0.02690124196500023,-0.823424912999998
2.04885,0.02690124196500023,-0.823424912999998
2.0490749999999998,0.02607781705200023,-0.833234912999998
2.0493,0.02607781705200023,-0.833234912999998
2.049525,0.02607781705200023,-0.833234912999998
2.04975,0.02607781705200023,-0.833234912999998
2.049975,0.025244582139000233,-0.843044912999998
2.0502,0.025244582139000233,-0.843044912999998
2.050425,0.025244582139000233,-0.843044912999998
2.05065,0.025244582139000233,-0.843044912999998
2.050875,0.025244582139000233,-0.843044912999998
2.0511,0.024401537226000233,-0.8528549129999979
2.051325,0.024401537226000233,-0.8528549129999979
2.0515499999999998,0.024401537226000233,-0.8528549129999979
2.051775,0.024401537226000233,-0.8528549129999979
2.052,0.023548682313000235,-0.8626649129999979
2.052225,0.023548682313000235,-0.8626649129999979
2.05245,0.023548682313000235,-0.8626649129999979
2.052675,0.023548682313000235,-0.8626649129999979
2.0528999999999997,0.022686017400000237,-0.8724749129999979
2.053125,0.022686017400000237,-0.8724749129999979
2.05335,0.022686017400000237,-0.8724749129999979
2.053575,0.022686017400000237,-0.8724749129999979
2.0538,0.022686017400000237,-0.8724749129999979
2.0540249999999998,0.02181354248700024,-0.8822849129999979
2.05425,0.02181354248700024,-0.8822849129999979
2.054475,0.02181354248700024,-0.8822849129999979
2.0547,0.02181354248700024,-0.8822849129999979
2.054925,0.02093125757400024,-0.8920949129999979
2.05515,0.02093125757400024,-0.8920949129999979
2.0553749999999997,0.02093125757400024,-0.8920949129999979
2.0556,0.02093125757400024,-0.8920949129999979
2.055825,0.02093125757400024,-0.8920949129999979
2.05605,0.020039162661000243,-0.9019049129999979
2.056275,0.020039162661000243,-0.9019049129999979
2.0564999999999998,0.020039162661000243,-0.9019049129999979
2.056725,0.020039162661000243,-0.9019049129999979
2.05695,0.019137257748000246,-0.9117149129999979
2.057175,0.019137257748000246,-0.9117149129999979
2.0574,0.019137257748000246,-0.9117149129999979
2.057625,0.019137257748000246,-0.9117149129999979
2.0578499999999997,0.019137257748000246,-0.9117149129999979
2.058075,0.018225542835000247,-0.9215249129999978
2.0583,0.018225542835000247,-0.9215249129999978
2.058525,0.018225542835000247,-0.9215249129999978
2.05875,0.018225542835000247,-0.9215249129999978
2.0589749999999998,0.01730401792200025,-0.9313349129999978
2.0592,0.01730401792200025,-0.9313349129999978
2.059425,0.01730401792200025,-0.9313349129999978
2.05965,0.01730401792200025,-0.9313349129999978
2.059875,0.01730401792200025,-0.9313349129999978
2.0601,0.01637268300900025,-0.9411449129999978
2.0603249999999997,0.01637268300900025,-0.9411449129999978
2.06055,0.01637268300900025,-0.9411449129999978
2.060775,0.01637268300900025,-0.9411449129999978
2.061,0.015431538096000253,-0.9509549129999978
2.061225,0.015431538096000253,-0.9509549129999978
2.06145,0.015431538096000253,-0.9509549129999978
2.061675,0.015431538096000253,-0.9509549129999978
2.0619,0.014480583183000256,-0.9607649129999978
2.062125,0.014480583183000256,-0.9607649129999978
2.06235,0.014480583183000256,-0.9607649129999978
2.062575,0.014480583183000256,-0.9607649129999978
2.0627999999999997,0.014480583183000256,-0.9607649129999978
2.063025,0.013519818270000258,-0.9705749129999978
2.06325,0.013519818270000258,-0.9705749129999978
2.063475,0.013519818270000258,-0.9705749129999978
2.0637,0.013519818270000258,-0.9705749129999978
2.063925,0.01254924335700026,-0.9803849129999977
2.06415,0.01254924335700026,-0.9803849129999977
2.064375,0.01254924335700026,-0.9803849129999977
2.0646,0.01254924335700026,-0.9803849129999977
2.064825,0.01254924335700026,-0.9803849129999977
2.06505,0.011568858444000263,-0.9901949129999977
2.0652749999999997,0.011568858444000263,-0.9901949129999977
2.0655,0.011568858444000263,-0.9901949129999977
2.065725,0.011568858444000263,-0.9901949129999977
2.06595,0.010578663531000265,-1.0000049129999977
2.066175,0.010578663531000265,-1.0000049129999977
2.0664,0.010578663531000265,-1.0000049129999977
2.066625,0.010578663531000265,-1.0000049129999977
2.06685,0.010578663531000265,-1.0000049129999977
2.067075,0.009578658618000268,-1.0098149129999978
2.0673,0.009578658618000268,-1.0098149129999978
2.067525,0.009578658618000268,-1.0098149129999978
2.0677499999999998,0.009578658618000268,-1.0098149129999978
2.067975,0.00856884370500027,-1.019624912999998
2.0682,0.00856884370500027,-1.019624912999998
2.068425,0.00856884370500027,-1.019624912999998
2.06865,0.00856884370500027,-1.019624912999998
2.068875,0.00856884370500027,-1.019624912999998
2.0691,0.007549218792000272,-1.029434912999998
2.069325,0.007549218792000272,-1.029434912999998
2.06955,0.007549218792000272,-1.029434912999998
2.069775,0.007549218792000272,-1.029434912999998
2.07,0.006519783879000274,-1.039244912999998
2.0702249999999998,0.006519783879000274,-1.039244912999998
2.07045,0.006519783879000274,-1.039244912999998
2.070675,0.006519783879000274,-1.039244912999998
2.0709,0.005480538966000276,-1.0490549129999982
2.071125,0.005480538966000276,-1.0490549129999982
2.07135,0.005480538966000276,-1.0490549129999982
2.0715749999999997,0.005480538966000276,-1.0490549129999982
2.0718,0.005480538966000276,-1.0490549129999982
2.072025,0.004431484053000278,-1.0588649129999983
2.07225,0.004431484053000278,-1.0588649129999983
2.072475,0.004431484053000278,-1.0588649129999983
2.0726999999999998,0.004431484053000278,-1.0588649129999983
2.072925,0.00337261914000028,-1.0686749129999984
2.07315,0.00337261914000028,-1.0686749129999984
2.073375,0.00337261914000028,-1.0686749129999984
2.0736,0.00337261914000028,-1.0686749129999984
2.073825,0.00337261914000028,-1.0686749129999984
2.0740499999999997,0.0023039442270002815,-1.0784849129999985
2.074275,0.0023039442270002815,-1.0784849129999985
2.0745,0.0023039442270002815,-1.0784849129999985
2.074725,0.0023039442270002815,-1.0784849129999985
2.07495,0.001225459314000283,-1.0882949129999986
2.0751749999999998,0.001225459314000283,-1.0882949129999986
2.0754,0.001225459314000283,-1.0882949129999986
2.075625,0.001225459314000283,-1.0882949129999986
2.07585,0.001225459314000283,-1.0882949129999986
2.076075,0.00013716440100028436,-1.0981049129999987
2.0763,0.00013716440100028436,-1.0981049129999987
2.0765249999999997,0.00013716440100028436,-1.0981049129999987
2.07675,0.00013716440100028436,-1.0981049129999987
2.076975,0.0,0.7755404390999991
2.0772,0.0,0.7755404390999991
2.077425,0.0,0.7755404390999991
2.0776499999999998,0.0,0.7755404390999991
2.077875,0.0,0.7755404390999991
2.0781,0.0007755404390999991,0.7657304390999992
2.078325,0.0007755404390999991,0.7657304390999992
2.07855,0.0007755404390999991,0.7657304390999992
2.078775,0.0007755404390999991,0.7657304390999992
2.0789999999999997,0.0015412708781999984,0.7559204390999992
2.079225,0.0015412708781999984,0.7559204390999992
2.07945,0.0015412708781999984,0.7559204390999992
2.079675,0.0015412708781999984,0.7559204390999992
2.0799,0.0022971913172999976,0.7461104390999992
2.080125,0.0022971913172999976,0.7461104390999992
2.08035,0.0022971913172999976,0.7461104390999992
2.080575,0.0022971913172999976,0.7461104390999992
2.0808,0.0022971913172999976,0.7461104390999992
2.081025,0.003043301756399997,0.7363004390999992
2.08125,0.003043301756399997,0.7363004390999992
2.0814749999999997,0.003043301756399997,0.7363004390999992
2.0817,0.003043301756399997,0.7363004390999992
2.081925,0.0037796021954999964,0.7264904390999992
2.08215,0.0037796021954999964,0.7264904390999992
2.082375,0.0037796021954999964,0.7264904390999992
2.0826,0.0037796021954999964,0.7264904390999992
2.082825,0.0037796021954999964,0.7264904390999992
2.08305,0.0045060926345999956,0.7166804390999992
2.083275,0.0045060926345999956,0.7166804390999992
2.0835,0.0045060926345999956,0.7166804390999992
2.083725,0.0045060926345999956,0.7166804390999992
2.0839499999999997,0.005222773073699995,0.7068704390999992
2.084175,0.005222773073699995,0.7068704390999992
2.0844,0.005222773073699995,0.7068704390999992
2.084625,0.005222773073699995,0.7068704390999992
2.08485,0.005222773073699995,0.7068704390999992
2.085075,0.005929643512799994,0.6970604390999993
2.0853,0.005929643512799994,0.6970604390999993
2.085525,0.005929643512799994,0.6970604390999993
2.08575,0.005929643512799994,0.6970604390999993
2.085975,0.006626703951899994,0.6872504390999993
2.0862,0.006626703951899994,0.6872504390999993
2.0864249999999998,0.006626703951899994,0.6872504390999993
2.08665,0.006626703951899994,0.6872504390999993
2.086875,0.006626703951899994,0.6872504390999993
2.0871,0.007313954390999994,0.6774404390999993
2.087325,0.007313954390999994,0.6774404390999993
2.08755,0.007313954390999994,0.6774404390999993
2.087775,0.007313954390999994,0.6774404390999993
2.088,0.007991394830099993,0.6676304390999993
2.088225,0.007991394830099993,0.6676304390999993
2.08845,0.007991394830099993,0.6676304390999993
2.088675,0.007991394830099993,0.6676304390999993
2.0888999999999998,0.008659025269199993,0.6578204390999993
2.089125,0.008659025269199993,0.6578204390999993
2.08935,0.008659025269199993,0.6578204390999993
2.089575,0.008659025269199993,0.6578204390999993
2.0898,0.008659025269199993,0.6578204390999993
2.090025,0.009316845708299992,0.6480104390999993
2.09025,0.009316845708299992,0.6480104390999993
2.090475,0.009316845708299992,0.6480104390999993
2.0907,0.009316845708299992,0.6480104390999993
2.090925,0.009964856147399991,0.6382004390999994
2.09115,0.009964856147399991,0.6382004390999994
2.0913749999999998,0.009964856147399991,0.6382004390999994
2.0916,0.009964856147399991,0.6382004390999994
2.091825,0.009964856147399991,0.6382004390999994
2.09205,0.01060305658649999,0.6283904390999994
2.092275,0.01060305658649999,0.6283904390999994
2.0925,0.01060305658649999,0.6283904390999994
2.0927249999999997,0.01060305658649999,0.6283904390999994
2.09295,0.01123144702559999,0.6185804390999994
2.093175,0.01123144702559999,0.6185804390999994
2.0934,0.01123144702559999,0.6185804390999994
2.093625,0.01123144702559999,0.6185804390999994
2.0938499999999998,0.01123144702559999,0.6185804390999994
2.094075,0.01185002746469999,0.6087704390999994
2.0943,0.01185002746469999,0.6087704390999994
2.094525,0.01185002746469999,0.6087704390999994
2.09475,0.01185002746469999,0.6087704390999994
2.094975,0.012458797903799989,0.5989604390999994
2.0951999999999997,0.012458797903799989,0.5989604390999994
2.095425,0.012458797903799989,0.5989604390999994
2.09565,0.012458797903799989,0.5989604390999994
2.095875,0.012458797903799989,0.5989604390999994
2.0961,0.013057758342899989,0.5891504390999994
2.0963249999999998,0.013057758342899989,0.5891504390999994
2.09655,0.013057758342899989,0.5891504390999994
2.096775,0.013057758342899989,0.5891504390999994
2.097,0.013646908781999988,0.5793404390999994
2.097225,0.013646908781999988,0.5793404390999994
2.09745,0.013646908781999988,0.5793404390999994
2.0976749999999997,0.013646908781999988,0.5793404390999994
2.0979,0.014226249221099987,0.5695304390999995
2.098125,0.014226249221099987,0.5695304390999995
2.09835,0.014226249221099987,0.5695304390999995
2.098575,0.014226249221099987,0.5695304390999995
2.0987999999999998,0.014226249221099987,0.5695304390999995
2.099025,0.014795779660199987,0.5597204390999995
2.09925,0.014795779660199987,0.5597204390999995
2.099475,0.014795779660199987,0.5597204390999995
2.0997,0.014795779660199987,0.5597204390999995
2.099925,0.015355500099299986,0.5499104390999995
2.1001499999999997,0.015355500099299986,0.5499104390999995
2.100375,0.015355500099299986,0.5499104390999995
2.1006,0.015355500099299986,0.5499104390999995
2.100825,0.015355500099299986,0.5499104390999995
2.10105,0.015905410538399986,0.5401004390999995
2.101275,0.015905410538399986,0.5401004390999995
2.1015,0.015905410538399986,0.5401004390999995
2.101725,0.015905410538399986,0.5401004390999995
2.10195,0.016445510977499987,0.5302904390999995
2.102175,0.016445510977499987,0.5302904390999995
2.1024,0.016445510977499987,0.5302904390999995
2.1026249999999997,0.016445510977499987,0.5302904390999995
2.10285,0.016445510977499987,0.5302904390999995
2.103075,0.016975801416599986,0.5204804390999995
2.1033,0.016975801416599986,0.5204804390999995
2.103525,0.016975801416599986,0.5204804390999995
2.10375,0.016975801416599986,0.5204804390999995
2.103975,0.017496281855699986,0.5106704390999995
2.1042,0.017496281855699986,0.5106704390999995
2.104425,0.017496281855699986,0.5106704390999995
2.10465,0.017496281855699986,0.5106704390999995
2.104875,0.017496281855699986,0.5106704390999995
2.1050999999999997,0.018006952294799986,0.5008604390999996
2.105325,0.018006952294799986,0.5008604390999996
2.10555,0.018006952294799986,0.5008604390999996
2.105775,0.018006952294799986,0.5008604390999996
2.106,0.018507812733899984,0.49105043909999957
2.106225,0.018507812733899984,0.49105043909999957
2.10645,0.018507812733899984,0.49105043909999957
2.106675,0.018507812733899984,0.49105043909999957
2.1069,0.018998863172999984,0.4812404390999996
2.107125,0.018998863172999984,0.4812404390999996
2.10735,0.018998863172999984,0.4812404390999996
2.1075749999999998,0.018998863172999984,0.4812404390999996
2.1078,0.018998863172999984,0.4812404390999996
2.108025,0.019480103612099984,0.4714304390999996
2.10825,0.019480103612099984,0.4714304390999996
2.108475,0.019480103612099984,0.4714304390999996
2.1087,0.019480103612099984,0.4714304390999996
2.108925,0.019951534051199985,0.4616204390999996
2.10915,0.019951534051199985,0.4616204390999996
2.109375,0.019951534051199985,0.4616204390999996
2.1096,0.019951534051199985,0.4616204390999996
2.109825,0.019951534051199985,0.4616204390999996
2.1100499999999998,0.020413154490299984,0.45181043909999963
2.110275,0.020413154490299984,0.45181043909999963
2.1105,0.020413154490299984,0.45181043909999963
2.110725,0.020413154490299984,0.45181043909999963
2.11095,0.020864964929399984,0.44200043909999964
2.111175,0.020864964929399984,0.44200043909999964
2.1113999999999997,0.020864964929399984,0.44200043909999964
2.111625,0.020864964929399984,0.44200043909999964
2.11185,0.020864964929399984,0.44200043909999964
2.112075,0.021306965368499985,0.43219043909999966
2.1123,0.021306965368499985,0.43219043909999966
2.1125249999999998,0.021306965368499985,0.43219043909999966
2.11275,0.021306965368499985,0.43219043909999966
2.112975,0.021739155807599983,0.42238043909999967
2.1132,0.021739155807599983,0.42238043909999967
2.113425,0.021739155807599983,0.42238043909999967
2.11365,0.021739155807599983,0.42238043909999967
2.1138749999999997,0.021739155807599983,0.42238043909999967
2.1141,0.022161536246699982,0.4125704390999997
2.114325,0.022161536246699982,0.4125704390999997
2.11455,0.022161536246699982,0.4125704390999997
2.114775,0.022161536246699982,0.4125704390999997
2.1149999999999998,0.022574106685799983,0.4027604390999997
2.115225,0.022574106685799983,0.4027604390999997
2.11545,0.022574106685799983,0.4027604390999997
2.115675,0.022574106685799983,0.4027604390999997
2.1159,0.022976867124899984,0.3929504390999997
2.116125,0.022976867124899984,0.3929504390999997
2.1163499999999997,0.022976867124899984,0.3929504390999997
2.116575,0.022976867124899984,0.3929504390999997
2.1168,0.022976867124899984,0.3929504390999997
2.117025,0.023369817563999983,0.38314043909999973
2.11725,0.023369817563999983,0.38314043909999973
2.1174749999999998,0.023369817563999983,0.38314043909999973
2.1177,0.023369817563999983,0.38314043909999973
2.117925,0.023752958003099983,0.37333043909999974
2.11815,0.023752958003099983,0.37333043909999974
2.118375,0.023752958003099983,0.37333043909999974
2.1186,0.023752958003099983,0.37333043909999974
2.1188249999999997,0.023752958003099983,0.37333043909999974
2.11905,0.024126288442199984,0.36352043909999976
2.119275,0.024126288442199984,0.36352043909999976
2.1195,0.024126288442199984,0.36352043909999976
2.119725,0.024126288442199984,0.36352043909999976
2.11995,0.024489808881299983,0.3537104390999998
2.120175,0.024489808881299983,0.3537104390999998
2.1204,0.024489808881299983,0.3537104390999998
2.120625,0.024489808881299983,0.3537104390999998
2.12085,0.024489808881299983,0.3537104390999998
2.121075,0.024843519320399982,0.3439004390999998
2.1212999999999997,0.024843519320399982,0.3439004390999998
2.121525,0.024843519320399982,0.3439004390999998
2.12175,0.024843519320399982,0.3439004390999998
2.121975,0.025187419759499983,0.3340904390999998
2.1222,0.025187419759499983,0.3340904390999998
2.122425,0.025187419759499983,0.3340904390999998
2.12265,0.025187419759499983,0.3340904390999998
2.122875,0.025187419759499983,0.3340904390999998
2.1231,0.02552151019859998,0.3242804390999998
2.123325,0.02552151019859998,0.3242804390999998
2.12355,0.02552151019859998,0.3242804390999998
2.1237749999999997,0.02552151019859998,0.3242804390999998
2.124,0.02584579063769998,0.31447043909999983
2.124225,0.02584579063769998,0.31447043909999983
2.12445,0.02584579063769998,0.31447043909999983
2.124675,0.02584579063769998,0.31447043909999983
2.1249,0.02616026107679998,0.30466043909999985
2.125125,0.02616026107679998,0.30466043909999985
2.12535,0.02616026107679998,0.30466043909999985
2.125575,0.02616026107679998,0.30466043909999985
2.1258,0.02616026107679998,0.30466043909999985
2.126025,0.02646492151589998,0.29485043909999986
2.1262499999999998,0.02646492151589998,0.29485043909999986
2.126475,0.02646492151589998,0.29485043909999986
2.1267,0.02646492151589998,0.29485043909999986
2.126925,0.02675977195499998,0.2850404390999999
2.12715,0.02675977195499998,0.2850404390999999
2.127375,0.02675977195499998,0.2850404390999999
2.1276,0.02675977195499998,0.2850404390999999
2.127825,0.02675977195499998,0.2850404390999999
2.12805,0.02704481239409998,0.2752304390999999
2.128275,0.02704481239409998,0.2752304390999999
2.1285,0.02704481239409998,0.2752304390999999
2.1287249999999998,0.02704481239409998,0.2752304390999999
2.12895,0.02732004283319998,0.2654204390999999
2.129175,0.02732004283319998,0.2654204390999999
2.1294,0.02732004283319998,0.2654204390999999
2.129625,0.02732004283319998,0.2654204390999999
2.12985,0.02732004283319998,0.2654204390999999
2.130075,0.02758546327229998,0.2556104390999999
2.1303,0.02758546327229998,0.2556104390999999
2.130525,0.02758546327229998,0.2556104390999999
2.13075,0.02758546327229998,0.2556104390999999
2.130975,0.027841073711399978,0.2458004390999999
2.1311999999999998,0.027841073711399978,0.2458004390999999
2.131425,0.027841073711399978,0.2458004390999999
2.13165,0.027841073711399978,0.2458004390999999
2.131875,0.027841073711399978,0.2458004390999999
2.1321,0.02808687415049998,0.2359904390999999
2.132325,0.02808687415049998,0.2359904390999999
2.1325499999999997,0.02808687415049998,0.2359904390999999
2.132775,0.02808687415049998,0.2359904390999999
2.133,0.02832286458959998,0.22618043909999988
2.133225,0.02832286458959998,0.22618043909999988
2.13345,0.02832286458959998,0.22618043909999988
2.1336749999999998,0.02832286458959998,0.22618043909999988
2.1339,0.02854904502869998,0.21637043909999987
2.134125,0.02854904502869998,0.21637043909999987
2.13435,0.02854904502869998,0.21637043909999987
2.134575,0.02854904502869998,0.21637043909999987
2.1348,0.02854904502869998,0.21637043909999987
2.1350249999999997,0.02876541546779998,0.20656043909999985
2.13525,0.02876541546779998,0.20656043909999985
2.135475,0.02876541546779998,0.20656043909999985
2.1357,0.02876541546779998,0.20656043909999985
2.135925,0.02897197590689998,0.19675043909999984
2.1361499999999998,0.02897197590689998,0.19675043909999984
2.136375,0.02897197590689998,0.19675043909999984
2.1366,0.02897197590689998,0.19675043909999984
2.136825,0.02897197590689998,0.19675043909999984
2.13705,0.029168726345999978,0.18694043909999983
2.137275,0.029168726345999978,0.18694043909999983
2.1374999999999997,0.029168726345999978,0.18694043909999983
2.137725,0.029168726345999978,0.18694043909999983
2.13795,0.029355666785099977,0.17713043909999981
2.138175,0.029355666785099977,0.17713043909999981
2.1384,0.029355666785099977,0.17713043909999981
2.1386249999999998,0.029355666785099977,0.17713043909999981
2.13885,0.029355666785099977,0.17713043909999981
2.139075,0.029532797224199978,0.1673204390999998
2.1393,0.029532797224199978,0.1673204390999998
2.139525,0.029532797224199978,0.1673204390999998
2.13975,0.029532797224199978,0.1673204390999998
2.1399749999999997,0.02970011766329998,0.1575104390999998
2.1402,0.02970011766329998,0.1575104390999998
2.140425,0.02970011766329998,0.1575104390999998
2.14065,0.02970011766329998,0.1575104390999998
2.140875,0.02970011766329998,0.1575104390999998
2.1411,0.029857628102399978,0.14770043909999978
2.141325,0.029857628102399978,0.14770043909999978
2.14155,0.029857628102399978,0.14770043909999978
2.141775,0.029857628102399978,0.14770043909999978
2.142,0.030005328541499978,0.13789043909999976
2.142225,0.030005328541499978,0.13789043909999976
2.1424499999999997,0.030005328541499978,0.13789043909999976
2.142675,0.030005328541499978,0.13789043909999976
2.1429,0.03014321898059998,0.12808043909999975
2.143125,0.03014321898059998,0.12808043909999975
2.14335,0.03014321898059998,0.12808043909999975
2.143575,0.03014321898059998,0.12808043909999975
2.1438,0.03014321898059998,0.12808043909999975
2.144025,0.030271299419699978,0.11827043909999975
2.14425,0.030271299419699978,0.11827043909999975
2.144475,0.030271299419699978,0.11827043909999975
2.1447,0.030271299419699978,0.11827043909999975
2.1449249999999997,0.030389569858799977,0.10846043909999975
2.14515,0.030389569858799977,0.10846043909999975
2.145375,0.030389569858799977,0.10846043909999975
2.1456,0.030389569858799977,0.10846043909999975
2.145825,0.030389569858799977,0.10846043909999975
2.14605,0.030498030297899978,0.09865043909999975
2.146275,0.030498030297899978,0.09865043909999975
2.1465,0.030498030297899978,0.09865043909999975
2.146725,0.030498030297899978,0.09865043909999975
2.14695,0.030596680736999976,0.08884043909999975
2.147175,0.030596680736999976,0.08884043909999975
2.1473999999999998,0.030596680736999976,0.08884043909999975
2.147625,0.030596680736999976,0.08884043909999975
2.14785,0.030596680736999976,0.08884043909999975
2.148075,0.030685521176099975,0.07903043909999975
2.1483,0.030685521176099975,0.07903043909999975
2.148525,0.030685521176099975,0.07903043909999975
2.14875,0.030685521176099975,0.07903043909999975
2.148975,0.030764551615199975,0.06922043909999975
2.1492,0.030764551615199975,0.06922043909999975
2.149425,0.030764551615199975,0.06922043909999975
2.14965,0.030764551615199975,0.06922043909999975
2.1498749999999998,0.030764551615199975,0.06922043909999975
2.1501,0.030833772054299977,0.059410439099999754
2.150325,0.030833772054299977,0.059410439099999754
2.15055,0.030833772054299977,0.059410439099999754
2.150775,0.030833772054299977,0.059410439099999754
2.151,0.030893182493399975,0.049600439099999755
2.1512249999999997,0.030893182493399975,0.049600439099999755
2.15145,0.030893182493399975,0.049600439099999755
2.151675,0.030893182493399975,0.049600439099999755
2.1519,0.030942782932499975,0.039790439099999755
2.152125,0.030942782932499975,0.039790439099999755
2.1523499999999998,0.030942782932499975,0.039790439099999755
2.152575,0.030942782932499975,0.039790439099999755
2.1528,0.030942782932499975,0.039790439099999755
2.153025,0.030982573371599976,0.029980439099999756
2.15325,0.030982573371599976,0.029980439099999756
2.153475,0.030982573371599976,0.029980439099999756
2.1536999999999997,0.030982573371599976,0.029980439099999756
2.153925,0.031012553810699974,0.020170439099999757
2.15415,0.031012553810699974,0.020170439099999757
2.154375,0.031012553810699974,0.020170439099999757
2.1546,0.031012553810699974,0.020170439099999757
2.1548249999999998,0.031012553810699974,0.020170439099999757
2.15505,0.031032724249799973,0.010360439099999756
2.155275,0.031032724249799973,0.010360439099999756
2.1555,0.031032724249799973,0.010360439099999756
2.155725,0.031032724249799973,0.010360439099999756
2.15595,0.031043084688899974,0.0005504390999997548
2.1561749999999997,0.031043084688899974,0.0005504390999997548
2.1564,0.031043084688899974,0.0005504390999997548
2.156625,0.031043084688899974,0.0005504390999997548
2.15685,0.031043084688899974,0.0005504390999997548
2.157075,0.031043635127999975,-0.009259560900000246
2.1572999999999998,0.031043635127999975,-0.009259560900000246
2.157525,0.031043635127999975,-0.009259560900000246
2.15775,0.031043635127999975,-0.009259560900000246
2.157975,0.031034375567099974,-0.019069560900000247
2.1582,0.031034375567099974,-0.019069560900000247
2.158425,0.031034375567099974,-0.019069560900000247
2.1586499999999997,0.031034375567099974,-0.019069560900000247
2.158875,0.031034375567099974,-0.019069560900000247
2.1591,0.031015306006199974,-0.028879560900000247
2.159325,0.031015306006199974,-0.028879560900000247
2.15955,0.031015306006199974,-0.028879560900000247
2.159775,0.031015306006199974,-0.028879560900000247
2.16,0.030986426445299975,-0.038689560900000246
2.160225,0.030986426445299975,-0.038689560900000246
2.16045,0.030986426445299975,-0.038689560900000246
2.160675,0.030986426445299975,-0.038689560900000246
2.1609,0.030947736884399973,-0.048499560900000245
2.1611249999999997,0.030947736884399973,-0.048499560900000245
2.16135,0.030947736884399973,-0.048499560900000245
2.161575,0.030947736884399973,-0.048499560900000245
2.1618,0.030947736884399973,-0.048499560900000245
2.162025,0.030899237323499973,-0.058309560900000244
2.16225,0.030899237323499973,-0.058309560900000244
2.162475,0.030899237323499973,-0.058309560900000244
2.1627,0.030899237323499973,-0.058309560900000244
2.162925,0.030840927762599973,-0.06811956090000025
2.16315,0.030840927762599973,-0.06811956090000025
2.163375,0.030840927762599973,-0.06811956090000025
2.1635999999999997,0.030840927762599973,-0.06811956090000025
2.163825,0.030840927762599973,-0.06811956090000025
2.16405,0.03077280820169997,-0.07792956090000025
2.164275,0.03077280820169997,-0.07792956090000025
2.1645,0.03077280820169997,-0.07792956090000025
2.164725,0.03077280820169997,-0.07792956090000025
2.16495,0.03069487864079997,-0.08773956090000025
2.165175,0.03069487864079997,-0.08773956090000025
2.1654,0.03069487864079997,-0.08773956090000025
2.165625,0.03069487864079997,-0.08773956090000025
2.16585,0.03069487864079997,-0.08773956090000025
2.1660749999999998,0.03060713907989997,-0.09754956090000025
2.1663,0.03060713907989997,-0.09754956090000025
2.166525,0.03060713907989997,-0.09754956090000025
2.16675,0.03060713907989997,-0.09754956090000025
2.166975,0.03050958951899997,-0.10735956090000025
2.1672,0.03050958951899997,-0.10735956090000025
2.167425,0.03050958951899997,-0.10735956090000025
2.16765,0.03050958951899997,-0.10735956090000025
2.167875,0.03050958951899997,-0.10735956090000025
2.1681,0.03040222995809997,-0.11716956090000025
2.168325,0.03040222995809997,-0.11716956090000025
2.1685499999999998,0.03040222995809997,-0.11716956090000025
2.168775,0.03040222995809997,-0.11716956090000025
2.169,0.03028506039719997,-0.12697956090000026
2.169225,0.03028506039719997,-0.12697956090000026
2.16945,0.03028506039719997,-0.12697956090000026
2.169675,0.03028506039719997,-0.12697956090000026
2.1699,0.03015808083629997,-0.13678956090000027
2.170125,0.03015808083629997,-0.13678956090000027
2.17035,0.03015808083629997,-0.13678956090000027
2.170575,0.03015808083629997,-0.13678956090000027
2.1708,0.03015808083629997,-0.13678956090000027
2.1710249999999998,0.03002129127539997,-0.1465995609000003
2.17125,0.03002129127539997,-0.1465995609000003
2.171475,0.03002129127539997,-0.1465995609000003
2.1717,0.03002129127539997,-0.1465995609000003
2.171925,0.029874691714499968,-0.1564095609000003
2.17215,0.029874691714499968,-0.1564095609000003
2.1723749999999997,0.029874691714499968,-0.1564095609000003
2.1726,0.029874691714499968,-0.1564095609000003
2.172825,0.029874691714499968,-0.1564095609000003
2.17305,0.029718282153599968,-0.1662195609000003
2.173275,0.029718282153599968,-0.1662195609000003
2.1734999999999998,0.029718282153599968,-0.1662195609000003
2.173725,0.029718282153599968,-0.1662195609000003
2.17395,0.02955206259269997,-0.17602956090000033
2.174175,0.02955206259269997,-0.17602956090000033
2.1744,0.02955206259269997,-0.17602956090000033
2.174625,0.02955206259269997,-0.17602956090000033
2.1748499999999997,0.02955206259269997,-0.17602956090000033
2.175075,0.029376033031799968,-0.18583956090000034
2.1753,0.029376033031799968,-0.18583956090000034
2.175525,0.029376033031799968,-0.18583956090000034
2.17575,0.029376033031799968,-0.18583956090000034
2.1759749999999998,0.029190193470899968,-0.19564956090000035
2.1762,0.029190193470899968,-0.19564956090000035
2.176425,0.029190193470899968,-0.19564956090000035
2.17665,0.029190193470899968,-0.19564956090000035
2.176875,0.029190193470899968,-0.19564956090000035
2.1771,0.02899454390999997,-0.20545956090000037
2.1773249999999997,0.02899454390999997,-0.20545956090000037
2.17755,0.02899454390999997,-0.20545956090000037
2.177775,0.02899454390999997,-0.20545956090000037
2.178,0.028789084349099967,-0.21526956090000038
2.178225,0.028789084349099967,-0.21526956090000038
2.1784499999999998,0.028789084349099967,-0.21526956090000038
2.178675,0.028789084349099967,-0.21526956090000038
2.1789,0.028573814788199967,-0.2250795609000004
2.179125,0.028573814788199967,-0.2250795609000004
2.17935,0.028573814788199967,-0.2250795609000004
2.179575,0.028573814788199967,-0.2250795609000004
2.1797999999999997,0.028573814788199967,-0.2250795609000004
2.180025,0.028348735227299967,-0.2348895609000004
2.18025,0.028348735227299967,-0.2348895609000004
2.180475,0.028348735227299967,-0.2348895609000004
2.1807,0.028348735227299967,-0.2348895609000004
2.180925,0.028113845666399965,-0.24469956090000042
2.18115,0.028113845666399965,-0.24469956090000042
2.181375,0.028113845666399965,-0.24469956090000042
2.1816,0.028113845666399965,-0.24469956090000042
2.181825,0.028113845666399965,-0.24469956090000042
2.18205,0.027869146105499964,-0.25450956090000043
2.1822749999999997,0.027869146105499964,-0.25450956090000043
2.1825,0.027869146105499964,-0.25450956090000043
2.182725,0.027869146105499964,-0.25450956090000043
2.18295,0.027614636544599964,-0.2643195609000004
2.183175,0.027614636544599964,-0.2643195609000004
2.1834,0.027614636544599964,-0.2643195609000004
2.183625,0.027614636544599964,-0.2643195609000004
2.18385,0.027614636544599964,-0.2643195609000004
2.184075,0.027350316983699965,-0.2741295609000004
2.1843,0.027350316983699965,-0.2741295609000004
2.184525,0.027350316983699965,-0.2741295609000004
2.1847499999999997,0.027350316983699965,-0.2741295609000004
2.184975,0.027076187422799963,-0.2839395609000004
2.1852,0.027076187422799963,-0.2839395609000004
2.185425,0.027076187422799963,-0.2839395609000004
2.18565,0.027076187422799963,-0.2839395609000004
2.185875,0.027076187422799963,-0.2839395609000004
2.1861,0.026792247861899963,-0.2937495609000004
2.186325,0.026792247861899963,-0.2937495609000004
2.18655,0.026792247861899963,-0.2937495609000004
2.186775,0.026792247861899963,-0.2937495609000004
2.187,0.026498498300999963,-0.30355956090000036
2.1872249999999998,0.026498498300999963,-0.30355956090000036
2.18745,0.026498498300999963,-0.30355956090000036
2.187675,0.026498498300999963,-0.30355956090000036
2.1879,0.02619493874009996,-0.31336956090000034
2.188125,0.02619493874009996,-0.31336956090000034
2.18835,0.02619493874009996,-0.31336956090000034
2.188575,0.02619493874009996,-0.31336956090000034
2.1888,0.02619493874009996,-0.31336956090000034
2.189025,0.02588156917919996,-0.32317956090000033
2.18925,0.02588156917919996,-0.32317956090000033
2.189475,0.02588156917919996,-0.32317956090000033
2.1896999999999998,0.02588156917919996,-0.32317956090000033
2.189925,0.02555838961829996,-0.3329895609000003
2.19015,0.02555838961829996,-0.3329895609000003
2.190375,0.02555838961829996,-0.3329895609000003
2.1906,0.02555838961829996,-0.3329895609000003
2.190825,0.02555838961829996,-0.3329895609000003
2.1910499999999997,0.025225400057399962,-0.3427995609000003
2.191275,0.025225400057399962,-0.3427995609000003
2.1915,0.025225400057399962,-0.3427995609000003
2.191725,0.025225400057399962,-0.3427995609000003
2.19195,0.02488260049649996,-0.3526095609000003
2.1921749999999998,0.02488260049649996,-0.3526095609000003
2.1924,0.02488260049649996,-0.3526095609000003
2.192625,0.02488260049649996,-0.3526095609000003
2.19285,0.02488260049649996,-0.3526095609000003
2.193075,0.02452999093559996,-0.36241956090000027
2.1933,0.02452999093559996,-0.36241956090000027
2.1935249999999997,0.02452999093559996,-0.36241956090000027
2.19375,0.02452999093559996,-0.36241956090000027
2.193975,0.02416757137469996,-0.37222956090000026
2.1942,0.02416757137469996,-0.37222956090000026
2.194425,0.02416757137469996,-0.37222956090000026
2.1946499999999998,0.02416757137469996,-0.37222956090000026
2.194875,0.02416757137469996,-0.37222956090000026
2.1951,0.02379534181379996,-0.38203956090000024
2.195325,0.02379534181379996,-0.38203956090000024
2.19555,0.02379534181379996,-0.38203956090000024
2.195775,0.02379534181379996,-0.38203956090000024
2.1959999999999997,0.02341330225289996,-0.3918495609000002
2.196225,0.02341330225289996,-0.3918495609000002
2.19645,0.02341330225289996,-0.3918495609000002
2.196675,0.02341330225289996,-0.3918495609000002
2.1969,0.02302145269199996,-0.4016595609000002
2.1971249999999998,0.02302145269199996,-0.4016595609000002
2.19735,0.02302145269199996,-0.4016595609000002
2.197575,0.02302145269199996,-0.4016595609000002
2.1978,0.02302145269199996,-0.4016595609000002
2.198025,0.02261979313109996,-0.4114695609000002
2.19825,0.02261979313109996,-0.4114695609000002
2.1984749999999997,0.02261979313109996,-0.4114695609000002
2.1987,0.02261979313109996,-0.4114695609000002
2.198925,0.02220832357019996,-0.4212795609000002
2.19915,0.02220832357019996,-0.4212795609000002
2.199375,0.02220832357019996,-0.4212795609000002
2.1995999999999998,0.02220832357019996,-0.4212795609000002
2.199825,0.02220832357019996,-0.4212795609000002
2.20005,0.02178704400929996,-0.43108956090000017
2.200275,0.02178704400929996,-0.43108956090000017
2.2005,0.02178704400929996,-0.43108956090000017
2.200725,0.02178704400929996,-0.43108956090000017
2.2009499999999997,0.02135595444839996,-0.44089956090000015
2.201175,0.02135595444839996,-0.44089956090000015
2.2014,0.02135595444839996,-0.44089956090000015
2.201625,0.02135595444839996,-0.44089956090000015
2.20185,0.02135595444839996,-0.44089956090000015
2.202075,0.020915054887499958,-0.45070956090000014
2.2023,0.020915054887499958,-0.45070956090000014
2.202525,0.020915054887499958,-0.45070956090000014
2.20275,0.020915054887499958,-0.45070956090000014
2.202975,0.020464345326599957,-0.4605195609000001
2.2032,0.020464345326599957,-0.4605195609000001
2.2034249999999997,0.020464345326599957,-0.4605195609000001
2.20365,0.020464345326599957,-0.4605195609000001
2.203875,0.020464345326599957,-0.4605195609000001
2.2041,0.020003825765699958,-0.4703295609000001
2.204325,0.020003825765699958,-0.4703295609000001
2.20455,0.020003825765699958,-0.4703295609000001
2.204775,0.020003825765699958,-0.4703295609000001
2.205,0.01953349620479996,-0.4801395609000001
2.205225,0.01953349620479996,-0.4801395609000001
2.20545,0.01953349620479996,-0.4801395609000001
2.205675,0.01953349620479996,-0.4801395609000001
2.2058999999999997,0.019053356643899958,-0.4899495609000001
2.206125,0.019053356643899958,-0.4899495609000001
2.20635,0.019053356643899958,-0.4899495609000001
2.206575,0.019053356643899958,-0.4899495609000001
2.2068,0.019053356643899958,-0.4899495609000001
2.207025,0.018563407082999958,-0.49975956090000007
2.20725,0.018563407082999958,-0.49975956090000007
2.207475,0.018563407082999958,-0.49975956090000007
2.2077,0.018563407082999958,-0.49975956090000007
2.207925,0.01806364752209996,-0.5095695609
2.20815,0.01806364752209996,-0.5095695609
2.2083749999999998,0.01806364752209996,-0.5095695609
2.2086,0.01806364752209996,-0.5095695609
2.208825,0.01806364752209996,-0.5095695609
2.20905,0.017554077961199958,-0.5193795609
2.209275,0.017554077961199958,-0.5193795609
2.2095,0.017554077961199958,-0.5193795609
2.209725,0.017554077961199958,-0.5193795609
2.20995,0.017034698400299957,-0.5291895609
2.210175,0.017034698400299957,-0.5291895609
2.2104,0.017034698400299957,-0.5291895609
2.210625,0.017034698400299957,-0.5291895609
2.2108499999999998,0.017034698400299957,-0.5291895609
2.211075,0.016505508839399958,-0.5389995609
2.2113,0.016505508839399958,-0.5389995609
2.211525,0.016505508839399958,-0.5389995609
2.21175,0.016505508839399958,-0.5389995609
2.211975,0.01596650927849996,-0.5488095609
2.2121999999999997,0.01596650927849996,-0.5488095609
2.212425,0.01596650927849996,-0.5488095609
2.21265,0.01596650927849996,-0.5488095609
2.212875,0.01596650927849996,-0.5488095609
2.2131,0.015417699717599959,-0.5586195609
2.2133249999999998,0.015417699717599959,-0.5586195609
2.21355,0.015417699717599959,-0.5586195609
2.213775,0.015417699717599959,-0.5586195609
2.214,0.014859080156699959,-0.5684295609
2.214225,0.014859080156699959,-0.5684295609
2.21445,0.014859080156699959,-0.5684295609
2.2146749999999997,0.014859080156699959,-0.5684295609
2.2149,0.014290650595799958,-0.5782395609
2.215125,0.014290650595799958,-0.5782395609
2.21535,0.014290650595799958,-0.5782395609
2.215575,0.014290650595799958,-0.5782395609
2.2157999999999998,0.014290650595799958,-0.5782395609
2.216025,0.013712411034899959,-0.5880495608999999
2.21625,0.013712411034899959,-0.5880495608999999
2.216475,0.013712411034899959,-0.5880495608999999
2.2167,0.013712411034899959,-0.5880495608999999
2.216925,0.013124361473999958,-0.5978595608999999
2.2171499999999997,0.013124361473999958,-0.5978595608999999
2.217375,0.013124361473999958,-0.5978595608999999
2.2176,0.013124361473999958,-0.5978595608999999
2.217825,0.013124361473999958,-0.5978595608999999
2.21805,0.01252650191309996,-0.6076695608999999
2.2182749999999998,0.01252650191309996,-0.6076695608999999
2.2185,0.01252650191309996,-0.6076695608999999
2.218725,0.01252650191309996,-0.6076695608999999
2.21895,0.01191883235219996,-0.6174795608999999
2.219175,0.01191883235219996,-0.6174795608999999
2.2194,0.01191883235219996,-0.6174795608999999
2.2196249999999997,0.01191883235219996,-0.6174795608999999
2.21985,0.01191883235219996,-0.6174795608999999
2.220075,0.011301352791299958,-0.6272895608999999
2.2203,0.011301352791299958,-0.6272895608999999
2.220525,0.011301352791299958,-0.6272895608999999
2.22075,0.011301352791299958,-0.6272895608999999
2.220975,0.010674063230399959,-0.6370995608999999
2.2212,0.010674063230399959,-0.6370995608999999
2.221425,0.010674063230399959,-0.6370995608999999
2.22165,0.010674063230399959,-0.6370995608999999
2.221875,0.010674063230399959,-0.6370995608999999
2.2220999999999997,0.010036963669499958,-0.6469095608999998
2.222325,0.010036963669499958,-0.6469095608999998
2.22255,0.010036963669499958,-0.6469095608999998
2.222775,0.010036963669499958,-0.6469095608999998
2.223,0.009390054108599959,-0.6567195608999998
2.223225,0.009390054108599959,-0.6567195608999998
2.22345,0.009390054108599959,-0.6567195608999998
2.223675,0.009390054108599959,-0.6567195608999998
2.2239,0.008733334547699959,-0.6665295608999998
2.224125,0.008733334547699959,-0.6665295608999998
2.22435,0.008733334547699959,-0.6665295608999998
2.2245749999999997,0.008733334547699959,-0.6665295608999998
2.2248,0.008733334547699959,-0.6665295608999998
2.225025,0.00806680498679996,-0.6763395608999998
2.22525,0.00806680498679996,-0.6763395608999998
2.225475,0.00806680498679996,-0.6763395608999998
2.2257,0.00806680498679996,-0.6763395608999998
2.225925,0.00739046542589996,-0.6861495608999998
2.22615,0.00739046542589996,-0.6861495608999998
2.226375,0.00739046542589996,-0.6861495608999998
2.2266,0.00739046542589996,-0.6861495608999998
2.226825,0.00739046542589996,-0.6861495608999998
2.2270499999999998,0.00670431586499996,-0.6959595608999998
2.227275,0.00670431586499996,-0.6959595608999998
2.2275,0.00670431586499996,-0.6959595608999998
2.227725,0.00670431586499996,-0.6959595608999998
2.22795,0.006008356304099961,-0.7057695608999998
2.228175,0.006008356304099961,-0.7057695608999998
2.2284,0.006008356304099961,-0.7057695608999998
2.228625,0.006008356304099961,-0.7057695608999998
2.22885,0.006008356304099961,-0.7057695608999998
2.229075,0.005302586743199961,-0.7155795608999997
2.2293,0.005302586743199961,-0.7155795608999997
2.2295249999999998,0.005302586743199961,-0.7155795608999997
2.22975,0.005302586743199961,-0.7155795608999997
2.229975,0.004587007182299961,-0.7253895608999997
2.2302,0.004587007182299961,-0.7253895608999997
2.230425,0.004587007182299961,-0.7253895608999997
2.23065,0.004587007182299961,-0.7253895608999997
2.2308749999999997,0.004587007182299961,-0.7253895608999997
2.2311,0.0038616176213999613,-0.7351995608999997
2.231325,0.0038616176213999613,-0.7351995608999997
2.23155,0.0038616176213999613,-0.7351995608999997
2.231775,0.0038616176213999613,-0.7351995608999997
2.2319999999999998,0.0031264180604999615,-0.7450095608999997
2.232225,0.0031264180604999615,-0.7450095608999997
2.23245,0.0031264180604999615,-0.7450095608999997
2.232675,0.0031264180604999615,-0.7450095608999997
2.2329,0.002381408499599962,-0.7548195608999997
2.233125,0.002381408499599962,-0.7548195608999997
2.2333499999999997,0.002381408499599962,-0.7548195608999997
2.233575,0.002381408499599962,-0.7548195608999997
2.2338,0.002381408499599962,-0.7548195608999997
2.234025,0.0016265889386999622,-0.7646295608999997
2.23425,0.0016265889386999622,-0.7646295608999997
2.2344749999999998,0.0016265889386999622,-0.7646295608999997
2.2347,0.0016265889386999622,-0.7646295608999997
2.234925,0.0008619593777999625,-0.7744395608999997
2.23515,0.0008619593777999625,-0.7744395608999997
2.235375,0.0008619593777999625,-0.7744395608999997
2.2356,0.0008619593777999625,-0.7744395608999997
2.2358249999999997,0.0008619593777999625,-0.7744395608999997
2.23605,8.751981689996281e-05,-0.7842495608999996
2.236275,8.751981689996281e-05,-0.7842495608999996
2.2365,8.751981689996281e-05,-0.7842495608999996
2.236725,8.751981689996281e-05,-0.7842495608999996
2.2369499999999998,0.0,0.5558416926299997
2.237175,0.0,0.5558416926299997
2.2374,0.0,0.5558416926299997
2.237625,0.0,0.5558416926299997
2.23785,0.0,0.5558416926299997
2.238075,0.0005558416926299997,0.5460316926299997
2.2382999999999997,0.0005558416926299997,0.5460316926299997
2.238525,0.0005558416926299997,0.5460316926299997
2.23875,0.0005558416926299997,0.5460316926299997
2.238975,0.0011018733852599994,0.5362216926299997
2.2392,0.0011018733852599994,0.5362216926299997
2.2394249999999998,0.0011018733852599994,0.5362216926299997
2.23965,0.0011018733852599994,0.5362216926299997
2.239875,0.0011018733852599994,0.5362216926299997
2.2401,0.0016380950778899991,0.5264116926299998
2.240325,0.0016380950778899991,0.5264116926299998
2.24055,0.0016380950778899991,0.5264116926299998
2.2407749999999997,0.0016380950778899991,0.5264116926299998
2.241,0.002164506770519999,0.5166016926299998
2.241225,0.002164506770519999,0.5166016926299998
2.24145,0.002164506770519999,0.5166016926299998
2.241675,0.002164506770519999,0.5166016926299998
2.2419,0.002681108463149999,0.5067916926299998
2.242125,0.002681108463149999,0.5067916926299998
2.24235,0.002681108463149999,0.5067916926299998
2.242575,0.002681108463149999,0.5067916926299998
2.2428,0.002681108463149999,0.5067916926299998
2.243025,0.0031879001557799987,0.4969816926299998
2.2432499999999997,0.0031879001557799987,0.4969816926299998
2.243475,0.0031879001557799987,0.4969816926299998
2.2437,0.0031879001557799987,0.4969816926299998
2.243925,0.0036848818484099986,0.4871716926299998
2.24415,0.0036848818484099986,0.4871716926299998
2.244375,0.0036848818484099986,0.4871716926299998
2.2446,0.0036848818484099986,0.4871716926299998
2.244825,0.0036848818484099986,0.4871716926299998
2.24505,0.004172053541039999,0.47736169262999983
2.245275,0.004172053541039999,0.47736169262999983
2.2455,0.004172053541039999,0.47736169262999983
2.2457249999999997,0.004172053541039999,0.47736169262999983
2.24595,0.004649415233669999,0.46755169262999985
2.246175,0.004649415233669999,0.46755169262999985
2.2464,0.004649415233669999,0.46755169262999985
2.246625,0.004649415233669999,0.46755169262999985
2.24685,0.004649415233669999,0.46755169262999985
2.247075,0.005116966926299999,0.45774169262999986
2.2473,0.005116966926299999,0.45774169262999986
2.247525,0.005116966926299999,0.45774169262999986
2.24775,0.005116966926299999,0.45774169262999986
2.247975,0.005574708618929999,0.4479316926299999
2.2481999999999998,0.005574708618929999,0.4479316926299999
2.248425,0.005574708618929999,0.4479316926299999
2.24865,0.005574708618929999,0.4479316926299999
2.248875,0.005574708618929999,0.4479316926299999
2.2491,0.006022640311559998,0.4381216926299999
2.249325,0.006022640311559998,0.4381216926299999
2.2495499999999997,0.006022640311559998,0.4381216926299999
2.249775,0.006022640311559998,0.4381216926299999
2.25,0.006460762004189998,0.4283116926299999
2.250225,0.006460762004189998,0.4283116926299999
2.25045,0.006460762004189998,0.4283116926299999
2.2506749999999998,0.006460762004189998,0.4283116926299999
2.2509,0.006889073696819998,0.4185016926299999
2.251125,0.006889073696819998,0.4185016926299999
2.25135,0.006889073696819998,0.4185016926299999
2.251575,0.006889073696819998,0.4185016926299999
2.2518,0.006889073696819998,0.4185016926299999
2.2520249999999997,0.0073075753894499985,0.40869169262999994
2.25225,0.0073075753894499985,0.40869169262999994
2.252475,0.0073075753894499985,0.40869169262999994
2.2527,0.0073075753894499985,0.40869169262999994
2.252925,0.007716267082079999,0.39888169262999995
2.2531499999999998,0.007716267082079999,0.39888169262999995
2.253375,0.007716267082079999,0.39888169262999995
2.2536,0.007716267082079999,0.39888169262999995
2.253825,0.007716267082079999,0.39888169262999995
2.25405,0.008115148774709998,0.38907169262999997
2.254275,0.008115148774709998,0.38907169262999997
2.2544999999999997,0.008115148774709998,0.38907169262999997
2.254725,0.008115148774709998,0.38907169262999997
2.25495,0.008504220467339998,0.37926169263
2.255175,0.008504220467339998,0.37926169263
2.2554,0.008504220467339998,0.37926169263
2.2556249999999998,0.008504220467339998,0.37926169263
2.25585,0.008504220467339998,0.37926169263
2.256075,0.008883482159969999,0.36945169263
2.2563,0.008883482159969999,0.36945169263
2.256525,0.008883482159969999,0.36945169263
2.25675,0.008883482159969999,0.36945169263
2.2569749999999997,0.009252933852599999,0.35964169263
2.2572,0.009252933852599999,0.35964169263
2.257425,0.009252933852599999,0.35964169263
2.25765,0.009252933852599999,0.35964169263
2.257875,0.009252933852599999,0.35964169263
2.2580999999999998,0.009612575545229998,0.34983169263
2.258325,0.009612575545229998,0.34983169263
2.25855,0.009612575545229998,0.34983169263
2.258775,0.009612575545229998,0.34983169263
2.259,0.009962407237859999,0.34002169263000004
2.259225,0.009962407237859999,0.34002169263000004
2.2594499999999997,0.009962407237859999,0.34002169263000004
2.259675,0.009962407237859999,0.34002169263000004
2.2599,0.010302428930489998,0.33021169263000005
2.260125,0.010302428930489998,0.33021169263000005
2.26035,0.010302428930489998,0.33021169263000005
2.260575,0.010302428930489998,0.33021169263000005
2.2608,0.010302428930489998,0.33021169263000005
2.261025,0.010632640623119999,0.32040169263000007
2.26125,0.010632640623119999,0.32040169263000007
2.261475,0.010632640623119999,0.32040169263000007
2.2617,0.010632640623119999,0.32040169263000007
2.2619249999999997,0.010953042315749999,0.3105916926300001
2.26215,0.010953042315749999,0.3105916926300001
2.262375,0.010953042315749999,0.3105916926300001
2.2626,0.010953042315749999,0.3105916926300001
2.262825,0.010953042315749999,0.3105916926300001
2.26305,0.01126363400838,0.3007816926300001
2.263275,0.01126363400838,0.3007816926300001
2.2635,0.01126363400838,0.3007816926300001
2.263725,0.01126363400838,0.3007816926300001
2.26395,0.01156441570101,0.2909716926300001
2.264175,0.01156441570101,0.2909716926300001
2.2643999999999997,0.01156441570101,0.2909716926300001
2.264625,0.01156441570101,0.2909716926300001
2.26485,0.01156441570101,0.2909716926300001
2.265075,0.01185538739364,0.2811616926300001
2.2653,0.01185538739364,0.2811616926300001
2.265525,0.01185538739364,0.2811616926300001
2.26575,0.01185538739364,0.2811616926300001
2.265975,0.01213654908627,0.27135169263000014
2.2662,0.01213654908627,0.27135169263000014
2.266425,0.01213654908627,0.27135169263000014
2.26665,0.01213654908627,0.27135169263000014
2.2668749999999998,0.01213654908627,0.27135169263000014
2.2671,0.0124079007789,0.26154169263000016
2.267325,0.0124079007789,0.26154169263000016
2.26755,0.0124079007789,0.26154169263000016
2.267775,0.0124079007789,0.26154169263000016
2.268,0.01266944247153,0.25173169263000017
2.268225,0.01266944247153,0.25173169263000017
2.26845,0.01266944247153,0.25173169263000017
2.268675,0.01266944247153,0.25173169263000017
2.2689,0.01292117416416,0.24192169263000016
2.269125,0.01292117416416,0.24192169263000016
2.2693499999999998,0.01292117416416,0.24192169263000016
2.269575,0.01292117416416,0.24192169263000016
2.2698,0.01292117416416,0.24192169263000016
2.270025,0.01316309585679,0.23211169263000014
2.27025,0.01316309585679,0.23211169263000014
2.270475,0.01316309585679,0.23211169263000014
2.2706999999999997,0.01316309585679,0.23211169263000014
2.270925,0.01339520754942,0.22230169263000013
2.27115,0.01339520754942,0.22230169263000013
2.271375,0.01339520754942,0.22230169263000013
2.2716,0.01339520754942,0.22230169263000013
2.2718249999999998,0.01339520754942,0.22230169263000013
2.27205,0.01361750924205,0.21249169263000012
2.272275,0.01361750924205,0.21249169263000012
2.2725,0.01361750924205,0.21249169263000012
2.272725,0.01361750924205,0.21249169263000012
2.27295,0.01383000093468,0.2026816926300001
2.2731749999999997,0.01383000093468,0.2026816926300001
2.2734,0.01383000093468,0.2026816926300001
2.273625,0.01383000093468,0.2026816926300001
2.27385,0.01383000093468,0.2026816926300001
2.274075,0.01403268262731,0.1928716926300001
2.2742999999999998,0.01403268262731,0.1928716926300001
2.274525,0.01403268262731,0.1928716926300001
2.27475,0.01403268262731,0.1928716926300001
2.274975,0.014225554319940001,0.18306169263000008
2.2752,0.014225554319940001,0.18306169263000008
2.275425,0.014225554319940001,0.18306169263000008
2.2756499999999997,0.014225554319940001,0.18306169263000008
2.275875,0.014225554319940001,0.18306169263000008
2.2761,0.014408616012570001,0.17325169263000006
2.276325,0.014408616012570001,0.17325169263000006
2.27655,0.014408616012570001,0.17325169263000006
2.2767749999999998,0.014408616012570001,0.17325169263000006
2.277,0.014581867705200001,0.16344169263000005
2.277225,0.014581867705200001,0.16344169263000005
2.27745,0.014581867705200001,0.16344169263000005
2.277675,0.014581867705200001,0.16344169263000005
2.2779,0.014745309397830001,0.15363169263000004
2.2781249999999997,0.014745309397830001,0.15363169263000004
2.27835,0.014745309397830001,0.15363169263000004
2.278575,0.014745309397830001,0.15363169263000004
2.2788,0.014745309397830001,0.15363169263000004
2.279025,0.014898941090460001,0.14382169263000003
2.2792499999999998,0.014898941090460001,0.14382169263000003
2.279475,0.014898941090460001,0.14382169263000003
2.2797,0.014898941090460001,0.14382169263000003
2.279925,0.015042762783090002,0.13401169263
2.28015,0.015042762783090002,0.13401169263
2.280375,0.015042762783090002,0.13401169263
2.2805999999999997,0.015042762783090002,0.13401169263
2.280825,0.015042762783090002,0.13401169263
2.28105,0.015176774475720002,0.12420169263000001
2.281275,0.015176774475720002,0.12420169263000001
2.2815,0.015176774475720002,0.12420169263000001
2.281725,0.015176774475720002,0.12420169263000001
2.28195,0.015300976168350001,0.11439169263000001
2.282175,0.015300976168350001,0.11439169263000001
2.2824,0.015300976168350001,0.11439169263000001
2.282625,0.015300976168350001,0.11439169263000001
2.28285,0.015300976168350001,0.11439169263000001
2.2830749999999997,0.015415367860980002,0.10458169263000001
2.2833,0.015415367860980002,0.10458169263000001
2.283525,0.015415367860980002,0.10458169263000001
2.28375,0.015415367860980002,0.10458169263000001
2.283975,0.015519949553610001,0.09477169263000002
2.2842,0.015519949553610001,0.09477169263000002
2.284425,0.015519949553610001,0.09477169263000002
2.28465,0.015519949553610001,0.09477169263000002
2.284875,0.015519949553610001,0.09477169263000002
2.2851,0.015614721246240002,0.08496169263000002
2.285325,0.015614721246240002,0.08496169263000002
2.2855499999999997,0.015614721246240002,0.08496169263000002
2.285775,0.015614721246240002,0.08496169263000002
2.286,0.015699682938870002,0.07515169263000002
2.286225,0.015699682938870002,0.07515169263000002
2.28645,0.015699682938870002,0.07515169263000002
2.286675,0.015699682938870002,0.07515169263000002
2.2869,0.015774834631500003,0.06534169263000002
2.287125,0.015774834631500003,0.06534169263000002
2.28735,0.015774834631500003,0.06534169263000002
2.287575,0.015774834631500003,0.06534169263000002
2.2878,0.015774834631500003,0.06534169263000002
2.2880249999999998,0.01584017632413,0.05553169263000002
2.28825,0.01584017632413,0.05553169263000002
2.288475,0.01584017632413,0.05553169263000002
2.2887,0.01584017632413,0.05553169263000002
2.288925,0.01589570801676,0.04572169263000002
2.28915,0.01589570801676,0.04572169263000002
2.2893749999999997,0.01589570801676,0.04572169263000002
2.2896,0.01589570801676,0.04572169263000002
2.289825,0.01589570801676,0.04572169263000002
2.29005,0.01594142970939,0.03591169263000002
2.290275,0.01594142970939,0.03591169263000002
2.2904999999999998,0.01594142970939,0.03591169263000002
2.290725,0.01594142970939,0.03591169263000002
2.29095,0.015977341402020003,0.02610169263000002
2.291175,0.015977341402020003,0.02610169263000002
2.2914,0.015977341402020003,0.02610169263000002
2.291625,0.015977341402020003,0.02610169263000002
2.2918499999999997,0.015977341402020003,0.02610169263000002
2.292075,0.016003443094650002,0.01629169263000002
2.2923,0.016003443094650002,0.01629169263000002
2.292525,0.016003443094650002,0.01629169263000002
2.29275,0.016003443094650002,0.01629169263000002
2.2929749999999998,0.016019734787280002,0.00648169263000002
2.2932,0.016019734787280002,0.00648169263000002
2.293425,0.016019734787280002,0.00648169263000002
2.29365,0.016019734787280002,0.00648169263000002
2.293875,0.016019734787280002,0.00648169263000002
2.2941,0.016026216479910003,-0.003328307369999981
2.2943249999999997,0.016026216479910003,-0.003328307369999981
2.29455,0.016026216479910003,-0.003328307369999981
2.294775,0.016026216479910003,-0.003328307369999981
2.295,0.016022888172540002,-0.013138307369999982
2.295225,0.016022888172540002,-0.013138307369999982
2.2954499999999998,0.016022888172540002,-0.013138307369999982
2.295675,0.016022888172540002,-0.013138307369999982
2.2959,0.016009749865170002,-0.022948307369999983
2.296125,0.016009749865170002,-0.022948307369999983
2.29635,0.016009749865170002,-0.022948307369999983
2.296575,0.016009749865170002,-0.022948307369999983
2.2967999999999997,0.016009749865170002,-0.022948307369999983
2.297025,0.015986801557800003,-0.03275830736999998
2.29725,0.015986801557800003,-0.03275830736999998
2.297475,0.015986801557800003,-0.03275830736999998
2.2977,0.015986801557800003,-0.03275830736999998
2.2979249999999998,0.015954043250430004,-0.04256830736999998
2.29815,0.015954043250430004,-0.04256830736999998
2.298375,0.015954043250430004,-0.04256830736999998
2.2986,0.015954043250430004,-0.04256830736999998
2.298825,0.015954043250430004,-0.04256830736999998
2.29905,0.015911474943060003,-0.05237830736999998
2.2992749999999997,0.015911474943060003,-0.05237830736999998
2.2995,0.015911474943060003,-0.05237830736999998
2.299725,0.015911474943060003,-0.05237830736999998
2.29995,0.015859096635690004,-0.06218830736999998
2.300175,0.015859096635690004,-0.06218830736999998
2.3004,0.015859096635690004,-0.06218830736999998
2.300625,0.015859096635690004,-0.06218830736999998
2.30085,0.015859096635690004,-0.06218830736999998
2.301075,0.015796908328320005,-0.07199830736999999
2.3013,0.015796908328320005,-0.07199830736999999
2.301525,0.015796908328320005,-0.07199830736999999
2.3017499999999997,0.015796908328320005,-0.07199830736999999
2.301975,0.015724910020950004,-0.08180830736999999
2.3022,0.015724910020950004,-0.08180830736999999
2.302425,0.015724910020950004,-0.08180830736999999
2.30265,0.015724910020950004,-0.08180830736999999
2.302875,0.015724910020950004,-0.08180830736999999
2.3031,0.015643101713580004,-0.09161830736999999
2.303325,0.015643101713580004,-0.09161830736999999
2.30355,0.015643101713580004,-0.09161830736999999
2.303775,0.015643101713580004,-0.09161830736999999
2.304,0.015551483406210004,-0.10142830736999998
2.3042249999999997,0.015551483406210004,-0.10142830736999998
2.30445,0.015551483406210004,-0.10142830736999998
2.304675,0.015551483406210004,-0.10142830736999998
2.3049,0.015450055098840005,-0.11123830736999998
2.305125,0.015450055098840005,-0.11123830736999998
2.30535,0.015450055098840005,-0.11123830736999998
2.305575,0.015450055098840005,-0.11123830736999998
2.3058,0.015450055098840005,-0.11123830736999998
2.306025,0.015338816791470004,-0.12104830736999998
2.30625,0.015338816791470004,-0.12104830736999998
2.306475,0.015338816791470004,-0.12104830736999998
2.3066999999999998,0.015338816791470004,-0.12104830736999998
2.306925,0.015217768484100004,-0.13085830736999998
2.30715,0.015217768484100004,-0.13085830736999998
2.307375,0.015217768484100004,-0.13085830736999998
2.3076,0.015217768484100004,-0.13085830736999998
2.307825,0.015217768484100004,-0.13085830736999998
2.30805,0.015086910176730004,-0.14066830737
2.308275,0.015086910176730004,-0.14066830737
2.3085,0.015086910176730004,-0.14066830737
2.308725,0.015086910176730004,-0.14066830737
2.30895,0.014946241869360005,-0.15047830737
2.3091749999999998,0.014946241869360005,-0.15047830737
2.3094,0.014946241869360005,-0.15047830737
2.309625,0.014946241869360005,-0.15047830737
2.30985,0.014946241869360005,-0.15047830737
2.310075,0.014795763561990005,-0.16028830737000002
2.3103,0.014795763561990005,-0.16028830737000002
2.3105249999999997,0.014795763561990005,-0.16028830737000002
2.31075,0.014795763561990005,-0.16028830737000002
2.310975,0.014635475254620004,-0.17009830737000003
2.3112,0.014635475254620004,-0.17009830737000003
2.311425,0.014635475254620004,-0.17009830737000003
2.3116499999999998,0.014635475254620004,-0.17009830737000003
2.311875,0.014635475254620004,-0.17009830737000003
2.3121,0.014465376947250004,-0.17990830737000005
2.312325,0.014465376947250004,-0.17990830737000005
2.31255,0.014465376947250004,-0.17990830737000005
2.312775,0.014465376947250004,-0.17990830737000005
2.3129999999999997,0.014285468639880004,-0.18971830737000006
2.313225,0.014285468639880004,-0.18971830737000006
2.31345,0.014285468639880004,-0.18971830737000006
2.313675,0.014285468639880004,-0.18971830737000006
2.3139,0.014095750332510005,-0.19952830737000007
2.3141249999999998,0.014095750332510005,-0.19952830737000007
2.31435,0.014095750332510005,-0.19952830737000007
2.314575,0.014095750332510005,-0.19952830737000007
2.3148,0.014095750332510005,-0.19952830737000007
2.315025,0.013896222025140004,-0.2093383073700001
2.31525,0.013896222025140004,-0.2093383073700001
2.3154749999999997,0.013896222025140004,-0.2093383073700001
2.3157,0.013896222025140004,-0.2093383073700001
2.315925,0.013686883717770004,-0.2191483073700001
2.31615,0.013686883717770004,-0.2191483073700001
2.316375,0.013686883717770004,-0.2191483073700001
2.3165999999999998,0.013686883717770004,-0.2191483073700001
2.316825,0.013686883717770004,-0.2191483073700001
2.31705,0.013467735410400004,-0.2289583073700001
2.317275,0.013467735410400004,-0.2289583073700001
2.3175,0.013467735410400004,-0.2289583073700001
2.317725,0.013467735410400004,-0.2289583073700001
2.3179499999999997,0.013238777103030003,-0.23876830737000013
2.318175,0.013238777103030003,-0.23876830737000013
2.3184,0.013238777103030003,-0.23876830737000013
2.318625,0.013238777103030003,-0.23876830737000013
2.31885,0.013238777103030003,-0.23876830737000013
2.3190749999999998,0.013000008795660004,-0.24857830737000014
2.3193,0.013000008795660004,-0.24857830737000014
2.319525,0.013000008795660004,-0.24857830737000014
2.31975,0.013000008795660004,-0.24857830737000014
2.319975,0.012751430488290003,-0.2583883073700001
2.3202,0.012751430488290003,-0.2583883073700001
2.3204249999999997,0.012751430488290003,-0.2583883073700001
2.32065,0.012751430488290003,-0.2583883073700001
2.320875,0.012751430488290003,-0.2583883073700001
2.3211,0.012493042180920004,-0.2681983073700001
2.321325,0.012493042180920004,-0.2681983073700001
2.32155,0.012493042180920004,-0.2681983073700001
2.321775,0.012493042180920004,-0.2681983073700001
2.322,0.012224843873550004,-0.2780083073700001
2.322225,0.012224843873550004,-0.2780083073700001
2.32245,0.012224843873550004,-0.2780083073700001
2.322675,0.012224843873550004,-0.2780083073700001
2.3228999999999997,0.011946835566180003,-0.2878183073700001
2.323125,0.011946835566180003,-0.2878183073700001
2.32335,0.011946835566180003,-0.2878183073700001
2.323575,0.011946835566180003,-0.2878183073700001
2.3238,0.011946835566180003,-0.2878183073700001
2.324025,0.011659017258810004,-0.29762830737000007
2.32425,0.011659017258810004,-0.29762830737000007
2.324475,0.011659017258810004,-0.29762830737000007
2.3247,0.011659017258810004,-0.29762830737000007
2.324925,0.011361388951440003,-0.30743830737000005
2.32515,0.011361388951440003,-0.30743830737000005
2.3253749999999997,0.011361388951440003,-0.30743830737000005
2.3256,0.011361388951440003,-0.30743830737000005
2.325825,0.011361388951440003,-0.30743830737000005
2.32605,0.011053950644070004,-0.31724830737000004
2.326275,0.011053950644070004,-0.31724830737000004
2.3265,0.011053950644070004,-0.31724830737000004
2.326725,0.011053950644070004,-0.31724830737000004
2.32695,0.010736702336700004,-0.32705830737
2.327175,0.010736702336700004,-0.32705830737
2.3274,0.010736702336700004,-0.32705830737
2.327625,0.010736702336700004,-0.32705830737
2.3278499999999998,0.010736702336700004,-0.32705830737
2.328075,0.010409644029330003,-0.33686830737
2.3283,0.010409644029330003,-0.33686830737
2.328525,0.010409644029330003,-0.33686830737
2.32875,0.010409644029330003,-0.33686830737
2.328975,0.010072775721960003,-0.34667830737
2.3291999999999997,0.010072775721960003,-0.34667830737
2.329425,0.010072775721960003,-0.34667830737
2.32965,0.010072775721960003,-0.34667830737
2.329875,0.010072775721960003,-0.34667830737
2.3301,0.009726097414590002,-0.35648830737
2.3303249999999998,0.009726097414590002,-0.35648830737
2.33055,0.009726097414590002,-0.35648830737
2.330775,0.009726097414590002,-0.35648830737
2.331,0.009369609107220003,-0.36629830736999996
2.331225,0.009369609107220003,-0.36629830736999996
2.33145,0.009369609107220003,-0.36629830736999996
2.3316749999999997,0.009369609107220003,-0.36629830736999996
2.3319,0.009003310799850003,-0.37610830736999995
2.332125,0.009003310799850003,-0.37610830736999995
2.33235,0.009003310799850003,-0.37610830736999995
2.332575,0.009003310799850003,-0.37610830736999995
2.3327999999999998,0.009003310799850003,-0.37610830736999995
2.333025,0.008627202492480003,-0.38591830736999994
2.33325,0.008627202492480003,-0.38591830736999994
2.333475,0.008627202492480003,-0.38591830736999994
2.3337,0.008627202492480003,-0.38591830736999994
2.333925,0.008241284185110003,-0.3957283073699999
2.3341499999999997,0.008241284185110003,-0.3957283073699999
2.334375,0.008241284185110003,-0.3957283073699999
2.3346,0.008241284185110003,-0.3957283073699999
2.334825,0.008241284185110003,-0.3957283073699999
2.33505,0.007845555877740003,-0.4055383073699999
2.3352749999999998,0.007845555877740003,-0.4055383073699999
2.3355,0.007845555877740003,-0.4055383073699999
2.335725,0.007845555877740003,-0.4055383073699999
2.33595,0.007440017570370003,-0.4153483073699999
2.336175,0.007440017570370003,-0.4153483073699999
2.3364,0.007440017570370003,-0.4153483073699999
2.3366249999999997,0.007440017570370003,-0.4153483073699999
2.33685,0.007440017570370003,-0.4153483073699999
2.337075,0.007024669263000004,-0.4251583073699999
2.3373,0.007024669263000004,-0.4251583073699999
2.337525,0.007024669263000004,-0.4251583073699999
2.3377499999999998,0.007024669263000004,-0.4251583073699999
2.337975,0.006599510955630003,-0.43496830736999986
2.3382,0.006599510955630003,-0.43496830736999986
2.338425,0.006599510955630003,-0.43496830736999986
2.33865,0.006599510955630003,-0.43496830736999986
2.338875,0.006599510955630003,-0.43496830736999986
2.3390999999999997,0.006164542648260003,-0.44477830736999985
2.339325,0.006164542648260003,-0.44477830736999985
2.33955,0.006164542648260003,-0.44477830736999985
2.339775,0.006164542648260003,-0.44477830736999985
2.34,0.005719764340890003,-0.45458830736999983
2.3402249999999998,0.005719764340890003,-0.45458830736999983
2.34045,0.005719764340890003,-0.45458830736999983
2.340675,0.005719764340890003,-0.45458830736999983
2.3409,0.0052651760335200035,-0.4643983073699998
2.341125,0.0052651760335200035,-0.4643983073699998
2.34135,0.0052651760335200035,-0.4643983073699998
2.3415749999999997,0.0052651760335200035,-0.4643983073699998
2.3418,0.0052651760335200035,-0.4643983073699998
2.342025,0.004800777726150004,-0.4742083073699998
2.34225,0.004800777726150004,-0.4742083073699998
2.342475,0.004800777726150004,-0.4742083073699998
2.3427,0.004800777726150004,-0.4742083073699998
2.342925,0.004326569418780004,-0.4840183073699998
2.34315,0.004326569418780004,-0.4840183073699998
2.343375,0.004326569418780004,-0.4840183073699998
2.3436,0.004326569418780004,-0.4840183073699998
2.343825,0.004326569418780004,-0.4840183073699998
2.3440499999999997,0.0038425511114100045,-0.4938283073699998
2.344275,0.0038425511114100045,-0.4938283073699998
2.3445,0.0038425511114100045,-0.4938283073699998
2.344725,0.0038425511114100045,-0.4938283073699998
2.34495,0.003348722804040005,-0.5036383073699998
2.345175,0.003348722804040005,-0.5036383073699998
2.3454,0.003348722804040005,-0.5036383073699998
2.345625,0.003348722804040005,-0.5036383073699998
2.34585,0.003348722804040005,-0.5036383073699998
2.346075,0.002845084496670005,-0.5134483073699998
2.3463,0.002845084496670005,-0.5134483073699998
2.3465249999999997,0.002845084496670005,-0.5134483073699998
2.34675,0.002845084496670005,-0.5134483073699998
2.346975,0.002331636189300005,-0.5232583073699998
2.3472,0.002331636189300005,-0.5232583073699998
2.347425,0.002331636189300005,-0.5232583073699998
2.34765,0.002331636189300005,-0.5232583073699998
2.347875,0.002331636189300005,-0.5232583073699998
2.3481,0.0018083778819300055,-0.5330683073699998
2.348325,0.0018083778819300055,-0.5330683073699998
2.34855,0.0018083778819300055,-0.5330683073699998
2.348775,0.0018083778819300055,-0.5330683073699998
2.3489999999999998,0.0012753095745600056,-0.5428783073699998
2.349225,0.0012753095745600056,-0.5428783073699998
2.34945,0.0012753095745600056,-0.5428783073699998
2.349675,0.0012753095745600056,-0.5428783073699998
2.3499,0.0007324312671900058,-0.5526883073699997
2.350125,0.0007324312671900058,-0.5526883073699997
2.3503499999999997,0.0007324312671900058,-0.5526883073699997
2.350575,0.0007324312671900058,-0.5526883073699997
2.3508,0.0007324312671900058,-0.5526883073699997
2.351025,0.00017974295982000601,-0.5624983073699997
2.35125,0.00017974295982000601,-0.5624983073699997
2.3514749999999998,0.00017974295982000601,-0.5624983073699997
2.3517,0.00017974295982000601,-0.5624983073699997
2.351925,0.0,0.4006158151589998
2.35215,0.0,0.4006158151589998
2.352375,0.0,0.4006158151589998
2.3526,0.0,0.4006158151589998
2.3528249999999997,0.0,0.4006158151589998
2.35305,0.0004006158151589998,0.3908058151589998
2.353275,0.0004006158151589998,0.3908058151589998
2.3535,0.0004006158151589998,0.3908058151589998
2.353725,0.0004006158151589998,0.3908058151589998
2.3539499999999998,0.0007914216303179997,0.38099581515899983
2.354175,0.0007914216303179997,0.38099581515899983
2.3544,0.0007914216303179997,0.38099581515899983
2.354625,0.0007914216303179997,0.38099581515899983
2.35485,0.0007914216303179997,0.38099581515899983
2.355075,0.0011724174454769995,0.37118581515899984
2.3552999999999997,0.0011724174454769995,0.37118581515899984
2.355525,0.0011724174454769995,0.37118581515899984
2.35575,0.0011724174454769995,0.37118581515899984
2.355975,0.0015436032606359995,0.36137581515899986
2.3562,0.0015436032606359995,0.36137581515899986
2.3564249999999998,0.0015436032606359995,0.36137581515899986
2.35665,0.0015436032606359995,0.36137581515899986
2.356875,0.0015436032606359995,0.36137581515899986
2.3571,0.0019049790757949994,0.3515658151589999
2.357325,0.0019049790757949994,0.3515658151589999
2.35755,0.0019049790757949994,0.3515658151589999
2.3577749999999997,0.0019049790757949994,0.3515658151589999
2.358,0.0022565448909539995,0.3417558151589999
2.358225,0.0022565448909539995,0.3417558151589999
2.35845,0.0022565448909539995,0.3417558151589999
2.358675,0.0022565448909539995,0.3417558151589999
2.3588999999999998,0.0025983007061129992,0.3319458151589999
2.359125,0.0025983007061129992,0.3319458151589999
2.35935,0.0025983007061129992,0.3319458151589999
2.359575,0.0025983007061129992,0.3319458151589999
2.3598,0.0025983007061129992,0.3319458151589999
2.360025,0.002930246521271999,0.3221358151589999
2.3602499999999997,0.002930246521271999,0.3221358151589999
2.360475,0.002930246521271999,0.3221358151589999
2.3607,0.002930246521271999,0.3221358151589999
2.360925,0.0032523823364309992,0.31232581515899993
2.36115,0.0032523823364309992,0.31232581515899993
2.361375,0.0032523823364309992,0.31232581515899993
2.3616,0.0032523823364309992,0.31232581515899993
2.361825,0.0032523823364309992,0.31232581515899993
2.36205,0.003564708151589999,0.30251581515899995
2.362275,0.003564708151589999,0.30251581515899995
2.3625,0.003564708151589999,0.30251581515899995
2.3627249999999997,0.003564708151589999,0.30251581515899995
2.36295,0.003867223966748999,0.29270581515899996
2.363175,0.003867223966748999,0.29270581515899996
2.3634,0.003867223966748999,0.29270581515899996
2.363625,0.003867223966748999,0.29270581515899996
2.36385,0.003867223966748999,0.29270581515899996
2.364075,0.004159929781907999,0.282895815159
2.3643,0.004159929781907999,0.282895815159
2.364525,0.004159929781907999,0.282895815159
2.36475,0.004159929781907999,0.282895815159
2.364975,0.004442825597066999,0.273085815159
2.3651999999999997,0.004442825597066999,0.273085815159
2.365425,0.004442825597066999,0.273085815159
2.36565,0.004442825597066999,0.273085815159
2.365875,0.004442825597066999,0.273085815159
2.3661,0.004715911412226,0.263275815159
2.366325,0.004715911412226,0.263275815159
2.36655,0.004715911412226,0.263275815159
2.366775,0.004715911412226,0.263275815159
2.367,0.004979187227384999,0.253465815159
2.367225,0.004979187227384999,0.253465815159
2.36745,0.004979187227384999,0.253465815159
2.3676749999999998,0.004979187227384999,0.253465815159
2.3679,0.005232653042543999,0.243655815159
2.368125,0.005232653042543999,0.243655815159
2.36835,0.005232653042543999,0.243655815159
2.368575,0.005232653042543999,0.243655815159
2.3688,0.005232653042543999,0.243655815159
2.3690249999999997,0.005476308857702999,0.233845815159
2.36925,0.005476308857702999,0.233845815159
2.369475,0.005476308857702999,0.233845815159
2.3697,0.005476308857702999,0.233845815159
2.369925,0.005710154672861999,0.22403581515899998
2.3701499999999998,0.005710154672861999,0.22403581515899998
2.370375,0.005710154672861999,0.22403581515899998
2.3706,0.005710154672861999,0.22403581515899998
2.370825,0.005710154672861999,0.22403581515899998
2.37105,0.005934190488020999,0.21422581515899997
2.371275,0.005934190488020999,0.21422581515899997
2.3714999999999997,0.005934190488020999,0.21422581515899997
2.371725,0.005934190488020999,0.21422581515899997
2.37195,0.00614841630318,0.20441581515899995
2.372175,0.00614841630318,0.20441581515899995
2.3724,0.00614841630318,0.20441581515899995
2.3726249999999998,0.00614841630318,0.20441581515899995
2.37285,0.00614841630318,0.20441581515899995
2.373075,0.006352832118338999,0.19460581515899994
2.3733,0.006352832118338999,0.19460581515899994
2.373525,0.006352832118338999,0.19460581515899994
2.37375,0.006352832118338999,0.19460581515899994
2.3739749999999997,0.006547437933497999,0.18479581515899993
2.3742,0.006547437933497999,0.18479581515899993
2.374425,0.006547437933497999,0.18479581515899993
2.37465,0.006547437933497999,0.18479581515899993
2.374875,0.006547437933497999,0.18479581515899993
2.3750999999999998,0.006732233748656999,0.1749858151589999
2.375325,0.006732233748656999,0.1749858151589999
2.37555,0.006732233748656999,0.1749858151589999
2.375775,0.006732233748656999,0.1749858151589999
2.376,0.006907219563815999,0.1651758151589999
2.376225,0.006907219563815999,0.1651758151589999
2.3764499999999997,0.006907219563815999,0.1651758151589999
2.376675,0.006907219563815999,0.1651758151589999
2.3769,0.007072395378974999,0.1553658151589999
2.377125,0.007072395378974999,0.1553658151589999
2.37735,0.007072395378974999,0.1553658151589999
2.3775749999999998,0.007072395378974999,0.1553658151589999
2.3778,0.007072395378974999,0.1553658151589999
2.378025,0.007227761194133999,0.14555581515899987
2.37825,0.007227761194133999,0.14555581515899987
2.378475,0.007227761194133999,0.14555581515899987
2.3787,0.007227761194133999,0.14555581515899987
2.3789249999999997,0.0073733170092929986,0.13574581515899986
2.37915,0.0073733170092929986,0.13574581515899986
2.379375,0.0073733170092929986,0.13574581515899986
2.3796,0.0073733170092929986,0.13574581515899986
2.379825,0.0073733170092929986,0.13574581515899986
2.3800499999999998,0.007509062824451998,0.12593581515899985
2.380275,0.007509062824451998,0.12593581515899985
2.3805,0.007509062824451998,0.12593581515899985
2.380725,0.007509062824451998,0.12593581515899985
2.38095,0.007634998639610998,0.11612581515899985
2.381175,0.007634998639610998,0.11612581515899985
2.3813999999999997,0.007634998639610998,0.11612581515899985
2.381625,0.007634998639610998,0.11612581515899985
2.38185,0.007634998639610998,0.11612581515899985
2.382075,0.007751124454769998,0.10631581515899985
2.3823,0.007751124454769998,0.10631581515899985
2.382525,0.007751124454769998,0.10631581515899985
2.38275,0.007751124454769998,0.10631581515899985
2.382975,0.007857440269928998,0.09650581515899985
2.3832,0.007857440269928998,0.09650581515899985
2.383425,0.007857440269928998,0.09650581515899985
2.38365,0.007857440269928998,0.09650581515899985
2.3838749999999997,0.007857440269928998,0.09650581515899985
2.3841,0.007953946085087997,0.08669581515899985
2.384325,0.007953946085087997,0.08669581515899985
2.38455,0.007953946085087997,0.08669581515899985
2.384775,0.007953946085087997,0.08669581515899985
2.385,0.008040641900246998,0.07688581515899985
2.385225,0.008040641900246998,0.07688581515899985
2.38545,0.008040641900246998,0.07688581515899985
2.385675,0.008040641900246998,0.07688581515899985
2.3859,0.008117527715405998,0.06707581515899985
2.386125,0.008117527715405998,0.06707581515899985
2.3863499999999997,0.008117527715405998,0.06707581515899985
2.386575,0.008117527715405998,0.06707581515899985
2.3868,0.008117527715405998,0.06707581515899985
2.387025,0.008184603530564997,0.05726581515899985
2.38725,0.008184603530564997,0.05726581515899985
2.387475,0.008184603530564997,0.05726581515899985
2.3877,0.008184603530564997,0.05726581515899985
2.387925,0.008241869345723997,0.04745581515899985
2.38815,0.008241869345723997,0.04745581515899985
2.388375,0.008241869345723997,0.04745581515899985
2.3886,0.008241869345723997,0.04745581515899985
2.3888249999999998,0.008241869345723997,0.04745581515899985
2.38905,0.008289325160882996,0.037645815158999854
2.389275,0.008289325160882996,0.037645815158999854
2.3895,0.008289325160882996,0.037645815158999854
2.389725,0.008289325160882996,0.037645815158999854
2.38995,0.008326970976041997,0.027835815158999855
2.3901749999999997,0.008326970976041997,0.027835815158999855
2.3904,0.008326970976041997,0.027835815158999855
2.390625,0.008326970976041997,0.027835815158999855
2.39085,0.008326970976041997,0.027835815158999855
2.391075,0.008354806791200996,0.018025815158999856
2.3912999999999998,0.008354806791200996,0.018025815158999856
2.391525,0.008354806791200996,0.018025815158999856
2.39175,0.008354806791200996,0.018025815158999856
2.391975,0.008372832606359997,0.008215815158999855
2.3922,0.008372832606359997,0.008215815158999855
2.392425,0.008372832606359997,0.008215815158999855
2.3926499999999997,0.008372832606359997,0.008215815158999855
2.392875,0.008372832606359997,0.008215815158999855
2.3931,0.008381048421518997,-0.0015941848410001465
2.393325,0.008381048421518997,-0.0015941848410001465
2.39355,0.008381048421518997,-0.0015941848410001465
2.3937749999999998,0.008381048421518997,-0.0015941848410001465
2.394,0.008379454236677996,-0.011404184841000147
2.394225,0.008379454236677996,-0.011404184841000147
2.39445,0.008379454236677996,-0.011404184841000147
2.394675,0.008379454236677996,-0.011404184841000147
2.3949,0.008368050051836997,-0.02121418484100015
2.3951249999999997,0.008368050051836997,-0.02121418484100015
2.39535,0.008368050051836997,-0.02121418484100015
2.395575,0.008368050051836997,-0.02121418484100015
2.3958,0.008368050051836997,-0.02121418484100015
2.396025,0.008346835866995996,-0.031024184841000148
2.3962499999999998,0.008346835866995996,-0.031024184841000148
2.396475,0.008346835866995996,-0.031024184841000148
2.3967,0.008346835866995996,-0.031024184841000148
2.396925,0.008315811682154997,-0.04083418484100015
2.39715,0.008315811682154997,-0.04083418484100015
2.397375,0.008315811682154997,-0.04083418484100015
2.3975999999999997,0.008315811682154997,-0.04083418484100015
2.397825,0.008315811682154997,-0.04083418484100015
2.39805,0.008274977497313997,-0.050644184841000146
2.398275,0.008274977497313997,-0.050644184841000146
2.3985,0.008274977497313997,-0.050644184841000146
2.3987249999999998,0.008274977497313997,-0.050644184841000146
2.39895,0.008224333312472996,-0.060454184841000146
2.399175,0.008224333312472996,-0.060454184841000146
2.3994,0.008224333312472996,-0.060454184841000146
2.399625,0.008224333312472996,-0.060454184841000146
2.39985,0.008224333312472996,-0.060454184841000146
2.4000749999999997,0.008163879127631996,-0.07026418484100015
2.4003,0.008163879127631996,-0.07026418484100015
2.400525,0.008163879127631996,-0.07026418484100015
2.40075,0.008163879127631996,-0.07026418484100015
2.400975,0.008093614942790995,-0.08007418484100015
2.4012,0.008093614942790995,-0.08007418484100015
2.401425,0.008093614942790995,-0.08007418484100015
2.40165,0.008093614942790995,-0.08007418484100015
2.401875,0.008093614942790995,-0.08007418484100015
2.4021,0.008013540757949996,-0.08988418484100015
2.402325,0.008013540757949996,-0.08988418484100015
2.4025499999999997,0.008013540757949996,-0.08988418484100015
2.402775,0.008013540757949996,-0.08988418484100015
2.403,0.007923656573108995,-0.09969418484100015
2.403225,0.007923656573108995,-0.09969418484100015
2.40345,0.007923656573108995,-0.09969418484100015
2.403675,0.007923656573108995,-0.09969418484100015
2.4039,0.007823962388267994,-0.10950418484100015
2.404125,0.007823962388267994,-0.10950418484100015
2.40435,0.007823962388267994,-0.10950418484100015
2.404575,0.007823962388267994,-0.10950418484100015
2.4048,0.007823962388267994,-0.10950418484100015
2.4050249999999997,0.007714458203426994,-0.11931418484100015
2.40525,0.007714458203426994,-0.11931418484100015
2.405475,0.007714458203426994,-0.11931418484100015
2.4057,0.007714458203426994,-0.11931418484100015
2.405925,0.007595144018585995,-0.12912418484100016
2.40615,0.007595144018585995,-0.12912418484100016
2.406375,0.007595144018585995,-0.12912418484100016
2.4066,0.007595144018585995,-0.12912418484100016
2.406825,0.007595144018585995,-0.12912418484100016
2.40705,0.007466019833744994,-0.13893418484100017
2.407275,0.007466019833744994,-0.13893418484100017
2.4074999999999998,0.007466019833744994,-0.13893418484100017
2.407725,0.007466019833744994,-0.13893418484100017
2.40795,0.007327085648903994,-0.1487441848410002
2.408175,0.007327085648903994,-0.1487441848410002
2.4084,0.007327085648903994,-0.1487441848410002
2.408625,0.007327085648903994,-0.1487441848410002
2.4088499999999997,0.007327085648903994,-0.1487441848410002
2.409075,0.007178341464062993,-0.1585541848410002
2.4093,0.007178341464062993,-0.1585541848410002
2.409525,0.007178341464062993,-0.1585541848410002
2.40975,0.007178341464062993,-0.1585541848410002
2.4099749999999998,0.007019787279221993,-0.16836418484100021
2.4102,0.007019787279221993,-0.16836418484100021
2.410425,0.007019787279221993,-0.16836418484100021
2.41065,0.007019787279221993,-0.16836418484100021
2.410875,0.007019787279221993,-0.16836418484100021
2.4111,0.006851423094380993,-0.17817418484100023
2.4113249999999997,0.006851423094380993,-0.17817418484100023
2.41155,0.006851423094380993,-0.17817418484100023
2.411775,0.006851423094380993,-0.17817418484100023
2.412,0.006673248909539993,-0.18798418484100024
2.412225,0.006673248909539993,-0.18798418484100024
2.4124499999999998,0.006673248909539993,-0.18798418484100024
2.412675,0.006673248909539993,-0.18798418484100024
2.4129,0.006485264724698993,-0.19779418484100025
2.413125,0.006485264724698993,-0.19779418484100025
2.41335,0.006485264724698993,-0.19779418484100025
2.413575,0.006485264724698993,-0.19779418484100025
2.4137999999999997,0.006485264724698993,-0.19779418484100025
2.414025,0.006287470539857992,-0.20760418484100027
2.41425,0.006287470539857992,-0.20760418484100027
2.414475,0.006287470539857992,-0.20760418484100027
2.4147,0.006287470539857992,-0.20760418484100027
2.4149249999999998,0.006079866355016992,-0.21741418484100028
2.41515,0.006079866355016992,-0.21741418484100028
2.415375,0.006079866355016992,-0.21741418484100028
2.4156,0.006079866355016992,-0.21741418484100028
2.415825,0.006079866355016992,-0.21741418484100028
2.41605,0.005862452170175992,-0.2272241848410003
2.4162749999999997,0.005862452170175992,-0.2272241848410003
2.4165,0.005862452170175992,-0.2272241848410003
2.416725,0.005862452170175992,-0.2272241848410003
2.41695,0.005635227985334992,-0.2370341848410003
2.417175,0.005635227985334992,-0.2370341848410003
2.4173999999999998,0.005635227985334992,-0.2370341848410003
2.417625,0.005635227985334992,-0.2370341848410003
2.41785,0.005635227985334992,-0.2370341848410003
2.418075,0.005398193800493991,-0.24684418484100032
2.4183,0.005398193800493991,-0.24684418484100032
2.418525,0.005398193800493991,-0.24684418484100032
2.4187499999999997,0.005398193800493991,-0.24684418484100032
2.418975,0.005151349615652991,-0.25665418484100033
2.4192,0.005151349615652991,-0.25665418484100033
2.419425,0.005151349615652991,-0.25665418484100033
2.41965,0.005151349615652991,-0.25665418484100033
2.4198749999999998,0.005151349615652991,-0.25665418484100033
2.4201,0.00489469543081199,-0.2664641848410003
2.420325,0.00489469543081199,-0.2664641848410003
2.42055,0.00489469543081199,-0.2664641848410003
2.420775,0.00489469543081199,-0.2664641848410003
2.421,0.00462823124597099,-0.2762741848410003
2.4212249999999997,0.00462823124597099,-0.2762741848410003
2.42145,0.00462823124597099,-0.2762741848410003
2.421675,0.00462823124597099,-0.2762741848410003
2.4219,0.00435195706112999,-0.2860841848410003
2.422125,0.00435195706112999,-0.2860841848410003
2.42235,0.00435195706112999,-0.2860841848410003
2.422575,0.00435195706112999,-0.2860841848410003
2.4228,0.00435195706112999,-0.2860841848410003
2.423025,0.00406587287628899,-0.2958941848410003
2.42325,0.00406587287628899,-0.2958941848410003
2.423475,0.00406587287628899,-0.2958941848410003
2.4236999999999997,0.00406587287628899,-0.2958941848410003
2.423925,0.00376997869144799,-0.30570418484100026
2.42415,0.00376997869144799,-0.30570418484100026
2.424375,0.00376997869144799,-0.30570418484100026
2.4246,0.00376997869144799,-0.30570418484100026
2.424825,0.00376997869144799,-0.30570418484100026
2.42505,0.0034642745066069897,-0.31551418484100024
2.425275,0.0034642745066069897,-0.31551418484100024
2.4255,0.0034642745066069897,-0.31551418484100024
2.425725,0.0034642745066069897,-0.31551418484100024
2.42595,0.0031487603217659893,-0.32532418484100023
2.4261749999999997,0.0031487603217659893,-0.32532418484100023
2.4264,0.0031487603217659893,-0.32532418484100023
2.426625,0.0031487603217659893,-0.32532418484100023
2.42685,0.0031487603217659893,-0.32532418484100023
2.427075,0.002823436136924989,-0.3351341848410002
2.4273,0.002823436136924989,-0.3351341848410002
2.427525,0.002823436136924989,-0.3351341848410002
2.42775,0.002823436136924989,-0.3351341848410002
2.427975,0.002488301952083989,-0.3449441848410002
2.4282,0.002488301952083989,-0.3449441848410002
2.428425,0.002488301952083989,-0.3449441848410002
2.4286499999999998,0.002488301952083989,-0.3449441848410002
2.428875,0.002488301952083989,-0.3449441848410002
2.4291,0.0021433577672429886,-0.3547541848410002
2.429325,0.0021433577672429886,-0.3547541848410002
2.42955,0.0021433577672429886,-0.3547541848410002
2.429775,0.0021433577672429886,-0.3547541848410002
2.4299999999999997,0.0017886035824019883,-0.36456418484100017
2.430225,0.0017886035824019883,-0.36456418484100017
2.43045,0.0017886035824019883,-0.36456418484100017
2.430675,0.0017886035824019883,-0.36456418484100017
2.4309,0.0014240393975609882,-0.37437418484100016
2.4311249999999998,0.0014240393975609882,-0.37437418484100016
2.43135,0.0014240393975609882,-0.37437418484100016
2.431575,0.0014240393975609882,-0.37437418484100016
2.4318,0.0014240393975609882,-0.37437418484100016
2.432025,0.001049665212719988,-0.38418418484100014
2.43225,0.001049665212719988,-0.38418418484100014
2.4324749999999997,0.001049665212719988,-0.38418418484100014
2.4327,0.001049665212719988,-0.38418418484100014
2.432925,0.000665481027878988,-0.39399418484100013
2.43315,0.000665481027878988,-0.39399418484100013
2.433375,0.000665481027878988,-0.39399418484100013
2.4335999999999998,0.000665481027878988,-0.39399418484100013
2.433825,0.000665481027878988,-0.39399418484100013
2.43405,0.0002714868430379878,-0.4038041848410001
2.434275,0.0002714868430379878,-0.4038041848410001
2.4345,0.0002714868430379878,-0.4038041848410001
2.434725,0.0002714868430379878,-0.4038041848410001
2.4349499999999997,0.0,0.28952992938870004
2.435175,0.0,0.28952992938870004
2.4354,0.0,0.28952992938870004
2.435625,0.0,0.28952992938870004
2.43585,0.0,0.28952992938870004
2.4360749999999998,0.0002895299293887,0.27971992938870005
2.4363,0.0002895299293887,0.27971992938870005
2.436525,0.0002895299293887,0.27971992938870005
2.43675,0.0002895299293887,0.27971992938870005
2.436975,0.0005692498587774001,0.26990992938870007
2.4372,0.0005692498587774001,0.26990992938870007
2.4374249999999997,0.0005692498587774001,0.26990992938870007
2.43765,0.0005692498587774001,0.26990992938870007
2.437875,0.0005692498587774001,0.26990992938870007
2.4381,0.0008391597881661002,0.2600999293887001
2.438325,0.0008391597881661002,0.2600999293887001
2.4385499999999998,0.0008391597881661002,0.2600999293887001
2.438775,0.0008391597881661002,0.2600999293887001
2.439,0.0010992597175548003,0.2502899293887001
2.439225,0.0010992597175548003,0.2502899293887001
2.43945,0.0010992597175548003,0.2502899293887001
2.439675,0.0010992597175548003,0.2502899293887001
2.4398999999999997,0.0013495496469435003,0.24047992938870008
2.440125,0.0013495496469435003,0.24047992938870008
2.44035,0.0013495496469435003,0.24047992938870008
2.440575,0.0013495496469435003,0.24047992938870008
2.4408,0.0013495496469435003,0.24047992938870008
2.441025,0.0015900295763322005,0.23066992938870007
2.44125,0.0015900295763322005,0.23066992938870007
2.441475,0.0015900295763322005,0.23066992938870007
2.4417,0.0015900295763322005,0.23066992938870007
2.441925,0.0018206995057209005,0.22085992938870005
2.44215,0.0018206995057209005,0.22085992938870005
2.4423749999999997,0.0018206995057209005,0.22085992938870005
2.4426,0.0018206995057209005,0.22085992938870005
2.442825,0.0018206995057209005,0.22085992938870005
2.44305,0.0020415594351096008,0.21104992938870004
2.443275,0.0020415594351096008,0.21104992938870004
2.4435,0.0020415594351096008,0.21104992938870004
2.443725,0.0020415594351096008,0.21104992938870004
2.44395,0.002252609364498301,0.20123992938870003
2.444175,0.002252609364498301,0.20123992938870003
2.4444,0.002252609364498301,0.20123992938870003
2.444625,0.002252609364498301,0.20123992938870003
2.4448499999999997,0.002252609364498301,0.20123992938870003
2.445075,0.002453849293887001,0.19142992938870002
2.4453,0.002453849293887001,0.19142992938870002
2.445525,0.002453849293887001,0.19142992938870002
2.44575,0.002453849293887001,0.19142992938870002
2.445975,0.002645279223275701,0.1816199293887
2.4462,0.002645279223275701,0.1816199293887
2.446425,0.002645279223275701,0.1816199293887
2.44665,0.002645279223275701,0.1816199293887
2.446875,0.002645279223275701,0.1816199293887
2.4471,0.002826899152664401,0.1718099293887
2.4473249999999998,0.002826899152664401,0.1718099293887
2.44755,0.002826899152664401,0.1718099293887
2.447775,0.002826899152664401,0.1718099293887
2.448,0.002998709082053101,0.16199992938869998
2.448225,0.002998709082053101,0.16199992938869998
2.44845,0.002998709082053101,0.16199992938869998
2.4486749999999997,0.002998709082053101,0.16199992938869998
2.4489,0.003160709011441801,0.15218992938869996
2.449125,0.003160709011441801,0.15218992938869996
2.44935,0.003160709011441801,0.15218992938869996
2.449575,0.003160709011441801,0.15218992938869996
2.4497999999999998,0.003160709011441801,0.15218992938869996
2.450025,0.003312898940830501,0.14237992938869995
2.45025,0.003312898940830501,0.14237992938869995
2.450475,0.003312898940830501,0.14237992938869995
2.4507,0.003312898940830501,0.14237992938869995
2.450925,0.003455278870219201,0.13256992938869994
2.4511499999999997,0.003455278870219201,0.13256992938869994
2.451375,0.003455278870219201,0.13256992938869994
2.4516,0.003455278870219201,0.13256992938869994
2.451825,0.003455278870219201,0.13256992938869994
2.45205,0.003587848799607901,0.12275992938869994
2.4522749999999998,0.003587848799607901,0.12275992938869994
2.4525,0.003587848799607901,0.12275992938869994
2.452725,0.003587848799607901,0.12275992938869994
2.45295,0.0037106087289966007,0.11294992938869994
2.453175,0.0037106087289966007,0.11294992938869994
2.4534,0.0037106087289966007,0.11294992938869994
2.4536249999999997,0.0037106087289966007,0.11294992938869994
2.45385,0.0037106087289966007,0.11294992938869994
2.454075,0.0038235586583853006,0.10313992938869994
2.4543,0.0038235586583853006,0.10313992938869994
2.454525,0.0038235586583853006,0.10313992938869994
2.4547499999999998,0.0038235586583853006,0.10313992938869994
2.454975,0.003926698587774001,0.09332992938869994
2.4552,0.003926698587774001,0.09332992938869994
2.455425,0.003926698587774001,0.09332992938869994
2.45565,0.003926698587774001,0.09332992938869994
2.455875,0.003926698587774001,0.09332992938869994
2.4560999999999997,0.004020028517162701,0.08351992938869994
2.456325,0.004020028517162701,0.08351992938869994
2.45655,0.004020028517162701,0.08351992938869994
2.456775,0.004020028517162701,0.08351992938869994
2.457,0.004103548446551401,0.07370992938869994
2.4572249999999998,0.004103548446551401,0.07370992938869994
2.45745,0.004103548446551401,0.07370992938869994
2.457675,0.004103548446551401,0.07370992938869994
2.4579,0.004177258375940101,0.06389992938869994
2.458125,0.004177258375940101,0.06389992938869994
2.45835,0.004177258375940101,0.06389992938869994
2.4585749999999997,0.004177258375940101,0.06389992938869994
2.4588,0.004177258375940101,0.06389992938869994
2.459025,0.0042411583053288005,0.05408992938869994
2.45925,0.0042411583053288005,0.05408992938869994
2.459475,0.0042411583053288005,0.05408992938869994
2.4596999999999998,0.0042411583053288005,0.05408992938869994
2.459925,0.0042952482347175,0.04427992938869994
2.46015,0.0042952482347175,0.04427992938869994
2.460375,0.0042952482347175,0.04427992938869994
2.4606,0.0042952482347175,0.04427992938869994
2.460825,0.0042952482347175,0.04427992938869994
2.4610499999999997,0.0043395281641062005,0.034469929388699944
2.461275,0.0043395281641062005,0.034469929388699944
2.4615,0.0043395281641062005,0.034469929388699944
2.461725,0.0043395281641062005,0.034469929388699944
2.46195,0.004373998093494901,0.024659929388699944
2.462175,0.004373998093494901,0.024659929388699944
2.4624,0.004373998093494901,0.024659929388699944
2.462625,0.004373998093494901,0.024659929388699944
2.46285,0.004373998093494901,0.024659929388699944
2.463075,0.004398658022883601,0.014849929388699943
2.4633,0.004398658022883601,0.014849929388699943
2.4635249999999997,0.004398658022883601,0.014849929388699943
2.46375,0.004398658022883601,0.014849929388699943
2.463975,0.004413507952272301,0.005039929388699942
2.4642,0.004413507952272301,0.005039929388699942
2.464425,0.004413507952272301,0.005039929388699942
2.46465,0.004413507952272301,0.005039929388699942
2.464875,0.004413507952272301,0.005039929388699942
2.4651,0.004418547881661,-0.004770070611300059
2.465325,0.004418547881661,-0.004770070611300059
2.46555,0.004418547881661,-0.004770070611300059
2.465775,0.004418547881661,-0.004770070611300059
2.4659999999999997,0.0044137778110497,-0.01458007061130006
2.466225,0.0044137778110497,-0.01458007061130006
2.46645,0.0044137778110497,-0.01458007061130006
2.466675,0.0044137778110497,-0.01458007061130006
2.4669,0.0043991977404384,-0.02439007061130006
2.467125,0.0043991977404384,-0.02439007061130006
2.46735,0.0043991977404384,-0.02439007061130006
2.467575,0.0043991977404384,-0.02439007061130006
2.4678,0.0043991977404384,-0.02439007061130006
2.468025,0.0043748076698271006,-0.03420007061130006
2.46825,0.0043748076698271006,-0.03420007061130006
2.4684749999999998,0.0043748076698271006,-0.03420007061130006
2.4687,0.0043748076698271006,-0.03420007061130006
2.468925,0.004340607599215801,-0.04401007061130006
2.46915,0.004340607599215801,-0.04401007061130006
2.469375,0.004340607599215801,-0.04401007061130006
2.4696,0.004340607599215801,-0.04401007061130006
2.4698249999999997,0.004340607599215801,-0.04401007061130006
2.47005,0.0042965975286045005,-0.05382007061130006
2.470275,0.0042965975286045005,-0.05382007061130006
2.4705,0.0042965975286045005,-0.05382007061130006
2.470725,0.0042965975286045005,-0.05382007061130006
2.4709499999999998,0.0042427774579932,-0.06363007061130006
2.471175,0.0042427774579932,-0.06363007061130006
2.4714,0.0042427774579932,-0.06363007061130006
2.471625,0.0042427774579932,-0.06363007061130006
2.47185,0.0042427774579932,-0.06363007061130006
2.472075,0.0041791473873819,-0.07344007061130006
2.4722999999999997,0.0041791473873819,-0.07344007061130006
2.472525,0.0041791473873819,-0.07344007061130006
2.47275,0.0041791473873819,-0.07344007061130006
2.472975,0.0041057073167706,-0.08325007061130006
2.4732,0.0041057073167706,-0.08325007061130006
2.4734249999999998,0.0041057073167706,-0.08325007061130006
2.47365,0.0041057073167706,-0.08325007061130006
2.473875,0.0041057073167706,-0.08325007061130006
2.4741,0.0040224572461593005,-0.09306007061130006
2.474325,0.0040224572461593005,-0.09306007061130006
2.47455,0.0040224572461593005,-0.09306007061130006
2.4747749999999997,0.0040224572461593005,-0.09306007061130006
2.475,0.003929397175548001,-0.10287007061130006
2.475225,0.003929397175548001,-0.10287007061130006
2.47545,0.003929397175548001,-0.10287007061130006
2.475675,0.003929397175548001,-0.10287007061130006
2.4758999999999998,0.003826527104936701,-0.11268007061130006
2.476125,0.003826527104936701,-0.11268007061130006
2.47635,0.003826527104936701,-0.11268007061130006
2.476575,0.003826527104936701,-0.11268007061130006
2.4768,0.003826527104936701,-0.11268007061130006
2.477025,0.0037138470343254007,-0.12249007061130006
2.4772499999999997,0.0037138470343254007,-0.12249007061130006
2.477475,0.0037138470343254007,-0.12249007061130006
2.4777,0.0037138470343254007,-0.12249007061130006
2.477925,0.0035913569637141007,-0.13230007061130006
2.47815,0.0035913569637141007,-0.13230007061130006
2.4783749999999998,0.0035913569637141007,-0.13230007061130006
2.4786,0.0035913569637141007,-0.13230007061130006
2.478825,0.0035913569637141007,-0.13230007061130006
2.47905,0.0034590568931028008,-0.14211007061130007
2.479275,0.0034590568931028008,-0.14211007061130007
2.4795,0.0034590568931028008,-0.14211007061130007
2.4797249999999997,0.0034590568931028008,-0.14211007061130007
2.47995,0.0033169468224915006,-0.15192007061130008
2.480175,0.0033169468224915006,-0.15192007061130008
2.4804,0.0033169468224915006,-0.15192007061130008
2.480625,0.0033169468224915006,-0.15192007061130008
2.4808499999999998,0.0033169468224915006,-0.15192007061130008
2.481075,0.0031650267518802005,-0.1617300706113001
2.4813,0.0031650267518802005,-0.1617300706113001
2.481525,0.0031650267518802005,-0.1617300706113001
2.48175,0.0031650267518802005,-0.1617300706113001
2.481975,0.0030032966812689006,-0.1715400706113001
2.4821999999999997,0.0030032966812689006,-0.1715400706113001
2.482425,0.0030032966812689006,-0.1715400706113001
2.48265,0.0030032966812689006,-0.1715400706113001
2.482875,0.0030032966812689006,-0.1715400706113001
2.4831,0.0028317566106576004,-0.18135007061130012
2.483325,0.0028317566106576004,-0.18135007061130012
2.48355,0.0028317566106576004,-0.18135007061130012
2.483775,0.0028317566106576004,-0.18135007061130012
2.484,0.0026504065400463003,-0.19116007061130014
2.484225,0.0026504065400463003,-0.19116007061130014
2.48445,0.0026504065400463003,-0.19116007061130014
2.4846749999999997,0.0026504065400463003,-0.19116007061130014
2.4849,0.002459246469435,-0.20097007061130015
2.485125,0.002459246469435,-0.20097007061130015
2.48535,0.002459246469435,-0.20097007061130015
2.485575,0.002459246469435,-0.20097007061130015
2.4858,0.002459246469435,-0.20097007061130015
2.486025,0.0022582763988237,-0.21078007061130016
2.48625,0.0022582763988237,-0.21078007061130016
2.486475,0.0022582763988237,-0.21078007061130016
2.4867,0.0022582763988237,-0.21078007061130016
2.486925,0.0020474963282123997,-0.22059007061130018
2.4871499999999997,0.0020474963282123997,-0.22059007061130018
2.487375,0.0020474963282123997,-0.22059007061130018
2.4876,0.0020474963282123997,-0.22059007061130018
2.487825,0.0020474963282123997,-0.22059007061130018
2.48805,0.0018269062576010996,-0.2304000706113002
2.488275,0.0018269062576010996,-0.2304000706113002
2.4884999999999997,0.0018269062576010996,-0.2304000706113002
2.488725,0.0018269062576010996,-0.2304000706113002
2.48895,0.0015965061869897994,-0.2402100706113002
2.489175,0.0015965061869897994,-0.2402100706113002
2.4894,0.0015965061869897994,-0.2402100706113002
2.4896249999999998,0.0015965061869897994,-0.2402100706113002
2.48985,0.0015965061869897994,-0.2402100706113002
2.490075,0.0013562961163784992,-0.2500200706113002
2.4903,0.0013562961163784992,-0.2500200706113002
2.490525,0.0013562961163784992,-0.2500200706113002
2.49075,0.0013562961163784992,-0.2500200706113002
2.4909749999999997,0.0011062760457671988,-0.2598300706113002
2.4912,0.0011062760457671988,-0.2598300706113002
2.491425,0.0011062760457671988,-0.2598300706113002
2.49165,0.0011062760457671988,-0.2598300706113002
2.491875,0.0011062760457671988,-0.2598300706113002
2.4920999999999998,0.0008464459751558987,-0.2696400706113002
2.492325,0.0008464459751558987,-0.2696400706113002
2.49255,0.0008464459751558987,-0.2696400706113002
2.492775,0.0008464459751558987,-0.2696400706113002
2.493,0.0005768059045445984,-0.27945007061130017
2.493225,0.0005768059045445984,-0.27945007061130017
2.4934499999999997,0.0005768059045445984,-0.27945007061130017
2.493675,0.0005768059045445984,-0.27945007061130017
2.4939,0.00029735583393329825,-0.28926007061130016
2.494125,0.00029735583393329825,-0.28926007061130016
2.49435,0.00029735583393329825,-0.28926007061130016
2.4945749999999998,0.00029735583393329825,-0.28926007061130016
2.4948,0.00029735583393329825,-0.28926007061130016
2.495025,8.095763321998067e-06,-0.29907007061130014
2.49525,8.095763321998067e-06,-0.29907007061130014
2.495475,8.095763321998067e-06,-0.29907007061130014
2.4957,8.095763321998067e-06,-0.29907007061130014
2.4959249999999997,0.0,0.2162160494279101
2.49615,0.0,0.2162160494279101
2.496375,0.0,0.2162160494279101
2.4966,0.0,0.2162160494279101
2.496825,0.0,0.2162160494279101
2.4970499999999998,0.0002162160494279101,0.20640604942791008
2.497275,0.0002162160494279101,0.20640604942791008
2.4975,0.0002162160494279101,0.20640604942791008
2.497725,0.0002162160494279101,0.20640604942791008
2.49795,0.00042262209885582017,0.19659604942791006
2.498175,0.00042262209885582017,0.19659604942791006
2.4983999999999997,0.00042262209885582017,0.19659604942791006
2.498625,0.00042262209885582017,0.19659604942791006
2.49885,0.00042262209885582017,0.19659604942791006
2.499075,0.0006192181482837303,0.18678604942791005
2.4993,0.0006192181482837303,0.18678604942791005
2.4995249999999998,0.0006192181482837303,0.18678604942791005
2.49975,0.0006192181482837303,0.18678604942791005
2.499975,0.0008060041977116404,0.17697604942791004
2.5002,0.0008060041977116404,0.17697604942791004
2.500425,0.0008060041977116404,0.17697604942791004
2.50065,0.0008060041977116404,0.17697604942791004
2.5008749999999997,0.0008060041977116404,0.17697604942791004
2.5011,0.0009829802471395504,0.16716604942791002
2.501325,0.0009829802471395504,0.16716604942791002
2.50155,0.0009829802471395504,0.16716604942791002
2.501775,0.0009829802471395504,0.16716604942791002
2.502,0.0011501462965674604,0.15735604942791
2.502225,0.0011501462965674604,0.15735604942791
2.50245,0.0011501462965674604,0.15735604942791
2.502675,0.0011501462965674604,0.15735604942791
2.5029,0.0013075023459953705,0.14754604942791
2.503125,0.0013075023459953705,0.14754604942791
2.5033499999999997,0.0013075023459953705,0.14754604942791
2.503575,0.0013075023459953705,0.14754604942791
2.5038,0.0013075023459953705,0.14754604942791
2.504025,0.0014550483954232805,0.13773604942790998
2.50425,0.0014550483954232805,0.13773604942790998
2.504475,0.0014550483954232805,0.13773604942790998
2.5047,0.0014550483954232805,0.13773604942790998
2.504925,0.0015927844448511905,0.12792604942790997
2.50515,0.0015927844448511905,0.12792604942790997
2.505375,0.0015927844448511905,0.12792604942790997
2.5056,0.0015927844448511905,0.12792604942790997
2.5058249999999997,0.0015927844448511905,0.12792604942790997
2.50605,0.0017207104942791004,0.11811604942790997
2.506275,0.0017207104942791004,0.11811604942790997
2.5065,0.0017207104942791004,0.11811604942790997
2.506725,0.0017207104942791004,0.11811604942790997
2.50695,0.0018388265437070104,0.10830604942790997
2.5071749999999997,0.0018388265437070104,0.10830604942790997
2.5074,0.0018388265437070104,0.10830604942790997
2.507625,0.0018388265437070104,0.10830604942790997
2.50785,0.0018388265437070104,0.10830604942790997
2.508075,0.0019471325931349204,0.09849604942790997
2.5082999999999998,0.0019471325931349204,0.09849604942790997
2.508525,0.0019471325931349204,0.09849604942790997
2.50875,0.0019471325931349204,0.09849604942790997
2.508975,0.0020456286425628305,0.08868604942790997
2.5092,0.0020456286425628305,0.08868604942790997
2.509425,0.0020456286425628305,0.08868604942790997
2.5096499999999997,0.0020456286425628305,0.08868604942790997
2.509875,0.0020456286425628305,0.08868604942790997
2.5101,0.0021343146919907403,0.07887604942790997
2.510325,0.0021343146919907403,0.07887604942790997
2.51055,0.0021343146919907403,0.07887604942790997
2.5107749999999998,0.0021343146919907403,0.07887604942790997
2.511,0.0022131907414186503,0.06906604942790998
2.511225,0.0022131907414186503,0.06906604942790998
2.51145,0.0022131907414186503,0.06906604942790998
2.511675,0.0022131907414186503,0.06906604942790998
2.5119,0.0022822567908465604,0.059256049427909976
2.5121249999999997,0.0022822567908465604,0.059256049427909976
2.51235,0.0022822567908465604,0.059256049427909976
2.512575,0.0022822567908465604,0.059256049427909976
2.5128,0.0022822567908465604,0.059256049427909976
2.513025,0.0023415128402744703,0.04944604942790998
2.5132499999999998,0.0023415128402744703,0.04944604942790998
2.513475,0.0023415128402744703,0.04944604942790998
2.5137,0.0023415128402744703,0.04944604942790998
2.513925,0.0023909588897023802,0.03963604942790998
2.51415,0.0023909588897023802,0.03963604942790998
2.514375,0.0023909588897023802,0.03963604942790998
2.5145999999999997,0.0023909588897023802,0.03963604942790998
2.514825,0.0023909588897023802,0.03963604942790998
2.51505,0.0024305949391302904,0.02982604942790998
2.515275,0.0024305949391302904,0.02982604942790998
2.5155,0.0024305949391302904,0.02982604942790998
2.5157249999999998,0.0024305949391302904,0.02982604942790998
2.51595,0.0024604209885582,0.02001604942790998
2.516175,0.0024604209885582,0.02001604942790998
2.5164,0.0024604209885582,0.02001604942790998
2.516625,0.0024604209885582,0.02001604942790998
2.51685,0.0024604209885582,0.02001604942790998
2.5170749999999997,0.00248043703798611,0.010206049427909978
2.5173,0.00248043703798611,0.010206049427909978
2.517525,0.00248043703798611,0.010206049427909978
2.51775,0.00248043703798611,0.010206049427909978
2.517975,0.0024906430874140203,0.0003960494279099773
2.5181999999999998,0.0024906430874140203,0.0003960494279099773
2.518425,0.0024906430874140203,0.0003960494279099773
2.51865,0.0024906430874140203,0.0003960494279099773
2.518875,0.0024906430874140203,0.0003960494279099773
2.5191,0.00249103913684193,-0.009413950572090024
2.519325,0.00249103913684193,-0.009413950572090024
2.5195499999999997,0.00249103913684193,-0.009413950572090024
2.519775,0.00249103913684193,-0.009413950572090024
2.52,0.00248162518626984,-0.019223950572090025
2.520225,0.00248162518626984,-0.019223950572090025
2.52045,0.00248162518626984,-0.019223950572090025
2.5206749999999998,0.00248162518626984,-0.019223950572090025
2.5209,0.0024624012356977503,-0.029033950572090024
2.521125,0.0024624012356977503,-0.029033950572090024
2.52135,0.0024624012356977503,-0.029033950572090024
2.521575,0.0024624012356977503,-0.029033950572090024
2.5218,0.0024624012356977503,-0.029033950572090024
2.5220249999999997,0.00243336728512566,-0.03884395057209002
2.52225,0.00243336728512566,-0.03884395057209002
2.522475,0.00243336728512566,-0.03884395057209002
2.5227,0.00243336728512566,-0.03884395057209002
2.522925,0.00239452333455357,-0.04865395057209002
2.52315,0.00239452333455357,-0.04865395057209002
2.523375,0.00239452333455357,-0.04865395057209002
2.5236,0.00239452333455357,-0.04865395057209002
2.523825,0.00239452333455357,-0.04865395057209002
2.52405,0.0023458693839814803,-0.05846395057209002
2.524275,0.0023458693839814803,-0.05846395057209002
2.5244999999999997,0.0023458693839814803,-0.05846395057209002
2.524725,0.0023458693839814803,-0.05846395057209002
2.52495,0.00228740543340939,-0.06827395057209003
2.525175,0.00228740543340939,-0.06827395057209003
2.5254,0.00228740543340939,-0.06827395057209003
2.525625,0.00228740543340939,-0.06827395057209003
2.52585,0.00228740543340939,-0.06827395057209003
2.526075,0.0022191314828373,-0.07808395057209003
2.5263,0.0022191314828373,-0.07808395057209003
2.526525,0.0022191314828373,-0.07808395057209003
2.52675,0.0022191314828373,-0.07808395057209003
2.5269749999999997,0.0021410475322652103,-0.08789395057209003
2.5272,0.0021410475322652103,-0.08789395057209003
2.527425,0.0021410475322652103,-0.08789395057209003
2.52765,0.0021410475322652103,-0.08789395057209003
2.527875,0.0021410475322652103,-0.08789395057209003
2.5281,0.00205315358169312,-0.09770395057209003
2.5283249999999997,0.00205315358169312,-0.09770395057209003
2.52855,0.00205315358169312,-0.09770395057209003
2.528775,0.00205315358169312,-0.09770395057209003
2.529,0.00195544963112103,-0.10751395057209003
2.529225,0.00195544963112103,-0.10751395057209003
2.5294499999999998,0.00195544963112103,-0.10751395057209003
2.529675,0.00195544963112103,-0.10751395057209003
2.5299,0.00184793568054894,-0.11732395057209002
2.530125,0.00184793568054894,-0.11732395057209002
2.53035,0.00184793568054894,-0.11732395057209002
2.530575,0.00184793568054894,-0.11732395057209002
2.5307999999999997,0.00184793568054894,-0.11732395057209002
2.531025,0.0017306117299768502,-0.12713395057209004
2.53125,0.0017306117299768502,-0.12713395057209004
2.531475,0.0017306117299768502,-0.12713395057209004
2.5317,0.0017306117299768502,-0.12713395057209004
2.5319249999999998,0.0016034777794047602,-0.13694395057209005
2.53215,0.0016034777794047602,-0.13694395057209005
2.532375,0.0016034777794047602,-0.13694395057209005
2.5326,0.0016034777794047602,-0.13694395057209005
2.532825,0.0016034777794047602,-0.13694395057209005
2.53305,0.0014665338288326701,-0.14675395057209006
2.5332749999999997,0.0014665338288326701,-0.14675395057209006
2.5335,0.0014665338288326701,-0.14675395057209006
2.533725,0.0014665338288326701,-0.14675395057209006
2.53395,0.00131977987826058,-0.15656395057209008
2.534175,0.00131977987826058,-0.15656395057209008
2.5343999999999998,0.00131977987826058,-0.15656395057209008
2.534625,0.00131977987826058,-0.15656395057209008
2.53485,0.00131977987826058,-0.15656395057209008
2.535075,0.0011632159276884898,-0.1663739505720901
2.5353,0.0011632159276884898,-0.1663739505720901
2.535525,0.0011632159276884898,-0.1663739505720901
2.5357499999999997,0.0011632159276884898,-0.1663739505720901
2.535975,0.0009968419771163998,-0.1761839505720901
2.5362,0.0009968419771163998,-0.1761839505720901
2.536425,0.0009968419771163998,-0.1761839505720901
2.53665,0.0009968419771163998,-0.1761839505720901
2.5368749999999998,0.0009968419771163998,-0.1761839505720901
2.5371,0.0008206580265443097,-0.18599395057209012
2.537325,0.0008206580265443097,-0.18599395057209012
2.53755,0.0008206580265443097,-0.18599395057209012
2.537775,0.0008206580265443097,-0.18599395057209012
2.538,0.0006346640759722196,-0.19580395057209013
2.5382249999999997,0.0006346640759722196,-0.19580395057209013
2.53845,0.0006346640759722196,-0.19580395057209013
2.538675,0.0006346640759722196,-0.19580395057209013
2.5389,0.0004388601254001294,-0.20561395057209014
2.539125,0.0004388601254001294,-0.20561395057209014
2.5393499999999998,0.0004388601254001294,-0.20561395057209014
2.539575,0.0004388601254001294,-0.20561395057209014
2.5398,0.0004388601254001294,-0.20561395057209014
2.540025,0.00023324617482803928,-0.21542395057209016
2.54025,0.00023324617482803928,-0.21542395057209016
2.540475,0.00023324617482803928,-0.21542395057209016
2.5406999999999997,0.00023324617482803928,-0.21542395057209016
2.540925,1.7822224255949117e-05,-0.22523395057209017
2.54115,1.7822224255949117e-05,-0.22523395057209017
2.541375,1.7822224255949117e-05,-0.22523395057209017
2.5416,1.7822224255949117e-05,-0.22523395057209017
2.541825,1.7822224255949117e-05,-0.22523395057209017
2.54205,0.0,0.16453076540046313
2.542275,0.0,0.16453076540046313
2.5425,0.0,0.16453076540046313
2.542725,0.0,0.16453076540046313
2.54295,0.00016453076540046314,0.15472076540046312
2.5431749999999997,0.00016453076540046314,0.15472076540046312
2.5434,0.00016453076540046314,0.15472076540046312
2.543625,0.00016453076540046314,0.15472076540046312
2.54385,0.00016453076540046314,0.15472076540046312
2.544075,0.00031925153080092627,0.1449107654004631
2.5443,0.00031925153080092627,0.1449107654004631
2.544525,0.00031925153080092627,0.1449107654004631
2.54475,0.00031925153080092627,0.1449107654004631
2.544975,0.0004641622962013894,0.1351007654004631
2.5452,0.0004641622962013894,0.1351007654004631
2.545425,0.0004641622962013894,0.1351007654004631
2.5456499999999997,0.0004641622962013894,0.1351007654004631
2.545875,0.0004641622962013894,0.1351007654004631
2.5461,0.0005992630616018525,0.12529076540046308
2.546325,0.0005992630616018525,0.12529076540046308
2.54655,0.0005992630616018525,0.12529076540046308
2.546775,0.0005992630616018525,0.12529076540046308
2.5469999999999997,0.0007245538270023155,0.11548076540046308
2.547225,0.0007245538270023155,0.11548076540046308
2.54745,0.0007245538270023155,0.11548076540046308
2.547675,0.0007245538270023155,0.11548076540046308
2.5479,0.0008400345924027787,0.10567076540046308
2.5481249999999998,0.0008400345924027787,0.10567076540046308
2.54835,0.0008400345924027787,0.10567076540046308
2.548575,0.0008400345924027787,0.10567076540046308
2.5488,0.0008400345924027787,0.10567076540046308
2.549025,0.0009457053578032417,0.09586076540046308
2.54925,0.0009457053578032417,0.09586076540046308
2.5494749999999997,0.0009457053578032417,0.09586076540046308
2.5497,0.0009457053578032417,0.09586076540046308
2.549925,0.001041566123203705,0.08605076540046308
2.55015,0.001041566123203705,0.08605076540046308
2.550375,0.001041566123203705,0.08605076540046308
2.5505999999999998,0.001041566123203705,0.08605076540046308
2.550825,0.001041566123203705,0.08605076540046308
2.55105,0.001127616888604168,0.07624076540046308
2.551275,0.001127616888604168,0.07624076540046308
2.5515,0.001127616888604168,0.07624076540046308
2.551725,0.001127616888604168,0.07624076540046308
2.5519499999999997,0.001203857654004631,0.06643076540046308
2.552175,0.001203857654004631,0.06643076540046308
2.5524,0.001203857654004631,0.06643076540046308
2.552625,0.001203857654004631,0.06643076540046308
2.55285,0.001203857654004631,0.06643076540046308
2.5530749999999998,0.001270288419405094,0.05662076540046308
2.5533,0.001270288419405094,0.05662076540046308
2.553525,0.001270288419405094,0.05662076540046308
2.55375,0.001270288419405094,0.05662076540046308
2.553975,0.0013269091848055572,0.046810765400463084
2.5542,0.0013269091848055572,0.046810765400463084
2.5544249999999997,0.0013269091848055572,0.046810765400463084
2.55465,0.0013269091848055572,0.046810765400463084
2.554875,0.0013269091848055572,0.046810765400463084
2.5551,0.0013737199502060202,0.037000765400463084
2.555325,0.0013737199502060202,0.037000765400463084
2.5555499999999998,0.0013737199502060202,0.037000765400463084
2.555775,0.0013737199502060202,0.037000765400463084
2.556,0.0014107207156064832,0.027190765400463085
2.556225,0.0014107207156064832,0.027190765400463085
2.55645,0.0014107207156064832,0.027190765400463085
2.556675,0.0014107207156064832,0.027190765400463085
2.5568999999999997,0.0014379114810069463,0.017380765400463086
2.557125,0.0014379114810069463,0.017380765400463086
2.55735,0.0014379114810069463,0.017380765400463086
2.557575,0.0014379114810069463,0.017380765400463086
2.5578,0.0014379114810069463,0.017380765400463086
2.5580249999999998,0.0014552922464074094,0.007570765400463085
2.55825,0.0014552922464074094,0.007570765400463085
2.558475,0.0014552922464074094,0.007570765400463085
2.5587,0.0014552922464074094,0.007570765400463085
2.558925,0.0014628630118078724,-0.0022392345995369163
2.55915,0.0014628630118078724,-0.0022392345995369163
2.5593749999999997,0.0014628630118078724,-0.0022392345995369163
2.5596,0.0014628630118078724,-0.0022392345995369163
2.559825,0.0014628630118078724,-0.0022392345995369163
2.56005,0.0014606237772083355,-0.012049234599536917
2.560275,0.0014606237772083355,-0.012049234599536917
2.5604999999999998,0.0014606237772083355,-0.012049234599536917
2.560725,0.0014606237772083355,-0.012049234599536917
2.56095,0.0014485745426087986,-0.02185923459953692
2.561175,0.0014485745426087986,-0.02185923459953692
2.5614,0.0014485745426087986,-0.02185923459953692
2.561625,0.0014485745426087986,-0.02185923459953692
2.5618499999999997,0.0014485745426087986,-0.02185923459953692
2.562075,0.0014267153080092616,-0.03166923459953692
2.5623,0.0014267153080092616,-0.03166923459953692
2.562525,0.0014267153080092616,-0.03166923459953692
2.56275,0.0014267153080092616,-0.03166923459953692
2.562975,0.0013950460734097247,-0.04147923459953692
2.5632,0.0013950460734097247,-0.04147923459953692
2.563425,0.0013950460734097247,-0.04147923459953692
2.56365,0.0013950460734097247,-0.04147923459953692
2.563875,0.0013950460734097247,-0.04147923459953692
2.5641,0.0013535668388101878,-0.051289234599536916
2.5643249999999997,0.0013535668388101878,-0.051289234599536916
2.56455,0.0013535668388101878,-0.051289234599536916
2.564775,0.0013535668388101878,-0.051289234599536916
2.565,0.0013022776042106508,-0.061099234599536915
2.565225,0.0013022776042106508,-0.061099234599536915
2.56545,0.0013022776042106508,-0.061099234599536915
2.565675,0.0013022776042106508,-0.061099234599536915
2.5659,0.001241178369611114,-0.07090923459953692
2.566125,0.001241178369611114,-0.07090923459953692
2.56635,0.001241178369611114,-0.07090923459953692
2.566575,0.001241178369611114,-0.07090923459953692
2.5667999999999997,0.001241178369611114,-0.07090923459953692
2.567025,0.001170269135011577,-0.08071923459953692
2.56725,0.001170269135011577,-0.08071923459953692
2.567475,0.001170269135011577,-0.08071923459953692
2.5677,0.001170269135011577,-0.08071923459953692
2.567925,0.00108954990041204,-0.09052923459953692
2.5681499999999997,0.00108954990041204,-0.09052923459953692
2.568375,0.00108954990041204,-0.09052923459953692
2.5686,0.00108954990041204,-0.09052923459953692
2.568825,0.00108954990041204,-0.09052923459953692
2.56905,0.0009990206658125032,-0.10033923459953692
2.5692749999999998,0.0009990206658125032,-0.10033923459953692
2.5695,0.0009990206658125032,-0.10033923459953692
2.569725,0.0009990206658125032,-0.10033923459953692
2.56995,0.0008986814312129663,-0.11014923459953692
2.570175,0.0008986814312129663,-0.11014923459953692
2.5704,0.0008986814312129663,-0.11014923459953692
2.5706249999999997,0.0008986814312129663,-0.11014923459953692
2.57085,0.0008986814312129663,-0.11014923459953692
2.571075,0.0007885321966134294,-0.11995923459953692
2.5713,0.0007885321966134294,-0.11995923459953692
2.571525,0.0007885321966134294,-0.11995923459953692
2.5717499999999998,0.0007885321966134294,-0.11995923459953692
2.571975,0.0006685729620138925,-0.12976923459953693
2.5722,0.0006685729620138925,-0.12976923459953693
2.572425,0.0006685729620138925,-0.12976923459953693
2.57265,0.0006685729620138925,-0.12976923459953693
2.572875,0.0006685729620138925,-0.12976923459953693
2.5730999999999997,0.0005388037274143556,-0.13957923459953694
2.573325,0.0005388037274143556,-0.13957923459953694
2.57355,0.0005388037274143556,-0.13957923459953694
2.573775,0.0005388037274143556,-0.13957923459953694
2.574,0.0003992244928148186,-0.14938923459953696
2.5742249999999998,0.0003992244928148186,-0.14938923459953696
2.57445,0.0003992244928148186,-0.14938923459953696
2.574675,0.0003992244928148186,-0.14938923459953696
2.5749,0.00024983525821528163,-0.15919923459953697
2.575125,0.00024983525821528163,-0.15919923459953697
2.57535,0.00024983525821528163,-0.15919923459953697
2.5755749999999997,0.00024983525821528163,-0.15919923459953697
2.5758,0.00024983525821528163,-0.15919923459953697
2.576025,9.063602361574465e-05,-0.16900923459953698
2.57625,9.063602361574465e-05,-0.16900923459953698
2.576475,9.063602361574465e-05,-0.16900923459953698
2.5766999999999998,9.063602361574465e-05,-0.16900923459953698
2.576925,0.0,0.1251734642196759
2.57715,0.0,0.1251734642196759
2.577375,0.0,0.1251734642196759
2.5776,0.0,0.1251734642196759
2.577825,0.0,0.1251734642196759
2.5780499999999997,0.0001251734642196759,0.1153634642196759
2.578275,0.0001251734642196759,0.1153634642196759
2.5785,0.0001251734642196759,0.1153634642196759
2.578725,0.0001251734642196759,0.1153634642196759
2.57895,0.0002405369284393518,0.1055534642196759
2.5791749999999998,0.0002405369284393518,0.1055534642196759
2.5794,0.0002405369284393518,0.1055534642196759
2.579625,0.0002405369284393518,0.1055534642196759
2.57985,0.0002405369284393518,0.1055534642196759
2.580075,0.0003460903926590277,0.0957434642196759
2.5803,0.0003460903926590277,0.0957434642196759
2.5805249999999997,0.0003460903926590277,0.0957434642196759
2.58075,0.0003460903926590277,0.0957434642196759
2.580975,0.0004418338568787036,0.0859334642196759
2.5812,0.0004418338568787036,0.0859334642196759
2.581425,0.0004418338568787036,0.0859334642196759
2.58165,0.0004418338568787036,0.0859334642196759
2.581875,0.0004418338568787036,0.0859334642196759
2.5821,0.0005277673210983795,0.0761234642196759
2.582325,0.0005277673210983795,0.0761234642196759
2.58255,0.0005277673210983795,0.0761234642196759
2.582775,0.0005277673210983795,0.0761234642196759
2.5829999999999997,0.0006038907853180554,0.0663134642196759
2.583225,0.0006038907853180554,0.0663134642196759
2.58345,0.0006038907853180554,0.0663134642196759
2.583675,0.0006038907853180554,0.0663134642196759
2.5839,0.0006702042495377314,0.056503464219675906
2.584125,0.0006702042495377314,0.056503464219675906
2.58435,0.0006702042495377314,0.056503464219675906
2.584575,0.0006702042495377314,0.056503464219675906
2.5848,0.0006702042495377314,0.056503464219675906
2.585025,0.0007267077137574073,0.046693464219675906
2.58525,0.0007267077137574073,0.046693464219675906
2.5854749999999997,0.0007267077137574073,0.046693464219675906
2.5857,0.0007267077137574073,0.046693464219675906
2.585925,0.0007734011779770832,0.03688346421967591
2.58615,0.0007734011779770832,0.03688346421967591
2.586375,0.0007734011779770832,0.03688346421967591
2.5866,0.0007734011779770832,0.03688346421967591
2.5868249999999997,0.0007734011779770832,0.03688346421967591
2.58705,0.0008102846421967591,0.027073464219675908
2.587275,0.0008102846421967591,0.027073464219675908
2.5875,0.0008102846421967591,0.027073464219675908
2.587725,0.0008102846421967591,0.027073464219675908
2.5879499999999998,0.000837358106416435,0.01726346421967591
2.588175,0.000837358106416435,0.01726346421967591
2.5884,0.000837358106416435,0.01726346421967591
2.588625,0.000837358106416435,0.01726346421967591
2.58885,0.000837358106416435,0.01726346421967591
2.589075,0.0008546215706361109,0.007453464219675908
2.5892999999999997,0.0008546215706361109,0.007453464219675908
2.589525,0.0008546215706361109,0.007453464219675908
2.58975,0.0008546215706361109,0.007453464219675908
2.589975,0.0008620750348557868,-0.0023565357803240934
2.5902,0.0008620750348557868,-0.0023565357803240934
2.5904249999999998,0.0008620750348557868,-0.0023565357803240934
2.59065,0.0008620750348557868,-0.0023565357803240934
2.590875,0.0008620750348557868,-0.0023565357803240934
2.5911,0.0008597184990754627,-0.012166535780324094
2.591325,0.0008597184990754627,-0.012166535780324094
2.59155,0.0008597184990754627,-0.012166535780324094
2.5917749999999997,0.0008597184990754627,-0.012166535780324094
2.592,0.0008475519632951386,-0.021976535780324095
2.592225,0.0008475519632951386,-0.021976535780324095
2.59245,0.0008475519632951386,-0.021976535780324095
2.592675,0.0008475519632951386,-0.021976535780324095
2.5928999999999998,0.0008255754275148145,-0.031786535780324095
2.593125,0.0008255754275148145,-0.031786535780324095
2.59335,0.0008255754275148145,-0.031786535780324095
2.593575,0.0008255754275148145,-0.031786535780324095
2.5938,0.0008255754275148145,-0.031786535780324095
2.594025,0.0007937888917344904,-0.041596535780324094
2.5942499999999997,0.0007937888917344904,-0.041596535780324094
2.594475,0.0007937888917344904,-0.041596535780324094
2.5947,0.0007937888917344904,-0.041596535780324094
2.594925,0.0007521923559541664,-0.05140653578032409
2.59515,0.0007521923559541664,-0.05140653578032409
2.5953749999999998,0.0007521923559541664,-0.05140653578032409
2.5956,0.0007521923559541664,-0.05140653578032409
2.595825,0.0007521923559541664,-0.05140653578032409
2.59605,0.0007007858201738422,-0.06121653578032409
2.596275,0.0007007858201738422,-0.06121653578032409
2.5965,0.0007007858201738422,-0.06121653578032409
2.5967249999999997,0.0007007858201738422,-0.06121653578032409
2.59695,0.0006395692843935182,-0.0710265357803241
2.597175,0.0006395692843935182,-0.0710265357803241
2.5974,0.0006395692843935182,-0.0710265357803241
2.597625,0.0006395692843935182,-0.0710265357803241
2.5978499999999998,0.0006395692843935182,-0.0710265357803241
2.598075,0.000568542748613194,-0.0808365357803241
2.5983,0.000568542748613194,-0.0808365357803241
2.598525,0.000568542748613194,-0.0808365357803241
2.59875,0.000568542748613194,-0.0808365357803241
2.598975,0.0004877062128328699,-0.0906465357803241
2.5991999999999997,0.0004877062128328699,-0.0906465357803241
2.599425,0.0004877062128328699,-0.0906465357803241
2.59965,0.0004877062128328699,-0.0906465357803241
2.599875,0.0004877062128328699,-0.0906465357803241
2.6001,0.0003970596770525458,-0.1004565357803241
2.6003249999999998,0.0003970596770525458,-0.1004565357803241
2.60055,0.0003970596770525458,-0.1004565357803241
2.600775,0.0003970596770525458,-0.1004565357803241
2.601,0.0002966031412722217,-0.1102665357803241
2.601225,0.0002966031412722217,-0.1102665357803241
2.60145,0.0002966031412722217,-0.1102665357803241
2.6016749999999997,0.0002966031412722217,-0.1102665357803241
2.6019,0.00018633660549189761,-0.1200765357803241
2.602125,0.00018633660549189761,-0.1200765357803241
2.60235,0.00018633660549189761,-0.1200765357803241
2.602575,0.00018633660549189761,-0.1200765357803241
2.6028,0.00018633660549189761,-0.1200765357803241
2.603025,6.626006971157352e-05,-0.1298865357803241
2.60325,6.626006971157352e-05,-0.1298865357803241
2.603475,6.626006971157352e-05,-0.1298865357803241
2.6037,6.626006971157352e-05,-0.1298865357803241
2.603925,0.0,0.0
2.6041499999999997,0.0,0.0
2.604375,0.0,0.0
2.6046,0.0,0.0
2.604825,0.0,0.0
2.60505,0.0,0.0
2.605275,0.0,0.0
2.6055,0.0,0.0
2.605725,0.0,0.0
2.60595,0.0,0.0
2.606175,0.0,0.0
2.6064,0.0,0.0
2.6066249999999997,0.0,0.0
2.60685,0.0,0.0
2.607075,0.0,0.0
2.6073,0.0,0.0
2.607525,0.0,0.0
2.60775,0.0,0.0
2.6079749999999997,0.0,0.0
2.6082,0.0,0.0
2.608425,0.0,0.0
2.60865,0.0,0.0
2.608875,0.0,0.0
2.6090999999999998,0.0,0.0
2.609325,0.0,0.0
2.60955,0.0,0.0
2.609775,0.0,0.0
2.61,0.0,0.0
2.610225,0.0,0.0
2.6104499999999997,0.0,0.0
2.610675,0.0,0.0
2.6109,0.0,0.0
2.611125,0.0,0.0
2.61135,0.0,0.0
2.6115749999999998,0.0,0.0
2.6118,0.0,0.0
2.612025,0.0,0.0
2.61225,0.0,0.0
2.612475,0.0,0.0
2.6127,0.0,0.0
2.6129249999999997,0.0,0.0
2.61315,0.0,0.0
2.613375,0.0,0.0
2.6136,0.0,0.0
2.613825,0.0,0.0
2.6140499999999998,0.0,0.0
2.614275,0.0,0.0
2.6145,0.0,0.0
2.614725,0.0,0.0
2.61495,0.0,0.0
2.615175,0.0,0.0
2.6153999999999997,0.0,0.0
2.615625,0.0,0.0
2.61585,0.0,0.0
2.616075,0.0,0.0
2.6163,0.0,0.0
2.6165249999999998,0.0,0.0
2.61675,0.0,0.0
2.616975,0.0,0.0
2.6172,0.0,0.0
2.617425,0.0,0.0
2.61765,0.0,0.0
2.6178749999999997,0.0,0.0
2.6181,0.0,0.0
2.618325,0.0,0.0
2.61855,0.0,0.0
2.618775,0.0,0.0
2.6189999999999998,0.0,0.0
2.619225,0.0,0.0
2.61945,0.0,0.0
2.619675,0.0,0.0
2.6199,0.0,0.0
2.620125,0.0,0.0
2.6203499999999997,0.0,0.0
2.620575,0.0,0.0
2.6208,0.0,0.0
2.621025,0.0,0.0
2.62125,0.0,0.0
2.6214749999999998,0.0,0.0
2.6217,0.0,0.0
2.621925,0.0,0.0
2.62215,0.0,0.0
2.622375,0.0,0.0
2.6226,0.0,0.0
2.6228249999999997,0.0,0.0
2.62305,0.0,0.0
2.623275,0.0,0.0
2.6235,0.0,0.0
2.623725,0.0,0.0
2.62395,0.0,0.0
2.624175,0.0,0.0
2.6244,0.0,0.0
2.624625,0.0,0.0
2.62485,0.0,0.0
2.625075,0.0,0.0
2.6252999999999997,0.0,0.0
2.625525,0.0,0.0
2.62575,0.0,0.0
2.625975,0.0,0.0
2.6262,0.0,0.0
2.626425,0.0,0.0
2.6266499999999997,0.0,0.0
2.626875,0.0,0.0
2.6271,0.0,0.0
2.627325,0.0,0.0
2.62755,0.0,0.0
2.6277749999999997,0.0,0.0
2.628,0.0,0.0
2.628225,0.0,0.0
2.62845,0.0,0.0
2.628675,0.0,0.0
2.6289,0.0,0.0
2.6291249999999997,0.0,0.0
2.62935,0.0,0.0
2.629575,0.0,0.0
2.6298,0.0,0.0
2.630025,0.0,0.0
2.6302499999999998,0.0,0.0
2.630475,0.0,0.0
2.6307,0.0,0.0
2.630925,0.0,0.0
2.63115,0.0,0.0
2.631375,0.0,0.0
2.6315999999999997,0.0,0.0
2.631825,0.0,0.0
2.63205,0.0,0.0
2.632275,0.0,0.0
2.6325,0.0,0.0
2.6327249999999998,0.0,0.0
2.63295,0.0,0.0
2.633175,0.0,0.0
2.6334,0.0,0.0
2.633625,0.0,0.0
2.63385,0.0,0.0
2.6340749999999997,0.0,0.0
2.6343,0.0,0.0
2.634525,0.0,0.0
2.63475,0.0,0.0
2.634975,0.0,0.0
2.6351999999999998,0.0,0.0
2.635425,0.0,0.0
2.63565,0.0,0.0
2.635875,0.0,0.0
2.6361,0.0,0.0
2.636325,0.0,0.0
2.6365499999999997,0.0,0.0
2.636775,0.0,0.0
2.637,0.0,0.0
2.637225,0.0,0.0
2.63745,0.0,0.0
2.6376749999999998,0.0,0.0
2.6379,0.0,0.0
2.638125,0.0,0.0
2.63835,0.0,0.0
2.638575,0.0,0.0
2.6388,0.0,0.0
2.6390249999999997,0.0,0.0
2.63925,0.0,0.0
2.639475,0.0,0.0
2.6397,0.0,0.0
2.639925,0.0,0.0
2.6401499999999998,0.0,0.0
2.640375,0.0,0.0
2.6406,0.0,0.0
2.640825,0.0,0.0
2.64105,0.0,0.0
2.641275,0.0,0.0
2.6414999999999997,0.0,0.0
2.641725,0.0,0.0
2.64195,0.0,0.0
2.642175,0.0,0.0
2.6424,0.0,0.0
2.642625,0.0,0.0
2.64285,0.0,0.0
2.643075,0.0,0.0
2.6433,0.0,0.0
2.643525,0.0,0.0
2.64375,0.0,0.0
2.6439749999999997,0.0,0.0
2.6442,0.0,0.0
2.644425,0.0,0.0
2.64465,0.0,0.0
2.644875,0.0,0.0
2.6451,0.0,0.0
2.645325,0.0,0.0
2.64555,0.0,0.0
2.645775,0.0,0.0
2.646,0.0,0.0
2.646225,0.0,0.0
2.6464499999999997,0.0,0.0
2.646675,0.0,0.0
2.6469,0.0,0.0
2.647125,0.0,0.0
2.64735,0.0,0.0
2.647575,0.0,0.0
2.6477999999999997,0.0,0.0
2.648025,0.0,0.0
2.64825,0.0,0.0
2.648475,0.0,0.0
2.6487,0.0,0.0
2.6489249999999998,0.0,0.0
2.64915,0.0,0.0
2.649375,0.0,0.0
2.6496,0.0,0.0
2.649825,0.0,0.0
2.65005,0.0,0.0
2.6502749999999997,0.0,0.0
2.6505,0.0,0.0
2.650725,0.0,0.0
2.65095,0.0,0.0
2.651175,0.0,0.0
2.6513999999999998,0.0,0.0
2.651625,0.0,0.0
2.65185,0.0,0.0
2.652075,0.0,0.0
2.6523,0.0,0.0
2.652525,0.0,0.0
2.6527499999999997,0.0,0.0
2.652975,0.0,0.0
2.6532,0.0,0.0
2.653425,0.0,0.0
2.65365,0.0,0.0
2.6538749999999998,0.0,0.0
2.6541,0.0,0.0
2.654325,0.0,0.0
2.65455,0.0,0.0
2.654775,0.0,0.0
2.655,0.0,0.0
2.6552249999999997,0.0,0.0
2.65545,0.0,0.0
2.655675,0.0,0.0
2.6559,0.0,0.0
2.656125,0.0,0.0
2.6563499999999998,0.0,0.0
2.656575,0.0,0.0
2.6568,0.0,0.0
2.657025,0.0,0.0
2.65725,0.0,0.0
2.657475,0.0,0.0
2.6576999999999997,0.0,0.0
2.657925,0.0,0.0
2.65815,0.0,0.0
2.658375,0.0,0.0
2.6586,0.0,0.0
2.6588249999999998,0.0,0.0
2.65905,0.0,0.0
2.659275,0.0,0.0
2.6595,0.0,0.0
2.659725,0.0,0.0
2.65995,0.0,0.0
2.6601749999999997,0.0,0.0
2.6604,0.0,0.0
2.660625,0.0,0.0
2.66085,0.0,0.0
2.661075,0.0,0.0
2.6612999999999998,0.0,0.0
2.661525,0.0,0.0
2.66175,0.0,0.0
2.661975,0.0,0.0
2.6622,0.0,0.0
2.662425,0.0,0.0
2.6626499999999997,0.0,0.0
2.662875,0.0,0.0
2.6631,0.0,0.0
2.663325,0.0,0.0
2.66355,0.0,0.0
2.663775,0.0,0.0
2.664,0.0,0.0
2.664225,0.0,0.0
2.66445,0.0,0.0
2.664675,0.0,0.0
2.6649,0.0,0.0
2.6651249999999997,0.0,0.0
2.66535,0.0,0.0
2.665575,0.0,0.0
2.6658,0.0,0.0
2.666025,0.0,0.0
2.66625,0.0,0.0
2.6664749999999997,0.0,0.0
2.6667,0.0,0.0
2.666925,0.0,0.0
2.66715,0.0,0.0
2.667375,0.0,0.0
2.6675999999999997,0.0,0.0
2.667825,0.0,0.0
2.66805,0.0,0.0
2.668275,0.0,0.0
2.6685,0.0,0.0
2.668725,0.0,0.0
2.6689499999999997,0.0,0.0
2.669175,0.0,0.0
2.6694,0.0,0.0
2.669625,0.0,0.0
2.66985,0.0,0.0
2.6700749999999998,0.0,0.0
2.6703,0.0,0.0
2.670525,0.0,0.0
2.67075,0.0,0.0
2.670975,0.0,0.0
2.6712,0.0,0.0
2.6714249999999997,0.0,0.0
2.67165,0.0,0.0
2.671875,0.0,0.0
2.6721,0.0,0.0
2.672325,0.0,0.0
2.6725499999999998,0.0,0.0
2.672775,0.0,0.0
2.673,0.0,0.0
2.673225,0.0,0.0
2.67345,0.0,0.0
2.673675,0.0,0.0
2.6738999999999997,0.0,0.0
2.674125,0.0,0.0
2.67435,0.0,0.0
2.674575,0.0,0.0
2.6748,0.0,0.0
2.6750249999999998,0.0,0.0
2.67525,0.0,0.0
2.675475,0.0,0.0
2.6757,0.0,0.0
2.675925,0.0,0.0
2.67615,0.0,0.0
2.6763749999999997,0.0,0.0
2.6766,0.0,0.0
2.676825,0.0,0.0
2.67705,0.0,0.0
2.677275,0.0,0.0
2.6774999999999998,0.0,0.0
2.677725,0.0,0.0
2.67795,0.0,0.0
2.678175,0.0,0.0
2.6784,0.0,0.0
2.678625,0.0,0.0
2.6788499999999997,0.0,0.0
2.679075,0.0,0.0
2.6793,0.0,0.0
2.679525,0.0,0.0
2.67975,0.0,0.0
2.6799749999999998,0.0,0.0
2.6802,0.0,0.0
2.680425,0.0,0.0
2.68065,0.0,0.0
2.680875,0.0,0.0
2.6811,0.0,0.0
2.6813249999999997,0.0,0.0
2.68155,0.0,0.0
2.681775,0.0,0.0
2.682,0.0,0.0
2.682225,0.0,0.0
2.68245,0.0,0.0
2.682675,0.0,0.0
2.6829,0.0,0.0
2.683125,0.0,0.0
2.68335,0.0,0.0
2.683575,0.0,0.0
2.6837999999999997,0.0,0.0
2.684025,0.0,0.0
2.68425,0.0,0.0
2.684475,0.0,0.0
2.6847,0.0,0.0
2.684925,0.0,0.0
2.68515,0.0,0.0
2.685375,0.0,0.0
2.6856,0.0,0.0
2.685825,0.0,0.0
2.68605,0.0,0.0
2.6862749999999997,0.0,0.0
2.6865,0.0,0.0
2.686725,0.0,0.0
2.68695,0.0,0.0
2.687175,0.0,0.0
2.6874,0.0,0.0
2.6876249999999997,0.0,0.0
2.68785,0.0,0.0
2.688075,0.0,0.0
2.6883,0.0,0.0
2.688525,0.0,0.0
2.6887499999999998,0.0,0.0
2.688975,0.0,0.0
2.6892,0.0,0.0
2.689425,0.0,0.0
2.68965,0.0,0.0
2.689875,0.0,0.0
2.6900999999999997,0.0,0.0
2.690325,0.0,0.0
2.69055,0.0,0.0
2.690775,0.0,0.0
2.691,0.0,0.0
2.6912249999999998,0.0,0.0
2.69145,0.0,0.0
2.691675,0.0,0.0
2.6919,0.0,0.0
2.692125,0.0,0.0
2.69235,0.0,0.0
2.6925749999999997,0.0,0.0
2.6928,0.0,0.0
2.693025,0.0,0.0
2.69325,0.0,0.0
2.693475,0.0,0.0
2.6936999999999998,0.0,0.0
2.693925,0.0,0.0
2.69415,0.0,0.0
2.694375,0.0,0.0
2.6946,0.0,0.0
2.694825,0.0,0.0
2.6950499999999997,0.0,0.0
2.695275,0.0,0.0
2.6955,0.0,0.0
2.695725,0.0,0.0
2.69595,0.0,0.0
2.6961749999999998,0.0,0.0
2.6964,0.0,0.0
2.696625,0.0,0.0
2.69685,0.0,0.0
2.697075,0.0,0.0
2.6973,0.0,0.0
2.6975249999999997,0.0,0.0
2.69775,0.0,0.0
2.697975,0.0,0.0
2.6982,0.0,0.0
2.698425,0.0,0.0
2.6986499999999998,0.0,0.0
2.698875,0.0,0.0
2.6991,0.0,0.0
2.699325,0.0,0.0
2.69955,0.0,0.0
2.699775,0.0,0.0
2.6999999999999997,0.0,0.0
2.700225,0.0,0.0
2.70045,0.0,0.0
2.700675,0.0,0.0
2.7009,0.0,0.0
2.7011249999999998,0.0,0.0
2.70135,0.0,0.0
2.701575,0.0,0.0
2.7018,0.0,0.0
2.702025,0.0,0.0
2.70225,0.0,0.0
2.7024749999999997,0.0,0.0
2.7027,0.0,0.0
2.702925,0.0,0.0
2.70315,0.0,0.0
2.703375,0.0,0.0
2.7036,0.0,0.0
2.703825,0.0,0.0
2.70405,0.0,0.0
2.704275,0.0,0.0
2.7045,0.0,0.0
2.704725,0.0,0.0
2.7049499999999997,0.0,0.0
2.705175,0.0,0.0
2.7054,0.0,0.0
2.705625,0.0,0.0
2.70585,0.0,0.0
2.706075,0.0,0.0
2.7062999999999997,0.0,0.0
2.706525,0.0,0.0
2.70675,0.0,0.0
2.706975,0.0,0.0
2.7072,0.0,0.0
2.7074249999999997,0.0,0.0
2.70765,0.0,0.0
2.707875,0.0,0.0
2.7081,0.0,0.0
2.708325,0.0,0.0
2.70855,0.0,0.0
2.7087749999999997,0.0,0.0
2.709,0.0,0.0
2.709225,0.0,0.0
2.70945,0.0,0.0
2.709675,0.0,0.0
2.7098999999999998,0.0,0.0
2.710125,0.0,0.0
2.71035,0.0,0.0
2.710575,0.0,0.0
2.7108,0.0,0.0
2.711025,0.0,0.0
2.7112499999999997,0.0,0.0
2.711475,0.0,0.0
2.7117,0.0,0.0
2.711925,0.0,0.0
2.71215,0.0,0.0
2.7123749999999998,0.0,0.0
2.7126,0.0,0.0
2.712825,0.0,0.0
2.71305,0.0,0.0
2.713275,0.0,0.0
2.7135,0.0,0.0
2.7137249999999997,0.0,0.0
2.71395,0.0,0.0
2.714175,0.0,0.0
2.7144,0.0,0.0
2.714625,0.0,0.0
2.7148499999999998,0.0,0.0
2.715075,0.0,0.0
2.7153,0.0,0.0
2.715525,0.0,0.0
2.71575,0.0,0.0
2.715975,0.0,0.0
2.7161999999999997,0.0,0.0
2.716425,0.0,0.0
2.71665,0.0,0.0
2.716875,0.0,0.0
2.7171,0.0,0.0
2.7173249999999998,0.0,0.0
2.71755,0.0,0.0
2.717775,0.0,0.0
2.718,0.0,0.0
2.718225,0.0,0.0
2.71845,0.0,0.0
2.7186749999999997,0.0,0.0
2.7189,0.0,0.0
2.719125,0.0,0.0
2.71935,0.0,0.0
2.719575,0.0,0.0
2.7197999999999998,0.0,0.0
2.720025,0.0,0.0
2.72025,0.0,0.0
2.720475,0.0,0.0
2.7207,0.0,0.0
2.720925,0.0,0.0
2.7211499999999997,0.0,0.0
2.721375,0.0,0.0
2.7216,0.0,0.0
2.721825,0.0,0.0
2.72205,0.0,0.0
2.722275,0.0,0.0
2.7225,0.0,0.0
2.722725,0.0,0.0
2.72295,0.0,0.0
2.723175,0.0,0.0
2.7234,0.0,0.0
2.7236249999999997,0.0,0.0
2.72385,0.0,0.0
2.724075,0.0,0.0
2.7243,0.0,0.0
2.724525,0.0,0.0
2.72475,0.0,0.0
2.724975,0.0,0.0
2.7252,0.0,0.0
2.725425,0.0,0.0
2.72565,0.0,0.0
2.725875,0.0,0.0
2.7260999999999997,0.0,0.0
2.726325,0.0,0.0
2.72655,0.0,0.0
2.726775,0.0,0.0
2.727,0.0,0.0
2.727225,0.0,0.0
2.7274499999999997,0.0,0.0
2.727675,0.0,0.0
2.7279,0.0,0.0
2.728125,0.0,0.0
2.72835,0.0,0.0
2.7285749999999998,0.0,0.0
2.7288,0.0,0.0
2.729025,0.0,0.0
2.72925,0.0,0.0
2.729475,0.0,0.0
2.7297,0.0,0.0
2.7299249999999997,0.0,0.0
2.73015,0.0,0.0
2.730375,0.0,0.0
2.7306,0.0,0.0
2.730825,0.0,0.0
2.7310499999999998,0.0,0.0
2.731275,0.0,0.0
2.7315,0.0,0.0
2.731725,0.0,0.0
2.73195,0.0,0.0
2.732175,0.0,0.0
2.7323999999999997,0.0,0.0
2.732625,0.0,0.0
2.73285,0.0,0.0
2.733075,0.0,0.0
2.7333,0.0,0.0
2.7335249999999998,0.0,0.0
2.73375,0.0,0.0
2.733975,0.0,0.0
2.7342,0.0,0.0
2.734425,0.0,0.0
2.73465,0.0,0.0
2.7348749999999997,0.0,0.0
2.7351,0.0,0.0
2.735325,0.0,0.0
2.73555,0.0,0.0
2.735775,0.0,0.0
2.7359999999999998,0.0,0.0
2.736225,0.0,0.0
2.73645,0.0,0.0
2.736675,0.0,0.0
2.7369,0.0,0.0
2.737125,0.0,0.0
2.7373499999999997,0.0,0.0
2.737575,0.0,0.0
2.7378,0.0,0.0
2.738025,0.0,0.0
2.73825,0.0,0.0
2.7384749999999998,0.0,0.0
2.7387,0.0,0.0
2.738925,0.0,0.0
2.73915,0.0,0.0
2.739375,0.0,0.0
2.7396,0.0,0.0
2.7398249999999997,0.0,0.0
2.74005,0.0,0.0
2.740275,0.0,0.0
2.7405,0.0,0.0
2.740725,0.0,0.0
2.7409499999999998,0.0,0.0
2.741175,0.0,0.0
2.7414,0.0,0.0
2.741625,0.0,0.0
2.74185,0.0,0.0
2.742075,0.0,0.0
2.7422999999999997,0.0,0.0
2.742525,0.0,0.0
2.74275,0.0,0.0
2.742975,0.0,0.0
2.7432,0.0,0.0
2.743425,0.0,0.0
2.74365,0.0,0.0
2.743875,0.0,0.0
2.7441,0.0,0.0
2.744325,0.0,0.0
2.74455,0.0,0.0
2.7447749999999997,0.0,0.0
2.745,0.0,0.0
2.745225,0.0,0.0
2.74545,0.0,0.0
2.745675,0.0,0.0
2.7459,0.0,0.0
2.7461249999999997,0.0,0.0
2.74635,0.0,0.0
2.746575,0.0,0.0
2.7468,0.0,0.0
2.747025,0.0,0.0
2.7472499999999997,0.0,0.0
2.747475,0.0,0.0
2.7477,0.0,0.0
2.747925,0.0,0.0
2.74815,0.0,0.0
2.748375,0.0,0.0
2.7485999999999997,0.0,0.0
2.748825,0.0,0.0
2.74905,0.0,0.0
2.749275,0.0,0.0
2.7495,0.0,0.0
2.7497249999999998,0.0,0.0
2.74995,0.0,0.0
2.750175,0.0,0.0
2.7504,0.0,0.0
2.750625,0.0,0.0
2.75085,0.0,0.0
2.7510749999999997,0.0,0.0
2.7513,0.0,0.0
2.751525,0.0,0.0
2.75175,0.0,0.0
2.751975,0.0,0.0
2.7521999999999998,0.0,0.0
2.752425,0.0,0.0
2.75265,0.0,0.0
2.752875,0.0,0.0
2.7531,0.0,0.0
2.753325,0.0,0.0
2.7535499999999997,0.0,0.0
2.753775,0.0,0.0
2.754,0.0,0.0
2.754225,0.0,0.0
2.75445,0.0,0.0
2.7546749999999998,0.0,0.0
2.7549,0.0,0.0
2.755125,0.0,0.0
2.75535,0.0,0.0
2.755575,0.0,0.0
2.7558,0.0,0.0
2.7560249999999997,0.0,0.0
2.75625,0.0,0.0
2.756475,0.0,0.0
2.7567,0.0,0.0
2.756925,0.0,0.0
2.7571499999999998,0.0,0.0
2.757375,0.0,0.0
2.7576,0.0,0.0
2.757825,0.0,0.0
2.75805,0.0,0.0
2.758275,0.0,0.0
2.7584999999999997,0.0,0.0
2.758725,0.0,0.0
2.75895,0.0,0.0
2.759175,0.0,0.0
2.7594,0.0,0.0
2.7596249999999998,0.0,0.0
2.75985,0.0,0.0
2.760075,0.0,0.0
2.7603,0.0,0.0
2.760525,0.0,0.0
2.76075,0.0,0.0
2.7609749999999997,0.0,0.0
2.7612,0.0,0.0
2.761425,0.0,0.0
2.76165,0.0,0.0
2.761875,0.0,0.0
2.7620999999999998,0.0,0.0
2.762325,0.0,0.0
2.76255,0.0,0.0
2.762775,0.0,0.0
2.763,0.0,0.0
2.763225,0.0,0.0
2.7634499999999997,0.0,0.0
2.763675,0.0,0.0
2.7639,0.0,0.0
2.764125,0.0,0.0
2.76435,0.0,0.0
2.764575,0.0,0.0
2.7648,0.0,0.0
2.765025,0.0,0.0
2.76525,0.0,0.0
2.765475,0.0,0.0
2.7657,0.0,0.0
2.7659249999999997,0.0,0.0
2.76615,0.0,0.0
2.766375,0.0,0.0
2.7666,0.0,0.0
2.766825,0.0,0.0
2.76705,0.0,0.0
2.7672749999999997,0.0,0.0
2.7675,0.0,0.0
2.767725,0.0,0.0
2.76795,0.0,0.0
2.768175,0.0,0.0
2.7683999999999997,0.0,0.0
2.768625,0.0,0.0
2.76885,0.0,0.0
2.769075,0.0,0.0
2.7693,0.0,0.0
2.769525,0.0,0.0
2.7697499999999997,0.0,0.0
2.769975,0.0,0.0
2.7702,0.0,0.0
2.770425,0.0,0.0
2.77065,0.0,0.0
2.7708749999999998,0.0,0.0
2.7711,0.0,0.0
2.771325,0.0,0.0
2.77155,0.0,0.0
2.771775,0.0,0.0
2.772,0.0,0.0
2.7722249999999997,0.0,0.0
2.77245,0.0,0.0
2.772675,0.0,0.0
2.7729,0.0,0.0
2.773125,0.0,0.0
2.7733499999999998,0.0,0.0
2.773575,0.0,0.0
2.7738,0.0,0.0
2.774025,0.0,0.0
2.77425,0.0,0.0
2.774475,0.0,0.0
2.7746999999999997,0.0,0.0
2.774925,0.0,0.0
2.77515,0.0,0.0
2.775375,0.0,0.0
2.7756,0.0,0.0
2.7758249999999998,0.0,0.0
2.77605,0.0,0.0
2.776275,0.0,0.0
2.7765,0.0,0.0
2.776725,0.0,0.0
2.77695,0.0,0.0
2.7771749999999997,0.0,0.0
2.7774,0.0,0.0
2.777625,0.0,0.0
2.77785,0.0,0.0
2.778075,0.0,0.0
2.7782999999999998,0.0,0.0
2.778525,0.0,0.0
2.77875,0.0,0.0
2.778975,0.0,0.0
2.7792,0.0,0.0
2.779425,0.0,0.0
2.7796499999999997,0.0,0.0
2.779875,0.0,0.0
2.7801,0.0,0.0
2.780325,0.0,0.0
2.78055,0.0,0.0
2.7807749999999998,0.0,0.0
2.781,0.0,0.0
2.781225,0.0,0.0
2.78145,0.0,0.0
2.781675,0.0,0.0
2.7819,0.0,0.0
2.7821249999999997,0.0,0.0
2.78235,0.0,0.0
2.782575,0.0,0.0
2.7828,0.0,0.0
2.783025,0.0,0.0
2.78325,0.0,0.0
2.783475,0.0,0.0
2.7837,0.0,0.0
2.783925,0.0,0.0
2.78415,0.0,0.0
2.784375,0.0,0.0
2.7845999999999997,0.0,0.0
2.784825,0.0,0.0
2.78505,0.0,0.0
2.785275,0.0,0.0
2.7855,0.0,0.0
2.785725,0.0,0.0
2.7859499999999997,0.0,0.0
2.786175,0.0,0.0
2.7864,0.0,0.0
2.786625,0.0,0.0
2.78685,0.0,0.0
2.7870749999999997,0.0,0.0
2.7873,0.0,0.0
2.787525,0.0,0.0
2.78775,0.0,0.0
2.787975,0.0,0.0
2.7882,0.0,0.0
2.7884249999999997,0.0,0.0
2.78865,0.0,0.0
2.788875,0.0,0.0
2.7891,0.0,0.0
2.789325,0.0,0.0
2.7895499999999998,0.0,0.0
2.789775,0.0,0.0
2.79,0.0,0.0
2.790225,0.0,0.0
2.79045,0.0,0.0
2.790675,0.0,0.0
2.7908999999999997,0.0,0.0
2.791125,0.0,0.0
2.79135,0.0,0.0
2.791575,0.0,0.0
2.7918,0.0,0.0
2.7920249999999998,0.0,0.0
2.79225,0.0,0.0
2.792475,0.0,0.0
2.7927,0.0,0.0
2.792925,0.0,0.0
2.79315,0.0,0.0
2.7933749999999997,0.0,0.0
2.7936,0.0,0.0
2.793825,0.0,0.0
2.79405,0.0,0.0
2.794275,0.0,0.0
2.7944999999999998,0.0,0.0
2.794725,0.0,0.0
2.79495,0.0,0.0
2.795175,0.0,0.0
2.7954,0.0,0.0
2.795625,0.0,0.0
2.7958499999999997,0.0,0.0
2.796075,0.0,0.0
2.7963,0.0,0.0
2.796525,0.0,0.0
2.79675,0.0,0.0
2.7969749999999998,0.0,0.0
2.7972,0.0,0.0
2.797425,0.0,0.0
2.79765,0.0,0.0
2.797875,0.0,0.0
2.7981,0.0,0.0
2.7983249999999997,0.0,0.0
2.79855,0.0,0.0
2.798775,0.0,0.0
2.799,0.0,0.0
2.799225,0.0,0.0
2.7994499999999998,0.0,0.0
2.799675,0.0,0.0
2.7999,0.0,0.0
2.800125,0.0,0.0
2.80035,0.0,0.0
2.800575,0.0,0.0
2.8007999999999997,0.0,0.0
2.801025,0.0,0.0
2.80125,0.0,0.0
2.801475,0.0,0.0
2.8017,0.0,0.0
2.8019249999999998,0.0,0.0
2.80215,0.0,0.0
2.802375,0.0,0.0
2.8026,0.0,0.0
2.802825,0.0,0.0
2.80305,0.0,0.0
2.8032749999999997,0.0,0.0
2.8035,0.0,0.0
2.803725,0.0,0.0
2.80395,0.0,0.0
2.804175,0.0,0.0
2.8044,0.0,0.0
2.8046249999999997,0.0,0.0
2.80485,0.0,0.0
2.805075,0.0,0.0
2.8053,0.0,0.0
2.805525,0.0,0.0
2.8057499999999997,0.0,0.0
2.805975,0.0,0.0
2.8062,0.0,0.0
2.806425,0.0,0.0
2.80665,0.0,0.0
2.806875,0.0,0.0
2.8070999999999997,0.0,0.0
2.807325,0.0,0.0
2.80755,0.0,0.0
2.807775,0.0,0.0
2.808,0.0,0.0
2.8082249999999997,0.0,0.0
2.80845,0.0,0.0
2.808675,0.0,0.0
2.8089,0.0,0.0
2.809125,0.0,0.0
2.80935,0.0,0.0
2.8095749999999997,0.0,0.0
2.8098,0.0,0.0
2.810025,0.0,0.0
2.81025,0.0,0.0
2.810475,0.0,0.0
2.8106999999999998,0.0,0.0
2.810925,0.0,0.0
2.81115,0.0,0.0
2.811375,0.0,0.0
2.8116,0.0,0.0
2.811825,0.0,0.0
2.8120499999999997,0.0,0.0
2.812275,0.0,0.0
2.8125,0.0,0.0
2.812725,0.0,0.0
2.81295,0.0,0.0
2.8131749999999998,0.0,0.0
2.8134,0.0,0.0
2.813625,0.0,0.0
2.81385,0.0,0.0
2.814075,0.0,0.0
2.8143,0.0,0.0
2.8145249999999997,0.0,0.0
2.81475,0.0,0.0
2.814975,0.0,0.0
2.8152,0.0,0.0
2.815425,0.0,0.0
2.8156499999999998,0.0,0.0
2.815875,0.0,0.0
2.8161,0.0,0.0
2.816325,0.0,0.0
2.81655,0.0,0.0
2.816775,0.0,0.0
2.8169999999999997,0.0,0.0
2.817225,0.0,0.0
2.81745,0.0,0.0
2.817675,0.0,0.0
2.8179,0.0,0.0
2.8181249999999998,0.0,0.0
2.81835,0.0,0.0
2.818575,0.0,0.0
2.8188,0.0,0.0
2.819025,0.0,0.0
2.81925,0.0,0.0
2.8194749999999997,0.0,0.0
2.8197,0.0,0.0
2.819925,0.0,0.0
2.82015,0.0,0.0
2.820375,0.0,0.0
2.8205999999999998,0.0,0.0
2.820825,0.0,0.0
2.82105,0.0,0.0
2.821275,0.0,0.0
2.8215,0.0,0.0
2.821725,0.0,0.0
2.8219499999999997,0.0,0.0
2.822175,0.0,0.0
2.8224,0.0,0.0
2.822625,0.0,0.0
2.82285,0.0,0.0
2.823075,0.0,0.0
2.8233,0.0,0.0
2.823525,0.0,0.0
2.82375,0.0,0.0
2.823975,0.0,0.0
2.8242,0.0,0.0
2.8244249999999997,0.0,0.0
2.82465,0.0,0.0
2.824875,0.0,0.0
2.8251,0.0,0.0
2.825325,0.0,0.0
2.82555,0.0,0.0
2.8257749999999997,0.0,0.0
2.826,0.0,0.0
2.826225,0.0,0.0
2.82645,0.0,0.0
2.826675,0.0,0.0
2.8268999999999997,0.0,0.0
2.827125,0.0,0.0
2.82735,0.0,0.0
2.827575,0.0,0.0
2.8278,0.0,0.0
2.828025,0.0,0.0
2.8282499999999997,0.0,0.0
2.828475,0.0,0.0
2.8287,0.0,0.0
2.828925,0.0,0.0
2.82915,0.0,0.0
2.8293749999999998,0.0,0.0
2.8296,0.0,0.0
2.829825,0.0,0.0
2.83005,0.0,0.0
2.830275,0.0,0.0
2.8305,0.0,0.0
2.8307249999999997,0.0,0.0
2.83095,0.0,0.0
2.831175,0.0,0.0
2.8314,0.0,0.0
2.831625,0.0,0.0
2.8318499999999998,0.0,0.0
2.832075,0.0,0.0
2.8323,0.0,0.0
2.832525,0.0,0.0
2.83275,0.0,0.0
2.832975,0.0,0.0
2.8331999999999997,0.0,0.0
2.833425,0.0,0.0
2.83365,0.0,0.0
2.833875,0.0,0.0
2.8341,0.0,0.0
2.8343249999999998,0.0,0.0
2.83455,0.0,0.0
2.834775,0.0,0.0
2.835,0.0,0.0
2.835225,0.0,0.0
2.83545,0.0,0.0
2.8356749999999997,0.0,0.0
2.8359,0.0,0.0
2.836125,0.0,0.0
2.83635,0.0,0.0
2.836575,0.0,0.0
2.8367999999999998,0.0,0.0
2.837025,0.0,0.0
2.83725,0.0,0.0
2.837475,0.0,0.0
2.8377,0.0,0.0
2.837925,0.0,0.0
2.8381499999999997,0.0,0.0
2.838375,0.0,0.0
2.8386,0.0,0.0
2.838825,0.0,0.0
2.83905,0.0,0.0
2.8392749999999998,0.0,0.0
2.8395,0.0,0.0
2.839725,0.0,0.0
2.83995,0.0,0.0
2.840175,0.0,0.0
2.8404,0.0,0.0
2.8406249999999997,0.0,0.0
2.84085,0.0,0.0
2.841075,0.0,0.0
2.8413,0.0,0.0
2.841525,0.0,0.0
2.8417499999999998,0.0,0.0
2.841975,0.0,0.0
2.8422,0.0,0.0
2.842425,0.0,0.0
2.84265,0.0,0.0
2.842875,0.0,0.0
2.8430999999999997,0.0,0.0
2.843325,0.0,0.0
2.84355,0.0,0.0
2.843775,0.0,0.0
2.844,0.0,0.0
2.844225,0.0,0.0
2.8444499999999997,0.0,0.0
2.844675,0.0,0.0
2.8449,0.0,0.0
2.845125,0.0,0.0
2.84535,0.0,0.0
2.8455749999999997,0.0,0.0
2.8458,0.0,0.0
2.846025,0.0,0.0
2.84625,0.0,0.0
2.846475,0.0,0.0
2.8467,0.0,0.0
2.8469249999999997,0.0,0.0
2.84715,0.0,0.0
2.847375,0.0,0.0
2.8476,0.0,0.0
2.847825,0.0,0.0
2.8480499999999997,0.0,0.0
2.848275,0.0,0.0
2.8485,0.0,0.0
2.848725,0.0,0.0
2.84895,0.0,0.0
2.849175,0.0,0.0
2.8493999999999997,0.0,0.0
2.849625,0.0,0.0
2.84985,0.0,0.0
2.850075,0.0,0.0
2.8503,0.0,0.0
2.8505249999999998,0.0,0.0
2.85075,0.0,0.0
2.850975,0.0,0.0
2.8512,0.0,0.0
2.851425,0.0,0.0
2.85165,0.0,0.0
2.8518749999999997,0.0,0.0
2.8521,0.0,0.0
2.852325,0.0,0.0
2.85255,0.0,0.0
2.852775,0.0,0.0
2.8529999999999998,0.0,0.0
2.853225,0.0,0.0
2.85345,0.0,0.0
2.853675,0.0,0.0
2.8539,0.0,0.0
2.854125,0.0,0.0
2.8543499999999997,0.0,0.0
2.854575,0.0,0.0
2.8548,0.0,0.0
2.855025,0.0,0.0
2.85525,0.0,0.0
2.8554749999999998,0.0,0.0
2.8557,0.0,0.0
2.855925,0.0,0.0
2.85615,0.0,0.0
2.856375,0.0,0.0
2.8566,0.0,0.0
2.8568249999999997,0.0,0.0
2.85705,0.0,0.0
2.857275,0.0,0.0
2.8575,0.0,0.0
2.857725,0.0,0.0
2.8579499999999998,0.0,0.0
2.858175,0.0,0.0
2.8584,0.0,0.0
2.858625,0.0,0.0
2.85885,0.0,0.0
2.859075,0.0,0.0
2.8592999999999997,0.0,0.0
2.859525,0.0,0.0
2.85975,0.0,0.0
2.859975,0.0,0.0
2.8602,0.0,0.0
2.8604249999999998,0.0,0.0
2.86065,0.0,0.0
2.860875,0.0,0.0
2.8611,0.0,0.0
2.861325,0.0,0.0
2.86155,0.0,0.0
2.8617749999999997,0.0,0.0
2.862,0.0,0.0
2.862225,0.0,0.0
2.86245,0.0,0.0
2.862675,0.0,0.0
2.8629,0.0,0.0
2.863125,0.0,0.0
2.86335,0.0,0.0
2.863575,0.0,0.0
2.8638,0.0,0.0
2.864025,0.0,0.0
2.8642499999999997,0.0,0.0
2.864475,0.0,0.0
2.8647,0.0,0.0
2.864925,0.0,0.0
2.86515,0.0,0.0
2.865375,0.0,0.0
2.8655999999999997,0.0,0.0
2.865825,0.0,0.0
2.86605,0.0,0.0
2.866275,0.0,0.0
2.8665,0.0,0.0
2.8667249999999997,0.0,0.0
2.86695,0.0,0.0
2.867175,0.0,0.0
2.8674,0.0,0.0
2.867625,0.0,0.0
2.86785,0.0,0.0
2.8680749999999997,0.0,0.0
2.8683,0.0,0.0
2.868525,0.0,0.0
2.86875,0.0,0.0
2.868975,0.0,0.0
2.8691999999999998,0.0,0.0
2.869425,0.0,0.0
2.86965,0.0,0.0
2.869875,0.0,0.0
2.8701,0.0,0.0
2.870325,0.0,0.0
2.8705499999999997,0.0,0.0
2.870775,0.0,0.0
2.871,0.0,0.0
2.871225,0.0,0.0
2.87145,0.0,0.0
2.8716749999999998,0.0,0.0
2.8719,0.0,0.0
2.872125,0.0,0.0
2.87235,0.0,0.0
2.872575,0.0,0.0
2.8728,0.0,0.0
2.8730249999999997,0.0,0.0
2.87325,0.0,0.0
2.873475,0.0,0.0
2.8737,0.0,0.0
2.873925,0.0,0.0
2.8741499999999998,0.0,0.0
2.874375,0.0,0.0
2.8746,0.0,0.0
2.874825,0.0,0.0
2.87505,0.0,0.0
2.875275,0.0,0.0
2.8754999999999997,0.0,0.0
2.875725,0.0,0.0
2.87595,0.0,0.0
2.876175,0.0,0.0
2.8764,0.0,0.0
2.8766249999999998,0.0,0.0
2.87685,0.0,0.0
2.877075,0.0,0.0
2.8773,0.0,0.0
2.877525,0.0,0.0
2.87775,0.0,0.0
2.8779749999999997,0.0,0.0
2.8782,0.0,0.0
2.878425,0.0,0.0
2.87865,0.0,0.0
2.878875,0.0,0.0
2.8790999999999998,0.0,0.0
2.879325,0.0,0.0
2.87955,0.0,0.0
2.879775,0.0,0.0
2.88,0.0,0.0
2.880225,0.0,0.0
2.8804499999999997,0.0,0.0
2.880675,0.0,0.0
2.8809,0.0,0.0
2.881125,0.0,0.0
2.88135,0.0,0.0
2.8815749999999998,0.0,0.0
2.8818,0.0,0.0
2.882025,0.0,0.0
2.88225,0.0,0.0
2.882475,0.0,0.0
2.8827,0.0,0.0
2.8829249999999997,0.0,0.0
2.88315,0.0,0.0
2.883375,0.0,0.0
2.8836,0.0,0.0
2.883825,0.0,0.0
2.88405,0.0,0.0
2.8842749999999997,0.0,0.0
2.8845,0.0,0.0
2.884725,0.0,0.0
2.88495,0.0,0.0
2.885175,0.0,0.0
2.8853999999999997,0.0,0.0
2.885625,0.0,0.0
2.88585,0.0,0.0
2.886075,0.0,0.0
2.8863,0.0,0.0
2.886525,0.0,0.0
2.8867499999999997,0.0,0.0
2.886975,0.0,0.0
2.8872,0.0,0.0
2.887425,0.0,0.0
2.88765,0.0,0.0
2.8878749999999997,0.0,0.0
2.8881,0.0,0.0
2.888325,0.0,0.0
2.88855,0.0,0.0
2.888775,0.0,0.0
2.889,0.0,0.0
2.8892249999999997,0.0,0.0
2.88945,0.0,0.0
2.889675,0.0,0.0
2.8899,0.0,0.0
2.890125,0.0,0.0
2.8903499999999998,0.0,0.0
2.890575,0.0,0.0
2.8908,0.0,0.0
2.891025,0.0,0.0
2.89125,0.0,0.0
2.891475,0.0,0.0
2.8916999999999997,0.0,0.0
2.891925,0.0,0.0
2.89215,0.0,0.0
2.892375,0.0,0.0
2.8926,0.0,0.0
2.8928249999999998,0.0,0.0
2.89305,0.0,0.0
2.893275,0.0,0.0
2.8935,0.0,0.0
2.893725,0.0,0.0
2.89395,0.0,0.0
2.8941749999999997,0.0,0.0
2.8944,0.0,0.0
2.894625,0.0,0.0
2.89485,0.0,0.0
2.895075,0.0,0.0
2.8952999999999998,0.0,0.0
2.895525,0.0,0.0
2.89575,0.0,0.0
2.895975,0.0,0.0
2.8962,0.0,0.0
2.896425,0.0,0.0
2.8966499999999997,0.0,0.0
2.896875,0.0,0.0
2.8971,0.0,0.0
2.897325,0.0,0.0
2.89755,0.0,0.0
2.8977749999999998,0.0,0.0
2.898,0.0,0.0
2.898225,0.0,0.0
2.89845,0.0,0.0
2.898675,0.0,0.0
2.8989,0.0,0.0
2.8991249999999997,0.0,0.0
2.89935,0.0,0.0
2.899575,0.0,0.0
2.8998,0.0,0.0
2.900025,0.0,0.0
2.9002499999999998,0.0,0.0
2.900475,0.0,0.0
2.9007,0.0,0.0
2.900925,0.0,0.0
2.90115,0.0,0.0
2.901375,0.0,0.0
2.9015999999999997,0.0,0.0
2.901825,0.0,0.0
2.90205,0.0,0.0
2.902275,0.0,0.0
2.9025,0.0,0.0
2.9027249999999998,0.0,0.0
2.90295,0.0,0.0
2.903175,0.0,0.0
2.9034,0.0,0.0
2.903625,0.0,0.0
2.90385,0.0,0.0
2.9040749999999997,0.0,0.0
2.9043,0.0,0.0
2.904525,0.0,0.0
2.90475,0.0,0.0
2.904975,0.0,0.0
2.9052,0.0,0.0
2.9054249999999997,0.0,0.0
2.90565,0.0,0.0
2.905875,0.0,0.0
2.9061,0.0,0.0
2.906325,0.0,0.0
2.9065499999999997,0.0,0.0
2.906775,0.0,0.0
2.907,0.0,0.0
2.907225,0.0,0.0
2.90745,0.0,0.0
2.907675,0.0,0.0
2.9078999999999997,0.0,0.0
2.908125,0.0,0.0
2.90835,0.0,0.0
2.908575,0.0,0.0
2.9088,0.0,0.0
2.9090249999999997,0.0,0.0
2.90925,0.0,0.0
2.909475,0.0,0.0
2.9097,0.0,0.0
2.909925,0.0,0.0
2.91015,0.0,0.0
2.9103749999999997,0.0,0.0
2.9106,0.0,0.0
2.910825,0.0,0.0
2.91105,0.0,0.0
2.911275,0.0,0.0
2.9114999999999998,0.0,0.0
2.911725,0.0,0.0
2.91195,0.0,0.0
2.912175,0.0,0.0
2.9124,0.0,0.0
2.912625,0.0,0.0
2.9128499999999997,0.0,0.0
2.913075,0.0,0.0
2.9133,0.0,0.0
2.913525,0.0,0.0
2.91375,0.0,0.0
2.9139749999999998,0.0,0.0
2.9142,0.0,0.0
2.914425,0.0,0.0
2.91465,0.0,0.0
2.914875,0.0,0.0
2.9151,0.0,0.0
2.9153249999999997,0.0,0.0
2.91555,0.0,0.0
2.915775,0.0,0.0
2.916,0.0,0.0
2.916225,0.0,0.0
2.9164499999999998,0.0,0.0
2.916675,0.0,0.0
2.9169,0.0,0.0
2.917125,0.0,0.0
2.91735,0.0,0.0
2.917575,0.0,0.0
2.9177999999999997,0.0,0.0
2.918025,0.0,0.0
2.91825,0.0,0.0
2.918475,0.0,0.0
2.9187,0.0,0.0
2.9189249999999998,0.0,0.0
2.91915,0.0,0.0
2.919375,0.0,0.0
2.9196,0.0,0.0
2.919825,0.0,0.0
2.92005,0.0,0.0
2.9202749999999997,0.0,0.0
2.9205,0.0,0.0
2.920725,0.0,0.0
2.92095,0.0,0.0
2.921175,0.0,0.0
2.9213999999999998,0.0,0.0
2.921625,0.0,0.0
2.92185,0.0,0.0
2.922075,0.0,0.0
2.9223,0.0,0.0
2.922525,0.0,0.0
2.9227499999999997,0.0,0.0
2.922975,0.0,0.0
2.9232,0.0,0.0
2.923425,0.0,0.0
2.92365,0.0,0.0
2.923875,0.0,0.0
2.9240999999999997,0.0,0.0
2.924325,0.0,0.0
2.92455,0.0,0.0
2.924775,0.0,0.0
2.925,0.0,0.0
2.9252249999999997,0.0,0.0
2.92545,0.0,0.0
2.925675,0.0,0.0
2.9259,0.0,0.0
2.926125,0.0,0.0
2.92635,0.0,0.0
2.9265749999999997,0.0,0.0
2.9268,0.0,0.0
2.927025,0.0,0.0
2.92725,0.0,0.0
2.927475,0.0,0.0
2.9276999999999997,0.0,0.0
2.927925,0.0,0.0
2.92815,0.0,0.0
2.928375,0.0,0.0
2.9286,0.0,0.0
2.928825,0.0,0.0
2.9290499999999997,0.0,0.0
2.929275,0.0,0.0
2.9295,0.0,0.0
2.929725,0.0,0.0
2.92995,0.0,0.0
2.9301749999999998,0.0,0.0
2.9304,0.0,0.0
2.930625,0.0,0.0
2.93085,0.0,0.0
2.931075,0.0,0.0
2.9313,0.0,0.0
2.9315249999999997,0.0,0.0
2.93175,0.0,0.0
2.931975,0.0,0.0
2.9322,0.0,0.0
2.932425,0.0,0.0
2.9326499999999998,0.0,0.0
2.932875,0.0,0.0
2.9331,0.0,0.0
2.933325,0.0,0.0
2.93355,0.0,0.0
2.933775,0.0,0.0
2.9339999999999997,0.0,0.0
2.934225,0.0,0.0
2.93445,0.0,0.0
2.934675,0.0,0.0
2.9349,0.0,0.0
2.9351249999999998,0.0,0.0
2.93535,0.0,0.0
2.935575,0.0,0.0
2.9358,0.0,0.0
2.936025,0.0,0.0
2.93625,0.0,0.0
2.9364749999999997,0.0,0.0
2.9367,0.0,0.0
2.936925,0.0,0.0
2.93715,0.0,0.0
2.937375,0.0,0.0
2.9375999999999998,0.0,0.0
2.937825,0.0,0.0
2.93805,0.0,0.0
2.938275,0.0,0.0
2.9385,0.0,0.0
2.938725,0.0,0.0
2.9389499999999997,0.0,0.0
2.939175,0.0,0.0
2.9394,0.0,0.0
2.939625,0.0,0.0
2.93985,0.0,0.0
2.9400749999999998,0.0,0.0
2.9403,0.0,0.0
2.940525,0.0,0.0
2.94075,0.0,0.0
2.940975,0.0,0.0
2.9412,0.0,0.0
2.9414249999999997,0.0,0.0
2.94165,0.0,0.0
2.941875,0.0,0.0
2.9421,0.0,0.0
2.942325,0.0,0.0
2.9425499999999998,0.0,0.0
2.942775,0.0,0.0
2.943,0.0,0.0
2.943225,0.0,0.0
2.94345,0.0,0.0
2.943675,0.0,0.0
2.9438999999999997,0.0,0.0
2.944125,0.0,0.0
2.94435,0.0,0.0
2.944575,0.0,0.0
2.9448,0.0,0.0
2.945025,0.0,0.0
2.9452499999999997,0.0,0.0
2.945475,0.0,0.0
2.9457,0.0,0.0
2.945925,0.0,0.0
2.94615,0.0,0.0
2.9463749999999997,0.0,0.0
2.9466,0.0,0.0
2.946825,0.0,0.0
2.94705,0.0,0.0
2.947275,0.0,0.0
2.9475,0.0,0.0
2.9477249999999997,0.0,0.0
2.94795,0.0,0.0
2.948175,0.0,0.0
2.9484,0.0,0.0
2.948625,0.0,0.0
2.9488499999999997,0.0,0.0
2.949075,0.0,0.0
2.9493,0.0,0.0
2.949525,0.0,0.0
2.94975,0.0,0.0
2.949975,0.0,0.0
2.9501999999999997,0.0,0.0
2.950425,0.0,0.0
2.95065,0.0,0.0
2.950875,0.0,0.0
2.9511,0.0,0.0
2.9513249999999998,0.0,0.0
2.95155,0.0,0.0
2.951775,0.0,0.0
2.952,0.0,0.0
2.952225,0.0,0.0
2.95245,0.0,0.0
2.9526749999999997,0.0,0.0
2.9529,0.0,0.0
2.953125,0.0,0.0
2.95335,0.0,0.0
2.953575,0.0,0.0
2.9537999999999998,0.0,0.0
2.954025,0.0,0.0
2.95425,0.0,0.0
2.954475,0.0,0.0
2.9547,0.0,0.0
2.954925,0.0,0.0
2.9551499999999997,0.0,0.0
2.955375,0.0,0.0
2.9556,0.0,0.0
2.955825,0.0,0.0
2.95605,0.0,0.0
2.9562749999999998,0.0,0.0
2.9565,0.0,0.0
2.956725,0.0,0.0
2.95695,0.0,0.0
2.957175,0.0,0.0
2.9574,0.0,0.0
2.9576249999999997,0.0,0.0
2.95785,0.0,0.0
2.958075,0.0,0.0
2.9583,0.0,0.0
2.958525,0.0,0.0
2.9587499999999998,0.0,0.0
2.958975,0.0,0.0
2.9592,0.0,0.0
2.959425,0.0,0.0
2.95965,0.0,0.0
2.959875,0.0,0.0
2.9600999999999997,0.0,0.0
2.960325,0.0,0.0
2.96055,0.0,0.0
2.960775,0.0,0.0
2.961,0.0,0.0
2.9612249999999998,0.0,0.0
2.96145,0.0,0.0
2.961675,0.0,0.0
2.9619,0.0,0.0
2.962125,0.0,0.0
2.96235,0.0,0.0
2.9625749999999997,0.0,0.0
2.9628,0.0,0.0
2.963025,0.0,0.0
2.96325,0.0,0.0
2.963475,0.0,0.0
2.9637,0.0,0.0
2.9639249999999997,0.0,0.0
2.96415,0.0,0.0
2.964375,0.0,0.0
2.9646,0.0,0.0
2.964825,0.0,0.0
2.9650499999999997,0.0,0.0
2.965275,0.0,0.0
2.9655,0.0,0.0
2.965725,0.0,0.0
2.96595,0.0,0.0
2.966175,0.0,0.0
2.9663999999999997,0.0,0.0
2.966625,0.0,0.0
2.96685,0.0,0.0
2.967075,0.0,0.0
2.9673,0.0,0.0
2.9675249999999997,0.0,0.0
2.96775,0.0,0.0
2.967975,0.0,0.0
2.9682,0.0,0.0
2.968425,0.0,0.0
2.96865,0.0,0.0
2.9688749999999997,0.0,0.0
2.9691,0.0,0.0
2.969325,0.0,0.0
2.96955,0.0,0.0
2.969775,0.0,0.0
2.9699999999999998,0.0,0.0
2.970225,0.0,0.0
2.97045,0.0,0.0
2.970675,0.0,0.0
2.9709,0.0,0.0
2.971125,0.0,0.0
2.9713499999999997,0.0,0.0
2.971575,0.0,0.0
2.9718,0.0,0.0
2.972025,0.0,0.0
2.97225,0.0,0.0
2.9724749999999998,0.0,0.0
2.9727,0.0,0.0
2.972925,0.0,0.0
2.97315,0.0,0.0
2.973375,0.0,0.0
2.9736,0.0,0.0
2.9738249999999997,0.0,0.0
2.97405,0.0,0.0
2.974275,0.0,0.0
2.9745,0.0,0.0
2.974725,0.0,0.0
2.9749499999999998,0.0,0.0
2.975175,0.0,0.0
2.9754,0.0,0.0
2.975625,0.0,0.0
2.97585,0.0,0.0
2.976075,0.0,0.0
2.9762999999999997,0.0,0.0
2.976525,0.0,0.0
2.97675,0.0,0.0
2.976975,0.0,0.0
2.9772,0.0,0.0
2.9774249999999998,0.0,0.0
2.97765,0.0,0.0
2.977875,0.0,0.0
2.9781,0.0,0.0
2.978325,0.0,0.0
2.97855,0.0,0.0
2.9787749999999997,0.0,0.0
2.979,0.0,0.0
2.979225,0.0,0.0
2.97945,0.0,0.0
2.979675,0.0,0.0
2.9798999999999998,0.0,0.0
2.980125,0.0,0.0
2.98035,0.0,0.0
2.980575,0.0,0.0
2.9808,0.0,0.0
2.981025,0.0,0.0
2.9812499999999997,0.0,0.0
2.981475,0.0,0.0
2.9817,0.0,0.0
2.981925,0.0,0.0
2.98215,0.0,0.0
2.9823749999999998,0.0,0.0
2.9826,0.0,0.0
2.982825,0.0,0.0
2.98305,0.0,0.0
2.983275,0.0,0.0
2.9835,0.0,0.0
2.9837249999999997,0.0,0.0
2.98395,0.0,0.0
2.984175,0.0,0.0
2.9844,0.0,0.0
2.984625,0.0,0.0
2.98485,0.0,0.0
2.9850749999999997,0.0,0.0
2.9853,0.0,0.0
2.985525,0.0,0.0
2.98575,0.0,0.0
2.985975,0.0,0.0
2.9861999999999997,0.0,0.0
2.986425,0.0,0.0
2.98665,0.0,0.0
2.986875,0.0,0.0
2.9871,0.0,0.0
2.987325,0.0,0.0
2.9875499999999997,0.0,0.0
2.987775,0.0,0.0
2.988,0.0,0.0
2.988225,0.0,0.0
2.98845,0.0,0.0
2.9886749999999997,0.0,0.0
2.9889,0.0,0.0
2.989125,0.0,0.0
2.98935,0.0,0.0
2.989575,0.0,0.0
2.9898,0.0,0.0
2.9900249999999997,0.0,0.0
2.99025,0.0,0.0
2.990475,0.0,0.0
2.9907,0.0,0.0
2.990925,0.0,0.0
2.9911499999999998,0.0,0.0
2.991375,0.0,0.0
2.9916,0.0,0.0
2.991825,0.0,0.0
2.99205,0.0,0.0
2.992275,0.0,0.0
2.9924999999999997,0.0,0.0
2.992725,0.0,0.0
2.99295,0.0,0.0
2.993175,0.0,0.0
2.9934,0.0,0.0
2.9936249999999998,0.0,0.0
2.99385,0.0,0.0
2.994075,0.0,0.0
2.9943,0.0,0.0
2.994525,0.0,0.0
2.99475,0.0,0.0
2.9949749999999997,0.0,0.0
2.9952,0.0,0.0
2.995425,0.0,0.0
2.99565,0.0,0.0
2.995875,0.0,0.0
2.9960999999999998,0.0,0.0
2.996325,0.0,0.0
2.99655,0.0,0.0
2.996775,0.0,0.0
2.997,0.0,0.0
2.997225,0.0,0.0
2.9974499999999997,0.0,0.0
2.997675,0.0,0.0
2.9979,0.0,0.0
2.998125,0.0,0.0
2.99835,0.0,0.0
2.9985749999999998,0.0,0.0
2.9988,0.0,0.0
2.999025,0.0,0.0
2.99925,0.0,0.0
2.999475,0.0,0.0
2.9997,0.0,0.0
2.9999249999999997,0.0,0.0
3.0,0.0,0.0
