time,tank.valve_outflow_int,tank.volume,der(tank.valve_outflow_int),der(tank.volume),control1.level,control1.valve,tank.drain_p_e,tank.fs_inflow,tank.tank_p_f,tank.valve_outflow,tank.valve_powerIn_p,tank.valve_powerIn_phi,tank.valve_powerOut_f,tank.valve_puddle,tank.drain_p_f,tank.fs_p_p,tank.level,tank.tank_p_e,tank.valve_powerOut_e,tank.valvecontrol
0.0,0.0,0.0,0.0,1.0,0.0,0.0,0.0,0.1,1.0,0.0,0.0,0.0,0.0,0.0,0.0,0.0,0.0,0.0,0.0,0.0
0.0005,0.0,0.0005,0.0,1.0,0.0005,0.0,0.0,0.1,1.0,0.0,0.0049050000000000005,0.0,0.0,0.0,0.0,0.0049050000000000005,0.0005,0.0049050000000000005,0.0,0.0
0.001,0.0,0.001,0.0,1.0,0.001,0.0,0.0,0.1,1.0,0.0,0.009810000000000001,0.0,0.0,0.0,0.0,0.009810000000000001,0.001,0.009810000000000001,0.0,0.0
0.0015,0.0,0.0015,0.0,1.0,0.0015,0.0,0.0,0.1,1.0,0.0,0.014715,0.0,0.0,0.0,0.0,0.014715,0.0015,0.014715,0.0,0.0
0.002,0.0,0.002,0.0,1.0,0.002,0.0,0.0,0.1,1.0,0.0,0.019620000000000002,0.0,0.0,0.0,0.0,0.019620000000000002,0.002,0.019620000000000002,0.0,0.0
0.0025,0.0,0.0025,0.0,1.0,0.0025,0.0,0.0,0.1,1.0,0.0,0.024525,0.0,0.0,0.0,0.0,0.024525,0.0025,0.024525,0.0,0.0
0.003,0.0,0.003,0.0,1.0,0.003,0.0,0.0,0.1,1.0,0.0,0.02943,0.0,0.0,0.0,0.0,0.02943,0.003,0.02943,0.0,0.0
0.0035,0.0,0.0035,0.0,1.0,0.0035,0.0,0.0,0.1,1.0,0.0,0.034335000000000004,0.0,0.0,0.0,0.0,0.034335000000000004,0.0035,0.034335000000000004,0.0,0.0
0.004,0.0,0.004,0.0,1.0,0.004,0.0,0.0,0.1,1.0,0.0,0.039240000000000004,0.0,0.0,0.0,0.0,0.039240000000000004,0.004,0.039240000000000004,0.0,0.0
0.0045000000000000005,0.0,0.0045000000000000005,0.0,1.0,0.0045000000000000005,0.0,0.0,0.1,1.0,0.0,0.04414500000000001,0.0,0.0,0.0,0.0,0.04414500000000001,0.0045000000000000005,0.04414500000000001,0.0,0.0
0.005,0.0,0.005,0.0,1.0,0.005,0.0,0.0,0.1,1.0,0.0,0.04905,0.0,0.0,0.0,0.0,0.04905,0.005,0.04905,0.0,0.0
0.0055,0.0,0.0055,0.0,1.0,0.0055,0.0,0.0,0.1,1.0,0.0,0.053955,0.0,0.0,0.0,0.0,0.053955,0.0055,0.053955,0.0,0.0
0.006,0.0,0.006,0.0,1.0,0.006,0.0,0.0,0.1,1.0,0.0,0.05886,0.0,0.0,0.0,0.0,0.05886,0.006,0.05886,0.0,0.0
0.006500000000000001,0.0,0.006500000000000001,0.0,1.0,0.006500000000000001,0.0,0.0,0.1,1.0,0.0,0.063765,0.0,0.0,0.0,0.0,0.063765,0.006500000000000001,0.063765,0.0,0.0
0.007,0.0,0.007,0.0,1.0,0.007,0.0,0.0,0.1,1.0,0.0,0.06867000000000001,0.0,0.0,0.0,0.0,0.06867000000000001,0.007,0.06867000000000001,0.0,0.0
0.0075,0.0,0.0075,0.0,1.0,0.0075,0.0,0.0,0.1,1.0,0.0,0.073575,0.0,0.0,0.0,0.0,0.073575,0.0075,0.073575,0.0,0.0
0.008,0.0,0.008,0.0,1.0,0.008,0.0,0.0,0.1,1.0,0.0,0.07848000000000001,0.0,0.0,0.0,0.0,0.07848000000000001,0.008,0.07848000000000001,0.0,0.0
0.0085,0.0,0.0085,0.0,1.0,0.0085,0.0,0.0,0.1,1.0,0.0,0.08338500000000001,0.0,0.0,0.0,0.0,0.08338500000000001,0.0085,0.08338500000000001,0.0,0.0
0.009000000000000001,0.0,0.009000000000000001,0.0,1.0,0.009000000000000001,0.0,0.0,0.1,1.0,0.0,0.08829000000000002,0.0,0.0,0.0,0.0,0.08829000000000002,0.009000000000000001,0.08829000000000002,0.0,0.0
0.0095,0.0,0.0095,0.0,1.0,0.0095,0.0,0.0,0.1,1.0,0.0,0.093195,0.0,0.0,0.0,0.0,0.093195,0.0095,0.093195,0.0,0.0
0.01,0.0,0.01,0.0,1.0,0.01,0.0,0.0,0.1,1.0,0.0,0.0981,0.0,0.0,0.0,0.0,0.0981,0.01,0.0981,0.0,0.0
0.0105,0.0,0.0105,0.0,1.0,0.0105,0.0,0.0,0.1,1.0,0.0,0.10300500000000001,0.0,0.0,0.0,0.0,0.10300500000000001,0.0105,0.10300500000000001,0.0,0.0
0.011,0.0,0.011,0.0,1.0,0.011,0.0,0.0,0.1,1.0,0.0,0.10791,0.0,0.0,0.0,0.0,0.10791,0.011,0.10791,0.0,0.0
0.0115,0.0,0.0115,0.0,1.0,0.0115,0.0,0.0,0.1,1.0,0.0,0.112815,0.0,0.0,0.0,0.0,0.112815,0.0115,0.112815,0.0,0.0
0.012,0.0,0.012,0.0,1.0,0.012,0.0,0.0,0.1,1.0,0.0,0.11772,0.0,0.0,0.0,0.0,0.11772,0.012,0.11772,0.0,0.0
0.0125,0.0,0.0125,0.0,1.0,0.0125,0.0,0.0,0.1,1.0,0.0,0.12262500000000001,0.0,0.0,0.0,0.0,0.12262500000000001,0.0125,0.12262500000000001,0.0,0.0
0.013000000000000001,0.0,0.013000000000000001,0.0,1.0,0.013000000000000001,0.0,0.0,0.1,1.0,0.0,0.12753,0.0,0.0,0.0,0.0,0.12753,0.013000000000000001,0.12753,0.0,0.0
0.0135,0.0,0.0135,0.0,1.0,0.0135,0.0,0.0,0.1,1.0,0.0,0.132435,0.0,0.0,0.0,0.0,0.132435,0.0135,0.132435,0.0,0.0
0.014,0.0,0.014,0.0,1.0,0.014,0.0,0.0,0.1,1.0,0.0,0.13734000000000002,0.0,0.0,0.0,0.0,0.13734000000000002,0.014,0.13734000000000002,0.0,0.0
0.0145,0.0,0.0145,0.0,1.0,0.0145,0.0,0.0,0.1,1.0,0.0,0.142245,0.0,0.0,0.0,0.0,0.142245,0.0145,0.142245,0.0,0.0
0.015,0.0,0.015,0.0,1.0,0.015,0.0,0.0,0.1,1.0,0.0,0.14715,0.0,0.0,0.0,0.0,0.14715,0.015,0.14715,0.0,0.0
0.0155,0.0,0.0155,0.0,1.0,0.0155,0.0,0.0,0.1,1.0,0.0,0.152055,0.0,0.0,0.0,0.0,0.152055,0.0155,0.152055,0.0,0.0
0.016,0.0,0.016,0.0,1.0,0.016,0.0,0.0,0.1,1.0,0.0,0.15696000000000002,0.0,0.0,0.0,0.0,0.15696000000000002,0.016,0.15696000000000002,0.0,0.0
0.0165,0.0,0.0165,0.0,1.0,0.0165,0.0,0.0,0.1,1.0,0.0,0.161865,0.0,0.0,0.0,0.0,0.161865,0.0165,0.161865,0.0,0.0
0.017,0.0,0.017,0.0,1.0,0.017,0.0,0.0,0.1,1.0,0.0,0.16677000000000003,0.0,0.0,0.0,0.0,0.16677000000000003,0.017,0.16677000000000003,0.0,0.0
0.0175,0.0,0.0175,0.0,1.0,0.0175,0.0,0.0,0.1,1.0,0.0,0.17167500000000002,0.0,0.0,0.0,0.0,0.17167500000000002,0.0175,0.17167500000000002,0.0,0.0
0.018000000000000002,0.0,0.018000000000000002,0.0,1.0,0.018000000000000002,0.0,0.0,0.1,1.0,0.0,0.17658000000000004,0.0,0.0,0.0,0.0,0.17658000000000004,0.018000000000000002,0.17658000000000004,0.0,0.0
0.0185,0.0,0.0185,0.0,1.0,0.0185,0.0,0.0,0.1,1.0,0.0,0.181485,0.0,0.0,0.0,0.0,0.181485,0.0185,0.181485,0.0,0.0
0.019,0.0,0.019,0.0,1.0,0.019,0.0,0.0,0.1,1.0,0.0,0.18639,0.0,0.0,0.0,0.0,0.18639,0.019,0.18639,0.0,0.0
0.0195,0.0,0.0195,0.0,1.0,0.0195,0.0,0.0,0.1,1.0,0.0,0.19129500000000002,0.0,0.0,0.0,0.0,0.19129500000000002,0.0195,0.19129500000000002,0.0,0.0
0.02,0.0,0.02,0.0,1.0,0.02,0.0,0.0,0.1,1.0,0.0,0.1962,0.0,0.0,0.0,0.0,0.1962,0.02,0.1962,0.0,0.0
0.0205,0.0,0.0205,0.0,1.0,0.0205,0.0,0.0,0.1,1.0,0.0,0.201105,0.0,0.0,0.0,0.0,0.201105,0.0205,0.201105,0.0,0.0
0.021,0.0,0.021,0.0,1.0,0.021,0.0,0.0,0.1,1.0,0.0,0.20601000000000003,0.0,0.0,0.0,0.0,0.20601000000000003,0.021,0.20601000000000003,0.0,0.0
0.021500000000000002,0.0,0.021500000000000002,0.0,1.0,0.021500000000000002,0.0,0.0,0.1,1.0,0.0,0.21091500000000002,0.0,0.0,0.0,0.0,0.21091500000000002,0.021500000000000002,0.21091500000000002,0.0,0.0
0.022,0.0,0.022,0.0,1.0,0.022,0.0,0.0,0.1,1.0,0.0,0.21582,0.0,0.0,0.0,0.0,0.21582,0.022,0.21582,0.0,0.0
0.0225,0.0,0.0225,0.0,1.0,0.0225,0.0,0.0,0.1,1.0,0.0,0.220725,0.0,0.0,0.0,0.0,0.220725,0.0225,0.220725,0.0,0.0
0.023,0.0,0.023,0.0,1.0,0.023,0.0,0.0,0.1,1.0,0.0,0.22563,0.0,0.0,0.0,0.0,0.22563,0.023,0.22563,0.0,0.0
0.0235,0.0,0.0235,0.0,1.0,0.0235,0.0,0.0,0.1,1.0,0.0,0.23053500000000002,0.0,0.0,0.0,0.0,0.23053500000000002,0.0235,0.23053500000000002,0.0,0.0
0.024,0.0,0.024,0.0,1.0,0.024,0.0,0.0,0.1,1.0,0.0,0.23544,0.0,0.0,0.0,0.0,0.23544,0.024,0.23544,0.0,0.0
0.0245,0.0,0.0245,0.0,1.0,0.0245,0.0,0.0,0.1,1.0,0.0,0.24034500000000003,0.0,0.0,0.0,0.0,0.24034500000000003,0.0245,0.24034500000000003,0.0,0.0
0.025,0.0,0.025,0.0,1.0,0.025,0.0,0.0,0.1,1.0,0.0,0.24525000000000002,0.0,0.0,0.0,0.0,0.24525000000000002,0.025,0.24525000000000002,0.0,0.0
0.025500000000000002,0.0,0.025500000000000002,0.0,1.0,0.025500000000000002,0.0,0.0,0.1,1.0,0.0,0.250155,0.0,0.0,0.0,0.0,0.250155,0.025500000000000002,0.250155,0.0,0.0
0.026000000000000002,0.0,0.026000000000000002,0.0,1.0,0.026000000000000002,0.0,0.0,0.1,1.0,0.0,0.25506,0.0,0.0,0.0,0.0,0.25506,0.026000000000000002,0.25506,0.0,0.0
0.0265,0.0,0.0265,0.0,1.0,0.0265,0.0,0.0,0.1,1.0,0.0,0.259965,0.0,0.0,0.0,0.0,0.259965,0.0265,0.259965,0.0,0.0
0.027,0.0,0.027,0.0,1.0,0.027,0.0,0.0,0.1,1.0,0.0,0.26487,0.0,0.0,0.0,0.0,0.26487,0.027,0.26487,0.0,0.0
0.0275,0.0,0.0275,0.0,1.0,0.0275,0.0,0.0,0.1,1.0,0.0,0.26977500000000004,0.0,0.0,0.0,0.0,0.26977500000000004,0.0275,0.26977500000000004,0.0,0.0
0.028,0.0,0.028,0.0,1.0,0.028,0.0,0.0,0.1,1.0,0.0,0.27468000000000004,0.0,0.0,0.0,0.0,0.27468000000000004,0.028,0.27468000000000004,0.0,0.0
0.0285,0.0,0.0285,0.0,1.0,0.0285,0.0,0.0,0.1,1.0,0.0,0.27958500000000003,0.0,0.0,0.0,0.0,0.27958500000000003,0.0285,0.27958500000000003,0.0,0.0
0.029,0.0,0.029,0.0,1.0,0.029,0.0,0.0,0.1,1.0,0.0,0.28449,0.0,0.0,0.0,0.0,0.28449,0.029,0.28449,0.0,0.0
0.029500000000000002,0.0,0.029500000000000002,0.0,1.0,0.029500000000000002,0.0,0.0,0.1,1.0,0.0,0.289395,0.0,0.0,0.0,0.0,0.289395,0.029500000000000002,0.289395,0.0,0.0
0.03,0.0,0.03,0.0,1.0,0.03,0.0,0.0,0.1,1.0,0.0,0.2943,0.0,0.0,0.0,0.0,0.2943,0.03,0.2943,0.0,0.0
0.0305,0.0,0.0305,0.0,1.0,0.0305,0.0,0.0,0.1,1.0,0.0,0.299205,0.0,0.0,0.0,0.0,0.299205,0.0305,0.299205,0.0,0.0
0.031,0.0,0.031,0.0,1.0,0.031,0.0,0.0,0.1,1.0,0.0,0.30411,0.0,0.0,0.0,0.0,0.30411,0.031,0.30411,0.0,0.0
0.0315,0.0,0.0315,0.0,1.0,0.0315,0.0,0.0,0.1,1.0,0.0,0.30901500000000004,0.0,0.0,0.0,0.0,0.30901500000000004,0.0315,0.30901500000000004,0.0,0.0
0.032,0.0,0.032,0.0,1.0,0.032,0.0,0.0,0.1,1.0,0.0,0.31392000000000003,0.0,0.0,0.0,0.0,0.31392000000000003,0.032,0.31392000000000003,0.0,0.0
0.0325,0.0,0.0325,0.0,1.0,0.0325,0.0,0.0,0.1,1.0,0.0,0.318825,0.0,0.0,0.0,0.0,0.318825,0.0325,0.318825,0.0,0.0
0.033,0.0,0.033,0.0,1.0,0.033,0.0,0.0,0.1,1.0,0.0,0.32373,0.0,0.0,0.0,0.0,0.32373,0.033,0.32373,0.0,0.0
0.0335,0.0,0.0335,0.0,1.0,0.0335,0.0,0.0,0.1,1.0,0.0,0.328635,0.0,0.0,0.0,0.0,0.328635,0.0335,0.328635,0.0,0.0
0.034,0.0,0.034,0.0,1.0,0.034,0.0,0.0,0.1,1.0,0.0,0.33354000000000006,0.0,0.0,0.0,0.0,0.33354000000000006,0.034,0.33354000000000006,0.0,0.0
0.0345,0.0,0.0345,0.0,1.0,0.0345,0.0,0.0,0.1,1.0,0.0,0.33844500000000005,0.0,0.0,0.0,0.0,0.33844500000000005,0.0345,0.33844500000000005,0.0,0.0
0.035,0.0,0.035,0.0,1.0,0.035,0.0,0.0,0.1,1.0,0.0,0.34335000000000004,0.0,0.0,0.0,0.0,0.34335000000000004,0.035,0.34335000000000004,0.0,0.0
0.035500000000000004,0.0,0.035500000000000004,0.0,1.0,0.035500000000000004,0.0,0.0,0.1,1.0,0.0,0.34825500000000004,0.0,0.0,0.0,0.0,0.34825500000000004,0.035500000000000004,0.34825500000000004,0.0,0.0
0.036000000000000004,0.0,0.036000000000000004,0.0,1.0,0.036000000000000004,0.0,0.0,0.1,1.0,0.0,0.3531600000000001,0.0,0.0,0.0,0.0,0.3531600000000001,0.036000000000000004,0.3531600000000001,0.0,0.0
0.0365,0.0,0.0365,0.0,1.0,0.0365,0.0,0.0,0.1,1.0,0.0,0.358065,0.0,0.0,0.0,0.0,0.358065,0.0365,0.358065,0.0,0.0
0.037,0.0,0.037,0.0,1.0,0.037,0.0,0.0,0.1,1.0,0.0,0.36297,0.0,0.0,0.0,0.0,0.36297,0.037,0.36297,0.0,0.0
0.0375,0.0,0.0375,0.0,1.0,0.0375,0.0,0.0,0.1,1.0,0.0,0.367875,0.0,0.0,0.0,0.0,0.367875,0.0375,0.367875,0.0,0.0
0.038,0.0,0.038,0.0,1.0,0.038,0.0,0.0,0.1,1.0,0.0,0.37278,0.0,0.0,0.0,0.0,0.37278,0.038,0.37278,0.0,0.0
0.0385,0.0,0.0385,0.0,1.0,0.0385,0.0,0.0,0.1,1.0,0.0,0.377685,0.0,0.0,0.0,0.0,0.377685,0.0385,0.377685,0.0,0.0
0.039,0.0,0.039,0.0,1.0,0.039,0.0,0.0,0.1,1.0,0.0,0.38259000000000004,0.0,0.0,0.0,0.0,0.38259000000000004,0.039,0.38259000000000004,0.0,0.0
0.0395,0.0,0.0395,0.0,1.0,0.0395,0.0,0.0,0.1,1.0,0.0,0.38749500000000003,0.0,0.0,0.0,0.0,0.38749500000000003,0.0395,0.38749500000000003,0.0,0.0
0.04,0.0,0.04,0.0,1.0,0.04,0.0,0.0,0.1,1.0,0.0,0.3924,0.0,0.0,0.0,0.0,0.3924,0.04,0.3924,0.0,0.0
0.0405,0.0,0.0405,0.0,1.0,0.0405,0.0,0.0,0.1,1.0,0.0,0.397305,0.0,0.0,0.0,0.0,0.397305,0.0405,0.397305,0.0,0.0
0.041,0.0,0.041,0.0,1.0,0.041,0.0,0.0,0.1,1.0,0.0,0.40221,0.0,0.0,0.0,0.0,0.40221,0.041,0.40221,0.0,0.0
0.0415,0.0,0.0415,0.0,1.0,0.0415,0.0,0.0,0.1,1.0,0.0,0.40711500000000006,0.0,0.0,0.0,0.0,0.40711500000000006,0.0415,0.40711500000000006,0.0,0.0
0.042,0.0,0.042,0.0,1.0,0.042,0.0,0.0,0.1,1.0,0.0,0.41202000000000005,0.0,0.0,0.0,0.0,0.41202000000000005,0.042,0.41202000000000005,0.0,0.0
0.0425,0.0,0.0425,0.0,1.0,0.0425,0.0,0.0,0.1,1.0,0.0,0.41692500000000005,0.0,0.0,0.0,0.0,0.41692500000000005,0.0425,0.41692500000000005,0.0,0.0
0.043000000000000003,0.0,0.043000000000000003,0.0,1.0,0.043000000000000003,0.0,0.0,0.1,1.0,0.0,0.42183000000000004,0.0,0.0,0.0,0.0,0.42183000000000004,0.043000000000000003,0.42183000000000004,0.0,0.0
0.043500000000000004,0.0,0.043500000000000004,0.0,1.0,0.043500000000000004,0.0,0.0,0.1,1.0,0.0,0.4267350000000001,0.0,0.0,0.0,0.0,0.4267350000000001,0.043500000000000004,0.4267350000000001,0.0,0.0
0.044,0.0,0.044,0.0,1.0,0.044,0.0,0.0,0.1,1.0,0.0,0.43164,0.0,0.0,0.0,0.0,0.43164,0.044,0.43164,0.0,0.0
0.0445,0.0,0.0445,0.0,1.0,0.0445,0.0,0.0,0.1,1.0,0.0,0.436545,0.0,0.0,0.0,0.0,0.436545,0.0445,0.436545,0.0,0.0
0.045,0.0,0.045,0.0,1.0,0.045,0.0,0.0,0.1,1.0,0.0,0.44145,0.0,0.0,0.0,0.0,0.44145,0.045,0.44145,0.0,0.0
0.0455,0.0,0.0455,0.0,1.0,0.0455,0.0,0.0,0.1,1.0,0.0,0.446355,0.0,0.0,0.0,0.0,0.446355,0.0455,0.446355,0.0,0.0
0.046,0.0,0.046,0.0,1.0,0.046,0.0,0.0,0.1,1.0,0.0,0.45126,0.0,0.0,0.0,0.0,0.45126,0.046,0.45126,0.0,0.0
0.0465,0.0,0.0465,0.0,1.0,0.0465,0.0,0.0,0.1,1.0,0.0,0.45616500000000004,0.0,0.0,0.0,0.0,0.45616500000000004,0.0465,0.45616500000000004,0.0,0.0
0.047,0.0,0.047,0.0,1.0,0.047,0.0,0.0,0.1,1.0,0.0,0.46107000000000004,0.0,0.0,0.0,0.0,0.46107000000000004,0.047,0.46107000000000004,0.0,0.0
0.0475,0.0,0.0475,0.0,1.0,0.0475,0.0,0.0,0.1,1.0,0.0,0.46597500000000003,0.0,0.0,0.0,0.0,0.46597500000000003,0.0475,0.46597500000000003,0.0,0.0
0.048,0.0,0.048,0.0,1.0,0.048,0.0,0.0,0.1,1.0,0.0,0.47088,0.0,0.0,0.0,0.0,0.47088,0.048,0.47088,0.0,0.0
0.0485,0.0,0.0485,0.0,1.0,0.0485,0.0,0.0,0.1,1.0,0.0,0.475785,0.0,0.0,0.0,0.0,0.475785,0.0485,0.475785,0.0,0.0
0.049,0.0,0.049,0.0,1.0,0.049,0.0,0.0,0.1,1.0,0.0,0.48069000000000006,0.0,0.0,0.0,0.0,0.48069000000000006,0.049,0.48069000000000006,0.0,0.0
0.0495,0.0,0.0495,0.0,1.0,0.0495,0.0,0.0,0.1,1.0,0.0,0.48559500000000005,0.0,0.0,0.0,0.0,0.48559500000000005,0.0495,0.48559500000000005,0.0,0.0
0.05,0.0,0.05,0.0,1.0,0.05,0.0,0.0,0.1,1.0,0.0,0.49050000000000005,0.0,0.0,0.0,0.0,0.49050000000000005,0.05,0.49050000000000005,0.0,0.0
0.0505,0.0,0.0505,0.0,1.0,0.0505,0.0,0.0,0.1,1.0,0.0,0.49540500000000004,0.0,0.0,0.0,0.0,0.49540500000000004,0.0505,0.49540500000000004,0.0,0.0
0.051000000000000004,0.0,0.051000000000000004,0.0,1.0,0.051000000000000004,0.0,0.0,0.1,1.0,0.0,0.50031,0.0,0.0,0.0,0.0,0.50031,0.051000000000000004,0.50031,0.0,0.0
0.051500000000000004,0.0,0.051500000000000004,0.0,1.0,0.051500000000000004,0.0,0.0,0.1,1.0,0.0,0.5052150000000001,0.0,0.0,0.0,0.0,0.5052150000000001,0.051500000000000004,0.5052150000000001,0.0,0.0
0.052000000000000005,0.0,0.052000000000000005,0.0,1.0,0.052000000000000005,0.0,0.0,0.1,1.0,0.0,0.51012,0.0,0.0,0.0,0.0,0.51012,0.052000000000000005,0.51012,0.0,0.0
0.0525,0.0,0.0525,0.0,1.0,0.0525,0.0,0.0,0.1,1.0,0.0,0.515025,0.0,0.0,0.0,0.0,0.515025,0.0525,0.515025,0.0,0.0
0.053,0.0,0.053,0.0,1.0,0.053,0.0,0.0,0.1,1.0,0.0,0.51993,0.0,0.0,0.0,0.0,0.51993,0.053,0.51993,0.0,0.0
0.0535,0.0,0.0535,0.0,1.0,0.0535,0.0,0.0,0.1,1.0,0.0,0.524835,0.0,0.0,0.0,0.0,0.524835,0.0535,0.524835,0.0,0.0
0.054,0.0,0.054,0.0,1.0,0.054,0.0,0.0,0.1,1.0,0.0,0.52974,0.0,0.0,0.0,0.0,0.52974,0.054,0.52974,0.0,0.0
0.0545,0.0,0.0545,0.0,1.0,0.0545,0.0,0.0,0.1,1.0,0.0,0.534645,0.0,0.0,0.0,0.0,0.534645,0.0545,0.534645,0.0,0.0
0.055,0.0,0.055,0.0,1.0,0.055,0.0,0.0,0.1,1.0,0.0,0.5395500000000001,0.0,0.0,0.0,0.0,0.5395500000000001,0.055,0.5395500000000001,0.0,0.0
0.0555,0.0,0.0555,0.0,1.0,0.0555,0.0,0.0,0.1,1.0,0.0,0.544455,0.0,0.0,0.0,0.0,0.544455,0.0555,0.544455,0.0,0.0
0.056,0.0,0.056,0.0,1.0,0.056,0.0,0.0,0.1,1.0,0.0,0.5493600000000001,0.0,0.0,0.0,0.0,0.5493600000000001,0.056,0.5493600000000001,0.0,0.0
0.0565,0.0,0.0565,0.0,1.0,0.0565,0.0,0.0,0.1,1.0,0.0,0.554265,0.0,0.0,0.0,0.0,0.554265,0.0565,0.554265,0.0,0.0
0.057,0.0,0.057,0.0,1.0,0.057,0.0,0.0,0.1,1.0,0.0,0.5591700000000001,0.0,0.0,0.0,0.0,0.5591700000000001,0.057,0.5591700000000001,0.0,0.0
0.0575,0.0,0.0575,0.0,1.0,0.0575,0.0,0.0,0.1,1.0,0.0,0.5640750000000001,0.0,0.0,0.0,0.0,0.5640750000000001,0.0575,0.5640750000000001,0.0,0.0
0.058,0.0,0.058,0.0,1.0,0.058,0.0,0.0,0.1,1.0,0.0,0.56898,0.0,0.0,0.0,0.0,0.56898,0.058,0.56898,0.0,0.0
0.0585,0.0,0.0585,0.0,1.0,0.0585,0.0,0.0,0.1,1.0,0.0,0.5738850000000001,0.0,0.0,0.0,0.0,0.5738850000000001,0.0585,0.5738850000000001,0.0,0.0
0.059000000000000004,0.0,0.059000000000000004,0.0,1.0,0.059000000000000004,0.0,0.0,0.1,1.0,0.0,0.57879,0.0,0.0,0.0,0.0,0.57879,0.059000000000000004,0.57879,0.0,0.0
0.059500000000000004,0.0,0.059500000000000004,0.0,1.0,0.059500000000000004,0.0,0.0,0.1,1.0,0.0,0.5836950000000001,0.0,0.0,0.0,0.0,0.5836950000000001,0.059500000000000004,0.5836950000000001,0.0,0.0
0.06,0.0,0.06,0.0,1.0,0.06,0.0,0.0,0.1,1.0,0.0,0.5886,0.0,0.0,0.0,0.0,0.5886,0.06,0.5886,0.0,0.0
0.0605,0.0,0.0605,0.0,1.0,0.0605,0.0,0.0,0.1,1.0,0.0,0.5935050000000001,0.0,0.0,0.0,0.0,0.5935050000000001,0.0605,0.5935050000000001,0.0,0.0
0.061,0.0,0.061,0.0,1.0,0.061,0.0,0.0,0.1,1.0,0.0,0.59841,0.0,0.0,0.0,0.0,0.59841,0.061,0.59841,0.0,0.0
0.0615,0.0,0.0615,0.0,1.0,0.0615,0.0,0.0,0.1,1.0,0.0,0.603315,0.0,0.0,0.0,0.0,0.603315,0.0615,0.603315,0.0,0.0
0.062,0.0,0.062,0.0,1.0,0.062,0.0,0.0,0.1,1.0,0.0,0.60822,0.0,0.0,0.0,0.0,0.60822,0.062,0.60822,0.0,0.0
0.0625,0.0,0.0625,0.0,1.0,0.0625,0.0,0.0,0.1,1.0,0.0,0.613125,0.0,0.0,0.0,0.0,0.613125,0.0625,0.613125,0.0,0.0
0.063,0.0,0.063,0.0,1.0,0.063,0.0,0.0,0.1,1.0,0.0,0.6180300000000001,0.0,0.0,0.0,0.0,0.6180300000000001,0.063,0.6180300000000001,0.0,0.0
0.0635,0.0,0.0635,0.0,1.0,0.0635,0.0,0.0,0.1,1.0,0.0,0.622935,0.0,0.0,0.0,0.0,0.622935,0.0635,0.622935,0.0,0.0
0.064,0.0,0.064,0.0,1.0,0.064,0.0,0.0,0.1,1.0,0.0,0.6278400000000001,0.0,0.0,0.0,0.0,0.6278400000000001,0.064,0.6278400000000001,0.0,0.0
0.0645,0.0,0.0645,0.0,1.0,0.0645,0.0,0.0,0.1,1.0,0.0,0.632745,0.0,0.0,0.0,0.0,0.632745,0.0645,0.632745,0.0,0.0
0.065,0.0,0.065,0.0,1.0,0.065,0.0,0.0,0.1,1.0,0.0,0.63765,0.0,0.0,0.0,0.0,0.63765,0.065,0.63765,0.0,0.0
0.0655,0.0,0.0655,0.0,1.0,0.0655,0.0,0.0,0.1,1.0,0.0,0.6425550000000001,0.0,0.0,0.0,0.0,0.6425550000000001,0.0655,0.6425550000000001,0.0,0.0
0.066,0.0,0.066,0.0,1.0,0.066,0.0,0.0,0.1,1.0,0.0,0.64746,0.0,0.0,0.0,0.0,0.64746,0.066,0.64746,0.0,0.0
0.0665,0.0,0.0665,0.0,1.0,0.0665,0.0,0.0,0.1,1.0,0.0,0.6523650000000001,0.0,0.0,0.0,0.0,0.6523650000000001,0.0665,0.6523650000000001,0.0,0.0
0.067,0.0,0.067,0.0,1.0,0.067,0.0,0.0,0.1,1.0,0.0,0.65727,0.0,0.0,0.0,0.0,0.65727,0.067,0.65727,0.0,0.0
0.0675,0.0,0.0675,0.0,1.0,0.0675,0.0,0.0,0.1,1.0,0.0,0.6621750000000001,0.0,0.0,0.0,0.0,0.6621750000000001,0.0675,0.6621750000000001,0.0,0.0
0.068,0.0,0.068,0.0,1.0,0.068,0.0,0.0,0.1,1.0,0.0,0.6670800000000001,0.0,0.0,0.0,0.0,0.6670800000000001,0.068,0.6670800000000001,0.0,0.0
0.0685,0.0,0.0685,0.0,1.0,0.0685,0.0,0.0,0.1,1.0,0.0,0.671985,0.0,0.0,0.0,0.0,0.671985,0.0685,0.671985,0.0,0.0
0.069,0.0,0.069,0.0,1.0,0.069,0.0,0.0,0.1,1.0,0.0,0.6768900000000001,0.0,0.0,0.0,0.0,0.6768900000000001,0.069,0.6768900000000001,0.0,0.0
0.0695,0.0,0.0695,0.0,1.0,0.0695,0.0,0.0,0.1,1.0,0.0,0.6817950000000002,0.0,0.0,0.0,0.0,0.6817950000000002,0.0695,0.6817950000000002,0.0,0.0
0.07,0.0,0.07,0.0,1.0,0.07,0.0,0.0,0.1,1.0,0.0,0.6867000000000001,0.0,0.0,0.0,0.0,0.6867000000000001,0.07,0.6867000000000001,0.0,0.0
0.07050000000000001,0.0,0.07050000000000001,0.0,1.0,0.07050000000000001,0.0,0.0,0.1,1.0,0.0,0.6916050000000001,0.0,0.0,0.0,0.0,0.6916050000000001,0.07050000000000001,0.6916050000000001,0.0,0.0
0.07100000000000001,0.0,0.07100000000000001,0.0,1.0,0.07100000000000001,0.0,0.0,0.1,1.0,0.0,0.6965100000000001,0.0,0.0,0.0,0.0,0.6965100000000001,0.07100000000000001,0.6965100000000001,0.0,0.0
0.07150000000000001,0.0,0.07150000000000001,0.0,1.0,0.07150000000000001,0.0,0.0,0.1,1.0,0.0,0.7014150000000001,0.0,0.0,0.0,0.0,0.7014150000000001,0.07150000000000001,0.7014150000000001,0.0,0.0
0.07200000000000001,0.0,0.07200000000000001,0.0,1.0,0.07200000000000001,0.0,0.0,0.1,1.0,0.0,0.7063200000000002,0.0,0.0,0.0,0.0,0.7063200000000002,0.07200000000000001,0.7063200000000002,0.0,0.0
0.0725,0.0,0.0725,0.0,1.0,0.0725,0.0,0.0,0.1,1.0,0.0,0.711225,0.0,0.0,0.0,0.0,0.711225,0.0725,0.711225,0.0,0.0
0.073,0.0,0.073,0.0,1.0,0.073,0.0,0.0,0.1,1.0,0.0,0.71613,0.0,0.0,0.0,0.0,0.71613,0.073,0.71613,0.0,0.0
0.0735,0.0,0.0735,0.0,1.0,0.0735,0.0,0.0,0.1,1.0,0.0,0.721035,0.0,0.0,0.0,0.0,0.721035,0.0735,0.721035,0.0,0.0
0.074,0.0,0.074,0.0,1.0,0.074,0.0,0.0,0.1,1.0,0.0,0.72594,0.0,0.0,0.0,0.0,0.72594,0.074,0.72594,0.0,0.0
0.0745,0.0,0.0745,0.0,1.0,0.0745,0.0,0.0,0.1,1.0,0.0,0.730845,0.0,0.0,0.0,0.0,0.730845,0.0745,0.730845,0.0,0.0
0.075,0.0,0.075,0.0,1.0,0.075,0.0,0.0,0.1,1.0,0.0,0.73575,0.0,0.0,0.0,0.0,0.73575,0.075,0.73575,0.0,0.0
0.0755,0.0,0.0755,0.0,1.0,0.0755,0.0,0.0,0.1,1.0,0.0,0.7406550000000001,0.0,0.0,0.0,0.0,0.7406550000000001,0.0755,0.7406550000000001,0.0,0.0
0.076,0.0,0.076,0.0,1.0,0.076,0.0,0.0,0.1,1.0,0.0,0.74556,0.0,0.0,0.0,0.0,0.74556,0.076,0.74556,0.0,0.0
0.0765,0.0,0.0765,0.0,1.0,0.0765,0.0,0.0,0.1,1.0,0.0,0.750465,0.0,0.0,0.0,0.0,0.750465,0.0765,0.750465,0.0,0.0
0.077,0.0,0.077,0.0,1.0,0.077,0.0,0.0,0.1,1.0,0.0,0.75537,0.0,0.0,0.0,0.0,0.75537,0.077,0.75537,0.0,0.0
0.0775,0.0,0.0775,0.0,1.0,0.0775,0.0,0.0,0.1,1.0,0.0,0.760275,0.0,0.0,0.0,0.0,0.760275,0.0775,0.760275,0.0,0.0
0.078,0.0,0.078,0.0,1.0,0.078,0.0,0.0,0.1,1.0,0.0,0.7651800000000001,0.0,0.0,0.0,0.0,0.7651800000000001,0.078,0.7651800000000001,0.0,0.0
0.0785,0.0,0.0785,0.0,1.0,0.0785,0.0,0.0,0.1,1.0,0.0,0.770085,0.0,0.0,0.0,0.0,0.770085,0.0785,0.770085,0.0,0.0
0.079,0.0,0.079,0.0,1.0,0.079,0.0,0.0,0.1,1.0,0.0,0.7749900000000001,0.0,0.0,0.0,0.0,0.7749900000000001,0.079,0.7749900000000001,0.0,0.0
0.0795,0.0,0.0795,0.0,1.0,0.0795,0.0,0.0,0.1,1.0,0.0,0.779895,0.0,0.0,0.0,0.0,0.779895,0.0795,0.779895,0.0,0.0
0.08,0.0,0.08,0.0,1.0,0.08,0.0,0.0,0.1,1.0,0.0,0.7848,0.0,0.0,0.0,0.0,0.7848,0.08,0.7848,0.0,0.0
0.0805,0.0,0.0805,0.0,1.0,0.0805,0.0,0.0,0.1,1.0,0.0,0.7897050000000001,0.0,0.0,0.0,0.0,0.7897050000000001,0.0805,0.7897050000000001,0.0,0.0
0.081,0.0,0.081,0.0,1.0,0.081,0.0,0.0,0.1,1.0,0.0,0.79461,0.0,0.0,0.0,0.0,0.79461,0.081,0.79461,0.0,0.0
0.0815,0.0,0.0815,0.0,1.0,0.0815,0.0,0.0,0.1,1.0,0.0,0.7995150000000001,0.0,0.0,0.0,0.0,0.7995150000000001,0.0815,0.7995150000000001,0.0,0.0
0.082,0.0,0.082,0.0,1.0,0.082,0.0,0.0,0.1,1.0,0.0,0.80442,0.0,0.0,0.0,0.0,0.80442,0.082,0.80442,0.0,0.0
0.0825,0.0,0.0825,0.0,1.0,0.0825,0.0,0.0,0.1,1.0,0.0,0.8093250000000001,0.0,0.0,0.0,0.0,0.8093250000000001,0.0825,0.8093250000000001,0.0,0.0
0.083,0.0,0.083,0.0,1.0,0.083,0.0,0.0,0.1,1.0,0.0,0.8142300000000001,0.0,0.0,0.0,0.0,0.8142300000000001,0.083,0.8142300000000001,0.0,0.0
0.0835,0.0,0.0835,0.0,1.0,0.0835,0.0,0.0,0.1,1.0,0.0,0.8191350000000001,0.0,0.0,0.0,0.0,0.8191350000000001,0.0835,0.8191350000000001,0.0,0.0
0.084,0.0,0.084,0.0,1.0,0.084,0.0,0.0,0.1,1.0,0.0,0.8240400000000001,0.0,0.0,0.0,0.0,0.8240400000000001,0.084,0.8240400000000001,0.0,0.0
0.0845,0.0,0.0845,0.0,1.0,0.0845,0.0,0.0,0.1,1.0,0.0,0.828945,0.0,0.0,0.0,0.0,0.828945,0.0845,0.828945,0.0,0.0
0.085,0.0,0.085,0.0,1.0,0.085,0.0,0.0,0.1,1.0,0.0,0.8338500000000001,0.0,0.0,0.0,0.0,0.8338500000000001,0.085,0.8338500000000001,0.0,0.0
0.0855,0.0,0.0855,0.0,1.0,0.0855,0.0,0.0,0.1,1.0,0.0,0.8387550000000001,0.0,0.0,0.0,0.0,0.8387550000000001,0.0855,0.8387550000000001,0.0,0.0
0.08600000000000001,0.0,0.08600000000000001,0.0,1.0,0.08600000000000001,0.0,0.0,0.1,1.0,0.0,0.8436600000000001,0.0,0.0,0.0,0.0,0.8436600000000001,0.08600000000000001,0.8436600000000001,0.0,0.0
0.08650000000000001,0.0,0.08650000000000001,0.0,1.0,0.08650000000000001,0.0,0.0,0.1,1.0,0.0,0.8485650000000001,0.0,0.0,0.0,0.0,0.8485650000000001,0.08650000000000001,0.8485650000000001,0.0,0.0
0.08700000000000001,0.0,0.08700000000000001,0.0,1.0,0.08700000000000001,0.0,0.0,0.1,1.0,0.0,0.8534700000000002,0.0,0.0,0.0,0.0,0.8534700000000002,0.08700000000000001,0.8534700000000002,0.0,0.0
0.08750000000000001,0.0,0.08750000000000001,0.0,1.0,0.08750000000000001,0.0,0.0,0.1,1.0,0.0,0.8583750000000001,0.0,0.0,0.0,0.0,0.8583750000000001,0.08750000000000001,0.8583750000000001,0.0,0.0
0.088,0.0,0.088,0.0,1.0,0.088,0.0,0.0,0.1,1.0,0.0,0.86328,0.0,0.0,0.0,0.0,0.86328,0.088,0.86328,0.0,0.0
0.0885,0.0,0.0885,0.0,1.0,0.0885,0.0,0.0,0.1,1.0,0.0,0.868185,0.0,0.0,0.0,0.0,0.868185,0.0885,0.868185,0.0,0.0
0.089,0.0,0.089,0.0,1.0,0.089,0.0,0.0,0.1,1.0,0.0,0.87309,0.0,0.0,0.0,0.0,0.87309,0.089,0.87309,0.0,0.0
0.0895,0.0,0.0895,0.0,1.0,0.0895,0.0,0.0,0.1,1.0,0.0,0.877995,0.0,0.0,0.0,0.0,0.877995,0.0895,0.877995,0.0,0.0
0.09,0.0,0.09,0.0,1.0,0.09,0.0,0.0,0.1,1.0,0.0,0.8829,0.0,0.0,0.0,0.0,0.8829,0.09,0.8829,0.0,0.0
0.0905,0.0,0.0905,0.0,1.0,0.0905,0.0,0.0,0.1,1.0,0.0,0.8878050000000001,0.0,0.0,0.0,0.0,0.8878050000000001,0.0905,0.8878050000000001,0.0,0.0
0.091,0.0,0.091,0.0,1.0,0.091,0.0,0.0,0.1,1.0,0.0,0.89271,0.0,0.0,0.0,0.0,0.89271,0.091,0.89271,0.0,0.0
0.0915,0.0,0.0915,0.0,1.0,0.0915,0.0,0.0,0.1,1.0,0.0,0.897615,0.0,0.0,0.0,0.0,0.897615,0.0915,0.897615,0.0,0.0
0.092,0.0,0.092,0.0,1.0,0.092,0.0,0.0,0.1,1.0,0.0,0.90252,0.0,0.0,0.0,0.0,0.90252,0.092,0.90252,0.0,0.0
0.0925,0.0,0.0925,0.0,1.0,0.0925,0.0,0.0,0.1,1.0,0.0,0.907425,0.0,0.0,0.0,0.0,0.907425,0.0925,0.907425,0.0,0.0
0.093,0.0,0.093,0.0,1.0,0.093,0.0,0.0,0.1,1.0,0.0,0.9123300000000001,0.0,0.0,0.0,0.0,0.9123300000000001,0.093,0.9123300000000001,0.0,0.0
0.0935,0.0,0.0935,0.0,1.0,0.0935,0.0,0.0,0.1,1.0,0.0,0.917235,0.0,0.0,0.0,0.0,0.917235,0.0935,0.917235,0.0,0.0
0.094,0.0,0.094,0.0,1.0,0.094,0.0,0.0,0.1,1.0,0.0,0.9221400000000001,0.0,0.0,0.0,0.0,0.9221400000000001,0.094,0.9221400000000001,0.0,0.0
0.0945,0.0,0.0945,0.0,1.0,0.0945,0.0,0.0,0.1,1.0,0.0,0.927045,0.0,0.0,0.0,0.0,0.927045,0.0945,0.927045,0.0,0.0
0.095,0.0,0.095,0.0,1.0,0.095,0.0,0.0,0.1,1.0,0.0,0.9319500000000001,0.0,0.0,0.0,0.0,0.9319500000000001,0.095,0.9319500000000001,0.0,0.0
0.0955,0.0,0.0955,0.0,1.0,0.0955,0.0,0.0,0.1,1.0,0.0,0.9368550000000001,0.0,0.0,0.0,0.0,0.9368550000000001,0.0955,0.9368550000000001,0.0,0.0
0.096,0.0,0.096,0.0,1.0,0.096,0.0,0.0,0.1,1.0,0.0,0.94176,0.0,0.0,0.0,0.0,0.94176,0.096,0.94176,0.0,0.0
0.0965,0.0,0.0965,0.0,1.0,0.0965,0.0,0.0,0.1,1.0,0.0,0.9466650000000001,0.0,0.0,0.0,0.0,0.9466650000000001,0.0965,0.9466650000000001,0.0,0.0
0.097,0.0,0.097,0.0,1.0,0.097,0.0,0.0,0.1,1.0,0.0,0.95157,0.0,0.0,0.0,0.0,0.95157,0.097,0.95157,0.0,0.0
0.0975,0.0,0.0975,0.0,1.0,0.0975,0.0,0.0,0.1,1.0,0.0,0.9564750000000001,0.0,0.0,0.0,0.0,0.9564750000000001,0.0975,0.9564750000000001,0.0,0.0
0.098,0.0,0.098,0.0,1.0,0.098,0.0,0.0,0.1,1.0,0.0,0.9613800000000001,0.0,0.0,0.0,0.0,0.9613800000000001,0.098,0.9613800000000001,0.0,0.0
0.0985,0.0,0.0985,0.0,1.0,0.0985,0.0,0.0,0.1,1.0,0.0,0.9662850000000001,0.0,0.0,0.0,0.0,0.9662850000000001,0.0985,0.9662850000000001,0.0,0.0
0.099,0.0,0.099,0.0,1.0,0.099,0.0,0.0,0.1,1.0,0.0,0.9711900000000001,0.0,0.0,0.0,0.0,0.9711900000000001,0.099,0.9711900000000001,0.0,0.0
0.0995,0.0,0.0995,0.0,1.0,0.0995,0.0,0.0,0.1,1.0,0.0,0.976095,0.0,0.0,0.0,0.0,0.976095,0.0995,0.976095,0.0,0.0
0.1,0.0,0.1,0.0,1.0,0.1,0.0,0.0,0.1,1.0,0.0,0.9810000000000001,0.0,0.0,0.0,0.0,0.9810000000000001,0.1,0.9810000000000001,0.0,0.0
0.1005,0.0,0.1005,0.0,1.0,0.1005,0.0,0.0,0.1,1.0,0.0,0.9859050000000001,0.0,0.0,0.0,0.0,0.9859050000000001,0.1005,0.9859050000000001,0.0,0.0
0.101,0.0,0.101,0.0,1.0,0.101,0.0,0.0,0.1,1.0,0.0,0.9908100000000001,0.0,0.0,0.0,0.0,0.9908100000000001,0.101,0.9908100000000001,0.0,0.0
0.1015,0.0,0.1015,0.0,1.0,0.1015,0.0,0.0,0.1,1.0,0.0,0.9957150000000001,0.0,0.0,0.0,0.0,0.9957150000000001,0.1015,0.9957150000000001,0.0,0.0
0.10200000000000001,0.0,0.10200000000000001,0.0,1.0,0.10200000000000001,0.0,0.0,0.1,1.0,0.0,1.00062,0.0,0.0,0.0,0.0,1.00062,0.10200000000000001,1.00062,0.0,0.0
0.10250000000000001,0.0,0.10250000000000001,0.0,1.0,0.10250000000000001,0.0,0.0,0.1,1.0,0.0,1.0055250000000002,0.0,0.0,0.0,0.0,1.0055250000000002,0.10250000000000001,1.0055250000000002,0.0,0.0
0.10300000000000001,0.0,0.10300000000000001,0.0,1.0,0.10300000000000001,0.0,0.0,0.1,1.0,0.0,1.0104300000000002,0.0,0.0,0.0,0.0,1.0104300000000002,0.10300000000000001,1.0104300000000002,0.0,0.0
0.10350000000000001,0.0,0.10350000000000001,0.0,1.0,0.10350000000000001,0.0,0.0,0.1,1.0,0.0,1.015335,0.0,0.0,0.0,0.0,1.015335,0.10350000000000001,1.015335,0.0,0.0
0.10400000000000001,0.0,0.10400000000000001,0.0,1.0,0.10400000000000001,0.0,0.0,0.1,1.0,0.0,1.02024,0.0,0.0,0.0,0.0,1.02024,0.10400000000000001,1.02024,0.0,0.0
0.1045,0.0,0.1045,0.0,1.0,0.1045,0.0,0.0,0.1,1.0,0.0,1.025145,0.0,0.0,0.0,0.0,1.025145,0.1045,1.025145,0.0,0.0
0.105,0.0,0.105,0.0,1.0,0.105,0.0,0.0,0.1,1.0,0.0,1.03005,0.0,0.0,0.0,0.0,1.03005,0.105,1.03005,0.0,0.0
0.1055,0.0,0.1055,0.0,1.0,0.1055,0.0,0.0,0.1,1.0,0.0,1.034955,0.0,0.0,0.0,0.0,1.034955,0.1055,1.034955,0.0,0.0
0.106,0.0,0.106,0.0,1.0,0.106,0.0,0.0,0.1,1.0,0.0,1.03986,0.0,0.0,0.0,0.0,1.03986,0.106,1.03986,0.0,0.0
0.1065,0.0,0.1065,0.0,1.0,0.1065,0.0,0.0,0.1,1.0,0.0,1.044765,0.0,0.0,0.0,0.0,1.044765,0.1065,1.044765,0.0,0.0
0.107,0.0,0.107,0.0,1.0,0.107,0.0,0.0,0.1,1.0,0.0,1.04967,0.0,0.0,0.0,0.0,1.04967,0.107,1.04967,0.0,0.0
0.1075,0.0,0.1075,0.0,1.0,0.1075,0.0,0.0,0.1,1.0,0.0,1.054575,0.0,0.0,0.0,0.0,1.054575,0.1075,1.054575,0.0,0.0
0.108,0.0,0.108,0.0,1.0,0.108,0.0,0.0,0.1,1.0,0.0,1.05948,0.0,0.0,0.0,0.0,1.05948,0.108,1.05948,0.0,0.0
0.1085,0.0,0.1085,0.0,1.0,0.1085,0.0,0.0,0.1,1.0,0.0,1.0643850000000001,0.0,0.0,0.0,0.0,1.0643850000000001,0.1085,1.0643850000000001,0.0,0.0
0.109,0.0,0.109,0.0,1.0,0.109,0.0,0.0,0.1,1.0,0.0,1.06929,0.0,0.0,0.0,0.0,1.06929,0.109,1.06929,0.0,0.0
0.1095,0.0,0.1095,0.0,1.0,0.1095,0.0,0.0,0.1,1.0,0.0,1.074195,0.0,0.0,0.0,0.0,1.074195,0.1095,1.074195,0.0,0.0
0.11,0.0,0.11,0.0,1.0,0.11,0.0,0.0,0.1,1.0,0.0,1.0791000000000002,0.0,0.0,0.0,0.0,1.0791000000000002,0.11,1.0791000000000002,0.0,0.0
0.1105,0.0,0.1105,0.0,1.0,0.1105,0.0,0.0,0.1,1.0,0.0,1.084005,0.0,0.0,0.0,0.0,1.084005,0.1105,1.084005,0.0,0.0
0.111,0.0,0.111,0.0,1.0,0.111,0.0,0.0,0.1,1.0,0.0,1.08891,0.0,0.0,0.0,0.0,1.08891,0.111,1.08891,0.0,0.0
0.1115,0.0,0.1115,0.0,1.0,0.1115,0.0,0.0,0.1,1.0,0.0,1.093815,0.0,0.0,0.0,0.0,1.093815,0.1115,1.093815,0.0,0.0
0.112,0.0,0.112,0.0,1.0,0.112,0.0,0.0,0.1,1.0,0.0,1.0987200000000001,0.0,0.0,0.0,0.0,1.0987200000000001,0.112,1.0987200000000001,0.0,0.0
0.1125,0.0,0.1125,0.0,1.0,0.1125,0.0,0.0,0.1,1.0,0.0,1.103625,0.0,0.0,0.0,0.0,1.103625,0.1125,1.103625,0.0,0.0
0.113,0.0,0.113,0.0,1.0,0.113,0.0,0.0,0.1,1.0,0.0,1.10853,0.0,0.0,0.0,0.0,1.10853,0.113,1.10853,0.0,0.0
0.1135,0.0,0.1135,0.0,1.0,0.1135,0.0,0.0,0.1,1.0,0.0,1.1134350000000002,0.0,0.0,0.0,0.0,1.1134350000000002,0.1135,1.1134350000000002,0.0,0.0
0.114,0.0,0.114,0.0,1.0,0.114,0.0,0.0,0.1,1.0,0.0,1.1183400000000001,0.0,0.0,0.0,0.0,1.1183400000000001,0.114,1.1183400000000001,0.0,0.0
0.1145,0.0,0.1145,0.0,1.0,0.1145,0.0,0.0,0.1,1.0,0.0,1.123245,0.0,0.0,0.0,0.0,1.123245,0.1145,1.123245,0.0,0.0
0.115,0.0,0.115,0.0,1.0,0.115,0.0,0.0,0.1,1.0,0.0,1.1281500000000002,0.0,0.0,0.0,0.0,1.1281500000000002,0.115,1.1281500000000002,0.0,0.0
0.1155,0.0,0.1155,0.0,1.0,0.1155,0.0,0.0,0.1,1.0,0.0,1.1330550000000001,0.0,0.0,0.0,0.0,1.1330550000000001,0.1155,1.1330550000000001,0.0,0.0
0.116,0.0,0.116,0.0,1.0,0.116,0.0,0.0,0.1,1.0,0.0,1.13796,0.0,0.0,0.0,0.0,1.13796,0.116,1.13796,0.0,0.0
0.1165,0.0,0.1165,0.0,1.0,0.1165,0.0,0.0,0.1,1.0,0.0,1.142865,0.0,0.0,0.0,0.0,1.142865,0.1165,1.142865,0.0,0.0
0.117,0.0,0.117,0.0,1.0,0.117,0.0,0.0,0.1,1.0,0.0,1.1477700000000002,0.0,0.0,0.0,0.0,1.1477700000000002,0.117,1.1477700000000002,0.0,0.0
0.11750000000000001,0.0,0.11750000000000001,0.0,1.0,0.11750000000000001,0.0,0.0,0.1,1.0,0.0,1.1526750000000001,0.0,0.0,0.0,0.0,1.1526750000000001,0.11750000000000001,1.1526750000000001,0.0,0.0
0.11800000000000001,0.0,0.11800000000000001,0.0,1.0,0.11800000000000001,0.0,0.0,0.1,1.0,0.0,1.15758,0.0,0.0,0.0,0.0,1.15758,0.11800000000000001,1.15758,0.0,0.0
0.11850000000000001,0.0,0.11850000000000001,0.0,1.0,0.11850000000000001,0.0,0.0,0.1,1.0,0.0,1.1624850000000002,0.0,0.0,0.0,0.0,1.1624850000000002,0.11850000000000001,1.1624850000000002,0.0,0.0
0.11900000000000001,0.0,0.11900000000000001,0.0,1.0,0.11900000000000001,0.0,0.0,0.1,1.0,0.0,1.1673900000000001,0.0,0.0,0.0,0.0,1.1673900000000001,0.11900000000000001,1.1673900000000001,0.0,0.0
0.11950000000000001,0.0,0.11950000000000001,0.0,1.0,0.11950000000000001,0.0,0.0,0.1,1.0,0.0,1.172295,0.0,0.0,0.0,0.0,1.172295,0.11950000000000001,1.172295,0.0,0.0
0.12,0.0,0.12,0.0,1.0,0.12,0.0,0.0,0.1,1.0,0.0,1.1772,0.0,0.0,0.0,0.0,1.1772,0.12,1.1772,0.0,0.0
0.1205,0.0,0.1205,0.0,1.0,0.1205,0.0,0.0,0.1,1.0,0.0,1.182105,0.0,0.0,0.0,0.0,1.182105,0.1205,1.182105,0.0,0.0
0.121,0.0,0.121,0.0,1.0,0.121,0.0,0.0,0.1,1.0,0.0,1.1870100000000001,0.0,0.0,0.0,0.0,1.1870100000000001,0.121,1.1870100000000001,0.0,0.0
0.1215,0.0,0.1215,0.0,1.0,0.1215,0.0,0.0,0.1,1.0,0.0,1.191915,0.0,0.0,0.0,0.0,1.191915,0.1215,1.191915,0.0,0.0
0.122,0.0,0.122,0.0,1.0,0.122,0.0,0.0,0.1,1.0,0.0,1.19682,0.0,0.0,0.0,0.0,1.19682,0.122,1.19682,0.0,0.0
0.1225,0.0,0.1225,0.0,1.0,0.1225,0.0,0.0,0.1,1.0,0.0,1.201725,0.0,0.0,0.0,0.0,1.201725,0.1225,1.201725,0.0,0.0
0.123,0.0,0.123,0.0,1.0,0.123,0.0,0.0,0.1,1.0,0.0,1.20663,0.0,0.0,0.0,0.0,1.20663,0.123,1.20663,0.0,0.0
0.1235,0.0,0.1235,0.0,1.0,0.1235,0.0,0.0,0.1,1.0,0.0,1.211535,0.0,0.0,0.0,0.0,1.211535,0.1235,1.211535,0.0,0.0
0.124,0.0,0.124,0.0,1.0,0.124,0.0,0.0,0.1,1.0,0.0,1.21644,0.0,0.0,0.0,0.0,1.21644,0.124,1.21644,0.0,0.0
0.1245,0.0,0.1245,0.0,1.0,0.1245,0.0,0.0,0.1,1.0,0.0,1.2213450000000001,0.0,0.0,0.0,0.0,1.2213450000000001,0.1245,1.2213450000000001,0.0,0.0
0.125,0.0,0.125,0.0,1.0,0.125,0.0,0.0,0.1,1.0,0.0,1.22625,0.0,0.0,0.0,0.0,1.22625,0.125,1.22625,0.0,0.0
0.1255,0.0,0.1255,0.0,1.0,0.1255,0.0,0.0,0.1,1.0,0.0,1.231155,0.0,0.0,0.0,0.0,1.231155,0.1255,1.231155,0.0,0.0
0.126,0.0,0.126,0.0,1.0,0.126,0.0,0.0,0.1,1.0,0.0,1.2360600000000002,0.0,0.0,0.0,0.0,1.2360600000000002,0.126,1.2360600000000002,0.0,0.0
0.1265,0.0,0.1265,0.0,1.0,0.1265,0.0,0.0,0.1,1.0,0.0,1.240965,0.0,0.0,0.0,0.0,1.240965,0.1265,1.240965,0.0,0.0
0.127,0.0,0.127,0.0,1.0,0.127,0.0,0.0,0.1,1.0,0.0,1.24587,0.0,0.0,0.0,0.0,1.24587,0.127,1.24587,0.0,0.0
0.1275,0.0,0.1275,0.0,1.0,0.1275,0.0,0.0,0.1,1.0,0.0,1.2507750000000002,0.0,0.0,0.0,0.0,1.2507750000000002,0.1275,1.2507750000000002,0.0,0.0
0.128,0.0,0.128,0.0,1.0,0.128,0.0,0.0,0.1,1.0,0.0,1.2556800000000001,0.0,0.0,0.0,0.0,1.2556800000000001,0.128,1.2556800000000001,0.0,0.0
0.1285,0.0,0.1285,0.0,1.0,0.1285,0.0,0.0,0.1,1.0,0.0,1.260585,0.0,0.0,0.0,0.0,1.260585,0.1285,1.260585,0.0,0.0
0.129,0.0,0.129,0.0,1.0,0.129,0.0,0.0,0.1,1.0,0.0,1.26549,0.0,0.0,0.0,0.0,1.26549,0.129,1.26549,0.0,0.0
0.1295,0.0,0.1295,0.0,1.0,0.1295,0.0,0.0,0.1,1.0,0.0,1.2703950000000002,0.0,0.0,0.0,0.0,1.2703950000000002,0.1295,1.2703950000000002,0.0,0.0
0.13,0.0,0.13,0.0,1.0,0.13,0.0,0.0,0.1,1.0,0.0,1.2753,0.0,0.0,0.0,0.0,1.2753,0.13,1.2753,0.0,0.0
0.1305,0.0,0.1305,0.0,1.0,0.1305,0.0,0.0,0.1,1.0,0.0,1.280205,0.0,0.0,0.0,0.0,1.280205,0.1305,1.280205,0.0,0.0
0.131,0.0,0.131,0.0,1.0,0.131,0.0,0.0,0.1,1.0,0.0,1.2851100000000002,0.0,0.0,0.0,0.0,1.2851100000000002,0.131,1.2851100000000002,0.0,0.0
0.1315,0.0,0.1315,0.0,1.0,0.1315,0.0,0.0,0.1,1.0,0.0,1.2900150000000001,0.0,0.0,0.0,0.0,1.2900150000000001,0.1315,1.2900150000000001,0.0,0.0
0.132,0.0,0.132,0.0,1.0,0.132,0.0,0.0,0.1,1.0,0.0,1.29492,0.0,0.0,0.0,0.0,1.29492,0.132,1.29492,0.0,0.0
0.1325,0.0,0.1325,0.0,1.0,0.1325,0.0,0.0,0.1,1.0,0.0,1.2998250000000002,0.0,0.0,0.0,0.0,1.2998250000000002,0.1325,1.2998250000000002,0.0,0.0
0.133,0.0,0.133,0.0,1.0,0.133,0.0,0.0,0.1,1.0,0.0,1.3047300000000002,0.0,0.0,0.0,0.0,1.3047300000000002,0.133,1.3047300000000002,0.0,0.0
0.1335,0.0,0.1335,0.0,1.0,0.1335,0.0,0.0,0.1,1.0,0.0,1.309635,0.0,0.0,0.0,0.0,1.309635,0.1335,1.309635,0.0,0.0
0.134,0.0,0.134,0.0,1.0,0.134,0.0,0.0,0.1,1.0,0.0,1.31454,0.0,0.0,0.0,0.0,1.31454,0.134,1.31454,0.0,0.0
0.1345,0.0,0.1345,0.0,1.0,0.1345,0.0,0.0,0.1,1.0,0.0,1.3194450000000002,0.0,0.0,0.0,0.0,1.3194450000000002,0.1345,1.3194450000000002,0.0,0.0
0.135,0.0,0.135,0.0,1.0,0.135,0.0,0.0,0.1,1.0,0.0,1.3243500000000001,0.0,0.0,0.0,0.0,1.3243500000000001,0.135,1.3243500000000001,0.0,0.0
0.1355,0.0,0.1355,0.0,1.0,0.1355,0.0,0.0,0.1,1.0,0.0,1.329255,0.0,0.0,0.0,0.0,1.329255,0.1355,1.329255,0.0,0.0
0.136,0.0,0.136,0.0,1.0,0.136,0.0,0.0,0.1,1.0,0.0,1.3341600000000002,0.0,0.0,0.0,0.0,1.3341600000000002,0.136,1.3341600000000002,0.0,0.0
0.1365,0.0,0.1365,0.0,1.0,0.1365,0.0,0.0,0.1,1.0,0.0,1.3390650000000002,0.0,0.0,0.0,0.0,1.3390650000000002,0.1365,1.3390650000000002,0.0,0.0
0.137,0.0,0.137,0.0,1.0,0.137,0.0,0.0,0.1,1.0,0.0,1.34397,0.0,0.0,0.0,0.0,1.34397,0.137,1.34397,0.0,0.0
0.1375,0.0,0.1375,0.0,1.0,0.1375,0.0,0.0,0.1,1.0,0.0,1.3488750000000003,0.0,0.0,0.0,0.0,1.3488750000000003,0.1375,1.3488750000000003,0.0,0.0
0.138,0.0,0.138,0.0,1.0,0.138,0.0,0.0,0.1,1.0,0.0,1.3537800000000002,0.0,0.0,0.0,0.0,1.3537800000000002,0.138,1.3537800000000002,0.0,0.0
0.1385,0.0,0.1385,0.0,1.0,0.1385,0.0,0.0,0.1,1.0,0.0,1.3586850000000001,0.0,0.0,0.0,0.0,1.3586850000000001,0.1385,1.3586850000000001,0.0,0.0
0.139,0.0,0.139,0.0,1.0,0.139,0.0,0.0,0.1,1.0,0.0,1.3635900000000003,0.0,0.0,0.0,0.0,1.3635900000000003,0.139,1.3635900000000003,0.0,0.0
0.1395,0.0,0.1395,0.0,1.0,0.1395,0.0,0.0,0.1,1.0,0.0,1.3684950000000002,0.0,0.0,0.0,0.0,1.3684950000000002,0.1395,1.3684950000000002,0.0,0.0
0.14,0.0,0.14,0.0,1.0,0.14,0.0,0.0,0.1,1.0,0.0,1.3734000000000002,0.0,0.0,0.0,0.0,1.3734000000000002,0.14,1.3734000000000002,0.0,0.0
0.1405,0.0,0.1405,0.0,1.0,0.1405,0.0,0.0,0.1,1.0,0.0,1.3783050000000001,0.0,0.0,0.0,0.0,1.3783050000000001,0.1405,1.3783050000000001,0.0,0.0
0.14100000000000001,0.0,0.14100000000000001,0.0,1.0,0.14100000000000001,0.0,0.0,0.1,1.0,0.0,1.3832100000000003,0.0,0.0,0.0,0.0,1.3832100000000003,0.14100000000000001,1.3832100000000003,0.0,0.0
0.14150000000000001,0.0,0.14150000000000001,0.0,1.0,0.14150000000000001,0.0,0.0,0.1,1.0,0.0,1.3881150000000002,0.0,0.0,0.0,0.0,1.3881150000000002,0.14150000000000001,1.3881150000000002,0.0,0.0
0.14200000000000002,0.0,0.14200000000000002,0.0,1.0,0.14200000000000002,0.0,0.0,0.1,1.0,0.0,1.3930200000000001,0.0,0.0,0.0,0.0,1.3930200000000001,0.14200000000000002,1.3930200000000001,0.0,0.0
0.14250000000000002,0.0,0.14250000000000002,0.0,1.0,0.14250000000000002,0.0,0.0,0.1,1.0,0.0,1.3979250000000003,0.0,0.0,0.0,0.0,1.3979250000000003,0.14250000000000002,1.3979250000000003,0.0,0.0
0.14300000000000002,0.0,0.14300000000000002,0.0,1.0,0.14300000000000002,0.0,0.0,0.1,1.0,0.0,1.4028300000000002,0.0,0.0,0.0,0.0,1.4028300000000002,0.14300000000000002,1.4028300000000002,0.0,0.0
0.14350000000000002,0.0,0.14350000000000002,0.0,1.0,0.14350000000000002,0.0,0.0,0.1,1.0,0.0,1.4077350000000002,0.0,0.0,0.0,0.0,1.4077350000000002,0.14350000000000002,1.4077350000000002,0.0,0.0
0.14400000000000002,0.0,0.14400000000000002,0.0,1.0,0.14400000000000002,0.0,0.0,0.1,1.0,0.0,1.4126400000000003,0.0,0.0,0.0,0.0,1.4126400000000003,0.14400000000000002,1.4126400000000003,0.0,0.0
0.1445,0.0,0.1445,0.0,1.0,0.1445,0.0,0.0,0.1,1.0,0.0,1.417545,0.0,0.0,0.0,0.0,1.417545,0.1445,1.417545,0.0,0.0
0.145,0.0,0.145,0.0,1.0,0.145,0.0,0.0,0.1,1.0,0.0,1.42245,0.0,0.0,0.0,0.0,1.42245,0.145,1.42245,0.0,0.0
0.1455,0.0,0.1455,0.0,1.0,0.1455,0.0,0.0,0.1,1.0,0.0,1.427355,0.0,0.0,0.0,0.0,1.427355,0.1455,1.427355,0.0,0.0
0.146,0.0,0.146,0.0,1.0,0.146,0.0,0.0,0.1,1.0,0.0,1.43226,0.0,0.0,0.0,0.0,1.43226,0.146,1.43226,0.0,0.0
0.1465,0.0,0.1465,0.0,1.0,0.1465,0.0,0.0,0.1,1.0,0.0,1.437165,0.0,0.0,0.0,0.0,1.437165,0.1465,1.437165,0.0,0.0
0.147,0.0,0.147,0.0,1.0,0.147,0.0,0.0,0.1,1.0,0.0,1.44207,0.0,0.0,0.0,0.0,1.44207,0.147,1.44207,0.0,0.0
0.1475,0.0,0.1475,0.0,1.0,0.1475,0.0,0.0,0.1,1.0,0.0,1.446975,0.0,0.0,0.0,0.0,1.446975,0.1475,1.446975,0.0,0.0
0.148,0.0,0.148,0.0,1.0,0.148,0.0,0.0,0.1,1.0,0.0,1.45188,0.0,0.0,0.0,0.0,1.45188,0.148,1.45188,0.0,0.0
0.1485,0.0,0.1485,0.0,1.0,0.1485,0.0,0.0,0.1,1.0,0.0,1.456785,0.0,0.0,0.0,0.0,1.456785,0.1485,1.456785,0.0,0.0
0.149,0.0,0.149,0.0,1.0,0.149,0.0,0.0,0.1,1.0,0.0,1.46169,0.0,0.0,0.0,0.0,1.46169,0.149,1.46169,0.0,0.0
0.1495,0.0,0.1495,0.0,1.0,0.1495,0.0,0.0,0.1,1.0,0.0,1.466595,0.0,0.0,0.0,0.0,1.466595,0.1495,1.466595,0.0,0.0
0.15,0.0,0.15,0.0,1.0,0.15,0.0,0.0,0.1,1.0,0.0,1.4715,0.0,0.0,0.0,0.0,1.4715,0.15,1.4715,0.0,0.0
0.1505,0.0,0.1505,0.0,1.0,0.1505,0.0,0.0,0.1,1.0,0.0,1.476405,0.0,0.0,0.0,0.0,1.476405,0.1505,1.476405,0.0,0.0
0.151,0.0,0.151,0.0,1.0,0.151,0.0,0.0,0.1,1.0,0.0,1.4813100000000001,0.0,0.0,0.0,0.0,1.4813100000000001,0.151,1.4813100000000001,0.0,0.0
0.1515,0.0,0.1515,0.0,1.0,0.1515,0.0,0.0,0.1,1.0,0.0,1.486215,0.0,0.0,0.0,0.0,1.486215,0.1515,1.486215,0.0,0.0
0.152,0.0,0.152,0.0,1.0,0.152,0.0,0.0,0.1,1.0,0.0,1.49112,0.0,0.0,0.0,0.0,1.49112,0.152,1.49112,0.0,0.0
0.1525,0.0,0.1525,0.0,1.0,0.1525,0.0,0.0,0.1,1.0,0.0,1.496025,0.0,0.0,0.0,0.0,1.496025,0.1525,1.496025,0.0,0.0
0.153,0.0,0.153,0.0,1.0,0.153,0.0,0.0,0.1,1.0,0.0,1.50093,0.0,0.0,0.0,0.0,1.50093,0.153,1.50093,0.0,0.0
0.1535,0.0,0.1535,0.0,1.0,0.1535,0.0,0.0,0.1,1.0,0.0,1.505835,0.0,0.0,0.0,0.0,1.505835,0.1535,1.505835,0.0,0.0
0.154,0.0,0.154,0.0,1.0,0.154,0.0,0.0,0.1,1.0,0.0,1.51074,0.0,0.0,0.0,0.0,1.51074,0.154,1.51074,0.0,0.0
0.1545,0.0,0.1545,0.0,1.0,0.1545,0.0,0.0,0.1,1.0,0.0,1.5156450000000001,0.0,0.0,0.0,0.0,1.5156450000000001,0.1545,1.5156450000000001,0.0,0.0
0.155,0.0,0.155,0.0,1.0,0.155,0.0,0.0,0.1,1.0,0.0,1.52055,0.0,0.0,0.0,0.0,1.52055,0.155,1.52055,0.0,0.0
0.1555,0.0,0.1555,0.0,1.0,0.1555,0.0,0.0,0.1,1.0,0.0,1.525455,0.0,0.0,0.0,0.0,1.525455,0.1555,1.525455,0.0,0.0
0.156,0.0,0.156,0.0,1.0,0.156,0.0,0.0,0.1,1.0,0.0,1.5303600000000002,0.0,0.0,0.0,0.0,1.5303600000000002,0.156,1.5303600000000002,0.0,0.0
0.1565,0.0,0.1565,0.0,1.0,0.1565,0.0,0.0,0.1,1.0,0.0,1.535265,0.0,0.0,0.0,0.0,1.535265,0.1565,1.535265,0.0,0.0
0.157,0.0,0.157,0.0,1.0,0.157,0.0,0.0,0.1,1.0,0.0,1.54017,0.0,0.0,0.0,0.0,1.54017,0.157,1.54017,0.0,0.0
0.1575,0.0,0.1575,0.0,1.0,0.1575,0.0,0.0,0.1,1.0,0.0,1.5450750000000002,0.0,0.0,0.0,0.0,1.5450750000000002,0.1575,1.5450750000000002,0.0,0.0
0.158,0.0,0.158,0.0,1.0,0.158,0.0,0.0,0.1,1.0,0.0,1.5499800000000001,0.0,0.0,0.0,0.0,1.5499800000000001,0.158,1.5499800000000001,0.0,0.0
0.1585,0.0,0.1585,0.0,1.0,0.1585,0.0,0.0,0.1,1.0,0.0,1.554885,0.0,0.0,0.0,0.0,1.554885,0.1585,1.554885,0.0,0.0
0.159,0.0,0.159,0.0,1.0,0.159,0.0,0.0,0.1,1.0,0.0,1.55979,0.0,0.0,0.0,0.0,1.55979,0.159,1.55979,0.0,0.0
0.1595,0.0,0.1595,0.0,1.0,0.1595,0.0,0.0,0.1,1.0,0.0,1.5646950000000002,0.0,0.0,0.0,0.0,1.5646950000000002,0.1595,1.5646950000000002,0.0,0.0
0.16,0.0,0.16,0.0,1.0,0.16,0.0,0.0,0.1,1.0,0.0,1.5696,0.0,0.0,0.0,0.0,1.5696,0.16,1.5696,0.0,0.0
0.1605,0.0,0.1605,0.0,1.0,0.1605,0.0,0.0,0.1,1.0,0.0,1.574505,0.0,0.0,0.0,0.0,1.574505,0.1605,1.574505,0.0,0.0
0.161,0.0,0.161,0.0,1.0,0.161,0.0,0.0,0.1,1.0,0.0,1.5794100000000002,0.0,0.0,0.0,0.0,1.5794100000000002,0.161,1.5794100000000002,0.0,0.0
0.1615,0.0,0.1615,0.0,1.0,0.1615,0.0,0.0,0.1,1.0,0.0,1.5843150000000001,0.0,0.0,0.0,0.0,1.5843150000000001,0.1615,1.5843150000000001,0.0,0.0
0.162,0.0,0.162,0.0,1.0,0.162,0.0,0.0,0.1,1.0,0.0,1.58922,0.0,0.0,0.0,0.0,1.58922,0.162,1.58922,0.0,0.0
0.1625,0.0,0.1625,0.0,1.0,0.1625,0.0,0.0,0.1,1.0,0.0,1.5941250000000002,0.0,0.0,0.0,0.0,1.5941250000000002,0.1625,1.5941250000000002,0.0,0.0
0.163,0.0,0.163,0.0,1.0,0.163,0.0,0.0,0.1,1.0,0.0,1.5990300000000002,0.0,0.0,0.0,0.0,1.5990300000000002,0.163,1.5990300000000002,0.0,0.0
0.1635,0.0,0.1635,0.0,1.0,0.1635,0.0,0.0,0.1,1.0,0.0,1.603935,0.0,0.0,0.0,0.0,1.603935,0.1635,1.603935,0.0,0.0
0.164,0.0,0.164,0.0,1.0,0.164,0.0,0.0,0.1,1.0,0.0,1.60884,0.0,0.0,0.0,0.0,1.60884,0.164,1.60884,0.0,0.0
0.1645,0.0,0.1645,0.0,1.0,0.1645,0.0,0.0,0.1,1.0,0.0,1.6137450000000002,0.0,0.0,0.0,0.0,1.6137450000000002,0.1645,1.6137450000000002,0.0,0.0
0.165,0.0,0.165,0.0,1.0,0.165,0.0,0.0,0.1,1.0,0.0,1.6186500000000001,0.0,0.0,0.0,0.0,1.6186500000000001,0.165,1.6186500000000001,0.0,0.0
0.1655,0.0,0.1655,0.0,1.0,0.1655,0.0,0.0,0.1,1.0,0.0,1.623555,0.0,0.0,0.0,0.0,1.623555,0.1655,1.623555,0.0,0.0
0.166,0.0,0.166,0.0,1.0,0.166,0.0,0.0,0.1,1.0,0.0,1.6284600000000002,0.0,0.0,0.0,0.0,1.6284600000000002,0.166,1.6284600000000002,0.0,0.0
0.1665,0.0,0.1665,0.0,1.0,0.1665,0.0,0.0,0.1,1.0,0.0,1.6333650000000002,0.0,0.0,0.0,0.0,1.6333650000000002,0.1665,1.6333650000000002,0.0,0.0
0.167,0.0,0.167,0.0,1.0,0.167,0.0,0.0,0.1,1.0,0.0,1.6382700000000001,0.0,0.0,0.0,0.0,1.6382700000000001,0.167,1.6382700000000001,0.0,0.0
0.1675,0.0,0.1675,0.0,1.0,0.1675,0.0,0.0,0.1,1.0,0.0,1.6431750000000003,0.0,0.0,0.0,0.0,1.6431750000000003,0.1675,1.6431750000000003,0.0,0.0
0.168,0.0,0.168,0.0,1.0,0.168,0.0,0.0,0.1,1.0,0.0,1.6480800000000002,0.0,0.0,0.0,0.0,1.6480800000000002,0.168,1.6480800000000002,0.0,0.0
0.1685,0.0,0.1685,0.0,1.0,0.1685,0.0,0.0,0.1,1.0,0.0,1.6529850000000001,0.0,0.0,0.0,0.0,1.6529850000000001,0.1685,1.6529850000000001,0.0,0.0
0.169,0.0,0.169,0.0,1.0,0.169,0.0,0.0,0.1,1.0,0.0,1.65789,0.0,0.0,0.0,0.0,1.65789,0.169,1.65789,0.0,0.0
0.1695,0.0,0.1695,0.0,1.0,0.1695,0.0,0.0,0.1,1.0,0.0,1.6627950000000002,0.0,0.0,0.0,0.0,1.6627950000000002,0.1695,1.6627950000000002,0.0,0.0
0.17,0.0,0.17,0.0,1.0,0.17,0.0,0.0,0.1,1.0,0.0,1.6677000000000002,0.0,0.0,0.0,0.0,1.6677000000000002,0.17,1.6677000000000002,0.0,0.0
0.1705,0.0,0.1705,0.0,1.0,0.1705,0.0,0.0,0.1,1.0,0.0,1.6726050000000001,0.0,0.0,0.0,0.0,1.6726050000000001,0.1705,1.6726050000000001,0.0,0.0
0.171,0.0,0.171,0.0,1.0,0.171,0.0,0.0,0.1,1.0,0.0,1.6775100000000003,0.0,0.0,0.0,0.0,1.6775100000000003,0.171,1.6775100000000003,0.0,0.0
0.1715,0.0,0.1715,0.0,1.0,0.1715,0.0,0.0,0.1,1.0,0.0,1.6824150000000002,0.0,0.0,0.0,0.0,1.6824150000000002,0.1715,1.6824150000000002,0.0,0.0
0.17200000000000001,0.0,0.17200000000000001,0.0,1.0,0.17200000000000001,0.0,0.0,0.1,1.0,0.0,1.6873200000000002,0.0,0.0,0.0,0.0,1.6873200000000002,0.17200000000000001,1.6873200000000002,0.0,0.0
0.17250000000000001,0.0,0.17250000000000001,0.0,1.0,0.17250000000000001,0.0,0.0,0.1,1.0,0.0,1.6922250000000003,0.0,0.0,0.0,0.0,1.6922250000000003,0.17250000000000001,1.6922250000000003,0.0,0.0
0.17300000000000001,0.0,0.17300000000000001,0.0,1.0,0.17300000000000001,0.0,0.0,0.1,1.0,0.0,1.6971300000000002,0.0,0.0,0.0,0.0,1.6971300000000002,0.17300000000000001,1.6971300000000002,0.0,0.0
0.17350000000000002,0.0,0.17350000000000002,0.0,1.0,0.17350000000000002,0.0,0.0,0.1,1.0,0.0,1.7020350000000002,0.0,0.0,0.0,0.0,1.7020350000000002,0.17350000000000002,1.7020350000000002,0.0,0.0
0.17400000000000002,0.0,0.17400000000000002,0.0,1.0,0.17400000000000002,0.0,0.0,0.1,1.0,0.0,1.7069400000000003,0.0,0.0,0.0,0.0,1.7069400000000003,0.17400000000000002,1.7069400000000003,0.0,0.0
0.17450000000000002,0.0,0.17450000000000002,0.0,1.0,0.17450000000000002,0.0,0.0,0.1,1.0,0.0,1.7118450000000003,0.0,0.0,0.0,0.0,1.7118450000000003,0.17450000000000002,1.7118450000000003,0.0,0.0
0.17500000000000002,0.0,0.17500000000000002,0.0,1.0,0.17500000000000002,0.0,0.0,0.1,1.0,0.0,1.7167500000000002,0.0,0.0,0.0,0.0,1.7167500000000002,0.17500000000000002,1.7167500000000002,0.0,0.0
0.17550000000000002,0.0,0.17550000000000002,0.0,1.0,0.17550000000000002,0.0,0.0,0.1,1.0,0.0,1.7216550000000002,0.0,0.0,0.0,0.0,1.7216550000000002,0.17550000000000002,1.7216550000000002,0.0,0.0
0.176,0.0,0.176,0.0,1.0,0.176,0.0,0.0,0.1,1.0,0.0,1.72656,0.0,0.0,0.0,0.0,1.72656,0.176,1.72656,0.0,0.0
0.1765,0.0,0.1765,0.0,1.0,0.1765,0.0,0.0,0.1,1.0,0.0,1.731465,0.0,0.0,0.0,0.0,1.731465,0.1765,1.731465,0.0,0.0
0.177,0.0,0.177,0.0,1.0,0.177,0.0,0.0,0.1,1.0,0.0,1.73637,0.0,0.0,0.0,0.0,1.73637,0.177,1.73637,0.0,0.0
0.1775,0.0,0.1775,0.0,1.0,0.1775,0.0,0.0,0.1,1.0,0.0,1.741275,0.0,0.0,0.0,0.0,1.741275,0.1775,1.741275,0.0,0.0
0.178,0.0,0.178,0.0,1.0,0.178,0.0,0.0,0.1,1.0,0.0,1.74618,0.0,0.0,0.0,0.0,1.74618,0.178,1.74618,0.0,0.0
0.1785,0.0,0.1785,0.0,1.0,0.1785,0.0,0.0,0.1,1.0,0.0,1.751085,0.0,0.0,0.0,0.0,1.751085,0.1785,1.751085,0.0,0.0
0.179,0.0,0.179,0.0,1.0,0.179,0.0,0.0,0.1,1.0,0.0,1.75599,0.0,0.0,0.0,0.0,1.75599,0.179,1.75599,0.0,0.0
0.1795,0.0,0.1795,0.0,1.0,0.1795,0.0,0.0,0.1,1.0,0.0,1.760895,0.0,0.0,0.0,0.0,1.760895,0.1795,1.760895,0.0,0.0
0.18,0.0,0.18,0.0,1.0,0.18,0.0,0.0,0.1,1.0,0.0,1.7658,0.0,0.0,0.0,0.0,1.7658,0.18,1.7658,0.0,0.0
0.1805,0.0,0.1805,0.0,1.0,0.1805,0.0,0.0,0.1,1.0,0.0,1.770705,0.0,0.0,0.0,0.0,1.770705,0.1805,1.770705,0.0,0.0
0.181,0.0,0.181,0.0,1.0,0.181,0.0,0.0,0.1,1.0,0.0,1.7756100000000001,0.0,0.0,0.0,0.0,1.7756100000000001,0.181,1.7756100000000001,0.0,0.0
0.1815,0.0,0.1815,0.0,1.0,0.1815,0.0,0.0,0.1,1.0,0.0,1.780515,0.0,0.0,0.0,0.0,1.780515,0.1815,1.780515,0.0,0.0
0.182,0.0,0.182,0.0,1.0,0.182,0.0,0.0,0.1,1.0,0.0,1.78542,0.0,0.0,0.0,0.0,1.78542,0.182,1.78542,0.0,0.0
0.1825,0.0,0.1825,0.0,1.0,0.1825,0.0,0.0,0.1,1.0,0.0,1.790325,0.0,0.0,0.0,0.0,1.790325,0.1825,1.790325,0.0,0.0
0.183,0.0,0.183,0.0,1.0,0.183,0.0,0.0,0.1,1.0,0.0,1.79523,0.0,0.0,0.0,0.0,1.79523,0.183,1.79523,0.0,0.0
0.1835,0.0,0.1835,0.0,1.0,0.1835,0.0,0.0,0.1,1.0,0.0,1.800135,0.0,0.0,0.0,0.0,1.800135,0.1835,1.800135,0.0,0.0
0.184,0.0,0.184,0.0,1.0,0.184,0.0,0.0,0.1,1.0,0.0,1.80504,0.0,0.0,0.0,0.0,1.80504,0.184,1.80504,0.0,0.0
0.1845,0.0,0.1845,0.0,1.0,0.1845,0.0,0.0,0.1,1.0,0.0,1.8099450000000001,0.0,0.0,0.0,0.0,1.8099450000000001,0.1845,1.8099450000000001,0.0,0.0
0.185,0.0,0.185,0.0,1.0,0.185,0.0,0.0,0.1,1.0,0.0,1.81485,0.0,0.0,0.0,0.0,1.81485,0.185,1.81485,0.0,0.0
0.1855,0.0,0.1855,0.0,1.0,0.1855,0.0,0.0,0.1,1.0,0.0,1.819755,0.0,0.0,0.0,0.0,1.819755,0.1855,1.819755,0.0,0.0
0.186,0.0,0.186,0.0,1.0,0.186,0.0,0.0,0.1,1.0,0.0,1.8246600000000002,0.0,0.0,0.0,0.0,1.8246600000000002,0.186,1.8246600000000002,0.0,0.0
0.1865,0.0,0.1865,0.0,1.0,0.1865,0.0,0.0,0.1,1.0,0.0,1.829565,0.0,0.0,0.0,0.0,1.829565,0.1865,1.829565,0.0,0.0
0.187,0.0,0.187,0.0,1.0,0.187,0.0,0.0,0.1,1.0,0.0,1.83447,0.0,0.0,0.0,0.0,1.83447,0.187,1.83447,0.0,0.0
0.1875,0.0,0.1875,0.0,1.0,0.1875,0.0,0.0,0.1,1.0,0.0,1.839375,0.0,0.0,0.0,0.0,1.839375,0.1875,1.839375,0.0,0.0
0.188,0.0,0.188,0.0,1.0,0.188,0.0,0.0,0.1,1.0,0.0,1.8442800000000001,0.0,0.0,0.0,0.0,1.8442800000000001,0.188,1.8442800000000001,0.0,0.0
0.1885,0.0,0.1885,0.0,1.0,0.1885,0.0,0.0,0.1,1.0,0.0,1.849185,0.0,0.0,0.0,0.0,1.849185,0.1885,1.849185,0.0,0.0
0.189,0.0,0.189,0.0,1.0,0.189,0.0,0.0,0.1,1.0,0.0,1.85409,0.0,0.0,0.0,0.0,1.85409,0.189,1.85409,0.0,0.0
0.1895,0.0,0.1895,0.0,1.0,0.1895,0.0,0.0,0.1,1.0,0.0,1.8589950000000002,0.0,0.0,0.0,0.0,1.8589950000000002,0.1895,1.8589950000000002,0.0,0.0
0.19,0.0,0.19,0.0,1.0,0.19,0.0,0.0,0.1,1.0,0.0,1.8639000000000001,0.0,0.0,0.0,0.0,1.8639000000000001,0.19,1.8639000000000001,0.0,0.0
0.1905,0.0,0.1905,0.0,1.0,0.1905,0.0,0.0,0.1,1.0,0.0,1.868805,0.0,0.0,0.0,0.0,1.868805,0.1905,1.868805,0.0,0.0
0.191,0.0,0.191,0.0,1.0,0.191,0.0,0.0,0.1,1.0,0.0,1.8737100000000002,0.0,0.0,0.0,0.0,1.8737100000000002,0.191,1.8737100000000002,0.0,0.0
0.1915,0.0,0.1915,0.0,1.0,0.1915,0.0,0.0,0.1,1.0,0.0,1.8786150000000001,0.0,0.0,0.0,0.0,1.8786150000000001,0.1915,1.8786150000000001,0.0,0.0
0.192,0.0,0.192,0.0,1.0,0.192,0.0,0.0,0.1,1.0,0.0,1.88352,0.0,0.0,0.0,0.0,1.88352,0.192,1.88352,0.0,0.0
0.1925,0.0,0.1925,0.0,1.0,0.1925,0.0,0.0,0.1,1.0,0.0,1.8884250000000002,0.0,0.0,0.0,0.0,1.8884250000000002,0.1925,1.8884250000000002,0.0,0.0
0.193,0.0,0.193,0.0,1.0,0.193,0.0,0.0,0.1,1.0,0.0,1.8933300000000002,0.0,0.0,0.0,0.0,1.8933300000000002,0.193,1.8933300000000002,0.0,0.0
0.1935,0.0,0.1935,0.0,1.0,0.1935,0.0,0.0,0.1,1.0,0.0,1.8982350000000001,0.0,0.0,0.0,0.0,1.8982350000000001,0.1935,1.8982350000000001,0.0,0.0
0.194,0.0,0.194,0.0,1.0,0.194,0.0,0.0,0.1,1.0,0.0,1.90314,0.0,0.0,0.0,0.0,1.90314,0.194,1.90314,0.0,0.0
0.1945,0.0,0.1945,0.0,1.0,0.1945,0.0,0.0,0.1,1.0,0.0,1.9080450000000002,0.0,0.0,0.0,0.0,1.9080450000000002,0.1945,1.9080450000000002,0.0,0.0
0.195,0.0,0.195,0.0,1.0,0.195,0.0,0.0,0.1,1.0,0.0,1.9129500000000002,0.0,0.0,0.0,0.0,1.9129500000000002,0.195,1.9129500000000002,0.0,0.0
0.1955,0.0,0.1955,0.0,1.0,0.1955,0.0,0.0,0.1,1.0,0.0,1.917855,0.0,0.0,0.0,0.0,1.917855,0.1955,1.917855,0.0,0.0
0.196,0.0,0.196,0.0,1.0,0.196,0.0,0.0,0.1,1.0,0.0,1.9227600000000002,0.0,0.0,0.0,0.0,1.9227600000000002,0.196,1.9227600000000002,0.0,0.0
0.1965,0.0,0.1965,0.0,1.0,0.1965,0.0,0.0,0.1,1.0,0.0,1.9276650000000002,0.0,0.0,0.0,0.0,1.9276650000000002,0.1965,1.9276650000000002,0.0,0.0
0.197,0.0,0.197,0.0,1.0,0.197,0.0,0.0,0.1,1.0,0.0,1.9325700000000001,0.0,0.0,0.0,0.0,1.9325700000000001,0.197,1.9325700000000001,0.0,0.0
0.1975,0.0,0.1975,0.0,1.0,0.1975,0.0,0.0,0.1,1.0,0.0,1.9374750000000003,0.0,0.0,0.0,0.0,1.9374750000000003,0.1975,1.9374750000000003,0.0,0.0
0.198,0.0,0.198,0.0,1.0,0.198,0.0,0.0,0.1,1.0,0.0,1.9423800000000002,0.0,0.0,0.0,0.0,1.9423800000000002,0.198,1.9423800000000002,0.0,0.0
0.1985,0.0,0.1985,0.0,1.0,0.1985,0.0,0.0,0.1,1.0,0.0,1.9472850000000002,0.0,0.0,0.0,0.0,1.9472850000000002,0.1985,1.9472850000000002,0.0,0.0
0.199,0.0,0.199,0.0,1.0,0.199,0.0,0.0,0.1,1.0,0.0,1.95219,0.0,0.0,0.0,0.0,1.95219,0.199,1.95219,0.0,0.0
0.1995,0.0,0.1995,0.0,1.0,0.1995,0.0,0.0,0.1,1.0,0.0,1.9570950000000003,0.0,0.0,0.0,0.0,1.9570950000000003,0.1995,1.9570950000000003,0.0,0.0
0.2,0.0,0.2,0.0,1.0,0.2,0.0,0.0,0.1,1.0,0.0,1.9620000000000002,0.0,0.0,0.0,0.0,1.9620000000000002,0.2,1.9620000000000002,0.0,0.0
0.2005,0.0,0.2005,0.0,1.0,0.2005,0.0,0.0,0.1,1.0,0.0,1.9669050000000001,0.0,0.0,0.0,0.0,1.9669050000000001,0.2005,1.9669050000000001,0.0,0.0
0.201,0.0,0.201,0.0,1.0,0.201,0.0,0.0,0.1,1.0,0.0,1.9718100000000003,0.0,0.0,0.0,0.0,1.9718100000000003,0.201,1.9718100000000003,0.0,0.0
0.2015,0.0,0.2015,0.0,1.0,0.2015,0.0,0.0,0.1,1.0,0.0,1.9767150000000002,0.0,0.0,0.0,0.0,1.9767150000000002,0.2015,1.9767150000000002,0.0,0.0
0.202,0.0,0.202,0.0,1.0,0.202,0.0,0.0,0.1,1.0,0.0,1.9816200000000002,0.0,0.0,0.0,0.0,1.9816200000000002,0.202,1.9816200000000002,0.0,0.0
0.2025,0.0,0.2025,0.0,1.0,0.2025,0.0,0.0,0.1,1.0,0.0,1.9865250000000003,0.0,0.0,0.0,0.0,1.9865250000000003,0.2025,1.9865250000000003,0.0,0.0
0.203,0.0,0.203,0.0,1.0,0.203,0.0,0.0,0.1,1.0,0.0,1.9914300000000003,0.0,0.0,0.0,0.0,1.9914300000000003,0.203,1.9914300000000003,0.0,0.0
0.20350000000000001,0.0,0.20350000000000001,0.0,1.0,0.20350000000000001,0.0,0.0,0.1,1.0,0.0,1.9963350000000002,0.0,0.0,0.0,0.0,1.9963350000000002,0.20350000000000001,1.9963350000000002,0.0,0.0
0.20400000000000001,0.0,0.20400000000000001,0.0,1.0,0.20400000000000001,0.0,0.0,0.1,1.0,0.0,2.00124,0.0,0.0,0.0,0.0,2.00124,0.20400000000000001,2.00124,0.0,0.0
0.20450000000000002,0.0,0.20450000000000002,0.0,1.0,0.20450000000000002,0.0,0.0,0.1,1.0,0.0,2.006145,0.0,0.0,0.0,0.0,2.006145,0.20450000000000002,2.006145,0.0,0.0
0.20500000000000002,0.0,0.20500000000000002,0.0,1.0,0.20500000000000002,0.0,0.0,0.1,1.0,0.0,2.0110500000000004,0.0,0.0,0.0,0.0,2.0110500000000004,0.20500000000000002,2.0110500000000004,0.0,0.0
0.20550000000000002,0.0,0.20550000000000002,0.0,1.0,0.20550000000000002,0.0,0.0,0.1,1.0,0.0,2.0159550000000004,0.0,0.0,0.0,0.0,2.0159550000000004,0.20550000000000002,2.0159550000000004,0.0,0.0
0.20600000000000002,0.0,0.20600000000000002,0.0,1.0,0.20600000000000002,0.0,0.0,0.1,1.0,0.0,2.0208600000000003,0.0,0.0,0.0,0.0,2.0208600000000003,0.20600000000000002,2.0208600000000003,0.0,0.0
0.20650000000000002,0.0,0.20650000000000002,0.0,1.0,0.20650000000000002,0.0,0.0,0.1,1.0,0.0,2.0257650000000003,0.0,0.0,0.0,0.0,2.0257650000000003,0.20650000000000002,2.0257650000000003,0.0,0.0
0.20700000000000002,0.0,0.20700000000000002,0.0,1.0,0.20700000000000002,0.0,0.0,0.1,1.0,0.0,2.03067,0.0,0.0,0.0,0.0,2.03067,0.20700000000000002,2.03067,0.0,0.0
0.20750000000000002,0.0,0.20750000000000002,0.0,1.0,0.20750000000000002,0.0,0.0,0.1,1.0,0.0,2.035575,0.0,0.0,0.0,0.0,2.035575,0.20750000000000002,2.035575,0.0,0.0
0.20800000000000002,0.0,0.20800000000000002,0.0,1.0,0.20800000000000002,0.0,0.0,0.1,1.0,0.0,2.04048,0.0,0.0,0.0,0.0,2.04048,0.20800000000000002,2.04048,0.0,0.0
0.2085,0.0,0.2085,0.0,1.0,0.2085,0.0,0.0,0.1,1.0,0.0,2.045385,0.0,0.0,0.0,0.0,2.045385,0.2085,2.045385,0.0,0.0
0.209,0.0,0.209,0.0,1.0,0.209,0.0,0.0,0.1,1.0,0.0,2.05029,0.0,0.0,0.0,0.0,2.05029,0.209,2.05029,0.0,0.0
0.2095,0.0,0.2095,0.0,1.0,0.2095,0.0,0.0,0.1,1.0,0.0,2.055195,0.0,0.0,0.0,0.0,2.055195,0.2095,2.055195,0.0,0.0
0.21,0.0,0.21,0.0,1.0,0.21,0.0,0.0,0.1,1.0,0.0,2.0601,0.0,0.0,0.0,0.0,2.0601,0.21,2.0601,0.0,0.0
0.2105,0.0,0.2105,0.0,1.0,0.2105,0.0,0.0,0.1,1.0,0.0,2.065005,0.0,0.0,0.0,0.0,2.065005,0.2105,2.065005,0.0,0.0
0.211,0.0,0.211,0.0,1.0,0.211,0.0,0.0,0.1,1.0,0.0,2.06991,0.0,0.0,0.0,0.0,2.06991,0.211,2.06991,0.0,0.0
0.2115,0.0,0.2115,0.0,1.0,0.2115,0.0,0.0,0.1,1.0,0.0,2.074815,0.0,0.0,0.0,0.0,2.074815,0.2115,2.074815,0.0,0.0
0.212,0.0,0.212,0.0,1.0,0.212,0.0,0.0,0.1,1.0,0.0,2.07972,0.0,0.0,0.0,0.0,2.07972,0.212,2.07972,0.0,0.0
0.2125,0.0,0.2125,0.0,1.0,0.2125,0.0,0.0,0.1,1.0,0.0,2.084625,0.0,0.0,0.0,0.0,2.084625,0.2125,2.084625,0.0,0.0
0.213,0.0,0.213,0.0,1.0,0.213,0.0,0.0,0.1,1.0,0.0,2.08953,0.0,0.0,0.0,0.0,2.08953,0.213,2.08953,0.0,0.0
0.2135,0.0,0.2135,0.0,1.0,0.2135,0.0,0.0,0.1,1.0,0.0,2.0944350000000003,0.0,0.0,0.0,0.0,2.0944350000000003,0.2135,2.0944350000000003,0.0,0.0
0.214,0.0,0.214,0.0,1.0,0.214,0.0,0.0,0.1,1.0,0.0,2.09934,0.0,0.0,0.0,0.0,2.09934,0.214,2.09934,0.0,0.0
0.2145,0.0,0.2145,0.0,1.0,0.2145,0.0,0.0,0.1,1.0,0.0,2.104245,0.0,0.0,0.0,0.0,2.104245,0.2145,2.104245,0.0,0.0
0.215,0.0,0.215,0.0,1.0,0.215,0.0,0.0,0.1,1.0,0.0,2.10915,0.0,0.0,0.0,0.0,2.10915,0.215,2.10915,0.0,0.0
0.2155,0.0,0.2155,0.0,1.0,0.2155,0.0,0.0,0.1,1.0,0.0,2.114055,0.0,0.0,0.0,0.0,2.114055,0.2155,2.114055,0.0,0.0
0.216,0.0,0.216,0.0,1.0,0.216,0.0,0.0,0.1,1.0,0.0,2.11896,0.0,0.0,0.0,0.0,2.11896,0.216,2.11896,0.0,0.0
0.2165,0.0,0.2165,0.0,1.0,0.2165,0.0,0.0,0.1,1.0,0.0,2.123865,0.0,0.0,0.0,0.0,2.123865,0.2165,2.123865,0.0,0.0
0.217,0.0,0.217,0.0,1.0,0.217,0.0,0.0,0.1,1.0,0.0,2.1287700000000003,0.0,0.0,0.0,0.0,2.1287700000000003,0.217,2.1287700000000003,0.0,0.0
0.2175,0.0,0.2175,0.0,1.0,0.2175,0.0,0.0,0.1,1.0,0.0,2.133675,0.0,0.0,0.0,0.0,2.133675,0.2175,2.133675,0.0,0.0
0.218,0.0,0.218,0.0,1.0,0.218,0.0,0.0,0.1,1.0,0.0,2.13858,0.0,0.0,0.0,0.0,2.13858,0.218,2.13858,0.0,0.0
0.2185,0.0,0.2185,0.0,1.0,0.2185,0.0,0.0,0.1,1.0,0.0,2.143485,0.0,0.0,0.0,0.0,2.143485,0.2185,2.143485,0.0,0.0
0.219,0.0,0.219,0.0,1.0,0.219,0.0,0.0,0.1,1.0,0.0,2.14839,0.0,0.0,0.0,0.0,2.14839,0.219,2.14839,0.0,0.0
0.2195,0.0,0.2195,0.0,1.0,0.2195,0.0,0.0,0.1,1.0,0.0,2.153295,0.0,0.0,0.0,0.0,2.153295,0.2195,2.153295,0.0,0.0
0.22,0.0,0.22,0.0,1.0,0.22,0.0,0.0,0.1,1.0,0.0,2.1582000000000003,0.0,0.0,0.0,0.0,2.1582000000000003,0.22,2.1582000000000003,0.0,0.0
0.2205,0.0,0.2205,0.0,1.0,0.2205,0.0,0.0,0.1,1.0,0.0,2.1631050000000003,0.0,0.0,0.0,0.0,2.1631050000000003,0.2205,2.1631050000000003,0.0,0.0
0.221,0.0,0.221,0.0,1.0,0.221,0.0,0.0,0.1,1.0,0.0,2.16801,0.0,0.0,0.0,0.0,2.16801,0.221,2.16801,0.0,0.0
0.2215,0.0,0.2215,0.0,1.0,0.2215,0.0,0.0,0.1,1.0,0.0,2.172915,0.0,0.0,0.0,0.0,2.172915,0.2215,2.172915,0.0,0.0
0.222,0.0,0.222,0.0,1.0,0.222,0.0,0.0,0.1,1.0,0.0,2.17782,0.0,0.0,0.0,0.0,2.17782,0.222,2.17782,0.0,0.0
0.2225,0.0,0.2225,0.0,1.0,0.2225,0.0,0.0,0.1,1.0,0.0,2.182725,0.0,0.0,0.0,0.0,2.182725,0.2225,2.182725,0.0,0.0
0.223,0.0,0.223,0.0,1.0,0.223,0.0,0.0,0.1,1.0,0.0,2.18763,0.0,0.0,0.0,0.0,2.18763,0.223,2.18763,0.0,0.0
0.2235,0.0,0.2235,0.0,1.0,0.2235,0.0,0.0,0.1,1.0,0.0,2.1925350000000003,0.0,0.0,0.0,0.0,2.1925350000000003,0.2235,2.1925350000000003,0.0,0.0
0.224,0.0,0.224,0.0,1.0,0.224,0.0,0.0,0.1,1.0,0.0,2.1974400000000003,0.0,0.0,0.0,0.0,2.1974400000000003,0.224,2.1974400000000003,0.0,0.0
0.2245,0.0,0.2245,0.0,1.0,0.2245,0.0,0.0,0.1,1.0,0.0,2.202345,0.0,0.0,0.0,0.0,2.202345,0.2245,2.202345,0.0,0.0
0.225,0.0,0.225,0.0,1.0,0.225,0.0,0.0,0.1,1.0,0.0,2.20725,0.0,0.0,0.0,0.0,2.20725,0.225,2.20725,0.0,0.0
0.2255,0.0,0.2255,0.0,1.0,0.2255,0.0,0.0,0.1,1.0,0.0,2.212155,0.0,0.0,0.0,0.0,2.212155,0.2255,2.212155,0.0,0.0
0.226,0.0,0.226,0.0,1.0,0.226,0.0,0.0,0.1,1.0,0.0,2.21706,0.0,0.0,0.0,0.0,2.21706,0.226,2.21706,0.0,0.0
0.2265,0.0,0.2265,0.0,1.0,0.2265,0.0,0.0,0.1,1.0,0.0,2.221965,0.0,0.0,0.0,0.0,2.221965,0.2265,2.221965,0.0,0.0
0.227,0.0,0.227,0.0,1.0,0.227,0.0,0.0,0.1,1.0,0.0,2.2268700000000003,0.0,0.0,0.0,0.0,2.2268700000000003,0.227,2.2268700000000003,0.0,0.0
0.2275,0.0,0.2275,0.0,1.0,0.2275,0.0,0.0,0.1,1.0,0.0,2.2317750000000003,0.0,0.0,0.0,0.0,2.2317750000000003,0.2275,2.2317750000000003,0.0,0.0
0.228,0.0,0.228,0.0,1.0,0.228,0.0,0.0,0.1,1.0,0.0,2.2366800000000002,0.0,0.0,0.0,0.0,2.2366800000000002,0.228,2.2366800000000002,0.0,0.0
0.2285,0.0,0.2285,0.0,1.0,0.2285,0.0,0.0,0.1,1.0,0.0,2.241585,0.0,0.0,0.0,0.0,2.241585,0.2285,2.241585,0.0,0.0
0.229,0.0,0.229,0.0,1.0,0.229,0.0,0.0,0.1,1.0,0.0,2.24649,0.0,0.0,0.0,0.0,2.24649,0.229,2.24649,0.0,0.0
0.2295,0.0,0.2295,0.0,1.0,0.2295,0.0,0.0,0.1,1.0,0.0,2.251395,0.0,0.0,0.0,0.0,2.251395,0.2295,2.251395,0.0,0.0
0.23,0.0,0.23,0.0,1.0,0.23,0.0,0.0,0.1,1.0,0.0,2.2563000000000004,0.0,0.0,0.0,0.0,2.2563000000000004,0.23,2.2563000000000004,0.0,0.0
0.2305,0.0,0.2305,0.0,1.0,0.2305,0.0,0.0,0.1,1.0,0.0,2.2612050000000004,0.0,0.0,0.0,0.0,2.2612050000000004,0.2305,2.2612050000000004,0.0,0.0
0.231,0.0,0.231,0.0,1.0,0.231,0.0,0.0,0.1,1.0,0.0,2.2661100000000003,0.0,0.0,0.0,0.0,2.2661100000000003,0.231,2.2661100000000003,0.0,0.0
0.2315,0.0,0.2315,0.0,1.0,0.2315,0.0,0.0,0.1,1.0,0.0,2.2710150000000002,0.0,0.0,0.0,0.0,2.2710150000000002,0.2315,2.2710150000000002,0.0,0.0
0.232,0.0,0.232,0.0,1.0,0.232,0.0,0.0,0.1,1.0,0.0,2.27592,0.0,0.0,0.0,0.0,2.27592,0.232,2.27592,0.0,0.0
0.2325,0.0,0.2325,0.0,1.0,0.2325,0.0,0.0,0.1,1.0,0.0,2.280825,0.0,0.0,0.0,0.0,2.280825,0.2325,2.280825,0.0,0.0
0.233,0.0,0.233,0.0,1.0,0.233,0.0,0.0,0.1,1.0,0.0,2.28573,0.0,0.0,0.0,0.0,2.28573,0.233,2.28573,0.0,0.0
0.2335,0.0,0.2335,0.0,1.0,0.2335,0.0,0.0,0.1,1.0,0.0,2.2906350000000004,0.0,0.0,0.0,0.0,2.2906350000000004,0.2335,2.2906350000000004,0.0,0.0
0.234,0.0,0.234,0.0,1.0,0.234,0.0,0.0,0.1,1.0,0.0,2.2955400000000004,0.0,0.0,0.0,0.0,2.2955400000000004,0.234,2.2955400000000004,0.0,0.0
0.23450000000000001,0.0,0.23450000000000001,0.0,1.0,0.23450000000000001,0.0,0.0,0.1,1.0,0.0,2.3004450000000003,0.0,0.0,0.0,0.0,2.3004450000000003,0.23450000000000001,2.3004450000000003,0.0,0.0
0.23500000000000001,0.0,0.23500000000000001,0.0,1.0,0.23500000000000001,0.0,0.0,0.1,1.0,0.0,2.3053500000000002,0.0,0.0,0.0,0.0,2.3053500000000002,0.23500000000000001,2.3053500000000002,0.0,0.0
0.23550000000000001,0.0,0.23550000000000001,0.0,1.0,0.23550000000000001,0.0,0.0,0.1,1.0,0.0,2.310255,0.0,0.0,0.0,0.0,2.310255,0.23550000000000001,2.310255,0.0,0.0
0.23600000000000002,0.0,0.23600000000000002,0.0,1.0,0.23600000000000002,0.0,0.0,0.1,1.0,0.0,2.31516,0.0,0.0,0.0,0.0,2.31516,0.23600000000000002,2.31516,0.0,0.0
0.23650000000000002,0.0,0.23650000000000002,0.0,1.0,0.23650000000000002,0.0,0.0,0.1,1.0,0.0,2.3200650000000005,0.0,0.0,0.0,0.0,2.3200650000000005,0.23650000000000002,2.3200650000000005,0.0,0.0
0.23700000000000002,0.0,0.23700000000000002,0.0,1.0,0.23700000000000002,0.0,0.0,0.1,1.0,0.0,2.3249700000000004,0.0,0.0,0.0,0.0,2.3249700000000004,0.23700000000000002,2.3249700000000004,0.0,0.0
0.23750000000000002,0.0,0.23750000000000002,0.0,1.0,0.23750000000000002,0.0,0.0,0.1,1.0,0.0,2.3298750000000004,0.0,0.0,0.0,0.0,2.3298750000000004,0.23750000000000002,2.3298750000000004,0.0,0.0
0.23800000000000002,0.0,0.23800000000000002,0.0,1.0,0.23800000000000002,0.0,0.0,0.1,1.0,0.0,2.3347800000000003,0.0,0.0,0.0,0.0,2.3347800000000003,0.23800000000000002,2.3347800000000003,0.0,0.0
0.23850000000000002,0.0,0.23850000000000002,0.0,1.0,0.23850000000000002,0.0,0.0,0.1,1.0,0.0,2.3396850000000002,0.0,0.0,0.0,0.0,2.3396850000000002,0.23850000000000002,2.3396850000000002,0.0,0.0
0.23900000000000002,0.0,0.23900000000000002,0.0,1.0,0.23900000000000002,0.0,0.0,0.1,1.0,0.0,2.34459,0.0,0.0,0.0,0.0,2.34459,0.23900000000000002,2.34459,0.0,0.0
0.23950000000000002,0.0,0.23950000000000002,0.0,1.0,0.23950000000000002,0.0,0.0,0.1,1.0,0.0,2.349495,0.0,0.0,0.0,0.0,2.349495,0.23950000000000002,2.349495,0.0,0.0
0.24,0.0,0.24,0.0,1.0,0.24,0.0,0.0,0.1,1.0,0.0,2.3544,0.0,0.0,0.0,0.0,2.3544,0.24,2.3544,0.0,0.0
0.2405,0.0,0.2405,0.0,1.0,0.2405,0.0,0.0,0.1,1.0,0.0,2.359305,0.0,0.0,0.0,0.0,2.359305,0.2405,2.359305,0.0,0.0
0.241,0.0,0.241,0.0,1.0,0.241,0.0,0.0,0.1,1.0,0.0,2.36421,0.0,0.0,0.0,0.0,2.36421,0.241,2.36421,0.0,0.0
0.2415,0.0,0.2415,0.0,1.0,0.2415,0.0,0.0,0.1,1.0,0.0,2.369115,0.0,0.0,0.0,0.0,2.369115,0.2415,2.369115,0.0,0.0
0.242,0.0,0.242,0.0,1.0,0.242,0.0,0.0,0.1,1.0,0.0,2.3740200000000002,0.0,0.0,0.0,0.0,2.3740200000000002,0.242,2.3740200000000002,0.0,0.0
0.2425,0.0,0.2425,0.0,1.0,0.2425,0.0,0.0,0.1,1.0,0.0,2.378925,0.0,0.0,0.0,0.0,2.378925,0.2425,2.378925,0.0,0.0
0.243,0.0,0.243,0.0,1.0,0.243,0.0,0.0,0.1,1.0,0.0,2.38383,0.0,0.0,0.0,0.0,2.38383,0.243,2.38383,0.0,0.0
0.2435,0.0,0.2435,0.0,1.0,0.2435,0.0,0.0,0.1,1.0,0.0,2.388735,0.0,0.0,0.0,0.0,2.388735,0.2435,2.388735,0.0,0.0
0.244,0.0,0.244,0.0,1.0,0.244,0.0,0.0,0.1,1.0,0.0,2.39364,0.0,0.0,0.0,0.0,2.39364,0.244,2.39364,0.0,0.0
0.2445,0.0,0.2445,0.0,1.0,0.2445,0.0,0.0,0.1,1.0,0.0,2.398545,0.0,0.0,0.0,0.0,2.398545,0.2445,2.398545,0.0,0.0
0.245,0.0,0.245,0.0,1.0,0.245,0.0,0.0,0.1,1.0,0.0,2.40345,0.0,0.0,0.0,0.0,2.40345,0.245,2.40345,0.0,0.0
0.2455,0.0,0.2455,0.0,1.0,0.2455,0.0,0.0,0.1,1.0,0.0,2.4083550000000002,0.0,0.0,0.0,0.0,2.4083550000000002,0.2455,2.4083550000000002,0.0,0.0
0.246,0.0,0.246,0.0,1.0,0.246,0.0,0.0,0.1,1.0,0.0,2.41326,0.0,0.0,0.0,0.0,2.41326,0.246,2.41326,0.0,0.0
0.2465,0.0,0.2465,0.0,1.0,0.2465,0.0,0.0,0.1,1.0,0.0,2.418165,0.0,0.0,0.0,0.0,2.418165,0.2465,2.418165,0.0,0.0
0.247,0.0,0.247,0.0,1.0,0.247,0.0,0.0,0.1,1.0,0.0,2.42307,0.0,0.0,0.0,0.0,2.42307,0.247,2.42307,0.0,0.0
0.2475,0.0,0.2475,0.0,1.0,0.2475,0.0,0.0,0.1,1.0,0.0,2.427975,0.0,0.0,0.0,0.0,2.427975,0.2475,2.427975,0.0,0.0
0.248,0.0,0.248,0.0,1.0,0.248,0.0,0.0,0.1,1.0,0.0,2.43288,0.0,0.0,0.0,0.0,2.43288,0.248,2.43288,0.0,0.0
0.2485,0.0,0.2485,0.0,1.0,0.2485,0.0,0.0,0.1,1.0,0.0,2.4377850000000003,0.0,0.0,0.0,0.0,2.4377850000000003,0.2485,2.4377850000000003,0.0,0.0
0.249,0.0,0.249,0.0,1.0,0.249,0.0,0.0,0.1,1.0,0.0,2.4426900000000002,0.0,0.0,0.0,0.0,2.4426900000000002,0.249,2.4426900000000002,0.0,0.0
0.2495,0.0,0.2495,0.0,1.0,0.2495,0.0,0.0,0.1,1.0,0.0,2.447595,0.0,0.0,0.0,0.0,2.447595,0.2495,2.447595,0.0,0.0
0.25,0.0,0.25,0.0,1.0,0.25,0.0,0.0,0.1,1.0,0.0,2.4525,0.0,0.0,0.0,0.0,2.4525,0.25,2.4525,0.0,0.0
0.2505,0.0,0.2505,0.0,1.0,0.2505,0.0,0.0,0.1,1.0,0.0,2.457405,0.0,0.0,0.0,0.0,2.457405,0.2505,2.457405,0.0,0.0
0.251,0.0,0.251,0.0,1.0,0.251,0.0,0.0,0.1,1.0,0.0,2.46231,0.0,0.0,0.0,0.0,2.46231,0.251,2.46231,0.0,0.0
0.2515,0.0,0.2515,0.0,1.0,0.2515,0.0,0.0,0.1,1.0,0.0,2.467215,0.0,0.0,0.0,0.0,2.467215,0.2515,2.467215,0.0,0.0
0.252,0.0,0.252,0.0,1.0,0.252,0.0,0.0,0.1,1.0,0.0,2.4721200000000003,0.0,0.0,0.0,0.0,2.4721200000000003,0.252,2.4721200000000003,0.0,0.0
0.2525,0.0,0.2525,0.0,1.0,0.2525,0.0,0.0,0.1,1.0,0.0,2.4770250000000003,0.0,0.0,0.0,0.0,2.4770250000000003,0.2525,2.4770250000000003,0.0,0.0
0.253,0.0,0.253,0.0,1.0,0.253,0.0,0.0,0.1,1.0,0.0,2.48193,0.0,0.0,0.0,0.0,2.48193,0.253,2.48193,0.0,0.0
0.2535,0.0,0.2535,0.0,1.0,0.2535,0.0,0.0,0.1,1.0,0.0,2.486835,0.0,0.0,0.0,0.0,2.486835,0.2535,2.486835,0.0,0.0
0.254,0.0,0.254,0.0,1.0,0.254,0.0,0.0,0.1,1.0,0.0,2.49174,0.0,0.0,0.0,0.0,2.49174,0.254,2.49174,0.0,0.0
0.2545,0.0,0.2545,0.0,1.0,0.2545,0.0,0.0,0.1,1.0,0.0,2.496645,0.0,0.0,0.0,0.0,2.496645,0.2545,2.496645,0.0,0.0
0.255,0.0,0.255,0.0,1.0,0.255,0.0,0.0,0.1,1.0,0.0,2.5015500000000004,0.0,0.0,0.0,0.0,2.5015500000000004,0.255,2.5015500000000004,0.0,0.0
0.2555,0.0,0.2555,0.0,1.0,0.2555,0.0,0.0,0.1,1.0,0.0,2.5064550000000003,0.0,0.0,0.0,0.0,2.5064550000000003,0.2555,2.5064550000000003,0.0,0.0
0.256,0.0,0.256,0.0,1.0,0.256,0.0,0.0,0.1,1.0,0.0,2.5113600000000003,0.0,0.0,0.0,0.0,2.5113600000000003,0.256,2.5113600000000003,0.0,0.0
0.2565,0.0,0.2565,0.0,1.0,0.2565,0.0,0.0,0.1,1.0,0.0,2.516265,0.0,0.0,0.0,0.0,2.516265,0.2565,2.516265,0.0,0.0
0.257,0.0,0.257,0.0,1.0,0.257,0.0,0.0,0.1,1.0,0.0,2.52117,0.0,0.0,0.0,0.0,2.52117,0.257,2.52117,0.0,0.0
0.2575,0.0,0.2575,0.0,1.0,0.2575,0.0,0.0,0.1,1.0,0.0,2.526075,0.0,0.0,0.0,0.0,2.526075,0.2575,2.526075,0.0,0.0
0.258,0.0,0.258,0.0,1.0,0.258,0.0,0.0,0.1,1.0,0.0,2.53098,0.0,0.0,0.0,0.0,2.53098,0.258,2.53098,0.0,0.0
0.2585,0.0,0.2585,0.0,1.0,0.2585,0.0,0.0,0.1,1.0,0.0,2.5358850000000004,0.0,0.0,0.0,0.0,2.5358850000000004,0.2585,2.5358850000000004,0.0,0.0
0.259,0.0,0.259,0.0,1.0,0.259,0.0,0.0,0.1,1.0,0.0,2.5407900000000003,0.0,0.0,0.0,0.0,2.5407900000000003,0.259,2.5407900000000003,0.0,0.0
0.2595,0.0,0.2595,0.0,1.0,0.2595,0.0,0.0,0.1,1.0,0.0,2.5456950000000003,0.0,0.0,0.0,0.0,2.5456950000000003,0.2595,2.5456950000000003,0.0,0.0
0.26,0.0,0.26,0.0,1.0,0.26,0.0,0.0,0.1,1.0,0.0,2.5506,0.0,0.0,0.0,0.0,2.5506,0.26,2.5506,0.0,0.0
0.2605,0.0,0.2605,0.0,1.0,0.2605,0.0,0.0,0.1,1.0,0.0,2.555505,0.0,0.0,0.0,0.0,2.555505,0.2605,2.555505,0.0,0.0
0.261,0.0,0.261,0.0,1.0,0.261,0.0,0.0,0.1,1.0,0.0,2.56041,0.0,0.0,0.0,0.0,2.56041,0.261,2.56041,0.0,0.0
0.2615,0.0,0.2615,0.0,1.0,0.2615,0.0,0.0,0.1,1.0,0.0,2.565315,0.0,0.0,0.0,0.0,2.565315,0.2615,2.565315,0.0,0.0
0.262,0.0,0.262,0.0,1.0,0.262,0.0,0.0,0.1,1.0,0.0,2.5702200000000004,0.0,0.0,0.0,0.0,2.5702200000000004,0.262,2.5702200000000004,0.0,0.0
0.2625,0.0,0.2625,0.0,1.0,0.2625,0.0,0.0,0.1,1.0,0.0,2.5751250000000003,0.0,0.0,0.0,0.0,2.5751250000000003,0.2625,2.5751250000000003,0.0,0.0
0.263,0.0,0.263,0.0,1.0,0.263,0.0,0.0,0.1,1.0,0.0,2.5800300000000003,0.0,0.0,0.0,0.0,2.5800300000000003,0.263,2.5800300000000003,0.0,0.0
0.2635,0.0,0.2635,0.0,1.0,0.2635,0.0,0.0,0.1,1.0,0.0,2.584935,0.0,0.0,0.0,0.0,2.584935,0.2635,2.584935,0.0,0.0
0.264,0.0,0.264,0.0,1.0,0.264,0.0,0.0,0.1,1.0,0.0,2.58984,0.0,0.0,0.0,0.0,2.58984,0.264,2.58984,0.0,0.0
0.2645,0.0,0.2645,0.0,1.0,0.2645,0.0,0.0,0.1,1.0,0.0,2.594745,0.0,0.0,0.0,0.0,2.594745,0.2645,2.594745,0.0,0.0
0.265,0.0,0.265,0.0,1.0,0.265,0.0,0.0,0.1,1.0,0.0,2.5996500000000005,0.0,0.0,0.0,0.0,2.5996500000000005,0.265,2.5996500000000005,0.0,0.0
0.2655,0.0,0.2655,0.0,1.0,0.2655,0.0,0.0,0.1,1.0,0.0,2.6045550000000004,0.0,0.0,0.0,0.0,2.6045550000000004,0.2655,2.6045550000000004,0.0,0.0
0.266,0.0,0.266,0.0,1.0,0.266,0.0,0.0,0.1,1.0,0.0,2.6094600000000003,0.0,0.0,0.0,0.0,2.6094600000000003,0.266,2.6094600000000003,0.0,0.0
0.2665,0.0,0.2665,0.0,1.0,0.2665,0.0,0.0,0.1,1.0,0.0,2.6143650000000003,0.0,0.0,0.0,0.0,2.6143650000000003,0.2665,2.6143650000000003,0.0,0.0
0.267,0.0,0.267,0.0,1.0,0.267,0.0,0.0,0.1,1.0,0.0,2.61927,0.0,0.0,0.0,0.0,2.61927,0.267,2.61927,0.0,0.0
0.2675,0.0,0.2675,0.0,1.0,0.2675,0.0,0.0,0.1,1.0,0.0,2.624175,0.0,0.0,0.0,0.0,2.624175,0.2675,2.624175,0.0,0.0
0.268,0.0,0.268,0.0,1.0,0.268,0.0,0.0,0.1,1.0,0.0,2.62908,0.0,0.0,0.0,0.0,2.62908,0.268,2.62908,0.0,0.0
0.2685,0.0,0.2685,0.0,1.0,0.2685,0.0,0.0,0.1,1.0,0.0,2.6339850000000005,0.0,0.0,0.0,0.0,2.6339850000000005,0.2685,2.6339850000000005,0.0,0.0
0.269,0.0,0.269,0.0,1.0,0.269,0.0,0.0,0.1,1.0,0.0,2.6388900000000004,0.0,0.0,0.0,0.0,2.6388900000000004,0.269,2.6388900000000004,0.0,0.0
0.2695,0.0,0.2695,0.0,1.0,0.2695,0.0,0.0,0.1,1.0,0.0,2.6437950000000003,0.0,0.0,0.0,0.0,2.6437950000000003,0.2695,2.6437950000000003,0.0,0.0
0.27,0.0,0.27,0.0,1.0,0.27,0.0,0.0,0.1,1.0,0.0,2.6487000000000003,0.0,0.0,0.0,0.0,2.6487000000000003,0.27,2.6487000000000003,0.0,0.0
0.2705,0.0,0.2705,0.0,1.0,0.2705,0.0,0.0,0.1,1.0,0.0,2.653605,0.0,0.0,0.0,0.0,2.653605,0.2705,2.653605,0.0,0.0
0.271,0.0,0.271,0.0,1.0,0.271,0.0,0.0,0.1,1.0,0.0,2.65851,0.0,0.0,0.0,0.0,2.65851,0.271,2.65851,0.0,0.0
0.2715,0.0,0.2715,0.0,1.0,0.2715,0.0,0.0,0.1,1.0,0.0,2.6634150000000005,0.0,0.0,0.0,0.0,2.6634150000000005,0.2715,2.6634150000000005,0.0,0.0
0.272,0.0,0.272,0.0,1.0,0.272,0.0,0.0,0.1,1.0,0.0,2.6683200000000005,0.0,0.0,0.0,0.0,2.6683200000000005,0.272,2.6683200000000005,0.0,0.0
0.2725,0.0,0.2725,0.0,1.0,0.2725,0.0,0.0,0.1,1.0,0.0,2.6732250000000004,0.0,0.0,0.0,0.0,2.6732250000000004,0.2725,2.6732250000000004,0.0,0.0
0.273,0.0,0.273,0.0,1.0,0.273,0.0,0.0,0.1,1.0,0.0,2.6781300000000003,0.0,0.0,0.0,0.0,2.6781300000000003,0.273,2.6781300000000003,0.0,0.0
0.2735,0.0,0.2735,0.0,1.0,0.2735,0.0,0.0,0.1,1.0,0.0,2.6830350000000003,0.0,0.0,0.0,0.0,2.6830350000000003,0.2735,2.6830350000000003,0.0,0.0
0.274,0.0,0.274,0.0,1.0,0.274,0.0,0.0,0.1,1.0,0.0,2.68794,0.0,0.0,0.0,0.0,2.68794,0.274,2.68794,0.0,0.0
0.2745,0.0,0.2745,0.0,1.0,0.2745,0.0,0.0,0.1,1.0,0.0,2.692845,0.0,0.0,0.0,0.0,2.692845,0.2745,2.692845,0.0,0.0
0.275,0.0,0.275,0.0,1.0,0.275,0.0,0.0,0.1,1.0,0.0,2.6977500000000005,0.0,0.0,0.0,0.0,2.6977500000000005,0.275,2.6977500000000005,0.0,0.0
0.2755,0.0,0.2755,0.0,1.0,0.2755,0.0,0.0,0.1,1.0,0.0,2.7026550000000005,0.0,0.0,0.0,0.0,2.7026550000000005,0.2755,2.7026550000000005,0.0,0.0
0.276,0.0,0.276,0.0,1.0,0.276,0.0,0.0,0.1,1.0,0.0,2.7075600000000004,0.0,0.0,0.0,0.0,2.7075600000000004,0.276,2.7075600000000004,0.0,0.0
0.2765,0.0,0.2765,0.0,1.0,0.2765,0.0,0.0,0.1,1.0,0.0,2.7124650000000003,0.0,0.0,0.0,0.0,2.7124650000000003,0.2765,2.7124650000000003,0.0,0.0
0.277,0.0,0.277,0.0,1.0,0.277,0.0,0.0,0.1,1.0,0.0,2.7173700000000003,0.0,0.0,0.0,0.0,2.7173700000000003,0.277,2.7173700000000003,0.0,0.0
0.2775,0.0,0.2775,0.0,1.0,0.2775,0.0,0.0,0.1,1.0,0.0,2.7222750000000002,0.0,0.0,0.0,0.0,2.7222750000000002,0.2775,2.7222750000000002,0.0,0.0
0.278,0.0,0.278,0.0,1.0,0.278,0.0,0.0,0.1,1.0,0.0,2.7271800000000006,0.0,0.0,0.0,0.0,2.7271800000000006,0.278,2.7271800000000006,0.0,0.0
0.2785,0.0,0.2785,0.0,1.0,0.2785,0.0,0.0,0.1,1.0,0.0,2.7320850000000005,0.0,0.0,0.0,0.0,2.7320850000000005,0.2785,2.7320850000000005,0.0,0.0
0.279,0.0,0.279,0.0,1.0,0.279,0.0,0.0,0.1,1.0,0.0,2.7369900000000005,0.0,0.0,0.0,0.0,2.7369900000000005,0.279,2.7369900000000005,0.0,0.0
0.2795,0.0,0.2795,0.0,1.0,0.2795,0.0,0.0,0.1,1.0,0.0,2.7418950000000004,0.0,0.0,0.0,0.0,2.7418950000000004,0.2795,2.7418950000000004,0.0,0.0
0.28,0.0,0.28,0.0,1.0,0.28,0.0,0.0,0.1,1.0,0.0,2.7468000000000004,0.0,0.0,0.0,0.0,2.7468000000000004,0.28,2.7468000000000004,0.0,0.0
0.2805,0.0,0.2805,0.0,1.0,0.2805,0.0,0.0,0.1,1.0,0.0,2.7517050000000003,0.0,0.0,0.0,0.0,2.7517050000000003,0.2805,2.7517050000000003,0.0,0.0
0.281,0.0,0.281,0.0,1.0,0.281,0.0,0.0,0.1,1.0,0.0,2.7566100000000002,0.0,0.0,0.0,0.0,2.7566100000000002,0.281,2.7566100000000002,0.0,0.0
0.28150000000000003,0.0,0.28150000000000003,0.0,1.0,0.28150000000000003,0.0,0.0,0.1,1.0,0.0,2.7615150000000006,0.0,0.0,0.0,0.0,2.7615150000000006,0.28150000000000003,2.7615150000000006,0.0,0.0
0.28200000000000003,0.0,0.28200000000000003,0.0,1.0,0.28200000000000003,0.0,0.0,0.1,1.0,0.0,2.7664200000000005,0.0,0.0,0.0,0.0,2.7664200000000005,0.28200000000000003,2.7664200000000005,0.0,0.0
0.28250000000000003,0.0,0.28250000000000003,0.0,1.0,0.28250000000000003,0.0,0.0,0.1,1.0,0.0,2.7713250000000005,0.0,0.0,0.0,0.0,2.7713250000000005,0.28250000000000003,2.7713250000000005,0.0,0.0
0.28300000000000003,0.0,0.28300000000000003,0.0,1.0,0.28300000000000003,0.0,0.0,0.1,1.0,0.0,2.7762300000000004,0.0,0.0,0.0,0.0,2.7762300000000004,0.28300000000000003,2.7762300000000004,0.0,0.0
0.28350000000000003,0.0,0.28350000000000003,0.0,1.0,0.28350000000000003,0.0,0.0,0.1,1.0,0.0,2.7811350000000004,0.0,0.0,0.0,0.0,2.7811350000000004,0.28350000000000003,2.7811350000000004,0.0,0.0
0.28400000000000003,0.0,0.28400000000000003,0.0,1.0,0.28400000000000003,0.0,0.0,0.1,1.0,0.0,2.7860400000000003,0.0,0.0,0.0,0.0,2.7860400000000003,0.28400000000000003,2.7860400000000003,0.0,0.0
0.28450000000000003,0.0,0.28450000000000003,0.0,1.0,0.28450000000000003,0.0,0.0,0.1,1.0,0.0,2.7909450000000002,0.0,0.0,0.0,0.0,2.7909450000000002,0.28450000000000003,2.7909450000000002,0.0,0.0
0.28500000000000003,0.0,0.28500000000000003,0.0,1.0,0.28500000000000003,0.0,0.0,0.1,1.0,0.0,2.7958500000000006,0.0,0.0,0.0,0.0,2.7958500000000006,0.28500000000000003,2.7958500000000006,0.0,0.0
0.28550000000000003,0.0,0.28550000000000003,0.0,1.0,0.28550000000000003,0.0,0.0,0.1,1.0,0.0,2.8007550000000005,0.0,0.0,0.0,0.0,2.8007550000000005,0.28550000000000003,2.8007550000000005,0.0,0.0
0.28600000000000003,0.0,0.28600000000000003,0.0,1.0,0.28600000000000003,0.0,0.0,0.1,1.0,0.0,2.8056600000000005,0.0,0.0,0.0,0.0,2.8056600000000005,0.28600000000000003,2.8056600000000005,0.0,0.0
0.28650000000000003,0.0,0.28650000000000003,0.0,1.0,0.28650000000000003,0.0,0.0,0.1,1.0,0.0,2.8105650000000004,0.0,0.0,0.0,0.0,2.8105650000000004,0.28650000000000003,2.8105650000000004,0.0,0.0
0.28700000000000003,0.0,0.28700000000000003,0.0,1.0,0.28700000000000003,0.0,0.0,0.1,1.0,0.0,2.8154700000000004,0.0,0.0,0.0,0.0,2.8154700000000004,0.28700000000000003,2.8154700000000004,0.0,0.0
0.28750000000000003,0.0,0.28750000000000003,0.0,1.0,0.28750000000000003,0.0,0.0,0.1,1.0,0.0,2.8203750000000003,0.0,0.0,0.0,0.0,2.8203750000000003,0.28750000000000003,2.8203750000000003,0.0,0.0
0.28800000000000003,0.0,0.28800000000000003,0.0,1.0,0.28800000000000003,0.0,0.0,0.1,1.0,0.0,2.8252800000000007,0.0,0.0,0.0,0.0,2.8252800000000007,0.28800000000000003,2.8252800000000007,0.0,0.0
0.2885,0.0,0.2885,0.0,1.0,0.2885,0.0,0.0,0.1,1.0,0.0,2.8301849999999997,0.0,0.0,0.0,0.0,2.8301849999999997,0.2885,2.8301849999999997,0.0,0.0
0.289,0.0,0.289,0.0,1.0,0.289,0.0,0.0,0.1,1.0,0.0,2.83509,0.0,0.0,0.0,0.0,2.83509,0.289,2.83509,0.0,0.0
0.2895,0.0,0.2895,0.0,1.0,0.2895,0.0,0.0,0.1,1.0,0.0,2.839995,0.0,0.0,0.0,0.0,2.839995,0.2895,2.839995,0.0,0.0
0.29,0.0,0.29,0.0,1.0,0.29,0.0,0.0,0.1,1.0,0.0,2.8449,0.0,0.0,0.0,0.0,2.8449,0.29,2.8449,0.0,0.0
0.2905,0.0,0.2905,0.0,1.0,0.2905,0.0,0.0,0.1,1.0,0.0,2.849805,0.0,0.0,0.0,0.0,2.849805,0.2905,2.849805,0.0,0.0
0.291,0.0,0.291,0.0,1.0,0.291,0.0,0.0,0.1,1.0,0.0,2.85471,0.0,0.0,0.0,0.0,2.85471,0.291,2.85471,0.0,0.0
0.2915,0.0,0.2915,0.0,1.0,0.2915,0.0,0.0,0.1,1.0,0.0,2.859615,0.0,0.0,0.0,0.0,2.859615,0.2915,2.859615,0.0,0.0
0.292,0.0,0.292,0.0,1.0,0.292,0.0,0.0,0.1,1.0,0.0,2.86452,0.0,0.0,0.0,0.0,2.86452,0.292,2.86452,0.0,0.0
0.2925,0.0,0.2925,0.0,1.0,0.2925,0.0,0.0,0.1,1.0,0.0,2.869425,0.0,0.0,0.0,0.0,2.869425,0.2925,2.869425,0.0,0.0
0.293,0.0,0.293,0.0,1.0,0.293,0.0,0.0,0.1,1.0,0.0,2.87433,0.0,0.0,0.0,0.0,2.87433,0.293,2.87433,0.0,0.0
0.2935,0.0,0.2935,0.0,1.0,0.2935,0.0,0.0,0.1,1.0,0.0,2.879235,0.0,0.0,0.0,0.0,2.879235,0.2935,2.879235,0.0,0.0
0.294,0.0,0.294,0.0,1.0,0.294,0.0,0.0,0.1,1.0,0.0,2.88414,0.0,0.0,0.0,0.0,2.88414,0.294,2.88414,0.0,0.0
0.2945,0.0,0.2945,0.0,1.0,0.2945,0.0,0.0,0.1,1.0,0.0,2.889045,0.0,0.0,0.0,0.0,2.889045,0.2945,2.889045,0.0,0.0
0.295,0.0,0.295,0.0,1.0,0.295,0.0,0.0,0.1,1.0,0.0,2.89395,0.0,0.0,0.0,0.0,2.89395,0.295,2.89395,0.0,0.0
0.2955,0.0,0.2955,0.0,1.0,0.2955,0.0,0.0,0.1,1.0,0.0,2.898855,0.0,0.0,0.0,0.0,2.898855,0.2955,2.898855,0.0,0.0
0.296,0.0,0.296,0.0,1.0,0.296,0.0,0.0,0.1,1.0,0.0,2.90376,0.0,0.0,0.0,0.0,2.90376,0.296,2.90376,0.0,0.0
0.2965,0.0,0.2965,0.0,1.0,0.2965,0.0,0.0,0.1,1.0,0.0,2.908665,0.0,0.0,0.0,0.0,2.908665,0.2965,2.908665,0.0,0.0
0.297,0.0,0.297,0.0,1.0,0.297,0.0,0.0,0.1,1.0,0.0,2.91357,0.0,0.0,0.0,0.0,2.91357,0.297,2.91357,0.0,0.0
0.2975,0.0,0.2975,0.0,1.0,0.2975,0.0,0.0,0.1,1.0,0.0,2.918475,0.0,0.0,0.0,0.0,2.918475,0.2975,2.918475,0.0,0.0
0.298,0.0,0.298,0.0,1.0,0.298,0.0,0.0,0.1,1.0,0.0,2.92338,0.0,0.0,0.0,0.0,2.92338,0.298,2.92338,0.0,0.0
0.2985,0.0,0.2985,0.0,1.0,0.2985,0.0,0.0,0.1,1.0,0.0,2.928285,0.0,0.0,0.0,0.0,2.928285,0.2985,2.928285,0.0,0.0
0.299,0.0,0.299,0.0,1.0,0.299,0.0,0.0,0.1,1.0,0.0,2.93319,0.0,0.0,0.0,0.0,2.93319,0.299,2.93319,0.0,0.0
0.2995,0.0,0.2995,0.0,1.0,0.2995,0.0,0.0,0.1,1.0,0.0,2.938095,0.0,0.0,0.0,0.0,2.938095,0.2995,2.938095,0.0,0.0
0.3,0.0,0.3,0.0,1.0,0.3,0.0,0.0,0.1,1.0,0.0,2.943,0.0,0.0,0.0,0.0,2.943,0.3,2.943,0.0,0.0
0.3005,0.0,0.3005,0.0,1.0,0.3005,0.0,0.0,0.1,1.0,0.0,2.947905,0.0,0.0,0.0,0.0,2.947905,0.3005,2.947905,0.0,0.0
0.301,0.0,0.301,0.0,1.0,0.301,0.0,0.0,0.1,1.0,0.0,2.95281,0.0,0.0,0.0,0.0,2.95281,0.301,2.95281,0.0,0.0
0.3015,0.0,0.3015,0.0,1.0,0.3015,0.0,0.0,0.1,1.0,0.0,2.957715,0.0,0.0,0.0,0.0,2.957715,0.3015,2.957715,0.0,0.0
0.302,0.0,0.302,0.0,1.0,0.302,0.0,0.0,0.1,1.0,0.0,2.9626200000000003,0.0,0.0,0.0,0.0,2.9626200000000003,0.302,2.9626200000000003,0.0,0.0
0.3025,0.0,0.3025,0.0,1.0,0.3025,0.0,0.0,0.1,1.0,0.0,2.967525,0.0,0.0,0.0,0.0,2.967525,0.3025,2.967525,0.0,0.0
0.303,0.0,0.303,0.0,1.0,0.303,0.0,0.0,0.1,1.0,0.0,2.97243,0.0,0.0,0.0,0.0,2.97243,0.303,2.97243,0.0,0.0
0.3035,0.0,0.3035,0.0,1.0,0.3035,0.0,0.0,0.1,1.0,0.0,2.977335,0.0,0.0,0.0,0.0,2.977335,0.3035,2.977335,0.0,0.0
0.304,0.0,0.304,0.0,1.0,0.304,0.0,0.0,0.1,1.0,0.0,2.98224,0.0,0.0,0.0,0.0,2.98224,0.304,2.98224,0.0,0.0
0.3045,0.0,0.3045,0.0,1.0,0.3045,0.0,0.0,0.1,1.0,0.0,2.987145,0.0,0.0,0.0,0.0,2.987145,0.3045,2.987145,0.0,0.0
0.305,0.0,0.305,0.0,1.0,0.305,0.0,0.0,0.1,1.0,0.0,2.99205,0.0,0.0,0.0,0.0,2.99205,0.305,2.99205,0.0,0.0
0.3055,0.0,0.3055,0.0,1.0,0.3055,0.0,0.0,0.1,1.0,0.0,2.9969550000000003,0.0,0.0,0.0,0.0,2.9969550000000003,0.3055,2.9969550000000003,0.0,0.0
0.306,0.0,0.306,0.0,1.0,0.306,0.0,0.0,0.1,1.0,0.0,3.00186,0.0,0.0,0.0,0.0,3.00186,0.306,3.00186,0.0,0.0
0.3065,0.0,0.3065,0.0,1.0,0.3065,0.0,0.0,0.1,1.0,0.0,3.006765,0.0,0.0,0.0,0.0,3.006765,0.3065,3.006765,0.0,0.0
0.307,0.0,0.307,0.0,1.0,0.307,0.0,0.0,0.1,1.0,0.0,3.01167,0.0,0.0,0.0,0.0,3.01167,0.307,3.01167,0.0,0.0
0.3075,0.0,0.3075,0.0,1.0,0.3075,0.0,0.0,0.1,1.0,0.0,3.016575,0.0,0.0,0.0,0.0,3.016575,0.3075,3.016575,0.0,0.0
0.308,0.0,0.308,0.0,1.0,0.308,0.0,0.0,0.1,1.0,0.0,3.02148,0.0,0.0,0.0,0.0,3.02148,0.308,3.02148,0.0,0.0
0.3085,0.0,0.3085,0.0,1.0,0.3085,0.0,0.0,0.1,1.0,0.0,3.0263850000000003,0.0,0.0,0.0,0.0,3.0263850000000003,0.3085,3.0263850000000003,0.0,0.0
0.309,0.0,0.309,0.0,1.0,0.309,0.0,0.0,0.1,1.0,0.0,3.0312900000000003,0.0,0.0,0.0,0.0,3.0312900000000003,0.309,3.0312900000000003,0.0,0.0
0.3095,0.0,0.3095,0.0,1.0,0.3095,0.0,0.0,0.1,1.0,0.0,3.036195,0.0,0.0,0.0,0.0,3.036195,0.3095,3.036195,0.0,0.0
0.31,0.0,0.31,0.0,1.0,0.31,0.0,0.0,0.1,1.0,0.0,3.0411,0.0,0.0,0.0,0.0,3.0411,0.31,3.0411,0.0,0.0
0.3105,0.0,0.3105,0.0,1.0,0.3105,0.0,0.0,0.1,1.0,0.0,3.046005,0.0,0.0,0.0,0.0,3.046005,0.3105,3.046005,0.0,0.0
0.311,0.0,0.311,0.0,1.0,0.311,0.0,0.0,0.1,1.0,0.0,3.05091,0.0,0.0,0.0,0.0,3.05091,0.311,3.05091,0.0,0.0
0.3115,0.0,0.3115,0.0,1.0,0.3115,0.0,0.0,0.1,1.0,0.0,3.055815,0.0,0.0,0.0,0.0,3.055815,0.3115,3.055815,0.0,0.0
0.312,0.0,0.312,0.0,1.0,0.312,0.0,0.0,0.1,1.0,0.0,3.0607200000000003,0.0,0.0,0.0,0.0,3.0607200000000003,0.312,3.0607200000000003,0.0,0.0
0.3125,0.0,0.3125,0.0,1.0,0.3125,0.0,0.0,0.1,1.0,0.0,3.0656250000000003,0.0,0.0,0.0,0.0,3.0656250000000003,0.3125,3.0656250000000003,0.0,0.0
0.313,0.0,0.313,0.0,1.0,0.313,0.0,0.0,0.1,1.0,0.0,3.07053,0.0,0.0,0.0,0.0,3.07053,0.313,3.07053,0.0,0.0
0.3135,0.0,0.3135,0.0,1.0,0.3135,0.0,0.0,0.1,1.0,0.0,3.075435,0.0,0.0,0.0,0.0,3.075435,0.3135,3.075435,0.0,0.0
0.314,0.0,0.314,0.0,1.0,0.314,0.0,0.0,0.1,1.0,0.0,3.08034,0.0,0.0,0.0,0.0,3.08034,0.314,3.08034,0.0,0.0
0.3145,0.0,0.3145,0.0,1.0,0.3145,0.0,0.0,0.1,1.0,0.0,3.085245,0.0,0.0,0.0,0.0,3.085245,0.3145,3.085245,0.0,0.0
0.315,0.0,0.315,0.0,1.0,0.315,0.0,0.0,0.1,1.0,0.0,3.0901500000000004,0.0,0.0,0.0,0.0,3.0901500000000004,0.315,3.0901500000000004,0.0,0.0
0.3155,0.0,0.3155,0.0,1.0,0.3155,0.0,0.0,0.1,1.0,0.0,3.0950550000000003,0.0,0.0,0.0,0.0,3.0950550000000003,0.3155,3.0950550000000003,0.0,0.0
0.316,0.0,0.316,0.0,1.0,0.316,0.0,0.0,0.1,1.0,0.0,3.0999600000000003,0.0,0.0,0.0,0.0,3.0999600000000003,0.316,3.0999600000000003,0.0,0.0
0.3165,0.0,0.3165,0.0,1.0,0.3165,0.0,0.0,0.1,1.0,0.0,3.104865,0.0,0.0,0.0,0.0,3.104865,0.3165,3.104865,0.0,0.0
0.317,0.0,0.317,0.0,1.0,0.317,0.0,0.0,0.1,1.0,0.0,3.10977,0.0,0.0,0.0,0.0,3.10977,0.317,3.10977,0.0,0.0
0.3175,0.0,0.3175,0.0,1.0,0.3175,0.0,0.0,0.1,1.0,0.0,3.114675,0.0,0.0,0.0,0.0,3.114675,0.3175,3.114675,0.0,0.0
0.318,0.0,0.318,0.0,1.0,0.318,0.0,0.0,0.1,1.0,0.0,3.11958,0.0,0.0,0.0,0.0,3.11958,0.318,3.11958,0.0,0.0
0.3185,0.0,0.3185,0.0,1.0,0.3185,0.0,0.0,0.1,1.0,0.0,3.1244850000000004,0.0,0.0,0.0,0.0,3.1244850000000004,0.3185,3.1244850000000004,0.0,0.0
0.319,0.0,0.319,0.0,1.0,0.319,0.0,0.0,0.1,1.0,0.0,3.1293900000000003,0.0,0.0,0.0,0.0,3.1293900000000003,0.319,3.1293900000000003,0.0,0.0
0.3195,0.0,0.3195,0.0,1.0,0.3195,0.0,0.0,0.1,1.0,0.0,3.1342950000000003,0.0,0.0,0.0,0.0,3.1342950000000003,0.3195,3.1342950000000003,0.0,0.0
0.32,0.0,0.32,0.0,1.0,0.32,0.0,0.0,0.1,1.0,0.0,3.1392,0.0,0.0,0.0,0.0,3.1392,0.32,3.1392,0.0,0.0
0.3205,0.0,0.3205,0.0,1.0,0.3205,0.0,0.0,0.1,1.0,0.0,3.144105,0.0,0.0,0.0,0.0,3.144105,0.3205,3.144105,0.0,0.0
0.321,0.0,0.321,0.0,1.0,0.321,0.0,0.0,0.1,1.0,0.0,3.14901,0.0,0.0,0.0,0.0,3.14901,0.321,3.14901,0.0,0.0
0.3215,0.0,0.3215,0.0,1.0,0.3215,0.0,0.0,0.1,1.0,0.0,3.153915,0.0,0.0,0.0,0.0,3.153915,0.3215,3.153915,0.0,0.0
0.322,0.0,0.322,0.0,1.0,0.322,0.0,0.0,0.1,1.0,0.0,3.1588200000000004,0.0,0.0,0.0,0.0,3.1588200000000004,0.322,3.1588200000000004,0.0,0.0
0.3225,0.0,0.3225,0.0,1.0,0.3225,0.0,0.0,0.1,1.0,0.0,3.1637250000000003,0.0,0.0,0.0,0.0,3.1637250000000003,0.3225,3.1637250000000003,0.0,0.0
0.323,0.0,0.323,0.0,1.0,0.323,0.0,0.0,0.1,1.0,0.0,3.1686300000000003,0.0,0.0,0.0,0.0,3.1686300000000003,0.323,3.1686300000000003,0.0,0.0
0.3235,0.0,0.3235,0.0,1.0,0.3235,0.0,0.0,0.1,1.0,0.0,3.173535,0.0,0.0,0.0,0.0,3.173535,0.3235,3.173535,0.0,0.0
0.324,0.0,0.324,0.0,1.0,0.324,0.0,0.0,0.1,1.0,0.0,3.17844,0.0,0.0,0.0,0.0,3.17844,0.324,3.17844,0.0,0.0
0.3245,0.0,0.3245,0.0,1.0,0.3245,0.0,0.0,0.1,1.0,0.0,3.183345,0.0,0.0,0.0,0.0,3.183345,0.3245,3.183345,0.0,0.0
0.325,0.0,0.325,0.0,1.0,0.325,0.0,0.0,0.1,1.0,0.0,3.1882500000000005,0.0,0.0,0.0,0.0,3.1882500000000005,0.325,3.1882500000000005,0.0,0.0
0.3255,0.0,0.3255,0.0,1.0,0.3255,0.0,0.0,0.1,1.0,0.0,3.1931550000000004,0.0,0.0,0.0,0.0,3.1931550000000004,0.3255,3.1931550000000004,0.0,0.0
0.326,0.0,0.326,0.0,1.0,0.326,0.0,0.0,0.1,1.0,0.0,3.1980600000000003,0.0,0.0,0.0,0.0,3.1980600000000003,0.326,3.1980600000000003,0.0,0.0
0.3265,0.0,0.3265,0.0,1.0,0.3265,0.0,0.0,0.1,1.0,0.0,3.2029650000000003,0.0,0.0,0.0,0.0,3.2029650000000003,0.3265,3.2029650000000003,0.0,0.0
0.327,0.0,0.327,0.0,1.0,0.327,0.0,0.0,0.1,1.0,0.0,3.20787,0.0,0.0,0.0,0.0,3.20787,0.327,3.20787,0.0,0.0
0.3275,0.0,0.3275,0.0,1.0,0.3275,0.0,0.0,0.1,1.0,0.0,3.212775,0.0,0.0,0.0,0.0,3.212775,0.3275,3.212775,0.0,0.0
0.328,0.0,0.328,0.0,1.0,0.328,0.0,0.0,0.1,1.0,0.0,3.21768,0.0,0.0,0.0,0.0,3.21768,0.328,3.21768,0.0,0.0
0.3285,0.0,0.3285,0.0,1.0,0.3285,0.0,0.0,0.1,1.0,0.0,3.2225850000000005,0.0,0.0,0.0,0.0,3.2225850000000005,0.3285,3.2225850000000005,0.0,0.0
0.329,0.0,0.329,0.0,1.0,0.329,0.0,0.0,0.1,1.0,0.0,3.2274900000000004,0.0,0.0,0.0,0.0,3.2274900000000004,0.329,3.2274900000000004,0.0,0.0
0.3295,0.0,0.3295,0.0,1.0,0.3295,0.0,0.0,0.1,1.0,0.0,3.2323950000000004,0.0,0.0,0.0,0.0,3.2323950000000004,0.3295,3.2323950000000004,0.0,0.0
0.33,0.0,0.33,0.0,1.0,0.33,0.0,0.0,0.1,1.0,0.0,3.2373000000000003,0.0,0.0,0.0,0.0,3.2373000000000003,0.33,3.2373000000000003,0.0,0.0
0.3305,0.0,0.3305,0.0,1.0,0.3305,0.0,0.0,0.1,1.0,0.0,3.2422050000000002,0.0,0.0,0.0,0.0,3.2422050000000002,0.3305,3.2422050000000002,0.0,0.0
0.331,0.0,0.331,0.0,1.0,0.331,0.0,0.0,0.1,1.0,0.0,3.24711,0.0,0.0,0.0,0.0,3.24711,0.331,3.24711,0.0,0.0
0.3315,0.0,0.3315,0.0,1.0,0.3315,0.0,0.0,0.1,1.0,0.0,3.2520150000000005,0.0,0.0,0.0,0.0,3.2520150000000005,0.3315,3.2520150000000005,0.0,0.0
0.332,0.0,0.332,0.0,1.0,0.332,0.0,0.0,0.1,1.0,0.0,3.2569200000000005,0.0,0.0,0.0,0.0,3.2569200000000005,0.332,3.2569200000000005,0.0,0.0
0.3325,0.0,0.3325,0.0,1.0,0.3325,0.0,0.0,0.1,1.0,0.0,3.2618250000000004,0.0,0.0,0.0,0.0,3.2618250000000004,0.3325,3.2618250000000004,0.0,0.0
0.333,0.0,0.333,0.0,1.0,0.333,0.0,0.0,0.1,1.0,0.0,3.2667300000000004,0.0,0.0,0.0,0.0,3.2667300000000004,0.333,3.2667300000000004,0.0,0.0
0.3335,0.0,0.3335,0.0,1.0,0.3335,0.0,0.0,0.1,1.0,0.0,3.2716350000000003,0.0,0.0,0.0,0.0,3.2716350000000003,0.3335,3.2716350000000003,0.0,0.0
0.334,0.0,0.334,0.0,1.0,0.334,0.0,0.0,0.1,1.0,0.0,3.2765400000000002,0.0,0.0,0.0,0.0,3.2765400000000002,0.334,3.2765400000000002,0.0,0.0
0.3345,0.0,0.3345,0.0,1.0,0.3345,0.0,0.0,0.1,1.0,0.0,3.281445,0.0,0.0,0.0,0.0,3.281445,0.3345,3.281445,0.0,0.0
0.335,0.0,0.335,0.0,1.0,0.335,0.0,0.0,0.1,1.0,0.0,3.2863500000000005,0.0,0.0,0.0,0.0,3.2863500000000005,0.335,3.2863500000000005,0.0,0.0
0.3355,0.0,0.3355,0.0,1.0,0.3355,0.0,0.0,0.1,1.0,0.0,3.2912550000000005,0.0,0.0,0.0,0.0,3.2912550000000005,0.3355,3.2912550000000005,0.0,0.0
0.336,0.0,0.336,0.0,1.0,0.336,0.0,0.0,0.1,1.0,0.0,3.2961600000000004,0.0,0.0,0.0,0.0,3.2961600000000004,0.336,3.2961600000000004,0.0,0.0
0.3365,0.0,0.3365,0.0,1.0,0.3365,0.0,0.0,0.1,1.0,0.0,3.3010650000000004,0.0,0.0,0.0,0.0,3.3010650000000004,0.3365,3.3010650000000004,0.0,0.0
0.337,0.0,0.337,0.0,1.0,0.337,0.0,0.0,0.1,1.0,0.0,3.3059700000000003,0.0,0.0,0.0,0.0,3.3059700000000003,0.337,3.3059700000000003,0.0,0.0
0.3375,0.0,0.3375,0.0,1.0,0.3375,0.0,0.0,0.1,1.0,0.0,3.3108750000000002,0.0,0.0,0.0,0.0,3.3108750000000002,0.3375,3.3108750000000002,0.0,0.0
0.338,0.0,0.338,0.0,1.0,0.338,0.0,0.0,0.1,1.0,0.0,3.31578,0.0,0.0,0.0,0.0,3.31578,0.338,3.31578,0.0,0.0
0.3385,0.0,0.3385,0.0,1.0,0.3385,0.0,0.0,0.1,1.0,0.0,3.3206850000000006,0.0,0.0,0.0,0.0,3.3206850000000006,0.3385,3.3206850000000006,0.0,0.0
0.339,0.0,0.339,0.0,1.0,0.339,0.0,0.0,0.1,1.0,0.0,3.3255900000000005,0.0,0.0,0.0,0.0,3.3255900000000005,0.339,3.3255900000000005,0.0,0.0
0.3395,0.0,0.3395,0.0,1.0,0.3395,0.0,0.0,0.1,1.0,0.0,3.3304950000000004,0.0,0.0,0.0,0.0,3.3304950000000004,0.3395,3.3304950000000004,0.0,0.0
0.34,0.0,0.34,0.0,1.0,0.34,0.0,0.0,0.1,1.0,0.0,3.3354000000000004,0.0,0.0,0.0,0.0,3.3354000000000004,0.34,3.3354000000000004,0.0,0.0
0.3405,0.0,0.3405,0.0,1.0,0.3405,0.0,0.0,0.1,1.0,0.0,3.3403050000000003,0.0,0.0,0.0,0.0,3.3403050000000003,0.3405,3.3403050000000003,0.0,0.0
0.341,0.0,0.341,0.0,1.0,0.341,0.0,0.0,0.1,1.0,0.0,3.3452100000000002,0.0,0.0,0.0,0.0,3.3452100000000002,0.341,3.3452100000000002,0.0,0.0
0.3415,0.0,0.3415,0.0,1.0,0.3415,0.0,0.0,0.1,1.0,0.0,3.3501150000000006,0.0,0.0,0.0,0.0,3.3501150000000006,0.3415,3.3501150000000006,0.0,0.0
0.342,0.0,0.342,0.0,1.0,0.342,0.0,0.0,0.1,1.0,0.0,3.3550200000000006,0.0,0.0,0.0,0.0,3.3550200000000006,0.342,3.3550200000000006,0.0,0.0
0.3425,0.0,0.3425,0.0,1.0,0.3425,0.0,0.0,0.1,1.0,0.0,3.3599250000000005,0.0,0.0,0.0,0.0,3.3599250000000005,0.3425,3.3599250000000005,0.0,0.0
0.343,0.0,0.343,0.0,1.0,0.343,0.0,0.0,0.1,1.0,0.0,3.3648300000000004,0.0,0.0,0.0,0.0,3.3648300000000004,0.343,3.3648300000000004,0.0,0.0
0.3435,0.0,0.3435,0.0,1.0,0.3435,0.0,0.0,0.1,1.0,0.0,3.3697350000000004,0.0,0.0,0.0,0.0,3.3697350000000004,0.3435,3.3697350000000004,0.0,0.0
0.34400000000000003,0.0,0.34400000000000003,0.0,1.0,0.34400000000000003,0.0,0.0,0.1,1.0,0.0,3.3746400000000003,0.0,0.0,0.0,0.0,3.3746400000000003,0.34400000000000003,3.3746400000000003,0.0,0.0
0.34450000000000003,0.0,0.34450000000000003,0.0,1.0,0.34450000000000003,0.0,0.0,0.1,1.0,0.0,3.3795450000000002,0.0,0.0,0.0,0.0,3.3795450000000002,0.34450000000000003,3.3795450000000002,0.0,0.0
0.34500000000000003,0.0,0.34500000000000003,0.0,1.0,0.34500000000000003,0.0,0.0,0.1,1.0,0.0,3.3844500000000006,0.0,0.0,0.0,0.0,3.3844500000000006,0.34500000000000003,3.3844500000000006,0.0,0.0
0.34550000000000003,0.0,0.34550000000000003,0.0,1.0,0.34550000000000003,0.0,0.0,0.1,1.0,0.0,3.3893550000000006,0.0,0.0,0.0,0.0,3.3893550000000006,0.34550000000000003,3.3893550000000006,0.0,0.0
0.34600000000000003,0.0,0.34600000000000003,0.0,1.0,0.34600000000000003,0.0,0.0,0.1,1.0,0.0,3.3942600000000005,0.0,0.0,0.0,0.0,3.3942600000000005,0.34600000000000003,3.3942600000000005,0.0,0.0
0.34650000000000003,0.0,0.34650000000000003,0.0,1.0,0.34650000000000003,0.0,0.0,0.1,1.0,0.0,3.3991650000000004,0.0,0.0,0.0,0.0,3.3991650000000004,0.34650000000000003,3.3991650000000004,0.0,0.0
0.34700000000000003,0.0,0.34700000000000003,0.0,1.0,0.34700000000000003,0.0,0.0,0.1,1.0,0.0,3.4040700000000004,0.0,0.0,0.0,0.0,3.4040700000000004,0.34700000000000003,3.4040700000000004,0.0,0.0
0.34750000000000003,0.0,0.34750000000000003,0.0,1.0,0.34750000000000003,0.0,0.0,0.1,1.0,0.0,3.4089750000000003,0.0,0.0,0.0,0.0,3.4089750000000003,0.34750000000000003,3.4089750000000003,0.0,0.0
0.34800000000000003,0.0,0.34800000000000003,0.0,1.0,0.34800000000000003,0.0,0.0,0.1,1.0,0.0,3.4138800000000007,0.0,0.0,0.0,0.0,3.4138800000000007,0.34800000000000003,3.4138800000000007,0.0,0.0
0.34850000000000003,0.0,0.34850000000000003,0.0,1.0,0.34850000000000003,0.0,0.0,0.1,1.0,0.0,3.4187850000000006,0.0,0.0,0.0,0.0,3.4187850000000006,0.34850000000000003,3.4187850000000006,0.0,0.0
0.34900000000000003,0.0,0.34900000000000003,0.0,1.0,0.34900000000000003,0.0,0.0,0.1,1.0,0.0,3.4236900000000006,0.0,0.0,0.0,0.0,3.4236900000000006,0.34900000000000003,3.4236900000000006,0.0,0.0
0.34950000000000003,0.0,0.34950000000000003,0.0,1.0,0.34950000000000003,0.0,0.0,0.1,1.0,0.0,3.4285950000000005,0.0,0.0,0.0,0.0,3.4285950000000005,0.34950000000000003,3.4285950000000005,0.0,0.0
0.35000000000000003,0.0,0.35000000000000003,0.0,1.0,0.35000000000000003,0.0,0.0,0.1,1.0,0.0,3.4335000000000004,0.0,0.0,0.0,0.0,3.4335000000000004,0.35000000000000003,3.4335000000000004,0.0,0.0
0.35050000000000003,0.0,0.35050000000000003,0.0,1.0,0.35050000000000003,0.0,0.0,0.1,1.0,0.0,3.4384050000000004,0.0,0.0,0.0,0.0,3.4384050000000004,0.35050000000000003,3.4384050000000004,0.0,0.0
0.35100000000000003,0.0,0.35100000000000003,0.0,1.0,0.35100000000000003,0.0,0.0,0.1,1.0,0.0,3.4433100000000003,0.0,0.0,0.0,0.0,3.4433100000000003,0.35100000000000003,3.4433100000000003,0.0,0.0
0.35150000000000003,0.0,0.35150000000000003,0.0,1.0,0.35150000000000003,0.0,0.0,0.1,1.0,0.0,3.4482150000000007,0.0,0.0,0.0,0.0,3.4482150000000007,0.35150000000000003,3.4482150000000007,0.0,0.0
0.352,0.0,0.352,0.0,1.0,0.352,0.0,0.0,0.1,1.0,0.0,3.45312,0.0,0.0,0.0,0.0,3.45312,0.352,3.45312,0.0,0.0
0.3525,0.0,0.3525,0.0,1.0,0.3525,0.0,0.0,0.1,1.0,0.0,3.458025,0.0,0.0,0.0,0.0,3.458025,0.3525,3.458025,0.0,0.0
0.353,0.0,0.353,0.0,1.0,0.353,0.0,0.0,0.1,1.0,0.0,3.46293,0.0,0.0,0.0,0.0,3.46293,0.353,3.46293,0.0,0.0
0.3535,0.0,0.3535,0.0,1.0,0.3535,0.0,0.0,0.1,1.0,0.0,3.467835,0.0,0.0,0.0,0.0,3.467835,0.3535,3.467835,0.0,0.0
0.354,0.0,0.354,0.0,1.0,0.354,0.0,0.0,0.1,1.0,0.0,3.47274,0.0,0.0,0.0,0.0,3.47274,0.354,3.47274,0.0,0.0
0.3545,0.0,0.3545,0.0,1.0,0.3545,0.0,0.0,0.1,1.0,0.0,3.477645,0.0,0.0,0.0,0.0,3.477645,0.3545,3.477645,0.0,0.0
0.355,0.0,0.355,0.0,1.0,0.355,0.0,0.0,0.1,1.0,0.0,3.48255,0.0,0.0,0.0,0.0,3.48255,0.355,3.48255,0.0,0.0
0.3555,0.0,0.3555,0.0,1.0,0.3555,0.0,0.0,0.1,1.0,0.0,3.487455,0.0,0.0,0.0,0.0,3.487455,0.3555,3.487455,0.0,0.0
0.356,0.0,0.356,0.0,1.0,0.356,0.0,0.0,0.1,1.0,0.0,3.49236,0.0,0.0,0.0,0.0,3.49236,0.356,3.49236,0.0,0.0
0.3565,0.0,0.3565,0.0,1.0,0.3565,0.0,0.0,0.1,1.0,0.0,3.497265,0.0,0.0,0.0,0.0,3.497265,0.3565,3.497265,0.0,0.0
0.357,0.0,0.357,0.0,1.0,0.357,0.0,0.0,0.1,1.0,0.0,3.50217,0.0,0.0,0.0,0.0,3.50217,0.357,3.50217,0.0,0.0
0.3575,0.0,0.3575,0.0,1.0,0.3575,0.0,0.0,0.1,1.0,0.0,3.507075,0.0,0.0,0.0,0.0,3.507075,0.3575,3.507075,0.0,0.0
0.358,0.0,0.358,0.0,1.0,0.358,0.0,0.0,0.1,1.0,0.0,3.51198,0.0,0.0,0.0,0.0,3.51198,0.358,3.51198,0.0,0.0
0.3585,0.0,0.3585,0.0,1.0,0.3585,0.0,0.0,0.1,1.0,0.0,3.516885,0.0,0.0,0.0,0.0,3.516885,0.3585,3.516885,0.0,0.0
0.359,0.0,0.359,0.0,1.0,0.359,0.0,0.0,0.1,1.0,0.0,3.52179,0.0,0.0,0.0,0.0,3.52179,0.359,3.52179,0.0,0.0
0.3595,0.0,0.3595,0.0,1.0,0.3595,0.0,0.0,0.1,1.0,0.0,3.526695,0.0,0.0,0.0,0.0,3.526695,0.3595,3.526695,0.0,0.0
0.36,0.0,0.36,0.0,1.0,0.36,0.0,0.0,0.1,1.0,0.0,3.5316,0.0,0.0,0.0,0.0,3.5316,0.36,3.5316,0.0,0.0
0.3605,0.0,0.3605,0.0,1.0,0.3605,0.0,0.0,0.1,1.0,0.0,3.536505,0.0,0.0,0.0,0.0,3.536505,0.3605,3.536505,0.0,0.0
0.361,0.0,0.361,0.0,1.0,0.361,0.0,0.0,0.1,1.0,0.0,3.54141,0.0,0.0,0.0,0.0,3.54141,0.361,3.54141,0.0,0.0
0.3615,0.0,0.3615,0.0,1.0,0.3615,0.0,0.0,0.1,1.0,0.0,3.546315,0.0,0.0,0.0,0.0,3.546315,0.3615,3.546315,0.0,0.0
0.362,0.0,0.362,0.0,1.0,0.362,0.0,0.0,0.1,1.0,0.0,3.5512200000000003,0.0,0.0,0.0,0.0,3.5512200000000003,0.362,3.5512200000000003,0.0,0.0
0.3625,0.0,0.3625,0.0,1.0,0.3625,0.0,0.0,0.1,1.0,0.0,3.556125,0.0,0.0,0.0,0.0,3.556125,0.3625,3.556125,0.0,0.0
0.363,0.0,0.363,0.0,1.0,0.363,0.0,0.0,0.1,1.0,0.0,3.56103,0.0,0.0,0.0,0.0,3.56103,0.363,3.56103,0.0,0.0
0.3635,0.0,0.3635,0.0,1.0,0.3635,0.0,0.0,0.1,1.0,0.0,3.565935,0.0,0.0,0.0,0.0,3.565935,0.3635,3.565935,0.0,0.0
0.364,0.0,0.364,0.0,1.0,0.364,0.0,0.0,0.1,1.0,0.0,3.57084,0.0,0.0,0.0,0.0,3.57084,0.364,3.57084,0.0,0.0
0.3645,0.0,0.3645,0.0,1.0,0.3645,0.0,0.0,0.1,1.0,0.0,3.575745,0.0,0.0,0.0,0.0,3.575745,0.3645,3.575745,0.0,0.0
0.365,0.0,0.365,0.0,1.0,0.365,0.0,0.0,0.1,1.0,0.0,3.58065,0.0,0.0,0.0,0.0,3.58065,0.365,3.58065,0.0,0.0
0.3655,0.0,0.3655,0.0,1.0,0.3655,0.0,0.0,0.1,1.0,0.0,3.5855550000000003,0.0,0.0,0.0,0.0,3.5855550000000003,0.3655,3.5855550000000003,0.0,0.0
0.366,0.0,0.366,0.0,1.0,0.366,0.0,0.0,0.1,1.0,0.0,3.59046,0.0,0.0,0.0,0.0,3.59046,0.366,3.59046,0.0,0.0
0.3665,0.0,0.3665,0.0,1.0,0.3665,0.0,0.0,0.1,1.0,0.0,3.595365,0.0,0.0,0.0,0.0,3.595365,0.3665,3.595365,0.0,0.0
0.367,0.0,0.367,0.0,1.0,0.367,0.0,0.0,0.1,1.0,0.0,3.60027,0.0,0.0,0.0,0.0,3.60027,0.367,3.60027,0.0,0.0
0.3675,0.0,0.3675,0.0,1.0,0.3675,0.0,0.0,0.1,1.0,0.0,3.605175,0.0,0.0,0.0,0.0,3.605175,0.3675,3.605175,0.0,0.0
0.368,0.0,0.368,0.0,1.0,0.368,0.0,0.0,0.1,1.0,0.0,3.61008,0.0,0.0,0.0,0.0,3.61008,0.368,3.61008,0.0,0.0
0.3685,0.0,0.3685,0.0,1.0,0.3685,0.0,0.0,0.1,1.0,0.0,3.6149850000000003,0.0,0.0,0.0,0.0,3.6149850000000003,0.3685,3.6149850000000003,0.0,0.0
0.369,0.0,0.369,0.0,1.0,0.369,0.0,0.0,0.1,1.0,0.0,3.6198900000000003,0.0,0.0,0.0,0.0,3.6198900000000003,0.369,3.6198900000000003,0.0,0.0
0.3695,0.0,0.3695,0.0,1.0,0.3695,0.0,0.0,0.1,1.0,0.0,3.624795,0.0,0.0,0.0,0.0,3.624795,0.3695,3.624795,0.0,0.0
0.37,0.0,0.37,0.0,1.0,0.37,0.0,0.0,0.1,1.0,0.0,3.6297,0.0,0.0,0.0,0.0,3.6297,0.37,3.6297,0.0,0.0
0.3705,0.0,0.3705,0.0,1.0,0.3705,0.0,0.0,0.1,1.0,0.0,3.634605,0.0,0.0,0.0,0.0,3.634605,0.3705,3.634605,0.0,0.0
0.371,0.0,0.371,0.0,1.0,0.371,0.0,0.0,0.1,1.0,0.0,3.63951,0.0,0.0,0.0,0.0,3.63951,0.371,3.63951,0.0,0.0
0.3715,0.0,0.3715,0.0,1.0,0.3715,0.0,0.0,0.1,1.0,0.0,3.644415,0.0,0.0,0.0,0.0,3.644415,0.3715,3.644415,0.0,0.0
0.372,0.0,0.372,0.0,1.0,0.372,0.0,0.0,0.1,1.0,0.0,3.6493200000000003,0.0,0.0,0.0,0.0,3.6493200000000003,0.372,3.6493200000000003,0.0,0.0
0.3725,0.0,0.3725,0.0,1.0,0.3725,0.0,0.0,0.1,1.0,0.0,3.6542250000000003,0.0,0.0,0.0,0.0,3.6542250000000003,0.3725,3.6542250000000003,0.0,0.0
0.373,0.0,0.373,0.0,1.0,0.373,0.0,0.0,0.1,1.0,0.0,3.65913,0.0,0.0,0.0,0.0,3.65913,0.373,3.65913,0.0,0.0
0.3735,0.0,0.3735,0.0,1.0,0.3735,0.0,0.0,0.1,1.0,0.0,3.664035,0.0,0.0,0.0,0.0,3.664035,0.3735,3.664035,0.0,0.0
0.374,0.0,0.374,0.0,1.0,0.374,0.0,0.0,0.1,1.0,0.0,3.66894,0.0,0.0,0.0,0.0,3.66894,0.374,3.66894,0.0,0.0
0.3745,0.0,0.3745,0.0,1.0,0.3745,0.0,0.0,0.1,1.0,0.0,3.673845,0.0,0.0,0.0,0.0,3.673845,0.3745,3.673845,0.0,0.0
0.375,0.0,0.375,0.0,1.0,0.375,0.0,0.0,0.1,1.0,0.0,3.67875,0.0,0.0,0.0,0.0,3.67875,0.375,3.67875,0.0,0.0
0.3755,0.0,0.3755,0.0,1.0,0.3755,0.0,0.0,0.1,1.0,0.0,3.6836550000000003,0.0,0.0,0.0,0.0,3.6836550000000003,0.3755,3.6836550000000003,0.0,0.0
0.376,0.0,0.376,0.0,1.0,0.376,0.0,0.0,0.1,1.0,0.0,3.6885600000000003,0.0,0.0,0.0,0.0,3.6885600000000003,0.376,3.6885600000000003,0.0,0.0
0.3765,0.0,0.3765,0.0,1.0,0.3765,0.0,0.0,0.1,1.0,0.0,3.693465,0.0,0.0,0.0,0.0,3.693465,0.3765,3.693465,0.0,0.0
0.377,0.0,0.377,0.0,1.0,0.377,0.0,0.0,0.1,1.0,0.0,3.69837,0.0,0.0,0.0,0.0,3.69837,0.377,3.69837,0.0,0.0
0.3775,0.0,0.3775,0.0,1.0,0.3775,0.0,0.0,0.1,1.0,0.0,3.703275,0.0,0.0,0.0,0.0,3.703275,0.3775,3.703275,0.0,0.0
0.378,0.0,0.378,0.0,1.0,0.378,0.0,0.0,0.1,1.0,0.0,3.70818,0.0,0.0,0.0,0.0,3.70818,0.378,3.70818,0.0,0.0
0.3785,0.0,0.3785,0.0,1.0,0.3785,0.0,0.0,0.1,1.0,0.0,3.7130850000000004,0.0,0.0,0.0,0.0,3.7130850000000004,0.3785,3.7130850000000004,0.0,0.0
0.379,0.0,0.379,0.0,1.0,0.379,0.0,0.0,0.1,1.0,0.0,3.7179900000000004,0.0,0.0,0.0,0.0,3.7179900000000004,0.379,3.7179900000000004,0.0,0.0
0.3795,0.0,0.3795,0.0,1.0,0.3795,0.0,0.0,0.1,1.0,0.0,3.7228950000000003,0.0,0.0,0.0,0.0,3.7228950000000003,0.3795,3.7228950000000003,0.0,0.0
0.38,0.0,0.38,0.0,1.0,0.38,0.0,0.0,0.1,1.0,0.0,3.7278000000000002,0.0,0.0,0.0,0.0,3.7278000000000002,0.38,3.7278000000000002,0.0,0.0
0.3805,0.0,0.3805,0.0,1.0,0.3805,0.0,0.0,0.1,1.0,0.0,3.732705,0.0,0.0,0.0,0.0,3.732705,0.3805,3.732705,0.0,0.0
0.381,0.0,0.381,0.0,1.0,0.381,0.0,0.0,0.1,1.0,0.0,3.73761,0.0,0.0,0.0,0.0,3.73761,0.381,3.73761,0.0,0.0
0.3815,0.0,0.3815,0.0,1.0,0.3815,0.0,0.0,0.1,1.0,0.0,3.742515,0.0,0.0,0.0,0.0,3.742515,0.3815,3.742515,0.0,0.0
0.382,0.0,0.382,0.0,1.0,0.382,0.0,0.0,0.1,1.0,0.0,3.7474200000000004,0.0,0.0,0.0,0.0,3.7474200000000004,0.382,3.7474200000000004,0.0,0.0
0.3825,0.0,0.3825,0.0,1.0,0.3825,0.0,0.0,0.1,1.0,0.0,3.7523250000000004,0.0,0.0,0.0,0.0,3.7523250000000004,0.3825,3.7523250000000004,0.0,0.0
0.383,0.0,0.383,0.0,1.0,0.383,0.0,0.0,0.1,1.0,0.0,3.7572300000000003,0.0,0.0,0.0,0.0,3.7572300000000003,0.383,3.7572300000000003,0.0,0.0
0.3835,0.0,0.3835,0.0,1.0,0.3835,0.0,0.0,0.1,1.0,0.0,3.7621350000000002,0.0,0.0,0.0,0.0,3.7621350000000002,0.3835,3.7621350000000002,0.0,0.0
0.384,0.0,0.384,0.0,1.0,0.384,0.0,0.0,0.1,1.0,0.0,3.76704,0.0,0.0,0.0,0.0,3.76704,0.384,3.76704,0.0,0.0
0.3845,0.0,0.3845,0.0,1.0,0.3845,0.0,0.0,0.1,1.0,0.0,3.771945,0.0,0.0,0.0,0.0,3.771945,0.3845,3.771945,0.0,0.0
0.385,0.0,0.385,0.0,1.0,0.385,0.0,0.0,0.1,1.0,0.0,3.7768500000000005,0.0,0.0,0.0,0.0,3.7768500000000005,0.385,3.7768500000000005,0.0,0.0
0.3855,0.0,0.3855,0.0,1.0,0.3855,0.0,0.0,0.1,1.0,0.0,3.7817550000000004,0.0,0.0,0.0,0.0,3.7817550000000004,0.3855,3.7817550000000004,0.0,0.0
0.386,0.0,0.386,0.0,1.0,0.386,0.0,0.0,0.1,1.0,0.0,3.7866600000000004,0.0,0.0,0.0,0.0,3.7866600000000004,0.386,3.7866600000000004,0.0,0.0
0.3865,0.0,0.3865,0.0,1.0,0.3865,0.0,0.0,0.1,1.0,0.0,3.7915650000000003,0.0,0.0,0.0,0.0,3.7915650000000003,0.3865,3.7915650000000003,0.0,0.0
0.387,0.0,0.387,0.0,1.0,0.387,0.0,0.0,0.1,1.0,0.0,3.7964700000000002,0.0,0.0,0.0,0.0,3.7964700000000002,0.387,3.7964700000000002,0.0,0.0
0.3875,0.0,0.3875,0.0,1.0,0.3875,0.0,0.0,0.1,1.0,0.0,3.801375,0.0,0.0,0.0,0.0,3.801375,0.3875,3.801375,0.0,0.0
0.388,0.0,0.388,0.0,1.0,0.388,0.0,0.0,0.1,1.0,0.0,3.80628,0.0,0.0,0.0,0.0,3.80628,0.388,3.80628,0.0,0.0
0.3885,0.0,0.3885,0.0,1.0,0.3885,0.0,0.0,0.1,1.0,0.0,3.8111850000000005,0.0,0.0,0.0,0.0,3.8111850000000005,0.3885,3.8111850000000005,0.0,0.0
0.389,0.0,0.389,0.0,1.0,0.389,0.0,0.0,0.1,1.0,0.0,3.8160900000000004,0.0,0.0,0.0,0.0,3.8160900000000004,0.389,3.8160900000000004,0.0,0.0
0.3895,0.0,0.3895,0.0,1.0,0.3895,0.0,0.0,0.1,1.0,0.0,3.8209950000000004,0.0,0.0,0.0,0.0,3.8209950000000004,0.3895,3.8209950000000004,0.0,0.0
0.39,0.0,0.39,0.0,1.0,0.39,0.0,0.0,0.1,1.0,0.0,3.8259000000000003,0.0,0.0,0.0,0.0,3.8259000000000003,0.39,3.8259000000000003,0.0,0.0
0.3905,0.0,0.3905,0.0,1.0,0.3905,0.0,0.0,0.1,1.0,0.0,3.8308050000000002,0.0,0.0,0.0,0.0,3.8308050000000002,0.3905,3.8308050000000002,0.0,0.0
0.391,0.0,0.391,0.0,1.0,0.391,0.0,0.0,0.1,1.0,0.0,3.83571,0.0,0.0,0.0,0.0,3.83571,0.391,3.83571,0.0,0.0
0.3915,0.0,0.3915,0.0,1.0,0.3915,0.0,0.0,0.1,1.0,0.0,3.8406150000000006,0.0,0.0,0.0,0.0,3.8406150000000006,0.3915,3.8406150000000006,0.0,0.0
0.392,0.0,0.392,0.0,1.0,0.392,0.0,0.0,0.1,1.0,0.0,3.8455200000000005,0.0,0.0,0.0,0.0,3.8455200000000005,0.392,3.8455200000000005,0.0,0.0
0.3925,0.0,0.3925,0.0,1.0,0.3925,0.0,0.0,0.1,1.0,0.0,3.8504250000000004,0.0,0.0,0.0,0.0,3.8504250000000004,0.3925,3.8504250000000004,0.0,0.0
0.393,0.0,0.393,0.0,1.0,0.393,0.0,0.0,0.1,1.0,0.0,3.8553300000000004,0.0,0.0,0.0,0.0,3.8553300000000004,0.393,3.8553300000000004,0.0,0.0
0.3935,0.0,0.3935,0.0,1.0,0.3935,0.0,0.0,0.1,1.0,0.0,3.8602350000000003,0.0,0.0,0.0,0.0,3.8602350000000003,0.3935,3.8602350000000003,0.0,0.0
0.394,0.0,0.394,0.0,1.0,0.394,0.0,0.0,0.1,1.0,0.0,3.8651400000000002,0.0,0.0,0.0,0.0,3.8651400000000002,0.394,3.8651400000000002,0.0,0.0
0.3945,0.0,0.3945,0.0,1.0,0.3945,0.0,0.0,0.1,1.0,0.0,3.870045,0.0,0.0,0.0,0.0,3.870045,0.3945,3.870045,0.0,0.0
0.395,0.0,0.395,0.0,1.0,0.395,0.0,0.0,0.1,1.0,0.0,3.8749500000000006,0.0,0.0,0.0,0.0,3.8749500000000006,0.395,3.8749500000000006,0.0,0.0
0.3955,0.0,0.3955,0.0,1.0,0.3955,0.0,0.0,0.1,1.0,0.0,3.8798550000000005,0.0,0.0,0.0,0.0,3.8798550000000005,0.3955,3.8798550000000005,0.0,0.0
0.396,0.0,0.396,0.0,1.0,0.396,0.0,0.0,0.1,1.0,0.0,3.8847600000000004,0.0,0.0,0.0,0.0,3.8847600000000004,0.396,3.8847600000000004,0.0,0.0
0.3965,0.0,0.3965,0.0,1.0,0.3965,0.0,0.0,0.1,1.0,0.0,3.8896650000000004,0.0,0.0,0.0,0.0,3.8896650000000004,0.3965,3.8896650000000004,0.0,0.0
0.397,0.0,0.397,0.0,1.0,0.397,0.0,0.0,0.1,1.0,0.0,3.8945700000000003,0.0,0.0,0.0,0.0,3.8945700000000003,0.397,3.8945700000000003,0.0,0.0
0.3975,0.0,0.3975,0.0,1.0,0.3975,0.0,0.0,0.1,1.0,0.0,3.8994750000000002,0.0,0.0,0.0,0.0,3.8994750000000002,0.3975,3.8994750000000002,0.0,0.0
0.398,0.0,0.398,0.0,1.0,0.398,0.0,0.0,0.1,1.0,0.0,3.90438,0.0,0.0,0.0,0.0,3.90438,0.398,3.90438,0.0,0.0
0.3985,0.0,0.3985,0.0,1.0,0.3985,0.0,0.0,0.1,1.0,0.0,3.9092850000000006,0.0,0.0,0.0,0.0,3.9092850000000006,0.3985,3.9092850000000006,0.0,0.0
0.399,0.0,0.399,0.0,1.0,0.399,0.0,0.0,0.1,1.0,0.0,3.9141900000000005,0.0,0.0,0.0,0.0,3.9141900000000005,0.399,3.9141900000000005,0.0,0.0
0.3995,0.0,0.3995,0.0,1.0,0.3995,0.0,0.0,0.1,1.0,0.0,3.9190950000000004,0.0,0.0,0.0,0.0,3.9190950000000004,0.3995,3.9190950000000004,0.0,0.0
0.4,0.0,0.4,0.0,1.0,0.4,0.0,0.0,0.1,1.0,0.0,3.9240000000000004,0.0,0.0,0.0,0.0,3.9240000000000004,0.4,3.9240000000000004,0.0,0.0
0.4005,0.0,0.4005,0.0,1.0,0.4005,0.0,0.0,0.1,1.0,0.0,3.9289050000000003,0.0,0.0,0.0,0.0,3.9289050000000003,0.4005,3.9289050000000003,0.0,0.0
0.401,0.0,0.401,0.0,1.0,0.401,0.0,0.0,0.1,1.0,0.0,3.9338100000000003,0.0,0.0,0.0,0.0,3.9338100000000003,0.401,3.9338100000000003,0.0,0.0
0.4015,0.0,0.4015,0.0,1.0,0.4015,0.0,0.0,0.1,1.0,0.0,3.9387150000000006,0.0,0.0,0.0,0.0,3.9387150000000006,0.4015,3.9387150000000006,0.0,0.0
0.402,0.0,0.402,0.0,1.0,0.402,0.0,0.0,0.1,1.0,0.0,3.9436200000000006,0.0,0.0,0.0,0.0,3.9436200000000006,0.402,3.9436200000000006,0.0,0.0
0.4025,0.0,0.4025,0.0,1.0,0.4025,0.0,0.0,0.1,1.0,0.0,3.9485250000000005,0.0,0.0,0.0,0.0,3.9485250000000005,0.4025,3.9485250000000005,0.0,0.0
0.403,0.0,0.403,0.0,1.0,0.403,0.0,0.0,0.1,1.0,0.0,3.9534300000000004,0.0,0.0,0.0,0.0,3.9534300000000004,0.403,3.9534300000000004,0.0,0.0
0.4035,0.0,0.4035,0.0,1.0,0.4035,0.0,0.0,0.1,1.0,0.0,3.9583350000000004,0.0,0.0,0.0,0.0,3.9583350000000004,0.4035,3.9583350000000004,0.0,0.0
0.404,0.0,0.404,0.0,1.0,0.404,0.0,0.0,0.1,1.0,0.0,3.9632400000000003,0.0,0.0,0.0,0.0,3.9632400000000003,0.404,3.9632400000000003,0.0,0.0
0.4045,0.0,0.4045,0.0,1.0,0.4045,0.0,0.0,0.1,1.0,0.0,3.9681450000000003,0.0,0.0,0.0,0.0,3.9681450000000003,0.4045,3.9681450000000003,0.0,0.0
0.405,0.0,0.405,0.0,1.0,0.405,0.0,0.0,0.1,1.0,0.0,3.9730500000000006,0.0,0.0,0.0,0.0,3.9730500000000006,0.405,3.9730500000000006,0.0,0.0
0.4055,0.0,0.4055,0.0,1.0,0.4055,0.0,0.0,0.1,1.0,0.0,3.9779550000000006,0.0,0.0,0.0,0.0,3.9779550000000006,0.4055,3.9779550000000006,0.0,0.0
0.406,0.0,0.406,0.0,1.0,0.406,0.0,0.0,0.1,1.0,0.0,3.9828600000000005,0.0,0.0,0.0,0.0,3.9828600000000005,0.406,3.9828600000000005,0.0,0.0
0.40650000000000003,0.0,0.40650000000000003,0.0,1.0,0.40650000000000003,0.0,0.0,0.1,1.0,0.0,3.9877650000000004,0.0,0.0,0.0,0.0,3.9877650000000004,0.40650000000000003,3.9877650000000004,0.0,0.0
0.40700000000000003,0.0,0.40700000000000003,0.0,1.0,0.40700000000000003,0.0,0.0,0.1,1.0,0.0,3.9926700000000004,0.0,0.0,0.0,0.0,3.9926700000000004,0.40700000000000003,3.9926700000000004,0.0,0.0
0.40750000000000003,0.0,0.40750000000000003,0.0,1.0,0.40750000000000003,0.0,0.0,0.1,1.0,0.0,3.9975750000000003,0.0,0.0,0.0,0.0,3.9975750000000003,0.40750000000000003,3.9975750000000003,0.0,0.0
0.40800000000000003,0.0,0.40800000000000003,0.0,1.0,0.40800000000000003,0.0,0.0,0.1,1.0,0.0,4.00248,0.0,0.0,0.0,0.0,4.00248,0.40800000000000003,4.00248,0.0,0.0
0.40850000000000003,0.0,0.40850000000000003,0.0,1.0,0.40850000000000003,0.0,0.0,0.1,1.0,0.0,4.007385,0.0,0.0,0.0,0.0,4.007385,0.40850000000000003,4.007385,0.0,0.0
0.40900000000000003,0.0,0.40900000000000003,0.0,1.0,0.40900000000000003,0.0,0.0,0.1,1.0,0.0,4.01229,0.0,0.0,0.0,0.0,4.01229,0.40900000000000003,4.01229,0.0,0.0
0.40950000000000003,0.0,0.40950000000000003,0.0,1.0,0.40950000000000003,0.0,0.0,0.1,1.0,0.0,4.017195,0.0,0.0,0.0,0.0,4.017195,0.40950000000000003,4.017195,0.0,0.0
0.41000000000000003,0.0,0.41000000000000003,0.0,1.0,0.41000000000000003,0.0,0.0,0.1,1.0,0.0,4.022100000000001,0.0,0.0,0.0,0.0,4.022100000000001,0.41000000000000003,4.022100000000001,0.0,0.0
0.41050000000000003,0.0,0.41050000000000003,0.0,1.0,0.41050000000000003,0.0,0.0,0.1,1.0,0.0,4.027005000000001,0.0,0.0,0.0,0.0,4.027005000000001,0.41050000000000003,4.027005000000001,0.0,0.0
0.41100000000000003,0.0,0.41100000000000003,0.0,1.0,0.41100000000000003,0.0,0.0,0.1,1.0,0.0,4.031910000000001,0.0,0.0,0.0,0.0,4.031910000000001,0.41100000000000003,4.031910000000001,0.0,0.0
0.41150000000000003,0.0,0.41150000000000003,0.0,1.0,0.41150000000000003,0.0,0.0,0.1,1.0,0.0,4.036815000000001,0.0,0.0,0.0,0.0,4.036815000000001,0.41150000000000003,4.036815000000001,0.0,0.0
0.41200000000000003,0.0,0.41200000000000003,0.0,1.0,0.41200000000000003,0.0,0.0,0.1,1.0,0.0,4.041720000000001,0.0,0.0,0.0,0.0,4.041720000000001,0.41200000000000003,4.041720000000001,0.0,0.0
0.41250000000000003,0.0,0.41250000000000003,0.0,1.0,0.41250000000000003,0.0,0.0,0.1,1.0,0.0,4.046625000000001,0.0,0.0,0.0,0.0,4.046625000000001,0.41250000000000003,4.046625000000001,0.0,0.0
0.41300000000000003,0.0,0.41300000000000003,0.0,1.0,0.41300000000000003,0.0,0.0,0.1,1.0,0.0,4.0515300000000005,0.0,0.0,0.0,0.0,4.0515300000000005,0.41300000000000003,4.0515300000000005,0.0,0.0
0.41350000000000003,0.0,0.41350000000000003,0.0,1.0,0.41350000000000003,0.0,0.0,0.1,1.0,0.0,4.0564350000000005,0.0,0.0,0.0,0.0,4.0564350000000005,0.41350000000000003,4.0564350000000005,0.0,0.0
0.41400000000000003,0.0,0.41400000000000003,0.0,1.0,0.41400000000000003,0.0,0.0,0.1,1.0,0.0,4.06134,0.0,0.0,0.0,0.0,4.06134,0.41400000000000003,4.06134,0.0,0.0
0.41450000000000004,0.0,0.41450000000000004,0.0,1.0,0.41450000000000004,0.0,0.0,0.1,1.0,0.0,4.066245,0.0,0.0,0.0,0.0,4.066245,0.41450000000000004,4.066245,0.0,0.0
0.41500000000000004,0.0,0.41500000000000004,0.0,1.0,0.41500000000000004,0.0,0.0,0.1,1.0,0.0,4.07115,0.0,0.0,0.0,0.0,4.07115,0.41500000000000004,4.07115,0.0,0.0
0.41550000000000004,0.0,0.41550000000000004,0.0,1.0,0.41550000000000004,0.0,0.0,0.1,1.0,0.0,4.076055,0.0,0.0,0.0,0.0,4.076055,0.41550000000000004,4.076055,0.0,0.0
0.41600000000000004,0.0,0.41600000000000004,0.0,1.0,0.41600000000000004,0.0,0.0,0.1,1.0,0.0,4.08096,0.0,0.0,0.0,0.0,4.08096,0.41600000000000004,4.08096,0.0,0.0
0.4165,0.0,0.4165,0.0,1.0,0.4165,0.0,0.0,0.1,1.0,0.0,4.085865,0.0,0.0,0.0,0.0,4.085865,0.4165,4.085865,0.0,0.0
0.417,0.0,0.417,0.0,1.0,0.417,0.0,0.0,0.1,1.0,0.0,4.09077,0.0,0.0,0.0,0.0,4.09077,0.417,4.09077,0.0,0.0
0.4175,0.0,0.4175,0.0,1.0,0.4175,0.0,0.0,0.1,1.0,0.0,4.095675,0.0,0.0,0.0,0.0,4.095675,0.4175,4.095675,0.0,0.0
0.418,0.0,0.418,0.0,1.0,0.418,0.0,0.0,0.1,1.0,0.0,4.10058,0.0,0.0,0.0,0.0,4.10058,0.418,4.10058,0.0,0.0
0.4185,0.0,0.4185,0.0,1.0,0.4185,0.0,0.0,0.1,1.0,0.0,4.105485,0.0,0.0,0.0,0.0,4.105485,0.4185,4.105485,0.0,0.0
0.419,0.0,0.419,0.0,1.0,0.419,0.0,0.0,0.1,1.0,0.0,4.11039,0.0,0.0,0.0,0.0,4.11039,0.419,4.11039,0.0,0.0
0.4195,0.0,0.4195,0.0,1.0,0.4195,0.0,0.0,0.1,1.0,0.0,4.115295,0.0,0.0,0.0,0.0,4.115295,0.4195,4.115295,0.0,0.0
0.42,0.0,0.42,0.0,1.0,0.42,0.0,0.0,0.1,1.0,0.0,4.1202,0.0,0.0,0.0,0.0,4.1202,0.42,4.1202,0.0,0.0
0.4205,0.0,0.4205,0.0,1.0,0.4205,0.0,0.0,0.1,1.0,0.0,4.1251050000000005,0.0,0.0,0.0,0.0,4.1251050000000005,0.4205,4.1251050000000005,0.0,0.0
0.421,0.0,0.421,0.0,1.0,0.421,0.0,0.0,0.1,1.0,0.0,4.13001,0.0,0.0,0.0,0.0,4.13001,0.421,4.13001,0.0,0.0
0.4215,0.0,0.4215,0.0,1.0,0.4215,0.0,0.0,0.1,1.0,0.0,4.134915,0.0,0.0,0.0,0.0,4.134915,0.4215,4.134915,0.0,0.0
0.422,0.0,0.422,0.0,1.0,0.422,0.0,0.0,0.1,1.0,0.0,4.13982,0.0,0.0,0.0,0.0,4.13982,0.422,4.13982,0.0,0.0
0.4225,0.0,0.4225,0.0,1.0,0.4225,0.0,0.0,0.1,1.0,0.0,4.144725,0.0,0.0,0.0,0.0,4.144725,0.4225,4.144725,0.0,0.0
0.423,0.0,0.423,0.0,1.0,0.423,0.0,0.0,0.1,1.0,0.0,4.14963,0.0,0.0,0.0,0.0,4.14963,0.423,4.14963,0.0,0.0
0.4235,0.0,0.4235,0.0,1.0,0.4235,0.0,0.0,0.1,1.0,0.0,4.154535,0.0,0.0,0.0,0.0,4.154535,0.4235,4.154535,0.0,0.0
0.424,0.0,0.424,0.0,1.0,0.424,0.0,0.0,0.1,1.0,0.0,4.15944,0.0,0.0,0.0,0.0,4.15944,0.424,4.15944,0.0,0.0
0.4245,0.0,0.4245,0.0,1.0,0.4245,0.0,0.0,0.1,1.0,0.0,4.164345,0.0,0.0,0.0,0.0,4.164345,0.4245,4.164345,0.0,0.0
0.425,0.0,0.425,0.0,1.0,0.425,0.0,0.0,0.1,1.0,0.0,4.16925,0.0,0.0,0.0,0.0,4.16925,0.425,4.16925,0.0,0.0
0.4255,0.0,0.4255,0.0,1.0,0.4255,0.0,0.0,0.1,1.0,0.0,4.174155,0.0,0.0,0.0,0.0,4.174155,0.4255,4.174155,0.0,0.0
0.426,0.0,0.426,0.0,1.0,0.426,0.0,0.0,0.1,1.0,0.0,4.17906,0.0,0.0,0.0,0.0,4.17906,0.426,4.17906,0.0,0.0
0.4265,0.0,0.4265,0.0,1.0,0.4265,0.0,0.0,0.1,1.0,0.0,4.183965,0.0,0.0,0.0,0.0,4.183965,0.4265,4.183965,0.0,0.0
0.427,0.0,0.427,0.0,1.0,0.427,0.0,0.0,0.1,1.0,0.0,4.1888700000000005,0.0,0.0,0.0,0.0,4.1888700000000005,0.427,4.1888700000000005,0.0,0.0
0.4275,0.0,0.4275,0.0,1.0,0.4275,0.0,0.0,0.1,1.0,0.0,4.1937750000000005,0.0,0.0,0.0,0.0,4.1937750000000005,0.4275,4.1937750000000005,0.0,0.0
0.428,0.0,0.428,0.0,1.0,0.428,0.0,0.0,0.1,1.0,0.0,4.19868,0.0,0.0,0.0,0.0,4.19868,0.428,4.19868,0.0,0.0
0.4285,0.0,0.4285,0.0,1.0,0.4285,0.0,0.0,0.1,1.0,0.0,4.203585,0.0,0.0,0.0,0.0,4.203585,0.4285,4.203585,0.0,0.0
0.429,0.0,0.429,0.0,1.0,0.429,0.0,0.0,0.1,1.0,0.0,4.20849,0.0,0.0,0.0,0.0,4.20849,0.429,4.20849,0.0,0.0
0.4295,0.0,0.4295,0.0,1.0,0.4295,0.0,0.0,0.1,1.0,0.0,4.213395,0.0,0.0,0.0,0.0,4.213395,0.4295,4.213395,0.0,0.0
0.43,0.0,0.43,0.0,1.0,0.43,0.0,0.0,0.1,1.0,0.0,4.2183,0.0,0.0,0.0,0.0,4.2183,0.43,4.2183,0.0,0.0
0.4305,0.0,0.4305,0.0,1.0,0.4305,0.0,0.0,0.1,1.0,0.0,4.223205,0.0,0.0,0.0,0.0,4.223205,0.4305,4.223205,0.0,0.0
0.431,0.0,0.431,0.0,1.0,0.431,0.0,0.0,0.1,1.0,0.0,4.22811,0.0,0.0,0.0,0.0,4.22811,0.431,4.22811,0.0,0.0
0.4315,0.0,0.4315,0.0,1.0,0.4315,0.0,0.0,0.1,1.0,0.0,4.233015,0.0,0.0,0.0,0.0,4.233015,0.4315,4.233015,0.0,0.0
0.432,0.0,0.432,0.0,1.0,0.432,0.0,0.0,0.1,1.0,0.0,4.23792,0.0,0.0,0.0,0.0,4.23792,0.432,4.23792,0.0,0.0
0.4325,0.0,0.4325,0.0,1.0,0.4325,0.0,0.0,0.1,1.0,0.0,4.242825,0.0,0.0,0.0,0.0,4.242825,0.4325,4.242825,0.0,0.0
0.433,0.0,0.433,0.0,1.0,0.433,0.0,0.0,0.1,1.0,0.0,4.24773,0.0,0.0,0.0,0.0,4.24773,0.433,4.24773,0.0,0.0
0.4335,0.0,0.4335,0.0,1.0,0.4335,0.0,0.0,0.1,1.0,0.0,4.252635000000001,0.0,0.0,0.0,0.0,4.252635000000001,0.4335,4.252635000000001,0.0,0.0
0.434,0.0,0.434,0.0,1.0,0.434,0.0,0.0,0.1,1.0,0.0,4.2575400000000005,0.0,0.0,0.0,0.0,4.2575400000000005,0.434,4.2575400000000005,0.0,0.0
0.4345,0.0,0.4345,0.0,1.0,0.4345,0.0,0.0,0.1,1.0,0.0,4.2624450000000005,0.0,0.0,0.0,0.0,4.2624450000000005,0.4345,4.2624450000000005,0.0,0.0
0.435,0.0,0.435,0.0,1.0,0.435,0.0,0.0,0.1,1.0,0.0,4.26735,0.0,0.0,0.0,0.0,4.26735,0.435,4.26735,0.0,0.0
0.4355,0.0,0.4355,0.0,1.0,0.4355,0.0,0.0,0.1,1.0,0.0,4.272255,0.0,0.0,0.0,0.0,4.272255,0.4355,4.272255,0.0,0.0
0.436,0.0,0.436,0.0,1.0,0.436,0.0,0.0,0.1,1.0,0.0,4.27716,0.0,0.0,0.0,0.0,4.27716,0.436,4.27716,0.0,0.0
0.4365,0.0,0.4365,0.0,1.0,0.4365,0.0,0.0,0.1,1.0,0.0,4.282065,0.0,0.0,0.0,0.0,4.282065,0.4365,4.282065,0.0,0.0
0.437,0.0,0.437,0.0,1.0,0.437,0.0,0.0,0.1,1.0,0.0,4.28697,0.0,0.0,0.0,0.0,4.28697,0.437,4.28697,0.0,0.0
0.4375,0.0,0.4375,0.0,1.0,0.4375,0.0,0.0,0.1,1.0,0.0,4.291875,0.0,0.0,0.0,0.0,4.291875,0.4375,4.291875,0.0,0.0
0.438,0.0,0.438,0.0,1.0,0.438,0.0,0.0,0.1,1.0,0.0,4.29678,0.0,0.0,0.0,0.0,4.29678,0.438,4.29678,0.0,0.0
0.4385,0.0,0.4385,0.0,1.0,0.4385,0.0,0.0,0.1,1.0,0.0,4.301685,0.0,0.0,0.0,0.0,4.301685,0.4385,4.301685,0.0,0.0
0.439,0.0,0.439,0.0,1.0,0.439,0.0,0.0,0.1,1.0,0.0,4.30659,0.0,0.0,0.0,0.0,4.30659,0.439,4.30659,0.0,0.0
0.4395,0.0,0.4395,0.0,1.0,0.4395,0.0,0.0,0.1,1.0,0.0,4.311495,0.0,0.0,0.0,0.0,4.311495,0.4395,4.311495,0.0,0.0
0.44,0.0,0.44,0.0,1.0,0.44,0.0,0.0,0.1,1.0,0.0,4.316400000000001,0.0,0.0,0.0,0.0,4.316400000000001,0.44,4.316400000000001,0.0,0.0
0.4405,0.0,0.4405,0.0,1.0,0.4405,0.0,0.0,0.1,1.0,0.0,4.321305000000001,0.0,0.0,0.0,0.0,4.321305000000001,0.4405,4.321305000000001,0.0,0.0
0.441,0.0,0.441,0.0,1.0,0.441,0.0,0.0,0.1,1.0,0.0,4.3262100000000006,0.0,0.0,0.0,0.0,4.3262100000000006,0.441,4.3262100000000006,0.0,0.0
0.4415,0.0,0.4415,0.0,1.0,0.4415,0.0,0.0,0.1,1.0,0.0,4.3311150000000005,0.0,0.0,0.0,0.0,4.3311150000000005,0.4415,4.3311150000000005,0.0,0.0
0.442,0.0,0.442,0.0,1.0,0.442,0.0,0.0,0.1,1.0,0.0,4.33602,0.0,0.0,0.0,0.0,4.33602,0.442,4.33602,0.0,0.0
0.4425,0.0,0.4425,0.0,1.0,0.4425,0.0,0.0,0.1,1.0,0.0,4.340925,0.0,0.0,0.0,0.0,4.340925,0.4425,4.340925,0.0,0.0
0.443,0.0,0.443,0.0,1.0,0.443,0.0,0.0,0.1,1.0,0.0,4.34583,0.0,0.0,0.0,0.0,4.34583,0.443,4.34583,0.0,0.0
0.4435,0.0,0.4435,0.0,1.0,0.4435,0.0,0.0,0.1,1.0,0.0,4.350735,0.0,0.0,0.0,0.0,4.350735,0.4435,4.350735,0.0,0.0
0.444,0.0,0.444,0.0,1.0,0.444,0.0,0.0,0.1,1.0,0.0,4.35564,0.0,0.0,0.0,0.0,4.35564,0.444,4.35564,0.0,0.0
0.4445,0.0,0.4445,0.0,1.0,0.4445,0.0,0.0,0.1,1.0,0.0,4.360545,0.0,0.0,0.0,0.0,4.360545,0.4445,4.360545,0.0,0.0
0.445,0.0,0.445,0.0,1.0,0.445,0.0,0.0,0.1,1.0,0.0,4.36545,0.0,0.0,0.0,0.0,4.36545,0.445,4.36545,0.0,0.0
0.4455,0.0,0.4455,0.0,1.0,0.4455,0.0,0.0,0.1,1.0,0.0,4.370355,0.0,0.0,0.0,0.0,4.370355,0.4455,4.370355,0.0,0.0
0.446,0.0,0.446,0.0,1.0,0.446,0.0,0.0,0.1,1.0,0.0,4.37526,0.0,0.0,0.0,0.0,4.37526,0.446,4.37526,0.0,0.0
0.4465,0.0,0.4465,0.0,1.0,0.4465,0.0,0.0,0.1,1.0,0.0,4.380165,0.0,0.0,0.0,0.0,4.380165,0.4465,4.380165,0.0,0.0
0.447,0.0,0.447,0.0,1.0,0.447,0.0,0.0,0.1,1.0,0.0,4.385070000000001,0.0,0.0,0.0,0.0,4.385070000000001,0.447,4.385070000000001,0.0,0.0
0.4475,0.0,0.4475,0.0,1.0,0.4475,0.0,0.0,0.1,1.0,0.0,4.389975000000001,0.0,0.0,0.0,0.0,4.389975000000001,0.4475,4.389975000000001,0.0,0.0
0.448,0.0,0.448,0.0,1.0,0.448,0.0,0.0,0.1,1.0,0.0,4.394880000000001,0.0,0.0,0.0,0.0,4.394880000000001,0.448,4.394880000000001,0.0,0.0
0.4485,0.0,0.4485,0.0,1.0,0.4485,0.0,0.0,0.1,1.0,0.0,4.3997850000000005,0.0,0.0,0.0,0.0,4.3997850000000005,0.4485,4.3997850000000005,0.0,0.0
0.449,0.0,0.449,0.0,1.0,0.449,0.0,0.0,0.1,1.0,0.0,4.40469,0.0,0.0,0.0,0.0,4.40469,0.449,4.40469,0.0,0.0
0.4495,0.0,0.4495,0.0,1.0,0.4495,0.0,0.0,0.1,1.0,0.0,4.409595,0.0,0.0,0.0,0.0,4.409595,0.4495,4.409595,0.0,0.0
0.45,0.0,0.45,0.0,1.0,0.45,0.0,0.0,0.1,1.0,0.0,4.4145,0.0,0.0,0.0,0.0,4.4145,0.45,4.4145,0.0,0.0
0.4505,0.0,0.4505,0.0,1.0,0.4505,0.0,0.0,0.1,1.0,0.0,4.419405,0.0,0.0,0.0,0.0,4.419405,0.4505,4.419405,0.0,0.0
0.451,0.0,0.451,0.0,1.0,0.451,0.0,0.0,0.1,1.0,0.0,4.42431,0.0,0.0,0.0,0.0,4.42431,0.451,4.42431,0.0,0.0
0.4515,0.0,0.4515,0.0,1.0,0.4515,0.0,0.0,0.1,1.0,0.0,4.429215,0.0,0.0,0.0,0.0,4.429215,0.4515,4.429215,0.0,0.0
0.452,0.0,0.452,0.0,1.0,0.452,0.0,0.0,0.1,1.0,0.0,4.43412,0.0,0.0,0.0,0.0,4.43412,0.452,4.43412,0.0,0.0
0.4525,0.0,0.4525,0.0,1.0,0.4525,0.0,0.0,0.1,1.0,0.0,4.439025,0.0,0.0,0.0,0.0,4.439025,0.4525,4.439025,0.0,0.0
0.453,0.0,0.453,0.0,1.0,0.453,0.0,0.0,0.1,1.0,0.0,4.44393,0.0,0.0,0.0,0.0,4.44393,0.453,4.44393,0.0,0.0
0.4535,0.0,0.4535,0.0,1.0,0.4535,0.0,0.0,0.1,1.0,0.0,4.448835000000001,0.0,0.0,0.0,0.0,4.448835000000001,0.4535,4.448835000000001,0.0,0.0
0.454,0.0,0.454,0.0,1.0,0.454,0.0,0.0,0.1,1.0,0.0,4.453740000000001,0.0,0.0,0.0,0.0,4.453740000000001,0.454,4.453740000000001,0.0,0.0
0.4545,0.0,0.4545,0.0,1.0,0.4545,0.0,0.0,0.1,1.0,0.0,4.458645000000001,0.0,0.0,0.0,0.0,4.458645000000001,0.4545,4.458645000000001,0.0,0.0
0.455,0.0,0.455,0.0,1.0,0.455,0.0,0.0,0.1,1.0,0.0,4.463550000000001,0.0,0.0,0.0,0.0,4.463550000000001,0.455,4.463550000000001,0.0,0.0
0.4555,0.0,0.4555,0.0,1.0,0.4555,0.0,0.0,0.1,1.0,0.0,4.4684550000000005,0.0,0.0,0.0,0.0,4.4684550000000005,0.4555,4.4684550000000005,0.0,0.0
0.456,0.0,0.456,0.0,1.0,0.456,0.0,0.0,0.1,1.0,0.0,4.4733600000000004,0.0,0.0,0.0,0.0,4.4733600000000004,0.456,4.4733600000000004,0.0,0.0
0.4565,0.0,0.4565,0.0,1.0,0.4565,0.0,0.0,0.1,1.0,0.0,4.478265,0.0,0.0,0.0,0.0,4.478265,0.4565,4.478265,0.0,0.0
0.457,0.0,0.457,0.0,1.0,0.457,0.0,0.0,0.1,1.0,0.0,4.48317,0.0,0.0,0.0,0.0,4.48317,0.457,4.48317,0.0,0.0
0.4575,0.0,0.4575,0.0,1.0,0.4575,0.0,0.0,0.1,1.0,0.0,4.488075,0.0,0.0,0.0,0.0,4.488075,0.4575,4.488075,0.0,0.0
0.458,0.0,0.458,0.0,1.0,0.458,0.0,0.0,0.1,1.0,0.0,4.49298,0.0,0.0,0.0,0.0,4.49298,0.458,4.49298,0.0,0.0
0.4585,0.0,0.4585,0.0,1.0,0.4585,0.0,0.0,0.1,1.0,0.0,4.497885,0.0,0.0,0.0,0.0,4.497885,0.4585,4.497885,0.0,0.0
0.459,0.0,0.459,0.0,1.0,0.459,0.0,0.0,0.1,1.0,0.0,4.50279,0.0,0.0,0.0,0.0,4.50279,0.459,4.50279,0.0,0.0
0.4595,0.0,0.4595,0.0,1.0,0.4595,0.0,0.0,0.1,1.0,0.0,4.507695,0.0,0.0,0.0,0.0,4.507695,0.4595,4.507695,0.0,0.0
0.46,0.0,0.46,0.0,1.0,0.46,0.0,0.0,0.1,1.0,0.0,4.512600000000001,0.0,0.0,0.0,0.0,4.512600000000001,0.46,4.512600000000001,0.0,0.0
0.4605,0.0,0.4605,0.0,1.0,0.4605,0.0,0.0,0.1,1.0,0.0,4.517505000000001,0.0,0.0,0.0,0.0,4.517505000000001,0.4605,4.517505000000001,0.0,0.0
0.461,0.0,0.461,0.0,1.0,0.461,0.0,0.0,0.1,1.0,0.0,4.522410000000001,0.0,0.0,0.0,0.0,4.522410000000001,0.461,4.522410000000001,0.0,0.0
0.4615,0.0,0.4615,0.0,1.0,0.4615,0.0,0.0,0.1,1.0,0.0,4.527315000000001,0.0,0.0,0.0,0.0,4.527315000000001,0.4615,4.527315000000001,0.0,0.0
0.462,0.0,0.462,0.0,1.0,0.462,0.0,0.0,0.1,1.0,0.0,4.532220000000001,0.0,0.0,0.0,0.0,4.532220000000001,0.462,4.532220000000001,0.0,0.0
0.4625,0.0,0.4625,0.0,1.0,0.4625,0.0,0.0,0.1,1.0,0.0,4.5371250000000005,0.0,0.0,0.0,0.0,4.5371250000000005,0.4625,4.5371250000000005,0.0,0.0
0.463,0.0,0.463,0.0,1.0,0.463,0.0,0.0,0.1,1.0,0.0,4.5420300000000005,0.0,0.0,0.0,0.0,4.5420300000000005,0.463,4.5420300000000005,0.0,0.0
0.4635,0.0,0.4635,0.0,1.0,0.4635,0.0,0.0,0.1,1.0,0.0,4.546935,0.0,0.0,0.0,0.0,4.546935,0.4635,4.546935,0.0,0.0
0.464,0.0,0.464,0.0,1.0,0.464,0.0,0.0,0.1,1.0,0.0,4.55184,0.0,0.0,0.0,0.0,4.55184,0.464,4.55184,0.0,0.0
0.4645,0.0,0.4645,0.0,1.0,0.4645,0.0,0.0,0.1,1.0,0.0,4.556745,0.0,0.0,0.0,0.0,4.556745,0.4645,4.556745,0.0,0.0
0.465,0.0,0.465,0.0,1.0,0.465,0.0,0.0,0.1,1.0,0.0,4.56165,0.0,0.0,0.0,0.0,4.56165,0.465,4.56165,0.0,0.0
0.4655,0.0,0.4655,0.0,1.0,0.4655,0.0,0.0,0.1,1.0,0.0,4.566555,0.0,0.0,0.0,0.0,4.566555,0.4655,4.566555,0.0,0.0
0.466,0.0,0.466,0.0,1.0,0.466,0.0,0.0,0.1,1.0,0.0,4.57146,0.0,0.0,0.0,0.0,4.57146,0.466,4.57146,0.0,0.0
0.4665,0.0,0.4665,0.0,1.0,0.4665,0.0,0.0,0.1,1.0,0.0,4.576365000000001,0.0,0.0,0.0,0.0,4.576365000000001,0.4665,4.576365000000001,0.0,0.0
0.467,0.0,0.467,0.0,1.0,0.467,0.0,0.0,0.1,1.0,0.0,4.581270000000001,0.0,0.0,0.0,0.0,4.581270000000001,0.467,4.581270000000001,0.0,0.0
0.4675,0.0,0.4675,0.0,1.0,0.4675,0.0,0.0,0.1,1.0,0.0,4.586175000000001,0.0,0.0,0.0,0.0,4.586175000000001,0.4675,4.586175000000001,0.0,0.0
0.468,0.0,0.468,0.0,1.0,0.468,0.0,0.0,0.1,1.0,0.0,4.591080000000001,0.0,0.0,0.0,0.0,4.591080000000001,0.468,4.591080000000001,0.0,0.0
0.4685,0.0,0.4685,0.0,1.0,0.4685,0.0,0.0,0.1,1.0,0.0,4.595985000000001,0.0,0.0,0.0,0.0,4.595985000000001,0.4685,4.595985000000001,0.0,0.0
0.46900000000000003,0.0,0.46900000000000003,0.0,1.0,0.46900000000000003,0.0,0.0,0.1,1.0,0.0,4.600890000000001,0.0,0.0,0.0,0.0,4.600890000000001,0.46900000000000003,4.600890000000001,0.0,0.0
0.46950000000000003,0.0,0.46950000000000003,0.0,1.0,0.46950000000000003,0.0,0.0,0.1,1.0,0.0,4.6057950000000005,0.0,0.0,0.0,0.0,4.6057950000000005,0.46950000000000003,4.6057950000000005,0.0,0.0
0.47000000000000003,0.0,0.47000000000000003,0.0,1.0,0.47000000000000003,0.0,0.0,0.1,1.0,0.0,4.6107000000000005,0.0,0.0,0.0,0.0,4.6107000000000005,0.47000000000000003,4.6107000000000005,0.0,0.0
0.47050000000000003,0.0,0.47050000000000003,0.0,1.0,0.47050000000000003,0.0,0.0,0.1,1.0,0.0,4.615605,0.0,0.0,0.0,0.0,4.615605,0.47050000000000003,4.615605,0.0,0.0
0.47100000000000003,0.0,0.47100000000000003,0.0,1.0,0.47100000000000003,0.0,0.0,0.1,1.0,0.0,4.62051,0.0,0.0,0.0,0.0,4.62051,0.47100000000000003,4.62051,0.0,0.0
0.47150000000000003,0.0,0.47150000000000003,0.0,1.0,0.47150000000000003,0.0,0.0,0.1,1.0,0.0,4.625415,0.0,0.0,0.0,0.0,4.625415,0.47150000000000003,4.625415,0.0,0.0
0.47200000000000003,0.0,0.47200000000000003,0.0,1.0,0.47200000000000003,0.0,0.0,0.1,1.0,0.0,4.63032,0.0,0.0,0.0,0.0,4.63032,0.47200000000000003,4.63032,0.0,0.0
0.47250000000000003,0.0,0.47250000000000003,0.0,1.0,0.47250000000000003,0.0,0.0,0.1,1.0,0.0,4.635225,0.0,0.0,0.0,0.0,4.635225,0.47250000000000003,4.635225,0.0,0.0
0.47300000000000003,0.0,0.47300000000000003,0.0,1.0,0.47300000000000003,0.0,0.0,0.1,1.0,0.0,4.640130000000001,0.0,0.0,0.0,0.0,4.640130000000001,0.47300000000000003,4.640130000000001,0.0,0.0
0.47350000000000003,0.0,0.47350000000000003,0.0,1.0,0.47350000000000003,0.0,0.0,0.1,1.0,0.0,4.645035000000001,0.0,0.0,0.0,0.0,4.645035000000001,0.47350000000000003,4.645035000000001,0.0,0.0
0.47400000000000003,0.0,0.47400000000000003,0.0,1.0,0.47400000000000003,0.0,0.0,0.1,1.0,0.0,4.649940000000001,0.0,0.0,0.0,0.0,4.649940000000001,0.47400000000000003,4.649940000000001,0.0,0.0
0.47450000000000003,0.0,0.47450000000000003,0.0,1.0,0.47450000000000003,0.0,0.0,0.1,1.0,0.0,4.654845000000001,0.0,0.0,0.0,0.0,4.654845000000001,0.47450000000000003,4.654845000000001,0.0,0.0
0.47500000000000003,0.0,0.47500000000000003,0.0,1.0,0.47500000000000003,0.0,0.0,0.1,1.0,0.0,4.659750000000001,0.0,0.0,0.0,0.0,4.659750000000001,0.47500000000000003,4.659750000000001,0.0,0.0
0.47550000000000003,0.0,0.47550000000000003,0.0,1.0,0.47550000000000003,0.0,0.0,0.1,1.0,0.0,4.664655000000001,0.0,0.0,0.0,0.0,4.664655000000001,0.47550000000000003,4.664655000000001,0.0,0.0
0.47600000000000003,0.0,0.47600000000000003,0.0,1.0,0.47600000000000003,0.0,0.0,0.1,1.0,0.0,4.669560000000001,0.0,0.0,0.0,0.0,4.669560000000001,0.47600000000000003,4.669560000000001,0.0,0.0
0.47650000000000003,0.0,0.47650000000000003,0.0,1.0,0.47650000000000003,0.0,0.0,0.1,1.0,0.0,4.6744650000000005,0.0,0.0,0.0,0.0,4.6744650000000005,0.47650000000000003,4.6744650000000005,0.0,0.0
0.47700000000000004,0.0,0.47700000000000004,0.0,1.0,0.47700000000000004,0.0,0.0,0.1,1.0,0.0,4.6793700000000005,0.0,0.0,0.0,0.0,4.6793700000000005,0.47700000000000004,4.6793700000000005,0.0,0.0
0.47750000000000004,0.0,0.47750000000000004,0.0,1.0,0.47750000000000004,0.0,0.0,0.1,1.0,0.0,4.684275,0.0,0.0,0.0,0.0,4.684275,0.47750000000000004,4.684275,0.0,0.0
0.47800000000000004,0.0,0.47800000000000004,0.0,1.0,0.47800000000000004,0.0,0.0,0.1,1.0,0.0,4.68918,0.0,0.0,0.0,0.0,4.68918,0.47800000000000004,4.68918,0.0,0.0
0.47850000000000004,0.0,0.47850000000000004,0.0,1.0,0.47850000000000004,0.0,0.0,0.1,1.0,0.0,4.694085,0.0,0.0,0.0,0.0,4.694085,0.47850000000000004,4.694085,0.0,0.0
0.47900000000000004,0.0,0.47900000000000004,0.0,1.0,0.47900000000000004,0.0,0.0,0.1,1.0,0.0,4.69899,0.0,0.0,0.0,0.0,4.69899,0.47900000000000004,4.69899,0.0,0.0
0.47950000000000004,0.0,0.47950000000000004,0.0,1.0,0.47950000000000004,0.0,0.0,0.1,1.0,0.0,4.703895000000001,0.0,0.0,0.0,0.0,4.703895000000001,0.47950000000000004,4.703895000000001,0.0,0.0
0.48,0.0,0.48,0.0,1.0,0.48,0.0,0.0,0.1,1.0,0.0,4.7088,0.0,0.0,0.0,0.0,4.7088,0.48,4.7088,0.0,0.0
0.4805,0.0,0.4805,0.0,1.0,0.4805,0.0,0.0,0.1,1.0,0.0,4.713705,0.0,0.0,0.0,0.0,4.713705,0.4805,4.713705,0.0,0.0
0.481,0.0,0.481,0.0,1.0,0.481,0.0,0.0,0.1,1.0,0.0,4.71861,0.0,0.0,0.0,0.0,4.71861,0.481,4.71861,0.0,0.0
0.4815,0.0,0.4815,0.0,1.0,0.4815,0.0,0.0,0.1,1.0,0.0,4.723515,0.0,0.0,0.0,0.0,4.723515,0.4815,4.723515,0.0,0.0
0.482,0.0,0.482,0.0,1.0,0.482,0.0,0.0,0.1,1.0,0.0,4.72842,0.0,0.0,0.0,0.0,4.72842,0.482,4.72842,0.0,0.0
0.4825,0.0,0.4825,0.0,1.0,0.4825,0.0,0.0,0.1,1.0,0.0,4.733325,0.0,0.0,0.0,0.0,4.733325,0.4825,4.733325,0.0,0.0
0.483,0.0,0.483,0.0,1.0,0.483,0.0,0.0,0.1,1.0,0.0,4.73823,0.0,0.0,0.0,0.0,4.73823,0.483,4.73823,0.0,0.0
0.4835,0.0,0.4835,0.0,1.0,0.4835,0.0,0.0,0.1,1.0,0.0,4.743135,0.0,0.0,0.0,0.0,4.743135,0.4835,4.743135,0.0,0.0
0.484,0.0,0.484,0.0,1.0,0.484,0.0,0.0,0.1,1.0,0.0,4.7480400000000005,0.0,0.0,0.0,0.0,4.7480400000000005,0.484,4.7480400000000005,0.0,0.0
0.4845,0.0,0.4845,0.0,1.0,0.4845,0.0,0.0,0.1,1.0,0.0,4.752945,0.0,0.0,0.0,0.0,4.752945,0.4845,4.752945,0.0,0.0
0.485,0.0,0.485,0.0,1.0,0.485,0.0,0.0,0.1,1.0,0.0,4.75785,0.0,0.0,0.0,0.0,4.75785,0.485,4.75785,0.0,0.0
0.4855,0.0,0.4855,0.0,1.0,0.4855,0.0,0.0,0.1,1.0,0.0,4.762755,0.0,0.0,0.0,0.0,4.762755,0.4855,4.762755,0.0,0.0
0.486,0.0,0.486,0.0,1.0,0.486,0.0,0.0,0.1,1.0,0.0,4.76766,0.0,0.0,0.0,0.0,4.76766,0.486,4.76766,0.0,0.0
0.4865,0.0,0.4865,0.0,1.0,0.4865,0.0,0.0,0.1,1.0,0.0,4.772565,0.0,0.0,0.0,0.0,4.772565,0.4865,4.772565,0.0,0.0
0.487,0.0,0.487,0.0,1.0,0.487,0.0,0.0,0.1,1.0,0.0,4.77747,0.0,0.0,0.0,0.0,4.77747,0.487,4.77747,0.0,0.0
0.4875,0.0,0.4875,0.0,1.0,0.4875,0.0,0.0,0.1,1.0,0.0,4.782375,0.0,0.0,0.0,0.0,4.782375,0.4875,4.782375,0.0,0.0
0.488,0.0,0.488,0.0,1.0,0.488,0.0,0.0,0.1,1.0,0.0,4.78728,0.0,0.0,0.0,0.0,4.78728,0.488,4.78728,0.0,0.0
0.4885,0.0,0.4885,0.0,1.0,0.4885,0.0,0.0,0.1,1.0,0.0,4.792185,0.0,0.0,0.0,0.0,4.792185,0.4885,4.792185,0.0,0.0
0.489,0.0,0.489,0.0,1.0,0.489,0.0,0.0,0.1,1.0,0.0,4.79709,0.0,0.0,0.0,0.0,4.79709,0.489,4.79709,0.0,0.0
0.4895,0.0,0.4895,0.0,1.0,0.4895,0.0,0.0,0.1,1.0,0.0,4.801995,0.0,0.0,0.0,0.0,4.801995,0.4895,4.801995,0.0,0.0
0.49,0.0,0.49,0.0,1.0,0.49,0.0,0.0,0.1,1.0,0.0,4.8069,0.0,0.0,0.0,0.0,4.8069,0.49,4.8069,0.0,0.0
0.4905,0.0,0.4905,0.0,1.0,0.4905,0.0,0.0,0.1,1.0,0.0,4.8118050000000006,0.0,0.0,0.0,0.0,4.8118050000000006,0.4905,4.8118050000000006,0.0,0.0
0.491,0.0,0.491,0.0,1.0,0.491,0.0,0.0,0.1,1.0,0.0,4.8167100000000005,0.0,0.0,0.0,0.0,4.8167100000000005,0.491,4.8167100000000005,0.0,0.0
0.4915,0.0,0.4915,0.0,1.0,0.4915,0.0,0.0,0.1,1.0,0.0,4.821615,0.0,0.0,0.0,0.0,4.821615,0.4915,4.821615,0.0,0.0
0.492,0.0,0.492,0.0,1.0,0.492,0.0,0.0,0.1,1.0,0.0,4.82652,0.0,0.0,0.0,0.0,4.82652,0.492,4.82652,0.0,0.0
0.4925,0.0,0.4925,0.0,1.0,0.4925,0.0,0.0,0.1,1.0,0.0,4.831425,0.0,0.0,0.0,0.0,4.831425,0.4925,4.831425,0.0,0.0
0.493,0.0,0.493,0.0,1.0,0.493,0.0,0.0,0.1,1.0,0.0,4.83633,0.0,0.0,0.0,0.0,4.83633,0.493,4.83633,0.0,0.0
0.4935,0.0,0.4935,0.0,1.0,0.4935,0.0,0.0,0.1,1.0,0.0,4.841235,0.0,0.0,0.0,0.0,4.841235,0.4935,4.841235,0.0,0.0
0.494,0.0,0.494,0.0,1.0,0.494,0.0,0.0,0.1,1.0,0.0,4.84614,0.0,0.0,0.0,0.0,4.84614,0.494,4.84614,0.0,0.0
0.4945,0.0,0.4945,0.0,1.0,0.4945,0.0,0.0,0.1,1.0,0.0,4.851045,0.0,0.0,0.0,0.0,4.851045,0.4945,4.851045,0.0,0.0
0.495,0.0,0.495,0.0,1.0,0.495,0.0,0.0,0.1,1.0,0.0,4.85595,0.0,0.0,0.0,0.0,4.85595,0.495,4.85595,0.0,0.0
0.4955,0.0,0.4955,0.0,1.0,0.4955,0.0,0.0,0.1,1.0,0.0,4.860855,0.0,0.0,0.0,0.0,4.860855,0.4955,4.860855,0.0,0.0
0.496,0.0,0.496,0.0,1.0,0.496,0.0,0.0,0.1,1.0,0.0,4.86576,0.0,0.0,0.0,0.0,4.86576,0.496,4.86576,0.0,0.0
0.4965,0.0,0.4965,0.0,1.0,0.4965,0.0,0.0,0.1,1.0,0.0,4.870665,0.0,0.0,0.0,0.0,4.870665,0.4965,4.870665,0.0,0.0
0.497,0.0,0.497,0.0,1.0,0.497,0.0,0.0,0.1,1.0,0.0,4.875570000000001,0.0,0.0,0.0,0.0,4.875570000000001,0.497,4.875570000000001,0.0,0.0
0.4975,0.0,0.4975,0.0,1.0,0.4975,0.0,0.0,0.1,1.0,0.0,4.880475000000001,0.0,0.0,0.0,0.0,4.880475000000001,0.4975,4.880475000000001,0.0,0.0
0.498,0.0,0.498,0.0,1.0,0.498,0.0,0.0,0.1,1.0,0.0,4.8853800000000005,0.0,0.0,0.0,0.0,4.8853800000000005,0.498,4.8853800000000005,0.0,0.0
0.4985,0.0,0.4985,0.0,1.0,0.4985,0.0,0.0,0.1,1.0,0.0,4.890285,0.0,0.0,0.0,0.0,4.890285,0.4985,4.890285,0.0,0.0
0.499,0.0,0.499,0.0,1.0,0.499,0.0,0.0,0.1,1.0,0.0,4.89519,0.0,0.0,0.0,0.0,4.89519,0.499,4.89519,0.0,0.0
0.4995,0.0,0.4995,0.0,1.0,0.4995,0.0,0.0,0.1,1.0,0.0,4.900095,0.0,0.0,0.0,0.0,4.900095,0.4995,4.900095,0.0,0.0
0.5,0.0,0.5,0.0,1.0,0.5,0.0,0.0,0.1,1.0,0.0,4.905,0.0,0.0,0.0,0.0,4.905,0.5,4.905,0.0,0.0
0.5005000000000001,0.0,0.5005000000000001,0.0,1.0,0.5005000000000001,0.0,0.0,0.1,1.0,0.0,4.909905000000001,0.0,0.0,0.0,0.0,4.909905000000001,0.5005000000000001,4.909905000000001,0.0,0.0
0.501,0.0,0.501,0.0,1.0,0.501,0.0,0.0,0.1,1.0,0.0,4.91481,0.0,0.0,0.0,0.0,4.91481,0.501,4.91481,0.0,0.0
0.5015000000000001,0.0,0.5015000000000001,0.0,1.0,0.5015000000000001,0.0,0.0,0.1,1.0,0.0,4.919715000000001,0.0,0.0,0.0,0.0,4.919715000000001,0.5015000000000001,4.919715000000001,0.0,0.0
0.502,0.0,0.502,0.0,1.0,0.502,0.0,0.0,0.1,1.0,0.0,4.92462,0.0,0.0,0.0,0.0,4.92462,0.502,4.92462,0.0,0.0
0.5025000000000001,0.0,0.5025000000000001,0.0,1.0,0.5025000000000001,0.0,0.0,0.1,1.0,0.0,4.929525000000001,0.0,0.0,0.0,0.0,4.929525000000001,0.5025000000000001,4.929525000000001,0.0,0.0
0.503,0.0,0.503,0.0,1.0,0.503,0.0,0.0,0.1,1.0,0.0,4.93443,0.0,0.0,0.0,0.0,4.93443,0.503,4.93443,0.0,0.0
0.5035000000000001,0.0,0.5035000000000001,0.0,1.0,0.5035000000000001,0.0,0.0,0.1,1.0,0.0,4.939335000000001,0.0,0.0,0.0,0.0,4.939335000000001,0.5035000000000001,4.939335000000001,0.0,0.0
0.504,0.0,0.504,0.0,1.0,0.504,0.0,0.0,0.1,1.0,0.0,4.944240000000001,0.0,0.0,0.0,0.0,4.944240000000001,0.504,4.944240000000001,0.0,0.0
0.5045000000000001,0.0,0.5045000000000001,0.0,1.0,0.5045000000000001,0.0,0.0,0.1,1.0,0.0,4.949145000000001,0.0,0.0,0.0,0.0,4.949145000000001,0.5045000000000001,4.949145000000001,0.0,0.0
0.505,0.0,0.505,0.0,1.0,0.505,0.0,0.0,0.1,1.0,0.0,4.9540500000000005,0.0,0.0,0.0,0.0,4.9540500000000005,0.505,4.9540500000000005,0.0,0.0
0.5055000000000001,0.0,0.5055000000000001,0.0,1.0,0.5055000000000001,0.0,0.0,0.1,1.0,0.0,4.9589550000000004,0.0,0.0,0.0,0.0,4.9589550000000004,0.5055000000000001,4.9589550000000004,0.0,0.0
0.506,0.0,0.506,0.0,1.0,0.506,0.0,0.0,0.1,1.0,0.0,4.96386,0.0,0.0,0.0,0.0,4.96386,0.506,4.96386,0.0,0.0
0.5065000000000001,0.0,0.5065000000000001,0.0,1.0,0.5065000000000001,0.0,0.0,0.1,1.0,0.0,4.968765000000001,0.0,0.0,0.0,0.0,4.968765000000001,0.5065000000000001,4.968765000000001,0.0,0.0
0.507,0.0,0.507,0.0,1.0,0.507,0.0,0.0,0.1,1.0,0.0,4.97367,0.0,0.0,0.0,0.0,4.97367,0.507,4.97367,0.0,0.0
0.5075000000000001,0.0,0.5075000000000001,0.0,1.0,0.5075000000000001,0.0,0.0,0.1,1.0,0.0,4.978575000000001,0.0,0.0,0.0,0.0,4.978575000000001,0.5075000000000001,4.978575000000001,0.0,0.0
0.508,0.0,0.508,0.0,1.0,0.508,0.0,0.0,0.1,1.0,0.0,4.98348,0.0,0.0,0.0,0.0,4.98348,0.508,4.98348,0.0,0.0
0.5085000000000001,0.0,0.5085000000000001,0.0,1.0,0.5085000000000001,0.0,0.0,0.1,1.0,0.0,4.988385000000001,0.0,0.0,0.0,0.0,4.988385000000001,0.5085000000000001,4.988385000000001,0.0,0.0
0.509,0.0,0.509,0.0,1.0,0.509,0.0,0.0,0.1,1.0,0.0,4.99329,0.0,0.0,0.0,0.0,4.99329,0.509,4.99329,0.0,0.0
0.5095000000000001,0.0,0.5095000000000001,0.0,1.0,0.5095000000000001,0.0,0.0,0.1,1.0,0.0,4.998195000000001,0.0,0.0,0.0,0.0,4.998195000000001,0.5095000000000001,4.998195000000001,0.0,0.0
0.51,0.0,0.51,0.0,1.0,0.51,0.0,0.0,0.1,1.0,0.0,5.003100000000001,0.0,0.0,0.0,0.0,5.003100000000001,0.51,5.003100000000001,0.0,0.0
0.5105000000000001,0.0,0.5105000000000001,0.0,1.0,0.5105000000000001,0.0,0.0,0.1,1.0,0.0,5.008005000000001,0.0,0.0,0.0,0.0,5.008005000000001,0.5105000000000001,5.008005000000001,0.0,0.0
0.511,0.0,0.511,0.0,1.0,0.511,0.0,0.0,0.1,1.0,0.0,5.012910000000001,0.0,0.0,0.0,0.0,5.012910000000001,0.511,5.012910000000001,0.0,0.0
0.5115000000000001,0.0,0.5115000000000001,0.0,1.0,0.5115000000000001,0.0,0.0,0.1,1.0,0.0,5.017815000000001,0.0,0.0,0.0,0.0,5.017815000000001,0.5115000000000001,5.017815000000001,0.0,0.0
0.512,0.0,0.512,0.0,1.0,0.512,0.0,0.0,0.1,1.0,0.0,5.0227200000000005,0.0,0.0,0.0,0.0,5.0227200000000005,0.512,5.0227200000000005,0.0,0.0
0.5125,0.0,0.5125,0.0,1.0,0.5125,0.0,0.0,0.1,1.0,0.0,5.027625,0.0,0.0,0.0,0.0,5.027625,0.5125,5.027625,0.0,0.0
0.513,0.0,0.513,0.0,1.0,0.513,0.0,0.0,0.1,1.0,0.0,5.03253,0.0,0.0,0.0,0.0,5.03253,0.513,5.03253,0.0,0.0
0.5135,0.0,0.5135,0.0,1.0,0.5135,0.0,0.0,0.1,1.0,0.0,5.037434999999999,0.0,0.0,0.0,0.0,5.037434999999999,0.5135,5.037434999999999,0.0,0.0
0.514,0.0,0.514,0.0,1.0,0.514,0.0,0.0,0.1,1.0,0.0,5.04234,0.0,0.0,0.0,0.0,5.04234,0.514,5.04234,0.0,0.0
0.5145,0.0,0.5145,0.0,1.0,0.5145,0.0,0.0,0.1,1.0,0.0,5.047245,0.0,0.0,0.0,0.0,5.047245,0.5145,5.047245,0.0,0.0
0.515,0.0,0.515,0.0,1.0,0.515,0.0,0.0,0.1,1.0,0.0,5.05215,0.0,0.0,0.0,0.0,5.05215,0.515,5.05215,0.0,0.0
0.5155,0.0,0.5155,0.0,1.0,0.5155,0.0,0.0,0.1,1.0,0.0,5.057055,0.0,0.0,0.0,0.0,5.057055,0.5155,5.057055,0.0,0.0
0.516,0.0,0.516,0.0,1.0,0.516,0.0,0.0,0.1,1.0,0.0,5.06196,0.0,0.0,0.0,0.0,5.06196,0.516,5.06196,0.0,0.0
0.5165,0.0,0.5165,0.0,1.0,0.5165,0.0,0.0,0.1,1.0,0.0,5.066865,0.0,0.0,0.0,0.0,5.066865,0.5165,5.066865,0.0,0.0
0.517,0.0,0.517,0.0,1.0,0.517,0.0,0.0,0.1,1.0,0.0,5.071770000000001,0.0,0.0,0.0,0.0,5.071770000000001,0.517,5.071770000000001,0.0,0.0
0.5175,0.0,0.5175,0.0,1.0,0.5175,0.0,0.0,0.1,1.0,0.0,5.076675,0.0,0.0,0.0,0.0,5.076675,0.5175,5.076675,0.0,0.0
0.518,0.0,0.518,0.0,1.0,0.518,0.0,0.0,0.1,1.0,0.0,5.081580000000001,0.0,0.0,0.0,0.0,5.081580000000001,0.518,5.081580000000001,0.0,0.0
0.5185,0.0,0.5185,0.0,1.0,0.5185,0.0,0.0,0.1,1.0,0.0,5.086485,0.0,0.0,0.0,0.0,5.086485,0.5185,5.086485,0.0,0.0
0.519,0.0,0.519,0.0,1.0,0.519,0.0,0.0,0.1,1.0,0.0,5.0913900000000005,0.0,0.0,0.0,0.0,5.0913900000000005,0.519,5.0913900000000005,0.0,0.0
0.5195,0.0,0.5195,0.0,1.0,0.5195,0.0,0.0,0.1,1.0,0.0,5.096295,0.0,0.0,0.0,0.0,5.096295,0.5195,5.096295,0.0,0.0
0.52,0.0,0.52,0.0,1.0,0.52,0.0,0.0,0.1,1.0,0.0,5.1012,0.0,0.0,0.0,0.0,5.1012,0.52,5.1012,0.0,0.0
0.5205,0.0,0.5205,0.0,1.0,0.5205,0.0,0.0,0.1,1.0,0.0,5.1061049999999994,0.0,0.0,0.0,0.0,5.1061049999999994,0.5205,5.1061049999999994,0.0,0.0
0.521,0.0,0.521,0.0,1.0,0.521,0.0,0.0,0.1,1.0,0.0,5.11101,0.0,0.0,0.0,0.0,5.11101,0.521,5.11101,0.0,0.0
0.5215,0.0,0.5215,0.0,1.0,0.5215,0.0,0.0,0.1,1.0,0.0,5.115915,0.0,0.0,0.0,0.0,5.115915,0.5215,5.115915,0.0,0.0
0.522,0.0,0.522,0.0,1.0,0.522,0.0,0.0,0.1,1.0,0.0,5.12082,0.0,0.0,0.0,0.0,5.12082,0.522,5.12082,0.0,0.0
0.5225,0.0,0.5225,0.0,1.0,0.5225,0.0,0.0,0.1,1.0,0.0,5.125725,0.0,0.0,0.0,0.0,5.125725,0.5225,5.125725,0.0,0.0
0.523,0.0,0.523,0.0,1.0,0.523,0.0,0.0,0.1,1.0,0.0,5.13063,0.0,0.0,0.0,0.0,5.13063,0.523,5.13063,0.0,0.0
0.5235,0.0,0.5235,0.0,1.0,0.5235,0.0,0.0,0.1,1.0,0.0,5.135535,0.0,0.0,0.0,0.0,5.135535,0.5235,5.135535,0.0,0.0
0.524,0.0,0.524,0.0,1.0,0.524,0.0,0.0,0.1,1.0,0.0,5.140440000000001,0.0,0.0,0.0,0.0,5.140440000000001,0.524,5.140440000000001,0.0,0.0
0.5245,0.0,0.5245,0.0,1.0,0.5245,0.0,0.0,0.1,1.0,0.0,5.145345,0.0,0.0,0.0,0.0,5.145345,0.5245,5.145345,0.0,0.0
0.525,0.0,0.525,0.0,1.0,0.525,0.0,0.0,0.1,1.0,0.0,5.150250000000001,0.0,0.0,0.0,0.0,5.150250000000001,0.525,5.150250000000001,0.0,0.0
0.5255,0.0,0.5255,0.0,1.0,0.5255,0.0,0.0,0.1,1.0,0.0,5.155155,0.0,0.0,0.0,0.0,5.155155,0.5255,5.155155,0.0,0.0
0.526,0.0,0.526,0.0,1.0,0.526,0.0,0.0,0.1,1.0,0.0,5.1600600000000005,0.0,0.0,0.0,0.0,5.1600600000000005,0.526,5.1600600000000005,0.0,0.0
0.5265,0.0,0.5265,0.0,1.0,0.5265,0.0,0.0,0.1,1.0,0.0,5.164965,0.0,0.0,0.0,0.0,5.164965,0.5265,5.164965,0.0,0.0
0.527,0.0,0.527,0.0,1.0,0.527,0.0,0.0,0.1,1.0,0.0,5.16987,0.0,0.0,0.0,0.0,5.16987,0.527,5.16987,0.0,0.0
0.5275,0.0,0.5275,0.0,1.0,0.5275,0.0,0.0,0.1,1.0,0.0,5.174775,0.0,0.0,0.0,0.0,5.174775,0.5275,5.174775,0.0,0.0
0.528,0.0,0.528,0.0,1.0,0.528,0.0,0.0,0.1,1.0,0.0,5.17968,0.0,0.0,0.0,0.0,5.17968,0.528,5.17968,0.0,0.0
0.5285,0.0,0.5285,0.0,1.0,0.5285,0.0,0.0,0.1,1.0,0.0,5.184585,0.0,0.0,0.0,0.0,5.184585,0.5285,5.184585,0.0,0.0
0.529,0.0,0.529,0.0,1.0,0.529,0.0,0.0,0.1,1.0,0.0,5.18949,0.0,0.0,0.0,0.0,5.18949,0.529,5.18949,0.0,0.0
0.5295,0.0,0.5295,0.0,1.0,0.5295,0.0,0.0,0.1,1.0,0.0,5.194395,0.0,0.0,0.0,0.0,5.194395,0.5295,5.194395,0.0,0.0
0.53,0.0,0.53,0.0,1.0,0.53,0.0,0.0,0.1,1.0,0.0,5.199300000000001,0.0,0.0,0.0,0.0,5.199300000000001,0.53,5.199300000000001,0.0,0.0
0.5305,0.0,0.5305,0.0,1.0,0.5305,0.0,0.0,0.1,1.0,0.0,5.204205,0.0,0.0,0.0,0.0,5.204205,0.5305,5.204205,0.0,0.0
0.531,0.0,0.531,0.0,1.0,0.531,0.0,0.0,0.1,1.0,0.0,5.209110000000001,0.0,0.0,0.0,0.0,5.209110000000001,0.531,5.209110000000001,0.0,0.0
0.5315,0.0,0.5315,0.0,1.0,0.5315,0.0,0.0,0.1,1.0,0.0,5.214015,0.0,0.0,0.0,0.0,5.214015,0.5315,5.214015,0.0,0.0
0.532,0.0,0.532,0.0,1.0,0.532,0.0,0.0,0.1,1.0,0.0,5.218920000000001,0.0,0.0,0.0,0.0,5.218920000000001,0.532,5.218920000000001,0.0,0.0
0.5325,0.0,0.5325,0.0,1.0,0.5325,0.0,0.0,0.1,1.0,0.0,5.223825,0.0,0.0,0.0,0.0,5.223825,0.5325,5.223825,0.0,0.0
0.533,0.0,0.533,0.0,1.0,0.533,0.0,0.0,0.1,1.0,0.0,5.2287300000000005,0.0,0.0,0.0,0.0,5.2287300000000005,0.533,5.2287300000000005,0.0,0.0
0.5335,0.0,0.5335,0.0,1.0,0.5335,0.0,0.0,0.1,1.0,0.0,5.233635,0.0,0.0,0.0,0.0,5.233635,0.5335,5.233635,0.0,0.0
0.534,0.0,0.534,0.0,1.0,0.534,0.0,0.0,0.1,1.0,0.0,5.23854,0.0,0.0,0.0,0.0,5.23854,0.534,5.23854,0.0,0.0
0.5345,0.0,0.5345,0.0,1.0,0.5345,0.0,0.0,0.1,1.0,0.0,5.243445,0.0,0.0,0.0,0.0,5.243445,0.5345,5.243445,0.0,0.0
0.535,0.0,0.535,0.0,1.0,0.535,0.0,0.0,0.1,1.0,0.0,5.24835,0.0,0.0,0.0,0.0,5.24835,0.535,5.24835,0.0,0.0
0.5355,0.0,0.5355,0.0,1.0,0.5355,0.0,0.0,0.1,1.0,0.0,5.253255,0.0,0.0,0.0,0.0,5.253255,0.5355,5.253255,0.0,0.0
0.536,0.0,0.536,0.0,1.0,0.536,0.0,0.0,0.1,1.0,0.0,5.25816,0.0,0.0,0.0,0.0,5.25816,0.536,5.25816,0.0,0.0
0.5365,0.0,0.5365,0.0,1.0,0.5365,0.0,0.0,0.1,1.0,0.0,5.263065,0.0,0.0,0.0,0.0,5.263065,0.5365,5.263065,0.0,0.0
0.537,0.0,0.537,0.0,1.0,0.537,0.0,0.0,0.1,1.0,0.0,5.267970000000001,0.0,0.0,0.0,0.0,5.267970000000001,0.537,5.267970000000001,0.0,0.0
0.5375,0.0,0.5375,0.0,1.0,0.5375,0.0,0.0,0.1,1.0,0.0,5.272875,0.0,0.0,0.0,0.0,5.272875,0.5375,5.272875,0.0,0.0
0.538,0.0,0.538,0.0,1.0,0.538,0.0,0.0,0.1,1.0,0.0,5.277780000000001,0.0,0.0,0.0,0.0,5.277780000000001,0.538,5.277780000000001,0.0,0.0
0.5385,0.0,0.5385,0.0,1.0,0.5385,0.0,0.0,0.1,1.0,0.0,5.282685,0.0,0.0,0.0,0.0,5.282685,0.5385,5.282685,0.0,0.0
0.539,0.0,0.539,0.0,1.0,0.539,0.0,0.0,0.1,1.0,0.0,5.287590000000001,0.0,0.0,0.0,0.0,5.287590000000001,0.539,5.287590000000001,0.0,0.0
0.5395,0.0,0.5395,0.0,1.0,0.5395,0.0,0.0,0.1,1.0,0.0,5.292495,0.0,0.0,0.0,0.0,5.292495,0.5395,5.292495,0.0,0.0
0.54,0.0,0.54,0.0,1.0,0.54,0.0,0.0,0.1,1.0,0.0,5.2974000000000006,0.0,0.0,0.0,0.0,5.2974000000000006,0.54,5.2974000000000006,0.0,0.0
0.5405,0.0,0.5405,0.0,1.0,0.5405,0.0,0.0,0.1,1.0,0.0,5.3023050000000005,0.0,0.0,0.0,0.0,5.3023050000000005,0.5405,5.3023050000000005,0.0,0.0
0.541,0.0,0.541,0.0,1.0,0.541,0.0,0.0,0.1,1.0,0.0,5.30721,0.0,0.0,0.0,0.0,5.30721,0.541,5.30721,0.0,0.0
0.5415,0.0,0.5415,0.0,1.0,0.5415,0.0,0.0,0.1,1.0,0.0,5.312115,0.0,0.0,0.0,0.0,5.312115,0.5415,5.312115,0.0,0.0
0.542,0.0,0.542,0.0,1.0,0.542,0.0,0.0,0.1,1.0,0.0,5.31702,0.0,0.0,0.0,0.0,5.31702,0.542,5.31702,0.0,0.0
0.5425,0.0,0.5425,0.0,1.0,0.5425,0.0,0.0,0.1,1.0,0.0,5.321925,0.0,0.0,0.0,0.0,5.321925,0.5425,5.321925,0.0,0.0
0.543,0.0,0.543,0.0,1.0,0.543,0.0,0.0,0.1,1.0,0.0,5.326830000000001,0.0,0.0,0.0,0.0,5.326830000000001,0.543,5.326830000000001,0.0,0.0
0.5435,0.0,0.5435,0.0,1.0,0.5435,0.0,0.0,0.1,1.0,0.0,5.331735,0.0,0.0,0.0,0.0,5.331735,0.5435,5.331735,0.0,0.0
0.544,0.0,0.544,0.0,1.0,0.544,0.0,0.0,0.1,1.0,0.0,5.336640000000001,0.0,0.0,0.0,0.0,5.336640000000001,0.544,5.336640000000001,0.0,0.0
0.5445,0.0,0.5445,0.0,1.0,0.5445,0.0,0.0,0.1,1.0,0.0,5.341545,0.0,0.0,0.0,0.0,5.341545,0.5445,5.341545,0.0,0.0
0.545,0.0,0.545,0.0,1.0,0.545,0.0,0.0,0.1,1.0,0.0,5.346450000000001,0.0,0.0,0.0,0.0,5.346450000000001,0.545,5.346450000000001,0.0,0.0
0.5455,0.0,0.5455,0.0,1.0,0.5455,0.0,0.0,0.1,1.0,0.0,5.351355,0.0,0.0,0.0,0.0,5.351355,0.5455,5.351355,0.0,0.0
0.546,0.0,0.546,0.0,1.0,0.546,0.0,0.0,0.1,1.0,0.0,5.356260000000001,0.0,0.0,0.0,0.0,5.356260000000001,0.546,5.356260000000001,0.0,0.0
0.5465,0.0,0.5465,0.0,1.0,0.5465,0.0,0.0,0.1,1.0,0.0,5.361165,0.0,0.0,0.0,0.0,5.361165,0.5465,5.361165,0.0,0.0
0.547,0.0,0.547,0.0,1.0,0.547,0.0,0.0,0.1,1.0,0.0,5.366070000000001,0.0,0.0,0.0,0.0,5.366070000000001,0.547,5.366070000000001,0.0,0.0
0.5475,0.0,0.5475,0.0,1.0,0.5475,0.0,0.0,0.1,1.0,0.0,5.3709750000000005,0.0,0.0,0.0,0.0,5.3709750000000005,0.5475,5.3709750000000005,0.0,0.0
0.548,0.0,0.548,0.0,1.0,0.548,0.0,0.0,0.1,1.0,0.0,5.37588,0.0,0.0,0.0,0.0,5.37588,0.548,5.37588,0.0,0.0
0.5485,0.0,0.5485,0.0,1.0,0.5485,0.0,0.0,0.1,1.0,0.0,5.380785,0.0,0.0,0.0,0.0,5.380785,0.5485,5.380785,0.0,0.0
0.549,0.0,0.549,0.0,1.0,0.549,0.0,0.0,0.1,1.0,0.0,5.38569,0.0,0.0,0.0,0.0,5.38569,0.549,5.38569,0.0,0.0
0.5495,0.0,0.5495,0.0,1.0,0.5495,0.0,0.0,0.1,1.0,0.0,5.390595,0.0,0.0,0.0,0.0,5.390595,0.5495,5.390595,0.0,0.0
0.55,0.0,0.55,0.0,1.0,0.55,0.0,0.0,0.1,1.0,0.0,5.395500000000001,0.0,0.0,0.0,0.0,5.395500000000001,0.55,5.395500000000001,0.0,0.0
0.5505,0.0,0.5505,0.0,1.0,0.5505,0.0,0.0,0.1,1.0,0.0,5.400405,0.0,0.0,0.0,0.0,5.400405,0.5505,5.400405,0.0,0.0
0.551,0.0,0.551,0.0,1.0,0.551,0.0,0.0,0.1,1.0,0.0,5.405310000000001,0.0,0.0,0.0,0.0,5.405310000000001,0.551,5.405310000000001,0.0,0.0
0.5515,0.0,0.5515,0.0,1.0,0.5515,0.0,0.0,0.1,1.0,0.0,5.410215,0.0,0.0,0.0,0.0,5.410215,0.5515,5.410215,0.0,0.0
0.552,0.0,0.552,0.0,1.0,0.552,0.0,0.0,0.1,1.0,0.0,5.415120000000001,0.0,0.0,0.0,0.0,5.415120000000001,0.552,5.415120000000001,0.0,0.0
0.5525,0.0,0.5525,0.0,1.0,0.5525,0.0,0.0,0.1,1.0,0.0,5.420025,0.0,0.0,0.0,0.0,5.420025,0.5525,5.420025,0.0,0.0
0.553,0.0,0.553,0.0,1.0,0.553,0.0,0.0,0.1,1.0,0.0,5.424930000000001,0.0,0.0,0.0,0.0,5.424930000000001,0.553,5.424930000000001,0.0,0.0
0.5535,0.0,0.5535,0.0,1.0,0.5535,0.0,0.0,0.1,1.0,0.0,5.429835000000001,0.0,0.0,0.0,0.0,5.429835000000001,0.5535,5.429835000000001,0.0,0.0
0.554,0.0,0.554,0.0,1.0,0.554,0.0,0.0,0.1,1.0,0.0,5.434740000000001,0.0,0.0,0.0,0.0,5.434740000000001,0.554,5.434740000000001,0.0,0.0
0.5545,0.0,0.5545,0.0,1.0,0.5545,0.0,0.0,0.1,1.0,0.0,5.4396450000000005,0.0,0.0,0.0,0.0,5.4396450000000005,0.5545,5.4396450000000005,0.0,0.0
0.555,0.0,0.555,0.0,1.0,0.555,0.0,0.0,0.1,1.0,0.0,5.4445500000000004,0.0,0.0,0.0,0.0,5.4445500000000004,0.555,5.4445500000000004,0.0,0.0
0.5555,0.0,0.5555,0.0,1.0,0.5555,0.0,0.0,0.1,1.0,0.0,5.449455,0.0,0.0,0.0,0.0,5.449455,0.5555,5.449455,0.0,0.0
0.556,0.0,0.556,0.0,1.0,0.556,0.0,0.0,0.1,1.0,0.0,5.454360000000001,0.0,0.0,0.0,0.0,5.454360000000001,0.556,5.454360000000001,0.0,0.0
0.5565,0.0,0.5565,0.0,1.0,0.5565,0.0,0.0,0.1,1.0,0.0,5.459265,0.0,0.0,0.0,0.0,5.459265,0.5565,5.459265,0.0,0.0
0.557,0.0,0.557,0.0,1.0,0.557,0.0,0.0,0.1,1.0,0.0,5.464170000000001,0.0,0.0,0.0,0.0,5.464170000000001,0.557,5.464170000000001,0.0,0.0
0.5575,0.0,0.5575,0.0,1.0,0.5575,0.0,0.0,0.1,1.0,0.0,5.469075,0.0,0.0,0.0,0.0,5.469075,0.5575,5.469075,0.0,0.0
0.558,0.0,0.558,0.0,1.0,0.558,0.0,0.0,0.1,1.0,0.0,5.473980000000001,0.0,0.0,0.0,0.0,5.473980000000001,0.558,5.473980000000001,0.0,0.0
0.5585,0.0,0.5585,0.0,1.0,0.5585,0.0,0.0,0.1,1.0,0.0,5.478885,0.0,0.0,0.0,0.0,5.478885,0.5585,5.478885,0.0,0.0
0.559,0.0,0.559,0.0,1.0,0.559,0.0,0.0,0.1,1.0,0.0,5.483790000000001,0.0,0.0,0.0,0.0,5.483790000000001,0.559,5.483790000000001,0.0,0.0
0.5595,0.0,0.5595,0.0,1.0,0.5595,0.0,0.0,0.1,1.0,0.0,5.488695,0.0,0.0,0.0,0.0,5.488695,0.5595,5.488695,0.0,0.0
0.56,0.0,0.56,0.0,1.0,0.56,0.0,0.0,0.1,1.0,0.0,5.493600000000001,0.0,0.0,0.0,0.0,5.493600000000001,0.56,5.493600000000001,0.0,0.0
0.5605,0.0,0.5605,0.0,1.0,0.5605,0.0,0.0,0.1,1.0,0.0,5.498505000000001,0.0,0.0,0.0,0.0,5.498505000000001,0.5605,5.498505000000001,0.0,0.0
0.561,0.0,0.561,0.0,1.0,0.561,0.0,0.0,0.1,1.0,0.0,5.503410000000001,0.0,0.0,0.0,0.0,5.503410000000001,0.561,5.503410000000001,0.0,0.0
0.5615,0.0,0.5615,0.0,1.0,0.5615,0.0,0.0,0.1,1.0,0.0,5.5083150000000005,0.0,0.0,0.0,0.0,5.5083150000000005,0.5615,5.5083150000000005,0.0,0.0
0.562,0.0,0.562,0.0,1.0,0.562,0.0,0.0,0.1,1.0,0.0,5.5132200000000005,0.0,0.0,0.0,0.0,5.5132200000000005,0.562,5.5132200000000005,0.0,0.0
0.5625,0.0,0.5625,0.0,1.0,0.5625,0.0,0.0,0.1,1.0,0.0,5.518125,0.0,0.0,0.0,0.0,5.518125,0.5625,5.518125,0.0,0.0
0.5630000000000001,0.0,0.5630000000000001,0.0,1.0,0.5630000000000001,0.0,0.0,0.1,1.0,0.0,5.523030000000001,0.0,0.0,0.0,0.0,5.523030000000001,0.5630000000000001,5.523030000000001,0.0,0.0
0.5635,0.0,0.5635,0.0,1.0,0.5635,0.0,0.0,0.1,1.0,0.0,5.527935,0.0,0.0,0.0,0.0,5.527935,0.5635,5.527935,0.0,0.0
0.5640000000000001,0.0,0.5640000000000001,0.0,1.0,0.5640000000000001,0.0,0.0,0.1,1.0,0.0,5.532840000000001,0.0,0.0,0.0,0.0,5.532840000000001,0.5640000000000001,5.532840000000001,0.0,0.0
0.5645,0.0,0.5645,0.0,1.0,0.5645,0.0,0.0,0.1,1.0,0.0,5.537745,0.0,0.0,0.0,0.0,5.537745,0.5645,5.537745,0.0,0.0
0.5650000000000001,0.0,0.5650000000000001,0.0,1.0,0.5650000000000001,0.0,0.0,0.1,1.0,0.0,5.542650000000001,0.0,0.0,0.0,0.0,5.542650000000001,0.5650000000000001,5.542650000000001,0.0,0.0
0.5655,0.0,0.5655,0.0,1.0,0.5655,0.0,0.0,0.1,1.0,0.0,5.547555,0.0,0.0,0.0,0.0,5.547555,0.5655,5.547555,0.0,0.0
0.5660000000000001,0.0,0.5660000000000001,0.0,1.0,0.5660000000000001,0.0,0.0,0.1,1.0,0.0,5.552460000000001,0.0,0.0,0.0,0.0,5.552460000000001,0.5660000000000001,5.552460000000001,0.0,0.0
0.5665,0.0,0.5665,0.0,1.0,0.5665,0.0,0.0,0.1,1.0,0.0,5.557365,0.0,0.0,0.0,0.0,5.557365,0.5665,5.557365,0.0,0.0
0.5670000000000001,0.0,0.5670000000000001,0.0,1.0,0.5670000000000001,0.0,0.0,0.1,1.0,0.0,5.562270000000001,0.0,0.0,0.0,0.0,5.562270000000001,0.5670000000000001,5.562270000000001,0.0,0.0
0.5675,0.0,0.5675,0.0,1.0,0.5675,0.0,0.0,0.1,1.0,0.0,5.567175000000001,0.0,0.0,0.0,0.0,5.567175000000001,0.5675,5.567175000000001,0.0,0.0
0.5680000000000001,0.0,0.5680000000000001,0.0,1.0,0.5680000000000001,0.0,0.0,0.1,1.0,0.0,5.572080000000001,0.0,0.0,0.0,0.0,5.572080000000001,0.5680000000000001,5.572080000000001,0.0,0.0
0.5685,0.0,0.5685,0.0,1.0,0.5685,0.0,0.0,0.1,1.0,0.0,5.5769850000000005,0.0,0.0,0.0,0.0,5.5769850000000005,0.5685,5.5769850000000005,0.0,0.0
0.5690000000000001,0.0,0.5690000000000001,0.0,1.0,0.5690000000000001,0.0,0.0,0.1,1.0,0.0,5.5818900000000005,0.0,0.0,0.0,0.0,5.5818900000000005,0.5690000000000001,5.5818900000000005,0.0,0.0
0.5695,0.0,0.5695,0.0,1.0,0.5695,0.0,0.0,0.1,1.0,0.0,5.586795,0.0,0.0,0.0,0.0,5.586795,0.5695,5.586795,0.0,0.0
0.5700000000000001,0.0,0.5700000000000001,0.0,1.0,0.5700000000000001,0.0,0.0,0.1,1.0,0.0,5.591700000000001,0.0,0.0,0.0,0.0,5.591700000000001,0.5700000000000001,5.591700000000001,0.0,0.0
0.5705,0.0,0.5705,0.0,1.0,0.5705,0.0,0.0,0.1,1.0,0.0,5.596605,0.0,0.0,0.0,0.0,5.596605,0.5705,5.596605,0.0,0.0
0.5710000000000001,0.0,0.5710000000000001,0.0,1.0,0.5710000000000001,0.0,0.0,0.1,1.0,0.0,5.601510000000001,0.0,0.0,0.0,0.0,5.601510000000001,0.5710000000000001,5.601510000000001,0.0,0.0
0.5715,0.0,0.5715,0.0,1.0,0.5715,0.0,0.0,0.1,1.0,0.0,5.606415,0.0,0.0,0.0,0.0,5.606415,0.5715,5.606415,0.0,0.0
0.5720000000000001,0.0,0.5720000000000001,0.0,1.0,0.5720000000000001,0.0,0.0,0.1,1.0,0.0,5.611320000000001,0.0,0.0,0.0,0.0,5.611320000000001,0.5720000000000001,5.611320000000001,0.0,0.0
0.5725,0.0,0.5725,0.0,1.0,0.5725,0.0,0.0,0.1,1.0,0.0,5.616225,0.0,0.0,0.0,0.0,5.616225,0.5725,5.616225,0.0,0.0
0.5730000000000001,0.0,0.5730000000000001,0.0,1.0,0.5730000000000001,0.0,0.0,0.1,1.0,0.0,5.621130000000001,0.0,0.0,0.0,0.0,5.621130000000001,0.5730000000000001,5.621130000000001,0.0,0.0
0.5735,0.0,0.5735,0.0,1.0,0.5735,0.0,0.0,0.1,1.0,0.0,5.626035000000001,0.0,0.0,0.0,0.0,5.626035000000001,0.5735,5.626035000000001,0.0,0.0
0.5740000000000001,0.0,0.5740000000000001,0.0,1.0,0.5740000000000001,0.0,0.0,0.1,1.0,0.0,5.630940000000001,0.0,0.0,0.0,0.0,5.630940000000001,0.5740000000000001,5.630940000000001,0.0,0.0
0.5745,0.0,0.5745,0.0,1.0,0.5745,0.0,0.0,0.1,1.0,0.0,5.635845000000001,0.0,0.0,0.0,0.0,5.635845000000001,0.5745,5.635845000000001,0.0,0.0
0.5750000000000001,0.0,0.5750000000000001,0.0,1.0,0.5750000000000001,0.0,0.0,0.1,1.0,0.0,5.640750000000001,0.0,0.0,0.0,0.0,5.640750000000001,0.5750000000000001,5.640750000000001,0.0,0.0
0.5755,0.0,0.5755,0.0,1.0,0.5755,0.0,0.0,0.1,1.0,0.0,5.6456550000000005,0.0,0.0,0.0,0.0,5.6456550000000005,0.5755,5.6456550000000005,0.0,0.0
0.5760000000000001,0.0,0.5760000000000001,0.0,1.0,0.5760000000000001,0.0,0.0,0.1,1.0,0.0,5.650560000000001,0.0,0.0,0.0,0.0,5.650560000000001,0.5760000000000001,5.650560000000001,0.0,0.0
0.5765,0.0,0.5765,0.0,1.0,0.5765,0.0,0.0,0.1,1.0,0.0,5.655465,0.0,0.0,0.0,0.0,5.655465,0.5765,5.655465,0.0,0.0
0.577,0.0,0.577,0.0,1.0,0.577,0.0,0.0,0.1,1.0,0.0,5.6603699999999995,0.0,0.0,0.0,0.0,5.6603699999999995,0.577,5.6603699999999995,0.0,0.0
0.5775,0.0,0.5775,0.0,1.0,0.5775,0.0,0.0,0.1,1.0,0.0,5.665275,0.0,0.0,0.0,0.0,5.665275,0.5775,5.665275,0.0,0.0
0.578,0.0,0.578,0.0,1.0,0.578,0.0,0.0,0.1,1.0,0.0,5.67018,0.0,0.0,0.0,0.0,5.67018,0.578,5.67018,0.0,0.0
0.5785,0.0,0.5785,0.0,1.0,0.5785,0.0,0.0,0.1,1.0,0.0,5.675085,0.0,0.0,0.0,0.0,5.675085,0.5785,5.675085,0.0,0.0
0.579,0.0,0.579,0.0,1.0,0.579,0.0,0.0,0.1,1.0,0.0,5.67999,0.0,0.0,0.0,0.0,5.67999,0.579,5.67999,0.0,0.0
0.5795,0.0,0.5795,0.0,1.0,0.5795,0.0,0.0,0.1,1.0,0.0,5.684895,0.0,0.0,0.0,0.0,5.684895,0.5795,5.684895,0.0,0.0
0.58,0.0,0.58,0.0,1.0,0.58,0.0,0.0,0.1,1.0,0.0,5.6898,0.0,0.0,0.0,0.0,5.6898,0.58,5.6898,0.0,0.0
0.5805,0.0,0.5805,0.0,1.0,0.5805,0.0,0.0,0.1,1.0,0.0,5.694705000000001,0.0,0.0,0.0,0.0,5.694705000000001,0.5805,5.694705000000001,0.0,0.0
0.581,0.0,0.581,0.0,1.0,0.581,0.0,0.0,0.1,1.0,0.0,5.69961,0.0,0.0,0.0,0.0,5.69961,0.581,5.69961,0.0,0.0
0.5815,0.0,0.5815,0.0,1.0,0.5815,0.0,0.0,0.1,1.0,0.0,5.704515000000001,0.0,0.0,0.0,0.0,5.704515000000001,0.5815,5.704515000000001,0.0,0.0
0.582,0.0,0.582,0.0,1.0,0.582,0.0,0.0,0.1,1.0,0.0,5.70942,0.0,0.0,0.0,0.0,5.70942,0.582,5.70942,0.0,0.0
0.5825,0.0,0.5825,0.0,1.0,0.5825,0.0,0.0,0.1,1.0,0.0,5.7143250000000005,0.0,0.0,0.0,0.0,5.7143250000000005,0.5825,5.7143250000000005,0.0,0.0
0.583,0.0,0.583,0.0,1.0,0.583,0.0,0.0,0.1,1.0,0.0,5.71923,0.0,0.0,0.0,0.0,5.71923,0.583,5.71923,0.0,0.0
0.5835,0.0,0.5835,0.0,1.0,0.5835,0.0,0.0,0.1,1.0,0.0,5.724135,0.0,0.0,0.0,0.0,5.724135,0.5835,5.724135,0.0,0.0
0.584,0.0,0.584,0.0,1.0,0.584,0.0,0.0,0.1,1.0,0.0,5.72904,0.0,0.0,0.0,0.0,5.72904,0.584,5.72904,0.0,0.0
0.5845,0.0,0.5845,0.0,1.0,0.5845,0.0,0.0,0.1,1.0,0.0,5.733945,0.0,0.0,0.0,0.0,5.733945,0.5845,5.733945,0.0,0.0
0.585,0.0,0.585,0.0,1.0,0.585,0.0,0.0,0.1,1.0,0.0,5.73885,0.0,0.0,0.0,0.0,5.73885,0.585,5.73885,0.0,0.0
0.5855,0.0,0.5855,0.0,1.0,0.5855,0.0,0.0,0.1,1.0,0.0,5.743755,0.0,0.0,0.0,0.0,5.743755,0.5855,5.743755,0.0,0.0
0.586,0.0,0.586,0.0,1.0,0.586,0.0,0.0,0.1,1.0,0.0,5.74866,0.0,0.0,0.0,0.0,5.74866,0.586,5.74866,0.0,0.0
0.5865,0.0,0.5865,0.0,1.0,0.5865,0.0,0.0,0.1,1.0,0.0,5.753565000000001,0.0,0.0,0.0,0.0,5.753565000000001,0.5865,5.753565000000001,0.0,0.0
0.587,0.0,0.587,0.0,1.0,0.587,0.0,0.0,0.1,1.0,0.0,5.75847,0.0,0.0,0.0,0.0,5.75847,0.587,5.75847,0.0,0.0
0.5875,0.0,0.5875,0.0,1.0,0.5875,0.0,0.0,0.1,1.0,0.0,5.763375000000001,0.0,0.0,0.0,0.0,5.763375000000001,0.5875,5.763375000000001,0.0,0.0
0.588,0.0,0.588,0.0,1.0,0.588,0.0,0.0,0.1,1.0,0.0,5.76828,0.0,0.0,0.0,0.0,5.76828,0.588,5.76828,0.0,0.0
0.5885,0.0,0.5885,0.0,1.0,0.5885,0.0,0.0,0.1,1.0,0.0,5.773185000000001,0.0,0.0,0.0,0.0,5.773185000000001,0.5885,5.773185000000001,0.0,0.0
0.589,0.0,0.589,0.0,1.0,0.589,0.0,0.0,0.1,1.0,0.0,5.77809,0.0,0.0,0.0,0.0,5.77809,0.589,5.77809,0.0,0.0
0.5895,0.0,0.5895,0.0,1.0,0.5895,0.0,0.0,0.1,1.0,0.0,5.7829950000000006,0.0,0.0,0.0,0.0,5.7829950000000006,0.5895,5.7829950000000006,0.0,0.0
0.59,0.0,0.59,0.0,1.0,0.59,0.0,0.0,0.1,1.0,0.0,5.7879,0.0,0.0,0.0,0.0,5.7879,0.59,5.7879,0.0,0.0
0.5905,0.0,0.5905,0.0,1.0,0.5905,0.0,0.0,0.1,1.0,0.0,5.792805,0.0,0.0,0.0,0.0,5.792805,0.5905,5.792805,0.0,0.0
0.591,0.0,0.591,0.0,1.0,0.591,0.0,0.0,0.1,1.0,0.0,5.79771,0.0,0.0,0.0,0.0,5.79771,0.591,5.79771,0.0,0.0
0.5915,0.0,0.5915,0.0,1.0,0.5915,0.0,0.0,0.1,1.0,0.0,5.802615,0.0,0.0,0.0,0.0,5.802615,0.5915,5.802615,0.0,0.0
0.592,0.0,0.592,0.0,1.0,0.592,0.0,0.0,0.1,1.0,0.0,5.80752,0.0,0.0,0.0,0.0,5.80752,0.592,5.80752,0.0,0.0
0.5925,0.0,0.5925,0.0,1.0,0.5925,0.0,0.0,0.1,1.0,0.0,5.812425,0.0,0.0,0.0,0.0,5.812425,0.5925,5.812425,0.0,0.0
0.593,0.0,0.593,0.0,1.0,0.593,0.0,0.0,0.1,1.0,0.0,5.81733,0.0,0.0,0.0,0.0,5.81733,0.593,5.81733,0.0,0.0
0.5935,0.0,0.5935,0.0,1.0,0.5935,0.0,0.0,0.1,1.0,0.0,5.822235000000001,0.0,0.0,0.0,0.0,5.822235000000001,0.5935,5.822235000000001,0.0,0.0
0.594,0.0,0.594,0.0,1.0,0.594,0.0,0.0,0.1,1.0,0.0,5.82714,0.0,0.0,0.0,0.0,5.82714,0.594,5.82714,0.0,0.0
0.5945,0.0,0.5945,0.0,1.0,0.5945,0.0,0.0,0.1,1.0,0.0,5.832045000000001,0.0,0.0,0.0,0.0,5.832045000000001,0.5945,5.832045000000001,0.0,0.0
0.595,0.0,0.595,0.0,1.0,0.595,0.0,0.0,0.1,1.0,0.0,5.83695,0.0,0.0,0.0,0.0,5.83695,0.595,5.83695,0.0,0.0
0.5955,0.0,0.5955,0.0,1.0,0.5955,0.0,0.0,0.1,1.0,0.0,5.841855000000001,0.0,0.0,0.0,0.0,5.841855000000001,0.5955,5.841855000000001,0.0,0.0
0.596,0.0,0.596,0.0,1.0,0.596,0.0,0.0,0.1,1.0,0.0,5.84676,0.0,0.0,0.0,0.0,5.84676,0.596,5.84676,0.0,0.0
0.5965,0.0,0.5965,0.0,1.0,0.5965,0.0,0.0,0.1,1.0,0.0,5.851665000000001,0.0,0.0,0.0,0.0,5.851665000000001,0.5965,5.851665000000001,0.0,0.0
0.597,0.0,0.597,0.0,1.0,0.597,0.0,0.0,0.1,1.0,0.0,5.85657,0.0,0.0,0.0,0.0,5.85657,0.597,5.85657,0.0,0.0
0.5975,0.0,0.5975,0.0,1.0,0.5975,0.0,0.0,0.1,1.0,0.0,5.861475,0.0,0.0,0.0,0.0,5.861475,0.5975,5.861475,0.0,0.0
0.598,0.0,0.598,0.0,1.0,0.598,0.0,0.0,0.1,1.0,0.0,5.86638,0.0,0.0,0.0,0.0,5.86638,0.598,5.86638,0.0,0.0
0.5985,0.0,0.5985,0.0,1.0,0.5985,0.0,0.0,0.1,1.0,0.0,5.871285,0.0,0.0,0.0,0.0,5.871285,0.5985,5.871285,0.0,0.0
0.599,0.0,0.599,0.0,1.0,0.599,0.0,0.0,0.1,1.0,0.0,5.87619,0.0,0.0,0.0,0.0,5.87619,0.599,5.87619,0.0,0.0
0.5995,0.0,0.5995,0.0,1.0,0.5995,0.0,0.0,0.1,1.0,0.0,5.881095,0.0,0.0,0.0,0.0,5.881095,0.5995,5.881095,0.0,0.0
0.6,0.0,0.6,0.0,1.0,0.6,0.0,0.0,0.1,1.0,0.0,5.886,0.0,0.0,0.0,0.0,5.886,0.6,5.886,0.0,0.0
0.6005,0.0,0.6005,0.0,1.0,0.6005,0.0,0.0,0.1,1.0,0.0,5.890905000000001,0.0,0.0,0.0,0.0,5.890905000000001,0.6005,5.890905000000001,0.0,0.0
0.601,0.0,0.601,0.0,1.0,0.601,0.0,0.0,0.1,1.0,0.0,5.89581,0.0,0.0,0.0,0.0,5.89581,0.601,5.89581,0.0,0.0
0.6015,0.0,0.6015,0.0,1.0,0.6015,0.0,0.0,0.1,1.0,0.0,5.900715000000001,0.0,0.0,0.0,0.0,5.900715000000001,0.6015,5.900715000000001,0.0,0.0
0.602,0.0,0.602,0.0,1.0,0.602,0.0,0.0,0.1,1.0,0.0,5.90562,0.0,0.0,0.0,0.0,5.90562,0.602,5.90562,0.0,0.0
0.6025,0.0,0.6025,0.0,1.0,0.6025,0.0,0.0,0.1,1.0,0.0,5.910525000000001,0.0,0.0,0.0,0.0,5.910525000000001,0.6025,5.910525000000001,0.0,0.0
0.603,0.0,0.603,0.0,1.0,0.603,0.0,0.0,0.1,1.0,0.0,5.91543,0.0,0.0,0.0,0.0,5.91543,0.603,5.91543,0.0,0.0
0.6035,0.0,0.6035,0.0,1.0,0.6035,0.0,0.0,0.1,1.0,0.0,5.920335000000001,0.0,0.0,0.0,0.0,5.920335000000001,0.6035,5.920335000000001,0.0,0.0
0.604,0.0,0.604,0.0,1.0,0.604,0.0,0.0,0.1,1.0,0.0,5.9252400000000005,0.0,0.0,0.0,0.0,5.9252400000000005,0.604,5.9252400000000005,0.0,0.0
0.6045,0.0,0.6045,0.0,1.0,0.6045,0.0,0.0,0.1,1.0,0.0,5.930145,0.0,0.0,0.0,0.0,5.930145,0.6045,5.930145,0.0,0.0
0.605,0.0,0.605,0.0,1.0,0.605,0.0,0.0,0.1,1.0,0.0,5.93505,0.0,0.0,0.0,0.0,5.93505,0.605,5.93505,0.0,0.0
0.6055,0.0,0.6055,0.0,1.0,0.6055,0.0,0.0,0.1,1.0,0.0,5.939955,0.0,0.0,0.0,0.0,5.939955,0.6055,5.939955,0.0,0.0
0.606,0.0,0.606,0.0,1.0,0.606,0.0,0.0,0.1,1.0,0.0,5.94486,0.0,0.0,0.0,0.0,5.94486,0.606,5.94486,0.0,0.0
0.6065,0.0,0.6065,0.0,1.0,0.6065,0.0,0.0,0.1,1.0,0.0,5.949765000000001,0.0,0.0,0.0,0.0,5.949765000000001,0.6065,5.949765000000001,0.0,0.0
0.607,0.0,0.607,0.0,1.0,0.607,0.0,0.0,0.1,1.0,0.0,5.95467,0.0,0.0,0.0,0.0,5.95467,0.607,5.95467,0.0,0.0
0.6075,0.0,0.6075,0.0,1.0,0.6075,0.0,0.0,0.1,1.0,0.0,5.959575000000001,0.0,0.0,0.0,0.0,5.959575000000001,0.6075,5.959575000000001,0.0,0.0
0.608,0.0,0.608,0.0,1.0,0.608,0.0,0.0,0.1,1.0,0.0,5.96448,0.0,0.0,0.0,0.0,5.96448,0.608,5.96448,0.0,0.0
0.6085,0.0,0.6085,0.0,1.0,0.6085,0.0,0.0,0.1,1.0,0.0,5.969385000000001,0.0,0.0,0.0,0.0,5.969385000000001,0.6085,5.969385000000001,0.0,0.0
0.609,0.0,0.609,0.0,1.0,0.609,0.0,0.0,0.1,1.0,0.0,5.97429,0.0,0.0,0.0,0.0,5.97429,0.609,5.97429,0.0,0.0
0.6095,0.0,0.6095,0.0,1.0,0.6095,0.0,0.0,0.1,1.0,0.0,5.979195000000001,0.0,0.0,0.0,0.0,5.979195000000001,0.6095,5.979195000000001,0.0,0.0
0.61,0.0,0.61,0.0,1.0,0.61,0.0,0.0,0.1,1.0,0.0,5.9841,0.0,0.0,0.0,0.0,5.9841,0.61,5.9841,0.0,0.0
0.6105,0.0,0.6105,0.0,1.0,0.6105,0.0,0.0,0.1,1.0,0.0,5.989005000000001,0.0,0.0,0.0,0.0,5.989005000000001,0.6105,5.989005000000001,0.0,0.0
0.611,0.0,0.611,0.0,1.0,0.611,0.0,0.0,0.1,1.0,0.0,5.9939100000000005,0.0,0.0,0.0,0.0,5.9939100000000005,0.611,5.9939100000000005,0.0,0.0
0.6115,0.0,0.6115,0.0,1.0,0.6115,0.0,0.0,0.1,1.0,0.0,5.9988150000000005,0.0,0.0,0.0,0.0,5.9988150000000005,0.6115,5.9988150000000005,0.0,0.0
0.612,0.0,0.612,0.0,1.0,0.612,0.0,0.0,0.1,1.0,0.0,6.00372,0.0,0.0,0.0,0.0,6.00372,0.612,6.00372,0.0,0.0
0.6125,0.0,0.6125,0.0,1.0,0.6125,0.0,0.0,0.1,1.0,0.0,6.008625,0.0,0.0,0.0,0.0,6.008625,0.6125,6.008625,0.0,0.0
0.613,0.0,0.613,0.0,1.0,0.613,0.0,0.0,0.1,1.0,0.0,6.01353,0.0,0.0,0.0,0.0,6.01353,0.613,6.01353,0.0,0.0
0.6135,0.0,0.6135,0.0,1.0,0.6135,0.0,0.0,0.1,1.0,0.0,6.018435000000001,0.0,0.0,0.0,0.0,6.018435000000001,0.6135,6.018435000000001,0.0,0.0
0.614,0.0,0.614,0.0,1.0,0.614,0.0,0.0,0.1,1.0,0.0,6.02334,0.0,0.0,0.0,0.0,6.02334,0.614,6.02334,0.0,0.0
0.6145,0.0,0.6145,0.0,1.0,0.6145,0.0,0.0,0.1,1.0,0.0,6.028245000000001,0.0,0.0,0.0,0.0,6.028245000000001,0.6145,6.028245000000001,0.0,0.0
0.615,0.0,0.615,0.0,1.0,0.615,0.0,0.0,0.1,1.0,0.0,6.03315,0.0,0.0,0.0,0.0,6.03315,0.615,6.03315,0.0,0.0
0.6155,0.0,0.6155,0.0,1.0,0.6155,0.0,0.0,0.1,1.0,0.0,6.038055000000001,0.0,0.0,0.0,0.0,6.038055000000001,0.6155,6.038055000000001,0.0,0.0
0.616,0.0,0.616,0.0,1.0,0.616,0.0,0.0,0.1,1.0,0.0,6.04296,0.0,0.0,0.0,0.0,6.04296,0.616,6.04296,0.0,0.0
0.6165,0.0,0.6165,0.0,1.0,0.6165,0.0,0.0,0.1,1.0,0.0,6.047865000000001,0.0,0.0,0.0,0.0,6.047865000000001,0.6165,6.047865000000001,0.0,0.0
0.617,0.0,0.617,0.0,1.0,0.617,0.0,0.0,0.1,1.0,0.0,6.052770000000001,0.0,0.0,0.0,0.0,6.052770000000001,0.617,6.052770000000001,0.0,0.0
0.6175,0.0,0.6175,0.0,1.0,0.6175,0.0,0.0,0.1,1.0,0.0,6.057675000000001,0.0,0.0,0.0,0.0,6.057675000000001,0.6175,6.057675000000001,0.0,0.0
0.618,0.0,0.618,0.0,1.0,0.618,0.0,0.0,0.1,1.0,0.0,6.0625800000000005,0.0,0.0,0.0,0.0,6.0625800000000005,0.618,6.0625800000000005,0.0,0.0
0.6185,0.0,0.6185,0.0,1.0,0.6185,0.0,0.0,0.1,1.0,0.0,6.0674850000000005,0.0,0.0,0.0,0.0,6.0674850000000005,0.6185,6.0674850000000005,0.0,0.0
0.619,0.0,0.619,0.0,1.0,0.619,0.0,0.0,0.1,1.0,0.0,6.07239,0.0,0.0,0.0,0.0,6.07239,0.619,6.07239,0.0,0.0
0.6195,0.0,0.6195,0.0,1.0,0.6195,0.0,0.0,0.1,1.0,0.0,6.077295000000001,0.0,0.0,0.0,0.0,6.077295000000001,0.6195,6.077295000000001,0.0,0.0
0.62,0.0,0.62,0.0,1.0,0.62,0.0,0.0,0.1,1.0,0.0,6.0822,0.0,0.0,0.0,0.0,6.0822,0.62,6.0822,0.0,0.0
0.6205,0.0,0.6205,0.0,1.0,0.6205,0.0,0.0,0.1,1.0,0.0,6.087105000000001,0.0,0.0,0.0,0.0,6.087105000000001,0.6205,6.087105000000001,0.0,0.0
0.621,0.0,0.621,0.0,1.0,0.621,0.0,0.0,0.1,1.0,0.0,6.09201,0.0,0.0,0.0,0.0,6.09201,0.621,6.09201,0.0,0.0
0.6215,0.0,0.6215,0.0,1.0,0.6215,0.0,0.0,0.1,1.0,0.0,6.096915000000001,0.0,0.0,0.0,0.0,6.096915000000001,0.6215,6.096915000000001,0.0,0.0
0.622,0.0,0.622,0.0,1.0,0.622,0.0,0.0,0.1,1.0,0.0,6.10182,0.0,0.0,0.0,0.0,6.10182,0.622,6.10182,0.0,0.0
0.6225,0.0,0.6225,0.0,1.0,0.6225,0.0,0.0,0.1,1.0,0.0,6.106725000000001,0.0,0.0,0.0,0.0,6.106725000000001,0.6225,6.106725000000001,0.0,0.0
0.623,0.0,0.623,0.0,1.0,0.623,0.0,0.0,0.1,1.0,0.0,6.11163,0.0,0.0,0.0,0.0,6.11163,0.623,6.11163,0.0,0.0
0.6235,0.0,0.6235,0.0,1.0,0.6235,0.0,0.0,0.1,1.0,0.0,6.116535000000001,0.0,0.0,0.0,0.0,6.116535000000001,0.6235,6.116535000000001,0.0,0.0
0.624,0.0,0.624,0.0,1.0,0.624,0.0,0.0,0.1,1.0,0.0,6.121440000000001,0.0,0.0,0.0,0.0,6.121440000000001,0.624,6.121440000000001,0.0,0.0
0.6245,0.0,0.6245,0.0,1.0,0.6245,0.0,0.0,0.1,1.0,0.0,6.126345000000001,0.0,0.0,0.0,0.0,6.126345000000001,0.6245,6.126345000000001,0.0,0.0
0.625,0.0,0.625,0.0,1.0,0.625,0.0,0.0,0.1,1.0,0.0,6.1312500000000005,0.0,0.0,0.0,0.0,6.1312500000000005,0.625,6.1312500000000005,0.0,0.0
0.6255000000000001,0.0,0.6255000000000001,0.0,1.0,0.6255000000000001,0.0,0.0,0.1,1.0,0.0,6.1361550000000005,0.0,0.0,0.0,0.0,6.1361550000000005,0.6255000000000001,6.1361550000000005,0.0,0.0
0.626,0.0,0.626,0.0,1.0,0.626,0.0,0.0,0.1,1.0,0.0,6.14106,0.0,0.0,0.0,0.0,6.14106,0.626,6.14106,0.0,0.0
0.6265000000000001,0.0,0.6265000000000001,0.0,1.0,0.6265000000000001,0.0,0.0,0.1,1.0,0.0,6.145965000000001,0.0,0.0,0.0,0.0,6.145965000000001,0.6265000000000001,6.145965000000001,0.0,0.0
0.627,0.0,0.627,0.0,1.0,0.627,0.0,0.0,0.1,1.0,0.0,6.15087,0.0,0.0,0.0,0.0,6.15087,0.627,6.15087,0.0,0.0
0.6275000000000001,0.0,0.6275000000000001,0.0,1.0,0.6275000000000001,0.0,0.0,0.1,1.0,0.0,6.155775000000001,0.0,0.0,0.0,0.0,6.155775000000001,0.6275000000000001,6.155775000000001,0.0,0.0
0.628,0.0,0.628,0.0,1.0,0.628,0.0,0.0,0.1,1.0,0.0,6.16068,0.0,0.0,0.0,0.0,6.16068,0.628,6.16068,0.0,0.0
0.6285000000000001,0.0,0.6285000000000001,0.0,1.0,0.6285000000000001,0.0,0.0,0.1,1.0,0.0,6.165585000000001,0.0,0.0,0.0,0.0,6.165585000000001,0.6285000000000001,6.165585000000001,0.0,0.0
0.629,0.0,0.629,0.0,1.0,0.629,0.0,0.0,0.1,1.0,0.0,6.17049,0.0,0.0,0.0,0.0,6.17049,0.629,6.17049,0.0,0.0
0.6295000000000001,0.0,0.6295000000000001,0.0,1.0,0.6295000000000001,0.0,0.0,0.1,1.0,0.0,6.175395000000001,0.0,0.0,0.0,0.0,6.175395000000001,0.6295000000000001,6.175395000000001,0.0,0.0
0.63,0.0,0.63,0.0,1.0,0.63,0.0,0.0,0.1,1.0,0.0,6.180300000000001,0.0,0.0,0.0,0.0,6.180300000000001,0.63,6.180300000000001,0.0,0.0
0.6305000000000001,0.0,0.6305000000000001,0.0,1.0,0.6305000000000001,0.0,0.0,0.1,1.0,0.0,6.185205000000001,0.0,0.0,0.0,0.0,6.185205000000001,0.6305000000000001,6.185205000000001,0.0,0.0
0.631,0.0,0.631,0.0,1.0,0.631,0.0,0.0,0.1,1.0,0.0,6.190110000000001,0.0,0.0,0.0,0.0,6.190110000000001,0.631,6.190110000000001,0.0,0.0
0.6315000000000001,0.0,0.6315000000000001,0.0,1.0,0.6315000000000001,0.0,0.0,0.1,1.0,0.0,6.195015000000001,0.0,0.0,0.0,0.0,6.195015000000001,0.6315000000000001,6.195015000000001,0.0,0.0
0.632,0.0,0.632,0.0,1.0,0.632,0.0,0.0,0.1,1.0,0.0,6.1999200000000005,0.0,0.0,0.0,0.0,6.1999200000000005,0.632,6.1999200000000005,0.0,0.0
0.6325000000000001,0.0,0.6325000000000001,0.0,1.0,0.6325000000000001,0.0,0.0,0.1,1.0,0.0,6.204825000000001,0.0,0.0,0.0,0.0,6.204825000000001,0.6325000000000001,6.204825000000001,0.0,0.0
0.633,0.0,0.633,0.0,1.0,0.633,0.0,0.0,0.1,1.0,0.0,6.20973,0.0,0.0,0.0,0.0,6.20973,0.633,6.20973,0.0,0.0
0.6335000000000001,0.0,0.6335000000000001,0.0,1.0,0.6335000000000001,0.0,0.0,0.1,1.0,0.0,6.214635000000001,0.0,0.0,0.0,0.0,6.214635000000001,0.6335000000000001,6.214635000000001,0.0,0.0
0.634,0.0,0.634,0.0,1.0,0.634,0.0,0.0,0.1,1.0,0.0,6.21954,0.0,0.0,0.0,0.0,6.21954,0.634,6.21954,0.0,0.0
0.6345000000000001,0.0,0.6345000000000001,0.0,1.0,0.6345000000000001,0.0,0.0,0.1,1.0,0.0,6.224445000000001,0.0,0.0,0.0,0.0,6.224445000000001,0.6345000000000001,6.224445000000001,0.0,0.0
0.635,0.0,0.635,0.0,1.0,0.635,0.0,0.0,0.1,1.0,0.0,6.22935,0.0,0.0,0.0,0.0,6.22935,0.635,6.22935,0.0,0.0
0.6355000000000001,0.0,0.6355000000000001,0.0,1.0,0.6355000000000001,0.0,0.0,0.1,1.0,0.0,6.234255000000001,0.0,0.0,0.0,0.0,6.234255000000001,0.6355000000000001,6.234255000000001,0.0,0.0
0.636,0.0,0.636,0.0,1.0,0.636,0.0,0.0,0.1,1.0,0.0,6.23916,0.0,0.0,0.0,0.0,6.23916,0.636,6.23916,0.0,0.0
0.6365000000000001,0.0,0.6365000000000001,0.0,1.0,0.6365000000000001,0.0,0.0,0.1,1.0,0.0,6.244065000000001,0.0,0.0,0.0,0.0,6.244065000000001,0.6365000000000001,6.244065000000001,0.0,0.0
0.637,0.0,0.637,0.0,1.0,0.637,0.0,0.0,0.1,1.0,0.0,6.248970000000001,0.0,0.0,0.0,0.0,6.248970000000001,0.637,6.248970000000001,0.0,0.0
0.6375000000000001,0.0,0.6375000000000001,0.0,1.0,0.6375000000000001,0.0,0.0,0.1,1.0,0.0,6.253875000000001,0.0,0.0,0.0,0.0,6.253875000000001,0.6375000000000001,6.253875000000001,0.0,0.0
0.638,0.0,0.638,0.0,1.0,0.638,0.0,0.0,0.1,1.0,0.0,6.258780000000001,0.0,0.0,0.0,0.0,6.258780000000001,0.638,6.258780000000001,0.0,0.0
0.6385000000000001,0.0,0.6385000000000001,0.0,1.0,0.6385000000000001,0.0,0.0,0.1,1.0,0.0,6.263685000000001,0.0,0.0,0.0,0.0,6.263685000000001,0.6385000000000001,6.263685000000001,0.0,0.0
0.639,0.0,0.639,0.0,1.0,0.639,0.0,0.0,0.1,1.0,0.0,6.2685900000000006,0.0,0.0,0.0,0.0,6.2685900000000006,0.639,6.2685900000000006,0.0,0.0
0.6395000000000001,0.0,0.6395000000000001,0.0,1.0,0.6395000000000001,0.0,0.0,0.1,1.0,0.0,6.273495000000001,0.0,0.0,0.0,0.0,6.273495000000001,0.6395000000000001,6.273495000000001,0.0,0.0
0.64,0.0,0.64,0.0,1.0,0.64,0.0,0.0,0.1,1.0,0.0,6.2784,0.0,0.0,0.0,0.0,6.2784,0.64,6.2784,0.0,0.0
0.6405,0.0,0.6405,0.0,1.0,0.6405,0.0,0.0,0.1,1.0,0.0,6.2833049999999995,0.0,0.0,0.0,0.0,6.2833049999999995,0.6405,6.2833049999999995,0.0,0.0
0.641,0.0,0.641,0.0,1.0,0.641,0.0,0.0,0.1,1.0,0.0,6.28821,0.0,0.0,0.0,0.0,6.28821,0.641,6.28821,0.0,0.0
0.6415,0.0,0.6415,0.0,1.0,0.6415,0.0,0.0,0.1,1.0,0.0,6.293115,0.0,0.0,0.0,0.0,6.293115,0.6415,6.293115,0.0,0.0
0.642,0.0,0.642,0.0,1.0,0.642,0.0,0.0,0.1,1.0,0.0,6.29802,0.0,0.0,0.0,0.0,6.29802,0.642,6.29802,0.0,0.0
0.6425,0.0,0.6425,0.0,1.0,0.6425,0.0,0.0,0.1,1.0,0.0,6.302925,0.0,0.0,0.0,0.0,6.302925,0.6425,6.302925,0.0,0.0
0.643,0.0,0.643,0.0,1.0,0.643,0.0,0.0,0.1,1.0,0.0,6.30783,0.0,0.0,0.0,0.0,6.30783,0.643,6.30783,0.0,0.0
0.6435,0.0,0.6435,0.0,1.0,0.6435,0.0,0.0,0.1,1.0,0.0,6.312735,0.0,0.0,0.0,0.0,6.312735,0.6435,6.312735,0.0,0.0
0.644,0.0,0.644,0.0,1.0,0.644,0.0,0.0,0.1,1.0,0.0,6.317640000000001,0.0,0.0,0.0,0.0,6.317640000000001,0.644,6.317640000000001,0.0,0.0
0.6445,0.0,0.6445,0.0,1.0,0.6445,0.0,0.0,0.1,1.0,0.0,6.322545,0.0,0.0,0.0,0.0,6.322545,0.6445,6.322545,0.0,0.0
0.645,0.0,0.645,0.0,1.0,0.645,0.0,0.0,0.1,1.0,0.0,6.327450000000001,0.0,0.0,0.0,0.0,6.327450000000001,0.645,6.327450000000001,0.0,0.0
0.6455,0.0,0.6455,0.0,1.0,0.6455,0.0,0.0,0.1,1.0,0.0,6.332355,0.0,0.0,0.0,0.0,6.332355,0.6455,6.332355,0.0,0.0
0.646,0.0,0.646,0.0,1.0,0.646,0.0,0.0,0.1,1.0,0.0,6.337260000000001,0.0,0.0,0.0,0.0,6.337260000000001,0.646,6.337260000000001,0.0,0.0
0.6465,0.0,0.6465,0.0,1.0,0.6465,0.0,0.0,0.1,1.0,0.0,6.342165,0.0,0.0,0.0,0.0,6.342165,0.6465,6.342165,0.0,0.0
0.647,0.0,0.647,0.0,1.0,0.647,0.0,0.0,0.1,1.0,0.0,6.34707,0.0,0.0,0.0,0.0,6.34707,0.647,6.34707,0.0,0.0
0.6475,0.0,0.6475,0.0,1.0,0.6475,0.0,0.0,0.1,1.0,0.0,6.351975,0.0,0.0,0.0,0.0,6.351975,0.6475,6.351975,0.0,0.0
0.648,0.0,0.648,0.0,1.0,0.648,0.0,0.0,0.1,1.0,0.0,6.35688,0.0,0.0,0.0,0.0,6.35688,0.648,6.35688,0.0,0.0
0.6485,0.0,0.6485,0.0,1.0,0.6485,0.0,0.0,0.1,1.0,0.0,6.361785,0.0,0.0,0.0,0.0,6.361785,0.6485,6.361785,0.0,0.0
0.649,0.0,0.649,0.0,1.0,0.649,0.0,0.0,0.1,1.0,0.0,6.36669,0.0,0.0,0.0,0.0,6.36669,0.649,6.36669,0.0,0.0
0.6495,0.0,0.6495,0.0,1.0,0.6495,0.0,0.0,0.1,1.0,0.0,6.371595,0.0,0.0,0.0,0.0,6.371595,0.6495,6.371595,0.0,0.0
0.65,0.0,0.65,0.0,1.0,0.65,0.0,0.0,0.1,1.0,0.0,6.376500000000001,0.0,0.0,0.0,0.0,6.376500000000001,0.65,6.376500000000001,0.0,0.0
0.6505,0.0,0.6505,0.0,1.0,0.6505,0.0,0.0,0.1,1.0,0.0,6.381405,0.0,0.0,0.0,0.0,6.381405,0.6505,6.381405,0.0,0.0
0.651,0.0,0.651,0.0,1.0,0.651,0.0,0.0,0.1,1.0,0.0,6.386310000000001,0.0,0.0,0.0,0.0,6.386310000000001,0.651,6.386310000000001,0.0,0.0
0.6515,0.0,0.6515,0.0,1.0,0.6515,0.0,0.0,0.1,1.0,0.0,6.391215,0.0,0.0,0.0,0.0,6.391215,0.6515,6.391215,0.0,0.0
0.652,0.0,0.652,0.0,1.0,0.652,0.0,0.0,0.1,1.0,0.0,6.396120000000001,0.0,0.0,0.0,0.0,6.396120000000001,0.652,6.396120000000001,0.0,0.0
0.6525,0.0,0.6525,0.0,1.0,0.6525,0.0,0.0,0.1,1.0,0.0,6.401025,0.0,0.0,0.0,0.0,6.401025,0.6525,6.401025,0.0,0.0
0.653,0.0,0.653,0.0,1.0,0.653,0.0,0.0,0.1,1.0,0.0,6.405930000000001,0.0,0.0,0.0,0.0,6.405930000000001,0.653,6.405930000000001,0.0,0.0
0.6535,0.0,0.6535,0.0,1.0,0.6535,0.0,0.0,0.1,1.0,0.0,6.410835,0.0,0.0,0.0,0.0,6.410835,0.6535,6.410835,0.0,0.0
0.654,0.0,0.654,0.0,1.0,0.654,0.0,0.0,0.1,1.0,0.0,6.41574,0.0,0.0,0.0,0.0,6.41574,0.654,6.41574,0.0,0.0
0.6545,0.0,0.6545,0.0,1.0,0.6545,0.0,0.0,0.1,1.0,0.0,6.420645,0.0,0.0,0.0,0.0,6.420645,0.6545,6.420645,0.0,0.0
0.655,0.0,0.655,0.0,1.0,0.655,0.0,0.0,0.1,1.0,0.0,6.42555,0.0,0.0,0.0,0.0,6.42555,0.655,6.42555,0.0,0.0
0.6555,0.0,0.6555,0.0,1.0,0.6555,0.0,0.0,0.1,1.0,0.0,6.430455,0.0,0.0,0.0,0.0,6.430455,0.6555,6.430455,0.0,0.0
0.656,0.0,0.656,0.0,1.0,0.656,0.0,0.0,0.1,1.0,0.0,6.43536,0.0,0.0,0.0,0.0,6.43536,0.656,6.43536,0.0,0.0
0.6565,0.0,0.6565,0.0,1.0,0.6565,0.0,0.0,0.1,1.0,0.0,6.440265,0.0,0.0,0.0,0.0,6.440265,0.6565,6.440265,0.0,0.0
0.657,0.0,0.657,0.0,1.0,0.657,0.0,0.0,0.1,1.0,0.0,6.445170000000001,0.0,0.0,0.0,0.0,6.445170000000001,0.657,6.445170000000001,0.0,0.0
0.6575,0.0,0.6575,0.0,1.0,0.6575,0.0,0.0,0.1,1.0,0.0,6.450075,0.0,0.0,0.0,0.0,6.450075,0.6575,6.450075,0.0,0.0
0.658,0.0,0.658,0.0,1.0,0.658,0.0,0.0,0.1,1.0,0.0,6.454980000000001,0.0,0.0,0.0,0.0,6.454980000000001,0.658,6.454980000000001,0.0,0.0
0.6585,0.0,0.6585,0.0,1.0,0.6585,0.0,0.0,0.1,1.0,0.0,6.459885,0.0,0.0,0.0,0.0,6.459885,0.6585,6.459885,0.0,0.0
0.659,0.0,0.659,0.0,1.0,0.659,0.0,0.0,0.1,1.0,0.0,6.464790000000001,0.0,0.0,0.0,0.0,6.464790000000001,0.659,6.464790000000001,0.0,0.0
0.6595,0.0,0.6595,0.0,1.0,0.6595,0.0,0.0,0.1,1.0,0.0,6.469695,0.0,0.0,0.0,0.0,6.469695,0.6595,6.469695,0.0,0.0
0.66,0.0,0.66,0.0,1.0,0.66,0.0,0.0,0.1,1.0,0.0,6.474600000000001,0.0,0.0,0.0,0.0,6.474600000000001,0.66,6.474600000000001,0.0,0.0
0.6605,0.0,0.6605,0.0,1.0,0.6605,0.0,0.0,0.1,1.0,0.0,6.4795050000000005,0.0,0.0,0.0,0.0,6.4795050000000005,0.6605,6.4795050000000005,0.0,0.0
0.661,0.0,0.661,0.0,1.0,0.661,0.0,0.0,0.1,1.0,0.0,6.4844100000000005,0.0,0.0,0.0,0.0,6.4844100000000005,0.661,6.4844100000000005,0.0,0.0
0.6615,0.0,0.6615,0.0,1.0,0.6615,0.0,0.0,0.1,1.0,0.0,6.489315,0.0,0.0,0.0,0.0,6.489315,0.6615,6.489315,0.0,0.0
0.662,0.0,0.662,0.0,1.0,0.662,0.0,0.0,0.1,1.0,0.0,6.49422,0.0,0.0,0.0,0.0,6.49422,0.662,6.49422,0.0,0.0
0.6625,0.0,0.6625,0.0,1.0,0.6625,0.0,0.0,0.1,1.0,0.0,6.499125,0.0,0.0,0.0,0.0,6.499125,0.6625,6.499125,0.0,0.0
0.663,0.0,0.663,0.0,1.0,0.663,0.0,0.0,0.1,1.0,0.0,6.504030000000001,0.0,0.0,0.0,0.0,6.504030000000001,0.663,6.504030000000001,0.0,0.0
0.6635,0.0,0.6635,0.0,1.0,0.6635,0.0,0.0,0.1,1.0,0.0,6.508935,0.0,0.0,0.0,0.0,6.508935,0.6635,6.508935,0.0,0.0
0.664,0.0,0.664,0.0,1.0,0.664,0.0,0.0,0.1,1.0,0.0,6.513840000000001,0.0,0.0,0.0,0.0,6.513840000000001,0.664,6.513840000000001,0.0,0.0
0.6645,0.0,0.6645,0.0,1.0,0.6645,0.0,0.0,0.1,1.0,0.0,6.518745,0.0,0.0,0.0,0.0,6.518745,0.6645,6.518745,0.0,0.0
0.665,0.0,0.665,0.0,1.0,0.665,0.0,0.0,0.1,1.0,0.0,6.523650000000001,0.0,0.0,0.0,0.0,6.523650000000001,0.665,6.523650000000001,0.0,0.0
0.6655,0.0,0.6655,0.0,1.0,0.6655,0.0,0.0,0.1,1.0,0.0,6.528555,0.0,0.0,0.0,0.0,6.528555,0.6655,6.528555,0.0,0.0
0.666,0.0,0.666,0.0,1.0,0.666,0.0,0.0,0.1,1.0,0.0,6.533460000000001,0.0,0.0,0.0,0.0,6.533460000000001,0.666,6.533460000000001,0.0,0.0
0.6665,0.0,0.6665,0.0,1.0,0.6665,0.0,0.0,0.1,1.0,0.0,6.538365,0.0,0.0,0.0,0.0,6.538365,0.6665,6.538365,0.0,0.0
0.667,0.0,0.667,0.0,1.0,0.667,0.0,0.0,0.1,1.0,0.0,6.543270000000001,0.0,0.0,0.0,0.0,6.543270000000001,0.667,6.543270000000001,0.0,0.0
0.6675,0.0,0.6675,0.0,1.0,0.6675,0.0,0.0,0.1,1.0,0.0,6.5481750000000005,0.0,0.0,0.0,0.0,6.5481750000000005,0.6675,6.5481750000000005,0.0,0.0
0.668,0.0,0.668,0.0,1.0,0.668,0.0,0.0,0.1,1.0,0.0,6.5530800000000005,0.0,0.0,0.0,0.0,6.5530800000000005,0.668,6.5530800000000005,0.0,0.0
0.6685,0.0,0.6685,0.0,1.0,0.6685,0.0,0.0,0.1,1.0,0.0,6.557985,0.0,0.0,0.0,0.0,6.557985,0.6685,6.557985,0.0,0.0
0.669,0.0,0.669,0.0,1.0,0.669,0.0,0.0,0.1,1.0,0.0,6.56289,0.0,0.0,0.0,0.0,6.56289,0.669,6.56289,0.0,0.0
0.6695,0.0,0.6695,0.0,1.0,0.6695,0.0,0.0,0.1,1.0,0.0,6.567795,0.0,0.0,0.0,0.0,6.567795,0.6695,6.567795,0.0,0.0
0.67,0.0,0.67,0.0,1.0,0.67,0.0,0.0,0.1,1.0,0.0,6.572700000000001,0.0,0.0,0.0,0.0,6.572700000000001,0.67,6.572700000000001,0.0,0.0
0.6705,0.0,0.6705,0.0,1.0,0.6705,0.0,0.0,0.1,1.0,0.0,6.577605,0.0,0.0,0.0,0.0,6.577605,0.6705,6.577605,0.0,0.0
0.671,0.0,0.671,0.0,1.0,0.671,0.0,0.0,0.1,1.0,0.0,6.582510000000001,0.0,0.0,0.0,0.0,6.582510000000001,0.671,6.582510000000001,0.0,0.0
0.6715,0.0,0.6715,0.0,1.0,0.6715,0.0,0.0,0.1,1.0,0.0,6.587415,0.0,0.0,0.0,0.0,6.587415,0.6715,6.587415,0.0,0.0
0.672,0.0,0.672,0.0,1.0,0.672,0.0,0.0,0.1,1.0,0.0,6.592320000000001,0.0,0.0,0.0,0.0,6.592320000000001,0.672,6.592320000000001,0.0,0.0
0.6725,0.0,0.6725,0.0,1.0,0.6725,0.0,0.0,0.1,1.0,0.0,6.597225,0.0,0.0,0.0,0.0,6.597225,0.6725,6.597225,0.0,0.0
0.673,0.0,0.673,0.0,1.0,0.673,0.0,0.0,0.1,1.0,0.0,6.602130000000001,0.0,0.0,0.0,0.0,6.602130000000001,0.673,6.602130000000001,0.0,0.0
0.6735,0.0,0.6735,0.0,1.0,0.6735,0.0,0.0,0.1,1.0,0.0,6.607035,0.0,0.0,0.0,0.0,6.607035,0.6735,6.607035,0.0,0.0
0.674,0.0,0.674,0.0,1.0,0.674,0.0,0.0,0.1,1.0,0.0,6.611940000000001,0.0,0.0,0.0,0.0,6.611940000000001,0.674,6.611940000000001,0.0,0.0
0.6745,0.0,0.6745,0.0,1.0,0.6745,0.0,0.0,0.1,1.0,0.0,6.6168450000000005,0.0,0.0,0.0,0.0,6.6168450000000005,0.6745,6.6168450000000005,0.0,0.0
0.675,0.0,0.675,0.0,1.0,0.675,0.0,0.0,0.1,1.0,0.0,6.6217500000000005,0.0,0.0,0.0,0.0,6.6217500000000005,0.675,6.6217500000000005,0.0,0.0
0.6755,0.0,0.6755,0.0,1.0,0.6755,0.0,0.0,0.1,1.0,0.0,6.626655,0.0,0.0,0.0,0.0,6.626655,0.6755,6.626655,0.0,0.0
0.676,0.0,0.676,0.0,1.0,0.676,0.0,0.0,0.1,1.0,0.0,6.63156,0.0,0.0,0.0,0.0,6.63156,0.676,6.63156,0.0,0.0
0.6765,0.0,0.6765,0.0,1.0,0.6765,0.0,0.0,0.1,1.0,0.0,6.636465,0.0,0.0,0.0,0.0,6.636465,0.6765,6.636465,0.0,0.0
0.677,0.0,0.677,0.0,1.0,0.677,0.0,0.0,0.1,1.0,0.0,6.641370000000001,0.0,0.0,0.0,0.0,6.641370000000001,0.677,6.641370000000001,0.0,0.0
0.6775,0.0,0.6775,0.0,1.0,0.6775,0.0,0.0,0.1,1.0,0.0,6.646275,0.0,0.0,0.0,0.0,6.646275,0.6775,6.646275,0.0,0.0
0.678,0.0,0.678,0.0,1.0,0.678,0.0,0.0,0.1,1.0,0.0,6.651180000000001,0.0,0.0,0.0,0.0,6.651180000000001,0.678,6.651180000000001,0.0,0.0
0.6785,0.0,0.6785,0.0,1.0,0.6785,0.0,0.0,0.1,1.0,0.0,6.656085,0.0,0.0,0.0,0.0,6.656085,0.6785,6.656085,0.0,0.0
0.679,0.0,0.679,0.0,1.0,0.679,0.0,0.0,0.1,1.0,0.0,6.660990000000001,0.0,0.0,0.0,0.0,6.660990000000001,0.679,6.660990000000001,0.0,0.0
0.6795,0.0,0.6795,0.0,1.0,0.6795,0.0,0.0,0.1,1.0,0.0,6.665895,0.0,0.0,0.0,0.0,6.665895,0.6795,6.665895,0.0,0.0
0.68,0.0,0.68,0.0,1.0,0.68,0.0,0.0,0.1,1.0,0.0,6.670800000000001,0.0,0.0,0.0,0.0,6.670800000000001,0.68,6.670800000000001,0.0,0.0
0.6805,0.0,0.6805,0.0,1.0,0.6805,0.0,0.0,0.1,1.0,0.0,6.675705000000001,0.0,0.0,0.0,0.0,6.675705000000001,0.6805,6.675705000000001,0.0,0.0
0.681,0.0,0.681,0.0,1.0,0.681,0.0,0.0,0.1,1.0,0.0,6.680610000000001,0.0,0.0,0.0,0.0,6.680610000000001,0.681,6.680610000000001,0.0,0.0
0.6815,0.0,0.6815,0.0,1.0,0.6815,0.0,0.0,0.1,1.0,0.0,6.6855150000000005,0.0,0.0,0.0,0.0,6.6855150000000005,0.6815,6.6855150000000005,0.0,0.0
0.682,0.0,0.682,0.0,1.0,0.682,0.0,0.0,0.1,1.0,0.0,6.6904200000000005,0.0,0.0,0.0,0.0,6.6904200000000005,0.682,6.6904200000000005,0.0,0.0
0.6825,0.0,0.6825,0.0,1.0,0.6825,0.0,0.0,0.1,1.0,0.0,6.695325,0.0,0.0,0.0,0.0,6.695325,0.6825,6.695325,0.0,0.0
0.683,0.0,0.683,0.0,1.0,0.683,0.0,0.0,0.1,1.0,0.0,6.700230000000001,0.0,0.0,0.0,0.0,6.700230000000001,0.683,6.700230000000001,0.0,0.0
0.6835,0.0,0.6835,0.0,1.0,0.6835,0.0,0.0,0.1,1.0,0.0,6.705135,0.0,0.0,0.0,0.0,6.705135,0.6835,6.705135,0.0,0.0
0.684,0.0,0.684,0.0,1.0,0.684,0.0,0.0,0.1,1.0,0.0,6.710040000000001,0.0,0.0,0.0,0.0,6.710040000000001,0.684,6.710040000000001,0.0,0.0
0.6845,0.0,0.6845,0.0,1.0,0.6845,0.0,0.0,0.1,1.0,0.0,6.714945,0.0,0.0,0.0,0.0,6.714945,0.6845,6.714945,0.0,0.0
0.685,0.0,0.685,0.0,1.0,0.685,0.0,0.0,0.1,1.0,0.0,6.719850000000001,0.0,0.0,0.0,0.0,6.719850000000001,0.685,6.719850000000001,0.0,0.0
0.6855,0.0,0.6855,0.0,1.0,0.6855,0.0,0.0,0.1,1.0,0.0,6.724755,0.0,0.0,0.0,0.0,6.724755,0.6855,6.724755,0.0,0.0
0.686,0.0,0.686,0.0,1.0,0.686,0.0,0.0,0.1,1.0,0.0,6.729660000000001,0.0,0.0,0.0,0.0,6.729660000000001,0.686,6.729660000000001,0.0,0.0
0.6865,0.0,0.6865,0.0,1.0,0.6865,0.0,0.0,0.1,1.0,0.0,6.734565,0.0,0.0,0.0,0.0,6.734565,0.6865,6.734565,0.0,0.0
0.687,0.0,0.687,0.0,1.0,0.687,0.0,0.0,0.1,1.0,0.0,6.739470000000001,0.0,0.0,0.0,0.0,6.739470000000001,0.687,6.739470000000001,0.0,0.0
0.6875,0.0,0.6875,0.0,1.0,0.6875,0.0,0.0,0.1,1.0,0.0,6.744375000000001,0.0,0.0,0.0,0.0,6.744375000000001,0.6875,6.744375000000001,0.0,0.0
0.6880000000000001,0.0,0.6880000000000001,0.0,1.0,0.6880000000000001,0.0,0.0,0.1,1.0,0.0,6.749280000000001,0.0,0.0,0.0,0.0,6.749280000000001,0.6880000000000001,6.749280000000001,0.0,0.0
0.6885,0.0,0.6885,0.0,1.0,0.6885,0.0,0.0,0.1,1.0,0.0,6.7541850000000005,0.0,0.0,0.0,0.0,6.7541850000000005,0.6885,6.7541850000000005,0.0,0.0
0.6890000000000001,0.0,0.6890000000000001,0.0,1.0,0.6890000000000001,0.0,0.0,0.1,1.0,0.0,6.7590900000000005,0.0,0.0,0.0,0.0,6.7590900000000005,0.6890000000000001,6.7590900000000005,0.0,0.0
0.6895,0.0,0.6895,0.0,1.0,0.6895,0.0,0.0,0.1,1.0,0.0,6.763995,0.0,0.0,0.0,0.0,6.763995,0.6895,6.763995,0.0,0.0
0.6900000000000001,0.0,0.6900000000000001,0.0,1.0,0.6900000000000001,0.0,0.0,0.1,1.0,0.0,6.768900000000001,0.0,0.0,0.0,0.0,6.768900000000001,0.6900000000000001,6.768900000000001,0.0,0.0
0.6905,0.0,0.6905,0.0,1.0,0.6905,0.0,0.0,0.1,1.0,0.0,6.773805,0.0,0.0,0.0,0.0,6.773805,0.6905,6.773805,0.0,0.0
0.6910000000000001,0.0,0.6910000000000001,0.0,1.0,0.6910000000000001,0.0,0.0,0.1,1.0,0.0,6.778710000000001,0.0,0.0,0.0,0.0,6.778710000000001,0.6910000000000001,6.778710000000001,0.0,0.0
0.6915,0.0,0.6915,0.0,1.0,0.6915,0.0,0.0,0.1,1.0,0.0,6.783615,0.0,0.0,0.0,0.0,6.783615,0.6915,6.783615,0.0,0.0
0.6920000000000001,0.0,0.6920000000000001,0.0,1.0,0.6920000000000001,0.0,0.0,0.1,1.0,0.0,6.788520000000001,0.0,0.0,0.0,0.0,6.788520000000001,0.6920000000000001,6.788520000000001,0.0,0.0
0.6925,0.0,0.6925,0.0,1.0,0.6925,0.0,0.0,0.1,1.0,0.0,6.793425,0.0,0.0,0.0,0.0,6.793425,0.6925,6.793425,0.0,0.0
0.6930000000000001,0.0,0.6930000000000001,0.0,1.0,0.6930000000000001,0.0,0.0,0.1,1.0,0.0,6.798330000000001,0.0,0.0,0.0,0.0,6.798330000000001,0.6930000000000001,6.798330000000001,0.0,0.0
0.6935,0.0,0.6935,0.0,1.0,0.6935,0.0,0.0,0.1,1.0,0.0,6.803235000000001,0.0,0.0,0.0,0.0,6.803235000000001,0.6935,6.803235000000001,0.0,0.0
0.6940000000000001,0.0,0.6940000000000001,0.0,1.0,0.6940000000000001,0.0,0.0,0.1,1.0,0.0,6.808140000000001,0.0,0.0,0.0,0.0,6.808140000000001,0.6940000000000001,6.808140000000001,0.0,0.0
0.6945,0.0,0.6945,0.0,1.0,0.6945,0.0,0.0,0.1,1.0,0.0,6.813045000000001,0.0,0.0,0.0,0.0,6.813045000000001,0.6945,6.813045000000001,0.0,0.0
0.6950000000000001,0.0,0.6950000000000001,0.0,1.0,0.6950000000000001,0.0,0.0,0.1,1.0,0.0,6.817950000000001,0.0,0.0,0.0,0.0,6.817950000000001,0.6950000000000001,6.817950000000001,0.0,0.0
0.6955,0.0,0.6955,0.0,1.0,0.6955,0.0,0.0,0.1,1.0,0.0,6.822855000000001,0.0,0.0,0.0,0.0,6.822855000000001,0.6955,6.822855000000001,0.0,0.0
0.6960000000000001,0.0,0.6960000000000001,0.0,1.0,0.6960000000000001,0.0,0.0,0.1,1.0,0.0,6.827760000000001,0.0,0.0,0.0,0.0,6.827760000000001,0.6960000000000001,6.827760000000001,0.0,0.0
0.6965,0.0,0.6965,0.0,1.0,0.6965,0.0,0.0,0.1,1.0,0.0,6.832665,0.0,0.0,0.0,0.0,6.832665,0.6965,6.832665,0.0,0.0
0.6970000000000001,0.0,0.6970000000000001,0.0,1.0,0.6970000000000001,0.0,0.0,0.1,1.0,0.0,6.837570000000001,0.0,0.0,0.0,0.0,6.837570000000001,0.6970000000000001,6.837570000000001,0.0,0.0
0.6975,0.0,0.6975,0.0,1.0,0.6975,0.0,0.0,0.1,1.0,0.0,6.842475,0.0,0.0,0.0,0.0,6.842475,0.6975,6.842475,0.0,0.0
0.6980000000000001,0.0,0.6980000000000001,0.0,1.0,0.6980000000000001,0.0,0.0,0.1,1.0,0.0,6.847380000000001,0.0,0.0,0.0,0.0,6.847380000000001,0.6980000000000001,6.847380000000001,0.0,0.0
0.6985,0.0,0.6985,0.0,1.0,0.6985,0.0,0.0,0.1,1.0,0.0,6.852285,0.0,0.0,0.0,0.0,6.852285,0.6985,6.852285,0.0,0.0
0.6990000000000001,0.0,0.6990000000000001,0.0,1.0,0.6990000000000001,0.0,0.0,0.1,1.0,0.0,6.857190000000001,0.0,0.0,0.0,0.0,6.857190000000001,0.6990000000000001,6.857190000000001,0.0,0.0
0.6995,0.0,0.6995,0.0,1.0,0.6995,0.0,0.0,0.1,1.0,0.0,6.862095,0.0,0.0,0.0,0.0,6.862095,0.6995,6.862095,0.0,0.0
0.7000000000000001,0.0,0.7000000000000001,0.0,1.0,0.7000000000000001,0.0,0.0,0.1,1.0,0.0,6.867000000000001,0.0,0.0,0.0,0.0,6.867000000000001,0.7000000000000001,6.867000000000001,0.0,0.0
0.7005,0.0,0.7005,0.0,1.0,0.7005,0.0,0.0,0.1,1.0,0.0,6.871905000000001,0.0,0.0,0.0,0.0,6.871905000000001,0.7005,6.871905000000001,0.0,0.0
0.7010000000000001,0.0,0.7010000000000001,0.0,1.0,0.7010000000000001,0.0,0.0,0.1,1.0,0.0,6.876810000000001,0.0,0.0,0.0,0.0,6.876810000000001,0.7010000000000001,6.876810000000001,0.0,0.0
0.7015,0.0,0.7015,0.0,1.0,0.7015,0.0,0.0,0.1,1.0,0.0,6.881715000000001,0.0,0.0,0.0,0.0,6.881715000000001,0.7015,6.881715000000001,0.0,0.0
0.7020000000000001,0.0,0.7020000000000001,0.0,1.0,0.7020000000000001,0.0,0.0,0.1,1.0,0.0,6.886620000000001,0.0,0.0,0.0,0.0,6.886620000000001,0.7020000000000001,6.886620000000001,0.0,0.0
0.7025,0.0,0.7025,0.0,1.0,0.7025,0.0,0.0,0.1,1.0,0.0,6.891525000000001,0.0,0.0,0.0,0.0,6.891525000000001,0.7025,6.891525000000001,0.0,0.0
0.7030000000000001,0.0,0.7030000000000001,0.0,1.0,0.7030000000000001,0.0,0.0,0.1,1.0,0.0,6.896430000000001,0.0,0.0,0.0,0.0,6.896430000000001,0.7030000000000001,6.896430000000001,0.0,0.0
0.7035,0.0,0.7035,0.0,1.0,0.7035,0.0,0.0,0.1,1.0,0.0,6.901335,0.0,0.0,0.0,0.0,6.901335,0.7035,6.901335,0.0,0.0
0.704,0.0,0.704,0.0,1.0,0.704,0.0,0.0,0.1,1.0,0.0,6.90624,0.0,0.0,0.0,0.0,6.90624,0.704,6.90624,0.0,0.0
0.7045,0.0,0.7045,0.0,1.0,0.7045,0.0,0.0,0.1,1.0,0.0,6.911145,0.0,0.0,0.0,0.0,6.911145,0.7045,6.911145,0.0,0.0
0.705,0.0,0.705,0.0,1.0,0.705,0.0,0.0,0.1,1.0,0.0,6.91605,0.0,0.0,0.0,0.0,6.91605,0.705,6.91605,0.0,0.0
0.7055,0.0,0.7055,0.0,1.0,0.7055,0.0,0.0,0.1,1.0,0.0,6.920955,0.0,0.0,0.0,0.0,6.920955,0.7055,6.920955,0.0,0.0
0.706,0.0,0.706,0.0,1.0,0.706,0.0,0.0,0.1,1.0,0.0,6.92586,0.0,0.0,0.0,0.0,6.92586,0.706,6.92586,0.0,0.0
0.7065,0.0,0.7065,0.0,1.0,0.7065,0.0,0.0,0.1,1.0,0.0,6.930765000000001,0.0,0.0,0.0,0.0,6.930765000000001,0.7065,6.930765000000001,0.0,0.0
0.707,0.0,0.707,0.0,1.0,0.707,0.0,0.0,0.1,1.0,0.0,6.93567,0.0,0.0,0.0,0.0,6.93567,0.707,6.93567,0.0,0.0
0.7075,0.0,0.7075,0.0,1.0,0.7075,0.0,0.0,0.1,1.0,0.0,6.940575000000001,0.0,0.0,0.0,0.0,6.940575000000001,0.7075,6.940575000000001,0.0,0.0
0.708,0.0,0.708,0.0,1.0,0.708,0.0,0.0,0.1,1.0,0.0,6.94548,0.0,0.0,0.0,0.0,6.94548,0.708,6.94548,0.0,0.0
0.7085,0.0,0.7085,0.0,1.0,0.7085,0.0,0.0,0.1,1.0,0.0,6.950385000000001,0.0,0.0,0.0,0.0,6.950385000000001,0.7085,6.950385000000001,0.0,0.0
0.709,0.0,0.709,0.0,1.0,0.709,0.0,0.0,0.1,1.0,0.0,6.95529,0.0,0.0,0.0,0.0,6.95529,0.709,6.95529,0.0,0.0
0.7095,0.0,0.7095,0.0,1.0,0.7095,0.0,0.0,0.1,1.0,0.0,6.960195000000001,0.0,0.0,0.0,0.0,6.960195000000001,0.7095,6.960195000000001,0.0,0.0
0.71,0.0,0.71,0.0,1.0,0.71,0.0,0.0,0.1,1.0,0.0,6.9651,0.0,0.0,0.0,0.0,6.9651,0.71,6.9651,0.0,0.0
0.7105,0.0,0.7105,0.0,1.0,0.7105,0.0,0.0,0.1,1.0,0.0,6.9700050000000005,0.0,0.0,0.0,0.0,6.9700050000000005,0.7105,6.9700050000000005,0.0,0.0
0.711,0.0,0.711,0.0,1.0,0.711,0.0,0.0,0.1,1.0,0.0,6.97491,0.0,0.0,0.0,0.0,6.97491,0.711,6.97491,0.0,0.0
0.7115,0.0,0.7115,0.0,1.0,0.7115,0.0,0.0,0.1,1.0,0.0,6.979815,0.0,0.0,0.0,0.0,6.979815,0.7115,6.979815,0.0,0.0
0.712,0.0,0.712,0.0,1.0,0.712,0.0,0.0,0.1,1.0,0.0,6.98472,0.0,0.0,0.0,0.0,6.98472,0.712,6.98472,0.0,0.0
0.7125,0.0,0.7125,0.0,1.0,0.7125,0.0,0.0,0.1,1.0,0.0,6.989625,0.0,0.0,0.0,0.0,6.989625,0.7125,6.989625,0.0,0.0
0.713,0.0,0.713,0.0,1.0,0.713,0.0,0.0,0.1,1.0,0.0,6.99453,0.0,0.0,0.0,0.0,6.99453,0.713,6.99453,0.0,0.0
0.7135,0.0,0.7135,0.0,1.0,0.7135,0.0,0.0,0.1,1.0,0.0,6.999435000000001,0.0,0.0,0.0,0.0,6.999435000000001,0.7135,6.999435000000001,0.0,0.0
0.714,0.0,0.714,0.0,1.0,0.714,0.0,0.0,0.1,1.0,0.0,7.00434,0.0,0.0,0.0,0.0,7.00434,0.714,7.00434,0.0,0.0
0.7145,0.0,0.7145,0.0,1.0,0.7145,0.0,0.0,0.1,1.0,0.0,7.009245000000001,0.0,0.0,0.0,0.0,7.009245000000001,0.7145,7.009245000000001,0.0,0.0
0.715,0.0,0.715,0.0,1.0,0.715,0.0,0.0,0.1,1.0,0.0,7.01415,0.0,0.0,0.0,0.0,7.01415,0.715,7.01415,0.0,0.0
0.7155,0.0,0.7155,0.0,1.0,0.7155,0.0,0.0,0.1,1.0,0.0,7.019055000000001,0.0,0.0,0.0,0.0,7.019055000000001,0.7155,7.019055000000001,0.0,0.0
0.716,0.0,0.716,0.0,1.0,0.716,0.0,0.0,0.1,1.0,0.0,7.02396,0.0,0.0,0.0,0.0,7.02396,0.716,7.02396,0.0,0.0
0.7165,0.0,0.7165,0.0,1.0,0.7165,0.0,0.0,0.1,1.0,0.0,7.028865000000001,0.0,0.0,0.0,0.0,7.028865000000001,0.7165,7.028865000000001,0.0,0.0
0.717,0.0,0.717,0.0,1.0,0.717,0.0,0.0,0.1,1.0,0.0,7.03377,0.0,0.0,0.0,0.0,7.03377,0.717,7.03377,0.0,0.0
0.7175,0.0,0.7175,0.0,1.0,0.7175,0.0,0.0,0.1,1.0,0.0,7.0386750000000005,0.0,0.0,0.0,0.0,7.0386750000000005,0.7175,7.0386750000000005,0.0,0.0
0.718,0.0,0.718,0.0,1.0,0.718,0.0,0.0,0.1,1.0,0.0,7.04358,0.0,0.0,0.0,0.0,7.04358,0.718,7.04358,0.0,0.0
0.7185,0.0,0.7185,0.0,1.0,0.7185,0.0,0.0,0.1,1.0,0.0,7.048485,0.0,0.0,0.0,0.0,7.048485,0.7185,7.048485,0.0,0.0
0.719,0.0,0.719,0.0,1.0,0.719,0.0,0.0,0.1,1.0,0.0,7.05339,0.0,0.0,0.0,0.0,7.05339,0.719,7.05339,0.0,0.0
0.7195,0.0,0.7195,0.0,1.0,0.7195,0.0,0.0,0.1,1.0,0.0,7.058295,0.0,0.0,0.0,0.0,7.058295,0.7195,7.058295,0.0,0.0
0.72,0.0,0.72,0.0,1.0,0.72,0.0,0.0,0.1,1.0,0.0,7.0632,0.0,0.0,0.0,0.0,7.0632,0.72,7.0632,0.0,0.0
0.7205,0.0,0.7205,0.0,1.0,0.7205,0.0,0.0,0.1,1.0,0.0,7.068105000000001,0.0,0.0,0.0,0.0,7.068105000000001,0.7205,7.068105000000001,0.0,0.0
0.721,0.0,0.721,0.0,1.0,0.721,0.0,0.0,0.1,1.0,0.0,7.07301,0.0,0.0,0.0,0.0,7.07301,0.721,7.07301,0.0,0.0
0.7215,0.0,0.7215,0.0,1.0,0.7215,0.0,0.0,0.1,1.0,0.0,7.077915000000001,0.0,0.0,0.0,0.0,7.077915000000001,0.7215,7.077915000000001,0.0,0.0
0.722,0.0,0.722,0.0,1.0,0.722,0.0,0.0,0.1,1.0,0.0,7.08282,0.0,0.0,0.0,0.0,7.08282,0.722,7.08282,0.0,0.0
0.7225,0.0,0.7225,0.0,1.0,0.7225,0.0,0.0,0.1,1.0,0.0,7.087725000000001,0.0,0.0,0.0,0.0,7.087725000000001,0.7225,7.087725000000001,0.0,0.0
0.723,0.0,0.723,0.0,1.0,0.723,0.0,0.0,0.1,1.0,0.0,7.09263,0.0,0.0,0.0,0.0,7.09263,0.723,7.09263,0.0,0.0
0.7235,0.0,0.7235,0.0,1.0,0.7235,0.0,0.0,0.1,1.0,0.0,7.097535000000001,0.0,0.0,0.0,0.0,7.097535000000001,0.7235,7.097535000000001,0.0,0.0
0.724,0.0,0.724,0.0,1.0,0.724,0.0,0.0,0.1,1.0,0.0,7.1024400000000005,0.0,0.0,0.0,0.0,7.1024400000000005,0.724,7.1024400000000005,0.0,0.0
0.7245,0.0,0.7245,0.0,1.0,0.7245,0.0,0.0,0.1,1.0,0.0,7.1073450000000005,0.0,0.0,0.0,0.0,7.1073450000000005,0.7245,7.1073450000000005,0.0,0.0
0.725,0.0,0.725,0.0,1.0,0.725,0.0,0.0,0.1,1.0,0.0,7.11225,0.0,0.0,0.0,0.0,7.11225,0.725,7.11225,0.0,0.0
0.7255,0.0,0.7255,0.0,1.0,0.7255,0.0,0.0,0.1,1.0,0.0,7.117155,0.0,0.0,0.0,0.0,7.117155,0.7255,7.117155,0.0,0.0
0.726,0.0,0.726,0.0,1.0,0.726,0.0,0.0,0.1,1.0,0.0,7.12206,0.0,0.0,0.0,0.0,7.12206,0.726,7.12206,0.0,0.0
0.7265,0.0,0.7265,0.0,1.0,0.7265,0.0,0.0,0.1,1.0,0.0,7.126965000000001,0.0,0.0,0.0,0.0,7.126965000000001,0.7265,7.126965000000001,0.0,0.0
0.727,0.0,0.727,0.0,1.0,0.727,0.0,0.0,0.1,1.0,0.0,7.13187,0.0,0.0,0.0,0.0,7.13187,0.727,7.13187,0.0,0.0
0.7275,0.0,0.7275,0.0,1.0,0.7275,0.0,0.0,0.1,1.0,0.0,7.136775000000001,0.0,0.0,0.0,0.0,7.136775000000001,0.7275,7.136775000000001,0.0,0.0
0.728,0.0,0.728,0.0,1.0,0.728,0.0,0.0,0.1,1.0,0.0,7.14168,0.0,0.0,0.0,0.0,7.14168,0.728,7.14168,0.0,0.0
0.7285,0.0,0.7285,0.0,1.0,0.7285,0.0,0.0,0.1,1.0,0.0,7.146585000000001,0.0,0.0,0.0,0.0,7.146585000000001,0.7285,7.146585000000001,0.0,0.0
0.729,0.0,0.729,0.0,1.0,0.729,0.0,0.0,0.1,1.0,0.0,7.15149,0.0,0.0,0.0,0.0,7.15149,0.729,7.15149,0.0,0.0
0.7295,0.0,0.7295,0.0,1.0,0.7295,0.0,0.0,0.1,1.0,0.0,7.156395000000001,0.0,0.0,0.0,0.0,7.156395000000001,0.7295,7.156395000000001,0.0,0.0
0.73,0.0,0.73,0.0,1.0,0.73,0.0,0.0,0.1,1.0,0.0,7.1613,0.0,0.0,0.0,0.0,7.1613,0.73,7.1613,0.0,0.0
0.7305,0.0,0.7305,0.0,1.0,0.7305,0.0,0.0,0.1,1.0,0.0,7.166205000000001,0.0,0.0,0.0,0.0,7.166205000000001,0.7305,7.166205000000001,0.0,0.0
0.731,0.0,0.731,0.0,1.0,0.731,0.0,0.0,0.1,1.0,0.0,7.1711100000000005,0.0,0.0,0.0,0.0,7.1711100000000005,0.731,7.1711100000000005,0.0,0.0
0.7315,0.0,0.7315,0.0,1.0,0.7315,0.0,0.0,0.1,1.0,0.0,7.1760150000000005,0.0,0.0,0.0,0.0,7.1760150000000005,0.7315,7.1760150000000005,0.0,0.0
0.732,0.0,0.732,0.0,1.0,0.732,0.0,0.0,0.1,1.0,0.0,7.18092,0.0,0.0,0.0,0.0,7.18092,0.732,7.18092,0.0,0.0
0.7325,0.0,0.7325,0.0,1.0,0.7325,0.0,0.0,0.1,1.0,0.0,7.185825,0.0,0.0,0.0,0.0,7.185825,0.7325,7.185825,0.0,0.0
0.733,0.0,0.733,0.0,1.0,0.733,0.0,0.0,0.1,1.0,0.0,7.19073,0.0,0.0,0.0,0.0,7.19073,0.733,7.19073,0.0,0.0
0.7335,0.0,0.7335,0.0,1.0,0.7335,0.0,0.0,0.1,1.0,0.0,7.195635000000001,0.0,0.0,0.0,0.0,7.195635000000001,0.7335,7.195635000000001,0.0,0.0
0.734,0.0,0.734,0.0,1.0,0.734,0.0,0.0,0.1,1.0,0.0,7.20054,0.0,0.0,0.0,0.0,7.20054,0.734,7.20054,0.0,0.0
0.7345,0.0,0.7345,0.0,1.0,0.7345,0.0,0.0,0.1,1.0,0.0,7.205445000000001,0.0,0.0,0.0,0.0,7.205445000000001,0.7345,7.205445000000001,0.0,0.0
0.735,0.0,0.735,0.0,1.0,0.735,0.0,0.0,0.1,1.0,0.0,7.21035,0.0,0.0,0.0,0.0,7.21035,0.735,7.21035,0.0,0.0
0.7355,0.0,0.7355,0.0,1.0,0.7355,0.0,0.0,0.1,1.0,0.0,7.215255000000001,0.0,0.0,0.0,0.0,7.215255000000001,0.7355,7.215255000000001,0.0,0.0
0.736,0.0,0.736,0.0,1.0,0.736,0.0,0.0,0.1,1.0,0.0,7.22016,0.0,0.0,0.0,0.0,7.22016,0.736,7.22016,0.0,0.0
0.7365,0.0,0.7365,0.0,1.0,0.7365,0.0,0.0,0.1,1.0,0.0,7.225065000000001,0.0,0.0,0.0,0.0,7.225065000000001,0.7365,7.225065000000001,0.0,0.0
0.737,0.0,0.737,0.0,1.0,0.737,0.0,0.0,0.1,1.0,0.0,7.229970000000001,0.0,0.0,0.0,0.0,7.229970000000001,0.737,7.229970000000001,0.0,0.0
0.7375,0.0,0.7375,0.0,1.0,0.7375,0.0,0.0,0.1,1.0,0.0,7.234875000000001,0.0,0.0,0.0,0.0,7.234875000000001,0.7375,7.234875000000001,0.0,0.0
0.738,0.0,0.738,0.0,1.0,0.738,0.0,0.0,0.1,1.0,0.0,7.2397800000000005,0.0,0.0,0.0,0.0,7.2397800000000005,0.738,7.2397800000000005,0.0,0.0
0.7385,0.0,0.7385,0.0,1.0,0.7385,0.0,0.0,0.1,1.0,0.0,7.2446850000000005,0.0,0.0,0.0,0.0,7.2446850000000005,0.7385,7.2446850000000005,0.0,0.0
0.739,0.0,0.739,0.0,1.0,0.739,0.0,0.0,0.1,1.0,0.0,7.24959,0.0,0.0,0.0,0.0,7.24959,0.739,7.24959,0.0,0.0
0.7395,0.0,0.7395,0.0,1.0,0.7395,0.0,0.0,0.1,1.0,0.0,7.254495000000001,0.0,0.0,0.0,0.0,7.254495000000001,0.7395,7.254495000000001,0.0,0.0
0.74,0.0,0.74,0.0,1.0,0.74,0.0,0.0,0.1,1.0,0.0,7.2594,0.0,0.0,0.0,0.0,7.2594,0.74,7.2594,0.0,0.0
0.7405,0.0,0.7405,0.0,1.0,0.7405,0.0,0.0,0.1,1.0,0.0,7.264305000000001,0.0,0.0,0.0,0.0,7.264305000000001,0.7405,7.264305000000001,0.0,0.0
0.741,0.0,0.741,0.0,1.0,0.741,0.0,0.0,0.1,1.0,0.0,7.26921,0.0,0.0,0.0,0.0,7.26921,0.741,7.26921,0.0,0.0
0.7415,0.0,0.7415,0.0,1.0,0.7415,0.0,0.0,0.1,1.0,0.0,7.274115000000001,0.0,0.0,0.0,0.0,7.274115000000001,0.7415,7.274115000000001,0.0,0.0
0.742,0.0,0.742,0.0,1.0,0.742,0.0,0.0,0.1,1.0,0.0,7.27902,0.0,0.0,0.0,0.0,7.27902,0.742,7.27902,0.0,0.0
0.7425,0.0,0.7425,0.0,1.0,0.7425,0.0,0.0,0.1,1.0,0.0,7.283925000000001,0.0,0.0,0.0,0.0,7.283925000000001,0.7425,7.283925000000001,0.0,0.0
0.743,0.0,0.743,0.0,1.0,0.743,0.0,0.0,0.1,1.0,0.0,7.28883,0.0,0.0,0.0,0.0,7.28883,0.743,7.28883,0.0,0.0
0.7435,0.0,0.7435,0.0,1.0,0.7435,0.0,0.0,0.1,1.0,0.0,7.293735000000001,0.0,0.0,0.0,0.0,7.293735000000001,0.7435,7.293735000000001,0.0,0.0
0.744,0.0,0.744,0.0,1.0,0.744,0.0,0.0,0.1,1.0,0.0,7.298640000000001,0.0,0.0,0.0,0.0,7.298640000000001,0.744,7.298640000000001,0.0,0.0
0.7445,0.0,0.7445,0.0,1.0,0.7445,0.0,0.0,0.1,1.0,0.0,7.303545000000001,0.0,0.0,0.0,0.0,7.303545000000001,0.7445,7.303545000000001,0.0,0.0
0.745,0.0,0.745,0.0,1.0,0.745,0.0,0.0,0.1,1.0,0.0,7.308450000000001,0.0,0.0,0.0,0.0,7.308450000000001,0.745,7.308450000000001,0.0,0.0
0.7455,0.0,0.7455,0.0,1.0,0.7455,0.0,0.0,0.1,1.0,0.0,7.3133550000000005,0.0,0.0,0.0,0.0,7.3133550000000005,0.7455,7.3133550000000005,0.0,0.0
0.746,0.0,0.746,0.0,1.0,0.746,0.0,0.0,0.1,1.0,0.0,7.31826,0.0,0.0,0.0,0.0,7.31826,0.746,7.31826,0.0,0.0
0.7465,0.0,0.7465,0.0,1.0,0.7465,0.0,0.0,0.1,1.0,0.0,7.323165000000001,0.0,0.0,0.0,0.0,7.323165000000001,0.7465,7.323165000000001,0.0,0.0
0.747,0.0,0.747,0.0,1.0,0.747,0.0,0.0,0.1,1.0,0.0,7.32807,0.0,0.0,0.0,0.0,7.32807,0.747,7.32807,0.0,0.0
0.7475,0.0,0.7475,0.0,1.0,0.7475,0.0,0.0,0.1,1.0,0.0,7.332975000000001,0.0,0.0,0.0,0.0,7.332975000000001,0.7475,7.332975000000001,0.0,0.0
0.748,0.0,0.748,0.0,1.0,0.748,0.0,0.0,0.1,1.0,0.0,7.33788,0.0,0.0,0.0,0.0,7.33788,0.748,7.33788,0.0,0.0
0.7485,0.0,0.7485,0.0,1.0,0.7485,0.0,0.0,0.1,1.0,0.0,7.342785000000001,0.0,0.0,0.0,0.0,7.342785000000001,0.7485,7.342785000000001,0.0,0.0
0.749,0.0,0.749,0.0,1.0,0.749,0.0,0.0,0.1,1.0,0.0,7.34769,0.0,0.0,0.0,0.0,7.34769,0.749,7.34769,0.0,0.0
0.7495,0.0,0.7495,0.0,1.0,0.7495,0.0,0.0,0.1,1.0,0.0,7.352595000000001,0.0,0.0,0.0,0.0,7.352595000000001,0.7495,7.352595000000001,0.0,0.0
0.75,0.0,0.75,0.0,1.0,0.75,0.0,0.0,0.1,1.0,0.0,7.3575,0.0,0.0,0.0,0.0,7.3575,0.75,7.3575,0.0,0.0
0.7505000000000001,0.0,0.7505000000000001,0.0,1.0,0.7505000000000001,0.0,0.0,0.1,1.0,0.0,7.362405000000001,0.0,0.0,0.0,0.0,7.362405000000001,0.7505000000000001,7.362405000000001,0.0,0.0
0.751,0.0,0.751,0.0,1.0,0.751,0.0,0.0,0.1,1.0,0.0,7.367310000000001,0.0,0.0,0.0,0.0,7.367310000000001,0.751,7.367310000000001,0.0,0.0
0.7515000000000001,0.0,0.7515000000000001,0.0,1.0,0.7515000000000001,0.0,0.0,0.1,1.0,0.0,7.372215000000001,0.0,0.0,0.0,0.0,7.372215000000001,0.7515000000000001,7.372215000000001,0.0,0.0
0.752,0.0,0.752,0.0,1.0,0.752,0.0,0.0,0.1,1.0,0.0,7.377120000000001,0.0,0.0,0.0,0.0,7.377120000000001,0.752,7.377120000000001,0.0,0.0
0.7525000000000001,0.0,0.7525000000000001,0.0,1.0,0.7525000000000001,0.0,0.0,0.1,1.0,0.0,7.3820250000000005,0.0,0.0,0.0,0.0,7.3820250000000005,0.7525000000000001,7.3820250000000005,0.0,0.0
0.753,0.0,0.753,0.0,1.0,0.753,0.0,0.0,0.1,1.0,0.0,7.38693,0.0,0.0,0.0,0.0,7.38693,0.753,7.38693,0.0,0.0
0.7535000000000001,0.0,0.7535000000000001,0.0,1.0,0.7535000000000001,0.0,0.0,0.1,1.0,0.0,7.391835000000001,0.0,0.0,0.0,0.0,7.391835000000001,0.7535000000000001,7.391835000000001,0.0,0.0
0.754,0.0,0.754,0.0,1.0,0.754,0.0,0.0,0.1,1.0,0.0,7.39674,0.0,0.0,0.0,0.0,7.39674,0.754,7.39674,0.0,0.0
0.7545000000000001,0.0,0.7545000000000001,0.0,1.0,0.7545000000000001,0.0,0.0,0.1,1.0,0.0,7.401645000000001,0.0,0.0,0.0,0.0,7.401645000000001,0.7545000000000001,7.401645000000001,0.0,0.0
0.755,0.0,0.755,0.0,1.0,0.755,0.0,0.0,0.1,1.0,0.0,7.40655,0.0,0.0,0.0,0.0,7.40655,0.755,7.40655,0.0,0.0
0.7555000000000001,0.0,0.7555000000000001,0.0,1.0,0.7555000000000001,0.0,0.0,0.1,1.0,0.0,7.411455000000001,0.0,0.0,0.0,0.0,7.411455000000001,0.7555000000000001,7.411455000000001,0.0,0.0
0.756,0.0,0.756,0.0,1.0,0.756,0.0,0.0,0.1,1.0,0.0,7.41636,0.0,0.0,0.0,0.0,7.41636,0.756,7.41636,0.0,0.0
0.7565000000000001,0.0,0.7565000000000001,0.0,1.0,0.7565000000000001,0.0,0.0,0.1,1.0,0.0,7.421265000000001,0.0,0.0,0.0,0.0,7.421265000000001,0.7565000000000001,7.421265000000001,0.0,0.0
0.757,0.0,0.757,0.0,1.0,0.757,0.0,0.0,0.1,1.0,0.0,7.426170000000001,0.0,0.0,0.0,0.0,7.426170000000001,0.757,7.426170000000001,0.0,0.0
0.7575000000000001,0.0,0.7575000000000001,0.0,1.0,0.7575000000000001,0.0,0.0,0.1,1.0,0.0,7.431075000000001,0.0,0.0,0.0,0.0,7.431075000000001,0.7575000000000001,7.431075000000001,0.0,0.0
0.758,0.0,0.758,0.0,1.0,0.758,0.0,0.0,0.1,1.0,0.0,7.435980000000001,0.0,0.0,0.0,0.0,7.435980000000001,0.758,7.435980000000001,0.0,0.0
0.7585000000000001,0.0,0.7585000000000001,0.0,1.0,0.7585000000000001,0.0,0.0,0.1,1.0,0.0,7.440885000000001,0.0,0.0,0.0,0.0,7.440885000000001,0.7585000000000001,7.440885000000001,0.0,0.0
0.759,0.0,0.759,0.0,1.0,0.759,0.0,0.0,0.1,1.0,0.0,7.445790000000001,0.0,0.0,0.0,0.0,7.445790000000001,0.759,7.445790000000001,0.0,0.0
0.7595000000000001,0.0,0.7595000000000001,0.0,1.0,0.7595000000000001,0.0,0.0,0.1,1.0,0.0,7.450695000000001,0.0,0.0,0.0,0.0,7.450695000000001,0.7595000000000001,7.450695000000001,0.0,0.0
0.76,0.0,0.76,0.0,1.0,0.76,0.0,0.0,0.1,1.0,0.0,7.4556000000000004,0.0,0.0,0.0,0.0,7.4556000000000004,0.76,7.4556000000000004,0.0,0.0
0.7605000000000001,0.0,0.7605000000000001,0.0,1.0,0.7605000000000001,0.0,0.0,0.1,1.0,0.0,7.460505000000001,0.0,0.0,0.0,0.0,7.460505000000001,0.7605000000000001,7.460505000000001,0.0,0.0
0.761,0.0,0.761,0.0,1.0,0.761,0.0,0.0,0.1,1.0,0.0,7.46541,0.0,0.0,0.0,0.0,7.46541,0.761,7.46541,0.0,0.0
0.7615000000000001,0.0,0.7615000000000001,0.0,1.0,0.7615000000000001,0.0,0.0,0.1,1.0,0.0,7.470315000000001,0.0,0.0,0.0,0.0,7.470315000000001,0.7615000000000001,7.470315000000001,0.0,0.0
0.762,0.0,0.762,0.0,1.0,0.762,0.0,0.0,0.1,1.0,0.0,7.47522,0.0,0.0,0.0,0.0,7.47522,0.762,7.47522,0.0,0.0
0.7625000000000001,0.0,0.7625000000000001,0.0,1.0,0.7625000000000001,0.0,0.0,0.1,1.0,0.0,7.480125000000001,0.0,0.0,0.0,0.0,7.480125000000001,0.7625000000000001,7.480125000000001,0.0,0.0
0.763,0.0,0.763,0.0,1.0,0.763,0.0,0.0,0.1,1.0,0.0,7.48503,0.0,0.0,0.0,0.0,7.48503,0.763,7.48503,0.0,0.0
0.7635000000000001,0.0,0.7635000000000001,0.0,1.0,0.7635000000000001,0.0,0.0,0.1,1.0,0.0,7.489935000000001,0.0,0.0,0.0,0.0,7.489935000000001,0.7635000000000001,7.489935000000001,0.0,0.0
0.764,0.0,0.764,0.0,1.0,0.764,0.0,0.0,0.1,1.0,0.0,7.494840000000001,0.0,0.0,0.0,0.0,7.494840000000001,0.764,7.494840000000001,0.0,0.0
0.7645000000000001,0.0,0.7645000000000001,0.0,1.0,0.7645000000000001,0.0,0.0,0.1,1.0,0.0,7.499745000000001,0.0,0.0,0.0,0.0,7.499745000000001,0.7645000000000001,7.499745000000001,0.0,0.0
0.765,0.0,0.765,0.0,1.0,0.765,0.0,0.0,0.1,1.0,0.0,7.504650000000001,0.0,0.0,0.0,0.0,7.504650000000001,0.765,7.504650000000001,0.0,0.0
0.7655000000000001,0.0,0.7655000000000001,0.0,1.0,0.7655000000000001,0.0,0.0,0.1,1.0,0.0,7.509555000000001,0.0,0.0,0.0,0.0,7.509555000000001,0.7655000000000001,7.509555000000001,0.0,0.0
0.766,0.0,0.766,0.0,1.0,0.766,0.0,0.0,0.1,1.0,0.0,7.514460000000001,0.0,0.0,0.0,0.0,7.514460000000001,0.766,7.514460000000001,0.0,0.0
0.7665000000000001,0.0,0.7665000000000001,0.0,1.0,0.7665000000000001,0.0,0.0,0.1,1.0,0.0,7.519365000000001,0.0,0.0,0.0,0.0,7.519365000000001,0.7665000000000001,7.519365000000001,0.0,0.0
0.767,0.0,0.767,0.0,1.0,0.767,0.0,0.0,0.1,1.0,0.0,7.5242700000000005,0.0,0.0,0.0,0.0,7.5242700000000005,0.767,7.5242700000000005,0.0,0.0
0.7675000000000001,0.0,0.7675000000000001,0.0,1.0,0.7675000000000001,0.0,0.0,0.1,1.0,0.0,7.529175000000001,0.0,0.0,0.0,0.0,7.529175000000001,0.7675000000000001,7.529175000000001,0.0,0.0
0.768,0.0,0.768,0.0,1.0,0.768,0.0,0.0,0.1,1.0,0.0,7.53408,0.0,0.0,0.0,0.0,7.53408,0.768,7.53408,0.0,0.0
0.7685,0.0,0.7685,0.0,1.0,0.7685,0.0,0.0,0.1,1.0,0.0,7.538985,0.0,0.0,0.0,0.0,7.538985,0.7685,7.538985,0.0,0.0
0.769,0.0,0.769,0.0,1.0,0.769,0.0,0.0,0.1,1.0,0.0,7.54389,0.0,0.0,0.0,0.0,7.54389,0.769,7.54389,0.0,0.0
0.7695,0.0,0.7695,0.0,1.0,0.7695,0.0,0.0,0.1,1.0,0.0,7.548795,0.0,0.0,0.0,0.0,7.548795,0.7695,7.548795,0.0,0.0
0.77,0.0,0.77,0.0,1.0,0.77,0.0,0.0,0.1,1.0,0.0,7.553700000000001,0.0,0.0,0.0,0.0,7.553700000000001,0.77,7.553700000000001,0.0,0.0
0.7705,0.0,0.7705,0.0,1.0,0.7705,0.0,0.0,0.1,1.0,0.0,7.558605,0.0,0.0,0.0,0.0,7.558605,0.7705,7.558605,0.0,0.0
0.771,0.0,0.771,0.0,1.0,0.771,0.0,0.0,0.1,1.0,0.0,7.563510000000001,0.0,0.0,0.0,0.0,7.563510000000001,0.771,7.563510000000001,0.0,0.0
0.7715,0.0,0.7715,0.0,1.0,0.7715,0.0,0.0,0.1,1.0,0.0,7.568415,0.0,0.0,0.0,0.0,7.568415,0.7715,7.568415,0.0,0.0
0.772,0.0,0.772,0.0,1.0,0.772,0.0,0.0,0.1,1.0,0.0,7.573320000000001,0.0,0.0,0.0,0.0,7.573320000000001,0.772,7.573320000000001,0.0,0.0
0.7725,0.0,0.7725,0.0,1.0,0.7725,0.0,0.0,0.1,1.0,0.0,7.578225,0.0,0.0,0.0,0.0,7.578225,0.7725,7.578225,0.0,0.0
0.773,0.0,0.773,0.0,1.0,0.773,0.0,0.0,0.1,1.0,0.0,7.583130000000001,0.0,0.0,0.0,0.0,7.583130000000001,0.773,7.583130000000001,0.0,0.0
0.7735,0.0,0.7735,0.0,1.0,0.7735,0.0,0.0,0.1,1.0,0.0,7.588035,0.0,0.0,0.0,0.0,7.588035,0.7735,7.588035,0.0,0.0
0.774,0.0,0.774,0.0,1.0,0.774,0.0,0.0,0.1,1.0,0.0,7.5929400000000005,0.0,0.0,0.0,0.0,7.5929400000000005,0.774,7.5929400000000005,0.0,0.0
0.7745,0.0,0.7745,0.0,1.0,0.7745,0.0,0.0,0.1,1.0,0.0,7.597845,0.0,0.0,0.0,0.0,7.597845,0.7745,7.597845,0.0,0.0
0.775,0.0,0.775,0.0,1.0,0.775,0.0,0.0,0.1,1.0,0.0,7.60275,0.0,0.0,0.0,0.0,7.60275,0.775,7.60275,0.0,0.0
0.7755,0.0,0.7755,0.0,1.0,0.7755,0.0,0.0,0.1,1.0,0.0,7.607655,0.0,0.0,0.0,0.0,7.607655,0.7755,7.607655,0.0,0.0
0.776,0.0,0.776,0.0,1.0,0.776,0.0,0.0,0.1,1.0,0.0,7.61256,0.0,0.0,0.0,0.0,7.61256,0.776,7.61256,0.0,0.0
0.7765,0.0,0.7765,0.0,1.0,0.7765,0.0,0.0,0.1,1.0,0.0,7.617465,0.0,0.0,0.0,0.0,7.617465,0.7765,7.617465,0.0,0.0
0.777,0.0,0.777,0.0,1.0,0.777,0.0,0.0,0.1,1.0,0.0,7.622370000000001,0.0,0.0,0.0,0.0,7.622370000000001,0.777,7.622370000000001,0.0,0.0
0.7775,0.0,0.7775,0.0,1.0,0.7775,0.0,0.0,0.1,1.0,0.0,7.627275,0.0,0.0,0.0,0.0,7.627275,0.7775,7.627275,0.0,0.0
0.778,0.0,0.778,0.0,1.0,0.778,0.0,0.0,0.1,1.0,0.0,7.632180000000001,0.0,0.0,0.0,0.0,7.632180000000001,0.778,7.632180000000001,0.0,0.0
0.7785,0.0,0.7785,0.0,1.0,0.7785,0.0,0.0,0.1,1.0,0.0,7.637085,0.0,0.0,0.0,0.0,7.637085,0.7785,7.637085,0.0,0.0
0.779,0.0,0.779,0.0,1.0,0.779,0.0,0.0,0.1,1.0,0.0,7.641990000000001,0.0,0.0,0.0,0.0,7.641990000000001,0.779,7.641990000000001,0.0,0.0
0.7795,0.0,0.7795,0.0,1.0,0.7795,0.0,0.0,0.1,1.0,0.0,7.646895,0.0,0.0,0.0,0.0,7.646895,0.7795,7.646895,0.0,0.0
0.78,0.0,0.78,0.0,1.0,0.78,0.0,0.0,0.1,1.0,0.0,7.651800000000001,0.0,0.0,0.0,0.0,7.651800000000001,0.78,7.651800000000001,0.0,0.0
0.7805,0.0,0.7805,0.0,1.0,0.7805,0.0,0.0,0.1,1.0,0.0,7.6567050000000005,0.0,0.0,0.0,0.0,7.6567050000000005,0.7805,7.6567050000000005,0.0,0.0
0.781,0.0,0.781,0.0,1.0,0.781,0.0,0.0,0.1,1.0,0.0,7.6616100000000005,0.0,0.0,0.0,0.0,7.6616100000000005,0.781,7.6616100000000005,0.0,0.0
0.7815,0.0,0.7815,0.0,1.0,0.7815,0.0,0.0,0.1,1.0,0.0,7.666515,0.0,0.0,0.0,0.0,7.666515,0.7815,7.666515,0.0,0.0
0.782,0.0,0.782,0.0,1.0,0.782,0.0,0.0,0.1,1.0,0.0,7.67142,0.0,0.0,0.0,0.0,7.67142,0.782,7.67142,0.0,0.0
0.7825,0.0,0.7825,0.0,1.0,0.7825,0.0,0.0,0.1,1.0,0.0,7.676325,0.0,0.0,0.0,0.0,7.676325,0.7825,7.676325,0.0,0.0
0.783,0.0,0.783,0.0,1.0,0.783,0.0,0.0,0.1,1.0,0.0,7.681230000000001,0.0,0.0,0.0,0.0,7.681230000000001,0.783,7.681230000000001,0.0,0.0
0.7835,0.0,0.7835,0.0,1.0,0.7835,0.0,0.0,0.1,1.0,0.0,7.686135,0.0,0.0,0.0,0.0,7.686135,0.7835,7.686135,0.0,0.0
0.784,0.0,0.784,0.0,1.0,0.784,0.0,0.0,0.1,1.0,0.0,7.691040000000001,0.0,0.0,0.0,0.0,7.691040000000001,0.784,7.691040000000001,0.0,0.0
0.7845,0.0,0.7845,0.0,1.0,0.7845,0.0,0.0,0.1,1.0,0.0,7.695945,0.0,0.0,0.0,0.0,7.695945,0.7845,7.695945,0.0,0.0
0.785,0.0,0.785,0.0,1.0,0.785,0.0,0.0,0.1,1.0,0.0,7.700850000000001,0.0,0.0,0.0,0.0,7.700850000000001,0.785,7.700850000000001,0.0,0.0
0.7855,0.0,0.7855,0.0,1.0,0.7855,0.0,0.0,0.1,1.0,0.0,7.705755,0.0,0.0,0.0,0.0,7.705755,0.7855,7.705755,0.0,0.0
0.786,0.0,0.786,0.0,1.0,0.786,0.0,0.0,0.1,1.0,0.0,7.710660000000001,0.0,0.0,0.0,0.0,7.710660000000001,0.786,7.710660000000001,0.0,0.0
0.7865,0.0,0.7865,0.0,1.0,0.7865,0.0,0.0,0.1,1.0,0.0,7.715565,0.0,0.0,0.0,0.0,7.715565,0.7865,7.715565,0.0,0.0
0.787,0.0,0.787,0.0,1.0,0.787,0.0,0.0,0.1,1.0,0.0,7.720470000000001,0.0,0.0,0.0,0.0,7.720470000000001,0.787,7.720470000000001,0.0,0.0
0.7875,0.0,0.7875,0.0,1.0,0.7875,0.0,0.0,0.1,1.0,0.0,7.7253750000000005,0.0,0.0,0.0,0.0,7.7253750000000005,0.7875,7.7253750000000005,0.0,0.0
0.788,0.0,0.788,0.0,1.0,0.788,0.0,0.0,0.1,1.0,0.0,7.7302800000000005,0.0,0.0,0.0,0.0,7.7302800000000005,0.788,7.7302800000000005,0.0,0.0
0.7885,0.0,0.7885,0.0,1.0,0.7885,0.0,0.0,0.1,1.0,0.0,7.735185,0.0,0.0,0.0,0.0,7.735185,0.7885,7.735185,0.0,0.0
0.789,0.0,0.789,0.0,1.0,0.789,0.0,0.0,0.1,1.0,0.0,7.74009,0.0,0.0,0.0,0.0,7.74009,0.789,7.74009,0.0,0.0
0.7895,0.0,0.7895,0.0,1.0,0.7895,0.0,0.0,0.1,1.0,0.0,7.744995,0.0,0.0,0.0,0.0,7.744995,0.7895,7.744995,0.0,0.0
0.79,0.0,0.79,0.0,1.0,0.79,0.0,0.0,0.1,1.0,0.0,7.749900000000001,0.0,0.0,0.0,0.0,7.749900000000001,0.79,7.749900000000001,0.0,0.0
0.7905,0.0,0.7905,0.0,1.0,0.7905,0.0,0.0,0.1,1.0,0.0,7.754805,0.0,0.0,0.0,0.0,7.754805,0.7905,7.754805,0.0,0.0
0.791,0.0,0.791,0.0,1.0,0.791,0.0,0.0,0.1,1.0,0.0,7.759710000000001,0.0,0.0,0.0,0.0,7.759710000000001,0.791,7.759710000000001,0.0,0.0
0.7915,0.0,0.7915,0.0,1.0,0.7915,0.0,0.0,0.1,1.0,0.0,7.764615,0.0,0.0,0.0,0.0,7.764615,0.7915,7.764615,0.0,0.0
0.792,0.0,0.792,0.0,1.0,0.792,0.0,0.0,0.1,1.0,0.0,7.769520000000001,0.0,0.0,0.0,0.0,7.769520000000001,0.792,7.769520000000001,0.0,0.0
0.7925,0.0,0.7925,0.0,1.0,0.7925,0.0,0.0,0.1,1.0,0.0,7.774425,0.0,0.0,0.0,0.0,7.774425,0.7925,7.774425,0.0,0.0
0.793,0.0,0.793,0.0,1.0,0.793,0.0,0.0,0.1,1.0,0.0,7.779330000000001,0.0,0.0,0.0,0.0,7.779330000000001,0.793,7.779330000000001,0.0,0.0
0.7935,0.0,0.7935,0.0,1.0,0.7935,0.0,0.0,0.1,1.0,0.0,7.784235,0.0,0.0,0.0,0.0,7.784235,0.7935,7.784235,0.0,0.0
0.794,0.0,0.794,0.0,1.0,0.794,0.0,0.0,0.1,1.0,0.0,7.789140000000001,0.0,0.0,0.0,0.0,7.789140000000001,0.794,7.789140000000001,0.0,0.0
0.7945,0.0,0.7945,0.0,1.0,0.7945,0.0,0.0,0.1,1.0,0.0,7.794045000000001,0.0,0.0,0.0,0.0,7.794045000000001,0.7945,7.794045000000001,0.0,0.0
0.795,0.0,0.795,0.0,1.0,0.795,0.0,0.0,0.1,1.0,0.0,7.7989500000000005,0.0,0.0,0.0,0.0,7.7989500000000005,0.795,7.7989500000000005,0.0,0.0
0.7955,0.0,0.7955,0.0,1.0,0.7955,0.0,0.0,0.1,1.0,0.0,7.803855,0.0,0.0,0.0,0.0,7.803855,0.7955,7.803855,0.0,0.0
0.796,0.0,0.796,0.0,1.0,0.796,0.0,0.0,0.1,1.0,0.0,7.80876,0.0,0.0,0.0,0.0,7.80876,0.796,7.80876,0.0,0.0
0.7965,0.0,0.7965,0.0,1.0,0.7965,0.0,0.0,0.1,1.0,0.0,7.813665,0.0,0.0,0.0,0.0,7.813665,0.7965,7.813665,0.0,0.0
0.797,0.0,0.797,0.0,1.0,0.797,0.0,0.0,0.1,1.0,0.0,7.818570000000001,0.0,0.0,0.0,0.0,7.818570000000001,0.797,7.818570000000001,0.0,0.0
0.7975,0.0,0.7975,0.0,1.0,0.7975,0.0,0.0,0.1,1.0,0.0,7.823475,0.0,0.0,0.0,0.0,7.823475,0.7975,7.823475,0.0,0.0
0.798,0.0,0.798,0.0,1.0,0.798,0.0,0.0,0.1,1.0,0.0,7.828380000000001,0.0,0.0,0.0,0.0,7.828380000000001,0.798,7.828380000000001,0.0,0.0
0.7985,0.0,0.7985,0.0,1.0,0.7985,0.0,0.0,0.1,1.0,0.0,7.833285,0.0,0.0,0.0,0.0,7.833285,0.7985,7.833285,0.0,0.0
0.799,0.0,0.799,0.0,1.0,0.799,0.0,0.0,0.1,1.0,0.0,7.838190000000001,0.0,0.0,0.0,0.0,7.838190000000001,0.799,7.838190000000001,0.0,0.0
0.7995,0.0,0.7995,0.0,1.0,0.7995,0.0,0.0,0.1,1.0,0.0,7.843095,0.0,0.0,0.0,0.0,7.843095,0.7995,7.843095,0.0,0.0
0.8,0.0,0.8,0.0,1.0,0.8,0.0,0.0,0.1,1.0,0.0,7.848000000000001,0.0,0.0,0.0,0.0,7.848000000000001,0.8,7.848000000000001,0.0,0.0
0.8005,0.0,0.8005,0.0,1.0,0.8005,0.0,0.0,0.1,1.0,0.0,7.852905000000001,0.0,0.0,0.0,0.0,7.852905000000001,0.8005,7.852905000000001,0.0,0.0
0.801,0.0,0.801,0.0,1.0,0.801,0.0,0.0,0.1,1.0,0.0,7.857810000000001,0.0,0.0,0.0,0.0,7.857810000000001,0.801,7.857810000000001,0.0,0.0
0.8015,0.0,0.8015,0.0,1.0,0.8015,0.0,0.0,0.1,1.0,0.0,7.862715000000001,0.0,0.0,0.0,0.0,7.862715000000001,0.8015,7.862715000000001,0.0,0.0
0.802,0.0,0.802,0.0,1.0,0.802,0.0,0.0,0.1,1.0,0.0,7.8676200000000005,0.0,0.0,0.0,0.0,7.8676200000000005,0.802,7.8676200000000005,0.0,0.0
0.8025,0.0,0.8025,0.0,1.0,0.8025,0.0,0.0,0.1,1.0,0.0,7.872525,0.0,0.0,0.0,0.0,7.872525,0.8025,7.872525,0.0,0.0
0.803,0.0,0.803,0.0,1.0,0.803,0.0,0.0,0.1,1.0,0.0,7.877430000000001,0.0,0.0,0.0,0.0,7.877430000000001,0.803,7.877430000000001,0.0,0.0
0.8035,0.0,0.8035,0.0,1.0,0.8035,0.0,0.0,0.1,1.0,0.0,7.882335,0.0,0.0,0.0,0.0,7.882335,0.8035,7.882335,0.0,0.0
0.804,0.0,0.804,0.0,1.0,0.804,0.0,0.0,0.1,1.0,0.0,7.887240000000001,0.0,0.0,0.0,0.0,7.887240000000001,0.804,7.887240000000001,0.0,0.0
0.8045,0.0,0.8045,0.0,1.0,0.8045,0.0,0.0,0.1,1.0,0.0,7.892145,0.0,0.0,0.0,0.0,7.892145,0.8045,7.892145,0.0,0.0
0.805,0.0,0.805,0.0,1.0,0.805,0.0,0.0,0.1,1.0,0.0,7.897050000000001,0.0,0.0,0.0,0.0,7.897050000000001,0.805,7.897050000000001,0.0,0.0
0.8055,0.0,0.8055,0.0,1.0,0.8055,0.0,0.0,0.1,1.0,0.0,7.901955,0.0,0.0,0.0,0.0,7.901955,0.8055,7.901955,0.0,0.0
0.806,0.0,0.806,0.0,1.0,0.806,0.0,0.0,0.1,1.0,0.0,7.906860000000001,0.0,0.0,0.0,0.0,7.906860000000001,0.806,7.906860000000001,0.0,0.0
0.8065,0.0,0.8065,0.0,1.0,0.8065,0.0,0.0,0.1,1.0,0.0,7.911765,0.0,0.0,0.0,0.0,7.911765,0.8065,7.911765,0.0,0.0
0.807,0.0,0.807,0.0,1.0,0.807,0.0,0.0,0.1,1.0,0.0,7.916670000000001,0.0,0.0,0.0,0.0,7.916670000000001,0.807,7.916670000000001,0.0,0.0
0.8075,0.0,0.8075,0.0,1.0,0.8075,0.0,0.0,0.1,1.0,0.0,7.921575000000001,0.0,0.0,0.0,0.0,7.921575000000001,0.8075,7.921575000000001,0.0,0.0
0.808,0.0,0.808,0.0,1.0,0.808,0.0,0.0,0.1,1.0,0.0,7.926480000000001,0.0,0.0,0.0,0.0,7.926480000000001,0.808,7.926480000000001,0.0,0.0
0.8085,0.0,0.8085,0.0,1.0,0.8085,0.0,0.0,0.1,1.0,0.0,7.931385000000001,0.0,0.0,0.0,0.0,7.931385000000001,0.8085,7.931385000000001,0.0,0.0
0.809,0.0,0.809,0.0,1.0,0.809,0.0,0.0,0.1,1.0,0.0,7.9362900000000005,0.0,0.0,0.0,0.0,7.9362900000000005,0.809,7.9362900000000005,0.0,0.0
0.8095,0.0,0.8095,0.0,1.0,0.8095,0.0,0.0,0.1,1.0,0.0,7.9411950000000004,0.0,0.0,0.0,0.0,7.9411950000000004,0.8095,7.9411950000000004,0.0,0.0
0.81,0.0,0.81,0.0,1.0,0.81,0.0,0.0,0.1,1.0,0.0,7.946100000000001,0.0,0.0,0.0,0.0,7.946100000000001,0.81,7.946100000000001,0.0,0.0
0.8105,0.0,0.8105,0.0,1.0,0.8105,0.0,0.0,0.1,1.0,0.0,7.951005,0.0,0.0,0.0,0.0,7.951005,0.8105,7.951005,0.0,0.0
0.811,0.0,0.811,0.0,1.0,0.811,0.0,0.0,0.1,1.0,0.0,7.955910000000001,0.0,0.0,0.0,0.0,7.955910000000001,0.811,7.955910000000001,0.0,0.0
0.8115,0.0,0.8115,0.0,1.0,0.8115,0.0,0.0,0.1,1.0,0.0,7.960815,0.0,0.0,0.0,0.0,7.960815,0.8115,7.960815,0.0,0.0
0.812,0.0,0.812,0.0,1.0,0.812,0.0,0.0,0.1,1.0,0.0,7.965720000000001,0.0,0.0,0.0,0.0,7.965720000000001,0.812,7.965720000000001,0.0,0.0
0.8125,0.0,0.8125,0.0,1.0,0.8125,0.0,0.0,0.1,1.0,0.0,7.970625,0.0,0.0,0.0,0.0,7.970625,0.8125,7.970625,0.0,0.0
0.8130000000000001,0.0,0.8130000000000001,0.0,1.0,0.8130000000000001,0.0,0.0,0.1,1.0,0.0,7.975530000000001,0.0,0.0,0.0,0.0,7.975530000000001,0.8130000000000001,7.975530000000001,0.0,0.0
0.8135,0.0,0.8135,0.0,1.0,0.8135,0.0,0.0,0.1,1.0,0.0,7.980435000000001,0.0,0.0,0.0,0.0,7.980435000000001,0.8135,7.980435000000001,0.0,0.0
0.8140000000000001,0.0,0.8140000000000001,0.0,1.0,0.8140000000000001,0.0,0.0,0.1,1.0,0.0,7.985340000000001,0.0,0.0,0.0,0.0,7.985340000000001,0.8140000000000001,7.985340000000001,0.0,0.0
0.8145,0.0,0.8145,0.0,1.0,0.8145,0.0,0.0,0.1,1.0,0.0,7.990245000000001,0.0,0.0,0.0,0.0,7.990245000000001,0.8145,7.990245000000001,0.0,0.0
0.8150000000000001,0.0,0.8150000000000001,0.0,1.0,0.8150000000000001,0.0,0.0,0.1,1.0,0.0,7.995150000000001,0.0,0.0,0.0,0.0,7.995150000000001,0.8150000000000001,7.995150000000001,0.0,0.0
0.8155,0.0,0.8155,0.0,1.0,0.8155,0.0,0.0,0.1,1.0,0.0,8.000055,0.0,0.0,0.0,0.0,8.000055,0.8155,8.000055,0.0,0.0
0.8160000000000001,0.0,0.8160000000000001,0.0,1.0,0.8160000000000001,0.0,0.0,0.1,1.0,0.0,8.00496,0.0,0.0,0.0,0.0,8.00496,0.8160000000000001,8.00496,0.0,0.0
0.8165,0.0,0.8165,0.0,1.0,0.8165,0.0,0.0,0.1,1.0,0.0,8.009865,0.0,0.0,0.0,0.0,8.009865,0.8165,8.009865,0.0,0.0
0.8170000000000001,0.0,0.8170000000000001,0.0,1.0,0.8170000000000001,0.0,0.0,0.1,1.0,0.0,8.01477,0.0,0.0,0.0,0.0,8.01477,0.8170000000000001,8.01477,0.0,0.0
0.8175,0.0,0.8175,0.0,1.0,0.8175,0.0,0.0,0.1,1.0,0.0,8.019675000000001,0.0,0.0,0.0,0.0,8.019675000000001,0.8175,8.019675000000001,0.0,0.0
0.8180000000000001,0.0,0.8180000000000001,0.0,1.0,0.8180000000000001,0.0,0.0,0.1,1.0,0.0,8.02458,0.0,0.0,0.0,0.0,8.02458,0.8180000000000001,8.02458,0.0,0.0
0.8185,0.0,0.8185,0.0,1.0,0.8185,0.0,0.0,0.1,1.0,0.0,8.029485000000001,0.0,0.0,0.0,0.0,8.029485000000001,0.8185,8.029485000000001,0.0,0.0
0.8190000000000001,0.0,0.8190000000000001,0.0,1.0,0.8190000000000001,0.0,0.0,0.1,1.0,0.0,8.03439,0.0,0.0,0.0,0.0,8.03439,0.8190000000000001,8.03439,0.0,0.0
0.8195,0.0,0.8195,0.0,1.0,0.8195,0.0,0.0,0.1,1.0,0.0,8.039295000000001,0.0,0.0,0.0,0.0,8.039295000000001,0.8195,8.039295000000001,0.0,0.0
0.8200000000000001,0.0,0.8200000000000001,0.0,1.0,0.8200000000000001,0.0,0.0,0.1,1.0,0.0,8.044200000000002,0.0,0.0,0.0,0.0,8.044200000000002,0.8200000000000001,8.044200000000002,0.0,0.0
0.8205,0.0,0.8205,0.0,1.0,0.8205,0.0,0.0,0.1,1.0,0.0,8.049105,0.0,0.0,0.0,0.0,8.049105,0.8205,8.049105,0.0,0.0
0.8210000000000001,0.0,0.8210000000000001,0.0,1.0,0.8210000000000001,0.0,0.0,0.1,1.0,0.0,8.054010000000002,0.0,0.0,0.0,0.0,8.054010000000002,0.8210000000000001,8.054010000000002,0.0,0.0
0.8215,0.0,0.8215,0.0,1.0,0.8215,0.0,0.0,0.1,1.0,0.0,8.058915,0.0,0.0,0.0,0.0,8.058915,0.8215,8.058915,0.0,0.0
0.8220000000000001,0.0,0.8220000000000001,0.0,1.0,0.8220000000000001,0.0,0.0,0.1,1.0,0.0,8.063820000000002,0.0,0.0,0.0,0.0,8.063820000000002,0.8220000000000001,8.063820000000002,0.0,0.0
0.8225,0.0,0.8225,0.0,1.0,0.8225,0.0,0.0,0.1,1.0,0.0,8.068725,0.0,0.0,0.0,0.0,8.068725,0.8225,8.068725,0.0,0.0
0.8230000000000001,0.0,0.8230000000000001,0.0,1.0,0.8230000000000001,0.0,0.0,0.1,1.0,0.0,8.073630000000001,0.0,0.0,0.0,0.0,8.073630000000001,0.8230000000000001,8.073630000000001,0.0,0.0
0.8235,0.0,0.8235,0.0,1.0,0.8235,0.0,0.0,0.1,1.0,0.0,8.078535,0.0,0.0,0.0,0.0,8.078535,0.8235,8.078535,0.0,0.0
0.8240000000000001,0.0,0.8240000000000001,0.0,1.0,0.8240000000000001,0.0,0.0,0.1,1.0,0.0,8.083440000000001,0.0,0.0,0.0,0.0,8.083440000000001,0.8240000000000001,8.083440000000001,0.0,0.0
0.8245,0.0,0.8245,0.0,1.0,0.8245,0.0,0.0,0.1,1.0,0.0,8.088345,0.0,0.0,0.0,0.0,8.088345,0.8245,8.088345,0.0,0.0
0.8250000000000001,0.0,0.8250000000000001,0.0,1.0,0.8250000000000001,0.0,0.0,0.1,1.0,0.0,8.093250000000001,0.0,0.0,0.0,0.0,8.093250000000001,0.8250000000000001,8.093250000000001,0.0,0.0
0.8255,0.0,0.8255,0.0,1.0,0.8255,0.0,0.0,0.1,1.0,0.0,8.098155,0.0,0.0,0.0,0.0,8.098155,0.8255,8.098155,0.0,0.0
0.8260000000000001,0.0,0.8260000000000001,0.0,1.0,0.8260000000000001,0.0,0.0,0.1,1.0,0.0,8.103060000000001,0.0,0.0,0.0,0.0,8.103060000000001,0.8260000000000001,8.103060000000001,0.0,0.0
0.8265,0.0,0.8265,0.0,1.0,0.8265,0.0,0.0,0.1,1.0,0.0,8.107965,0.0,0.0,0.0,0.0,8.107965,0.8265,8.107965,0.0,0.0
0.8270000000000001,0.0,0.8270000000000001,0.0,1.0,0.8270000000000001,0.0,0.0,0.1,1.0,0.0,8.112870000000001,0.0,0.0,0.0,0.0,8.112870000000001,0.8270000000000001,8.112870000000001,0.0,0.0
0.8275,0.0,0.8275,0.0,1.0,0.8275,0.0,0.0,0.1,1.0,0.0,8.117775,0.0,0.0,0.0,0.0,8.117775,0.8275,8.117775,0.0,0.0
0.8280000000000001,0.0,0.8280000000000001,0.0,1.0,0.8280000000000001,0.0,0.0,0.1,1.0,0.0,8.12268,0.0,0.0,0.0,0.0,8.12268,0.8280000000000001,8.12268,0.0,0.0
0.8285,0.0,0.8285,0.0,1.0,0.8285,0.0,0.0,0.1,1.0,0.0,8.127585,0.0,0.0,0.0,0.0,8.127585,0.8285,8.127585,0.0,0.0
0.8290000000000001,0.0,0.8290000000000001,0.0,1.0,0.8290000000000001,0.0,0.0,0.1,1.0,0.0,8.13249,0.0,0.0,0.0,0.0,8.13249,0.8290000000000001,8.13249,0.0,0.0
0.8295,0.0,0.8295,0.0,1.0,0.8295,0.0,0.0,0.1,1.0,0.0,8.137395,0.0,0.0,0.0,0.0,8.137395,0.8295,8.137395,0.0,0.0
0.8300000000000001,0.0,0.8300000000000001,0.0,1.0,0.8300000000000001,0.0,0.0,0.1,1.0,0.0,8.1423,0.0,0.0,0.0,0.0,8.1423,0.8300000000000001,8.1423,0.0,0.0
0.8305,0.0,0.8305,0.0,1.0,0.8305,0.0,0.0,0.1,1.0,0.0,8.147205000000001,0.0,0.0,0.0,0.0,8.147205000000001,0.8305,8.147205000000001,0.0,0.0
0.8310000000000001,0.0,0.8310000000000001,0.0,1.0,0.8310000000000001,0.0,0.0,0.1,1.0,0.0,8.15211,0.0,0.0,0.0,0.0,8.15211,0.8310000000000001,8.15211,0.0,0.0
0.8315,0.0,0.8315,0.0,1.0,0.8315,0.0,0.0,0.1,1.0,0.0,8.157015000000001,0.0,0.0,0.0,0.0,8.157015000000001,0.8315,8.157015000000001,0.0,0.0
0.8320000000000001,0.0,0.8320000000000001,0.0,1.0,0.8320000000000001,0.0,0.0,0.1,1.0,0.0,8.16192,0.0,0.0,0.0,0.0,8.16192,0.8320000000000001,8.16192,0.0,0.0
0.8325,0.0,0.8325,0.0,1.0,0.8325,0.0,0.0,0.1,1.0,0.0,8.166825000000001,0.0,0.0,0.0,0.0,8.166825000000001,0.8325,8.166825000000001,0.0,0.0
0.833,0.0,0.833,0.0,1.0,0.833,0.0,0.0,0.1,1.0,0.0,8.17173,0.0,0.0,0.0,0.0,8.17173,0.833,8.17173,0.0,0.0
0.8335,0.0,0.8335,0.0,1.0,0.8335,0.0,0.0,0.1,1.0,0.0,8.176635000000001,0.0,0.0,0.0,0.0,8.176635000000001,0.8335,8.176635000000001,0.0,0.0
0.834,0.0,0.834,0.0,1.0,0.834,0.0,0.0,0.1,1.0,0.0,8.18154,0.0,0.0,0.0,0.0,8.18154,0.834,8.18154,0.0,0.0
0.8345,0.0,0.8345,0.0,1.0,0.8345,0.0,0.0,0.1,1.0,0.0,8.186445,0.0,0.0,0.0,0.0,8.186445,0.8345,8.186445,0.0,0.0
0.835,0.0,0.835,0.0,1.0,0.835,0.0,0.0,0.1,1.0,0.0,8.19135,0.0,0.0,0.0,0.0,8.19135,0.835,8.19135,0.0,0.0
0.8355,0.0,0.8355,0.0,1.0,0.8355,0.0,0.0,0.1,1.0,0.0,8.196255,0.0,0.0,0.0,0.0,8.196255,0.8355,8.196255,0.0,0.0
0.836,0.0,0.836,0.0,1.0,0.836,0.0,0.0,0.1,1.0,0.0,8.20116,0.0,0.0,0.0,0.0,8.20116,0.836,8.20116,0.0,0.0
0.8365,0.0,0.8365,0.0,1.0,0.8365,0.0,0.0,0.1,1.0,0.0,8.206065,0.0,0.0,0.0,0.0,8.206065,0.8365,8.206065,0.0,0.0
0.837,0.0,0.837,0.0,1.0,0.837,0.0,0.0,0.1,1.0,0.0,8.21097,0.0,0.0,0.0,0.0,8.21097,0.837,8.21097,0.0,0.0
0.8375,0.0,0.8375,0.0,1.0,0.8375,0.0,0.0,0.1,1.0,0.0,8.215875,0.0,0.0,0.0,0.0,8.215875,0.8375,8.215875,0.0,0.0
0.838,0.0,0.838,0.0,1.0,0.838,0.0,0.0,0.1,1.0,0.0,8.22078,0.0,0.0,0.0,0.0,8.22078,0.838,8.22078,0.0,0.0
0.8385,0.0,0.8385,0.0,1.0,0.8385,0.0,0.0,0.1,1.0,0.0,8.225685,0.0,0.0,0.0,0.0,8.225685,0.8385,8.225685,0.0,0.0
0.839,0.0,0.839,0.0,1.0,0.839,0.0,0.0,0.1,1.0,0.0,8.23059,0.0,0.0,0.0,0.0,8.23059,0.839,8.23059,0.0,0.0
0.8395,0.0,0.8395,0.0,1.0,0.8395,0.0,0.0,0.1,1.0,0.0,8.235495,0.0,0.0,0.0,0.0,8.235495,0.8395,8.235495,0.0,0.0
0.84,0.0,0.84,0.0,1.0,0.84,0.0,0.0,0.1,1.0,0.0,8.2404,0.0,0.0,0.0,0.0,8.2404,0.84,8.2404,0.0,0.0
0.8405,0.0,0.8405,0.0,1.0,0.8405,0.0,0.0,0.1,1.0,0.0,8.245305,0.0,0.0,0.0,0.0,8.245305,0.8405,8.245305,0.0,0.0
0.841,0.0,0.841,0.0,1.0,0.841,0.0,0.0,0.1,1.0,0.0,8.250210000000001,0.0,0.0,0.0,0.0,8.250210000000001,0.841,8.250210000000001,0.0,0.0
0.8415,0.0,0.8415,0.0,1.0,0.8415,0.0,0.0,0.1,1.0,0.0,8.255115,0.0,0.0,0.0,0.0,8.255115,0.8415,8.255115,0.0,0.0
0.842,0.0,0.842,0.0,1.0,0.842,0.0,0.0,0.1,1.0,0.0,8.26002,0.0,0.0,0.0,0.0,8.26002,0.842,8.26002,0.0,0.0
0.8425,0.0,0.8425,0.0,1.0,0.8425,0.0,0.0,0.1,1.0,0.0,8.264925,0.0,0.0,0.0,0.0,8.264925,0.8425,8.264925,0.0,0.0
0.843,0.0,0.843,0.0,1.0,0.843,0.0,0.0,0.1,1.0,0.0,8.26983,0.0,0.0,0.0,0.0,8.26983,0.843,8.26983,0.0,0.0
0.8435,0.0,0.8435,0.0,1.0,0.8435,0.0,0.0,0.1,1.0,0.0,8.274735000000002,0.0,0.0,0.0,0.0,8.274735000000002,0.8435,8.274735000000002,0.0,0.0
0.844,0.0,0.844,0.0,1.0,0.844,0.0,0.0,0.1,1.0,0.0,8.27964,0.0,0.0,0.0,0.0,8.27964,0.844,8.27964,0.0,0.0
0.8445,0.0,0.8445,0.0,1.0,0.8445,0.0,0.0,0.1,1.0,0.0,8.284545000000001,0.0,0.0,0.0,0.0,8.284545000000001,0.8445,8.284545000000001,0.0,0.0
0.845,0.0,0.845,0.0,1.0,0.845,0.0,0.0,0.1,1.0,0.0,8.28945,0.0,0.0,0.0,0.0,8.28945,0.845,8.28945,0.0,0.0
0.8455,0.0,0.8455,0.0,1.0,0.8455,0.0,0.0,0.1,1.0,0.0,8.294355000000001,0.0,0.0,0.0,0.0,8.294355000000001,0.8455,8.294355000000001,0.0,0.0
0.846,0.0,0.846,0.0,1.0,0.846,0.0,0.0,0.1,1.0,0.0,8.29926,0.0,0.0,0.0,0.0,8.29926,0.846,8.29926,0.0,0.0
0.8465,0.0,0.8465,0.0,1.0,0.8465,0.0,0.0,0.1,1.0,0.0,8.304165000000001,0.0,0.0,0.0,0.0,8.304165000000001,0.8465,8.304165000000001,0.0,0.0
0.847,0.0,0.847,0.0,1.0,0.847,0.0,0.0,0.1,1.0,0.0,8.30907,0.0,0.0,0.0,0.0,8.30907,0.847,8.30907,0.0,0.0
0.8475,0.0,0.8475,0.0,1.0,0.8475,0.0,0.0,0.1,1.0,0.0,8.313975000000001,0.0,0.0,0.0,0.0,8.313975000000001,0.8475,8.313975000000001,0.0,0.0
0.848,0.0,0.848,0.0,1.0,0.848,0.0,0.0,0.1,1.0,0.0,8.31888,0.0,0.0,0.0,0.0,8.31888,0.848,8.31888,0.0,0.0
0.8485,0.0,0.8485,0.0,1.0,0.8485,0.0,0.0,0.1,1.0,0.0,8.323785,0.0,0.0,0.0,0.0,8.323785,0.8485,8.323785,0.0,0.0
0.849,0.0,0.849,0.0,1.0,0.849,0.0,0.0,0.1,1.0,0.0,8.32869,0.0,0.0,0.0,0.0,8.32869,0.849,8.32869,0.0,0.0
0.8495,0.0,0.8495,0.0,1.0,0.8495,0.0,0.0,0.1,1.0,0.0,8.333595,0.0,0.0,0.0,0.0,8.333595,0.8495,8.333595,0.0,0.0
0.85,0.0,0.85,0.0,1.0,0.85,0.0,0.0,0.1,1.0,0.0,8.3385,0.0,0.0,0.0,0.0,8.3385,0.85,8.3385,0.0,0.0
0.8505,0.0,0.8505,0.0,1.0,0.8505,0.0,0.0,0.1,1.0,0.0,8.343405,0.0,0.0,0.0,0.0,8.343405,0.8505,8.343405,0.0,0.0
0.851,0.0,0.851,0.0,1.0,0.851,0.0,0.0,0.1,1.0,0.0,8.34831,0.0,0.0,0.0,0.0,8.34831,0.851,8.34831,0.0,0.0
0.8515,0.0,0.8515,0.0,1.0,0.8515,0.0,0.0,0.1,1.0,0.0,8.353215,0.0,0.0,0.0,0.0,8.353215,0.8515,8.353215,0.0,0.0
0.852,0.0,0.852,0.0,1.0,0.852,0.0,0.0,0.1,1.0,0.0,8.35812,0.0,0.0,0.0,0.0,8.35812,0.852,8.35812,0.0,0.0
0.8525,0.0,0.8525,0.0,1.0,0.8525,0.0,0.0,0.1,1.0,0.0,8.363025,0.0,0.0,0.0,0.0,8.363025,0.8525,8.363025,0.0,0.0
0.853,0.0,0.853,0.0,1.0,0.853,0.0,0.0,0.1,1.0,0.0,8.36793,0.0,0.0,0.0,0.0,8.36793,0.853,8.36793,0.0,0.0
0.8535,0.0,0.8535,0.0,1.0,0.8535,0.0,0.0,0.1,1.0,0.0,8.372835,0.0,0.0,0.0,0.0,8.372835,0.8535,8.372835,0.0,0.0
0.854,0.0,0.854,0.0,1.0,0.854,0.0,0.0,0.1,1.0,0.0,8.377740000000001,0.0,0.0,0.0,0.0,8.377740000000001,0.854,8.377740000000001,0.0,0.0
0.8545,0.0,0.8545,0.0,1.0,0.8545,0.0,0.0,0.1,1.0,0.0,8.382645,0.0,0.0,0.0,0.0,8.382645,0.8545,8.382645,0.0,0.0
0.855,0.0,0.855,0.0,1.0,0.855,0.0,0.0,0.1,1.0,0.0,8.387550000000001,0.0,0.0,0.0,0.0,8.387550000000001,0.855,8.387550000000001,0.0,0.0
0.8555,0.0,0.8555,0.0,1.0,0.8555,0.0,0.0,0.1,1.0,0.0,8.392455,0.0,0.0,0.0,0.0,8.392455,0.8555,8.392455,0.0,0.0
0.856,0.0,0.856,0.0,1.0,0.856,0.0,0.0,0.1,1.0,0.0,8.39736,0.0,0.0,0.0,0.0,8.39736,0.856,8.39736,0.0,0.0
0.8565,0.0,0.8565,0.0,1.0,0.8565,0.0,0.0,0.1,1.0,0.0,8.402265000000002,0.0,0.0,0.0,0.0,8.402265000000002,0.8565,8.402265000000002,0.0,0.0
0.857,0.0,0.857,0.0,1.0,0.857,0.0,0.0,0.1,1.0,0.0,8.40717,0.0,0.0,0.0,0.0,8.40717,0.857,8.40717,0.0,0.0
0.8575,0.0,0.8575,0.0,1.0,0.8575,0.0,0.0,0.1,1.0,0.0,8.412075000000002,0.0,0.0,0.0,0.0,8.412075000000002,0.8575,8.412075000000002,0.0,0.0
0.858,0.0,0.858,0.0,1.0,0.858,0.0,0.0,0.1,1.0,0.0,8.41698,0.0,0.0,0.0,0.0,8.41698,0.858,8.41698,0.0,0.0
0.8585,0.0,0.8585,0.0,1.0,0.8585,0.0,0.0,0.1,1.0,0.0,8.421885000000001,0.0,0.0,0.0,0.0,8.421885000000001,0.8585,8.421885000000001,0.0,0.0
0.859,0.0,0.859,0.0,1.0,0.859,0.0,0.0,0.1,1.0,0.0,8.42679,0.0,0.0,0.0,0.0,8.42679,0.859,8.42679,0.0,0.0
0.8595,0.0,0.8595,0.0,1.0,0.8595,0.0,0.0,0.1,1.0,0.0,8.431695000000001,0.0,0.0,0.0,0.0,8.431695000000001,0.8595,8.431695000000001,0.0,0.0
0.86,0.0,0.86,0.0,1.0,0.86,0.0,0.0,0.1,1.0,0.0,8.4366,0.0,0.0,0.0,0.0,8.4366,0.86,8.4366,0.0,0.0
0.8605,0.0,0.8605,0.0,1.0,0.8605,0.0,0.0,0.1,1.0,0.0,8.441505000000001,0.0,0.0,0.0,0.0,8.441505000000001,0.8605,8.441505000000001,0.0,0.0
0.861,0.0,0.861,0.0,1.0,0.861,0.0,0.0,0.1,1.0,0.0,8.44641,0.0,0.0,0.0,0.0,8.44641,0.861,8.44641,0.0,0.0
0.8615,0.0,0.8615,0.0,1.0,0.8615,0.0,0.0,0.1,1.0,0.0,8.451315000000001,0.0,0.0,0.0,0.0,8.451315000000001,0.8615,8.451315000000001,0.0,0.0
0.862,0.0,0.862,0.0,1.0,0.862,0.0,0.0,0.1,1.0,0.0,8.45622,0.0,0.0,0.0,0.0,8.45622,0.862,8.45622,0.0,0.0
0.8625,0.0,0.8625,0.0,1.0,0.8625,0.0,0.0,0.1,1.0,0.0,8.461125000000001,0.0,0.0,0.0,0.0,8.461125000000001,0.8625,8.461125000000001,0.0,0.0
0.863,0.0,0.863,0.0,1.0,0.863,0.0,0.0,0.1,1.0,0.0,8.46603,0.0,0.0,0.0,0.0,8.46603,0.863,8.46603,0.0,0.0
0.8635,0.0,0.8635,0.0,1.0,0.8635,0.0,0.0,0.1,1.0,0.0,8.470935,0.0,0.0,0.0,0.0,8.470935,0.8635,8.470935,0.0,0.0
0.864,0.0,0.864,0.0,1.0,0.864,0.0,0.0,0.1,1.0,0.0,8.47584,0.0,0.0,0.0,0.0,8.47584,0.864,8.47584,0.0,0.0
0.8645,0.0,0.8645,0.0,1.0,0.8645,0.0,0.0,0.1,1.0,0.0,8.480745,0.0,0.0,0.0,0.0,8.480745,0.8645,8.480745,0.0,0.0
0.865,0.0,0.865,0.0,1.0,0.865,0.0,0.0,0.1,1.0,0.0,8.48565,0.0,0.0,0.0,0.0,8.48565,0.865,8.48565,0.0,0.0
0.8655,0.0,0.8655,0.0,1.0,0.8655,0.0,0.0,0.1,1.0,0.0,8.490555,0.0,0.0,0.0,0.0,8.490555,0.8655,8.490555,0.0,0.0
0.866,0.0,0.866,0.0,1.0,0.866,0.0,0.0,0.1,1.0,0.0,8.49546,0.0,0.0,0.0,0.0,8.49546,0.866,8.49546,0.0,0.0
0.8665,0.0,0.8665,0.0,1.0,0.8665,0.0,0.0,0.1,1.0,0.0,8.500365,0.0,0.0,0.0,0.0,8.500365,0.8665,8.500365,0.0,0.0
0.867,0.0,0.867,0.0,1.0,0.867,0.0,0.0,0.1,1.0,0.0,8.505270000000001,0.0,0.0,0.0,0.0,8.505270000000001,0.867,8.505270000000001,0.0,0.0
0.8675,0.0,0.8675,0.0,1.0,0.8675,0.0,0.0,0.1,1.0,0.0,8.510175,0.0,0.0,0.0,0.0,8.510175,0.8675,8.510175,0.0,0.0
0.868,0.0,0.868,0.0,1.0,0.868,0.0,0.0,0.1,1.0,0.0,8.515080000000001,0.0,0.0,0.0,0.0,8.515080000000001,0.868,8.515080000000001,0.0,0.0
0.8685,0.0,0.8685,0.0,1.0,0.8685,0.0,0.0,0.1,1.0,0.0,8.519985,0.0,0.0,0.0,0.0,8.519985,0.8685,8.519985,0.0,0.0
0.869,0.0,0.869,0.0,1.0,0.869,0.0,0.0,0.1,1.0,0.0,8.524890000000001,0.0,0.0,0.0,0.0,8.524890000000001,0.869,8.524890000000001,0.0,0.0
0.8695,0.0,0.8695,0.0,1.0,0.8695,0.0,0.0,0.1,1.0,0.0,8.529795000000002,0.0,0.0,0.0,0.0,8.529795000000002,0.8695,8.529795000000002,0.0,0.0
0.87,0.0,0.87,0.0,1.0,0.87,0.0,0.0,0.1,1.0,0.0,8.5347,0.0,0.0,0.0,0.0,8.5347,0.87,8.5347,0.0,0.0
0.8705,0.0,0.8705,0.0,1.0,0.8705,0.0,0.0,0.1,1.0,0.0,8.539605000000002,0.0,0.0,0.0,0.0,8.539605000000002,0.8705,8.539605000000002,0.0,0.0
0.871,0.0,0.871,0.0,1.0,0.871,0.0,0.0,0.1,1.0,0.0,8.54451,0.0,0.0,0.0,0.0,8.54451,0.871,8.54451,0.0,0.0
0.8715,0.0,0.8715,0.0,1.0,0.8715,0.0,0.0,0.1,1.0,0.0,8.549415000000002,0.0,0.0,0.0,0.0,8.549415000000002,0.8715,8.549415000000002,0.0,0.0
0.872,0.0,0.872,0.0,1.0,0.872,0.0,0.0,0.1,1.0,0.0,8.55432,0.0,0.0,0.0,0.0,8.55432,0.872,8.55432,0.0,0.0
0.8725,0.0,0.8725,0.0,1.0,0.8725,0.0,0.0,0.1,1.0,0.0,8.559225000000001,0.0,0.0,0.0,0.0,8.559225000000001,0.8725,8.559225000000001,0.0,0.0
0.873,0.0,0.873,0.0,1.0,0.873,0.0,0.0,0.1,1.0,0.0,8.56413,0.0,0.0,0.0,0.0,8.56413,0.873,8.56413,0.0,0.0
0.8735,0.0,0.8735,0.0,1.0,0.8735,0.0,0.0,0.1,1.0,0.0,8.569035000000001,0.0,0.0,0.0,0.0,8.569035000000001,0.8735,8.569035000000001,0.0,0.0
0.874,0.0,0.874,0.0,1.0,0.874,0.0,0.0,0.1,1.0,0.0,8.57394,0.0,0.0,0.0,0.0,8.57394,0.874,8.57394,0.0,0.0
0.8745,0.0,0.8745,0.0,1.0,0.8745,0.0,0.0,0.1,1.0,0.0,8.578845000000001,0.0,0.0,0.0,0.0,8.578845000000001,0.8745,8.578845000000001,0.0,0.0
0.875,0.0,0.875,0.0,1.0,0.875,0.0,0.0,0.1,1.0,0.0,8.58375,0.0,0.0,0.0,0.0,8.58375,0.875,8.58375,0.0,0.0
0.8755000000000001,0.0,0.8755000000000001,0.0,1.0,0.8755000000000001,0.0,0.0,0.1,1.0,0.0,8.588655000000001,0.0,0.0,0.0,0.0,8.588655000000001,0.8755000000000001,8.588655000000001,0.0,0.0
0.876,0.0,0.876,0.0,1.0,0.876,0.0,0.0,0.1,1.0,0.0,8.59356,0.0,0.0,0.0,0.0,8.59356,0.876,8.59356,0.0,0.0
0.8765000000000001,0.0,0.8765000000000001,0.0,1.0,0.8765000000000001,0.0,0.0,0.1,1.0,0.0,8.598465000000001,0.0,0.0,0.0,0.0,8.598465000000001,0.8765000000000001,8.598465000000001,0.0,0.0
0.877,0.0,0.877,0.0,1.0,0.877,0.0,0.0,0.1,1.0,0.0,8.60337,0.0,0.0,0.0,0.0,8.60337,0.877,8.60337,0.0,0.0
0.8775000000000001,0.0,0.8775000000000001,0.0,1.0,0.8775000000000001,0.0,0.0,0.1,1.0,0.0,8.608275,0.0,0.0,0.0,0.0,8.608275,0.8775000000000001,8.608275,0.0,0.0
0.878,0.0,0.878,0.0,1.0,0.878,0.0,0.0,0.1,1.0,0.0,8.61318,0.0,0.0,0.0,0.0,8.61318,0.878,8.61318,0.0,0.0
0.8785000000000001,0.0,0.8785000000000001,0.0,1.0,0.8785000000000001,0.0,0.0,0.1,1.0,0.0,8.618085,0.0,0.0,0.0,0.0,8.618085,0.8785000000000001,8.618085,0.0,0.0
0.879,0.0,0.879,0.0,1.0,0.879,0.0,0.0,0.1,1.0,0.0,8.62299,0.0,0.0,0.0,0.0,8.62299,0.879,8.62299,0.0,0.0
0.8795000000000001,0.0,0.8795000000000001,0.0,1.0,0.8795000000000001,0.0,0.0,0.1,1.0,0.0,8.627895,0.0,0.0,0.0,0.0,8.627895,0.8795000000000001,8.627895,0.0,0.0
0.88,0.0,0.88,0.0,1.0,0.88,0.0,0.0,0.1,1.0,0.0,8.632800000000001,0.0,0.0,0.0,0.0,8.632800000000001,0.88,8.632800000000001,0.0,0.0
0.8805000000000001,0.0,0.8805000000000001,0.0,1.0,0.8805000000000001,0.0,0.0,0.1,1.0,0.0,8.637705,0.0,0.0,0.0,0.0,8.637705,0.8805000000000001,8.637705,0.0,0.0
0.881,0.0,0.881,0.0,1.0,0.881,0.0,0.0,0.1,1.0,0.0,8.642610000000001,0.0,0.0,0.0,0.0,8.642610000000001,0.881,8.642610000000001,0.0,0.0
0.8815000000000001,0.0,0.8815000000000001,0.0,1.0,0.8815000000000001,0.0,0.0,0.1,1.0,0.0,8.647515,0.0,0.0,0.0,0.0,8.647515,0.8815000000000001,8.647515,0.0,0.0
0.882,0.0,0.882,0.0,1.0,0.882,0.0,0.0,0.1,1.0,0.0,8.652420000000001,0.0,0.0,0.0,0.0,8.652420000000001,0.882,8.652420000000001,0.0,0.0
0.8825000000000001,0.0,0.8825000000000001,0.0,1.0,0.8825000000000001,0.0,0.0,0.1,1.0,0.0,8.657325000000002,0.0,0.0,0.0,0.0,8.657325000000002,0.8825000000000001,8.657325000000002,0.0,0.0
0.883,0.0,0.883,0.0,1.0,0.883,0.0,0.0,0.1,1.0,0.0,8.662230000000001,0.0,0.0,0.0,0.0,8.662230000000001,0.883,8.662230000000001,0.0,0.0
0.8835000000000001,0.0,0.8835000000000001,0.0,1.0,0.8835000000000001,0.0,0.0,0.1,1.0,0.0,8.667135000000002,0.0,0.0,0.0,0.0,8.667135000000002,0.8835000000000001,8.667135000000002,0.0,0.0
0.884,0.0,0.884,0.0,1.0,0.884,0.0,0.0,0.1,1.0,0.0,8.67204,0.0,0.0,0.0,0.0,8.67204,0.884,8.67204,0.0,0.0
0.8845000000000001,0.0,0.8845000000000001,0.0,1.0,0.8845000000000001,0.0,0.0,0.1,1.0,0.0,8.676945000000002,0.0,0.0,0.0,0.0,8.676945000000002,0.8845000000000001,8.676945000000002,0.0,0.0
0.885,0.0,0.885,0.0,1.0,0.885,0.0,0.0,0.1,1.0,0.0,8.68185,0.0,0.0,0.0,0.0,8.68185,0.885,8.68185,0.0,0.0
0.8855000000000001,0.0,0.8855000000000001,0.0,1.0,0.8855000000000001,0.0,0.0,0.1,1.0,0.0,8.686755000000002,0.0,0.0,0.0,0.0,8.686755000000002,0.8855000000000001,8.686755000000002,0.0,0.0
0.886,0.0,0.886,0.0,1.0,0.886,0.0,0.0,0.1,1.0,0.0,8.69166,0.0,0.0,0.0,0.0,8.69166,0.886,8.69166,0.0,0.0
0.8865000000000001,0.0,0.8865000000000001,0.0,1.0,0.8865000000000001,0.0,0.0,0.1,1.0,0.0,8.696565000000001,0.0,0.0,0.0,0.0,8.696565000000001,0.8865000000000001,8.696565000000001,0.0,0.0
0.887,0.0,0.887,0.0,1.0,0.887,0.0,0.0,0.1,1.0,0.0,8.70147,0.0,0.0,0.0,0.0,8.70147,0.887,8.70147,0.0,0.0
0.8875000000000001,0.0,0.8875000000000001,0.0,1.0,0.8875000000000001,0.0,0.0,0.1,1.0,0.0,8.706375000000001,0.0,0.0,0.0,0.0,8.706375000000001,0.8875000000000001,8.706375000000001,0.0,0.0
0.888,0.0,0.888,0.0,1.0,0.888,0.0,0.0,0.1,1.0,0.0,8.71128,0.0,0.0,0.0,0.0,8.71128,0.888,8.71128,0.0,0.0
0.8885000000000001,0.0,0.8885000000000001,0.0,1.0,0.8885000000000001,0.0,0.0,0.1,1.0,0.0,8.716185000000001,0.0,0.0,0.0,0.0,8.716185000000001,0.8885000000000001,8.716185000000001,0.0,0.0
0.889,0.0,0.889,0.0,1.0,0.889,0.0,0.0,0.1,1.0,0.0,8.72109,0.0,0.0,0.0,0.0,8.72109,0.889,8.72109,0.0,0.0
0.8895000000000001,0.0,0.8895000000000001,0.0,1.0,0.8895000000000001,0.0,0.0,0.1,1.0,0.0,8.725995000000001,0.0,0.0,0.0,0.0,8.725995000000001,0.8895000000000001,8.725995000000001,0.0,0.0
0.89,0.0,0.89,0.0,1.0,0.89,0.0,0.0,0.1,1.0,0.0,8.7309,0.0,0.0,0.0,0.0,8.7309,0.89,8.7309,0.0,0.0
0.8905000000000001,0.0,0.8905000000000001,0.0,1.0,0.8905000000000001,0.0,0.0,0.1,1.0,0.0,8.735805000000001,0.0,0.0,0.0,0.0,8.735805000000001,0.8905000000000001,8.735805000000001,0.0,0.0
0.891,0.0,0.891,0.0,1.0,0.891,0.0,0.0,0.1,1.0,0.0,8.74071,0.0,0.0,0.0,0.0,8.74071,0.891,8.74071,0.0,0.0
0.8915000000000001,0.0,0.8915000000000001,0.0,1.0,0.8915000000000001,0.0,0.0,0.1,1.0,0.0,8.745615,0.0,0.0,0.0,0.0,8.745615,0.8915000000000001,8.745615,0.0,0.0
0.892,0.0,0.892,0.0,1.0,0.892,0.0,0.0,0.1,1.0,0.0,8.75052,0.0,0.0,0.0,0.0,8.75052,0.892,8.75052,0.0,0.0
0.8925000000000001,0.0,0.8925000000000001,0.0,1.0,0.8925000000000001,0.0,0.0,0.1,1.0,0.0,8.755425,0.0,0.0,0.0,0.0,8.755425,0.8925000000000001,8.755425,0.0,0.0
0.893,0.0,0.893,0.0,1.0,0.893,0.0,0.0,0.1,1.0,0.0,8.76033,0.0,0.0,0.0,0.0,8.76033,0.893,8.76033,0.0,0.0
0.8935000000000001,0.0,0.8935000000000001,0.0,1.0,0.8935000000000001,0.0,0.0,0.1,1.0,0.0,8.765235,0.0,0.0,0.0,0.0,8.765235,0.8935000000000001,8.765235,0.0,0.0
0.894,0.0,0.894,0.0,1.0,0.894,0.0,0.0,0.1,1.0,0.0,8.770140000000001,0.0,0.0,0.0,0.0,8.770140000000001,0.894,8.770140000000001,0.0,0.0
0.8945000000000001,0.0,0.8945000000000001,0.0,1.0,0.8945000000000001,0.0,0.0,0.1,1.0,0.0,8.775045,0.0,0.0,0.0,0.0,8.775045,0.8945000000000001,8.775045,0.0,0.0
0.895,0.0,0.895,0.0,1.0,0.895,0.0,0.0,0.1,1.0,0.0,8.779950000000001,0.0,0.0,0.0,0.0,8.779950000000001,0.895,8.779950000000001,0.0,0.0
0.8955000000000001,0.0,0.8955000000000001,0.0,1.0,0.8955000000000001,0.0,0.0,0.1,1.0,0.0,8.784855,0.0,0.0,0.0,0.0,8.784855,0.8955000000000001,8.784855,0.0,0.0
0.896,0.0,0.896,0.0,1.0,0.896,0.0,0.0,0.1,1.0,0.0,8.789760000000001,0.0,0.0,0.0,0.0,8.789760000000001,0.896,8.789760000000001,0.0,0.0
0.8965,0.0,0.8965,0.0,1.0,0.8965,0.0,0.0,0.1,1.0,0.0,8.794665,0.0,0.0,0.0,0.0,8.794665,0.8965,8.794665,0.0,0.0
0.897,0.0,0.897,0.0,1.0,0.897,0.0,0.0,0.1,1.0,0.0,8.799570000000001,0.0,0.0,0.0,0.0,8.799570000000001,0.897,8.799570000000001,0.0,0.0
0.8975,0.0,0.8975,0.0,1.0,0.8975,0.0,0.0,0.1,1.0,0.0,8.804475,0.0,0.0,0.0,0.0,8.804475,0.8975,8.804475,0.0,0.0
0.898,0.0,0.898,0.0,1.0,0.898,0.0,0.0,0.1,1.0,0.0,8.80938,0.0,0.0,0.0,0.0,8.80938,0.898,8.80938,0.0,0.0
0.8985,0.0,0.8985,0.0,1.0,0.8985,0.0,0.0,0.1,1.0,0.0,8.814285,0.0,0.0,0.0,0.0,8.814285,0.8985,8.814285,0.0,0.0
0.899,0.0,0.899,0.0,1.0,0.899,0.0,0.0,0.1,1.0,0.0,8.81919,0.0,0.0,0.0,0.0,8.81919,0.899,8.81919,0.0,0.0
0.8995,0.0,0.8995,0.0,1.0,0.8995,0.0,0.0,0.1,1.0,0.0,8.824095,0.0,0.0,0.0,0.0,8.824095,0.8995,8.824095,0.0,0.0
0.9,0.0,0.9,0.0,1.0,0.9,0.0,0.0,0.1,1.0,0.0,8.829,0.0,0.0,0.0,0.0,8.829,0.9,8.829,0.0,0.0
0.9005,0.0,0.9005,0.0,1.0,0.9005,0.0,0.0,0.1,1.0,0.0,8.833905,0.0,0.0,0.0,0.0,8.833905,0.9005,8.833905,0.0,0.0
0.901,0.0,0.901,0.0,1.0,0.901,0.0,0.0,0.1,1.0,0.0,8.83881,0.0,0.0,0.0,0.0,8.83881,0.901,8.83881,0.0,0.0
0.9015,0.0,0.9015,0.0,1.0,0.9015,0.0,0.0,0.1,1.0,0.0,8.843715,0.0,0.0,0.0,0.0,8.843715,0.9015,8.843715,0.0,0.0
0.902,0.0,0.902,0.0,1.0,0.902,0.0,0.0,0.1,1.0,0.0,8.84862,0.0,0.0,0.0,0.0,8.84862,0.902,8.84862,0.0,0.0
0.9025,0.0,0.9025,0.0,1.0,0.9025,0.0,0.0,0.1,1.0,0.0,8.853525,0.0,0.0,0.0,0.0,8.853525,0.9025,8.853525,0.0,0.0
0.903,0.0,0.903,0.0,1.0,0.903,0.0,0.0,0.1,1.0,0.0,8.85843,0.0,0.0,0.0,0.0,8.85843,0.903,8.85843,0.0,0.0
0.9035,0.0,0.9035,0.0,1.0,0.9035,0.0,0.0,0.1,1.0,0.0,8.863335,0.0,0.0,0.0,0.0,8.863335,0.9035,8.863335,0.0,0.0
0.904,0.0,0.904,0.0,1.0,0.904,0.0,0.0,0.1,1.0,0.0,8.86824,0.0,0.0,0.0,0.0,8.86824,0.904,8.86824,0.0,0.0
0.9045,0.0,0.9045,0.0,1.0,0.9045,0.0,0.0,0.1,1.0,0.0,8.873145000000001,0.0,0.0,0.0,0.0,8.873145000000001,0.9045,8.873145000000001,0.0,0.0
0.905,0.0,0.905,0.0,1.0,0.905,0.0,0.0,0.1,1.0,0.0,8.87805,0.0,0.0,0.0,0.0,8.87805,0.905,8.87805,0.0,0.0
0.9055,0.0,0.9055,0.0,1.0,0.9055,0.0,0.0,0.1,1.0,0.0,8.882955,0.0,0.0,0.0,0.0,8.882955,0.9055,8.882955,0.0,0.0
0.906,0.0,0.906,0.0,1.0,0.906,0.0,0.0,0.1,1.0,0.0,8.88786,0.0,0.0,0.0,0.0,8.88786,0.906,8.88786,0.0,0.0
0.9065,0.0,0.9065,0.0,1.0,0.9065,0.0,0.0,0.1,1.0,0.0,8.892765,0.0,0.0,0.0,0.0,8.892765,0.9065,8.892765,0.0,0.0
0.907,0.0,0.907,0.0,1.0,0.907,0.0,0.0,0.1,1.0,0.0,8.897670000000002,0.0,0.0,0.0,0.0,8.897670000000002,0.907,8.897670000000002,0.0,0.0
0.9075,0.0,0.9075,0.0,1.0,0.9075,0.0,0.0,0.1,1.0,0.0,8.902575,0.0,0.0,0.0,0.0,8.902575,0.9075,8.902575,0.0,0.0
0.908,0.0,0.908,0.0,1.0,0.908,0.0,0.0,0.1,1.0,0.0,8.907480000000001,0.0,0.0,0.0,0.0,8.907480000000001,0.908,8.907480000000001,0.0,0.0
0.9085,0.0,0.9085,0.0,1.0,0.9085,0.0,0.0,0.1,1.0,0.0,8.912385,0.0,0.0,0.0,0.0,8.912385,0.9085,8.912385,0.0,0.0
0.909,0.0,0.909,0.0,1.0,0.909,0.0,0.0,0.1,1.0,0.0,8.917290000000001,0.0,0.0,0.0,0.0,8.917290000000001,0.909,8.917290000000001,0.0,0.0
0.9095,0.0,0.9095,0.0,1.0,0.9095,0.0,0.0,0.1,1.0,0.0,8.922195,0.0,0.0,0.0,0.0,8.922195,0.9095,8.922195,0.0,0.0
0.91,0.0,0.91,0.0,1.0,0.91,0.0,0.0,0.1,1.0,0.0,8.927100000000001,0.0,0.0,0.0,0.0,8.927100000000001,0.91,8.927100000000001,0.0,0.0
0.9105,0.0,0.9105,0.0,1.0,0.9105,0.0,0.0,0.1,1.0,0.0,8.932005,0.0,0.0,0.0,0.0,8.932005,0.9105,8.932005,0.0,0.0
0.911,0.0,0.911,0.0,1.0,0.911,0.0,0.0,0.1,1.0,0.0,8.936910000000001,0.0,0.0,0.0,0.0,8.936910000000001,0.911,8.936910000000001,0.0,0.0
0.9115,0.0,0.9115,0.0,1.0,0.9115,0.0,0.0,0.1,1.0,0.0,8.941815,0.0,0.0,0.0,0.0,8.941815,0.9115,8.941815,0.0,0.0
0.912,0.0,0.912,0.0,1.0,0.912,0.0,0.0,0.1,1.0,0.0,8.946720000000001,0.0,0.0,0.0,0.0,8.946720000000001,0.912,8.946720000000001,0.0,0.0
0.9125,0.0,0.9125,0.0,1.0,0.9125,0.0,0.0,0.1,1.0,0.0,8.951625,0.0,0.0,0.0,0.0,8.951625,0.9125,8.951625,0.0,0.0
0.913,0.0,0.913,0.0,1.0,0.913,0.0,0.0,0.1,1.0,0.0,8.95653,0.0,0.0,0.0,0.0,8.95653,0.913,8.95653,0.0,0.0
0.9135,0.0,0.9135,0.0,1.0,0.9135,0.0,0.0,0.1,1.0,0.0,8.961435,0.0,0.0,0.0,0.0,8.961435,0.9135,8.961435,0.0,0.0
0.914,0.0,0.914,0.0,1.0,0.914,0.0,0.0,0.1,1.0,0.0,8.96634,0.0,0.0,0.0,0.0,8.96634,0.914,8.96634,0.0,0.0
0.9145,0.0,0.9145,0.0,1.0,0.9145,0.0,0.0,0.1,1.0,0.0,8.971245,0.0,0.0,0.0,0.0,8.971245,0.9145,8.971245,0.0,0.0
0.915,0.0,0.915,0.0,1.0,0.915,0.0,0.0,0.1,1.0,0.0,8.97615,0.0,0.0,0.0,0.0,8.97615,0.915,8.97615,0.0,0.0
0.9155,0.0,0.9155,0.0,1.0,0.9155,0.0,0.0,0.1,1.0,0.0,8.981055,0.0,0.0,0.0,0.0,8.981055,0.9155,8.981055,0.0,0.0
0.916,0.0,0.916,0.0,1.0,0.916,0.0,0.0,0.1,1.0,0.0,8.98596,0.0,0.0,0.0,0.0,8.98596,0.916,8.98596,0.0,0.0
0.9165,0.0,0.9165,0.0,1.0,0.9165,0.0,0.0,0.1,1.0,0.0,8.990865,0.0,0.0,0.0,0.0,8.990865,0.9165,8.990865,0.0,0.0
0.917,0.0,0.917,0.0,1.0,0.917,0.0,0.0,0.1,1.0,0.0,8.99577,0.0,0.0,0.0,0.0,8.99577,0.917,8.99577,0.0,0.0
0.9175,0.0,0.9175,0.0,1.0,0.9175,0.0,0.0,0.1,1.0,0.0,9.000675000000001,0.0,0.0,0.0,0.0,9.000675000000001,0.9175,9.000675000000001,0.0,0.0
0.918,0.0,0.918,0.0,1.0,0.918,0.0,0.0,0.1,1.0,0.0,9.00558,0.0,0.0,0.0,0.0,9.00558,0.918,9.00558,0.0,0.0
0.9185,0.0,0.9185,0.0,1.0,0.9185,0.0,0.0,0.1,1.0,0.0,9.010485000000001,0.0,0.0,0.0,0.0,9.010485000000001,0.9185,9.010485000000001,0.0,0.0
0.919,0.0,0.919,0.0,1.0,0.919,0.0,0.0,0.1,1.0,0.0,9.01539,0.0,0.0,0.0,0.0,9.01539,0.919,9.01539,0.0,0.0
0.9195,0.0,0.9195,0.0,1.0,0.9195,0.0,0.0,0.1,1.0,0.0,9.020295,0.0,0.0,0.0,0.0,9.020295,0.9195,9.020295,0.0,0.0
0.92,0.0,0.92,0.0,1.0,0.92,0.0,0.0,0.1,1.0,0.0,9.025200000000002,0.0,0.0,0.0,0.0,9.025200000000002,0.92,9.025200000000002,0.0,0.0
0.9205,0.0,0.9205,0.0,1.0,0.9205,0.0,0.0,0.1,1.0,0.0,9.030105,0.0,0.0,0.0,0.0,9.030105,0.9205,9.030105,0.0,0.0
0.921,0.0,0.921,0.0,1.0,0.921,0.0,0.0,0.1,1.0,0.0,9.035010000000002,0.0,0.0,0.0,0.0,9.035010000000002,0.921,9.035010000000002,0.0,0.0
0.9215,0.0,0.9215,0.0,1.0,0.9215,0.0,0.0,0.1,1.0,0.0,9.039915,0.0,0.0,0.0,0.0,9.039915,0.9215,9.039915,0.0,0.0
0.922,0.0,0.922,0.0,1.0,0.922,0.0,0.0,0.1,1.0,0.0,9.044820000000001,0.0,0.0,0.0,0.0,9.044820000000001,0.922,9.044820000000001,0.0,0.0
0.9225,0.0,0.9225,0.0,1.0,0.9225,0.0,0.0,0.1,1.0,0.0,9.049725,0.0,0.0,0.0,0.0,9.049725,0.9225,9.049725,0.0,0.0
0.923,0.0,0.923,0.0,1.0,0.923,0.0,0.0,0.1,1.0,0.0,9.054630000000001,0.0,0.0,0.0,0.0,9.054630000000001,0.923,9.054630000000001,0.0,0.0
0.9235,0.0,0.9235,0.0,1.0,0.9235,0.0,0.0,0.1,1.0,0.0,9.059535,0.0,0.0,0.0,0.0,9.059535,0.9235,9.059535,0.0,0.0
0.924,0.0,0.924,0.0,1.0,0.924,0.0,0.0,0.1,1.0,0.0,9.064440000000001,0.0,0.0,0.0,0.0,9.064440000000001,0.924,9.064440000000001,0.0,0.0
0.9245,0.0,0.9245,0.0,1.0,0.9245,0.0,0.0,0.1,1.0,0.0,9.069345,0.0,0.0,0.0,0.0,9.069345,0.9245,9.069345,0.0,0.0
0.925,0.0,0.925,0.0,1.0,0.925,0.0,0.0,0.1,1.0,0.0,9.074250000000001,0.0,0.0,0.0,0.0,9.074250000000001,0.925,9.074250000000001,0.0,0.0
0.9255,0.0,0.9255,0.0,1.0,0.9255,0.0,0.0,0.1,1.0,0.0,9.079155,0.0,0.0,0.0,0.0,9.079155,0.9255,9.079155,0.0,0.0
0.926,0.0,0.926,0.0,1.0,0.926,0.0,0.0,0.1,1.0,0.0,9.084060000000001,0.0,0.0,0.0,0.0,9.084060000000001,0.926,9.084060000000001,0.0,0.0
0.9265,0.0,0.9265,0.0,1.0,0.9265,0.0,0.0,0.1,1.0,0.0,9.088965,0.0,0.0,0.0,0.0,9.088965,0.9265,9.088965,0.0,0.0
0.927,0.0,0.927,0.0,1.0,0.927,0.0,0.0,0.1,1.0,0.0,9.09387,0.0,0.0,0.0,0.0,9.09387,0.927,9.09387,0.0,0.0
0.9275,0.0,0.9275,0.0,1.0,0.9275,0.0,0.0,0.1,1.0,0.0,9.098775,0.0,0.0,0.0,0.0,9.098775,0.9275,9.098775,0.0,0.0
0.928,0.0,0.928,0.0,1.0,0.928,0.0,0.0,0.1,1.0,0.0,9.10368,0.0,0.0,0.0,0.0,9.10368,0.928,9.10368,0.0,0.0
0.9285,0.0,0.9285,0.0,1.0,0.9285,0.0,0.0,0.1,1.0,0.0,9.108585,0.0,0.0,0.0,0.0,9.108585,0.9285,9.108585,0.0,0.0
0.929,0.0,0.929,0.0,1.0,0.929,0.0,0.0,0.1,1.0,0.0,9.11349,0.0,0.0,0.0,0.0,9.11349,0.929,9.11349,0.0,0.0
0.9295,0.0,0.9295,0.0,1.0,0.9295,0.0,0.0,0.1,1.0,0.0,9.118395,0.0,0.0,0.0,0.0,9.118395,0.9295,9.118395,0.0,0.0
0.93,0.0,0.93,0.0,1.0,0.93,0.0,0.0,0.1,1.0,0.0,9.1233,0.0,0.0,0.0,0.0,9.1233,0.93,9.1233,0.0,0.0
0.9305,0.0,0.9305,0.0,1.0,0.9305,0.0,0.0,0.1,1.0,0.0,9.128205000000001,0.0,0.0,0.0,0.0,9.128205000000001,0.9305,9.128205000000001,0.0,0.0
0.931,0.0,0.931,0.0,1.0,0.931,0.0,0.0,0.1,1.0,0.0,9.13311,0.0,0.0,0.0,0.0,9.13311,0.931,9.13311,0.0,0.0
0.9315,0.0,0.9315,0.0,1.0,0.9315,0.0,0.0,0.1,1.0,0.0,9.138015000000001,0.0,0.0,0.0,0.0,9.138015000000001,0.9315,9.138015000000001,0.0,0.0
0.932,0.0,0.932,0.0,1.0,0.932,0.0,0.0,0.1,1.0,0.0,9.14292,0.0,0.0,0.0,0.0,9.14292,0.932,9.14292,0.0,0.0
0.9325,0.0,0.9325,0.0,1.0,0.9325,0.0,0.0,0.1,1.0,0.0,9.147825000000001,0.0,0.0,0.0,0.0,9.147825000000001,0.9325,9.147825000000001,0.0,0.0
0.933,0.0,0.933,0.0,1.0,0.933,0.0,0.0,0.1,1.0,0.0,9.152730000000002,0.0,0.0,0.0,0.0,9.152730000000002,0.933,9.152730000000002,0.0,0.0
0.9335,0.0,0.9335,0.0,1.0,0.9335,0.0,0.0,0.1,1.0,0.0,9.157635,0.0,0.0,0.0,0.0,9.157635,0.9335,9.157635,0.0,0.0
0.934,0.0,0.934,0.0,1.0,0.934,0.0,0.0,0.1,1.0,0.0,9.162540000000002,0.0,0.0,0.0,0.0,9.162540000000002,0.934,9.162540000000002,0.0,0.0
0.9345,0.0,0.9345,0.0,1.0,0.9345,0.0,0.0,0.1,1.0,0.0,9.167445,0.0,0.0,0.0,0.0,9.167445,0.9345,9.167445,0.0,0.0
0.935,0.0,0.935,0.0,1.0,0.935,0.0,0.0,0.1,1.0,0.0,9.172350000000002,0.0,0.0,0.0,0.0,9.172350000000002,0.935,9.172350000000002,0.0,0.0
0.9355,0.0,0.9355,0.0,1.0,0.9355,0.0,0.0,0.1,1.0,0.0,9.177255,0.0,0.0,0.0,0.0,9.177255,0.9355,9.177255,0.0,0.0
0.936,0.0,0.936,0.0,1.0,0.936,0.0,0.0,0.1,1.0,0.0,9.182160000000001,0.0,0.0,0.0,0.0,9.182160000000001,0.936,9.182160000000001,0.0,0.0
0.9365,0.0,0.9365,0.0,1.0,0.9365,0.0,0.0,0.1,1.0,0.0,9.187065,0.0,0.0,0.0,0.0,9.187065,0.9365,9.187065,0.0,0.0
0.937,0.0,0.937,0.0,1.0,0.937,0.0,0.0,0.1,1.0,0.0,9.191970000000001,0.0,0.0,0.0,0.0,9.191970000000001,0.937,9.191970000000001,0.0,0.0
0.9375,0.0,0.9375,0.0,1.0,0.9375,0.0,0.0,0.1,1.0,0.0,9.196875,0.0,0.0,0.0,0.0,9.196875,0.9375,9.196875,0.0,0.0
0.9380000000000001,0.0,0.9380000000000001,0.0,1.0,0.9380000000000001,0.0,0.0,0.1,1.0,0.0,9.201780000000001,0.0,0.0,0.0,0.0,9.201780000000001,0.9380000000000001,9.201780000000001,0.0,0.0
0.9385,0.0,0.9385,0.0,1.0,0.9385,0.0,0.0,0.1,1.0,0.0,9.206685,0.0,0.0,0.0,0.0,9.206685,0.9385,9.206685,0.0,0.0
0.9390000000000001,0.0,0.9390000000000001,0.0,1.0,0.9390000000000001,0.0,0.0,0.1,1.0,0.0,9.211590000000001,0.0,0.0,0.0,0.0,9.211590000000001,0.9390000000000001,9.211590000000001,0.0,0.0
0.9395,0.0,0.9395,0.0,1.0,0.9395,0.0,0.0,0.1,1.0,0.0,9.216495,0.0,0.0,0.0,0.0,9.216495,0.9395,9.216495,0.0,0.0
0.9400000000000001,0.0,0.9400000000000001,0.0,1.0,0.9400000000000001,0.0,0.0,0.1,1.0,0.0,9.221400000000001,0.0,0.0,0.0,0.0,9.221400000000001,0.9400000000000001,9.221400000000001,0.0,0.0
0.9405,0.0,0.9405,0.0,1.0,0.9405,0.0,0.0,0.1,1.0,0.0,9.226305,0.0,0.0,0.0,0.0,9.226305,0.9405,9.226305,0.0,0.0
0.9410000000000001,0.0,0.9410000000000001,0.0,1.0,0.9410000000000001,0.0,0.0,0.1,1.0,0.0,9.23121,0.0,0.0,0.0,0.0,9.23121,0.9410000000000001,9.23121,0.0,0.0
0.9415,0.0,0.9415,0.0,1.0,0.9415,0.0,0.0,0.1,1.0,0.0,9.236115,0.0,0.0,0.0,0.0,9.236115,0.9415,9.236115,0.0,0.0
0.9420000000000001,0.0,0.9420000000000001,0.0,1.0,0.9420000000000001,0.0,0.0,0.1,1.0,0.0,9.24102,0.0,0.0,0.0,0.0,9.24102,0.9420000000000001,9.24102,0.0,0.0
0.9425,0.0,0.9425,0.0,1.0,0.9425,0.0,0.0,0.1,1.0,0.0,9.245925,0.0,0.0,0.0,0.0,9.245925,0.9425,9.245925,0.0,0.0
0.9430000000000001,0.0,0.9430000000000001,0.0,1.0,0.9430000000000001,0.0,0.0,0.1,1.0,0.0,9.25083,0.0,0.0,0.0,0.0,9.25083,0.9430000000000001,9.25083,0.0,0.0
0.9435,0.0,0.9435,0.0,1.0,0.9435,0.0,0.0,0.1,1.0,0.0,9.255735000000001,0.0,0.0,0.0,0.0,9.255735000000001,0.9435,9.255735000000001,0.0,0.0
0.9440000000000001,0.0,0.9440000000000001,0.0,1.0,0.9440000000000001,0.0,0.0,0.1,1.0,0.0,9.26064,0.0,0.0,0.0,0.0,9.26064,0.9440000000000001,9.26064,0.0,0.0
0.9445,0.0,0.9445,0.0,1.0,0.9445,0.0,0.0,0.1,1.0,0.0,9.265545000000001,0.0,0.0,0.0,0.0,9.265545000000001,0.9445,9.265545000000001,0.0,0.0
0.9450000000000001,0.0,0.9450000000000001,0.0,1.0,0.9450000000000001,0.0,0.0,0.1,1.0,0.0,9.27045,0.0,0.0,0.0,0.0,9.27045,0.9450000000000001,9.27045,0.0,0.0
0.9455,0.0,0.9455,0.0,1.0,0.9455,0.0,0.0,0.1,1.0,0.0,9.275355000000001,0.0,0.0,0.0,0.0,9.275355000000001,0.9455,9.275355000000001,0.0,0.0
0.9460000000000001,0.0,0.9460000000000001,0.0,1.0,0.9460000000000001,0.0,0.0,0.1,1.0,0.0,9.280260000000002,0.0,0.0,0.0,0.0,9.280260000000002,0.9460000000000001,9.280260000000002,0.0,0.0
0.9465,0.0,0.9465,0.0,1.0,0.9465,0.0,0.0,0.1,1.0,0.0,9.285165000000001,0.0,0.0,0.0,0.0,9.285165000000001,0.9465,9.285165000000001,0.0,0.0
0.9470000000000001,0.0,0.9470000000000001,0.0,1.0,0.9470000000000001,0.0,0.0,0.1,1.0,0.0,9.290070000000002,0.0,0.0,0.0,0.0,9.290070000000002,0.9470000000000001,9.290070000000002,0.0,0.0
0.9475,0.0,0.9475,0.0,1.0,0.9475,0.0,0.0,0.1,1.0,0.0,9.294975,0.0,0.0,0.0,0.0,9.294975,0.9475,9.294975,0.0,0.0
0.9480000000000001,0.0,0.9480000000000001,0.0,1.0,0.9480000000000001,0.0,0.0,0.1,1.0,0.0,9.299880000000002,0.0,0.0,0.0,0.0,9.299880000000002,0.9480000000000001,9.299880000000002,0.0,0.0
0.9485,0.0,0.9485,0.0,1.0,0.9485,0.0,0.0,0.1,1.0,0.0,9.304785,0.0,0.0,0.0,0.0,9.304785,0.9485,9.304785,0.0,0.0
0.9490000000000001,0.0,0.9490000000000001,0.0,1.0,0.9490000000000001,0.0,0.0,0.1,1.0,0.0,9.309690000000002,0.0,0.0,0.0,0.0,9.309690000000002,0.9490000000000001,9.309690000000002,0.0,0.0
0.9495,0.0,0.9495,0.0,1.0,0.9495,0.0,0.0,0.1,1.0,0.0,9.314595,0.0,0.0,0.0,0.0,9.314595,0.9495,9.314595,0.0,0.0
0.9500000000000001,0.0,0.9500000000000001,0.0,1.0,0.9500000000000001,0.0,0.0,0.1,1.0,0.0,9.319500000000001,0.0,0.0,0.0,0.0,9.319500000000001,0.9500000000000001,9.319500000000001,0.0,0.0
0.9505,0.0,0.9505,0.0,1.0,0.9505,0.0,0.0,0.1,1.0,0.0,9.324405,0.0,0.0,0.0,0.0,9.324405,0.9505,9.324405,0.0,0.0
0.9510000000000001,0.0,0.9510000000000001,0.0,1.0,0.9510000000000001,0.0,0.0,0.1,1.0,0.0,9.329310000000001,0.0,0.0,0.0,0.0,9.329310000000001,0.9510000000000001,9.329310000000001,0.0,0.0
0.9515,0.0,0.9515,0.0,1.0,0.9515,0.0,0.0,0.1,1.0,0.0,9.334215,0.0,0.0,0.0,0.0,9.334215,0.9515,9.334215,0.0,0.0
0.9520000000000001,0.0,0.9520000000000001,0.0,1.0,0.9520000000000001,0.0,0.0,0.1,1.0,0.0,9.339120000000001,0.0,0.0,0.0,0.0,9.339120000000001,0.9520000000000001,9.339120000000001,0.0,0.0
0.9525,0.0,0.9525,0.0,1.0,0.9525,0.0,0.0,0.1,1.0,0.0,9.344025,0.0,0.0,0.0,0.0,9.344025,0.9525,9.344025,0.0,0.0
0.9530000000000001,0.0,0.9530000000000001,0.0,1.0,0.9530000000000001,0.0,0.0,0.1,1.0,0.0,9.348930000000001,0.0,0.0,0.0,0.0,9.348930000000001,0.9530000000000001,9.348930000000001,0.0,0.0
0.9535,0.0,0.9535,0.0,1.0,0.9535,0.0,0.0,0.1,1.0,0.0,9.353835,0.0,0.0,0.0,0.0,9.353835,0.9535,9.353835,0.0,0.0
0.9540000000000001,0.0,0.9540000000000001,0.0,1.0,0.9540000000000001,0.0,0.0,0.1,1.0,0.0,9.358740000000001,0.0,0.0,0.0,0.0,9.358740000000001,0.9540000000000001,9.358740000000001,0.0,0.0
0.9545,0.0,0.9545,0.0,1.0,0.9545,0.0,0.0,0.1,1.0,0.0,9.363645,0.0,0.0,0.0,0.0,9.363645,0.9545,9.363645,0.0,0.0
0.9550000000000001,0.0,0.9550000000000001,0.0,1.0,0.9550000000000001,0.0,0.0,0.1,1.0,0.0,9.36855,0.0,0.0,0.0,0.0,9.36855,0.9550000000000001,9.36855,0.0,0.0
0.9555,0.0,0.9555,0.0,1.0,0.9555,0.0,0.0,0.1,1.0,0.0,9.373455,0.0,0.0,0.0,0.0,9.373455,0.9555,9.373455,0.0,0.0
0.9560000000000001,0.0,0.9560000000000001,0.0,1.0,0.9560000000000001,0.0,0.0,0.1,1.0,0.0,9.37836,0.0,0.0,0.0,0.0,9.37836,0.9560000000000001,9.37836,0.0,0.0
0.9565,0.0,0.9565,0.0,1.0,0.9565,0.0,0.0,0.1,1.0,0.0,9.383265000000002,0.0,0.0,0.0,0.0,9.383265000000002,0.9565,9.383265000000002,0.0,0.0
0.9570000000000001,0.0,0.9570000000000001,0.0,1.0,0.9570000000000001,0.0,0.0,0.1,1.0,0.0,9.38817,0.0,0.0,0.0,0.0,9.38817,0.9570000000000001,9.38817,0.0,0.0
0.9575,0.0,0.9575,0.0,1.0,0.9575,0.0,0.0,0.1,1.0,0.0,9.393075000000001,0.0,0.0,0.0,0.0,9.393075000000001,0.9575,9.393075000000001,0.0,0.0
0.9580000000000001,0.0,0.9580000000000001,0.0,1.0,0.9580000000000001,0.0,0.0,0.1,1.0,0.0,9.39798,0.0,0.0,0.0,0.0,9.39798,0.9580000000000001,9.39798,0.0,0.0
0.9585,0.0,0.9585,0.0,1.0,0.9585,0.0,0.0,0.1,1.0,0.0,9.402885000000001,0.0,0.0,0.0,0.0,9.402885000000001,0.9585,9.402885000000001,0.0,0.0
0.9590000000000001,0.0,0.9590000000000001,0.0,1.0,0.9590000000000001,0.0,0.0,0.1,1.0,0.0,9.407790000000002,0.0,0.0,0.0,0.0,9.407790000000002,0.9590000000000001,9.407790000000002,0.0,0.0
0.9595,0.0,0.9595,0.0,1.0,0.9595,0.0,0.0,0.1,1.0,0.0,9.412695000000001,0.0,0.0,0.0,0.0,9.412695000000001,0.9595,9.412695000000001,0.0,0.0
0.96,0.0,0.96,0.0,1.0,0.96,0.0,0.0,0.1,1.0,0.0,9.4176,0.0,0.0,0.0,0.0,9.4176,0.96,9.4176,0.0,0.0
0.9605,0.0,0.9605,0.0,1.0,0.9605,0.0,0.0,0.1,1.0,0.0,9.422505000000001,0.0,0.0,0.0,0.0,9.422505000000001,0.9605,9.422505000000001,0.0,0.0
0.961,0.0,0.961,0.0,1.0,0.961,0.0,0.0,0.1,1.0,0.0,9.42741,0.0,0.0,0.0,0.0,9.42741,0.961,9.42741,0.0,0.0
0.9615,0.0,0.9615,0.0,1.0,0.9615,0.0,0.0,0.1,1.0,0.0,9.432315000000001,0.0,0.0,0.0,0.0,9.432315000000001,0.9615,9.432315000000001,0.0,0.0
0.962,0.0,0.962,0.0,1.0,0.962,0.0,0.0,0.1,1.0,0.0,9.43722,0.0,0.0,0.0,0.0,9.43722,0.962,9.43722,0.0,0.0
0.9625,0.0,0.9625,0.0,1.0,0.9625,0.0,0.0,0.1,1.0,0.0,9.442125,0.0,0.0,0.0,0.0,9.442125,0.9625,9.442125,0.0,0.0
0.963,0.0,0.963,0.0,1.0,0.963,0.0,0.0,0.1,1.0,0.0,9.44703,0.0,0.0,0.0,0.0,9.44703,0.963,9.44703,0.0,0.0
0.9635,0.0,0.9635,0.0,1.0,0.9635,0.0,0.0,0.1,1.0,0.0,9.451935,0.0,0.0,0.0,0.0,9.451935,0.9635,9.451935,0.0,0.0
0.964,0.0,0.964,0.0,1.0,0.964,0.0,0.0,0.1,1.0,0.0,9.45684,0.0,0.0,0.0,0.0,9.45684,0.964,9.45684,0.0,0.0
0.9645,0.0,0.9645,0.0,1.0,0.9645,0.0,0.0,0.1,1.0,0.0,9.461745,0.0,0.0,0.0,0.0,9.461745,0.9645,9.461745,0.0,0.0
0.965,0.0,0.965,0.0,1.0,0.965,0.0,0.0,0.1,1.0,0.0,9.46665,0.0,0.0,0.0,0.0,9.46665,0.965,9.46665,0.0,0.0
0.9655,0.0,0.9655,0.0,1.0,0.9655,0.0,0.0,0.1,1.0,0.0,9.471555,0.0,0.0,0.0,0.0,9.471555,0.9655,9.471555,0.0,0.0
0.966,0.0,0.966,0.0,1.0,0.966,0.0,0.0,0.1,1.0,0.0,9.47646,0.0,0.0,0.0,0.0,9.47646,0.966,9.47646,0.0,0.0
0.9665,0.0,0.9665,0.0,1.0,0.9665,0.0,0.0,0.1,1.0,0.0,9.481365,0.0,0.0,0.0,0.0,9.481365,0.9665,9.481365,0.0,0.0
0.967,0.0,0.967,0.0,1.0,0.967,0.0,0.0,0.1,1.0,0.0,9.48627,0.0,0.0,0.0,0.0,9.48627,0.967,9.48627,0.0,0.0
0.9675,0.0,0.9675,0.0,1.0,0.9675,0.0,0.0,0.1,1.0,0.0,9.491175,0.0,0.0,0.0,0.0,9.491175,0.9675,9.491175,0.0,0.0
0.968,0.0,0.968,0.0,1.0,0.968,0.0,0.0,0.1,1.0,0.0,9.496080000000001,0.0,0.0,0.0,0.0,9.496080000000001,0.968,9.496080000000001,0.0,0.0
0.9685,0.0,0.9685,0.0,1.0,0.9685,0.0,0.0,0.1,1.0,0.0,9.500985,0.0,0.0,0.0,0.0,9.500985,0.9685,9.500985,0.0,0.0
0.969,0.0,0.969,0.0,1.0,0.969,0.0,0.0,0.1,1.0,0.0,9.50589,0.0,0.0,0.0,0.0,9.50589,0.969,9.50589,0.0,0.0
0.9695,0.0,0.9695,0.0,1.0,0.9695,0.0,0.0,0.1,1.0,0.0,9.510795,0.0,0.0,0.0,0.0,9.510795,0.9695,9.510795,0.0,0.0
0.97,0.0,0.97,0.0,1.0,0.97,0.0,0.0,0.1,1.0,0.0,9.5157,0.0,0.0,0.0,0.0,9.5157,0.97,9.5157,0.0,0.0
0.9705,0.0,0.9705,0.0,1.0,0.9705,0.0,0.0,0.1,1.0,0.0,9.520605000000002,0.0,0.0,0.0,0.0,9.520605000000002,0.9705,9.520605000000002,0.0,0.0
0.971,0.0,0.971,0.0,1.0,0.971,0.0,0.0,0.1,1.0,0.0,9.52551,0.0,0.0,0.0,0.0,9.52551,0.971,9.52551,0.0,0.0
0.9715,0.0,0.9715,0.0,1.0,0.9715,0.0,0.0,0.1,1.0,0.0,9.530415000000001,0.0,0.0,0.0,0.0,9.530415000000001,0.9715,9.530415000000001,0.0,0.0
0.972,0.0,0.972,0.0,1.0,0.972,0.0,0.0,0.1,1.0,0.0,9.53532,0.0,0.0,0.0,0.0,9.53532,0.972,9.53532,0.0,0.0
0.9725,0.0,0.9725,0.0,1.0,0.9725,0.0,0.0,0.1,1.0,0.0,9.540225000000001,0.0,0.0,0.0,0.0,9.540225000000001,0.9725,9.540225000000001,0.0,0.0
0.973,0.0,0.973,0.0,1.0,0.973,0.0,0.0,0.1,1.0,0.0,9.54513,0.0,0.0,0.0,0.0,9.54513,0.973,9.54513,0.0,0.0
0.9735,0.0,0.9735,0.0,1.0,0.9735,0.0,0.0,0.1,1.0,0.0,9.550035000000001,0.0,0.0,0.0,0.0,9.550035000000001,0.9735,9.550035000000001,0.0,0.0
0.974,0.0,0.974,0.0,1.0,0.974,0.0,0.0,0.1,1.0,0.0,9.55494,0.0,0.0,0.0,0.0,9.55494,0.974,9.55494,0.0,0.0
0.9745,0.0,0.9745,0.0,1.0,0.9745,0.0,0.0,0.1,1.0,0.0,9.559845000000001,0.0,0.0,0.0,0.0,9.559845000000001,0.9745,9.559845000000001,0.0,0.0
0.975,0.0,0.975,0.0,1.0,0.975,0.0,0.0,0.1,1.0,0.0,9.56475,0.0,0.0,0.0,0.0,9.56475,0.975,9.56475,0.0,0.0
0.9755,0.0,0.9755,0.0,1.0,0.9755,0.0,0.0,0.1,1.0,0.0,9.569655000000001,0.0,0.0,0.0,0.0,9.569655000000001,0.9755,9.569655000000001,0.0,0.0
0.976,0.0,0.976,0.0,1.0,0.976,0.0,0.0,0.1,1.0,0.0,9.57456,0.0,0.0,0.0,0.0,9.57456,0.976,9.57456,0.0,0.0
0.9765,0.0,0.9765,0.0,1.0,0.9765,0.0,0.0,0.1,1.0,0.0,9.579465,0.0,0.0,0.0,0.0,9.579465,0.9765,9.579465,0.0,0.0
0.977,0.0,0.977,0.0,1.0,0.977,0.0,0.0,0.1,1.0,0.0,9.58437,0.0,0.0,0.0,0.0,9.58437,0.977,9.58437,0.0,0.0
0.9775,0.0,0.9775,0.0,1.0,0.9775,0.0,0.0,0.1,1.0,0.0,9.589275,0.0,0.0,0.0,0.0,9.589275,0.9775,9.589275,0.0,0.0
0.978,0.0,0.978,0.0,1.0,0.978,0.0,0.0,0.1,1.0,0.0,9.59418,0.0,0.0,0.0,0.0,9.59418,0.978,9.59418,0.0,0.0
0.9785,0.0,0.9785,0.0,1.0,0.9785,0.0,0.0,0.1,1.0,0.0,9.599085,0.0,0.0,0.0,0.0,9.599085,0.9785,9.599085,0.0,0.0
0.979,0.0,0.979,0.0,1.0,0.979,0.0,0.0,0.1,1.0,0.0,9.60399,0.0,0.0,0.0,0.0,9.60399,0.979,9.60399,0.0,0.0
0.9795,0.0,0.9795,0.0,1.0,0.9795,0.0,0.0,0.1,1.0,0.0,9.608895,0.0,0.0,0.0,0.0,9.608895,0.9795,9.608895,0.0,0.0
0.98,0.0,0.98,0.0,1.0,0.98,0.0,0.0,0.1,1.0,0.0,9.6138,0.0,0.0,0.0,0.0,9.6138,0.98,9.6138,0.0,0.0
0.9805,0.0,0.9805,0.0,1.0,0.9805,0.0,0.0,0.1,1.0,0.0,9.618705,0.0,0.0,0.0,0.0,9.618705,0.9805,9.618705,0.0,0.0
0.981,0.0,0.981,0.0,1.0,0.981,0.0,0.0,0.1,1.0,0.0,9.623610000000001,0.0,0.0,0.0,0.0,9.623610000000001,0.981,9.623610000000001,0.0,0.0
0.9815,0.0,0.9815,0.0,1.0,0.9815,0.0,0.0,0.1,1.0,0.0,9.628515,0.0,0.0,0.0,0.0,9.628515,0.9815,9.628515,0.0,0.0
0.982,0.0,0.982,0.0,1.0,0.982,0.0,0.0,0.1,1.0,0.0,9.633420000000001,0.0,0.0,0.0,0.0,9.633420000000001,0.982,9.633420000000001,0.0,0.0
0.9825,0.0,0.9825,0.0,1.0,0.9825,0.0,0.0,0.1,1.0,0.0,9.638325,0.0,0.0,0.0,0.0,9.638325,0.9825,9.638325,0.0,0.0
0.983,0.0,0.983,0.0,1.0,0.983,0.0,0.0,0.1,1.0,0.0,9.64323,0.0,0.0,0.0,0.0,9.64323,0.983,9.64323,0.0,0.0
0.9835,0.0,0.9835,0.0,1.0,0.9835,0.0,0.0,0.1,1.0,0.0,9.648135000000002,0.0,0.0,0.0,0.0,9.648135000000002,0.9835,9.648135000000002,0.0,0.0
0.984,0.0,0.984,0.0,1.0,0.984,0.0,0.0,0.1,1.0,0.0,9.65304,0.0,0.0,0.0,0.0,9.65304,0.984,9.65304,0.0,0.0
0.9845,0.0,0.9845,0.0,1.0,0.9845,0.0,0.0,0.1,1.0,0.0,9.657945000000002,0.0,0.0,0.0,0.0,9.657945000000002,0.9845,9.657945000000002,0.0,0.0
0.985,0.0,0.985,0.0,1.0,0.985,0.0,0.0,0.1,1.0,0.0,9.66285,0.0,0.0,0.0,0.0,9.66285,0.985,9.66285,0.0,0.0
0.9855,0.0,0.9855,0.0,1.0,0.9855,0.0,0.0,0.1,1.0,0.0,9.667755000000001,0.0,0.0,0.0,0.0,9.667755000000001,0.9855,9.667755000000001,0.0,0.0
0.986,0.0,0.986,0.0,1.0,0.986,0.0,0.0,0.1,1.0,0.0,9.67266,0.0,0.0,0.0,0.0,9.67266,0.986,9.67266,0.0,0.0
0.9865,0.0,0.9865,0.0,1.0,0.9865,0.0,0.0,0.1,1.0,0.0,9.677565000000001,0.0,0.0,0.0,0.0,9.677565000000001,0.9865,9.677565000000001,0.0,0.0
0.987,0.0,0.987,0.0,1.0,0.987,0.0,0.0,0.1,1.0,0.0,9.68247,0.0,0.0,0.0,0.0,9.68247,0.987,9.68247,0.0,0.0
0.9875,0.0,0.9875,0.0,1.0,0.9875,0.0,0.0,0.1,1.0,0.0,9.687375000000001,0.0,0.0,0.0,0.0,9.687375000000001,0.9875,9.687375000000001,0.0,0.0
0.988,0.0,0.988,0.0,1.0,0.988,0.0,0.0,0.1,1.0,0.0,9.69228,0.0,0.0,0.0,0.0,9.69228,0.988,9.69228,0.0,0.0
0.9885,0.0,0.9885,0.0,1.0,0.9885,0.0,0.0,0.1,1.0,0.0,9.697185000000001,0.0,0.0,0.0,0.0,9.697185000000001,0.9885,9.697185000000001,0.0,0.0
0.989,0.0,0.989,0.0,1.0,0.989,0.0,0.0,0.1,1.0,0.0,9.70209,0.0,0.0,0.0,0.0,9.70209,0.989,9.70209,0.0,0.0
0.9895,0.0,0.9895,0.0,1.0,0.9895,0.0,0.0,0.1,1.0,0.0,9.706995000000001,0.0,0.0,0.0,0.0,9.706995000000001,0.9895,9.706995000000001,0.0,0.0
0.99,0.0,0.99,0.0,1.0,0.99,0.0,0.0,0.1,1.0,0.0,9.7119,0.0,0.0,0.0,0.0,9.7119,0.99,9.7119,0.0,0.0
0.9905,0.0,0.9905,0.0,1.0,0.9905,0.0,0.0,0.1,1.0,0.0,9.716805,0.0,0.0,0.0,0.0,9.716805,0.9905,9.716805,0.0,0.0
0.991,0.0,0.991,0.0,1.0,0.991,0.0,0.0,0.1,1.0,0.0,9.72171,0.0,0.0,0.0,0.0,9.72171,0.991,9.72171,0.0,0.0
0.9915,0.0,0.9915,0.0,1.0,0.9915,0.0,0.0,0.1,1.0,0.0,9.726615,0.0,0.0,0.0,0.0,9.726615,0.9915,9.726615,0.0,0.0
0.992,0.0,0.992,0.0,1.0,0.992,0.0,0.0,0.1,1.0,0.0,9.73152,0.0,0.0,0.0,0.0,9.73152,0.992,9.73152,0.0,0.0
0.9925,0.0,0.9925,0.0,1.0,0.9925,0.0,0.0,0.1,1.0,0.0,9.736425,0.0,0.0,0.0,0.0,9.736425,0.9925,9.736425,0.0,0.0
0.993,0.0,0.993,0.0,1.0,0.993,0.0,0.0,0.1,1.0,0.0,9.74133,0.0,0.0,0.0,0.0,9.74133,0.993,9.74133,0.0,0.0
0.9935,0.0,0.9935,0.0,1.0,0.9935,0.0,0.0,0.1,1.0,0.0,9.746235,0.0,0.0,0.0,0.0,9.746235,0.9935,9.746235,0.0,0.0
0.994,0.0,0.994,0.0,1.0,0.994,0.0,0.0,0.1,1.0,0.0,9.751140000000001,0.0,0.0,0.0,0.0,9.751140000000001,0.994,9.751140000000001,0.0,0.0
0.9945,0.0,0.9945,0.0,1.0,0.9945,0.0,0.0,0.1,1.0,0.0,9.756045,0.0,0.0,0.0,0.0,9.756045,0.9945,9.756045,0.0,0.0
0.995,0.0,0.995,0.0,1.0,0.995,0.0,0.0,0.1,1.0,0.0,9.760950000000001,0.0,0.0,0.0,0.0,9.760950000000001,0.995,9.760950000000001,0.0,0.0
0.9955,0.0,0.9955,0.0,1.0,0.9955,0.0,0.0,0.1,1.0,0.0,9.765855,0.0,0.0,0.0,0.0,9.765855,0.9955,9.765855,0.0,0.0
0.996,0.0,0.996,0.0,1.0,0.996,0.0,0.0,0.1,1.0,0.0,9.770760000000001,0.0,0.0,0.0,0.0,9.770760000000001,0.996,9.770760000000001,0.0,0.0
0.9965,0.0,0.9965,0.0,1.0,0.9965,0.0,0.0,0.1,1.0,0.0,9.775665000000002,0.0,0.0,0.0,0.0,9.775665000000002,0.9965,9.775665000000002,0.0,0.0
0.997,0.0,0.997,0.0,1.0,0.997,0.0,0.0,0.1,1.0,0.0,9.78057,0.0,0.0,0.0,0.0,9.78057,0.997,9.78057,0.0,0.0
0.9975,0.0,0.9975,0.0,1.0,0.9975,0.0,0.0,0.1,1.0,0.0,9.785475000000002,0.0,0.0,0.0,0.0,9.785475000000002,0.9975,9.785475000000002,0.0,0.0
0.998,0.0,0.998,0.0,1.0,0.998,0.0,0.0,0.1,1.0,0.0,9.79038,0.0,0.0,0.0,0.0,9.79038,0.998,9.79038,0.0,0.0
0.9985,0.0,0.9985,0.0,1.0,0.9985,0.0,0.0,0.1,1.0,0.0,9.795285000000002,0.0,0.0,0.0,0.0,9.795285000000002,0.9985,9.795285000000002,0.0,0.0
0.999,0.0,0.999,0.0,1.0,0.999,0.0,0.0,0.1,1.0,0.0,9.80019,0.0,0.0,0.0,0.0,9.80019,0.999,9.80019,0.0,0.0
0.9995,0.0,0.9995,0.0,1.0,0.9995,0.0,0.0,0.1,1.0,0.0,9.805095000000001,0.0,0.0,0.0,0.0,9.805095000000001,0.9995,9.805095000000001,0.0,0.0
1.0,0.0,1.0,0.0,1.0,1.0,0.0,0.0,0.1,1.0,0.0,9.81,0.0,0.0,0.0,0.0,9.81,1.0,9.81,0.0,0.0
