time,outputs[1],outputs[2]
0.0,25.0,20.0
0.001,25.0,20.009999980000032
0.002,25.0,20.019998567862956
0.003,25.0,20.029995763813247
0.004,25.0,20.039991568075493
0.005,25.0,20.049985980874112
0.006,25.0,20.059979002433522
0.007,25.0,20.069970632978084
0.008,25.0,20.0799608727321
0.009000000000000001,25.0,20.08994972191988
0.01,25.0,20.099937180765608
0.011,25.0,20.10992324949342
0.012,25.0,20.119907928327507
0.013000000000000001,25.0,20.12989121749189
0.014,25.0,20.13987311721064
0.015,25.0,20.149853627707728
0.016,25.0,20.159832749207055
0.017,25.0,20.16981048193253
0.018000000000000002,25.0,20.179786826108
0.019,25.0,20.189761781957202
0.02,25.0,20.19973534970393
0.021,25.0,20.20970752957186
0.022,25.0,20.21967832178467
0.023,25.0,20.22964772656593
0.024,25.0,20.2396157441392
0.025,25.0,20.249582374727993
0.026000000000000002,25.0,20.259547618555757
0.027,25.0,20.269511475845945
0.028,25.0,20.279473946821838
0.029,25.0,20.28943503170683
0.03,25.0,20.299394730724146
0.031,25.0,20.30935304409701
0.032,25.0,20.319309972048643
0.033,25.0,20.329265514802103
0.034,25.0,20.339219672580498
0.035,25.0,20.349172445606882
0.036000000000000004,25.0,20.359123834104196
0.037,25.0,20.369073838295435
0.038,25.0,20.379022458403426
0.039,25.0,20.388969694651053
0.04,25.0,20.39891554726114
0.041,25.0,20.4088600164564
0.042,25.0,20.418803102459492
0.043000000000000003,25.0,20.428744805493125
0.044,25.0,20.438685125779898
0.045,25.0,20.448624063542354
0.046,25.0,20.458561619003035
0.047,25.0,20.468497792384426
0.048,25.0,20.478432583908898
0.049,25.0,20.488365993798823
0.05,25.0,20.498298022276572
0.051000000000000004,25.0,20.508228669564403
0.052000000000000005,25.0,20.518157935884517
0.053,25.0,20.528085821459115
0.054,25.0,20.53801232651034
0.055,25.0,20.54793745126028
0.056,25.0,20.55786119593097
0.057,25.0,20.56778356074443
0.058,25.0,20.577704545922586
0.059000000000000004,25.0,20.58762415168735
0.06,25.0,20.597542378260584
0.061,25.0,20.60745922586409
0.062,25.0,20.617374694719615
0.063,25.0,20.627288785048904
0.064,25.0,20.63720149707359
0.065,25.0,20.647112831015306
0.066,25.0,20.657022787095684
0.067,25.0,20.666931365536186
0.068,25.0,20.676838566558274
0.069,25.0,20.686744390383467
0.07,25.0,20.696648837233056
0.07100000000000001,25.0,20.706551907328446
0.07200000000000001,25.0,20.71645360089093
0.073,25.0,20.72635391814174
0.074,25.0,20.736252859302056
0.075,25.0,20.746150424593054
0.076,25.0,20.756046614235856
0.077,25.0,20.76594142845147
0.078,25.0,20.775834867460958
0.079,25.0,20.78572693148527
0.08,25.0,20.79561762074536
0.081,25.0,20.805506935462063
0.082,25.0,20.815394875856214
0.083,25.0,20.825281442148594
0.084,25.0,20.835166634559926
0.085,25.0,20.845050453310932
0.08600000000000001,25.0,20.854932898622224
0.08700000000000001,25.0,20.86481397071441
0.088,25.0,20.87469366980804
0.089,25.0,20.884571996123555
0.09,25.0,20.894448949881507
0.091,25.0,20.904324531302223
0.092,25.0,20.91419874060614
0.093,25.0,20.924071578013525
0.094,25.0,20.933943043744648
0.095,25.0,20.943813138019777
0.096,25.0,20.95368186105901
0.097,25.0,20.96354921308256
0.098,25.0,20.973415194310462
0.099,25.0,20.983279804962763
0.1,25.0,20.993143045259444
0.101,25.0,21.00300491542049
0.10200000000000001,25.0,21.01286541566577
0.10300000000000001,25.0,21.02272454621516
0.10400000000000001,25.0,21.032582307288408
0.105,25.0,21.042438699105332
0.106,25.0,21.052293721885633
0.107,25.0,21.06214737584895
0.108,25.0,21.07199966121493
0.109,25.0,21.08185057820316
0.11,25.0,21.091700127033164
0.111,25.0,21.10154830792436
0.112,25.0,21.11139512109628
0.113,25.0,21.12124056676828
0.114,25.0,21.13108464515966
0.115,25.0,21.140927356489783
0.116,25.0,21.150768700977835
0.117,25.0,21.16060867884306
0.11800000000000001,25.0,21.17044729030465
0.11900000000000001,25.0,21.180284535581677
0.12,25.0,21.190120414893215
0.121,25.0,21.199954928458283
0.122,25.0,21.209788076495897
0.123,25.0,21.219619859224906
0.124,25.0,21.22945027686427
0.125,25.0,21.23927932963278
0.126,25.0,21.24910701774928
0.127,25.0,21.258933341432453
0.128,25.0,21.268758300901027
0.129,25.0,21.27858189637368
0.13,25.0,21.288404128068976
0.131,25.0,21.298224996205477
0.132,25.0,21.308044501001746
0.133,25.0,21.317862642676232
0.134,25.0,21.32767942144733
0.135,25.0,21.337494837533427
0.136,25.0,21.34730889115292
0.137,25.0,21.35712158252403
0.138,25.0,21.366932911865035
0.139,25.0,21.3767428793941
0.14,25.0,21.38655148532939
0.14100000000000001,25.0,21.396358729889016
0.14200000000000002,25.0,21.406164613291025
0.14300000000000002,25.0,21.415969135753414
0.14400000000000002,25.0,21.425772297494177
0.145,25.0,21.435574098731195
0.146,25.0,21.445374539682405
0.147,25.0,21.455173620565574
0.148,25.0,21.464971341598527
0.149,25.0,21.47476770299903
0.15,25.0,21.48456270498474
0.151,25.0,21.494356347773305
0.152,25.0,21.504148631582325
0.153,25.0,21.51393955662934
0.154,25.0,21.523729123131886
0.155,25.0,21.533517331307394
0.156,25.0,21.543304181373344
0.157,25.0,21.55308967354705
0.158,25.0,21.56287380804588
0.159,25.0,21.57265658508709
0.16,25.0,21.582438004887933
0.161,25.0,21.592218067665613
0.162,25.0,21.601996773637268
0.163,25.0,21.611774123019984
0.164,25.0,21.62155011603079
0.165,25.0,21.63132475288677
0.166,25.0,21.641098033804838
0.167,25.0,21.65086995900191
0.168,25.0,21.6606405286949
0.169,25.0,21.670409743100606
0.17,25.0,21.680177602435776
0.171,25.0,21.68994410691721
0.17200000000000001,25.0,21.699709256761594
0.17300000000000001,25.0,21.709473052185558
0.17400000000000002,25.0,21.719235493405733
0.17500000000000002,25.0,21.728996580638636
0.176,25.0,21.738756314100783
0.177,25.0,21.748514694008634
0.178,25.0,21.758271720578648
0.179,25.0,21.768027394027172
0.18,25.0,21.77778171457055
0.181,25.0,21.787534682425076
0.182,25.0,21.797286297806977
0.183,25.0,21.80703656093243
0.184,25.0,21.816785472017614
0.185,25.0,21.826533031278586
0.186,25.0,21.836279238931468
0.187,25.0,21.846024095192206
0.188,25.0,21.855767600276863
0.189,25.0,21.865509754401273
0.19,25.0,21.875250557781385
0.191,25.0,21.884990010632976
0.192,25.0,21.89472811317188
0.193,25.0,21.904464865613818
0.194,25.0,21.914200268174454
0.195,25.0,21.92393432106951
0.196,25.0,21.93366702451459
0.197,25.0,21.943398378725192
0.198,25.0,21.95312838391692
0.199,25.0,21.962857040305153
0.2,25.0,21.972584348105386
0.201,25.0,21.982310307532998
0.202,25.0,21.992034918803313
0.203,25.0,22.001758182131653
0.20400000000000001,25.0,22.011480097733227
0.20500000000000002,25.0,22.021200665823244
0.20600000000000002,25.0,22.030919886616914
0.20700000000000002,25.0,22.040637760329332
0.20800000000000002,25.0,22.050354287175537
0.209,25.0,22.060069467370568
0.21,25.0,22.069783301129405
0.211,25.0,22.079495788666975
0.212,25.0,22.089206930198202
0.213,25.0,22.098916725937897
0.214,25.0,22.108625176100873
0.215,25.0,22.118332280901882
0.216,25.0,22.12803804055568
0.217,25.0,22.13774245527685
0.218,25.0,22.14744552528009
0.219,25.0,22.15714725077993
0.22,25.0,22.166847631990947
0.221,25.0,22.176546669127617
0.222,25.0,22.186244362404352
0.223,25.0,22.195940712035565
0.224,25.0,22.205635718235612
0.225,25.0,22.215329381218794
0.226,25.0,22.22502170119941
0.227,25.0,22.234712678391645
0.228,25.0,22.244402313009743
0.229,25.0,22.254090605267777
0.23,25.0,22.263777555379818
0.231,25.0,22.27346316355994
0.232,25.0,22.283147430022154
0.233,25.0,22.292830354980367
0.234,25.0,22.302511938648536
0.23500000000000001,25.0,22.312192181240505
0.23600000000000002,25.0,22.321871082970063
0.23700000000000002,25.0,22.331548644051054
0.23800000000000002,25.0,22.341224864697153
0.23900000000000002,25.0,22.350899745122092
0.24,25.0,22.360573285539488
0.241,25.0,22.3702454861629
0.242,25.0,22.37991634720595
0.243,25.0,22.389585868882136
0.244,25.0,22.39925405140491
0.245,25.0,22.40892089498766
0.246,25.0,22.418586399843775
0.247,25.0,22.428250566186648
0.248,25.0,22.437913394229497
0.249,25.0,22.4475748841856
0.25,25.0,22.457235036268173
0.251,25.0,22.466893850690326
0.252,25.0,22.476551327665163
0.253,25.0,22.48620746740579
0.254,25.0,22.495862270125258
0.255,25.0,22.5055157360365
0.256,25.0,22.515167865352453
0.257,25.0,22.524818658285994
0.258,25.0,22.534468115050004
0.259,25.0,22.544116235857246
0.26,25.0,22.553763020920485
0.261,25.0,22.56340847045243
0.262,25.0,22.57305258466579
0.263,25.0,22.582695363773155
0.264,25.0,22.592336807987124
0.265,25.0,22.601976917520233
0.266,25.0,22.611615692584962
0.267,25.0,22.621253133393736
0.268,25.0,22.630889240159036
0.269,25.0,22.64052401309317
0.27,25.0,22.65015745240845
0.271,25.0,22.659789558317186
0.272,25.0,22.669420331031574
0.273,25.0,22.67904977076381
0.274,25.0,22.68867787772598
0.275,25.0,22.698304652130275
0.276,25.0,22.70793009418867
0.277,25.0,22.71755420411324
0.278,25.0,22.727176982115907
0.279,25.0,22.736798428408576
0.28,25.0,22.746418543203163
0.281,25.0,22.75603732671152
0.28200000000000003,25.0,22.765654779145393
0.28300000000000003,25.0,22.77527090071652
0.28400000000000003,25.0,22.784885691636646
0.28500000000000003,25.0,22.794499152117396
0.28600000000000003,25.0,22.8041112823704
0.28700000000000003,25.0,22.813722082607228
0.28800000000000003,25.0,22.823331553039395
0.289,25.0,22.832939693878416
0.29,25.0,22.84254650533569
0.291,25.0,22.852151987622676
0.292,25.0,22.86175614095066
0.293,25.0,22.871358965530987
0.294,25.0,22.880960461574887
0.295,25.0,22.89056062929359
0.296,25.0,22.900159468898323
0.297,25.0,22.90975698060015
0.298,25.0,22.919353164610186
0.299,25.0,22.92894802113949
0.3,25.0,22.938541550399066
0.301,25.0,22.94813375259986
0.302,25.0,22.957724627952814
0.303,25.0,22.967314176668765
0.304,25.0,22.976902398958543
0.305,25.0,22.986489295032925
0.306,25.0,22.996074865102685
0.307,25.0,23.00565910937854
0.308,25.0,23.0152420280711
0.309,25.0,23.024823621390965
0.31,25.0,23.03440388954874
0.311,25.0,23.04398283275492
0.312,25.0,23.053560451219994
0.313,25.0,23.063136745154395
0.314,25.0,23.07271171476856
0.315,25.0,23.082285360272806
0.316,25.0,23.091857681877457
0.317,25.0,23.10142867979272
0.318,25.0,23.110998354228855
0.319,25.0,23.120566705396072
0.32,25.0,23.130133733504465
0.321,25.0,23.139699438764126
0.322,25.0,23.14926382138509
0.323,25.0,23.158826881577397
0.324,25.0,23.168388619550967
0.325,25.0,23.177949035515724
0.326,25.0,23.187508129681532
0.327,25.0,23.19706590225826
0.328,25.0,23.206622353455657
0.329,25.0,23.216177483483477
0.33,25.0,23.225731292551473
0.331,25.0,23.235283780869224
0.332,25.0,23.24483494864637
0.333,25.0,23.254384796092495
0.334,25.0,23.26393332341712
0.335,25.0,23.273480530829772
0.336,25.0,23.283026418539805
0.337,25.0,23.292570986756687
0.338,25.0,23.30211423568977
0.339,25.0,23.3116561655483
0.34,25.0,23.321196776541626
0.341,25.0,23.330736068878934
0.342,25.0,23.34027404276941
0.343,25.0,23.349810698422175
0.34400000000000003,25.0,23.35934603604636
0.34500000000000003,25.0,23.36888005585098
0.34600000000000003,25.0,23.3784127580451
0.34700000000000003,25.0,23.387944142837625
0.34800000000000003,25.0,23.397474210437565
0.34900000000000003,25.0,23.407002961053706
0.35000000000000003,25.0,23.41653039489495
0.35100000000000003,25.0,23.426056512170078
0.352,25.0,23.435581313087823
0.353,25.0,23.445104797856914
0.354,25.0,23.45462696668602
0.355,25.0,23.46414781978376
0.356,25.0,23.473667357358693
0.357,25.0,23.483185579619374
0.358,25.0,23.492702486774306
0.359,25.0,23.502218079031934
0.36,25.0,23.511732356600703
0.361,25.0,23.521245319688944
0.362,25.0,23.53075696850499
0.363,25.0,23.54026730325711
0.364,25.0,23.549776324153527
0.365,25.0,23.559284031402456
0.366,25.0,23.568790425212057
0.367,25.0,23.578295505790436
0.368,25.0,23.587799273345638
0.369,25.0,23.59730172808571
0.37,25.0,23.606802870218644
0.371,25.0,23.61630269995237
0.372,25.0,23.625801217494768
0.373,25.0,23.63529842305371
0.374,25.0,23.64479431683702
0.375,25.0,23.65428889905246
0.376,25.0,23.663782169907734
0.377,25.0,23.673274129610547
0.378,25.0,23.68276477836855
0.379,25.0,23.69225411638928
0.38,25.0,23.70174214388038
0.381,25.0,23.71122886104928
0.382,25.0,23.720714268103507
0.383,25.0,23.730198365250487
0.384,25.0,23.739681152697585
0.385,25.0,23.74916263065211
0.386,25.0,23.75864279932142
0.387,25.0,23.76812165891272
0.388,25.0,23.77759920963325
0.389,25.0,23.787075451690214
0.39,25.0,23.796550385290743
0.391,25.0,23.806024010641863
0.392,25.0,23.815496327950655
0.393,25.0,23.82496733742414
0.394,25.0,23.83443703926929
0.395,25.0,23.843905433692953
0.396,25.0,23.85337252090204
0.397,25.0,23.86283830110341
0.398,25.0,23.87230277450385
0.399,25.0,23.881765941310107
0.4,25.0,23.89122780172886
0.401,25.0,23.900688355966793
0.402,25.0,23.910147604230474
0.403,25.0,23.91960554672653
0.404,25.0,23.92906218366153
0.405,25.0,23.938517515241927
0.406,25.0,23.94797154167418
0.40700000000000003,25.0,23.957424263164683
0.40800000000000003,25.0,23.966875679919838
0.40900000000000003,25.0,23.976325792145985
0.41000000000000003,25.0,23.985774600049353
0.41100000000000003,25.0,23.995222103836227
0.41200000000000003,25.0,24.004668303712776
0.41300000000000003,25.0,24.014113199885173
0.41400000000000003,25.0,24.023556792559532
0.41500000000000004,25.0,24.03299908194191
0.41600000000000004,25.0,24.042440068238363
0.417,25.0,24.051879751654894
0.418,25.0,24.06131813239739
0.419,25.0,24.07075521067179
0.42,25.0,24.080190986683988
0.421,25.0,24.089625460639752
0.422,25.0,24.099058632744857
0.423,25.0,24.108490503205076
0.424,25.0,24.117921072226068
0.425,25.0,24.12735034001355
0.426,25.0,24.136778306773067
0.427,25.0,24.146204972710223
0.428,25.0,24.155630338030505
0.429,25.0,24.165054402939404
0.43,25.0,24.174477167642408
0.431,25.0,24.183898632344892
0.432,25.0,24.193318797252175
0.433,25.0,24.202737662569632
0.434,25.0,24.212155228502525
0.435,25.0,24.221571495256057
0.436,25.0,24.230986463035435
0.437,25.0,24.240400132045806
0.438,25.0,24.24981250249226
0.439,25.0,24.25922357457989
0.44,25.0,24.26863334851373
0.441,25.0,24.2780418244987
0.442,25.0,24.287449002739777
0.443,25.0,24.29685488344188
0.444,25.0,24.306259466809877
0.445,25.0,24.315662753048514
0.446,25.0,24.3250647423626
0.447,25.0,24.334465434956883
0.448,25.0,24.343864831036
0.449,25.0,24.353262930804647
0.45,25.0,24.3626597344674
0.451,25.0,24.37205524222884
0.452,25.0,24.381449454293488
0.453,25.0,24.390842370865812
0.454,25.0,24.400233992150277
0.455,25.0,24.40962431835129
0.456,25.0,24.41901334967315
0.457,25.0,24.428401086320207
0.458,25.0,24.437787528496756
0.459,25.0,24.44717267640698
0.46,25.0,24.456556530255057
0.461,25.0,24.465939090245172
0.462,25.0,24.47532035658145
0.463,25.0,24.4847003294679
0.464,25.0,24.49407900910859
0.465,25.0,24.503456395707474
0.466,25.0,24.512832489468508
0.467,25.0,24.52220729059553
0.468,25.0,24.5315807992925
0.46900000000000003,25.0,24.540953015763137
0.47000000000000003,25.0,24.550323940211285
0.47100000000000003,25.0,24.559693572840615
0.47200000000000003,25.0,24.569061913854853
0.47300000000000003,25.0,24.578428963457668
0.47400000000000003,25.0,24.587794721852617
0.47500000000000003,25.0,24.597159189243314
0.47600000000000003,25.0,24.606522365833257
0.47700000000000004,25.0,24.615884251825946
0.47800000000000004,25.0,24.625244847424824
0.47900000000000004,25.0,24.634604152833276
0.48,25.0,24.64396216825463
0.481,25.0,24.653318893892276
0.482,25.0,24.662674329949425
0.483,25.0,24.67202847662935
0.484,25.0,24.68138133413521
0.485,25.0,24.69073290267022
0.486,25.0,24.700083182437425
0.487,25.0,24.709432173639925
0.488,25.0,24.718779876480767
0.489,25.0,24.728126291162937
0.49,25.0,24.73747141788931
0.491,25.0,24.746815256862874
0.492,25.0,24.756157808286446
0.493,25.0,24.7654990723629
0.494,25.0,24.77483904929494
0.495,25.0,24.784177739285383
0.496,25.0,24.793515142536876
0.497,25.0,24.802851259252122
0.498,25.0,24.812186089633713
0.499,25.0,24.821519633884236
0.5,25.0,24.83085189220617
0.501,25.0,24.840182864802046
0.502,25.0,24.84951255187434
0.503,25.0,24.858840953625474
0.504,25.0,24.868168070257752
0.505,25.0,24.877493901973537
0.506,25.0,24.886818448975134
0.507,25.0,24.896141711464793
0.508,25.0,24.905463689644705
0.509,25.0,24.914784383717006
0.51,25.0,24.924103793883887
0.511,25.0,24.93342192034737
0.512,25.0,24.942738763309535
0.513,25.0,24.952054322972344
0.514,25.0,24.96136859953782
0.515,25.0,24.970681593207814
0.516,25.0,24.979993304184234
0.517,25.0,24.98930373266893
0.518,25.0,24.998612878863696
0.519,25.0,25.00792074297027
0.52,25.0,25.01722732519039
0.521,25.0,25.02653262572568
0.522,25.0,25.035836644777817
0.523,25.0,25.045139382548427
0.524,25.0,25.054440839238964
0.525,25.0,25.063741015050994
0.526,25.0,25.073039910186026
0.527,25.0,25.082337524845457
0.528,25.0,25.091633859230626
0.529,25.0,25.10092891354293
0.53,25.0,25.11022268798365
0.531,25.0,25.11951518275407
0.532,25.0,25.128806398055417
0.533,25.0,25.138096334088914
0.534,25.0,25.147384991055674
0.535,25.0,25.15667236915675
0.536,25.0,25.16595846859326
0.537,25.0,25.175243289566197
0.538,25.0,25.18452683227656
0.539,25.0,25.193809096925293
0.54,25.0,25.203090083713278
0.541,25.0,25.2123697928414
0.542,25.0,25.22164822451043
0.543,25.0,25.2309253789212
0.544,25.0,25.240201256274418
0.545,25.0,25.2494758567708
0.546,25.0,25.25874918061095
0.547,25.0,25.26802122799552
0.548,25.0,25.27729199912511
0.549,25.0,25.286561494200214
0.55,25.0,25.29582971342137
0.551,25.0,25.305096656989008
0.552,25.0,25.314362325103502
0.553,25.0,25.323626717965283
0.554,25.0,25.332889835774665
0.555,25.0,25.34215167873191
0.556,25.0,25.35141224703733
0.557,25.0,25.360671540891076
0.558,25.0,25.369929560493347
0.559,25.0,25.379186306044232
0.56,25.0,25.38844177774388
0.561,25.0,25.397695975792317
0.562,25.0,25.406948900389523
0.5630000000000001,25.0,25.41620055173553
0.5640000000000001,25.0,25.425450930030195
0.5650000000000001,25.0,25.43470003547344
0.5660000000000001,25.0,25.443947868265127
0.5670000000000001,25.0,25.45319442860506
0.5680000000000001,25.0,25.462439716692984
0.5690000000000001,25.0,25.47168373272865
0.5700000000000001,25.0,25.48092647691169
0.5710000000000001,25.0,25.490167949441798
0.5720000000000001,25.0,25.499408150518548
0.5730000000000001,25.0,25.508647080341518
0.5740000000000001,25.0,25.517884739110286
0.5750000000000001,25.0,25.52712112702426
0.5760000000000001,25.0,25.5363562442829
0.577,25.0,25.54559009108567
0.578,25.0,25.554822667631868
0.579,25.0,25.56405397412084
0.58,25.0,25.573284010751877
0.581,25.0,25.58251277772422
0.582,25.0,25.591740275237044
0.583,25.0,25.60096650348953
0.584,25.0,25.610191462680802
0.585,25.0,25.61941515300998
0.586,25.0,25.62863757467602
0.587,25.0,25.637858727877983
0.588,25.0,25.647078612814823
0.589,25.0,25.656297229685492
0.59,25.0,25.66551457868883
0.591,25.0,25.674730660023727
0.592,25.0,25.68394547388891
0.593,25.0,25.693159020483222
0.594,25.0,25.702371300005325
0.595,25.0,25.711582312653945
0.596,25.0,25.720792058627694
0.597,25.0,25.730000538125182
0.598,25.0,25.739207751344964
0.599,25.0,25.748413698485592
0.6,25.0,25.75761837974551
0.601,25.0,25.766821795323153
0.602,25.0,25.776023945416966
0.603,25.0,25.78522483022533
0.604,25.0,25.79442444994652
0.605,25.0,25.803622804778797
0.606,25.0,25.812819894920437
0.607,25.0,25.822015720569652
0.608,25.0,25.831210281924598
0.609,25.0,25.84040357918343
0.61,25.0,25.849595612544192
0.611,25.0,25.858786382204926
0.612,25.0,25.867975888363674
0.613,25.0,25.877164131218365
0.614,25.0,25.886351110966928
0.615,25.0,25.895536827807234
0.616,25.0,25.904721281937157
0.617,25.0,25.91390447355451
0.618,25.0,25.923086402856995
0.619,25.0,25.93226707004243
0.62,25.0,25.941446475308396
0.621,25.0,25.9506246188526
0.622,25.0,25.959801500872686
0.623,25.0,25.968977121566184
0.624,25.0,25.978151481130567
0.625,25.0,25.987324579763367
0.626,25.0,25.99649641766206
0.627,25.0,26.005666995024058
0.628,25.0,26.005066428426915
0.629,25.0,26.00446592188638
0.63,25.0,26.003865475396537
0.631,25.0,26.00326508895131
0.632,25.0,26.002664762544725
0.633,25.0,26.002064496170817
0.634,25.0,26.00146428982356
0.635,25.0,26.000864143496926
0.636,25.0,26.000264057184893
0.637,25.0,25.99966403088149
0.638,25.0,25.99906406458075
0.639,25.0,25.998464158276647
0.64,25.0,25.997864311963156
0.641,25.0,25.997264525634307
0.642,25.0,25.996664799284076
0.643,25.0,25.996065132906494
0.644,25.0,25.995465526495536
0.645,25.0,25.994865980045233
0.646,25.0,25.99426649354956
0.647,25.0,25.993667067002548
0.648,25.0,25.99306770039817
0.649,25.0,25.992468393730462
0.65,25.0,25.991869146993395
0.651,25.0,25.991269960181
0.652,25.0,25.99067083328731
0.653,25.0,25.9900717663063
0.654,25.0,25.989472759232
0.655,25.0,25.988873812058387
0.656,25.0,25.98827492477949
0.657,25.0,25.98767609738934
0.658,25.0,25.987077329881913
0.659,25.0,25.98647862225124
0.66,25.0,25.985879974491354
0.661,25.0,25.985281386596228
0.662,25.0,25.984682858559893
0.663,25.0,25.98408439037638
0.664,25.0,25.983485982039667
0.665,25.0,25.982887633543783
0.666,25.0,25.98228934488276
0.667,25.0,25.98169111605057
0.668,25.0,25.981092947041304
0.669,25.0,25.980494837848937
0.67,25.0,25.9798967884675
0.671,25.0,25.979298798890966
0.672,25.0,25.978700869113425
0.673,25.0,25.97810299912885
0.674,25.0,25.977505188931275
0.675,25.0,25.97690743851473
0.676,25.0,25.976309747873188
0.677,25.0,25.97571211700074
0.678,25.0,25.97511454589136
0.679,25.0,25.974517034539076
0.68,25.0,25.973919582937924
0.681,25.0,25.973322191081934
0.682,25.0,25.972724858965137
0.683,25.0,25.972127586581564
0.684,25.0,25.971530373925248
0.685,25.0,25.97093322099016
0.686,25.0,25.970336127770395
0.687,25.0,25.96973909425992
0.6880000000000001,25.0,25.96914212045283
0.6890000000000001,25.0,25.968545206343094
0.6900000000000001,25.0,25.967948351924804
0.6910000000000001,25.0,25.967351557191932
0.6920000000000001,25.0,25.966754822138512
0.6930000000000001,25.0,25.96615814675863
0.6940000000000001,25.0,25.965561531046262
0.6950000000000001,25.0,25.964964974995496
0.6960000000000001,25.0,25.964368478600306
0.6970000000000001,25.0,25.96377204185478
0.6980000000000001,25.0,25.963175664752896
0.6990000000000001,25.0,25.962579347288738
0.7000000000000001,25.0,25.96198308945634
0.7010000000000001,25.0,25.96138689124973
0.7020000000000001,25.0,25.960790752662945
0.7030000000000001,25.0,25.96019467369001
0.704,25.0,25.959598654324964
0.705,25.0,25.959002694561832
0.706,25.0,25.958406794394705
0.707,25.0,25.957810953817557
0.708,25.0,25.957215172824476
0.709,25.0,25.956619451409495
0.71,25.0,25.956023789566643
0.711,25.0,25.95542818729001
0.712,25.0,25.95483264457357
0.713,25.0,25.954237161411413
0.714,25.0,25.953641737797568
0.715,25.0,25.953046373726124
0.716,25.0,25.952451069191056
0.717,25.0,25.951855824186453
0.718,25.0,25.951260638706344
0.719,25.0,25.950665512744763
0.72,25.0,25.950070446295797
0.721,25.0,25.949475439353478
0.722,25.0,25.948880491911837
0.723,25.0,25.948285603964962
0.724,25.0,25.947690775506885
0.725,25.0,25.947096006531638
0.726,25.0,25.946501297033308
0.727,25.0,25.945906647005927
0.728,25.0,25.945312056443527
0.729,25.0,25.944717525340195
0.73,25.0,25.944123053689964
0.731,25.0,25.94352864148692
0.732,25.0,25.942934288725098
0.733,25.0,25.942339995398527
0.734,25.0,25.941745761501295
0.735,25.0,25.941151587027434
0.736,25.0,25.940557471971033
0.737,25.0,25.939963416326123
0.738,25.0,25.93936942008679
0.739,25.0,25.93877548324707
0.74,25.0,25.93818160580105
0.741,25.0,25.937587787742757
0.742,25.0,25.936994029066284
0.743,25.0,25.93640032976566
0.744,25.0,25.935806689834976
0.745,25.0,25.935213109268318
0.746,25.0,25.934619588059718
0.747,25.0,25.934026126203207
0.748,25.0,25.933432723692874
0.749,25.0,25.932839380522807
0.75,25.0,25.932246096687038
0.751,25.0,25.931652872179654
0.752,25.0,25.931059706994745
0.753,25.0,25.93046660112634
0.754,25.0,25.92987355456853
0.755,25.0,25.929280567315402
0.756,25.0,25.928687639360987
0.757,25.0,25.928094770699374
0.758,25.0,25.927501961324595
0.759,25.0,25.926909211230793
0.76,25.0,25.926316520412
0.761,25.0,25.92572388886225
0.762,25.0,25.925131316575687
0.763,25.0,25.92453880354634
0.764,25.0,25.9239463497683
0.765,25.0,25.923353955235598
0.766,25.0,25.922761619942378
0.767,25.0,25.922169343882672
0.768,25.0,25.92157712705057
0.769,25.0,25.920984969440156
0.77,25.0,25.92039287104552
0.771,25.0,25.919800831860698
0.772,25.0,25.91920885187983
0.773,25.0,25.91861693109695
0.774,25.0,25.918025069506143
0.775,25.0,25.9174332671015
0.776,25.0,25.91684152387711
0.777,25.0,25.916249839827003
0.778,25.0,25.915658214945324
0.779,25.0,25.915066649226105
0.78,25.0,25.91447514266349
0.781,25.0,25.913883695251513
0.782,25.0,25.91329230698426
0.783,25.0,25.912700977855877
0.784,25.0,25.912109707860395
0.785,25.0,25.911518496991903
0.786,25.0,25.910927345244488
0.787,25.0,25.91033625261224
0.788,25.0,25.909745219089302
0.789,25.0,25.909154244669708
0.79,25.0,25.908563329347544
0.791,25.0,25.9079724731169
0.792,25.0,25.907381675971862
0.793,25.0,25.906790937906578
0.794,25.0,25.906200258915078
0.795,25.0,25.905609638991507
0.796,25.0,25.905019078129897
0.797,25.0,25.904428576324392
0.798,25.0,25.90383813356908
0.799,25.0,25.903247749857996
0.8,25.0,25.902657425185282
0.801,25.0,25.902067159545084
0.802,25.0,25.901476952931432
0.803,25.0,25.900886805338416
0.804,25.0,25.90029671676018
0.805,25.0,25.899706687190815
0.806,25.0,25.899116716624405
0.807,25.0,25.89852680505504
0.808,25.0,25.89793695247681
0.809,25.0,25.89734715888386
0.81,25.0,25.896757424270277
0.811,25.0,25.89616774863015
0.812,25.0,25.895578131957564
0.8130000000000001,25.0,25.894988574246668
0.8140000000000001,25.0,25.89439907549155
0.8150000000000001,25.0,25.893809635686296
0.8160000000000001,25.0,25.893220254824996
0.8170000000000001,25.0,25.892630932901795
0.8180000000000001,25.0,25.892041669910782
0.8190000000000001,25.0,25.8914524658461
0.8200000000000001,25.0,25.890863320701783
0.8210000000000001,25.0,25.890274234471974
0.8220000000000001,25.0,25.88968520715082
0.8230000000000001,25.0,25.889096238732407
0.8240000000000001,25.0,25.888507329210825
0.8250000000000001,25.0,25.887918478580218
0.8260000000000001,25.0,25.887329686834676
0.8270000000000001,25.0,25.886740953968285
0.8280000000000001,25.0,25.886152279975192
0.8290000000000001,25.0,25.885563664849485
0.8300000000000001,25.0,25.88497510858531
0.8310000000000001,25.0,25.88438661117675
0.8320000000000001,25.0,25.8837981726179
0.833,25.0,25.883209792902903
0.834,25.0,25.882621472025903
0.835,25.0,25.88203320998099
0.836,25.0,25.88144500676225
0.837,25.0,25.880856862363885
0.838,25.0,25.88026877677993
0.839,25.0,25.879680750004525
0.84,25.0,25.87909278203182
0.841,25.0,25.8785048728559
0.842,25.0,25.87791702247091
0.843,25.0,25.87732923087094
0.844,25.0,25.876741498050137
0.845,25.0,25.876153824002643
0.846,25.0,25.875566208722546
0.847,25.0,25.874978652203936
0.848,25.0,25.874391154441014
0.849,25.0,25.87380371542787
0.85,25.0,25.873216335158588
0.851,25.0,25.872629013627375
0.852,25.0,25.872041750828316
0.853,25.0,25.8714545467555
0.854,25.0,25.87086740140313
0.855,25.0,25.870280314765296
0.856,25.0,25.869693286836082
0.857,25.0,25.869106317609692
0.858,25.0,25.868519407080214
0.859,25.0,25.867932555241794
0.86,25.0,25.867345762088576
0.861,25.0,25.86675902761465
0.862,25.0,25.866172351814157
0.863,25.0,25.865585734681247
0.864,25.0,25.864999176210063
0.865,25.0,25.864412676394693
0.866,25.0,25.86382623522934
0.867,25.0,25.86323985270809
0.868,25.0,25.862653528825092
0.869,25.0,25.862067263574488
0.87,25.0,25.861481056950424
0.871,25.0,25.86089490894699
0.872,25.0,25.860308819558384
0.873,25.0,25.859722788778697
0.874,25.0,25.859136816602074
0.875,25.0,25.858550903022717
0.876,25.0,25.857965048034714
0.877,25.0,25.85737925163221
0.878,25.0,25.85679351380935
0.879,25.0,25.856207834560223
0.88,25.0,25.85562221387903
0.881,25.0,25.855036651759917
0.882,25.0,25.85445114819703
0.883,25.0,25.85386570318451
0.884,25.0,25.85328031671645
0.885,25.0,25.85269498878705
0.886,25.0,25.852109719390455
0.887,25.0,25.85152450852081
0.888,25.0,25.850939356172205
0.889,25.0,25.85035426233884
0.89,25.0,25.84976922701486
0.891,25.0,25.849184250194412
0.892,25.0,25.84859933187164
0.893,25.0,25.848014472040745
0.894,25.0,25.847429670695817
0.895,25.0,25.846844927831
0.896,25.0,25.846260243440497
0.897,25.0,25.845675617518452
0.898,25.0,25.845091050058954
0.899,25.0,25.844506541056205
0.9,25.0,25.84392209050435
0.901,25.0,25.84333769839759
0.902,25.0,25.842753364730015
0.903,25.0,25.842169089495826
0.904,25.0,25.841584872689168
0.905,25.0,25.841000714304187
0.906,25.0,25.840416614335027
0.907,25.0,25.83983257277589
0.908,25.0,25.839248589620865
0.909,25.0,25.838664664864154
0.91,25.0,25.83808079849996
0.911,25.0,25.837496990522368
0.912,25.0,25.836913240925583
0.913,25.0,25.83632954970375
0.914,25.0,25.835745916851067
0.915,25.0,25.835162342361627
0.916,25.0,25.83457882622963
0.917,25.0,25.83399536844928
0.918,25.0,25.83341196901472
0.919,25.0,25.832828627920094
0.92,25.0,25.83224534515955
0.921,25.0,25.831662120727287
0.922,25.0,25.831078954617453
0.923,25.0,25.83049584682425
0.924,25.0,25.82991279734182
0.925,25.0,25.829329806164367
0.926,25.0,25.828746873286036
0.927,25.0,25.828163998700973
0.928,25.0,25.827581182403378
0.929,25.0,25.826998424387398
0.93,25.0,25.826415724647234
0.931,25.0,25.82583308317703
0.932,25.0,25.82525049997099
0.933,25.0,25.82466797502326
0.934,25.0,25.82408550832804
0.935,25.0,25.823503099879474
0.936,25.0,25.822920749671766
0.937,25.0,25.82233845769906
0.9380000000000001,25.0,25.82175622395556
0.9390000000000001,25.0,25.82117404843541
0.9400000000000001,25.0,25.82059193113281
0.9410000000000001,25.0,25.820009872041965
0.9420000000000001,25.0,25.819427871157018
0.9430000000000001,25.0,25.81884592847217
0.9440000000000001,25.0,25.81826404398157
0.9450000000000001,25.0,25.81768221767942
0.9460000000000001,25.0,25.817100449559916
0.9470000000000001,25.0,25.81651873961721
0.9480000000000001,25.0,25.815937087845498
0.9490000000000001,25.0,25.815355494238986
0.9500000000000001,25.0,25.814773958791818
0.9510000000000001,25.0,25.814192481498196
0.9520000000000001,25.0,25.813611062352322
0.9530000000000001,25.0,25.81302970134834
0.9540000000000001,25.0,25.812448398480456
0.9550000000000001,25.0,25.811867153742867
0.9560000000000001,25.0,25.811285967129777
0.9570000000000001,25.0,25.81070483863533
0.9580000000000001,25.0,25.81012376825373
0.9590000000000001,25.0,25.80954275597918
0.96,25.0,25.808961801805822
0.961,25.0,25.808380905727915
0.962,25.0,25.807800067739606
0.963,25.0,25.807219287835096
0.964,25.0,25.806638566008587
0.965,25.0,25.806057902254224
0.966,25.0,25.805477296566266
0.967,25.0,25.80489674893886
0.968,25.0,25.804316259366203
0.969,25.0,25.8037358278425
0.97,25.0,25.803155454361956
0.971,25.0,25.80257513891877
0.972,25.0,25.80199488150714
0.973,25.0,25.80141468212122
0.974,25.0,25.80083454075526
0.975,25.0,25.800254457403412
0.976,25.0,25.79967443205993
0.977,25.0,25.799094464718962
0.978,25.0,25.798514555374766
0.979,25.0,25.797934704021486
0.98,25.0,25.797354910653326
0.981,25.0,25.796775175264486
0.982,25.0,25.796195497849226
0.983,25.0,25.79561587840169
0.984,25.0,25.795036316916082
0.985,25.0,25.79445681338666
0.986,25.0,25.793877367807568
0.987,25.0,25.793297980173065
0.988,25.0,25.792718650477298
0.989,25.0,25.792139378714523
0.99,25.0,25.791560164878888
0.991,25.0,25.79098100896465
0.992,25.0,25.79040191096601
0.993,25.0,25.789822870877174
0.994,25.0,25.78924388869234
0.995,25.0,25.78866496440571
0.996,25.0,25.788086098011547
0.997,25.0,25.787507289503992
0.998,25.0,25.786928538877305
0.999,25.0,25.786349846125688
1.0,25.0,25.785771211243343
1.0010000000000001,25.0,25.785192634224472
1.002,25.0,25.784614115063277
1.0030000000000001,25.0,25.784035653754017
1.004,25.0,25.783457250290894
1.0050000000000001,25.0,25.78287890466811
1.006,25.0,25.782300616879866
1.0070000000000001,25.0,25.78172238692042
1.008,25.0,25.78114421478398
1.0090000000000001,25.0,25.78056610046474
1.01,25.0,25.779988043956962
1.0110000000000001,25.0,25.779410045254792
1.012,25.0,25.77883210435249
1.0130000000000001,25.0,25.77825422124431
1.014,25.0,25.77767639592446
1.0150000000000001,25.0,25.777098628387137
1.016,25.0,25.776520918626545
1.0170000000000001,25.0,25.775943266636943
1.018,25.0,25.775365672412534
1.0190000000000001,25.0,25.774788135947517
1.02,25.0,25.774210657236154
1.0210000000000001,25.0,25.7736332362727
1.022,25.0,25.773055873051305
1.0230000000000001,25.0,25.772478567566225
1.024,25.0,25.771901319811718
1.025,25.0,25.771324129781988
1.026,25.0,25.770746997471235
1.027,25.0,25.77016992287372
1.028,25.0,25.7695929059837
1.029,25.0,25.76901594679532
1.03,25.0,25.768439045302898
1.031,25.0,25.767862201500634
1.032,25.0,25.76728541538273
1.033,25.0,25.766708686943446
1.034,25.0,25.766132016176982
1.035,25.0,25.7655554030776
1.036,25.0,25.764978847639554
1.037,25.0,25.76440234985705
1.038,25.0,25.76382590972429
1.039,25.0,25.76324952723553
1.04,25.0,25.76267320238503
1.041,25.0,25.76209693516705
1.042,25.0,25.761520725575792
1.043,25.0,25.760944573605457
1.044,25.0,25.76036847925036
1.045,25.0,25.759792442504647
1.046,25.0,25.759216463362634
1.047,25.0,25.758640541818522
1.048,25.0,25.75806467786657
1.049,25.0,25.75748887150104
1.05,25.0,25.756913122716128
1.051,25.0,25.756337431506097
1.052,25.0,25.755761797865205
1.053,25.0,25.755186221787653
1.054,25.0,25.7546107032677
1.055,25.0,25.754035242299608
1.056,25.0,25.75345983887763
1.057,25.0,25.752884492995975
1.058,25.0,25.752309204648896
1.059,25.0,25.751733973830653
1.06,25.0,25.751158800535507
1.061,25.0,25.750583684757714
1.062,25.0,25.75000862649148
1.063,25.0,25.749433625731058
1.064,25.0,25.74885868247071
1.065,25.0,25.748283796704698
1.066,25.0,25.747708968427276
1.067,25.0,25.747134197632647
1.068,25.0,25.746559484315128
1.069,25.0,25.74598482846892
1.07,25.0,25.745410230088282
1.071,25.0,25.74483568916753
1.072,25.0,25.744261205700866
1.073,25.0,25.743686779682548
1.074,25.0,25.743112411106836
1.075,25.0,25.74253809996793
1.076,25.0,25.74196384626015
1.077,25.0,25.741389649977748
1.078,25.0,25.740815511114988
1.079,25.0,25.740241429666128
1.08,25.0,25.73966740562537
1.081,25.0,25.739093438987027
1.082,25.0,25.73851952974536
1.083,25.0,25.73794567789463
1.084,25.0,25.73737188342909
1.085,25.0,25.736798146343006
1.086,25.0,25.736224466630574
1.087,25.0,25.735650844286113
1.088,25.0,25.735077279303937
1.089,25.0,25.73450377167825
1.09,25.0,25.733930321403307
1.091,25.0,25.73335692847337
1.092,25.0,25.732783592882754
1.093,25.0,25.732210314625718
1.094,25.0,25.731637093696463
1.095,25.0,25.731063930089306
1.096,25.0,25.730490823798505
1.097,25.0,25.729917774818375
1.098,25.0,25.72934478314312
1.099,25.0,25.728771848767053
1.1,25.0,25.728198971684378
1.101,25.0,25.72762615188941
1.102,25.0,25.727053389376465
1.103,25.0,25.726480684139744
1.104,25.0,25.725908036173564
1.105,25.0,25.725335445472183
1.106,25.0,25.72476291202986
1.107,25.0,25.724190435840853
1.108,25.0,25.72361801689948
1.109,25.0,25.723045655199996
1.11,25.0,25.72247335073672
1.111,25.0,25.721901103503853
1.112,25.0,25.72132891349571
1.113,25.0,25.72075678070661
1.114,25.0,25.720184705130748
1.115,25.0,25.719612686762446
1.116,25.0,25.719040725596017
1.117,25.0,25.718468821625663
1.118,25.0,25.7178969748457
1.119,25.0,25.717325185250445
1.12,25.0,25.716753452834155
1.121,25.0,25.71618177759109
1.122,25.0,25.715610159515563
1.123,25.0,25.715038598601836
1.124,25.0,25.714467094844224
1.125,25.0,25.713895648236985
1.1260000000000001,25.0,25.713324258774378
1.127,25.0,25.71275292645072
1.1280000000000001,25.0,25.712181651260266
1.129,25.0,25.711610433197336
1.1300000000000001,25.0,25.711039272256244
1.131,25.0,25.710468168431248
1.1320000000000001,25.0,25.709897121716608
1.133,25.0,25.70932613210664
1.1340000000000001,25.0,25.708755199595657
1.135,25.0,25.70818432417792
1.1360000000000001,25.0,25.707613505847746
1.137,25.0,25.70704274459939
1.1380000000000001,25.0,25.706472040427172
1.139,25.0,25.705901393325348
1.1400000000000001,25.0,25.705330803288234
1.141,25.0,25.704760270310146
1.1420000000000001,25.0,25.704189794385343
1.143,25.0,25.70361937550814
1.1440000000000001,25.0,25.703049013672796
1.145,25.0,25.702478708873628
1.1460000000000001,25.0,25.70190846110495
1.147,25.0,25.701338270361077
1.1480000000000001,25.0,25.70076813663627
1.149,25.0,25.700198059924844
1.1500000000000001,25.0,25.699628040221057
1.151,25.0,25.699058077519226
1.1520000000000001,25.0,25.698488171813665
1.153,25.0,25.69791832309869
1.154,25.0,25.69734853136862
1.155,25.0,25.696778796617707
1.156,25.0,25.696209118840272
1.157,25.0,25.695639498030573
1.158,25.0,25.695069934182982
1.159,25.0,25.694500427291757
1.16,25.0,25.693930977351215
1.161,25.0,25.69336158435567
1.162,25.0,25.69279224829944
1.163,25.0,25.69222296917684
1.164,25.0,25.691653746982126
1.165,25.0,25.691084581709617
1.166,25.0,25.690515473353685
1.167,25.0,25.689946421908587
1.168,25.0,25.689377427368584
1.169,25.0,25.688808489728046
1.17,25.0,25.68823960898129
1.171,25.0,25.687670785122577
1.172,25.0,25.687102018146277
1.173,25.0,25.68653330804665
1.174,25.0,25.685964654818065
1.175,25.0,25.685396058454785
1.176,25.0,25.684827518951124
1.177,25.0,25.684259036301455
1.178,25.0,25.683690610500037
1.179,25.0,25.683122241541184
1.18,25.0,25.682553929419214
1.181,25.0,25.681985674128498
1.182,25.0,25.681417475663295
1.183,25.0,25.68084933401792
1.184,25.0,25.68028124918675
1.185,25.0,25.679713221164036
1.186,25.0,25.6791452499441
1.187,25.0,25.67857733552131
1.188,25.0,25.678009477889987
1.189,25.0,25.677441677044385
1.19,25.0,25.67687393297888
1.191,25.0,25.676306245687783
1.192,25.0,25.675738615165415
1.193,25.0,25.675171041406088
1.194,25.0,25.674603524404176
1.195,25.0,25.67403606415394
1.196,25.0,25.673468660649746
1.197,25.0,25.67290131388586
1.198,25.0,25.67233402385665
1.199,25.0,25.67176679055649
1.2,25.0,25.67119961397964
1.201,25.0,25.67063249412047
1.202,25.0,25.67006543097324
1.203,25.0,25.66949842453232
1.204,25.0,25.66893147479209
1.205,25.0,25.6683645817468
1.206,25.0,25.66779774539083
1.207,25.0,25.66723096571849
1.208,25.0,25.666664242724096
1.209,25.0,25.666097576402024
1.21,25.0,25.665530966746587
1.211,25.0,25.664964413752102
1.212,25.0,25.66439791741294
1.213,25.0,25.66383147772342
1.214,25.0,25.663265094677854
1.215,25.0,25.66269876827056
1.216,25.0,25.662132498495907
1.217,25.0,25.661566285348272
1.218,25.0,25.66100012882191
1.219,25.0,25.660434028911254
1.22,25.0,25.65986798561056
1.221,25.0,25.659301998914202
1.222,25.0,25.658736068816495
1.223,25.0,25.65817019531181
1.224,25.0,25.657604378394467
1.225,25.0,25.657038618058834
1.226,25.0,25.65647291429923
1.227,25.0,25.655907267110024
1.228,25.0,25.655341676485534
1.229,25.0,25.654776142420076
1.23,25.0,25.65421066490802
1.231,25.0,25.653645243943743
1.232,25.0,25.653079879521556
1.233,25.0,25.652514571635777
1.234,25.0,25.651949320280835
1.235,25.0,25.65138412545099
1.236,25.0,25.650818987140667
1.237,25.0,25.65025390534413
1.238,25.0,25.649688880055805
1.239,25.0,25.64912391127001
1.24,25.0,25.64855899898106
1.241,25.0,25.647994143183382
1.242,25.0,25.647429343871238
1.243,25.0,25.646864601039056
1.244,25.0,25.64629991468115
1.245,25.0,25.645735284791897
1.246,25.0,25.64517071136561
1.247,25.0,25.64460619439666
1.248,25.0,25.64404173387942
1.249,25.0,25.643477329808206
1.25,25.0,25.642912982177393
1.2510000000000001,25.0,25.64234869098135
1.252,25.0,25.641784456214452
1.2530000000000001,25.0,25.641220277871014
1.254,25.0,25.640656155945408
1.2550000000000001,25.0,25.640092090432006
1.256,25.0,25.63952808132518
1.2570000000000001,25.0,25.63896412861925
1.258,25.0,25.638400232308584
1.2590000000000001,25.0,25.637836392387555
1.26,25.0,25.63727260885048
1.2610000000000001,25.0,25.63670888169179
1.262,25.0,25.636145210905795
1.2630000000000001,25.0,25.635581596486873
1.264,25.0,25.635018038429394
1.2650000000000001,25.0,25.63445453672773
1.266,25.0,25.633891091376256
1.2670000000000001,25.0,25.633327702369286
1.268,25.0,25.63276436970125
1.2690000000000001,25.0,25.63220109336646
1.27,25.0,25.631637873359296
1.2710000000000001,25.0,25.631074709674124
1.272,25.0,25.63051160230532
1.2730000000000001,25.0,25.629948551247253
1.274,25.0,25.6293855564943
1.2750000000000001,25.0,25.62882261804083
1.276,25.0,25.628259735881215
1.2770000000000001,25.0,25.62769691000983
1.278,25.0,25.627134140420992
1.2790000000000001,25.0,25.626571427109127
1.28,25.0,25.62600877006861
1.281,25.0,25.62544616929381
1.282,25.0,25.624883624779045
1.283,25.0,25.624321136518745
1.284,25.0,25.62375870450728
1.285,25.0,25.623196328739027
1.286,25.0,25.622634009208355
1.287,25.0,25.622071745909636
1.288,25.0,25.621509538837245
1.289,25.0,25.620947387985552
1.29,25.0,25.62038529334893
1.291,25.0,25.619823254921755
1.292,25.0,25.619261272698452
1.293,25.0,25.61869934667334
1.294,25.0,25.618137476840843
1.295,25.0,25.61757566319534
1.296,25.0,25.6170139057312
1.297,25.0,25.616452204442794
1.298,25.0,25.615890559324555
1.299,25.0,25.615328970370797
1.3,25.0,25.61476743757595
1.301,25.0,25.614205960934385
1.302,25.0,25.613644540440475
1.303,25.0,25.613083176088594
1.304,25.0,25.61252186787317
1.305,25.0,25.611960615788576
1.306,25.0,25.611399419829183
1.307,25.0,25.610838279989366
1.308,25.0,25.610277196263553
1.309,25.0,25.609716168646116
1.31,25.0,25.60915519713143
1.311,25.0,25.60859428171392
1.312,25.0,25.608033422387905
1.313,25.0,25.60747261914787
1.314,25.0,25.60691187198813
1.315,25.0,25.60635118090312
1.316,25.0,25.605790545887203
1.317,25.0,25.605229966934814
1.318,25.0,25.604669444040326
1.319,25.0,25.60410897719811
1.32,25.0,25.603548566402594
1.321,25.0,25.602988211648153
1.322,25.0,25.60242791292916
1.323,25.0,25.60186767024004
1.324,25.0,25.60130748357517
1.325,25.0,25.600747352928977
1.326,25.0,25.600187278295834
1.327,25.0,25.59962725967017
1.328,25.0,25.59906729704636
1.329,25.0,25.59850739041883
1.33,25.0,25.597947539781956
1.331,25.0,25.597387745130163
1.332,25.0,25.596828006457827
1.333,25.0,25.596268323759375
1.334,25.0,25.59570869702918
1.335,25.0,25.595149126261674
1.336,25.0,25.594589611451227
1.337,25.0,25.594030152592268
1.338,25.0,25.59347074967917
1.339,25.0,25.592911402706363
1.34,25.0,25.592352111668276
1.341,25.0,25.591792876559282
1.342,25.0,25.59123369737381
1.343,25.0,25.59067457410623
1.344,25.0,25.590115506750976
1.345,25.0,25.589556495302475
1.346,25.0,25.5889975397551
1.347,25.0,25.588438640103277
1.348,25.0,25.58787979634144
1.349,25.0,25.58732100846396
1.35,25.0,25.586762276465265
1.351,25.0,25.586203600339786
1.352,25.0,25.585644980081895
1.353,25.0,25.585086415686078
1.354,25.0,25.58452790714665
1.355,25.0,25.5839694544581
1.356,25.0,25.583411057614796
1.357,25.0,25.582852716611228
1.358,25.0,25.58229443144171
1.359,25.0,25.58173620210073
1.36,25.0,25.581178028582713
1.361,25.0,25.580619910882035
1.362,25.0,25.580061848993125
1.363,25.0,25.579503842910412
1.364,25.0,25.57894589262827
1.365,25.0,25.57838799814118
1.366,25.0,25.577830159443522
1.367,25.0,25.57727237652972
1.368,25.0,25.576714649394205
1.369,25.0,25.576156978031406
1.37,25.0,25.575599362435753
1.371,25.0,25.575041802601675
1.372,25.0,25.5744842985236
1.373,25.0,25.573926850195903
1.374,25.0,25.57336945761307
1.375,25.0,25.57281212076947
1.3760000000000001,25.0,25.572254839659536
1.377,25.0,25.571697614277753
1.3780000000000001,25.0,25.571140444618493
1.379,25.0,25.570583330676186
1.3800000000000001,25.0,25.57002627244526
1.381,25.0,25.569469269920205
1.3820000000000001,25.0,25.56891232309539
1.383,25.0,25.568355431965244
1.3840000000000001,25.0,25.5677985965242
1.385,25.0,25.567241816766682
1.3860000000000001,25.0,25.56668509268718
1.387,25.0,25.566128424280066
1.3880000000000001,25.0,25.565571811539826
1.389,25.0,25.565015254460832
1.3900000000000001,25.0,25.56445875303757
1.391,25.0,25.563902307264414
1.3920000000000001,25.0,25.563345917135848
1.393,25.0,25.562789582646303
1.3940000000000001,25.0,25.562233303790208
1.395,25.0,25.561677080561992
1.3960000000000001,25.0,25.561120912956085
1.397,25.0,25.560564800966972
1.3980000000000001,25.0,25.560008744589027
1.399,25.0,25.559452743816735
1.4000000000000001,25.0,25.558896798644525
1.401,25.0,25.55834090906683
1.4020000000000001,25.0,25.557785075078073
1.403,25.0,25.557229296672745
1.4040000000000001,25.0,25.556673573845217
1.405,25.0,25.556117906589975
1.4060000000000001,25.0,25.55556229490145
1.407,25.0,25.555006738774125
1.408,25.0,25.554451238202432
1.409,25.0,25.553895793180743
1.41,25.0,25.5533404037036
1.411,25.0,25.552785069765378
1.412,25.0,25.55222979136056
1.413,25.0,25.551674568483577
1.414,25.0,25.551119401128858
1.415,25.0,25.55056428929089
1.416,25.0,25.5500092329641
1.417,25.0,25.549454232142978
1.418,25.0,25.548899286821893
1.419,25.0,25.54834439699539
1.42,25.0,25.54778956265784
1.421,25.0,25.54723478380373
1.422,25.0,25.54668006042749
1.423,25.0,25.546125392523606
1.424,25.0,25.545570780086507
1.425,25.0,25.54501622311068
1.426,25.0,25.544461721590494
1.427,25.0,25.543907275520496
1.428,25.0,25.543352884895114
1.429,25.0,25.542798549708778
1.43,25.0,25.542244269955972
1.431,25.0,25.541690045631128
1.432,25.0,25.54113587672873
1.433,25.0,25.54058176324321
1.434,25.0,25.540027705169052
1.435,25.0,25.539473702500686
1.436,25.0,25.538919755232598
1.437,25.0,25.538365863359218
1.438,25.0,25.53781202687503
1.439,25.0,25.537258245774467
1.44,25.0,25.536704520052012
1.441,25.0,25.536150849702153
1.442,25.0,25.53559723471932
1.443,25.0,25.535043675097995
1.444,25.0,25.534490170832612
1.445,25.0,25.533936721917655
1.446,25.0,25.53338332834761
1.447,25.0,25.53282999011691
1.448,25.0,25.532276707220035
1.449,25.0,25.531723479651475
1.45,25.0,25.53117030740566
1.451,25.0,25.530617190477074
1.452,25.0,25.530064128860147
1.453,25.0,25.529511122549422
1.454,25.0,25.52895817153933
1.455,25.0,25.528405275824298
1.456,25.0,25.52785243539887
1.457,25.0,25.527299650257476
1.458,25.0,25.5267469203946
1.459,25.0,25.52619424580473
1.46,25.0,25.525641626482297
1.461,25.0,25.525089062421785
1.462,25.0,25.52453655361768
1.463,25.0,25.523984100064467
1.464,25.0,25.52343170175658
1.465,25.0,25.522879358688556
1.466,25.0,25.52232707085483
1.467,25.0,25.521774838249883
1.468,25.0,25.521222660868204
1.469,25.0,25.52067053870428
1.47,25.0,25.52011847175254
1.471,25.0,25.519566460007525
1.472,25.0,25.519014503463666
1.473,25.0,25.51846260211545
1.474,25.0,25.51791075595736
1.475,25.0,25.517358964983885
1.476,25.0,25.51680722918951
1.477,25.0,25.516255548568722
1.478,25.0,25.515703923116007
1.479,25.0,25.51515235282585
1.48,25.0,25.514600837692683
1.481,25.0,25.514049377711046
1.482,25.0,25.513497972875427
1.483,25.0,25.512946623180255
1.484,25.0,25.512395328620073
1.485,25.0,25.511844089189367
1.486,25.0,25.511292904882566
1.487,25.0,25.510741775694214
1.488,25.0,25.510190701618797
1.489,25.0,25.5096396826508
1.49,25.0,25.509088718784653
1.491,25.0,25.5085378100149
1.492,25.0,25.507986956336026
1.493,25.0,25.507436157742518
1.494,25.0,25.50688541422886
1.495,25.0,25.5063347257896
1.496,25.0,25.505784092419162
1.497,25.0,25.505233514112035
1.498,25.0,25.50468299086276
1.499,25.0,25.504132522665827
1.5,25.0,25.50358210951572
1.5010000000000001,25.0,25.503031751406922
1.502,25.0,25.502481448333924
1.5030000000000001,25.0,25.50193120029121
1.504,25.0,25.501381007273324
1.5050000000000001,25.0,25.50083086927475
1.506,25.0,25.500280786289977
1.5070000000000001,25.0,25.49973075831349
1.508,25.0,25.499180785339775
1.5090000000000001,25.0,25.498630867363374
1.51,25.0,25.498081004378776
1.5110000000000001,25.0,25.497531196380464
1.512,25.0,25.496981443362984
1.5130000000000001,25.0,25.496431745320763
1.514,25.0,25.495882102248345
1.5150000000000001,25.0,25.495332514140273
1.516,25.0,25.494782980990976
1.5170000000000001,25.0,25.494233502794998
1.518,25.0,25.493684079546824
1.5190000000000001,25.0,25.493134711240998
1.52,25.0,25.492585397872006
1.5210000000000001,25.0,25.492036139434333
1.522,25.0,25.491486935922524
1.5230000000000001,25.0,25.490937787331063
1.524,25.0,25.490388693654438
1.5250000000000001,25.0,25.48983965488719
1.526,25.0,25.48929067102381
1.5270000000000001,25.0,25.488741742058835
1.528,25.0,25.488192867986754
1.5290000000000001,25.0,25.48764404880211
1.53,25.0,25.48709528449939
1.5310000000000001,25.0,25.486546575073078
1.532,25.0,25.48599792051772
1.5330000000000001,25.0,25.485449320827797
1.534,25.0,25.484900775997858
1.5350000000000001,25.0,25.484352286022386
1.536,25.0,25.483803850895924
1.537,25.0,25.48325547061296
1.538,25.0,25.482707145168035
1.539,25.0,25.482158874555637
1.54,25.0,25.481610658770308
1.541,25.0,25.481062497806533
1.542,25.0,25.480514391658858
1.543,25.0,25.479966340321823
1.544,25.0,25.479418343789916
1.545,25.0,25.47887040205768
1.546,25.0,25.4783225151196
1.547,25.0,25.47777468297022
1.548,25.0,25.477226905604027
1.549,25.0,25.47667918301562
1.55,25.0,25.476131515199427
1.551,25.0,25.47558390215005
1.552,25.0,25.475036343861973
1.553,25.0,25.47448884032974
1.554,25.0,25.47394139154784
1.555,25.0,25.47339399751081
1.556,25.0,25.4728466582132
1.557,25.0,25.47229937364949
1.558,25.0,25.47175214381423
1.559,25.0,25.471204968701954
1.56,25.0,25.470657848307212
1.561,25.0,25.470110782624488
1.562,25.0,25.469563771648325
1.563,25.0,25.469016815373266
1.564,25.0,25.468469913793854
1.565,25.0,25.467923066904575
1.566,25.0,25.46737627470003
1.567,25.0,25.466829537174704
1.568,25.0,25.466282854323083
1.569,25.0,25.465736226139768
1.57,25.0,25.4651896526193
1.571,25.0,25.46464313375617
1.572,25.0,25.464096669544915
1.573,25.0,25.46355025998008
1.574,25.0,25.463003905056212
1.575,25.0,25.46245760476785
1.576,25.0,25.46191135910948
1.577,25.0,25.4613651680757
1.578,25.0,25.460819031661003
1.579,25.0,25.460272949859984
1.58,25.0,25.45972692266713
1.581,25.0,25.459180950076984
1.582,25.0,25.45863503208409
1.583,25.0,25.45808916868299
1.584,25.0,25.457543359868225
1.585,25.0,25.456997605634342
1.586,25.0,25.456451905975882
1.587,25.0,25.45590626088739
1.588,25.0,25.455360670363405
1.589,25.0,25.454815134398473
1.59,25.0,25.454269652987136
1.591,25.0,25.45372422612394
1.592,25.0,25.453178853803422
1.593,25.0,25.452633536020187
1.594,25.0,25.45208827276872
1.595,25.0,25.451543064043562
1.596,25.0,25.45099790983926
1.597,25.0,25.45045281015041
1.598,25.0,25.4499077649715
1.599,25.0,25.44936277429713
1.6,25.0,25.44881783812184
1.601,25.0,25.44827295644012
1.602,25.0,25.44772812924657
1.603,25.0,25.44718335653579
1.604,25.0,25.44663863830226
1.605,25.0,25.44609397454053
1.606,25.0,25.4455493652452
1.607,25.0,25.445004810410808
1.608,25.0,25.4444603100319
1.609,25.0,25.44391586410302
1.61,25.0,25.443371472618708
1.611,25.0,25.442827135573566
1.612,25.0,25.442282852962137
1.613,25.0,25.441738624778964
1.614,25.0,25.44119445101859
1.615,25.0,25.440650331675613
1.616,25.0,25.44010626674458
1.617,25.0,25.43956225622003
1.618,25.0,25.439018300096507
1.619,25.0,25.438474398368612
1.62,25.0,25.437930551030888
1.621,25.0,25.437386758077878
1.622,25.0,25.43684301950418
1.623,25.0,25.43629933530434
1.624,25.0,25.4357557054729
1.625,25.0,25.43521213000446
1.6260000000000001,25.0,25.43466860889356
1.627,25.0,25.434125142134803
1.6280000000000001,25.0,25.433581729722675
1.629,25.0,25.433038371651833
1.6300000000000001,25.0,25.43249506791676
1.631,25.0,25.43195181851206
1.6320000000000001,25.0,25.431408623432333
1.633,25.0,25.430865482672118
1.6340000000000001,25.0,25.43032239622596
1.635,25.0,25.42977936408846
1.6360000000000001,25.0,25.42923638625416
1.637,25.0,25.42869346271766
1.6380000000000001,25.0,25.428150593473504
1.639,25.0,25.42760777851629
1.6400000000000001,25.0,25.42706501784056
1.641,25.0,25.426522311440863
1.6420000000000001,25.0,25.42597965931185
1.643,25.0,25.425437061448008
1.6440000000000001,25.0,25.424894517843995
1.645,25.0,25.424352028494297
1.6460000000000001,25.0,25.42380959339357
1.647,25.0,25.42326721253636
1.6480000000000001,25.0,25.422724885917205
1.649,25.0,25.42218261353071
1.6500000000000001,25.0,25.42164039537147
1.651,25.0,25.42109823143403
1.6520000000000001,25.0,25.42055612171299
1.653,25.0,25.420014066202953
1.6540000000000001,25.0,25.419472064898457
1.655,25.0,25.418930117794048
1.6560000000000001,25.0,25.41838822488438
1.657,25.0,25.417846386164
1.6580000000000001,25.0,25.417304601627507
1.659,25.0,25.41676287126944
1.6600000000000001,25.0,25.416221195084404
1.661,25.0,25.415679573066996
1.6620000000000001,25.0,25.415138005211816
1.663,25.0,25.414596491513407
1.6640000000000001,25.0,25.41405503196637
1.665,25.0,25.413513626565248
1.666,25.0,25.412972275304696
1.667,25.0,25.41243097817926
1.668,25.0,25.411889735183536
1.669,25.0,25.411348546312126
1.67,25.0,25.410807411559574
1.671,25.0,25.410266330920535
1.672,25.0,25.409725304389553
1.673,25.0,25.409184331961228
1.674,25.0,25.40864341363016
1.675,25.0,25.40810254939089
1.676,25.0,25.407561739238076
1.677,25.0,25.407020983166262
1.678,25.0,25.406480281170047
1.679,25.0,25.40593963324403
1.68,25.0,25.405399039382814
1.681,25.0,25.404858499580996
1.682,25.0,25.40431801383312
1.683,25.0,25.40377758213384
1.684,25.0,25.403237204477705
1.685,25.0,25.402696880859367
1.686,25.0,25.40215661127337
1.687,25.0,25.401616395714314
1.688,25.0,25.401076234176855
1.689,25.0,25.40053612665554
1.69,25.0,25.399996073144962
1.691,25.0,25.399456073639726
1.692,25.0,25.39891612813443
1.693,25.0,25.398376236623733
1.694,25.0,25.397836399102175
1.695,25.0,25.397296615564358
1.696,25.0,25.39675688600488
1.697,25.0,25.3962172104184
1.698,25.0,25.395677588799458
1.699,25.0,25.395138021142657
1.7,25.0,25.39459850744265
1.701,25.0,25.394059047693986
1.702,25.0,25.393519641891316
1.703,25.0,25.392980290029243
1.704,25.0,25.39244099210231
1.705,25.0,25.39190174810517
1.706,25.0,25.391362558032426
1.707,25.0,25.390823421878736
1.708,25.0,25.39028433963864
1.709,25.0,25.389745311306797
1.71,25.0,25.38920633687775
1.711,25.0,25.388667416346152
1.712,25.0,25.388128549706607
1.713,25.0,25.387589736953714
1.714,25.0,25.38705097808213
1.715,25.0,25.386512273086396
1.716,25.0,25.38597362196117
1.717,25.0,25.385435024701053
1.718,25.0,25.3848964813007
1.719,25.0,25.384357991754655
1.72,25.0,25.383819556057574
1.721,25.0,25.383281174204058
1.722,25.0,25.382742846188705
1.723,25.0,25.382204572006174
1.724,25.0,25.381666351651063
1.725,25.0,25.381128185117973
1.726,25.0,25.38059007240156
1.727,25.0,25.380052013496424
1.728,25.0,25.379514008397166
1.729,25.0,25.37897605709844
1.73,25.0,25.378438159594793
1.731,25.0,25.377900315880936
1.732,25.0,25.377362525951412
1.733,25.0,25.376824789800878
1.734,25.0,25.37628710742399
1.735,25.0,25.37574947881535
1.736,25.0,25.375211903969557
1.737,25.0,25.374674382881267
1.738,25.0,25.37413691554508
1.739,25.0,25.373599501955596
1.74,25.0,25.37306214210747
1.741,25.0,25.372524835995364
1.742,25.0,25.371987583613873
1.743,25.0,25.371450384957598
1.744,25.0,25.370913240021196
1.745,25.0,25.370376148799267
1.746,25.0,25.369839111286467
1.747,25.0,25.369302127477397
1.748,25.0,25.368765197366713
1.749,25.0,25.368228320949072
1.75,25.0,25.367691498219074
1.7510000000000001,25.0,25.367154729171318
1.752,25.0,25.366618013800462
1.7530000000000001,25.0,25.366081352101162
1.754,25.0,25.365544744068018
1.7550000000000001,25.0,25.365008189695686
1.756,25.0,25.364471688978824
1.7570000000000001,25.0,25.36393524191203
1.758,25.0,25.363398848489908
1.7590000000000001,25.0,25.362862508707167
1.76,25.0,25.36232622255835
1.7610000000000001,25.0,25.361789990038176
1.762,25.0,25.36125381114124
1.7630000000000001,25.0,25.3607176858622
1.764,25.0,25.36018161419571
1.7650000000000001,25.0,25.359645596136374
1.766,25.0,25.359109631678848
1.7670000000000001,25.0,25.358573720817787
1.768,25.0,25.358037863547793
1.7690000000000001,25.0,25.35750205986352
1.77,25.0,25.356966309759628
1.7710000000000001,25.0,25.356430613230714
1.772,25.0,25.355894970271493
1.7730000000000001,25.0,25.355359380876564
1.774,25.0,25.354823845040528
1.7750000000000001,25.0,25.354288362758098
1.776,25.0,25.353752934023873
1.7770000000000001,25.0,25.35321755883257
1.778,25.0,25.352682237178783
1.7790000000000001,25.0,25.352146969057117
1.78,25.0,25.351611754462283
1.7810000000000001,25.0,25.35107659338894
1.782,25.0,25.350541485831684
1.7830000000000001,25.0,25.350006431785175
1.784,25.0,25.34947143124407
1.7850000000000001,25.0,25.348936484203023
1.786,25.0,25.348401590656692
1.7870000000000001,25.0,25.347866750599678
1.788,25.0,25.347331964026694
1.7890000000000001,25.0,25.346797230932395
1.79,25.0,25.346262551311384
1.7910000000000001,25.0,25.345727925158315
1.792,25.0,25.345193352467902
1.793,25.0,25.344658833234746
1.794,25.0,25.344124367453503
1.795,25.0,25.34358995511883
1.796,25.0,25.343055596225383
1.797,25.0,25.34252129076782
1.798,25.0,25.341987038740797
1.799,25.0,25.34145284013897
1.8,25.0,25.340918694957054
1.801,25.0,25.340384603189648
1.802,25.0,25.33985056483141
1.803,25.0,25.339316579876993
1.804,25.0,25.338782648321057
1.805,25.0,25.338248770158316
1.806,25.0,25.337714945383368
1.807,25.0,25.337181173990928
1.808,25.0,25.336647455975594
1.809,25.0,25.33611379133208
1.81,25.0,25.335580180055047
1.811,25.0,25.33504662213909
1.812,25.0,25.334513117578922
1.813,25.0,25.33397966636926
1.814,25.0,25.3334462685047
1.815,25.0,25.332912923979904
1.816,25.0,25.332379632789582
1.817,25.0,25.33184639492839
1.818,25.0,25.331313210390988
1.819,25.0,25.33078007917203
1.82,25.0,25.330247001266173
1.821,25.0,25.32971397666813
1.822,25.0,25.32918100537256
1.823,25.0,25.32864808737412
1.824,25.0,25.328115222667464
1.825,25.0,25.32758241124725
1.826,25.0,25.32704965310819
1.827,25.0,25.326516948244944
1.828,25.0,25.325984296652166
1.829,25.0,25.32545169832457
1.83,25.0,25.324919153256815
1.831,25.0,25.324386661443555
1.832,25.0,25.323854222879504
1.833,25.0,25.323321837559263
1.834,25.0,25.3227895054776
1.835,25.0,25.32225722662912
1.836,25.0,25.32172500100853
1.837,25.0,25.321192828610492
1.838,25.0,25.320660709429717
1.839,25.0,25.320128643460862
1.84,25.0,25.319596630698584
1.841,25.0,25.319064671137596
1.842,25.0,25.318532764772556
1.843,25.0,25.31800091159812
1.844,25.0,25.317469111609
1.845,25.0,25.316937364799912
1.846,25.0,25.316405671165512
1.847,25.0,25.315874030700456
1.848,25.0,25.31534244339946
1.849,25.0,25.314810909257176
1.85,25.0,25.31427942826832
1.851,25.0,25.31374800042755
1.852,25.0,25.31321662572958
1.853,25.0,25.312685304169065
1.854,25.0,25.31215403574072
1.855,25.0,25.311622820439197
1.856,25.0,25.311091658259215
1.857,25.0,25.31056054919543
1.858,25.0,25.310029493242553
1.859,25.0,25.3094984903953
1.86,25.0,25.308967540648325
1.861,25.0,25.308436643996345
1.862,25.0,25.307905800434014
1.863,25.0,25.307375009956047
1.864,25.0,25.3068442725571
1.865,25.0,25.306313588231887
1.866,25.0,25.305782956975122
1.867,25.0,25.30525237878146
1.868,25.0,25.304721853645617
1.869,25.0,25.304191381562305
1.87,25.0,25.30366096252618
1.871,25.0,25.303130596532014
1.872,25.0,25.302600283574407
1.873,25.0,25.302070023648128
1.874,25.0,25.301539816747834
1.875,25.0,25.30100966286824
1.8760000000000001,25.0,25.300479562004
1.877,25.0,25.29994951414983
1.8780000000000001,25.0,25.2994195193005
1.879,25.0,25.29888957745061
1.8800000000000001,25.0,25.29835968859493
1.881,25.0,25.297829852728114
1.8820000000000001,25.0,25.29730006984488
1.883,25.0,25.29677033993994
1.8840000000000001,25.0,25.296240663008007
1.885,25.0,25.295711039043738
1.8860000000000001,25.0,25.295181468041903
1.887,25.0,25.29465194999716
1.8880000000000001,25.0,25.29412248490422
1.889,25.0,25.2935930727578
1.8900000000000001,25.0,25.293063713552556
1.891,25.0,25.292534407283256
1.8920000000000001,25.0,25.292005153944558
1.893,25.0,25.291475953531233
1.8940000000000001,25.0,25.290946806037937
1.895,25.0,25.290417711459384
1.8960000000000001,25.0,25.289888669790287
1.897,25.0,25.28935968102536
1.8980000000000001,25.0,25.288830745159316
1.899,25.0,25.28830186218687
1.9000000000000001,25.0,25.287773032102677
1.901,25.0,25.28724425490151
1.9020000000000001,25.0,25.28671553057808
1.903,25.0,25.2861868591271
1.9040000000000001,25.0,25.285658240543228
1.905,25.0,25.285129674821235
1.9060000000000001,25.0,25.284601161955777
1.907,25.0,25.284072701941625
1.9080000000000001,25.0,25.283544294773492
1.909,25.0,25.28301594044609
1.9100000000000001,25.0,25.28248763895408
1.911,25.0,25.28195939029223
1.9120000000000001,25.0,25.28143119445525
1.913,25.0,25.28090305143786
1.9140000000000001,25.0,25.28037496123477
1.915,25.0,25.279846923840694
1.9160000000000001,25.0,25.279318939250345
1.917,25.0,25.278791007458494
1.9180000000000001,25.0,25.2782631284598
1.919,25.0,25.277735302249027
1.92,25.0,25.27720752882084
1.921,25.0,25.27667980817
1.922,25.0,25.27615214029123
1.923,25.0,25.27562452517924
1.924,25.0,25.275096962828798
1.925,25.0,25.274569453234562
1.926,25.0,25.274041996391304
1.927,25.0,25.273514592293736
1.928,25.0,25.272987240936573
1.929,25.0,25.272459942314526
1.93,25.0,25.27193269642237
1.931,25.0,25.271405503254755
1.932,25.0,25.270878362806457
1.933,25.0,25.270351275072244
1.934,25.0,25.269824240046773
1.935,25.0,25.269297257724816
1.936,25.0,25.268770328101084
1.937,25.0,25.268243451170292
1.938,25.0,25.26771662692721
1.939,25.0,25.267189855366553
1.94,25.0,25.26666313648309
1.941,25.0,25.266136470271476
1.942,25.0,25.265609856726485
1.943,25.0,25.265083295842828
1.944,25.0,25.264556787615277
1.945,25.0,25.264030332038544
1.946,25.0,25.2635039291074
1.947,25.0,25.26297757881656
1.948,25.0,25.262451281160736
1.949,25.0,25.26192503613464
1.95,25.0,25.261398843733048
1.951,25.0,25.260872703950724
1.952,25.0,25.260346616782385
1.953,25.0,25.259820582222744
1.954,25.0,25.25929460026657
1.955,25.0,25.25876867090858
1.956,25.0,25.25824279414354
1.957,25.0,25.257716969966168
1.958,25.0,25.25719119837123
1.959,25.0,25.256665479353444
1.96,25.0,25.256139812907577
1.961,25.0,25.255614199028344
1.962,25.0,25.255088637710458
1.963,25.0,25.254563128948746
1.964,25.0,25.254037672737866
1.965,25.0,25.253512269072644
1.966,25.0,25.252986917947794
1.967,25.0,25.25246161935803
1.968,25.0,25.251936373298122
1.969,25.0,25.25141117976284
1.97,25.0,25.2508860387469
1.971,25.0,25.250360950245067
1.972,25.0,25.24983591425206
1.973,25.0,25.249310930762647
1.974,25.0,25.2487859997716
1.975,25.0,25.248261121273686
1.976,25.0,25.24773629526362
1.977,25.0,25.24721152173612
1.978,25.0,25.246686800686007
1.979,25.0,25.246162132107997
1.98,25.0,25.245637515996805
1.981,25.0,25.245112952347256
1.982,25.0,25.244588441154065
1.983,25.0,25.244063982412
1.984,25.0,25.24353957611578
1.985,25.0,25.243015222260226
1.986,25.0,25.242490920840055
1.987,25.0,25.24196667184998
1.988,25.0,25.241442475284828
1.989,25.0,25.240918331139312
1.99,25.0,25.24039423940826
1.991,25.0,25.23987020008633
1.992,25.0,25.239346213168346
1.993,25.0,25.23882227864908
1.994,25.0,25.23829839652325
1.995,25.0,25.237774566785617
1.996,25.0,25.23725078943096
1.997,25.0,25.236727064454044
1.998,25.0,25.236203391849642
1.999,25.0,25.235679771612467
2.0,25.0,25.235156203737347
2.001,25.00416666666667,25.234632688218994
2.0020000000000002,25.008333333333336,25.23410922505218
2.003,25.012500000000003,25.23358581423173
2.004,25.01666666666667,25.23306245575236
2.005,25.020833333333336,25.23253914960884
2.0060000000000002,25.025000000000002,25.232015895795882
2.007,25.02916666666667,25.231492694308315
2.008,25.033333333333335,25.23096954514091
2.009,25.0375,25.230446448288433
2.0100000000000002,25.04166666666667,25.22992340374566
2.011,25.045833333333334,25.2294004115073
2.012,25.050000000000004,25.228877471568183
2.013,25.054166666666667,25.22835458392308
2.0140000000000002,25.058333333333337,25.2278317485667
2.015,25.0625,25.227308965493876
2.016,25.06666666666667,25.226786234699375
2.017,25.070833333333333,25.226263556177912
2.0180000000000002,25.075000000000003,25.225740929924314
2.019,25.07916666666667,25.22521835593335
2.02,25.083333333333336,25.224695834199792
2.021,25.087500000000002,25.22417336471841
2.0220000000000002,25.09166666666667,25.223650947483975
2.023,25.095833333333335,25.223128582491256
2.024,25.1,25.222606269735024
2.025,25.104166666666668,25.22208400921005
2.0260000000000002,25.108333333333334,25.22156180091116
2.027,25.112500000000004,25.22103964483307
2.028,25.116666666666667,25.220517540970604
2.029,25.120833333333337,25.219995489318535
2.0300000000000002,25.125000000000004,25.219473489871632
2.031,25.12916666666667,25.218951542624666
2.032,25.133333333333333,25.218429647572407
2.033,25.137500000000003,25.217907804709682
2.0340000000000003,25.14166666666667,25.217386014031263
2.035,25.145833333333336,25.21686427553186
2.036,25.150000000000002,25.216342589206306
2.037,25.15416666666667,25.215820955049423
2.0380000000000003,25.15833333333334,25.215299373055927
2.039,25.1625,25.214777843220645
2.04,25.166666666666668,25.214256365538347
2.041,25.170833333333334,25.213734940003803
2.0420000000000003,25.175000000000004,25.21321356661184
2.043,25.179166666666667,25.212692245357232
2.044,25.183333333333337,25.212170976234745
2.045,25.1875,25.21164975923915
2.0460000000000003,25.19166666666667,25.211128594365277
2.047,25.195833333333336,25.210607481607838
2.048,25.200000000000003,25.210086420961716
2.049,25.204166666666666,25.209565412421625
2.05,25.208333333333336,25.209044455982394
2.051,25.212500000000002,25.20852355163879
2.052,25.21666666666667,25.208002699385645
2.053,25.220833333333335,25.207481899217726
2.054,25.225,25.206961151129804
2.055,25.22916666666667,25.206440455116706
2.056,25.233333333333334,25.205919811173203
2.057,25.2375,25.205399219294122
2.058,25.241666666666667,25.204878679474234
2.059,25.245833333333337,25.20435819170831
2.06,25.25,25.203837755991174
2.061,25.25416666666667,25.2033173723176
2.062,25.258333333333333,25.202797040682412
2.063,25.262500000000003,25.202276761080384
2.064,25.26666666666667,25.201756533506284
2.065,25.270833333333336,25.20123635795494
2.066,25.275,25.20071623442118
2.067,25.27916666666667,25.200196162899772
2.068,25.283333333333335,25.19967614338549
2.069,25.2875,25.199156175873156
2.07,25.291666666666668,25.198636260357603
2.071,25.295833333333334,25.198116396833598
2.072,25.300000000000004,25.197596585295912
2.073,25.304166666666667,25.197076825739373
2.074,25.308333333333337,25.196557118158807
2.075,25.3125,25.196037462548986
2.076,25.31666666666667,25.195517858904736
2.077,25.320833333333333,25.194998307220885
2.078,25.325000000000003,25.194478807492203
2.079,25.32916666666667,25.19395935971346
2.08,25.333333333333336,25.193439963879484
2.081,25.337500000000002,25.192920619985102
2.082,25.34166666666667,25.19240132802514
2.083,25.34583333333334,25.191882087994372
2.084,25.35,25.191362899887565
2.085,25.354166666666668,25.190843763699604
2.086,25.358333333333334,25.19032467942526
2.087,25.362500000000004,25.18980564705936
2.088,25.366666666666667,25.189286666596672
2.089,25.370833333333337,25.188767738032027
2.09,25.375,25.18824886136025
2.091,25.37916666666667,25.187730036576113
2.092,25.383333333333333,25.187211263674442
2.093,25.387500000000003,25.186692542650064
2.094,25.391666666666666,25.186173873497808
2.095,25.395833333333336,25.1856552562125
2.096,25.400000000000002,25.18513669078891
2.097,25.40416666666667,25.184618177221864
2.098,25.408333333333335,25.184099715506136
2.099,25.4125,25.183581305636608
2.1,25.41666666666667,25.18306294760805
2.101,25.420833333333334,25.18254464141529
2.102,25.425,25.182026387053156
2.103,25.429166666666667,25.181508184516474
2.104,25.433333333333337,25.180990033800015
2.105,25.4375,25.180471934898662
2.106,25.44166666666667,25.179953887807187
2.107,25.445833333333336,25.179435892520416
2.108,25.450000000000003,25.178917949033178
2.109,25.45416666666667,25.178400057340298
2.11,25.458333333333336,25.177882217436547
2.111,25.462500000000002,25.17736442931681
2.112,25.46666666666667,25.176846692975914
2.113,25.470833333333335,25.17632900840863
2.114,25.475,25.175811375609783
2.115,25.47916666666667,25.17529379457426
2.116,25.483333333333334,25.174776265296828
2.117,25.487500000000004,25.174258787772317
2.118,25.491666666666667,25.173741361995553
2.119,25.495833333333337,25.173223987961364
2.12,25.5,25.172706665664577
2.121,25.50416666666667,25.17218939510002
2.122,25.508333333333333,25.17167217626252
2.123,25.512500000000003,25.1711550091469
2.124,25.51666666666667,25.170637893747994
2.125,25.520833333333336,25.170120830060625
2.126,25.525000000000002,25.169603818079622
2.1270000000000002,25.52916666666667,25.16908685779981
2.128,25.533333333333335,25.16856994921602
2.129,25.5375,25.168053092323078
2.13,25.541666666666668,25.167536287115865
2.1310000000000002,25.545833333333334,25.167019533589155
2.132,25.550000000000004,25.166502831737773
2.133,25.554166666666667,25.165986181556605
2.134,25.558333333333337,25.165469583040476
2.1350000000000002,25.562500000000004,25.16495303618416
2.136,25.56666666666667,25.164436540982535
2.137,25.570833333333333,25.163920097430434
2.138,25.575000000000003,25.163403705522683
2.1390000000000002,25.57916666666667,25.162887365254107
2.14,25.583333333333336,25.162371076619593
2.141,25.587500000000002,25.16185483961391
2.142,25.59166666666667,25.16133865423194
2.1430000000000002,25.59583333333334,25.160822520468514
2.144,25.6,25.160306438318457
2.145,25.604166666666668,25.159790407776654
2.146,25.608333333333334,25.159274428837875
2.1470000000000002,25.612500000000004,25.158758501497005
2.148,25.616666666666667,25.15824262574887
2.149,25.620833333333337,25.157726801588296
2.15,25.625,25.157211029010114
2.1510000000000002,25.62916666666667,25.156695308009205
2.152,25.633333333333336,25.156179638580397
2.153,25.637500000000003,25.15566402071852
2.154,25.641666666666666,25.155148454418452
2.1550000000000002,25.645833333333336,25.154632939675025
2.156,25.650000000000002,25.154117476483066
2.157,25.65416666666667,25.1536020648374
2.158,25.658333333333335,25.153086704732914
2.1590000000000003,25.6625,25.152571396164433
2.16,25.66666666666667,25.15205613912684
2.161,25.670833333333334,25.15154093361491
2.162,25.675,25.151025779623524
2.1630000000000003,25.679166666666667,25.150510677147565
2.164,25.683333333333337,25.149995626181862
2.165,25.6875,25.149480626721243
2.166,25.69166666666667,25.14896567876059
2.1670000000000003,25.695833333333336,25.14845078229473
2.168,25.700000000000003,25.147935937318493
2.169,25.70416666666667,25.14742114382676
2.17,25.708333333333336,25.146906401814363
2.1710000000000003,25.712500000000002,25.14639171127618
2.172,25.71666666666667,25.145877072207043
2.173,25.720833333333335,25.145362484601833
2.174,25.725,25.14484794845538
2.1750000000000003,25.72916666666667,25.144333463762507
2.176,25.733333333333334,25.143819030518102
2.177,25.737500000000004,25.14330464871705
2.178,25.741666666666667,25.142790318354173
2.179,25.745833333333334,25.14227603942436
2.18,25.75,25.141761811922436
2.181,25.75416666666667,25.14124763584323
2.182,25.758333333333333,25.140733511181622
2.183,25.762500000000003,25.1402194379325
2.184,25.76666666666667,25.139705416090692
2.185,25.770833333333336,25.13919144565108
2.186,25.775000000000002,25.13867752660849
2.187,25.77916666666667,25.138163658957808
2.188,25.783333333333335,25.137649842693918
2.189,25.7875,25.137136077811647
2.19,25.791666666666668,25.13662236430588
2.191,25.795833333333334,25.13610870217144
2.192,25.800000000000004,25.135595091403218
2.193,25.804166666666667,25.135081531996093
2.194,25.808333333333337,25.134568023944894
2.195,25.8125,25.134054567244505
2.196,25.81666666666667,25.133541161889752
2.197,25.820833333333333,25.133027807875578
2.198,25.825000000000003,25.13251450519681
2.199,25.829166666666666,25.132001253848273
2.2,25.833333333333336,25.131488053824853
2.201,25.837500000000002,25.130974905121434
2.202,25.84166666666667,25.1304618077329
2.203,25.845833333333335,25.129948761654134
2.204,25.85,25.129435766879965
2.205,25.85416666666667,25.128922823405276
2.206,25.858333333333334,25.12840993122495
2.207,25.8625,25.127897090333818
2.208,25.866666666666667,25.12738430072676
2.209,25.870833333333337,25.126871562398662
2.21,25.875,25.12635887534441
2.211,25.87916666666667,25.125846239558882
2.212,25.883333333333336,25.12533365503691
2.213,25.887500000000003,25.12482112177338
2.214,25.891666666666666,25.12430863976317
2.215,25.895833333333336,25.12379620900117
2.216,25.900000000000002,25.12328382948226
2.217,25.90416666666667,25.122771501201328
2.218,25.908333333333335,25.122259224153197
2.219,25.9125,25.121746998332753
2.22,25.91666666666667,25.12123482373488
2.221,25.920833333333334,25.12072270035452
2.222,25.925000000000004,25.1202106281865
2.223,25.929166666666667,25.119698607225644
2.224,25.933333333333337,25.119186637466896
2.225,25.9375,25.11867471890514
2.226,25.94166666666667,25.11816285153526
2.227,25.945833333333333,25.117651035352083
2.228,25.950000000000003,25.11713927035055
2.229,25.95416666666667,25.116627556525486
2.23,25.958333333333336,25.116115893871836
2.231,25.962500000000002,25.115604282384425
2.232,25.96666666666667,25.115092722058193
2.233,25.970833333333335,25.11458121288797
2.234,25.975,25.114069754868638
2.235,25.979166666666668,25.113558347995138
2.236,25.983333333333334,25.113046992262298
2.237,25.987500000000004,25.11253568766506
2.238,25.991666666666667,25.112024434198304
2.239,25.995833333333337,25.11151323185686
2.24,26.000000000000004,25.11100208063567
2.241,26.00416666666667,25.11049098052962
2.242,26.008333333333333,25.10997993153353
2.243,26.012500000000003,25.109468933642347
2.244,26.01666666666667,25.108957986850953
2.245,26.020833333333336,25.108447091154233
2.246,26.025000000000002,25.107936246547126
2.247,26.02916666666667,25.10742545302446
2.248,26.03333333333334,25.106914710581123
2.249,26.0375,25.10640401921205
2.25,26.041666666666668,25.10589337891213
2.251,26.045833333333334,25.10538278967624
2.2520000000000002,26.050000000000004,25.104872251499273
2.253,26.054166666666667,25.104361764376108
2.254,26.058333333333337,25.10385132830163
2.255,26.0625,25.10334094327078
2.2560000000000002,26.06666666666667,25.102830609278442
2.257,26.070833333333336,25.1023203263195
2.258,26.075000000000003,25.10181009438884
2.259,26.079166666666666,25.101299913481398
2.2600000000000002,26.083333333333336,25.100789783592006
2.261,26.087500000000002,25.100279704715604
2.262,26.09166666666667,25.09976967684713
2.263,26.095833333333335,25.099259699981417
2.2640000000000002,26.1,25.0987497741134
2.265,26.10416666666667,25.108043848605917
2.266,26.108333333333334,25.117336643380952
2.267,26.1125,25.126628158639733
2.2680000000000002,26.116666666666667,25.135918394583484
2.269,26.120833333333337,25.14520735141332
2.27,26.125,25.15449502933035
2.271,26.12916666666667,25.163781428535685
2.2720000000000002,26.133333333333336,25.173066549230327
2.273,26.137500000000003,25.182350391615273
2.274,26.14166666666667,25.191632955891464
2.275,26.145833333333336,25.20091424225984
2.2760000000000002,26.150000000000002,25.210194250921234
2.277,26.15416666666667,25.219472982076468
2.278,26.158333333333335,25.228750435926372
2.279,26.1625,25.23802661267166
2.2800000000000002,26.16666666666667,25.247301512513047
2.281,26.170833333333334,25.25657513565119
2.282,26.175000000000004,25.265847482286745
2.283,26.179166666666667,25.275118552620256
2.2840000000000003,26.183333333333337,25.284388346852325
2.285,26.1875,25.29365686518338
2.286,26.19166666666667,25.302924107813908
2.287,26.195833333333333,25.312190074944397
2.2880000000000003,26.200000000000003,25.32145476677516
2.289,26.20416666666667,25.33071818350652
2.29,26.208333333333336,25.339980325338843
2.291,26.212500000000002,25.349241192472334
2.2920000000000003,26.21666666666667,25.358500785107253
2.293,26.220833333333335,25.367759103443746
2.294,26.225,25.377016147682014
2.295,26.229166666666668,25.38627191802209
2.2960000000000003,26.233333333333334,25.39552641466406
2.297,26.237500000000004,25.404779637807906
2.298,26.241666666666667,25.414031587653653
2.299,26.245833333333337,25.423282264401223
2.3000000000000003,26.250000000000004,25.432531668250533
2.301,26.25416666666667,25.441779799401388
2.302,26.258333333333333,25.45102665805365
2.303,26.262500000000003,25.460272244407065
2.3040000000000003,26.26666666666667,25.469516558661383
2.305,26.270833333333336,25.478759601016293
2.306,26.275000000000002,25.488001371671487
2.307,26.27916666666667,25.497241870826542
2.308,26.283333333333335,25.506481098681036
2.309,26.2875,25.515719055434488
2.31,26.29166666666667,25.52495574128642
2.311,26.295833333333334,25.534191156436236
2.312,26.3,25.543425301083403
2.313,26.304166666666667,25.552658175427325
2.314,26.308333333333337,25.56188977966724
2.315,26.3125,25.571120114002497
2.316,26.31666666666667,25.580349178632332
2.317,26.320833333333336,25.58957697375598
2.318,26.325000000000003,25.598803499572625
2.319,26.329166666666666,25.608028756281385
2.32,26.333333333333336,25.617252744081327
2.321,26.337500000000002,25.626475463171516
2.322,26.34166666666667,25.635696913750962
2.323,26.345833333333335,25.644917096018673
2.324,26.35,25.654136010173545
2.325,26.35416666666667,25.663353656414472
2.326,26.358333333333334,25.672570034940293
2.327,26.362500000000004,25.681785145949846
2.328,26.366666666666667,25.690998989641912
2.329,26.370833333333337,25.700211566215216
2.33,26.375,25.709422875868427
2.331,26.37916666666667,25.71863291880021
2.332,26.383333333333333,25.72784169520918
2.333,26.387500000000003,25.737049205293886
2.334,26.39166666666667,25.746255449252885
2.335,26.395833333333336,25.755460427284675
2.336,26.400000000000002,25.764664139587694
2.337,26.40416666666667,25.773866586360327
2.338,26.408333333333335,25.783067767800958
2.339,26.4125,25.79226768410797
2.34,26.416666666666668,25.801466335479574
2.341,26.420833333333334,25.8106637221141
2.342,26.425000000000004,25.819859844209702
2.343,26.429166666666667,25.829054701964594
2.344,26.433333333333337,25.838248295576875
2.345,26.437500000000004,25.8474406252447
2.346,26.44166666666667,25.856631691166058
2.347,26.445833333333333,25.865821493538988
2.348,26.450000000000003,25.875010032561477
2.349,26.45416666666667,25.884197308431396
2.35,26.458333333333336,25.893383321346732
2.351,26.462500000000002,25.902568071505243
2.352,26.46666666666667,25.9117515591048
2.353,26.47083333333334,25.920933784343163
2.354,26.475,25.930114747418088
2.355,26.479166666666668,25.939294448527278
2.356,26.483333333333334,25.94847288786832
2.357,26.487500000000004,25.957650065638916
2.358,26.491666666666667,25.966825982036596
2.359,26.495833333333337,25.976000637258892
2.36,26.5,25.985174031503334
2.361,26.50416666666667,25.99434616496734
2.362,26.508333333333336,26.003517037848326
2.363,26.512500000000003,26.01268665034371
2.364,26.516666666666666,26.021855002650796
2.365,26.520833333333336,26.031022094966886
2.366,26.525000000000002,26.040187927489285
2.367,26.52916666666667,26.049352500415182
2.368,26.533333333333335,26.05851581394171
2.369,26.5375,26.06767786826606
2.37,26.54166666666667,26.076838663585306
2.371,26.545833333333334,26.085998200096526
2.372,26.55,26.09515647799674
2.373,26.554166666666667,26.104313497482963
2.374,26.558333333333337,26.113469258752104
2.375,26.5625,26.12262376200107
2.376,26.56666666666667,26.131777007426706
2.3770000000000002,26.570833333333336,26.140928995225863
2.378,26.575000000000003,26.150079725595333
2.379,26.57916666666667,26.15922919873185
2.38,26.583333333333336,26.168377414832094
2.3810000000000002,26.587500000000002,26.177524374092798
2.382,26.59166666666667,26.186670076710527
2.383,26.595833333333335,26.195814522881847
2.384,26.6,26.204957712803377
2.3850000000000002,26.60416666666667,26.21409964667157
2.386,26.608333333333334,26.223240324682934
2.387,26.612500000000004,26.232379747033917
2.388,26.616666666666667,26.24151791392086
2.3890000000000002,26.620833333333337,26.250654825540153
2.39,26.625,26.25979048208808
2.391,26.62916666666667,26.268924883760917
2.392,26.633333333333333,26.27805803075489
2.3930000000000002,26.637500000000003,26.287189923266226
2.394,26.64166666666667,26.29632056149103
2.395,26.645833333333336,26.30544994562547
2.396,26.650000000000002,26.314578075865597
2.3970000000000002,26.65416666666667,26.323704952407468
2.398,26.658333333333335,26.33283057544702
2.399,26.6625,26.341954945180305
2.4,26.666666666666668,26.35107806180315
2.4010000000000002,26.670833333333334,26.360199925511495
2.402,26.675000000000004,26.369320536501164
2.403,26.679166666666667,26.378439894967983
2.404,26.683333333333337,26.387558001107664
2.4050000000000002,26.687500000000004,26.396674855115975
2.406,26.69166666666667,26.405790457188573
2.407,26.695833333333333,26.41490480752111
2.408,26.700000000000003,26.424017906309246
2.4090000000000003,26.70416666666667,26.43312975374846
2.41,26.708333333333336,26.442240350034353
2.411,26.712500000000002,26.451349695362353
2.412,26.71666666666667,26.460457789927943
2.4130000000000003,26.72083333333334,26.469564633926552
2.414,26.725,26.478670227553494
2.415,26.729166666666668,26.487774571004138
2.416,26.733333333333334,26.4968776644738
2.4170000000000003,26.737500000000004,26.505979508157736
2.418,26.741666666666667,26.51508010225109
2.419,26.745833333333337,26.52417944694912
2.42,26.75,26.53327754244691
2.4210000000000003,26.75416666666667,26.542374388939606
2.422,26.758333333333336,26.551469986622237
2.423,26.762500000000003,26.560564335689833
2.424,26.766666666666666,26.569657436337366
2.4250000000000003,26.770833333333336,26.578749288759752
2.426,26.775000000000002,26.587839893151965
2.427,26.77916666666667,26.596929249708808
2.428,26.783333333333335,26.606017358625138
2.4290000000000003,26.7875,26.61510422009576
2.43,26.79166666666667,26.62418983431536
2.431,26.795833333333334,26.633274201478685
2.432,26.800000000000004,26.642357321780423
2.433,26.804166666666667,26.651439195415207
2.434,26.808333333333337,26.660519822577612
2.435,26.8125,26.669599203462155
2.436,26.81666666666667,26.678677338263412
2.437,26.820833333333333,26.687754227175844
2.438,26.825000000000003,26.696829870393856
2.439,26.82916666666667,26.70590426811185
2.44,26.833333333333336,26.714977420524235
2.441,26.8375,26.7240493278253
2.442,26.84166666666667,26.73311999020933
2.443,26.845833333333335,26.74218940787057
2.444,26.85,26.751257581003244
2.445,26.854166666666668,26.760324509801478
2.446,26.858333333333334,26.769390194459447
2.447,26.862500000000004,26.778454635171215
2.448,26.866666666666667,26.787517832130845
2.449,26.870833333333337,26.796579785532344
2.45,26.875,26.805640495569662
2.451,26.87916666666667,26.814699962436748
2.452,26.883333333333333,26.823758186327495
2.453,26.887500000000003,26.832815167435797
2.454,26.89166666666667,26.84187090595543
2.455,26.895833333333336,26.85092540208018
2.456,26.900000000000002,26.85997865600382
2.457,26.90416666666667,26.869030667920015
2.458,26.90833333333334,26.878081438022434
2.459,26.9125,26.887130966504742
2.46,26.916666666666668,26.89617925356049
2.461,26.920833333333334,26.90522629938323
2.462,26.925000000000004,26.914272104166457
2.463,26.929166666666667,26.923316668103666
2.464,26.933333333333337,26.932359991388296
2.465,26.9375,26.941402074213727
2.466,26.94166666666667,26.950442916773284
2.467,26.945833333333336,26.959482519260348
2.468,26.950000000000003,26.968520881868187
2.469,26.954166666666666,26.977558004790012
2.47,26.958333333333336,26.986593888219033
2.471,26.962500000000002,26.995628532348405
2.472,26.96666666666667,27.00466193737128
2.473,26.970833333333335,27.013694103480702
2.474,26.975,27.022725030869765
2.475,26.97916666666667,27.031754719731452
2.476,26.983333333333334,27.04078317025875
2.477,26.9875,27.04981038264458
2.478,26.991666666666667,27.058836357081873
2.479,26.995833333333337,27.06786109376344
2.48,27.0,27.076884592882152
2.481,27.00416666666667,27.085906854630707
2.482,27.008333333333336,27.09492787920192
2.483,27.012500000000003,27.103947666788486
2.484,27.01666666666667,27.11296621758305
2.485,27.020833333333336,27.121983531778255
2.486,27.025000000000002,27.130999609566686
2.487,27.02916666666667,27.14001445114087
2.488,27.033333333333335,27.14902805669334
2.489,27.0375,27.158040426416562
2.49,27.04166666666667,27.167051560502955
2.491,27.045833333333334,27.176061459144933
2.492,27.050000000000004,27.185070122534853
2.493,27.054166666666667,27.194077550865074
2.494,27.058333333333337,27.20308374432784
2.495,27.0625,27.2120887031154
2.496,27.06666666666667,27.221092427419933
2.497,27.070833333333333,27.23009491743369
2.498,27.075000000000003,27.23909617334874
2.499,27.07916666666667,27.248096195357164
2.5,27.083333333333336,27.25709498365103
2.501,27.087500000000002,27.266092538422356
2.5020000000000002,27.09166666666667,27.27508885986316
2.503,27.095833333333335,27.284083948165346
2.504,27.1,27.293077803520816
2.505,27.104166666666668,27.302070426121418
2.5060000000000002,27.108333333333334,27.311061816158997
2.507,27.112500000000004,27.320051973825343
2.508,27.116666666666667,27.32904089931219
2.509,27.120833333333337,27.33802859281127
2.5100000000000002,27.125000000000004,27.34701505451426
2.511,27.12916666666667,27.356000284612776
2.512,27.133333333333333,27.364984283298384
2.513,27.137500000000003,27.3739670507627
2.5140000000000002,27.14166666666667,27.382948587197234
2.515,27.145833333333336,27.391928892793487
2.516,27.150000000000002,27.400907967742853
2.517,27.15416666666667,27.40988581223678
2.5180000000000002,27.15833333333334,27.418862426466603
2.519,27.1625,27.427837810623714
2.52,27.166666666666668,27.436811964899334
2.521,27.170833333333334,27.4457848894848
2.5220000000000002,27.175000000000004,27.45475658457127
2.523,27.179166666666667,27.463727050349917
2.524,27.183333333333337,27.4726962870119
2.525,27.1875,27.481664294748327
2.5260000000000002,27.19166666666667,27.490631073750308
2.527,27.195833333333336,27.499596624208834
2.528,27.200000000000003,27.508560946314844
2.529,27.204166666666666,27.51752404025939
2.5300000000000002,27.208333333333336,27.526485906233347
2.531,27.212500000000002,27.535446544427543
2.532,27.21666666666667,27.544405955032857
2.533,27.220833333333335,27.553364138240113
2.5340000000000003,27.225,27.562321094240076
2.535,27.22916666666667,27.571276823223457
2.536,27.233333333333334,27.580231325380907
2.537,27.237500000000004,27.58918460090314
2.5380000000000003,27.241666666666667,27.598136649980745
2.539,27.245833333333337,27.607087472804267
2.54,27.25,27.6160370695643
2.541,27.25416666666667,27.62498544045127
2.5420000000000003,27.258333333333336,27.633932585655714
2.543,27.262500000000003,27.642878505368003
2.544,27.26666666666667,27.651823199778562
2.545,27.270833333333336,27.66076666907776
2.5460000000000003,27.275000000000006,27.66970891345585
2.547,27.27916666666667,27.678649933103145
2.548,27.283333333333335,27.6875897282099
2.549,27.2875,27.696528298966257
2.5500000000000003,27.29166666666667,27.705465645562413
2.551,27.295833333333334,27.71440176818851
2.552,27.300000000000004,27.72333666703463
2.553,27.304166666666667,27.732270342290803
2.5540000000000003,27.308333333333337,27.741202794147
2.555,27.3125,27.750134022793247
2.556,27.31666666666667,27.759064028419516
2.557,27.320833333333333,27.767992811215663
2.5580000000000003,27.325000000000003,27.776920371371546
2.559,27.32916666666667,27.785846709076964
2.56,27.333333333333336,27.794771824521717
2.561,27.337500000000002,27.803695717895607
2.562,27.34166666666667,27.81261838938832
2.563,27.34583333333334,27.821539839189484
2.564,27.35,27.830460067488787
2.565,27.354166666666668,27.8393790744758
2.566,27.358333333333334,27.8482968603401
2.567,27.362500000000004,27.857213425271198
2.568,27.366666666666667,27.866128769458612
2.569,27.370833333333337,27.875042893091745
2.57,27.375,27.883955796360056
2.571,27.37916666666667,27.89286747945289
2.572,27.383333333333336,27.90177794255959
2.573,27.387500000000003,27.91068718586945
2.574,27.391666666666666,27.919595209571753
2.575,27.395833333333336,27.928502013855734
2.576,27.400000000000002,27.937407598910568
2.577,27.40416666666667,27.94631196492537
2.578,27.408333333333335,27.95521511208932
2.579,27.4125,27.964117040591475
2.58,27.41666666666667,27.97301775062084
2.581,27.420833333333334,27.98191724236642
2.582,27.425,27.99081551601722
2.583,27.429166666666667,27.99971257176213
2.584,27.433333333333337,28.008608409790043
2.585,27.4375,28.017503030289845
2.586,27.44166666666667,28.026396433450316
2.587,27.445833333333336,28.03528861946029
2.588,27.450000000000003,28.044179588508428
2.589,27.45416666666667,28.05306934078351
2.59,27.458333333333336,28.06195787647414
2.591,27.462500000000002,28.07084519576898
2.592,27.46666666666667,28.079731298856643
2.593,27.470833333333335,28.088616185925616
2.594,27.475,28.097499857164507
2.595,27.47916666666667,28.106382312761752
2.596,27.483333333333334,28.115263552905787
2.597,27.487500000000004,28.12414357778499
2.598,27.491666666666667,28.1330223875878
2.599,27.495833333333337,28.141899982502537
2.6,27.5,28.150776362717465
2.601,27.50416666666667,28.159651528420852
2.602,27.508333333333333,28.168525479800905
2.603,27.512500000000003,28.177398217045834
2.604,27.51666666666667,28.18626974034379
2.605,27.520833333333336,28.195140049882866
2.606,27.525000000000002,28.20400914585116
2.607,27.52916666666667,28.212877028436708
2.608,27.533333333333335,28.221743697827492
2.609,27.5375,28.230609154211493
2.61,27.541666666666668,28.239473397776578
2.611,27.545833333333334,28.24833642871073
2.612,27.550000000000004,28.2571982472017
2.613,27.554166666666667,28.266058853437357
2.614,27.558333333333337,28.274918247605513
2.615,27.562500000000004,28.283776429893862
2.616,27.56666666666667,28.292633400490104
2.617,27.570833333333333,28.301489159581934
2.618,27.575000000000003,28.310343707356992
2.619,27.57916666666667,28.319197044002863
2.62,27.583333333333336,28.32804916970707
2.621,27.587500000000002,28.336900084657145
2.622,27.59166666666667,28.34574978904061
2.623,27.59583333333334,28.35459828304488
2.624,27.6,28.363445566857365
2.625,27.604166666666668,28.372291640665424
2.626,27.608333333333334,28.38113650465641
2.6270000000000002,27.612500000000004,28.389980159017625
2.628,27.616666666666667,28.398822603936367
2.629,27.620833333333337,28.40766383959982
2.63,27.625,28.41650386619517
2.6310000000000002,27.62916666666667,28.425342683909548
2.632,27.633333333333336,28.434180292930137
2.633,27.637500000000003,28.44301669344395
2.634,27.641666666666666,28.451851885638064
2.6350000000000002,27.645833333333336,28.46068586969949
2.636,27.650000000000002,28.469518645815185
2.637,27.65416666666667,28.478350214172053
2.638,27.658333333333335,28.48718057495705
2.6390000000000002,27.6625,28.496009728356967
2.64,27.66666666666667,28.504837674558644
2.641,27.670833333333334,28.513664413748927
2.642,27.675,28.52248994611449
2.6430000000000002,27.679166666666667,28.531314271842064
2.644,27.683333333333337,28.540137391118378
2.645,27.6875,28.548959304129994
2.646,27.69166666666667,28.557780011063528
2.6470000000000002,27.695833333333336,28.566599512105597
2.648,27.700000000000003,28.575417807442705
2.649,27.70416666666667,28.584234897261297
2.65,27.708333333333336,28.593050781747877
2.6510000000000002,27.712500000000002,28.60186546108889
2.652,27.71666666666667,28.610678935470673
2.653,27.720833333333335,28.619491205079612
2.654,27.725,28.628302270101983
2.6550000000000002,27.72916666666667,28.637112130724063
2.656,27.733333333333334,28.64592078713207
2.657,27.737500000000004,28.654728239512224
2.658,27.741666666666667,28.663534488050686
2.6590000000000003,27.745833333333337,28.67233953293362
2.66,27.75,28.681143374347073
2.661,27.75416666666667,28.689946012477094
2.662,27.758333333333333,28.69874744750973
2.6630000000000003,27.762500000000003,28.707547679630977
2.664,27.76666666666667,28.716346709026766
2.665,27.770833333333336,28.725144535882976
2.666,27.775000000000002,28.733941160385484
2.6670000000000003,27.77916666666667,28.74273658272017
2.668,27.78333333333334,28.751530803072797
2.669,27.7875,28.76032382162913
2.67,27.791666666666668,28.769115638574874
2.6710000000000003,27.795833333333334,28.777906254095797
2.672,27.800000000000004,28.78669566837749
2.673,27.804166666666667,28.795483881605605
2.674,27.808333333333337,28.80427089396568
2.6750000000000003,27.812500000000004,28.813056705643305
2.676,27.81666666666667,28.81217540007617
2.677,27.820833333333333,28.811294182639585
2.678,27.825000000000003,28.810413053324737
2.6790000000000003,27.82916666666667,28.809532012122816
2.68,27.833333333333336,28.80865105902501
2.681,27.837500000000002,28.807770194022567
2.682,27.84166666666667,28.806889417106618
2.6830000000000003,27.84583333333334,28.806008728268353
2.684,27.85,28.80512812749896
2.685,27.85416666666667,28.80424761478963
2.686,27.858333333333334,28.80336719013161
2.6870000000000003,27.862500000000004,28.80248685351603
2.688,27.866666666666667,28.801606604934136
2.689,27.870833333333337,28.800726444377062
2.69,27.875,28.799846371836054
2.691,27.87916666666667,28.7989663873023
2.692,27.883333333333336,28.79808649076699
2.693,27.887500000000003,28.797206682221315
2.694,27.89166666666667,28.79632696165652
2.695,27.895833333333336,28.79544732906379
2.696,27.900000000000002,28.79456778443432
2.697,27.90416666666667,28.7936883277593
2.698,27.908333333333335,28.79280895902997
2.699,27.9125,28.791929678237466
2.7,27.91666666666667,28.79105048537309
2.701,27.920833333333334,28.790171380427978
2.702,27.925000000000004,28.789292363393372
2.703,27.929166666666667,28.788413434260463
2.704,27.933333333333337,28.78753459302044
2.705,27.9375,28.786655839664547
2.706,27.94166666666667,28.785777174183977
2.707,27.945833333333333,28.784898596569974
2.708,27.950000000000003,28.784020106813728
2.709,27.95416666666667,28.783141704906484
2.71,27.958333333333336,28.782263390839432
2.711,27.962500000000002,28.781385164603762
2.712,27.96666666666667,28.78050702619072
2.713,27.970833333333335,28.77962897559155
2.714,27.975,28.778751012797386
2.715,27.979166666666668,28.77787313779953
2.716,27.983333333333334,28.776995350589175
2.717,27.987500000000004,28.776117651157563
2.718,27.991666666666667,28.775240039495884
2.719,27.995833333333337,28.774362515595328
2.72,28.000000000000004,28.773485079447198
2.721,28.00416666666667,28.772607731042683
2.722,28.008333333333333,28.771730470372972
2.723,28.012500000000003,28.77085329742937
2.724,28.01666666666667,28.769976212203062
2.725,28.020833333333336,28.76909921468524
2.726,28.025000000000002,28.76822230486721
2.727,28.02916666666667,28.767345482740154
2.728,28.03333333333334,28.766468748295324
2.729,28.0375,28.765592101523907
2.73,28.041666666666668,28.76471554241715
2.731,28.045833333333334,28.7638390709663
2.732,28.050000000000004,28.7629626871626
2.733,28.054166666666667,28.762086390997297
2.734,28.058333333333337,28.76121018246164
2.735,28.0625,28.760334061546814
2.736,28.06666666666667,28.75945802824407
2.737,28.070833333333336,28.75858208254465
2.738,28.075000000000003,28.7577062244398
2.739,28.079166666666666,28.75683045392077
2.74,28.083333333333336,28.755954770978803
2.741,28.087500000000002,28.75507917560509
2.742,28.09166666666667,28.754203667790932
2.743,28.095833333333335,28.753328247527577
2.744,28.1,28.752452914806213
2.745,28.10416666666667,28.751577669618143
2.746,28.108333333333334,28.750702511954614
2.747,28.1125,28.749827441806815
2.748,28.116666666666667,28.74895245916605
2.749,28.120833333333337,28.74807756402356
2.75,28.125,28.74720275637054
2.751,28.12916666666667,28.746328036198292
2.7520000000000002,28.133333333333336,28.74545340349806
2.753,28.137500000000003,28.744578858261093
2.754,28.14166666666667,28.74370440047869
2.755,28.145833333333336,28.742830030142045
2.7560000000000002,28.150000000000002,28.741955747242457
2.757,28.15416666666667,28.741081551771117
2.758,28.158333333333335,28.740207443719328
2.759,28.1625,28.739333423078335
2.7600000000000002,28.16666666666667,28.738459489839443
2.761,28.170833333333334,28.73758564399384
2.762,28.175000000000004,28.736711885532827
2.763,28.179166666666667,28.735838214447654
2.7640000000000002,28.183333333333337,28.73496463072962
2.765,28.1875,28.734091134369976
2.766,28.19166666666667,28.733217725359964
2.767,28.195833333333333,28.73234440369083
2.7680000000000002,28.200000000000003,28.73147116935388
2.769,28.20416666666667,28.73059802234036
2.77,28.208333333333336,28.729724962641512
2.771,28.212500000000002,28.728851990248643
2.7720000000000002,28.21666666666667,28.727979105152997
2.773,28.22083333333334,28.727106307345878
2.774,28.225,28.72623359681853
2.775,28.229166666666668,28.72536097356226
2.7760000000000002,28.233333333333334,28.72448843756831
2.777,28.237500000000004,28.72361598882793
2.778,28.241666666666667,28.72274362733242
2.779,28.245833333333337,28.721871353073084
2.7800000000000002,28.250000000000004,28.720999166041167
2.781,28.25416666666667,28.720127066227974
2.782,28.258333333333333,28.71925505362475
2.783,28.262500000000003,28.718383128222797
2.7840000000000003,28.26666666666667,28.717511290013363
2.785,28.270833333333336,28.71663953898775
2.786,28.275000000000002,28.71576787513726
2.787,28.27916666666667,28.71489629845314
2.7880000000000003,28.28333333333334,28.714024808926695
2.789,28.2875,28.713153406549225
2.79,28.29166666666667,28.712282091311977
2.791,28.295833333333334,28.711410863206254
2.7920000000000003,28.300000000000004,28.710539722223302
2.793,28.304166666666667,28.70966866835448
2.794,28.308333333333337,28.70879770159104
2.795,28.3125,28.707926821924275
2.7960000000000003,28.31666666666667,28.707056029345495
2.797,28.320833333333336,28.706185323845943
2.798,28.325000000000003,28.705314705416924
2.799,28.32916666666667,28.704444174049797
2.8000000000000003,28.333333333333336,28.70357372973581
2.801,28.337500000000002,28.702703372466203
2.802,28.34166666666667,28.701833102232342
2.803,28.345833333333335,28.700962919025528
2.8040000000000003,28.35,28.700092822837007
2.805,28.35416666666667,28.69922281365814
2.806,28.358333333333334,28.69835289148017
2.807,28.362500000000004,28.697483056294402
2.8080000000000003,28.36666666666667,28.69661330809214
2.809,28.370833333333337,28.69574364686474
2.81,28.375,28.694874072603454
2.811,28.37916666666667,28.69400458529958
2.8120000000000003,28.383333333333336,28.693135184944424
2.813,28.387500000000003,28.692265871529344
2.814,28.39166666666667,28.691396645045586
2.815,28.395833333333336,28.690527505484454
2.816,28.400000000000002,28.689658452837307
2.817,28.40416666666667,28.68878948709539
2.818,28.408333333333335,28.687920608250067
2.819,28.4125,28.687051816292637
2.82,28.416666666666668,28.686183111214405
2.821,28.420833333333334,28.685314493006672
2.822,28.425000000000004,28.684445961660742
2.823,28.429166666666667,28.683577517167976
2.824,28.433333333333337,28.682709159519618
2.825,28.437500000000004,28.68184088870703
2.826,28.44166666666667,28.68097270472157
2.827,28.445833333333333,28.680104607554483
2.828,28.450000000000003,28.679236597197132
2.829,28.45416666666667,28.67836867364082
2.83,28.458333333333336,28.677500836876845
2.831,28.462500000000002,28.676633086896516
2.832,28.46666666666667,28.67576542369119
2.833,28.47083333333334,28.674897847252225
2.834,28.475,28.67403035757087
2.835,28.479166666666668,28.673162954638485
2.836,28.483333333333334,28.67229563844643
2.837,28.487500000000004,28.671428408985946
2.838,28.491666666666667,28.6705612662484
2.839,28.495833333333337,28.669694210225146
2.84,28.5,28.66882724090749
2.841,28.50416666666667,28.66796035828679
2.842,28.508333333333336,28.667093562354353
2.843,28.512500000000003,28.666226853101477
2.844,28.516666666666666,28.665360230519525
2.845,28.520833333333336,28.664493694599855
2.846,28.525000000000002,28.66362724533377
2.847,28.52916666666667,28.662760882712632
2.848,28.533333333333335,28.661894606727742
2.849,28.5375,28.66102841737046
2.85,28.54166666666667,28.66016231463209
2.851,28.545833333333334,28.65929629850399
2.852,28.55,28.65843036897752
2.853,28.554166666666667,28.657564526043984
2.854,28.558333333333337,28.656698769694742
2.855,28.5625,28.655833099921153
2.856,28.56666666666667,28.65496751671452
2.857,28.570833333333336,28.654102020066205
2.858,28.575000000000003,28.653236609967564
2.859,28.57916666666667,28.65237128640996
2.86,28.583333333333336,28.651506049384693
2.861,28.587500000000002,28.650640898883125
2.862,28.59166666666667,28.649775834896616
2.863,28.595833333333335,28.648910857416524
2.864,28.6,28.648045966434154
2.865,28.60416666666667,28.647181161940864
2.866,28.608333333333334,28.646316443928015
2.867,28.612500000000004,28.645451812386966
2.868,28.616666666666667,28.644587267309078
2.869,28.620833333333337,28.64372280868571
2.87,28.625,28.64285843650822
2.871,28.62916666666667,28.641994150767914
2.872,28.633333333333333,28.641129951456207
2.873,28.637500000000003,28.640265838564403
2.874,28.64166666666667,28.639401812083918
2.875,28.645833333333336,28.638537872006054
2.876,28.650000000000002,28.63767401832223
2.8770000000000002,28.65416666666667,28.636810251023746
2.878,28.658333333333335,28.63594657010202
2.879,28.6625,28.635082975548357
2.88,28.666666666666668,28.63421946735417
2.8810000000000002,28.670833333333334,28.633356045510823
2.882,28.675000000000004,28.632492710009615
2.883,28.679166666666667,28.631629460841964
2.884,28.683333333333337,28.63076629799923
2.8850000000000002,28.687500000000004,28.629903221472773
2.886,28.69166666666667,28.62904023125401
2.887,28.695833333333333,28.628177327334242
2.888,28.700000000000003,28.627314509704888
2.8890000000000002,28.70416666666667,28.626451778357307
2.89,28.708333333333336,28.62558913328286
2.891,28.712500000000002,28.624726574472902
2.892,28.71666666666667,28.623864101918798
2.8930000000000002,28.72083333333334,28.623001715611963
2.894,28.725,28.622139415543757
2.895,28.72916666666667,28.62127720170554
2.896,28.733333333333334,28.620415074088726
2.8970000000000002,28.737500000000004,28.619553032684678
2.898,28.741666666666667,28.618691077484755
2.899,28.745833333333337,28.617829208480373
2.9,28.75,28.616967425662892
2.9010000000000002,28.75416666666667,28.616105729023673
2.902,28.758333333333336,28.61524411855413
2.903,28.762500000000003,28.614382594245626
2.904,28.766666666666666,28.613521156089575
2.9050000000000002,28.770833333333336,28.61265980407734
2.906,28.775000000000002,28.611798538200276
2.907,28.77916666666667,28.610937358449803
2.908,28.783333333333335,28.610076264817337
2.9090000000000003,28.7875,28.609215257294238
2.91,28.79166666666667,28.608354335871866
2.911,28.795833333333334,28.607493500541636
2.912,28.800000000000004,28.60663275129491
2.9130000000000003,28.804166666666667,28.60577208812316
2.914,28.808333333333337,28.60491151101769
2.915,28.8125,28.604051019969916
2.916,28.81666666666667,28.603190614971254
2.9170000000000003,28.820833333333336,28.602330296013122
2.918,28.825000000000003,28.60147006308688
2.919,28.82916666666667,28.60060991618394
2.92,28.833333333333336,28.59974985529567
2.9210000000000003,28.837500000000006,28.59888988041348
2.922,28.84166666666667,28.59802999152879
2.923,28.845833333333335,28.597170188633015
2.924,28.85,28.596310471717516
2.9250000000000003,28.85416666666667,28.595450840773708
2.926,28.858333333333334,28.594591295792952
2.927,28.862500000000004,28.59373183676672
2.928,28.866666666666667,28.592872463686376
2.9290000000000003,28.870833333333337,28.592013176543333
2.93,28.875000000000004,28.591153975329007
2.931,28.87916666666667,28.590294860034817
2.932,28.883333333333333,28.589435830652178
2.9330000000000003,28.887500000000003,28.58857688717245
2.934,28.89166666666667,28.58771802958711
2.935,28.895833333333336,28.58685925788751
2.936,28.900000000000002,28.586000572065075
2.9370000000000003,28.90416666666667,28.585141972111217
2.938,28.90833333333334,28.584283458017353
2.939,28.9125,28.5834250297749
2.94,28.916666666666668,28.582566687375277
2.9410000000000003,28.920833333333334,28.581708430809897
2.942,28.925000000000004,28.58085026007018
2.943,28.929166666666667,28.579992175147538
2.944,28.933333333333337,28.579134176033392
2.945,28.9375,28.578276262719157
2.946,28.94166666666667,28.57741843519625
2.947,28.945833333333336,28.576560693456088
2.948,28.950000000000003,28.575703037490086
2.949,28.954166666666666,28.574845467289663
2.95,28.958333333333336,28.57398798284629
2.951,28.962500000000002,28.57313058415133
2.952,28.96666666666667,28.572273271196252
2.953,28.970833333333335,28.571416043972476
2.954,28.975,28.57055890247142
2.955,28.97916666666667,28.569701846684495
2.956,28.983333333333334,28.56884487660318
2.957,28.9875,28.567987992218832
2.958,28.991666666666667,28.567131193522926
2.959,28.995833333333337,28.566274480506934
2.96,29.0,28.565417853162216
2.961,29.00416666666667,28.564561311480247
2.962,29.008333333333336,28.563704855452443
2.963,29.012500000000003,28.56284848507022
2.964,29.01666666666667,28.56199220032505
2.965,29.020833333333336,28.561136001208354
2.966,29.025000000000002,28.560279887711545
2.967,29.02916666666667,28.559423859826097
2.968,29.033333333333335,28.558567917543428
2.969,29.0375,28.55771206085501
2.97,29.04166666666667,28.55685628975226
2.971,29.045833333333334,28.556000604226597
2.972,29.050000000000004,28.55514500426949
2.973,29.054166666666667,28.554289489872417
2.974,29.058333333333337,28.553434061026735
2.975,29.0625,28.552578717723975
2.976,29.06666666666667,28.551723459955554
2.977,29.070833333333333,28.550868287712888
2.978,29.075000000000003,28.55001320098745
2.979,29.07916666666667,28.54915819977066
2.98,29.083333333333336,28.548303284053986
2.981,29.087500000000002,28.547448453828906
2.982,29.09166666666667,28.546593709086835
2.983,29.095833333333335,28.545739049819247
2.984,29.1,28.544884476017614
2.985,29.104166666666668,28.544029987673355
2.986,29.108333333333334,28.54317558477794
2.987,29.112500000000004,28.54232126732279
2.988,29.116666666666667,28.541467035299377
2.989,29.120833333333337,28.540612888699172
2.99,29.125000000000004,28.53975882751365
2.991,29.12916666666667,28.53890485173423
2.992,29.133333333333333,28.538050961352383
2.993,29.137500000000003,28.537197156359582
2.994,29.14166666666667,28.536343436747245
2.995,29.145833333333336,28.535489802506902
2.996,29.150000000000002,28.53463625362997
2.997,29.15416666666667,28.53378279010792
2.998,29.15833333333334,28.53292941193223
2.999,29.1625,28.53207611909437
3.0,29.166666666666668,28.531222911585758
3.001,29.170833333333334,28.530369789397923
3.0020000000000002,29.175000000000004,28.529516752522284
3.003,29.179166666666667,28.52866380095037
3.004,29.183333333333337,28.527810934673596
3.005,29.1875,28.526958153683438
3.0060000000000002,29.19166666666667,28.52610545797137
3.007,29.195833333333336,28.525252847528918
3.008,29.200000000000003,28.524400322347503
3.009,29.204166666666666,28.523547882418598
3.0100000000000002,29.208333333333336,28.522695527733674
3.011,29.212500000000002,28.521843258284207
3.012,29.21666666666667,28.520991074061726
3.013,29.220833333333335,28.520138975057648
3.0140000000000002,29.225,28.519286961263447
3.015,29.22916666666667,28.518435032670652
3.016,29.233333333333334,28.51758318927068
3.017,29.237500000000004,28.516731431055064
3.0180000000000002,29.241666666666667,28.515879758015274
3.019,29.245833333333337,28.515028170142784
3.02,29.25,28.51417666742907
3.021,29.25416666666667,28.51332524986566
3.0220000000000002,29.258333333333336,28.51247391744397
3.023,29.262500000000003,28.511622670155532
3.024,29.26666666666667,28.51077150799182
3.025,29.270833333333336,28.509920430944362
3.0260000000000002,29.275000000000006,28.509069439004577
3.027,29.27916666666667,28.508218532163994
3.028,29.283333333333335,28.507367710414087
3.029,29.2875,28.506516973746386
3.0300000000000002,29.29166666666667,28.505666322152308
3.031,29.295833333333334,28.504815755623383
3.032,29.300000000000004,28.503965274151142
3.033,29.304166666666667,28.503114877727057
3.0340000000000003,29.308333333333337,28.502264566342603
3.035,29.312500000000004,28.50141433998931
3.036,29.31666666666667,28.50056419865865
3.037,29.320833333333333,28.4997141423421
3.0380000000000003,29.325000000000003,28.498864171031187
3.039,29.32916666666667,28.498014284717385
3.04,29.333333333333336,28.497164483392226
3.041,29.337500000000002,28.49631476704718
3.0420000000000003,29.34166666666667,28.495465135673783
3.043,29.34583333333334,28.494615589263503
3.044,29.35,28.493766127807874
3.045,29.354166666666668,28.492916751298424
3.0460000000000003,29.358333333333334,28.492067459726627
3.047,29.362500000000004,28.491218253083957
3.048,29.366666666666667,28.490369131361945
3.049,29.370833333333337,28.48952009455212
3.0500000000000003,29.375000000000004,28.488671142645956
3.051,29.37916666666667,28.487822275634983
3.052,29.383333333333336,28.48697349351073
3.053,29.387500000000003,28.486124796264676
3.0540000000000003,29.39166666666667,28.485276183888345
3.055,29.395833333333336,28.48442765637327
3.056,29.400000000000002,28.483579213710925
3.057,29.40416666666667,28.48273085589284
3.0580000000000003,29.40833333333334,28.481882582910544
3.059,29.4125,28.481034394755568
3.06,29.41666666666667,28.480186291419386
3.061,29.420833333333334,28.47933827289353
3.0620000000000003,29.425000000000004,28.478490339169525
3.063,29.429166666666667,28.477642490238907
3.064,29.433333333333337,28.476794726093203
3.065,29.4375,28.47594704672389
3.0660000000000003,29.44166666666667,28.475099452122492
3.067,29.445833333333336,28.474251942280603
3.068,29.450000000000003,28.473404517189692
3.069,29.45416666666667,28.472557176841292
3.0700000000000003,29.458333333333336,28.471709921226932
3.071,29.462500000000002,28.470862750338085
3.072,29.46666666666667,28.47001566416634
3.073,29.470833333333335,28.469168662703225
3.074,29.475,28.478000278914976
3.075,29.47916666666667,28.48683068754741
3.076,29.483333333333334,28.49565988878743
3.077,29.487500000000004,28.50448788282182
3.078,29.491666666666667,28.51331466983737
3.079,29.495833333333337,28.52214025002081
3.08,29.5,28.530964623558873
3.081,29.50416666666667,28.53978779063823
3.082,29.508333333333333,28.548609751445554
3.083,29.512500000000003,28.557430506167407
3.084,29.51666666666667,28.56625005499035
3.085,29.520833333333336,28.57506839810094
3.086,29.525000000000002,28.58388553568568
3.087,29.52916666666667,28.592701467931022
3.088,29.533333333333335,28.60151619502335
3.089,29.5375,28.610329717149114
3.09,29.541666666666668,28.619142034494587
3.091,29.545833333333334,28.62795314724616
3.092,29.550000000000004,28.636763055590052
3.093,29.554166666666667,28.64557175971248
3.094,29.558333333333337,28.654379259799725
3.095,29.562500000000004,28.663185556037888
3.096,29.56666666666667,28.671990648613132
3.097,29.570833333333333,28.680794537711506
3.098,29.575000000000003,28.689597223519115
3.099,29.57916666666667,28.69839870622195
3.1,29.583333333333336,28.707198986006006
3.101,29.587500000000002,28.715998063057214
3.102,29.59166666666667,28.72479593756151
3.103,29.59583333333334,28.733592609704772
3.104,29.6,28.74238807967282
3.105,29.604166666666668,28.751182347651422
3.106,29.608333333333334,28.759975413826396
3.107,29.612500000000004,28.76876727838345
3.108,29.616666666666667,28.77755794150829
3.109,29.620833333333337,28.78634740338657
3.11,29.625,28.795135664203883
3.111,29.62916666666667,28.80392272414582
3.112,29.633333333333336,28.81270858339792
3.113,29.637500000000003,28.82149324214572
3.114,29.641666666666666,28.8302767005747
3.115,29.645833333333336,28.839058958870282
3.116,29.650000000000002,28.847840017217834
3.117,29.65416666666667,28.856619875802778
3.118,29.658333333333335,28.865398534810424
3.119,29.6625,28.874175994426082
3.12,29.66666666666667,28.882952254834947
3.121,29.670833333333334,28.891727316222273
3.122,29.675000000000004,28.900501178773254
3.123,29.679166666666667,28.909273842673088
3.124,29.683333333333337,28.918045308106798
3.125,29.6875,28.926815575259525
3.126,29.69166666666667,28.935584644316236
3.1270000000000002,29.695833333333336,28.944352515462015
3.128,29.700000000000003,28.95311918888177
3.129,29.70416666666667,28.961884664760476
3.13,29.708333333333336,28.97064894328298
3.1310000000000002,29.712500000000006,28.9794120246342
3.132,29.71666666666667,28.98817390899893
3.133,29.720833333333335,28.99693459656197
3.134,29.725,29.00569408750806
3.1350000000000002,29.72916666666667,29.014452382021886
3.136,29.733333333333334,29.02320948028813
3.137,29.737500000000004,29.031965382491478
3.138,29.741666666666667,29.0407200888165
3.1390000000000002,29.745833333333337,29.049473599447822
3.14,29.75,29.058225914569903
3.141,29.75416666666667,29.066977034367312
3.142,29.758333333333333,29.07572695902445
3.1430000000000002,29.762500000000003,29.084475688725774
3.144,29.76666666666667,29.093223223655684
3.145,29.770833333333336,29.101969563998523
3.146,29.775000000000002,29.110714709938577
3.1470000000000002,29.77916666666667,29.11945866166019
3.148,29.78333333333334,29.128201419347533
3.149,29.7875,29.136942983184895
3.15,29.791666666666668,29.14568335335639
3.1510000000000002,29.795833333333334,29.15442253004619
3.152,29.800000000000004,29.163160513438413
3.153,29.804166666666667,29.171897303717117
3.154,29.808333333333337,29.180632901066303
3.1550000000000002,29.812500000000004,29.189367305669975
3.156,29.81666666666667,29.198100517712135
3.157,29.820833333333336,29.20683253737667
3.158,29.825000000000003,29.21556336484747
3.1590000000000003,29.82916666666667,29.224293000308364
3.16,29.833333333333336,29.233021443943187
3.161,29.837500000000002,29.24174869593577
3.162,29.84166666666667,29.25047475646977
3.1630000000000003,29.84583333333334,29.259199625728968
3.164,29.85,29.26792330389702
3.165,29.85416666666667,29.276645791157534
3.166,29.858333333333334,29.285367087694112
3.1670000000000003,29.862500000000004,29.29408719369036
3.168,29.866666666666667,29.302806109329765
3.169,29.870833333333337,29.31152383479582
3.17,29.875,29.320240370272018
3.1710000000000003,29.87916666666667,29.328955715941788
3.172,29.883333333333336,29.33766987198851
3.173,29.887500000000003,29.346382838595503
3.174,29.89166666666667,29.355094615946086
3.1750000000000003,29.895833333333336,29.36380520422358
3.176,29.900000000000002,29.372514603611194
3.177,29.90416666666667,29.38122281429213
3.178,29.908333333333335,29.389929836449596
3.1790000000000003,29.9125,29.398635670266685
3.18,29.91666666666667,29.407340315926547
3.181,29.920833333333334,29.416043773612216
3.182,29.925000000000004,29.42474604350673
3.1830000000000003,29.92916666666667,29.433447125793123
3.184,29.933333333333337,29.44214702065426
3.185,29.9375,29.45084572827318
3.186,29.94166666666667,29.459543248832688
3.1870000000000003,29.945833333333336,29.46823958251565
3.188,29.950000000000003,29.476934729504876
3.189,29.95416666666667,29.485628689983173
3.19,29.958333333333336,29.494321464133293
3.1910000000000003,29.962500000000006,29.50301305213793
3.192,29.96666666666667,29.51170345417978
3.193,29.970833333333335,29.52039267044148
3.194,29.975,29.529080701105613
3.1950000000000003,29.97916666666667,29.537767546354758
3.196,29.983333333333334,29.54645320637144
3.197,29.987500000000004,29.555137681338124
3.198,29.991666666666667,29.563820971437337
3.1990000000000003,29.995833333333337,29.57250307685149
3.2,30.000000000000004,29.581183997762935
3.201,30.00416666666667,29.589863734354083
3.202,30.008333333333333,29.598542286807174
3.203,30.012500000000003,29.60721965530456
3.204,30.01666666666667,29.615895840028486
3.205,30.020833333333336,29.62457084116113
3.206,30.025000000000002,29.633244658884735
3.207,30.02916666666667,29.64191729338137
3.208,30.03333333333334,29.650588744833215
3.209,30.0375,29.659259013422286
3.21,30.041666666666668,29.667928099330652
3.211,30.045833333333334,29.676596002740325
3.212,30.050000000000004,29.685262723833205
3.213,30.054166666666667,29.693928262791303
3.214,30.058333333333337,29.702592619796462
3.215,30.0625,29.71125579503058
3.216,30.06666666666667,29.719917788675446
3.217,30.070833333333336,29.728578600912897
3.218,30.075000000000003,29.737238231924607
3.219,30.079166666666666,29.74589668189236
3.22,30.083333333333336,29.75455395099783
3.221,30.087500000000002,29.763210039422688
3.222,30.09166666666667,29.77186494734849
3.223,30.095833333333335,29.780518674956852
3.224,30.1,29.78917122242933
3.225,30.10416666666667,29.79782258994743
3.226,30.108333333333334,29.80647277769259
3.227,30.1125,29.815121785846316
3.228,30.116666666666667,29.823769614589935
3.229,30.120833333333337,29.832416264104836
3.23,30.125,29.841061734572406
3.231,30.12916666666667,29.849706026173862
3.232,30.133333333333336,29.858349139090535
3.233,30.137500000000003,29.866991073503584
3.234,30.14166666666667,29.875631829594283
3.235,30.145833333333336,29.884271407543736
3.236,30.150000000000002,29.892909807533044
3.237,30.15416666666667,29.901547029743313
3.238,30.158333333333335,29.910183074355643
3.239,30.1625,29.91881794155097
3.24,30.16666666666667,29.927451631510337
3.241,30.170833333333334,29.93608414441468
3.242,30.175000000000004,29.94471548044487
3.243,30.179166666666667,29.953345639781844
3.244,30.183333333333337,29.96197462260642
3.245,30.1875,29.970602429099415
3.246,30.19166666666667,29.979229059441593
3.247,30.195833333333333,29.98785451381366
3.248,30.200000000000003,29.996478792396317
3.249,30.20416666666667,30.005101895370274
3.25,30.208333333333336,30.01372382291612
3.251,30.212500000000002,30.022344575214504
3.2520000000000002,30.21666666666667,30.03096415244596
3.253,30.22083333333334,30.039582554791025
3.254,30.225,30.048199782430174
3.255,30.229166666666668,30.056815835543887
3.2560000000000002,30.233333333333334,30.065430714312527
3.257,30.237500000000004,30.07404441891657
3.258,30.241666666666667,30.082656949536272
3.259,30.245833333333337,30.09126830635205
3.2600000000000002,30.250000000000004,30.099878489544096
3.261,30.25416666666667,30.10848749929272
3.262,30.258333333333336,30.117095335778117
3.263,30.262500000000003,30.125701999180478
3.2640000000000002,30.26666666666667,30.13430748967994
3.265,30.270833333333336,30.142911807456585
3.266,30.275000000000002,30.15151495269049
3.267,30.27916666666667,30.160116925561738
3.2680000000000002,30.28333333333334,30.168717726250293
3.269,30.2875,30.17731735493612
3.27,30.29166666666667,30.18591581179919
3.271,30.295833333333334,30.194513097019353
3.2720000000000002,30.300000000000004,30.203109210776518
3.273,30.304166666666667,30.21170415325048
3.274,30.308333333333337,30.220297924621093
3.275,30.3125,30.22889052506804
3.2760000000000002,30.31666666666667,30.237481954771113
3.277,30.320833333333336,30.246072213909997
3.278,30.325000000000003,30.254661302664317
3.279,30.32916666666667,30.263249221213698
3.2800000000000002,30.333333333333336,30.271835969737765
3.281,30.337500000000002,30.28042154841603
3.282,30.34166666666667,30.289005957428003
3.283,30.345833333333335,30.297589196953197
3.2840000000000003,30.35,30.306171267171067
3.285,30.35416666666667,30.31475216826101
3.286,30.358333333333334,30.323331900402422
3.287,30.362500000000004,30.33191046377459
3.2880000000000003,30.36666666666667,30.340487858556912
3.289,30.370833333333337,30.349064084928614
3.29,30.375,30.357639143068923
3.291,30.37916666666667,30.366213033157067
3.2920000000000003,30.383333333333336,30.374785755372216
3.293,30.387500000000003,30.38335730989354
3.294,30.39166666666667,30.391927696900098
3.295,30.395833333333336,30.400496916570944
3.2960000000000003,30.400000000000006,30.409064969085193
3.297,30.40416666666667,30.41763185462179
3.298,30.408333333333335,30.426197573359673
3.299,30.4125,30.43476212547779
3.3000000000000003,30.41666666666667,30.44332551115508
3.301,30.420833333333334,30.451887730570377
3.302,30.425000000000004,30.460448783902507
3.303,30.429166666666667,30.469008671330243
3.3040000000000003,30.433333333333337,30.47756739303236
3.305,30.437500000000004,30.48612494918757
3.306,30.44166666666667,30.49468133997459
3.307,30.445833333333333,30.50323656557208
3.3080000000000003,30.450000000000003,30.511790626158643
3.309,30.45416666666667,30.52034352191282
3.31,30.458333333333336,30.528895253013218
3.311,30.462500000000002,30.53744581963832
3.3120000000000003,30.46666666666667,30.545995221966677
3.313,30.47083333333334,30.55454346017666
3.314,30.475,30.5630905344467
3.315,30.479166666666668,30.57163644495523
3.3160000000000003,30.483333333333334,30.58018119188057
3.317,30.487500000000004,30.588724775400976
3.318,30.491666666666667,30.59726719569477
3.319,30.495833333333337,30.60580845294021
3.3200000000000003,30.500000000000004,30.6143485473155
3.321,30.50416666666667,30.62288747899879
3.322,30.508333333333336,30.631425248168227
3.323,30.512500000000003,30.6399618550019
3.3240000000000003,30.51666666666667,30.6484972996779
3.325,30.520833333333336,30.65703158237426
3.326,30.525000000000002,30.665564703269013
3.327,30.52916666666667,30.67409666254008
3.3280000000000003,30.53333333333334,30.68262746036544
3.329,30.5375,30.69115709692295
3.33,30.54166666666667,30.69968557239048
3.331,30.545833333333334,30.708212886945887
3.332,30.55,30.71673904076698
3.333,30.554166666666667,30.72526403403151
3.334,30.558333333333337,30.73378786691717
3.335,30.5625,30.742310539601704
3.336,30.56666666666667,30.75083205226275
3.337,30.570833333333336,30.759352405077948
3.338,30.575000000000003,30.767871598224872
3.339,30.57916666666667,30.776389631881045
3.34,30.583333333333336,30.784906506224047
3.341,30.587500000000002,30.793422221431342
3.342,30.59166666666667,30.801936777680396
3.343,30.595833333333335,30.810450175148674
3.344,30.6,30.818962414013527
3.345,30.60416666666667,30.827473494452306
3.346,30.608333333333334,30.835983416642307
3.347,30.612500000000004,30.844492180760824
3.348,30.616666666666667,30.85299978698515
3.349,30.620833333333337,30.86150623549247
3.35,30.625,30.87001152645996
3.351,30.62916666666667,30.878515660064807
3.352,30.633333333333333,30.887018636484072
3.353,30.637500000000003,30.895520455894882
3.354,30.64166666666667,30.904021118474247
3.355,30.645833333333336,30.912520624399235
3.356,30.650000000000002,30.921018973846742
3.357,30.65416666666667,30.92951616699378
3.358,30.65833333333334,30.93801220401724
3.359,30.6625,30.946507085094026
3.36,30.666666666666668,30.955000810400975
3.361,30.670833333333334,30.96349338011487
3.362,30.675000000000004,30.971984794412492
3.363,30.679166666666667,30.980475053470627
3.364,30.683333333333337,30.988964157465944
3.365,30.687500000000004,30.99745210657511
3.366,30.69166666666667,31.00593890097474
3.367,30.695833333333333,31.014424540841503
3.368,30.700000000000003,31.022909026351954
3.369,30.70416666666667,31.03139235768265
3.37,30.708333333333336,31.03987453501003
3.371,30.712500000000002,31.048355558510593
3.372,30.71666666666667,31.056835428360785
3.373,30.72083333333334,31.065314144737044
3.374,30.725,31.0737917078157
3.375,30.72916666666667,31.082268117773083
3.376,30.733333333333334,31.090743374785518
3.3770000000000002,30.737500000000004,31.099217479029278
3.378,30.741666666666667,31.107690430680577
3.379,30.745833333333337,31.11616222991563
3.38,30.75,31.124632876910596
3.3810000000000002,30.75416666666667,31.13310237184163
3.382,30.758333333333336,31.141570714884836
3.383,30.762500000000003,31.150037906216255
3.384,30.76666666666667,31.158503946011876
3.3850000000000002,30.770833333333336,31.166968834447744
3.386,30.775000000000002,31.175432571699844
3.387,30.77916666666667,31.183895157944107
3.388,30.783333333333335,31.192356593356408
3.3890000000000002,30.7875,31.20081687811262
3.39,30.79166666666667,31.209276012388557
3.391,30.795833333333334,31.217733996359982
3.392,30.800000000000004,31.22619083020271
3.3930000000000002,30.80416666666667,31.234646514092503
3.394,30.808333333333337,31.243101048205006
3.395,30.8125,31.251554432715864
3.396,30.81666666666667,31.260006667800724
3.3970000000000002,30.820833333333336,31.268457753635232
3.398,30.825000000000003,31.276907690394864
3.399,30.82916666666667,31.28535647825521
3.4,30.833333333333336,31.293804117391744
3.4010000000000002,30.837500000000006,31.302250607979943
3.402,30.84166666666667,31.310695950195168
3.403,30.845833333333335,31.319140144212895
3.404,30.85,31.32758319020843
3.4050000000000002,30.85416666666667,31.336025088357133
3.406,30.858333333333334,31.344465838834253
3.407,30.862500000000004,31.352905441815096
3.408,30.866666666666667,31.361343897474853
3.4090000000000003,30.870833333333337,31.369781205988772
3.41,30.875000000000004,31.37821736753193
3.411,30.87916666666667,31.38665238227952
3.412,30.883333333333333,31.39508625040662
3.4130000000000003,30.887500000000003,31.40351897208825
3.414,30.89166666666667,31.411950547499487
3.415,30.895833333333336,31.420380976815295
3.416,30.900000000000002,31.42881026021064
3.4170000000000003,30.90416666666667,31.437238397860426
3.418,30.90833333333334,31.445665389939563
3.419,30.9125,31.4540912366229
3.42,30.916666666666668,31.46251593808529
3.4210000000000003,30.920833333333334,31.470939494501522
3.422,30.925000000000004,31.479361906046336
3.423,30.929166666666667,31.48778317289441
3.424,30.933333333333337,31.496203295220482
3.4250000000000003,30.937500000000004,31.50462227319923
3.426,30.94166666666667,31.51304010700528
3.427,30.945833333333336,31.521456796813197
3.428,30.950000000000003,31.529872342797546
3.4290000000000003,30.95416666666667,31.538286745132837
3.43,30.958333333333336,31.54670000399358
3.431,30.962500000000002,31.555112119554224
3.432,30.96666666666667,31.56352309198917
3.4330000000000003,30.97083333333334,31.571932921472865
3.434,30.975,31.580341608179594
3.435,30.97916666666667,31.588749152283754
3.436,30.983333333333334,31.597155553959567
3.4370000000000003,30.987500000000004,31.605560813381373
3.438,30.991666666666667,31.61396493072334
3.439,30.995833333333337,31.62236790615964
3.44,31.0,31.63076973986449
3.4410000000000003,31.00416666666667,31.63917043201201
3.442,31.008333333333336,31.647569982776247
3.443,31.012500000000003,31.65596839233126
3.444,31.01666666666667,31.664365660851104
3.4450000000000003,31.020833333333336,31.672761788509774
3.446,31.025000000000002,31.681156775481213
3.447,31.02916666666667,31.68955062193936
3.448,31.033333333333335,31.697943328058102
3.4490000000000003,31.0375,31.70633489401132
3.45,31.04166666666667,31.714725319972842
3.451,31.045833333333334,31.72311460611644
3.452,31.050000000000004,31.73150275261588
3.4530000000000003,31.05416666666667,31.739889759644882
3.454,31.058333333333337,31.748275627377154
3.455,31.0625,31.756660355986355
3.456,31.06666666666667,31.765043945646084
3.457,31.070833333333333,31.773426396529942
3.458,31.075000000000003,31.781807708811527
3.459,31.07916666666667,31.790187882664384
3.46,31.083333333333336,31.79856691826194
3.461,31.087500000000002,31.806944815777683
3.462,31.09166666666667,31.8153215753851
3.463,31.095833333333335,31.823697197257502
3.464,31.1,31.832071681568323
3.465,31.104166666666668,31.840445028490876
3.466,31.108333333333334,31.84881723819842
3.467,31.112500000000004,31.857188310864274
3.468,31.116666666666667,31.865558246661635
3.469,31.120833333333337,31.873927045763708
3.47,31.125000000000004,31.882294708343636
3.471,31.12916666666667,31.890661234574623
3.472,31.133333333333333,31.8990266246297
3.473,31.137500000000003,31.90739087868195
3.474,31.14166666666667,31.915753996904414
3.475,31.145833333333336,31.924115979470116
3.476,31.150000000000002,31.932476826551977
3.477,31.15416666666667,31.94083653832297
3.478,31.15833333333334,31.949195114956012
3.479,31.1625,31.95755255662391
3.48,31.16666666666667,31.96590886349958
3.481,31.170833333333334,31.974264035755766
3.482,31.175000000000004,31.982618073565277
3.483,31.179166666666667,31.9909709771008
3.484,31.183333333333337,31.999322746535086
3.485,31.1875,32.00767338204082
3.486,31.19166666666667,32.01602288379064
3.487,31.195833333333336,32.02437125195712
3.488,31.200000000000003,32.03271848671284
3.489,31.204166666666666,32.04106458823037
3.49,31.208333333333336,32.04940955668218
3.491,31.212500000000002,32.057753392240784
3.492,31.21666666666667,32.06609609507859
3.493,31.220833333333335,32.07443766536801
3.494,31.225,32.08277810328144
3.495,31.22916666666667,32.09111740899124
3.496,31.233333333333334,32.09945558266969
3.497,31.237500000000004,32.10779262448909
3.498,31.241666666666667,32.11612853462168
3.499,31.245833333333337,32.12446331323969
3.5,31.25,32.13279696051529
3.501,31.25416666666667,32.14112947662062
3.5020000000000002,31.258333333333336,32.149460861727846
3.503,31.262500000000003,32.15779111600898
3.504,31.26666666666667,32.166120239636086
3.505,31.270833333333336,32.17444823278123
3.5060000000000002,31.275000000000006,32.182775095616364
3.507,31.27916666666667,32.19110082831344
3.508,31.283333333333335,32.1994254310444
3.509,31.2875,32.2077489039811
3.5100000000000002,31.29166666666667,32.21607124729542
3.511,31.295833333333334,32.2243924611592
3.512,31.300000000000004,32.232712545744164
3.513,31.304166666666667,32.241031501222096
3.5140000000000002,31.308333333333337,32.249349327764776
3.515,31.312500000000004,32.25766602554387
3.516,31.31666666666667,32.26598159473099
3.517,31.320833333333333,32.2742960354978
3.5180000000000002,31.325000000000003,32.28260934801591
3.519,31.32916666666667,32.29092153245688
3.52,31.333333333333336,32.2992325889922
3.521,31.337500000000002,32.307542517793365
3.5220000000000002,31.34166666666667,32.31585131903188
3.523,31.34583333333334,32.32415899287918
3.524,31.35,32.33246553950664
3.525,31.354166666666668,32.34077095908566
3.5260000000000002,31.358333333333334,32.34907525178755
3.527,31.362500000000004,32.35737841778359
3.528,31.366666666666667,32.36568045724505
3.529,31.370833333333337,32.37398137034319
3.5300000000000002,31.375000000000004,32.37274397231096
3.531,31.37916666666667,32.37150669801855
3.532,31.383333333333336,32.370269547453574
3.533,31.387500000000003,32.36903252060364
3.5340000000000003,31.39166666666667,32.36779561745641
3.535,31.395833333333336,32.36655883799949
3.536,31.400000000000002,32.365322182220496
3.537,31.40416666666667,32.364085650107086
3.5380000000000003,31.40833333333334,32.36284924164693
3.539,31.4125,32.36161295682757
3.54,31.41666666666667,32.36037679563674
3.541,31.420833333333334,32.35914075806198
3.5420000000000003,31.425000000000004,32.357904844091024
3.543,31.429166666666667,32.356669053711414
3.544,31.433333333333337,32.355433386910875
3.545,31.4375,32.354197843677014
3.5460000000000003,31.44166666666667,32.352962423997496
3.547,31.445833333333336,32.35172712785993
3.548,31.450000000000003,32.35049195525198
3.549,31.45416666666667,32.34925690616126
3.5500000000000003,31.458333333333336,32.34802198057548
3.551,31.462500000000002,32.34678717848226
3.552,31.46666666666667,32.34555249986926
3.553,31.470833333333335,32.34431794472408
3.5540000000000003,31.475,32.3430835130344
3.555,31.47916666666667,32.341849204787934
3.556,31.483333333333334,32.34061501997229
3.557,31.487500000000004,32.339380958575134
3.5580000000000003,31.49166666666667,32.338147020584074
3.559,31.495833333333337,32.33691320598683
3.56,31.5,32.33567951477107
3.561,31.50416666666667,32.334445946924404
3.5620000000000003,31.508333333333336,32.33321250243455
3.563,31.512500000000003,32.331979181289114
3.564,31.51666666666667,32.33074598347582
3.565,31.520833333333336,32.32951290898228
3.5660000000000003,31.525000000000006,32.32827995779621
3.567,31.52916666666667,32.327047129905225
3.568,31.533333333333335,32.32581442529704
3.569,31.5375,32.32458184395932
3.5700000000000003,31.54166666666667,32.32334938587974
3.571,31.545833333333334,32.32211705104595
3.572,31.550000000000004,32.32088483944568
3.573,31.554166666666667,32.31965275106654
3.5740000000000003,31.558333333333337,32.31842078589625
3.575,31.562500000000004,32.317188943922474
3.576,31.56666666666667,32.31595722513288
3.577,31.570833333333333,32.31472562951518
3.5780000000000003,31.575000000000003,32.31349415705705
3.579,31.57916666666667,32.31226280774615
3.58,31.583333333333336,32.311031581570205
3.581,31.587500000000002,32.30980047851688
3.5820000000000003,31.59166666666667,32.30856949857383
3.583,31.59583333333334,32.30733864172879
3.584,31.6,32.30610790796942
3.585,31.60416666666667,32.30487729728344
3.586,31.608333333333334,32.30364680965852
3.587,31.612500000000004,32.30241644508237
3.588,31.616666666666667,32.30118620354267
3.589,31.620833333333337,32.299956085027134
3.59,31.625,32.29872608952343
3.591,31.62916666666667,32.29749621701927
3.592,31.633333333333336,32.29626646750239
3.593,31.637500000000003,32.29503684096045
3.594,31.641666666666666,32.29380733738117
3.595,31.645833333333336,32.29257795675221
3.596,31.650000000000002,32.29134869906136
3.597,31.65416666666667,32.290119564296276
3.598,31.658333333333335,32.28889055244463
3.599,31.6625,32.28766166349419
3.6,31.66666666666667,32.28643289743263
3.601,31.670833333333334,32.285204254247674
3.602,31.675000000000004,32.283975733927036
3.603,31.679166666666667,32.28274733645844
3.604,31.683333333333337,32.28151906182961
3.605,31.6875,32.280290910028214
3.606,31.69166666666667,32.27906288104202
3.607,31.695833333333336,32.277834974858706
3.608,31.700000000000003,32.27660719146604
3.609,31.70416666666667,32.275379530851694
3.61,31.708333333333336,32.274151993003386
3.611,31.712500000000006,32.272924577908896
3.612,31.71666666666667,32.27169728555589
3.613,31.720833333333335,32.27047011593214
3.614,31.725,32.26924306902532
3.615,31.72916666666667,32.26801614482321
3.616,31.733333333333334,32.26678934331352
3.617,31.737500000000004,32.26556266448398
3.618,31.741666666666667,32.26433610832231
3.619,31.745833333333337,32.26310967481629
3.62,31.750000000000004,32.26188336395359
3.621,31.75416666666667,32.260657175721974
3.622,31.758333333333333,32.259431110109176
3.623,31.762500000000003,32.25820516710297
3.624,31.76666666666667,32.256979346691026
3.625,31.770833333333336,32.255753648861116
3.626,31.775000000000002,32.25452807360102
3.6270000000000002,31.77916666666667,32.25330262089847
3.628,31.78333333333334,32.25207729074117
3.629,31.7875,32.250852083116854
3.63,31.791666666666668,32.2496269980133
3.6310000000000002,31.795833333333334,32.24840203541828
3.632,31.800000000000004,32.24717719531952
3.633,31.804166666666667,32.24595247770475
3.634,31.808333333333337,32.24472788256173
3.6350000000000002,31.812500000000004,32.24350340987826
3.636,31.81666666666667,32.242279059642044
3.637,31.820833333333336,32.24105483184087
3.638,31.825000000000003,32.23983072646246
3.6390000000000002,31.82916666666667,32.238606743494586
3.64,31.833333333333336,32.23738288292503
3.641,31.837500000000002,32.23615914474152
3.642,31.84166666666667,32.23493552893183
3.6430000000000002,31.84583333333334,32.233712035483734
3.644,31.85,32.23248866438496
3.645,31.85416666666667,32.231265415623284
3.646,31.858333333333334,32.230042289186486
3.6470000000000002,31.862500000000004,32.22881928506234
3.648,31.866666666666667,32.227596403238636
3.649,31.870833333333337,32.226373643703084
3.65,31.875,32.22515100644347
3.6510000000000002,31.87916666666667,32.22392849144762
3.652,31.883333333333336,32.22270609870327
3.653,31.887500000000003,32.22148382819819
3.654,31.89166666666667,32.220261679920156
3.6550000000000002,31.895833333333336,32.21903965385695
3.656,31.900000000000002,32.21781774999636
3.657,31.90416666666667,32.216595968326146
3.658,31.908333333333335,32.2153743088341
3.6590000000000003,31.9125,32.214152771508
3.66,31.91666666666667,32.212931356335616
3.661,31.920833333333334,32.211710063304736
3.662,31.925000000000004,32.21048889240319
3.6630000000000003,31.92916666666667,32.209267843618704
3.664,31.933333333333337,32.20804691693911
3.665,31.9375,32.20682611235219
3.666,31.94166666666667,32.20560542984572
3.6670000000000003,31.945833333333336,32.20438486940748
3.668,31.950000000000003,32.2031644310253
3.669,31.95416666666667,32.20194411468697
3.67,31.958333333333336,32.200723920380256
3.6710000000000003,31.962500000000006,32.199503848093
3.672,31.96666666666667,32.19828389781293
3.673,31.970833333333335,32.197064069527926
3.674,31.975,32.19584436322572
3.6750000000000003,31.97916666666667,32.19462477889414
3.676,31.983333333333334,32.19340531652102
3.677,31.987500000000004,32.19218597609415
3.678,31.991666666666667,32.1909667576013
3.6790000000000003,31.995833333333337,32.18974766103031
3.68,32.0,32.188528686368954
3.681,32.00416666666667,32.18730983360507
3.682,32.00833333333333,32.18609110272649
3.6830000000000003,32.0125,32.184872493721
3.684,32.016666666666666,32.183654006576376
3.685,32.020833333333336,32.18243564128045
3.686,32.025000000000006,32.18121739782106
3.6870000000000003,32.02916666666667,32.17999927618604
3.688,32.03333333333334,32.17878127636317
3.689,32.0375,32.17756339834028
3.69,32.04166666666667,32.17634564210522
3.6910000000000003,32.045833333333334,32.17512800764575
3.692,32.050000000000004,32.17391049494972
3.693,32.05416666666667,32.17269310400496
3.694,32.05833333333334,32.17147583479931
3.6950000000000003,32.0625,32.1702586873206
3.696,32.06666666666667,32.169041661556605
3.697,32.07083333333334,32.167824757495225
3.698,32.075,32.166607975124236
3.6990000000000003,32.079166666666666,32.165391314431474
3.7,32.083333333333336,32.164174775404774
3.701,32.087500000000006,32.16295835803197
3.702,32.09166666666667,32.1617420623009
3.7030000000000003,32.09583333333334,32.1605258881994
3.704,32.1,32.159309835715305
3.705,32.10416666666667,32.158093904836505
3.706,32.108333333333334,32.15687809555078
3.7070000000000003,32.112500000000004,32.155662407845966
3.708,32.11666666666667,32.154446841709955
3.709,32.12083333333334,32.153231397130526
3.71,32.125,32.15201607409557
3.7110000000000003,32.12916666666667,32.150800872592924
3.712,32.13333333333334,32.149585792610424
3.713,32.1375,32.1483708341359
3.714,32.141666666666666,32.147155997157256
3.715,32.145833333333336,32.14594128166226
3.716,32.150000000000006,32.14472668763881
3.717,32.15416666666667,32.14351221507479
3.718,32.15833333333333,32.14229786395805
3.719,32.1625,32.14108363427641
3.72,32.16666666666667,32.13986952601772
3.721,32.170833333333334,32.13865553916986
3.722,32.175000000000004,32.13744167372067
3.723,32.17916666666667,32.13622792965805
3.724,32.18333333333334,32.13501430696982
3.725,32.1875,32.13380080564389
3.726,32.19166666666667,32.13258742566808
3.727,32.19583333333333,32.13137416703023
3.728,32.2,32.13016102971824
3.729,32.204166666666666,32.12894801371999
3.73,32.208333333333336,32.12773511902333
3.731,32.212500000000006,32.12652234561614
3.732,32.21666666666667,32.125309693486315
3.733,32.22083333333334,32.124097162621695
3.734,32.225,32.12288475301017
3.735,32.22916666666667,32.12167246463957
3.736,32.233333333333334,32.12046029749786
3.737,32.237500000000004,32.119248251572856
3.738,32.24166666666667,32.118036326852405
3.739,32.24583333333334,32.11682452332445
3.74,32.25,32.11561284097684
3.741,32.25416666666667,32.11440127979745
3.742,32.25833333333334,32.11318983977418
3.743,32.2625,32.11197852089492
3.744,32.266666666666666,32.11076732314757
3.745,32.270833333333336,32.10955624651996
3.746,32.275000000000006,32.108345291000035
3.747,32.27916666666667,32.107134456575636
3.748,32.28333333333334,32.10592374323471
3.749,32.2875,32.1047131509651
3.75,32.29166666666667,32.10350267975474
3.751,32.295833333333334,32.10229232959148
3.7520000000000002,32.300000000000004,32.10108210046326
3.753,32.30416666666667,32.09987199235792
3.754,32.30833333333334,32.09866200526341
3.755,32.3125,32.097452139167615
3.7560000000000002,32.31666666666667,32.096242394058436
3.757,32.32083333333334,32.09503276992376
3.758,32.325,32.093823266751485
3.759,32.329166666666666,32.092613884529555
3.7600000000000002,32.333333333333336,32.09140462324581
3.761,32.337500000000006,32.09019548288819
3.762,32.34166666666667,32.0889864634446
3.763,32.34583333333333,32.08777756490298
3.7640000000000002,32.35,32.086568787251224
3.765,32.35416666666667,32.08536013047723
3.766,32.358333333333334,32.08415159456888
3.767,32.362500000000004,32.08294317951413
3.7680000000000002,32.366666666666674,32.081734885300875
3.769,32.37083333333334,32.08052671191706
3.77,32.375,32.07931865935058
3.771,32.37916666666667,32.078110727589376
3.7720000000000002,32.38333333333334,32.07690291662135
3.773,32.3875,32.07569522643439
3.774,32.391666666666666,32.07448765701645
3.775,32.395833333333336,32.07328020835547
3.7760000000000002,32.400000000000006,32.07207288043935
3.777,32.40416666666667,32.07086567325604
3.778,32.40833333333333,32.06965858679342
3.779,32.4125,32.06845162103946
3.7800000000000002,32.41666666666667,32.06724477598209
3.781,32.420833333333334,32.06603805160921
3.782,32.425000000000004,32.06483144790877
3.783,32.42916666666667,32.063624964868666
3.7840000000000003,32.43333333333334,32.062418602476896
3.785,32.4375,32.061212360721356
3.786,32.44166666666667,32.060006239589995
3.787,32.44583333333333,32.05880023907076
3.7880000000000003,32.45,32.05759435915155
3.789,32.454166666666666,32.056388599820366
3.79,32.458333333333336,32.0551829610651
3.791,32.462500000000006,32.0539774428737
3.7920000000000003,32.46666666666667,32.05277204523412
3.793,32.47083333333334,32.05156676813431
3.794,32.475,32.05036161156221
3.795,32.47916666666667,32.049156575505776
3.7960000000000003,32.483333333333334,32.0479516599529
3.797,32.487500000000004,32.04674686489159
3.798,32.49166666666667,32.04554219030979
3.799,32.49583333333334,32.04433763619545
3.8000000000000003,32.5,32.043133202536524
3.801,32.50416666666667,32.04192888932096
3.802,32.50833333333334,32.0407246965367
3.803,32.5125,32.03952062417176
3.8040000000000003,32.516666666666666,32.03831667221402
3.805,32.520833333333336,32.0371128406515
3.806,32.525000000000006,32.035909129472145
3.807,32.52916666666667,32.0347055386639
3.8080000000000003,32.53333333333334,32.033502068214716
3.809,32.5375,32.0322987181126
3.81,32.54166666666667,32.0310954883455
3.811,32.545833333333334,32.029892378901366
3.8120000000000003,32.550000000000004,32.02868938976815
3.813,32.55416666666667,32.02748652093385
3.814,32.55833333333334,32.02628377238648
3.815,32.5625,32.025081144113926
3.8160000000000003,32.56666666666667,32.0238786361042
3.817,32.57083333333334,32.022676248345306
3.818,32.575,32.02147398082519
3.819,32.579166666666666,32.02027183353181
3.8200000000000003,32.583333333333336,32.01906980645316
3.821,32.587500000000006,32.0178678995772
3.822,32.59166666666667,32.016666112891926
3.823,32.59583333333333,32.01546444638535
3.8240000000000003,32.6,32.01426290004542
3.825,32.60416666666667,32.01306147386009
3.826,32.608333333333334,32.01186016781742
3.827,32.612500000000004,32.01065898190535
3.8280000000000003,32.616666666666674,32.00945791611184
3.829,32.62083333333334,32.008256970424895
3.83,32.625,32.00705614483252
3.831,32.62916666666667,32.005855439322715
3.8320000000000003,32.63333333333334,32.004654853883494
3.833,32.6375,32.0034543885028
3.834,32.641666666666666,32.00225404316865
3.835,32.645833333333336,32.001053817869035
3.8360000000000003,32.650000000000006,31.999853712591914
3.837,32.65416666666667,31.998653727325348
3.838,32.65833333333334,31.997453862057284
3.839,32.6625,31.996254116775788
3.84,32.66666666666667,31.995054491468807
3.841,32.670833333333334,31.993854986124347
3.842,32.675000000000004,31.992655600730416
3.843,32.67916666666667,31.991456335275018
3.844,32.68333333333334,31.99025718974616
3.845,32.6875,31.989058164131848
3.846,32.69166666666667,31.987859258420087
3.847,32.69583333333334,31.986660472598942
3.848,32.7,31.98546180665636
3.849,32.704166666666666,31.98426326058035
3.85,32.708333333333336,31.98306483435897
3.851,32.712500000000006,31.98186652798023
3.852,32.71666666666667,31.980668341432136
3.853,32.72083333333333,31.97947027470269
3.854,32.725,31.978272327779905
3.855,32.72916666666667,31.97707450065178
3.856,32.733333333333334,31.975876793306384
3.857,32.737500000000004,31.974679205731718
3.858,32.741666666666674,31.973481737915847
3.859,32.74583333333334,31.97228438984672
3.86,32.75,31.9710871615124
3.861,32.75416666666667,31.969890052900894
3.862,32.75833333333334,31.968693064000263
3.863,32.7625,31.967496194798514
3.864,32.766666666666666,31.96629944528371
3.865,32.770833333333336,31.965102815443856
3.866,32.775000000000006,31.96390630526696
3.867,32.77916666666667,31.962709914741083
3.868,32.78333333333333,31.96151364385429
3.869,32.78750000000001,31.960317492594584
3.87,32.79166666666667,31.959121460949973
3.871,32.795833333333334,31.95792554890852
3.872,32.8,31.956729756458287
3.873,32.804166666666674,31.95553408358728
3.874,32.80833333333334,31.954338530283565
3.875,32.8125,31.9531430965352
3.876,32.81666666666667,31.951947782330194
3.8770000000000002,32.82083333333334,31.95075258765661
3.878,32.825,31.94955751250251
3.879,32.829166666666666,31.948362556855898
3.88,32.833333333333336,31.947167720704897
3.8810000000000002,32.837500000000006,31.945973004037512
3.882,32.84166666666667,31.94477840684175
3.883,32.84583333333333,31.943583929105728
3.884,32.85,31.942389570817454
3.8850000000000002,32.85416666666667,31.941195331965048
3.886,32.858333333333334,31.940001212536515
3.887,32.8625,31.93880721251992
3.888,32.86666666666667,31.93761333190332
3.8890000000000002,32.87083333333334,31.936419570674786
3.89,32.875,31.935225928822376
3.891,32.87916666666667,31.934032406334154
3.892,32.88333333333334,31.932839003198183
3.8930000000000002,32.8875,31.931645719402525
3.894,32.891666666666666,31.930452554935243
3.895,32.895833333333336,31.9292595097844
3.896,32.900000000000006,31.92806658393806
3.8970000000000002,32.90416666666667,31.926873777384344
3.898,32.90833333333333,31.925681090111254
3.899,32.9125,31.924488522106913
3.9,32.91666666666667,31.92329607335938
3.9010000000000002,32.920833333333334,31.922103743856724
3.902,32.925000000000004,31.920911533587002
3.903,32.929166666666674,31.92927281580228
3.904,32.93333333333334,31.937632962640407
3.9050000000000002,32.9375,31.945991974274307
3.906,32.94166666666667,31.954349850876838
3.907,32.94583333333334,31.96270659262086
3.908,32.95,31.97106219967924
3.9090000000000003,32.954166666666666,31.979416672224716
3.91,32.958333333333336,31.98777001043004
3.911,32.962500000000006,31.99612221446796
3.912,32.96666666666667,32.00447328451111
3.9130000000000003,32.97083333333333,32.01282322073217
3.914,32.975,32.021172023303734
3.915,32.97916666666667,32.029519692398424
3.916,32.983333333333334,32.03786622818882
3.9170000000000003,32.987500000000004,32.04621163084738
3.918,32.991666666666674,32.05455590054663
3.919,32.99583333333334,32.06289903745903
3.92,33.0,32.07124104175699
3.9210000000000003,33.00416666666667,32.07958191361291
3.922,33.00833333333334,32.087921653199146
3.923,33.0125,32.096260260687984
3.924,33.016666666666666,32.104597736251776
3.9250000000000003,33.020833333333336,32.11293408006276
3.926,33.025000000000006,32.12126929229311
3.927,33.02916666666667,32.12960337311512
3.928,33.03333333333333,32.13793632270085
3.9290000000000003,33.03750000000001,32.14626814122249
3.93,33.04166666666667,32.15459882885216
3.931,33.045833333333334,32.16292838576186
3.932,33.05,32.17125681212366
3.9330000000000003,33.054166666666674,32.179584108109566
3.934,33.05833333333334,32.187910273891475
3.935,33.0625,32.196235309641395
3.936,33.06666666666667,32.20455921553122
3.9370000000000003,33.07083333333334,32.212881991732786
3.938,33.075,32.22120363841793
3.939,33.079166666666666,32.2295241557585
3.94,33.083333333333336,32.2378435439262
3.9410000000000003,33.087500000000006,32.24616180309283
3.942,33.09166666666667,32.25447893343005
3.943,33.09583333333333,32.262794935109525
3.944,33.1,32.271109808302924
3.9450000000000003,33.10416666666667,32.27942355318186
3.946,33.108333333333334,32.28773616991788
3.947,33.112500000000004,32.29604765868254
3.948,33.11666666666667,32.304358019647395
3.9490000000000003,33.12083333333334,32.312667252983886
3.95,33.125,32.32097535886339
3.951,33.12916666666667,32.329282337457414
3.952,33.13333333333334,32.337588188937275
3.9530000000000003,33.1375,32.34589291347436
3.954,33.141666666666666,32.35419651123999
3.955,33.145833333333336,32.36249898240544
3.956,33.150000000000006,32.37080032714192
3.9570000000000003,33.15416666666667,32.3791005456207
3.958,33.15833333333333,32.38739963801294
3.959,33.1625,32.39569760448978
3.96,33.16666666666667,32.403994445222395
3.9610000000000003,33.170833333333334,32.412290160381815
3.962,33.175000000000004,32.420584750139085
3.963,33.179166666666674,32.4288782146653
3.964,33.18333333333334,32.4371705541314
3.9650000000000003,33.1875,32.445461768708356
3.966,33.19166666666667,32.453751858567045
3.967,33.19583333333334,32.46204082387845
3.968,33.2,32.470328664813394
3.969,33.204166666666666,32.47861538154268
3.97,33.208333333333336,32.48690097423713
3.971,33.212500000000006,32.4951854430675
3.972,33.21666666666667,32.503468788204486
3.973,33.22083333333333,32.51175100981885
3.974,33.225,32.52003210808124
3.975,33.22916666666667,32.52831208316229
3.976,33.233333333333334,32.536590935232596
3.977,33.2375,32.54486866446274
3.978,33.241666666666674,32.553145271023254
3.979,33.24583333333334,32.56142075508461
3.98,33.25,32.56969511681734
3.981,33.25416666666667,32.577968356391864
3.982,33.25833333333334,32.58624047397859
3.983,33.2625,32.594511469747886
3.984,33.266666666666666,32.602781343870106
3.985,33.270833333333336,32.611050096515555
3.986,33.275000000000006,32.619317727854536
3.987,33.27916666666667,32.62758423805724
3.988,33.28333333333333,32.63584962729391
3.989,33.2875,32.64411389573473
3.99,33.29166666666667,32.652377043549905
3.991,33.295833333333334,32.6606390709095
3.992,33.3,32.66889997798364
3.993,33.30416666666667,32.67715976494236
3.994,33.30833333333334,32.68541843195567
3.995,33.3125,32.693675979193586
3.996,33.31666666666667,32.70193240682602
3.997,33.32083333333334,32.710187715022926
3.998,33.325,32.718441903954215
3.999,33.329166666666666,32.72669497378973
4.0,33.333333333333336,32.73494692469933
4.001,33.337500000000006,32.743197756852794
4.002,33.34166666666667,32.75144747041992
4.003,33.34583333333333,32.75969606557038
4.0040000000000004,33.35000000000001,32.767943542473915
4.005,33.35416666666667,32.7761899013002
4.006,33.358333333333334,32.784435142218854
4.007,33.3625,32.7926792653995
4.008,33.366666666666674,32.8009222710117
4.009,33.37083333333334,32.80916415922502
4.01,33.375,32.81740493020891
4.011,33.37916666666667,32.82564458413293
4.0120000000000005,33.38333333333334,32.83388312116648
4.013,33.3875,32.842120541479005
4.014,33.391666666666666,32.850356845239844
4.015,33.395833333333336,32.85859203261839
4.016,33.400000000000006,32.86682610378392
4.017,33.40416666666667,32.87505905890572
4.018,33.40833333333333,32.883290898153064
4.019,33.4125,32.89152162169523
4.0200000000000005,33.41666666666667,32.89975122970134
4.021,33.420833333333334,32.90797972234054
4.022,33.425000000000004,32.916207099782014
4.023,33.42916666666667,32.924433362194804
4.024,33.43333333333334,32.93265850974802
4.025,33.4375,32.940882542610666
4.026,33.44166666666667,32.949105460951785
4.027,33.44583333333334,32.95732726494032
4.0280000000000005,33.45,32.96554795474515
4.029,33.454166666666666,32.97376753053521
4.03,33.458333333333336,32.98198599247945
4.031,33.462500000000006,32.99020334074663
4.032,33.46666666666667,32.99841957550558
4.033,33.47083333333334,33.00663469692506
4.034,33.475,33.01484870517385
4.035,33.47916666666667,33.02306160042065
4.0360000000000005,33.483333333333334,33.031273382834115
4.037,33.4875,33.03948405258291
4.038,33.491666666666674,33.047693609835676
4.039,33.49583333333334,33.05590205476096
4.04,33.5,33.06410938752737
4.041,33.50416666666667,33.07231560830343
4.042,33.50833333333334,33.08052071725757
4.043,33.5125,33.08872471455828
4.0440000000000005,33.51666666666667,33.09692760037399
4.045,33.520833333333336,33.105129374873115
4.046,33.525000000000006,33.11333003822398
4.047,33.52916666666667,33.121529590594946
4.048,33.53333333333333,33.12972803215433
4.049,33.53750000000001,33.13792536307034
4.05,33.54166666666667,33.146121583511274
4.051,33.545833333333334,33.154316693645285
4.0520000000000005,33.550000000000004,33.16251069364063
4.053,33.55416666666667,33.170703583665386
4.054,33.55833333333334,33.17889536388765
4.055,33.5625,33.187086034475556
4.056,33.56666666666667,33.19527559559714
4.057,33.57083333333334,33.20346404742037
4.058,33.575,33.211651390113275
4.059,33.579166666666666,33.21983762384383
4.0600000000000005,33.58333333333334,33.22802274877989
4.061,33.587500000000006,33.23620676508938
4.062,33.59166666666667,33.2443896729402
4.063,33.59583333333333,33.25257147250011
4.064,33.6,33.26075216393696
4.065,33.60416666666667,33.26893174741849
4.066,33.608333333333334,33.2771102231124
4.067,33.612500000000004,33.28528759118643
4.0680000000000005,33.616666666666674,33.29346385180821
4.069,33.62083333333334,33.30163900514543
4.07,33.625,33.309813051365666
4.071,33.62916666666666,33.31798599063649
4.072,33.63333333333334,33.32615782312547
4.073,33.6375,33.33432854900013
4.074,33.641666666666666,33.34249816842794
4.075,33.645833333333336,33.350666681576286
4.0760000000000005,33.650000000000006,33.35883408861264
4.077,33.65416666666667,33.3670003897044
4.078,33.65833333333334,33.37516558501892
4.079,33.6625,33.383329674723484
4.08,33.66666666666667,33.39149265898544
4.081,33.670833333333334,33.399654537972026
4.082,33.675,33.40781531185041
4.083,33.679166666666674,33.415974980787894
4.0840000000000005,33.68333333333334,33.42413354495159
4.085,33.6875,33.43229100450861
4.086,33.69166666666667,33.44044735962609
4.087,33.69583333333334,33.448602610471085
4.088,33.7,33.456756757210655
4.089,33.704166666666666,33.46490980001181
4.09,33.708333333333336,33.4730617390415
4.091,33.712500000000006,33.481212574466724
4.0920000000000005,33.71666666666667,33.48936230645438
4.093,33.72083333333333,33.497510935171306
4.094,33.72500000000001,33.50565846078439
4.095,33.72916666666667,33.513804883460466
4.096,33.733333333333334,33.521950203366316
4.097,33.737500000000004,33.53009442066866
4.098,33.74166666666667,33.53823753553428
4.099,33.74583333333334,33.546379548129835
4.1,33.75,33.55452045862205
4.101,33.75416666666667,33.56266026717748
4.102,33.75833333333334,33.57079897396278
4.103,33.7625,33.57893657914451
4.104,33.766666666666666,33.58707308288922
4.105,33.77083333333334,33.5952084853634
4.106,33.775000000000006,33.60334278673355
4.107,33.77916666666667,33.6114759871661
4.108,33.78333333333333,33.61960808682744
4.109,33.7875,33.627739085884
4.11,33.79166666666667,33.63586898450211
4.111,33.795833333333334,33.64399778284809
4.112,33.800000000000004,33.65212548108826
4.113,33.804166666666674,33.6602520793889
4.114,33.80833333333334,33.66837757791615
4.115,33.8125,33.67650197683628
4.116,33.81666666666666,33.684625276315444
4.117,33.82083333333334,33.6927474765198
4.118,33.825,33.70086857761538
4.119,33.829166666666666,33.70898857976829
4.12,33.833333333333336,33.717107483144616
4.121,33.837500000000006,33.72522528791035
4.122,33.84166666666667,33.73334199423141
4.123,33.84583333333333,33.74145760227384
4.124,33.85,33.74957211220351
4.125,33.85416666666667,33.757685524186286
4.126,33.858333333333334,33.76579783838804
4.127,33.8625,33.77390905497458
4.128,33.866666666666674,33.78201917411178
4.1290000000000004,33.87083333333334,33.79012819596534
4.13,33.875,33.79823612070095
4.131,33.87916666666667,33.80634294848437
4.132,33.88333333333333,33.8144486794813
4.133,33.8875,33.82255331385733
4.134,33.891666666666666,33.83065685177809
4.135,33.895833333333336,33.83875929340911
4.136,33.900000000000006,33.846860638915985
4.1370000000000005,33.90416666666667,33.854960888464234
4.138,33.90833333333333,33.863060042219274
4.139,33.91250000000001,33.87115810034663
4.14,33.91666666666667,33.879255063011726
4.141,33.920833333333334,33.88735093037991
4.142,33.925000000000004,33.89544570261654
4.143,33.92916666666667,33.90353937988698
4.144,33.93333333333334,33.91163196235652
4.1450000000000005,33.9375,33.91972345019042
4.146,33.94166666666667,33.927813843553906
4.147,33.94583333333334,33.93590314261223
4.148,33.95,33.94399134753053
4.149,33.954166666666666,33.95207845847398
4.15,33.958333333333336,33.960164475607655
4.151,33.962500000000006,33.968249399096635
4.152,33.96666666666667,33.97633322910599
4.1530000000000005,33.97083333333334,33.984415965800736
4.154,33.975,33.99249760934589
4.155,33.97916666666667,34.00057815990641
4.156,33.983333333333334,34.0086576176472
4.157,33.987500000000004,34.01673598273317
4.158,33.991666666666674,34.02481325532915
4.159,33.99583333333334,34.0328894356
4.16,34.0,34.04096452371056
4.1610000000000005,34.00416666666667,34.04903851982556
4.162,34.00833333333334,34.057111424109735
4.163,34.0125,34.065183236727876
4.164,34.016666666666666,34.0732539578446
4.165,34.020833333333336,34.08132358762458
4.166,34.025000000000006,34.08939212623244
4.167,34.02916666666667,34.09745957383274
4.168,34.03333333333333,34.105525930590034
4.1690000000000005,34.03750000000001,34.11359119666889
4.17,34.04166666666667,34.12165537223382
4.171,34.045833333333334,34.12971845744926
4.172,34.05,34.1377804524796
4.173,34.054166666666674,34.14584135748936
4.174,34.05833333333334,34.15390117264286
4.175,34.0625,34.161959898104385
4.176,34.06666666666667,34.17001753403832
4.1770000000000005,34.07083333333334,34.17807408060895
4.178,34.075,34.18612953798049
4.179,34.079166666666666,34.19418390631722
4.18,34.083333333333336,34.20223718578325
4.181,34.087500000000006,34.21028937654279
4.182,34.09166666666667,34.21834047876001
4.183,34.09583333333333,34.226390492598966
4.184,34.1,34.2344394182237
4.1850000000000005,34.10416666666667,34.24248725579832
4.186,34.108333333333334,34.25053400548677
4.187,34.112500000000004,34.258579667453034
4.188,34.11666666666667,34.26662424186111
4.189,34.12083333333334,34.274667728874874
4.19,34.125,34.28271012865821
4.191,34.12916666666667,34.290751441374994
4.192,34.13333333333334,34.29879166718905
4.1930000000000005,34.1375,34.306830806264145
4.194,34.141666666666666,34.314868858764044
4.195,34.145833333333336,34.32290582485251
4.196,34.150000000000006,34.33094170469326
4.197,34.15416666666667,34.33897649844994
4.198,34.15833333333334,34.3470102062862
4.199,34.1625,34.35504282836564
4.2,34.16666666666667,34.363074364851855
4.2010000000000005,34.170833333333334,34.37110481590838
4.202,34.175,34.37913418169876
4.203,34.179166666666674,34.38716246238647
4.204,34.18333333333334,34.395189658134996
4.205,34.1875,34.4032157691077
4.206,34.19166666666667,34.411240795468075
4.207,34.19583333333334,34.41926473737942
4.208,34.2,34.42728759500511
4.2090000000000005,34.20416666666667,34.4353093685084
4.21,34.208333333333336,34.443330058052595
4.211,34.212500000000006,34.451349663800954
4.212,34.21666666666667,34.459368185916674
4.213,34.22083333333333,34.46738562456295
4.214,34.22500000000001,34.47540197990298
4.215,34.22916666666667,34.483417252099855
4.216,34.233333333333334,34.49143144131665
4.2170000000000005,34.237500000000004,34.49944454771645
4.218,34.241666666666674,34.507456571462285
4.219,34.24583333333334,34.51546751271718
4.22,34.25,34.523477371644105
4.221,34.25416666666667,34.531486148405975
4.222,34.25833333333334,34.5394938431657
4.223,34.2625,34.5475004560862
4.224,34.266666666666666,34.55550598733032
4.225,34.270833333333336,34.56351043706087
4.226,34.275000000000006,34.571513805440645
4.227,34.27916666666667,34.57951609263239
4.228,34.28333333333333,34.58751729879884
4.229,34.2875,34.59551742410275
4.23,34.29166666666667,34.603516468706744
4.231,34.295833333333334,34.61151443277345
4.232,34.300000000000004,34.61951131646555
4.233,34.30416666666667,34.62750711994556
4.234,34.30833333333334,34.63550184337606
4.235,34.3125,34.64349548691956
4.236,34.31666666666666,34.65148805073852
4.237,34.32083333333334,34.659479534995455
4.238,34.325,34.667469939852765
4.239,34.329166666666666,34.67545926547285
4.24,34.333333333333336,34.68344751201806
4.241,34.337500000000006,34.6914346796508
4.242,34.34166666666667,34.69942076853329
4.243,34.34583333333334,34.70740577882788
4.244,34.35,34.7153897106968
4.245,34.35416666666667,34.72337256430228
4.246,34.358333333333334,34.7313543398065
4.247,34.3625,34.739335037371575
4.248,34.366666666666674,34.74731465715968
4.249,34.37083333333334,34.755293199332925
4.25,34.375,34.76327066405338
4.251,34.37916666666667,34.771247051483044
4.252,34.38333333333334,34.77922236178392
4.253,34.3875,34.787196595118075
4.2540000000000004,34.391666666666666,34.79516975164739
4.255,34.395833333333336,34.803141831533765
4.256,34.400000000000006,34.81111283493914
4.257,34.40416666666667,34.81908276202529
4.258,34.40833333333333,34.82705161295411
4.259,34.41250000000001,34.83501938788743
4.26,34.41666666666667,34.84298608698697
4.261,34.420833333333334,34.85095171041445
4.2620000000000005,34.425000000000004,34.85891625833165
4.263,34.42916666666667,34.866879730900166
4.264,34.43333333333334,34.87484212828173
4.265,34.4375,34.88280345063788
4.266,34.44166666666667,34.89076369813023
4.267,34.44583333333334,34.89872287092038
4.268,34.45,34.90668096916983
4.269,34.454166666666666,34.91463799304006
4.2700000000000005,34.45833333333334,34.92259394269257
4.271,34.462500000000006,34.9305488182888
4.272,34.46666666666667,34.93850261999012
4.273,34.47083333333333,34.946455347957965
4.274,34.475,34.95440700235366
4.275,34.47916666666667,34.96235758333853
4.276,34.483333333333334,34.970307091073835
4.277,34.487500000000004,34.97825552572084
4.2780000000000005,34.491666666666674,34.98620288744081
4.279,34.49583333333334,34.9941491763949
4.28,34.5,35.00209439274431
4.281,34.50416666666666,35.0100385366502
4.282,34.50833333333334,35.01798160827366
4.283,34.5125,35.02592360777578
4.284,34.516666666666666,35.033864535317605
4.285,34.520833333333336,35.04180439106011
4.2860000000000005,34.525000000000006,35.04974317516434
4.287,34.52916666666667,35.057680887791264
4.288,34.53333333333334,35.065617529101814
4.289,34.5375,35.073553099256856
4.29,34.54166666666667,35.081487598417255
4.291,34.545833333333334,35.08942102674388
4.292,34.55,35.097353384397536
4.293,34.554166666666674,35.10528467153904
4.2940000000000005,34.55833333333334,35.11321488832914
4.295,34.5625,35.121144034928534
4.296,34.56666666666667,35.12907211149792
4.297,34.57083333333333,35.136999118197934
4.298,34.575,35.144925055189276
4.299,34.579166666666666,35.15284992263253
4.3,34.583333333333336,35.16077372068821
4.301,34.587500000000006,35.168696449516915
4.3020000000000005,34.59166666666667,35.17661810927916
4.303,34.59583333333333,35.18453870013542
4.304,34.60000000000001,35.192458222246216
4.305,34.60416666666667,35.200376675771906
4.306,34.608333333333334,35.2082940608729
4.307,34.612500000000004,35.21621037770956
4.308,34.61666666666667,35.22412562644223
4.309,34.62083333333334,35.23203980723122
4.3100000000000005,34.625,35.23995292023682
4.311,34.62916666666667,35.247864965619215
4.312,34.63333333333334,35.25577594353871
4.313,34.6375,35.26368585415548
4.314,34.641666666666666,35.271594697629666
4.315,34.645833333333336,35.27950247412139
4.316,34.650000000000006,35.28740918379077
4.317,34.65416666666667,35.29531482679789
4.3180000000000005,34.65833333333334,35.30321940330276
4.319,34.6625,35.3111229134654
4.32,34.66666666666667,35.31902535744581
4.321,34.670833333333334,35.3269267354039
4.322,34.675000000000004,35.33482704749969
4.323,34.679166666666674,35.34272629389301
4.324,34.68333333333334,35.35062447474371
4.325,34.6875,35.35852159021164
4.3260000000000005,34.69166666666667,35.36641764045663
4.327,34.69583333333334,35.374312625638424
4.328,34.7,35.3822065459168
4.329,34.704166666666666,35.39009940145144
4.33,34.708333333333336,35.39799119240206
4.331,34.712500000000006,35.40588191892829
4.332,34.71666666666667,35.41377158118979
4.333,34.72083333333333,35.42166017934619
4.3340000000000005,34.72500000000001,35.429547713556985
4.335,34.72916666666667,35.43743418398179
4.336,34.733333333333334,35.44531959078006
4.337,34.7375,35.453203934111286
4.338,34.741666666666674,35.46108721413498
4.339,34.74583333333334,35.468969431010464
4.34,34.75,35.47685058489719
4.341,34.75416666666667,35.48473067595455
4.3420000000000005,34.75833333333334,35.49260970434182
4.343,34.7625,35.50048767021838
4.344,34.766666666666666,35.50836457374345
4.345,34.770833333333336,35.516240415076254
4.346,34.775000000000006,35.524115194376066
4.347,34.77916666666667,35.531988911802046
4.348,34.78333333333333,35.539861567513356
4.349,34.78750000000001,35.54773316166916
4.3500000000000005,34.79166666666667,35.555603694428555
4.351,34.795833333333334,35.56347316595054
4.352,34.800000000000004,35.57134157639422
4.353,34.80416666666667,35.57920892591858
4.354,34.80833333333334,35.58707521468267
4.355,34.8125,35.59494044284537
4.356,34.81666666666667,35.60280461056561
4.357,34.82083333333334,35.61066771800233
4.358,34.825,35.61852976531435
4.359,34.829166666666666,35.62639075266054
4.36,34.833333333333336,35.63425068019973
4.361,34.837500000000006,35.642109548090616
4.362,34.84166666666667,35.64996735649203
4.363,34.84583333333334,35.65782410556267
4.364,34.85,35.66567979546119
4.365,34.85416666666667,35.67353442634629
4.366,34.858333333333334,35.68138799837658
4.367,34.8625,35.68924051171069
4.368,34.866666666666674,35.69709196650717
4.369,34.87083333333334,35.704942362924555
4.37,34.875,35.71279170112143
4.371,34.87916666666667,35.72063998125623
4.372,34.88333333333334,35.72848720348742
4.373,34.8875,35.73633336797343
4.374,34.891666666666666,35.744178474872626
4.375,34.895833333333336,35.75202252434343
4.376,34.900000000000006,35.75986551654415
4.377,34.90416666666667,35.7677074516331
4.378,34.90833333333333,35.77554832976858
4.3790000000000004,34.91250000000001,35.78338815110885
4.38,34.91666666666667,35.7912269158121
4.381,34.920833333333334,35.79906462403659
4.382,34.925,35.80690127594039
4.383,34.929166666666674,35.8147368716817
4.384,34.93333333333334,35.822571411418664
4.385,34.9375,35.8304048953093
4.386,34.94166666666667,35.83823732351169
4.3870000000000005,34.94583333333334,35.84606869618386
4.388,34.95,35.85389901348378
4.389,34.954166666666666,35.86172827556942
4.39,34.958333333333336,35.86955648259868
4.391,34.962500000000006,35.87738363472954
4.392,34.96666666666667,35.88520973211979
4.393,34.97083333333333,35.893034774927344
4.394,34.975,35.90085876331
4.3950000000000005,34.97916666666667,35.90868169742555
4.396,34.983333333333334,35.91650357743174
4.397,34.987500000000004,35.92432440348631
4.398,34.99166666666667,35.932144175747
4.399,34.99583333333334,35.93996289437143
4.4,35.0,35.9477805595173
4.401,35.00416666666667,35.95559717134216
4.402,35.00833333333334,35.963412730003654
4.4030000000000005,35.0125,35.971227235659285
4.404,35.016666666666666,35.979040688466625
4.405,35.020833333333336,35.98685308858319
4.406,35.025000000000006,35.994664436166374
4.407,35.02916666666667,36.002474731373695
4.408,35.03333333333334,36.01028397436255
4.409,35.0375,36.018092165290284
4.41,35.04166666666667,36.025899304314294
4.4110000000000005,35.045833333333334,36.03370539159192
4.412,35.05,36.0415104272804
4.413,35.054166666666674,36.04931441153707
4.414,35.05833333333334,36.0571173445191
4.415,35.0625,36.06491922638378
4.416,35.06666666666667,36.06331273456743
4.417,35.07083333333334,36.06170640340025
4.418,35.075,36.060100232866205
4.4190000000000005,35.07916666666667,36.05849422294921
4.42,35.083333333333336,36.05688837363317
4.421,35.087500000000006,36.05528268490207
4.422,35.09166666666667,36.053677156739866
4.423,35.09583333333333,36.05207178913048
4.424,35.10000000000001,36.05046658205782
4.425,35.10416666666667,36.048861535505864
4.426,35.108333333333334,36.047256649458575
4.4270000000000005,35.112500000000004,36.045651923899925
4.428,35.11666666666667,36.04404735881383
4.429,35.12083333333334,36.042442954184196
4.43,35.125,36.04083870999506
4.431,35.12916666666667,36.039234626230325
4.432,35.13333333333334,36.03763070287397
4.433,35.1375,36.03602693990996
4.434,35.141666666666666,36.03442333732221
4.4350000000000005,35.14583333333334,36.03281989509475
4.436,35.150000000000006,36.031216613211484
4.437,35.15416666666667,36.02961349165645
4.438,35.15833333333333,36.02801053041355
4.439,35.1625,36.02640772946677
4.44,35.16666666666667,36.024805088800065
4.441,35.170833333333334,36.02320260839747
4.442,35.175000000000004,36.021600288242894
4.4430000000000005,35.179166666666674,36.01999812832031
4.444,35.18333333333334,36.018396128613745
4.445,35.1875,36.01679428910717
4.446,35.19166666666666,36.01519260978449
4.447,35.19583333333334,36.013591090629745
4.448,35.2,36.011989731626954
4.449,35.204166666666666,36.01038853276003
4.45,35.208333333333336,36.008787494013006
4.4510000000000005,35.212500000000006,36.00718661536985
4.452,35.21666666666667,36.00558589681458
4.453,35.22083333333334,36.00398533833118
4.454,35.225,36.00238493990361
4.455,35.22916666666667,36.00078470151584
4.456,35.233333333333334,35.99918462315196
4.457,35.2375,35.997584704795884
4.458,35.241666666666674,35.99598494643163
4.4590000000000005,35.24583333333334,35.99438534804324
4.46,35.25,35.99278590961467
4.461,35.25416666666667,35.99118663112995
4.462,35.25833333333334,35.98958751257311
4.463,35.2625,35.98798855392812
4.464,35.266666666666666,35.98638975517895
4.465,35.270833333333336,35.98479111630968
4.466,35.275000000000006,35.983192637304285
4.4670000000000005,35.27916666666667,35.98159431814679
4.468,35.28333333333333,35.97999615882122
4.469,35.28750000000001,35.97839815931161
4.47,35.29166666666667,35.97680031960192
4.471,35.295833333333334,35.97520263967618
4.472,35.300000000000004,35.97360511951848
4.473,35.30416666666667,35.972007759112785
4.474,35.30833333333334,35.97041055844312
4.4750000000000005,35.3125,35.968813517493516
4.476,35.31666666666667,35.967216636248
4.477,35.32083333333334,35.96561991469059
4.478,35.325,35.964023352805384
4.479,35.329166666666666,35.962426950576344
4.48,35.33333333333334,35.9608307079875
4.481,35.337500000000006,35.95923462502293
4.482,35.34166666666667,35.95763870166667
4.483,35.34583333333333,35.95604293790274
4.484,35.35,35.954447333715166
4.485,35.35416666666667,35.95285188908804
4.486,35.358333333333334,35.95125660400538
4.487,35.362500000000004,35.94966147845122
4.488,35.366666666666674,35.94806651240958
4.489,35.37083333333334,35.94647170586455
4.49,35.375,35.944877058800216
4.491,35.37916666666666,35.94328257120054
4.492,35.38333333333334,35.94168824304967
4.493,35.3875,35.94009407433157
4.494,35.391666666666666,35.93850006503038
4.495,35.395833333333336,35.93690621513008
4.496,35.400000000000006,35.9353125246148
4.497,35.40416666666667,35.933718993468574
4.498,35.40833333333333,35.932125621675425
4.499,35.4125,35.930532409219495
4.5,35.41666666666667,35.92893935608481
4.501,35.420833333333334,35.9273464622554
4.502,35.425,35.9257537277154
4.503,35.429166666666674,35.924161152448846
4.5040000000000004,35.43333333333334,35.922568736439814
4.505,35.4375,35.92097647967239
4.506,35.44166666666667,35.91938438213066
4.507,35.44583333333333,35.917792443798646
4.508,35.45,35.916200664660494
4.509,35.454166666666666,35.91460904470023
4.51,35.458333333333336,35.91301758390199
4.511,35.462500000000006,35.911426282249806
4.5120000000000005,35.46666666666667,35.90983513972782
4.513,35.47083333333333,35.90824415632005
4.514,35.47500000000001,35.90665333201065
4.515,35.47916666666667,35.905062666783635
4.516,35.483333333333334,35.90347216062315
4.517,35.487500000000004,35.901881813513285
4.518,35.49166666666667,35.90029162543817
4.519,35.49583333333334,35.89870159638184
4.5200000000000005,35.5,35.89711172632843
4.521,35.50416666666667,35.89552201526203
4.522,35.50833333333334,35.89393246316672
4.523,35.5125,35.89234307002664
4.524,35.516666666666666,35.89075383582582
4.525,35.520833333333336,35.889164760548454
4.526,35.525000000000006,35.88757584417863
4.527,35.52916666666667,35.885987086700425
4.5280000000000005,35.53333333333334,35.884398488097986
4.529,35.5375,35.882810048355395
4.53,35.54166666666667,35.88122176745679
4.531,35.545833333333334,35.879633645386264
4.532,35.550000000000004,35.87804568212795
4.533,35.554166666666674,35.87645787766593
4.534,35.55833333333334,35.874870231984346
4.535,35.5625,35.87328274506734
4.5360000000000005,35.56666666666667,35.87169541689906
4.537,35.57083333333334,35.87010824746358
4.538,35.575,35.86852123674504
4.539,35.579166666666666,35.866934384727585
4.54,35.583333333333336,35.8653476913953
4.541,35.587500000000006,35.86376115673238
4.542,35.59166666666667,35.86217478072291
4.543,35.59583333333333,35.86058856335103
4.5440000000000005,35.60000000000001,35.85900250460088
4.545,35.60416666666667,35.8574166044566
4.546,35.608333333333334,35.85583086290234
4.547,35.6125,35.854245279922225
4.548,35.616666666666674,35.852659855500406
4.549,35.62083333333334,35.85107458962102
4.55,35.625,35.84948948226827
4.551,35.62916666666667,35.84790453342623
4.5520000000000005,35.63333333333334,35.84631974307911
4.553,35.6375,35.84473511121098
4.554,35.641666666666666,35.84315063780605
4.555,35.645833333333336,35.84156632284845
4.556,35.650000000000006,35.83998216632233
4.557,35.65416666666667,35.83839816821188
4.558,35.65833333333333,35.83681432850125
4.559,35.66250000000001,35.83523064717457
4.5600000000000005,35.66666666666667,35.83364712421604
4.561,35.670833333333334,35.83206375960981
4.562,35.675000000000004,35.83048055334001
4.563,35.67916666666667,35.82889750539084
4.564,35.68333333333334,35.8273146157465
4.565,35.6875,35.82573188439113
4.566,35.69166666666667,35.82414931130887
4.567,35.69583333333334,35.82256689648392
4.5680000000000005,35.7,35.82098463990047
4.569,35.704166666666666,35.81940254154267
4.57,35.708333333333336,35.817820601394715
4.571,35.712500000000006,35.81623881944074
4.572,35.71666666666667,35.81465719566495
4.573,35.72083333333334,35.81307573005154
4.574,35.725,35.8114944225847
4.575,35.72916666666667,35.80991327324864
4.5760000000000005,35.733333333333334,35.80833228202749
4.577,35.7375,35.80675144890546
4.578,35.741666666666674,35.805170773866735
4.579,35.74583333333334,35.80359025689552
4.58,35.75,35.802009897976006
4.581,35.75416666666667,35.8004296970924
4.582,35.75833333333334,35.79884965422889
4.583,35.7625,35.79726976936962
4.5840000000000005,35.76666666666667,35.79569004249885
4.585,35.770833333333336,35.79411047360077
4.586,35.775000000000006,35.79253106265958
4.587,35.77916666666667,35.790951809659475
4.588,35.78333333333333,35.78937271458466
4.589,35.78750000000001,35.78779377741938
4.59,35.79166666666667,35.786214998147784
4.591,35.795833333333334,35.78463637675412
4.5920000000000005,35.800000000000004,35.78305791322259
4.593,35.804166666666674,35.78147960753745
4.594,35.80833333333334,35.77990145968283
4.595,35.8125,35.778323469643055
4.596,35.81666666666667,35.77674563740226
4.597,35.82083333333334,35.77516796294469
4.598,35.825,35.77359044625456
4.599,35.829166666666666,35.77201308731611
4.6000000000000005,35.83333333333334,35.770435886113546
4.601,35.837500000000006,35.76885884263112
4.602,35.84166666666667,35.767281956853026
4.603,35.84583333333333,35.76570522876352
4.604,35.85,35.764128658346806
4.605,35.85416666666667,35.76255224558713
4.606,35.858333333333334,35.76097599046875
4.607,35.862500000000004,35.759399892975864
4.6080000000000005,35.866666666666674,35.757823953092725
4.609,35.87083333333334,35.75624817080359
4.61,35.875,35.75467254609265
4.611,35.87916666666667,35.75309707894422
4.612,35.88333333333334,35.7515217693425
4.613,35.8875,35.749946617271746
4.614,35.891666666666666,35.74837162271615
4.615,35.895833333333336,35.746796785660024
4.616,35.900000000000006,35.745222106087624
4.617,35.90416666666667,35.74364758398315
4.618,35.90833333333334,35.742073219330905
4.619,35.9125,35.74049901211515
4.62,35.91666666666667,35.738924962320084
4.621,35.920833333333334,35.737351069930014
4.622,35.925,35.735777334929196
4.623,35.929166666666674,35.73420375730183
4.624,35.93333333333334,35.73263033703222
4.625,35.9375,35.73105707410468
4.626,35.94166666666667,35.729483968503416
4.627,35.94583333333334,35.72791102021273
4.628,35.95,35.72633822921688
4.6290000000000004,35.95416666666667,35.724765595500116
4.63,35.958333333333336,35.7231931190467
4.631,35.962500000000006,35.721620799840935
4.632,35.96666666666667,35.72004863786708
4.633,35.97083333333333,35.71847663310945
4.634,35.97500000000001,35.71690478555229
4.635,35.97916666666667,35.71533309517986
4.636,35.983333333333334,35.71376156197647
4.6370000000000005,35.987500000000004,35.71219018592643
4.638,35.99166666666667,35.710618967014
4.639,35.99583333333334,35.70904790522343
4.64,36.0,35.70747700053903
4.641,36.00416666666667,35.70590625294511
4.642,36.00833333333334,35.70433566242593
4.643,36.0125,35.7027652289658
4.644,36.016666666666666,35.70119495254903
4.6450000000000005,36.02083333333334,35.69962483315993
4.646,36.025000000000006,35.698054870782755
4.647,36.02916666666667,35.696485065401816
4.648,36.03333333333333,35.694915417001425
4.649,36.0375,35.693345925565836
4.65,36.04166666666667,35.69177659107942
4.651,36.045833333333334,35.69020741352642
4.652,36.050000000000004,35.68863839289122
4.6530000000000005,36.054166666666674,35.687069529158066
4.654,36.05833333333334,35.68550082231127
4.655,36.0625,35.68393227233514
4.656,36.06666666666666,35.68236387921405
4.657,36.07083333333334,35.68079564293225
4.658,36.075,35.67922756347406
4.659,36.079166666666666,35.67765964082383
4.66,36.083333333333336,35.67609187496589
4.6610000000000005,36.087500000000006,35.67452426588454
4.662,36.09166666666667,35.6729568135641
4.663,36.09583333333334,35.67138951798887
4.664,36.1,35.66982237914317
4.665,36.10416666666667,35.668255397011364
4.666,36.108333333333334,35.666688571577765
4.667,36.1125,35.66512190282674
4.668,36.116666666666674,35.6635553907426
4.6690000000000005,36.12083333333334,35.66198903530966
4.67,36.125,35.660422836512225
4.671,36.12916666666667,35.65885679433467
4.672,36.13333333333334,35.657290908761354
4.673,36.1375,35.655725179776596
4.674,36.141666666666666,35.65415960736476
4.675,36.145833333333336,35.65259419151016
4.676,36.150000000000006,35.65102893219711
4.6770000000000005,36.15416666666667,35.649463829410024
4.678,36.15833333333333,35.64789888313322
4.679,36.16250000000001,35.646334093351015
4.68,36.16666666666667,35.64476946004777
4.681,36.170833333333334,35.64320498320785
4.682,36.175000000000004,35.64164066281563
4.683,36.17916666666667,35.64007649885548
4.684,36.18333333333334,35.6385124913117
4.6850000000000005,36.1875,35.63694864016867
4.686,36.19166666666667,35.63538494541075
4.687,36.19583333333334,35.63382140702231
4.688,36.2,35.63225802498772
4.689,36.204166666666666,35.63069479929135
4.69,36.20833333333334,35.6291317299175
4.691,36.212500000000006,35.62756881685061
4.692,36.21666666666667,35.62600606007504
4.6930000000000005,36.22083333333334,35.62444345957516
4.694,36.225,35.62288101533528
4.695,36.22916666666667,35.621318727339826
4.696,36.233333333333334,35.61975659557322
4.697,36.237500000000004,35.61819462001978
4.698,36.241666666666674,35.616632800663865
4.699,36.24583333333334,35.615071137489906
4.7,36.25,35.61350963048227
4.7010000000000005,36.25416666666667,35.611948279625324
4.702,36.25833333333334,35.61038708490344
4.703,36.2625,35.60882604630103
4.704,36.266666666666666,35.60726516380248
4.705,36.270833333333336,35.605704437392205
4.706,36.275000000000006,35.604143867054574
4.707,36.27916666666667,35.602583452773956
4.708,36.28333333333333,35.601023194534775
4.7090000000000005,36.28750000000001,35.5994630923214
4.71,36.29166666666667,35.597903146118256
4.711,36.295833333333334,35.59634335590971
4.712,36.3,35.59478372168019
4.713,36.304166666666674,35.59322424341411
4.714,36.30833333333334,35.591664921095855
4.715,36.3125,35.59010575470984
4.716,36.31666666666667,35.58854674424043
4.7170000000000005,36.32083333333334,35.586987889672116
4.718,36.325,35.58542919098926
4.719,36.329166666666666,35.58387064817623
4.72,36.333333333333336,35.58231226121751
4.721,36.337500000000006,35.58075403009747
4.722,36.34166666666667,35.579195954800525
4.723,36.34583333333333,35.57763803531111
4.724,36.35000000000001,35.57608027161365
4.7250000000000005,36.35416666666667,35.57452266369256
4.726,36.358333333333334,35.57296521153228
4.727,36.362500000000004,35.57140791511722
4.728,36.36666666666667,35.56985077443181
4.729,36.37083333333334,35.56829378946043
4.73,36.375,35.56673696018754
4.731,36.37916666666667,35.56518028659758
4.732,36.38333333333334,35.56362376867503
4.7330000000000005,36.3875,35.56206740640425
4.734,36.391666666666666,35.56051119976968
4.735,36.395833333333336,35.558955148755786
4.736,36.400000000000006,35.557399253347
4.737,36.40416666666667,35.55584351352775
4.738,36.40833333333334,35.55428792928245
4.739,36.4125,35.552732500595596
4.74,36.41666666666667,35.5511772274516
4.741,36.420833333333334,35.54962210983496
4.742,36.425000000000004,35.54806714773002
4.743,36.429166666666674,35.54651234112134
4.744,36.43333333333334,35.54495768999328
4.745,36.4375,35.54340319433038
4.746,36.44166666666667,35.541848854117006
4.747,36.44583333333334,35.54029466933764
4.748,36.45,35.538740639976766
4.749,36.454166666666666,35.53718676601886
4.75,36.458333333333336,35.53563304744836
4.751,36.462500000000006,35.53407948424967
4.752,36.46666666666667,35.532526076407294
4.753,36.47083333333333,35.5309728239057
4.7540000000000004,36.47500000000001,35.52941972672937
4.755,36.47916666666667,35.527866784862795
4.756,36.483333333333334,35.52631399829039
4.757,36.4875,35.52476136699664
4.758,36.491666666666674,35.52320889096603
4.759,36.49583333333334,35.521656570182984
4.76,36.5,35.520104404632036
4.761,36.50416666666667,35.518552394297615
4.7620000000000005,36.50833333333334,35.51700053916426
4.763,36.5125,35.51544883921639
4.764,36.516666666666666,35.51389729443855
4.765,36.520833333333336,35.52177238969932
4.766,36.525000000000006,35.52964642303891
4.767,36.52916666666667,35.53751939461648
4.768,36.53333333333333,35.54539130459119
4.769,36.5375,35.55326215312215
4.7700000000000005,36.54166666666667,35.5611319403684
4.771,36.545833333333334,35.56900066648899
4.772,36.550000000000004,35.57686833164303
4.773,36.55416666666667,35.58473493598939
4.774,36.55833333333334,35.59260047968712
4.775,36.5625,35.60046496289516
4.776,36.56666666666667,35.608328385772325
4.777,36.57083333333334,35.61619074847761
4.7780000000000005,36.575,35.62405205116977
4.779,36.579166666666666,35.631912294007634
4.78,36.583333333333336,35.63977147715002
4.781,36.587500000000006,35.64762960075569
4.782,36.59166666666667,35.65548666498336
4.783,36.59583333333334,35.66334266999172
4.784,36.6,35.671197615939434
4.785,36.60416666666667,35.679051502985146
4.7860000000000005,36.608333333333334,35.68690433128751
4.787,36.6125,35.694756101005055
4.788,36.616666666666674,35.70260681229638
4.789,36.62083333333334,35.710456465319965
4.79,36.625,35.71830506023434
4.791,36.62916666666667,35.72615259719794
4.792,36.63333333333334,35.73399907636923
4.793,36.6375,35.74184449790664
4.7940000000000005,36.64166666666667,35.74968886196848
4.795,36.645833333333336,35.75753216871317
4.796,36.650000000000006,35.76537441829902
4.797,36.65416666666667,35.77321561088428
4.798,36.65833333333333,35.78105574662726
4.799,36.66250000000001,35.78889482568616
4.8,36.66666666666667,35.796732848219165
4.801,36.670833333333334,35.80456981438448
4.8020000000000005,36.675000000000004,35.812405724340294
4.803,36.679166666666674,35.820240578244636
4.804,36.68333333333334,35.82807437625564
4.805,36.6875,35.835907118531395
4.806,36.69166666666667,35.84373880522992
4.807,36.69583333333334,35.85156943650918
4.808,36.7,35.85939901252715
4.809,36.704166666666666,35.86722753344179
4.8100000000000005,36.70833333333334,35.87505499941102
4.811,36.712500000000006,35.882881410592745
4.812,36.71666666666667,35.89070676714476
4.813,36.72083333333333,35.89853106922493
4.814,36.725,35.90635431699104
4.815,36.72916666666667,35.914176510600896
4.816,36.733333333333334,35.92199765021218
4.817,36.737500000000004,35.92981773598268
4.8180000000000005,36.741666666666674,35.937636768070035
4.819,36.74583333333334,35.94545474663187
4.82,36.75,35.95327167182586
4.821,36.75416666666666,35.961087543809526
4.822,36.75833333333334,35.968902362740494
4.823,36.7625,35.97671612877633
4.824,36.766666666666666,35.984528842074496
4.825,36.770833333333336,35.9923405027925
4.8260000000000005,36.775000000000006,36.000151111087746
4.827,36.77916666666667,36.007960667117686
4.828,36.78333333333334,36.01576917103972
4.829,36.7875,36.023576623011195
4.83,36.79166666666667,36.03138302318945
4.831,36.795833333333334,36.039188371731825
4.832,36.8,36.04699266879555
4.833,36.804166666666674,36.05479591453792
4.8340000000000005,36.80833333333334,36.062598109116095
4.835,36.8125,36.07039925268731
4.836,36.81666666666667,36.078199345408734
4.837,36.82083333333334,36.085998387437485
4.838,36.825,36.093796378930676
4.839,36.829166666666666,36.10159332004537
4.84,36.833333333333336,36.109389210938616
4.841,36.837500000000006,36.117184051767424
4.8420000000000005,36.84166666666667,36.12497784268879
4.843,36.84583333333333,36.13277058385967
4.844,36.85000000000001,36.14056227543705
4.845,36.85416666666667,36.14835291757777
4.846,36.858333333333334,36.15614251043871
4.847,36.862500000000004,36.16393105417677
4.848,36.86666666666667,36.17171854894872
4.849,36.87083333333334,36.179504994911326
4.8500000000000005,36.875,36.18729039222137
4.851,36.87916666666667,36.195074741035626
4.852,36.88333333333334,36.20285804151075
4.853,36.8875,36.21064029380341
4.854,36.891666666666666,36.218421498070256
4.855,36.89583333333334,36.22620165446796
4.856,36.900000000000006,36.233980763153056
4.857,36.90416666666667,36.2417588242821
4.8580000000000005,36.90833333333334,36.24953583801164
4.859,36.9125,36.25731180449816
4.86,36.91666666666667,36.26508672389815
4.861,36.920833333333334,36.27286059636805
4.862,36.925000000000004,36.280633422064284
4.863,36.929166666666674,36.288405201143235
4.864,36.93333333333334,36.296175933761276
4.865,36.9375,36.30394562007467
4.866,36.94166666666666,36.311714260239796
4.867,36.94583333333334,36.31948185441291
4.868,36.95,36.32724840275023
4.869,36.954166666666666,36.33501390540795
4.87,36.958333333333336,36.34277836254233
4.871,36.962500000000006,36.35054177430948
4.872,36.96666666666667,36.35830414086553
4.873,36.97083333333334,36.36606546236658
4.874,36.975,36.37382573896872
4.875,36.97916666666667,36.38158497082799
4.876,36.983333333333334,36.38934315810042
4.877,36.9875,36.397100300941986
4.878,36.991666666666674,36.40485639950862
4.8790000000000004,36.99583333333334,36.41261145395629
4.88,37.0,36.42036546444086
4.881,37.00416666666667,36.42811843111821
4.882,37.00833333333333,36.435870354144186
4.883,37.0125,36.44362123367466
4.884,37.016666666666666,36.45137106986539
4.885,37.020833333333336,36.45911986287206
4.886,37.025000000000006,36.46686761285048
4.8870000000000005,37.02916666666667,36.474614319956345
4.888,37.03333333333333,36.482359984345294
4.889,37.03750000000001,36.49010460617302
4.89,37.04166666666667,36.4978481855951
4.891,37.045833333333334,36.505590722767124
4.892,37.050000000000004,36.51333221784466
4.893,37.05416666666667,36.521072670983244
4.894,37.05833333333334,36.52881208233839
4.8950000000000005,37.0625,36.53655045206557
4.896,37.06666666666667,36.54428778032019
4.897,37.07083333333334,36.55202406725772
4.898,37.075,36.55975931303351
4.899,37.079166666666666,36.56749351780297
4.9,37.083333333333336,36.575226681721404
4.901,37.087500000000006,36.5829588049441
4.902,37.09166666666667,36.590689887626354
4.9030000000000005,37.09583333333334,36.59841992992341
4.904,37.1,36.606148931990504
4.905,37.10416666666667,36.61387689398282
4.906,37.108333333333334,36.62160381605548
4.907,37.112500000000004,36.62932969836368
4.908,37.116666666666674,36.63705454106247
4.909,37.12083333333334,36.644778344306985
4.91,37.125,36.65250110825224
4.9110000000000005,37.12916666666667,36.66022283305324
4.912,37.13333333333334,36.667943518865
4.913,37.1375,36.67566316584248
4.914,37.141666666666666,36.68338177414063
4.915,37.145833333333336,36.691099343914345
4.916,37.150000000000006,36.69881587531853
4.917,37.15416666666667,36.70653136850797
4.918,37.15833333333333,36.714245823637555
4.9190000000000005,37.16250000000001,36.72195924086208
4.92,37.16666666666667,36.72967162033626
4.921,37.170833333333334,36.737382962214895
4.922,37.175,36.745093266652646
4.923,37.179166666666674,36.75280253380424
4.924,37.18333333333334,36.7605107638243
4.925,37.1875,36.76821795686743
4.926,37.19166666666667,36.77592411308825
4.9270000000000005,37.19583333333334,36.783629232641374
4.928,37.2,36.7913333156813
4.929,37.204166666666666,36.79903636236253
4.93,37.208333333333336,36.80673837283956
4.931,37.212500000000006,36.81443934726684
4.932,37.21666666666667,36.82213928579881
4.933,37.22083333333333,36.82983818858992
4.934,37.22500000000001,36.83753605579449
4.9350000000000005,37.22916666666667,36.84523288756685
4.936,37.233333333333334,36.85292868406134
4.937,37.237500000000004,36.860623445432225
4.938,37.24166666666667,36.86831717183378
4.939,37.24583333333334,36.87600986342028
4.94,37.25,36.88370152034588
4.941,37.25416666666667,36.891392142764744
4.942,37.25833333333334,36.899081730831085
4.9430000000000005,37.2625,36.90677028469895
4.944,37.266666666666666,36.91445780452244
4.945,37.270833333333336,36.92214429045566
4.946,37.275000000000006,36.92982974265266
4.947,37.27916666666667,36.93751416126736
4.948,37.28333333333334,36.94519754645381
4.949,37.2875,36.95287989836595
4.95,37.29166666666667,36.960561217157704
4.9510000000000005,37.295833333333334,36.96824150298295
4.952,37.3,36.97592075599556
4.953,37.304166666666674,36.98359897634941
4.954,37.30833333333334,36.99127616419827
4.955,37.3125,36.998952319695945
4.956,37.31666666666667,37.006627442996205
4.957,37.32083333333334,37.01430153425275
4.958,37.325,37.02197459361929
4.9590000000000005,37.32916666666667,37.02964662124947
4.96,37.333333333333336,37.037317617296935
4.961,37.337500000000006,37.044987581915336
4.962,37.34166666666667,37.05265651525826
4.963,37.34583333333333,37.06032441747925
4.964,37.35000000000001,37.06799128873183
4.965,37.35416666666667,37.07565712916954
4.966,37.358333333333334,37.08332193894586
4.9670000000000005,37.362500000000004,37.0909857182142
4.968,37.366666666666674,37.09864846712799
4.969,37.37083333333334,37.106310185840584
4.97,37.375,37.11397087450541
4.971,37.37916666666667,37.12163053327578
4.972,37.38333333333334,37.129289162304985
4.973,37.3875,37.136946761746344
4.974,37.391666666666666,37.1446033317531
4.9750000000000005,37.39583333333334,37.152258872478455
4.976,37.400000000000006,37.15991338407565
4.977,37.40416666666667,37.167566866697825
4.978,37.40833333333333,37.175219320498115
4.979,37.4125,37.18287074562966
4.98,37.41666666666667,37.19052114224553
4.981,37.420833333333334,37.198170510498755
4.982,37.425000000000004,37.205818850542414
4.9830000000000005,37.429166666666674,37.21346616252953
4.984,37.43333333333334,37.221112446613006
4.985,37.4375,37.22875770294581
4.986,37.44166666666667,37.236401931680916
4.987,37.44583333333334,37.244045132971166
4.988,37.45,37.251687306969416
4.989,37.454166666666666,37.259328453828516
4.99,37.458333333333336,37.26696857370132
4.9910000000000005,37.462500000000006,37.274607666740565
4.992,37.46666666666667,37.28224573309899
4.993,37.47083333333334,37.28988277292933
4.994,37.475,37.29751878638427
4.995,37.47916666666667,37.30515377361655
4.996,37.483333333333334,37.31278773477874
4.997,37.4875,37.32042067002351
4.998,37.491666666666674,37.32805257950338
4.999,37.49583333333334,37.33568346337097
5.0,37.5,37.343313321778794
5.001,37.50416666666667,37.35094215487936
5.002,37.50833333333334,37.35856996282513
5.003,37.5125,37.36619674576855
5.0040000000000004,37.51666666666667,37.373822503862016
5.005,37.520833333333336,37.38144723725799
5.006,37.525000000000006,37.3890709461088
5.007,37.52916666666667,37.3966936305668
5.008,37.53333333333333,37.40431529078427
5.009,37.53750000000001,37.411935926913486
5.01,37.54166666666667,37.41955553910674
5.011,37.545833333333334,37.42717412751625
5.0120000000000005,37.550000000000004,37.4347916922942
5.013,37.554166666666674,37.4424082335928
5.014,37.55833333333334,37.450023751564174
5.015,37.5625,37.45763824636043
5.016,37.56666666666667,37.465251718133686
5.017,37.57083333333334,37.47286416703599
5.018,37.575,37.48047559321935
5.019,37.579166666666666,37.48808599683582
5.0200000000000005,37.58333333333334,37.49569537803734
5.021,37.587500000000006,37.50330373697585
5.022,37.59166666666667,37.5109110738033
5.023,37.59583333333333,37.518517388671626
5.024,37.6,37.52612268173266
5.025,37.60416666666667,37.53372695313823
5.026,37.608333333333334,37.54133020304016
5.027,37.612500000000004,37.54893243159023
5.0280000000000005,37.616666666666674,37.55653363894021
5.029,37.62083333333334,37.56413382524187
5.03,37.625,37.571732990646865
5.031,37.62916666666666,37.57933113530686
5.032,37.63333333333334,37.586928259373565
5.033,37.6375,37.594524362998584
5.034,37.641666666666666,37.60211944633346
5.035,37.645833333333336,37.6097135095298
5.0360000000000005,37.650000000000006,37.61730655273914
5.037,37.65416666666667,37.624898576113026
5.038,37.65833333333334,37.63248957980289
5.039,37.6625,37.64007956396023
5.04,37.66666666666667,37.64766852873646
5.041,37.670833333333334,37.655256474282965
5.042,37.675,37.66284340075117
5.043,37.679166666666674,37.6704293082924
5.0440000000000005,37.68333333333334,37.67801419705796
5.045,37.6875,37.68559806719912
5.046,37.69166666666667,37.6931809188672
5.047,37.69583333333334,37.70076275221339
5.048,37.7,37.708343567388965
5.049,37.704166666666666,37.71592336454506
5.05,37.708333333333336,37.72350214383283
5.051,37.712500000000006,37.731079905403476
5.0520000000000005,37.71666666666667,37.73865664940803
5.053,37.72083333333333,37.74623237599758
5.054,37.72500000000001,37.75380708532316
5.055,37.72916666666667,37.761380777535805
5.056,37.733333333333334,37.76895345278649
5.057,37.737500000000004,37.77652511122625
5.058,37.74166666666667,37.78409575300594
5.059,37.74583333333334,37.79166537827655
5.0600000000000005,37.75,37.79923398718887
5.061,37.75416666666667,37.80680157989383
5.062,37.75833333333334,37.81436815654223
5.063,37.7625,37.82193371728488
5.064,37.766666666666666,37.82949826227258
5.065,37.77083333333334,37.837061791656026
5.066,37.775000000000006,37.84462430558597
5.067,37.77916666666667,37.85218580421309
5.0680000000000005,37.78333333333334,37.8597462876881
5.069,37.7875,37.86730575616156
5.07,37.79166666666667,37.87486420978411
5.071,37.795833333333334,37.882421648706384
5.072,37.800000000000004,37.88997807307891
5.073,37.804166666666674,37.8975334830522
5.074,37.80833333333334,37.905087878776726
5.075,37.8125,37.91264126040306
5.0760000000000005,37.81666666666667,37.92019362808156
5.077,37.82083333333334,37.92774498196269
5.078,37.825,37.93529532219685
5.079,37.829166666666666,37.9428446489344
5.08,37.833333333333336,37.95039296232568
5.081,37.837500000000006,37.95794026252099
5.082,37.84166666666667,37.96548654967063
5.083,37.84583333333334,37.97303182392483
5.0840000000000005,37.85000000000001,37.98057608543388
5.085,37.85416666666667,37.988119334347914
5.086,37.858333333333334,37.99566157081716
5.087,37.8625,38.00320279499175
5.088,37.866666666666674,38.01074300702186
5.089,37.87083333333334,38.018282207057496
5.09,37.875,38.025820395248786
5.091,37.87916666666667,38.03335757174574
5.0920000000000005,37.88333333333334,38.04089373669842
5.093,37.8875,38.04842889025679
5.094,37.891666666666666,38.05596303257079
5.095,37.895833333333336,38.063496163790376
5.096,37.900000000000006,38.07102828406545
5.097,37.90416666666667,38.0785593935459
5.098,37.90833333333333,38.086089492381575
5.099,37.91250000000001,38.09361858072225
5.1000000000000005,37.91666666666667,38.10114665871777
5.101,37.920833333333334,38.10867372651791
5.102,37.925000000000004,38.11619978427245
5.103,37.92916666666667,38.123724832131074
5.104,37.93333333333334,38.13124887024344
5.105,37.9375,38.13877189875927
5.106,37.94166666666667,38.14629391782813
5.107,37.94583333333334,38.15381492759968
5.1080000000000005,37.95,38.16133492822354
5.109,37.954166666666666,38.1688539198492
5.11,37.958333333333336,38.176371902626215
5.111,37.962500000000006,38.18388887670409
5.112,37.96666666666667,38.19140484223226
5.113,37.97083333333334,38.198919799360226
5.114,37.975,38.20643374823737
5.115,37.97916666666667,38.21394668901314
5.1160000000000005,37.983333333333334,38.22145862183686
5.117,37.987500000000004,38.228969546857854
5.118,37.991666666666674,38.23647946422551
5.119,37.99583333333334,38.24398837408904
5.12,38.0,38.25149627659778
5.121,38.00416666666667,38.25900317190087
5.122,38.00833333333334,38.2665090601476
5.123,38.0125,38.27401394148711
5.124,38.016666666666666,38.28151781606857
5.125,38.020833333333336,38.28902068404108
5.126,38.025000000000006,38.296522545553785
5.127,38.02916666666667,38.30402340075568
5.128,38.03333333333333,38.31152324979587
5.1290000000000004,38.03750000000001,38.31902209282339
5.13,38.04166666666667,38.32651992998717
5.131,38.045833333333334,38.3340167614362
5.132,38.05,38.34151258731947
5.133,38.054166666666674,38.34900740778585
5.134,38.05833333333334,38.35650122298421
5.135,38.0625,38.36399403306342
5.136,38.06666666666667,38.371485838172305
5.1370000000000005,38.07083333333334,38.378976638459676
5.138,38.075,38.38646643407435
5.139,38.079166666666666,38.39395522516503
5.14,38.083333333333336,38.40144301188042
5.141,38.087500000000006,38.40892979436927
5.142,38.09166666666667,38.41641557278024
5.143,38.09583333333333,38.42390034726196
5.144,38.10000000000001,38.43138411796309
5.1450000000000005,38.10416666666667,38.438866885032155
5.146,38.108333333333334,38.44634864861774
5.147,38.112500000000004,38.45382940886839
5.148,38.11666666666667,38.46130916593262
5.149,38.12083333333334,38.46878791995891
5.15,38.125,38.476265671095746
5.151,38.12916666666667,38.483742419491534
5.152,38.13333333333334,38.49121816529464
5.1530000000000005,38.1375,38.49869290865348
5.154,38.141666666666666,38.50616664971642
5.155,38.145833333333336,38.51363938863176
5.156,38.150000000000006,38.521111125547804
5.157,38.15416666666667,38.52858186061286
5.158,38.15833333333334,38.53605159397512
5.159,38.1625,38.54352032578282
5.16,38.16666666666667,38.55098805618417
5.1610000000000005,38.170833333333334,38.558454785327285
5.162,38.175,38.56592051336031
5.163,38.179166666666674,38.57338524043138
5.164,38.18333333333334,38.58084896668856
5.165,38.1875,38.588311692279945
5.166,38.19166666666667,38.59577341735354
5.167,38.19583333333334,38.603234142057374
5.168,38.2,38.61069386653941
5.1690000000000005,38.20416666666667,38.6181525909476
5.17,38.208333333333336,38.62561031542987
5.171,38.212500000000006,38.63306704013411
5.172,38.21666666666667,38.64052276520823
5.173,38.22083333333333,38.64797749080003
5.174,38.22500000000001,38.655431217057355
5.175,38.22916666666667,38.662883944128
5.176,38.233333333333334,38.670335672159695
5.1770000000000005,38.237500000000004,38.67778640130024
5.178,38.241666666666674,38.68523613169725
5.179,38.24583333333334,38.69268486349853
5.18,38.25,38.70013259685163
5.181,38.25416666666667,38.7075793319043
5.182,38.25833333333334,38.71502506880404
5.183,38.2625,38.722469807698474
5.184,38.266666666666666,38.72991354873517
5.1850000000000005,38.27083333333334,38.73735629206169
5.186,38.275000000000006,38.74479803782543
5.187,38.27916666666667,38.75223878617396
5.188,38.28333333333333,38.75967853725467
5.189,38.2875,38.767117291215015
5.19,38.29166666666667,38.77455504820239
5.191,38.295833333333334,38.78199180836418
5.192,38.300000000000004,38.78942757184768
5.1930000000000005,38.304166666666674,38.79686233880028
5.194,38.30833333333334,38.804296109369204
5.195,38.3125,38.81172888370173
5.196,38.31666666666667,38.81916066194509
5.197,38.32083333333334,38.8265914442465
5.198,38.325,38.834021230753194
5.199,38.329166666666666,38.841450021612275
5.2,38.333333333333336,38.84887781697091
5.2010000000000005,38.337500000000006,38.85630461697616
5.202,38.34166666666667,38.86373042177513
5.203,38.34583333333334,38.87115523151488
5.204,38.35,38.878579046342395
5.205,38.35416666666667,38.88600186640474
5.206,38.358333333333334,38.89342369184885
5.207,38.3625,38.90084452282167
5.208,38.366666666666674,38.90826435947014
5.2090000000000005,38.37083333333334,38.915683201941135
5.21,38.375,38.92310105038155
5.211,38.37916666666667,38.9305179049382
5.212,38.38333333333334,38.93793376575792
5.213,38.3875,38.94534863298753
5.214,38.39166666666667,38.95276250677375
5.215,38.395833333333336,38.96017538726335
5.216,38.400000000000006,38.96758727460298
5.2170000000000005,38.40416666666667,38.97499816893935
5.218,38.40833333333333,38.98240807041918
5.219,38.41250000000001,38.98981697918907
5.22,38.41666666666667,38.99722489539556
5.221,38.420833333333334,39.004631819185306
5.222,38.425000000000004,39.01203775070485
5.223,38.42916666666667,39.019442690100675
5.224,38.43333333333334,39.02684663751933
5.2250000000000005,38.4375,39.03424959310729
5.226,38.44166666666667,39.041651557010994
5.227,38.44583333333334,39.049052529376866
5.228,38.45,39.05645251035128
5.229,38.454166666666666,39.06385150008066
5.23,38.45833333333334,39.071249498711325
5.231,38.462500000000006,39.07864650638959
5.232,38.46666666666667,39.08604252326171
5.2330000000000005,38.47083333333334,39.093437549474004
5.234,38.475,39.10083158517267
5.235,38.47916666666667,39.10822463050397
5.236,38.483333333333334,39.11561668561404
5.237,38.487500000000004,39.123007750649094
5.238,38.491666666666674,39.13039782575527
5.239,38.49583333333334,39.13778691107859
5.24,38.5,39.145175006765214
5.2410000000000005,38.50416666666667,39.15256211296122
5.242,38.50833333333334,39.159948229812585
5.243,38.5125,39.16733335746534
5.244,38.516666666666666,39.174717496065455
5.245,38.520833333333336,39.18210064575891
5.246,38.525000000000006,39.18948280669156
5.247,38.52916666666667,39.19686397900938
5.248,38.53333333333334,39.20424416285823
5.249,38.5375,39.21162335838392
5.25,38.54166666666667,39.2190015657323
5.251,38.545833333333334,39.22637878504918
5.252,38.55,39.2337550164803
5.253,38.554166666666674,39.24113026017142
5.2540000000000004,38.55833333333334,39.24850451626827
5.255,38.5625,39.25587778491655
5.256,38.56666666666667,39.26325006626189
5.257,38.57083333333334,39.27062136044992
5.258,38.575,39.27799166762634
5.259,38.579166666666666,39.285360987936656
5.26,38.583333333333336,39.29272932152645
5.261,38.587500000000006,39.3000966685413
5.2620000000000005,38.59166666666667,39.307463029126666
5.263,38.59583333333333,39.314828403428066
5.264,38.60000000000001,39.32219279159091
5.265,38.60416666666667,39.32955619376065
5.266,38.608333333333334,39.33691861008276
5.267,38.612500000000004,39.34428004070253
5.268,38.61666666666667,39.35164048576536
5.269,38.62083333333334,39.3589999454166
5.2700000000000005,38.625,39.36635841980154
5.271,38.62916666666667,39.373715909065425
5.272,38.63333333333334,39.381072413353536
5.273,38.6375,39.388427932811055
5.274,38.641666666666666,39.395782467583274
5.275,38.64583333333334,39.40313601781526
5.276,38.650000000000006,39.41048858365224
5.277,38.65416666666667,39.417840165239284
5.2780000000000005,38.65833333333334,39.42519076272151
5.279,38.6625,39.43254037624399
5.28,38.66666666666667,39.439889005951784
5.281,38.670833333333334,39.4472366519899
5.282,38.675000000000004,39.45458331450334
5.283,38.679166666666674,39.46192899363706
5.284,38.68333333333334,39.46927368953601
5.285,38.6875,39.476617402345084
5.2860000000000005,38.69166666666667,39.48396013220918
5.287,38.69583333333334,39.49130187927318
5.288,38.7,39.498642643681876
5.289,38.704166666666666,39.5059824255801
5.29,38.708333333333336,39.51332122511269
5.291,38.712500000000006,39.52065904242437
5.292,38.71666666666667,39.52799587765986
5.293,38.72083333333333,39.53533173096389
5.2940000000000005,38.72500000000001,39.54266660248112
5.295,38.72916666666667,39.55000049235622
5.296,38.733333333333334,39.55733340073385
5.297,38.7375,39.564665327758576
5.298,38.741666666666674,39.571996273574996
5.299,38.74583333333334,39.57932623832767
5.3,38.75,39.586655222161085
5.301,38.75416666666667,39.5939832252198
5.3020000000000005,38.75833333333334,39.60131024764826
5.303,38.7625,39.60863628959095
5.304,38.766666666666666,39.615961351192254
5.305,38.770833333333336,39.62328543259662
5.306,38.775000000000006,39.63060853394842
5.307,38.77916666666667,39.63793065539198
5.308,38.78333333333333,39.64525179707158
5.309,38.78750000000001,39.65257195913159
5.3100000000000005,38.79166666666667,39.65989114171623
5.311,38.795833333333334,39.66720934496976
5.312,38.800000000000004,39.67452656903646
5.313,38.80416666666667,39.681842814060474
5.314,38.80833333333334,39.68915808018596
5.315,38.8125,39.69647236755708
5.316,38.81666666666667,39.70378567631792
5.317,38.82083333333334,39.711098006612644
5.3180000000000005,38.825,39.71840935858529
5.319,38.829166666666666,39.725719732379844
5.32,38.833333333333336,39.7330291281404
5.321,38.837500000000006,39.74033754601089
5.322,38.84166666666667,39.7476449861353
5.323,38.84583333333334,39.75495144865761
5.324,38.85,39.76225693372163
5.325,38.85416666666667,39.76956144147135
5.3260000000000005,38.858333333333334,39.77686497205059
5.327,38.862500000000004,39.78416752560321
5.328,38.866666666666674,39.79146910227297
5.329,38.87083333333334,39.798769702203685
5.33,38.875,39.80606932553917
5.331,38.87916666666667,39.813367972423066
5.332,38.88333333333334,39.82066564299913
5.333,38.8875,39.827962337411066
5.3340000000000005,38.89166666666667,39.83525805580251
5.335,38.895833333333336,39.84255279831706
5.336,38.900000000000006,39.8498465650984
5.337,38.90416666666667,39.85713935629008
5.338,38.90833333333333,39.86443117203561
5.339,38.91250000000001,39.871722012478585
5.34,38.91666666666667,39.87901187776248
5.341,38.920833333333334,39.886300768030765
5.3420000000000005,38.925000000000004,39.89358868342691
5.343,38.929166666666674,39.90087562409434
5.344,38.93333333333334,39.90816159017646
5.345,38.9375,39.91544658181664
5.346,38.94166666666667,39.92273059915823
5.347,38.94583333333334,39.930013642344534
5.348,38.95,39.937295711518914
5.349,38.954166666666666,39.944576806824614
5.3500000000000005,38.95833333333334,39.95185692840488
5.351,38.962500000000006,39.959136076402956
5.352,38.96666666666667,39.96641425096203
5.353,38.97083333333333,39.97369145222524
5.354,38.975,39.9716940831878
5.355,38.97916666666667,39.969696913887276
5.356,38.983333333333334,39.96769994430372
5.357,38.987500000000004,39.965703174417115
5.3580000000000005,38.991666666666674,39.96370660420746
5.359,38.99583333333334,39.961710233654856
5.36,39.0,39.959714062739295
5.361,39.00416666666667,39.957718091440825
5.362,39.00833333333334,39.95572231973949
5.363,39.0125,39.95372674761535
5.364,39.016666666666666,39.95173137504838
5.365,39.020833333333336,39.9497362020187
5.3660000000000005,39.025000000000006,39.94774122850629
5.367,39.02916666666667,39.94574645449126
5.368,39.03333333333334,39.943751879953595
5.369,39.0375,39.94175750487341
5.37,39.04166666666667,39.93976332923074
5.371,39.045833333333334,39.93776935300559
5.372,39.05,39.935775576178116
5.373,39.054166666666674,39.93378199872831
5.3740000000000006,39.05833333333334,39.93178862063621
5.375,39.0625,39.929795441881936
5.376,39.06666666666667,39.92780246244553
5.377,39.07083333333334,39.92580968230709
5.378,39.075,39.92381710144667
5.3790000000000004,39.07916666666667,39.921824719844324
5.38,39.083333333333336,39.91983253748015
5.381,39.087500000000006,39.91784055433419
5.382,39.09166666666667,39.91584877038656
5.383,39.09583333333333,39.9138571856173
5.384,39.10000000000001,39.911865800006524
5.385,39.10416666666667,39.90987461353433
5.386,39.108333333333334,39.90788362618076
5.3870000000000005,39.112500000000004,39.90589283792593
5.388,39.116666666666674,39.903902248749944
5.389,39.12083333333334,39.90191185863284
5.39,39.125,39.899921667554736
5.391,39.12916666666667,39.897931675495784
5.392,39.13333333333334,39.895941882436034
5.393,39.1375,39.89395228835559
5.394,39.141666666666666,39.891962893234506
5.3950000000000005,39.14583333333334,39.88997369705294
5.396,39.150000000000006,39.88798469979099
5.397,39.15416666666667,39.88599590142877
5.398,39.15833333333333,39.88400730194638
5.399,39.1625,39.88201890132399
5.4,39.16666666666667,39.880030699541635
5.401,39.170833333333334,39.87804269657943
5.402,39.175000000000004,39.87605489241753
5.4030000000000005,39.179166666666674,39.87406728703604
5.404,39.18333333333334,39.87207988041513
5.405,39.1875,39.87009267253484
5.406,39.19166666666666,39.86810566337533
5.407,39.19583333333334,39.86611885291677
5.408,39.2,39.86413224113926
5.409,39.204166666666666,39.8621458280229
5.41,39.208333333333336,39.860159613547864
5.4110000000000005,39.212500000000006,39.85817359769425
5.412,39.21666666666667,39.85618778044227
5.413,39.22083333333334,39.85420216177198
5.414,39.225,39.85221674166354
5.415,39.22916666666667,39.85023152009711
5.416,39.233333333333334,39.848246497052855
5.417,39.2375,39.846261672510934
5.418,39.241666666666674,39.84427704645145
5.4190000000000005,39.24583333333334,39.84229261885457
5.42,39.25,39.84030838970045
5.421,39.25416666666667,39.83832435896926
5.422,39.25833333333334,39.836340526641095
5.423,39.2625,39.83435689269618
5.424,39.266666666666666,39.83237345711467
5.425,39.270833333333336,39.83039021987673
5.426,39.275000000000006,39.82840718096247
5.4270000000000005,39.27916666666667,39.826424340352105
5.428,39.28333333333333,39.82444169802585
5.429,39.28750000000001,39.822459253963814
5.43,39.29166666666667,39.820477008146156
5.431,39.295833333333334,39.818494960553096
5.432,39.300000000000004,39.816513111164795
5.433,39.30416666666667,39.814531459961415
5.434,39.30833333333334,39.812550006923175
5.4350000000000005,39.3125,39.810568752030235
5.436,39.31666666666667,39.80858769526276
5.437,39.32083333333334,39.80660683660096
5.438,39.325,39.80462617602507
5.439,39.329166666666666,39.80264571351523
5.44,39.33333333333334,39.80066544905162
5.441,39.337500000000006,39.79868538261445
5.442,39.34166666666667,39.79670551418394
5.4430000000000005,39.34583333333334,39.79472584374025
5.444,39.35,39.792746371263604
5.445,39.35416666666667,39.790767096734214
5.446,39.358333333333334,39.7887880201323
5.447,39.362500000000004,39.78680914143803
5.448,39.366666666666674,39.78483046063161
5.449,39.37083333333334,39.78285197769327
5.45,39.375,39.78087369260322
5.4510000000000005,39.37916666666667,39.77889560534169
5.452,39.38333333333334,39.776917715888885
5.453,39.3875,39.77494002422503
5.454,39.391666666666666,39.77296253033035
5.455,39.395833333333336,39.77098523418505
5.456,39.400000000000006,39.769008135769354
5.457,39.40416666666667,39.767031235063484
5.458,39.40833333333334,39.765054532047714
5.4590000000000005,39.41250000000001,39.76307802670226
5.46,39.41666666666667,39.76110171900734
5.461,39.420833333333334,39.75912560894318
5.462,39.425,39.75714969648999
5.463,39.429166666666674,39.75517398162805
5.464,39.43333333333334,39.75319846433763
5.465,39.4375,39.751223144598896
5.466,39.44166666666667,39.74924802239218
5.4670000000000005,39.44583333333334,39.747273097697644
5.468,39.45,39.74529837049562
5.469,39.454166666666666,39.743323840766266
5.47,39.458333333333336,39.74134950848992
5.471,39.462500000000006,39.739375373646794
5.472,39.46666666666667,39.73740143621717
5.473,39.47083333333333,39.73542769618126
5.474,39.47500000000001,39.73345415351935
5.4750000000000005,39.47916666666667,39.7314808082117
5.476,39.483333333333334,39.729507660238596
5.477,39.487500000000004,39.72753470958031
5.478,39.49166666666667,39.725561956217064
5.479,39.49583333333334,39.72358940012913
5.48,39.5,39.72161704129684
5.481,39.50416666666667,39.71964487970041
5.482,39.50833333333334,39.71767291532012
5.4830000000000005,39.5125,39.715701148136304
5.484,39.516666666666666,39.713729578129175
5.485,39.520833333333336,39.71175820527907
5.486,39.525000000000006,39.70978702956626
5.487,39.52916666666667,39.70781605097102
5.488,39.53333333333334,39.70584526947363
5.489,39.5375,39.70387468505436
5.49,39.54166666666667,39.701904297693545
5.4910000000000005,39.545833333333334,39.69993410737146
5.492,39.550000000000004,39.69796411406844
5.493,39.554166666666674,39.69599431776476
5.494,39.55833333333334,39.69402471844069
5.495,39.5625,39.69205531607656
5.496,39.56666666666667,39.69008611065266
5.497,39.57083333333334,39.688117102149306
5.498,39.575,39.68614829054678
5.4990000000000006,39.57916666666667,39.68417967582542
5.5,39.583333333333336,39.68221125796555
5.501,39.587500000000006,39.680243036947445
5.502,39.59166666666667,39.67827501275144
5.503,39.59583333333333,39.67630718535787
5.5040000000000004,39.60000000000001,39.67433955474701
5.505,39.60416666666667,39.67237212089924
5.506,39.608333333333334,39.670404883794845
5.507,39.6125,39.668437843414154
5.508,39.616666666666674,39.6664709997375
5.509,39.62083333333334,39.66450435274521
5.51,39.625,39.662537902417625
5.511,39.62916666666667,39.66057164873507
5.5120000000000005,39.63333333333334,39.65860559167788
5.513,39.6375,39.65663973122639
5.514,39.641666666666666,39.65467406736093
5.515,39.645833333333336,39.652708600061885
5.516,39.650000000000006,39.650743329309535
5.517,39.65416666666667,39.64877825508427
5.518,39.65833333333333,39.64681337736641
5.519,39.66250000000001,39.644848696136364
5.5200000000000005,39.66666666666667,39.64288421137445
5.521,39.670833333333334,39.640919923061006
5.522,39.675000000000004,39.63895583117636
5.523,39.67916666666667,39.636991935700905
5.524,39.68333333333334,39.63502823661503
5.525,39.6875,39.63306473389906
5.526,39.69166666666667,39.63110142753334
5.527,39.69583333333334,39.629138317498246
5.5280000000000005,39.7,39.627175403774174
5.529,39.704166666666666,39.625212686341456
5.53,39.708333333333336,39.62325016518048
5.531,39.712500000000006,39.621287840271634
5.532,39.71666666666667,39.61932571159525
5.533,39.72083333333334,39.61736377913178
5.534,39.725,39.61540204286155
5.535,39.72916666666667,39.613440502764945
5.5360000000000005,39.733333333333334,39.61147915882236
5.537,39.737500000000004,39.60951801101413
5.538,39.741666666666674,39.6075570593207
5.539,39.74583333333334,39.60559630372245
5.54,39.75,39.60363574419972
5.541,39.75416666666667,39.60167538073296
5.542,39.75833333333334,39.599715213302545
5.543,39.7625,39.597755241888876
5.5440000000000005,39.76666666666667,39.59579546647234
5.545,39.770833333333336,39.59383588703338
5.546,39.775000000000006,39.59187650355233
5.547,39.77916666666667,39.58991731600963
5.548,39.78333333333333,39.58795832438568
5.549,39.78750000000001,39.58599952866092
5.55,39.79166666666667,39.58404092881574
5.551,39.795833333333334,39.582082524830525
5.5520000000000005,39.800000000000004,39.580124316685726
5.553,39.804166666666674,39.57816630436173
5.554,39.80833333333334,39.576208487838926
5.555,39.8125,39.57425086709782
5.556,39.81666666666667,39.572293442118735
5.557,39.82083333333334,39.57033621288218
5.558,39.825,39.56837917936855
5.559,39.829166666666666,39.56642234155828
5.5600000000000005,39.83333333333334,39.564465699431764
5.561,39.837500000000006,39.56250925296945
5.562,39.84166666666667,39.56055300215178
5.563,39.84583333333333,39.5585969469592
5.564,39.85,39.55664108737216
5.565,39.85416666666667,39.55468542337104
5.566,39.858333333333334,39.55272995493635
5.567,39.862500000000004,39.550774682048484
5.5680000000000005,39.866666666666674,39.548819604687935
5.569,39.87083333333334,39.546864722835096
5.57,39.875,39.54491003647047
5.571,39.87916666666667,39.54295554557444
5.572,39.88333333333334,39.54100125012752
5.573,39.8875,39.53904715011015
5.574,39.891666666666666,39.537093245502774
5.575,39.895833333333336,39.53513953628584
5.5760000000000005,39.900000000000006,39.53318602243985
5.577,39.90416666666667,39.53123270394525
5.578,39.90833333333334,39.529279580782486
5.579,39.9125,39.52732665293206
5.58,39.91666666666667,39.52537392037442
5.581,39.920833333333334,39.52342138309001
5.582,39.925,39.52146904105933
5.583,39.929166666666674,39.519516894262836
5.5840000000000005,39.93333333333334,39.51756494268102
5.585,39.9375,39.51561318629439
5.586,39.94166666666667,39.51366162508339
5.587,39.94583333333334,39.51171025902852
5.588,39.95,39.50975908811023
5.589,39.95416666666667,39.50780811230902
5.59,39.958333333333336,39.5058573316054
5.591,39.962500000000006,39.50390674597986
5.5920000000000005,39.96666666666667,39.501956355412915
5.593,39.97083333333333,39.500006159885004
5.594,39.97500000000001,39.49805615937663
5.595,39.97916666666667,39.4961063538683
5.596,39.983333333333334,39.49415674334051
5.597,39.987500000000004,39.492207327773826
5.598,39.991666666666674,39.49025810714869
5.599,39.99583333333334,39.48830908144561
5.6000000000000005,40.0,39.48636025064508
5.601,40.00416666666667,39.484411614727605
5.602,40.00833333333334,39.48246317367375
5.603,40.0125,39.480514927464014
5.604,40.016666666666666,39.4785668760789
5.605,40.02083333333334,39.47661901949891
5.606,40.025000000000006,39.47467135770455
5.607,40.02916666666667,39.47272389067638
5.6080000000000005,40.03333333333334,39.47077661839495
5.609,40.0375,39.468829540840716
5.61,40.04166666666667,39.46688265799423
5.611,40.045833333333334,39.46493596983606
5.612,40.050000000000004,39.462989476346706
5.613,40.054166666666674,39.46104317750667
5.614,40.05833333333334,39.459097073296505
5.615,40.0625,39.45715116369678
5.6160000000000005,40.06666666666668,39.45520544868799
5.617,40.07083333333334,39.4532599282507
5.618,40.075,39.45131460236547
5.619,40.079166666666666,39.44936947101286
5.62,40.083333333333336,39.447424534173365
5.621,40.087500000000006,39.44547979182755
5.622,40.09166666666667,39.44353524395598
5.623,40.09583333333334,39.4415908905392
5.6240000000000006,40.10000000000001,39.43964673155773
5.625,40.10416666666667,39.437702766992174
5.626,40.108333333333334,39.4357589968231
5.627,40.1125,39.433815421031
5.628,40.116666666666674,39.4318720395965
5.6290000000000004,40.12083333333334,39.429928852500154
5.63,40.125,39.427985859722526
5.631,40.12916666666667,39.42604306124417
5.632,40.13333333333334,39.424100457045654
5.633,40.1375,39.42215804710753
5.634,40.141666666666666,39.42021583141042
5.635,40.145833333333336,39.418273809934874
5.636,40.150000000000006,39.41633198266146
5.6370000000000005,40.15416666666667,39.414390349570795
5.638,40.15833333333333,39.412448910643434
5.639,40.16250000000001,39.41050766585994
5.64,40.16666666666667,39.408566615200925
5.641,40.170833333333334,39.40662575864701
5.642,40.175000000000004,39.40468509617875
5.643,40.17916666666667,39.40274462777671
5.644,40.18333333333334,39.400804353421506
5.6450000000000005,40.1875,39.39886427309375
5.646,40.19166666666667,39.396924386774
5.647,40.19583333333334,39.39498469444288
5.648,40.2,39.393045196081005
5.649,40.204166666666666,39.391105891668985
5.65,40.20833333333334,39.389166781187384
5.651,40.212500000000006,39.387227864616875
5.652,40.21666666666667,39.38528914193802
5.6530000000000005,40.22083333333334,39.38335061313143
5.654,40.225,39.38141227817772
5.655,40.22916666666667,39.37947413705746
5.656,40.233333333333334,39.37753618975131
5.657,40.237500000000004,39.3755984362399
5.658,40.241666666666674,39.373660876503834
5.659,40.24583333333334,39.371723510523736
5.66,40.25,39.36978633828028
5.6610000000000005,40.25416666666667,39.36784935975402
5.662,40.25833333333334,39.36591257492563
5.663,40.2625,39.36397598377573
5.664,40.266666666666666,39.362039586284936
5.665,40.270833333333336,39.36010338243386
5.666,40.275000000000006,39.358167372203184
5.667,40.27916666666667,39.356231555573515
5.668,40.28333333333334,39.35429593252553
5.6690000000000005,40.28750000000001,39.35236050303985
5.67,40.29166666666667,39.35042526709714
5.671,40.295833333333334,39.34849022467802
5.672,40.3,39.3465553757631
5.673,40.304166666666674,39.34462072033307
5.674,40.30833333333334,39.34268625836859
5.675,40.3125,39.34075198985033
5.676,40.31666666666667,39.33881791475892
5.6770000000000005,40.32083333333334,39.33688403307502
5.678,40.325,39.33495034477926
5.679,40.329166666666666,39.333016849852356
5.68,40.333333333333336,39.33108354827493
5.681,40.337500000000006,39.33844576010915
5.682,40.34166666666667,39.345806986271214
5.683,40.34583333333333,39.353167226906464
5.684,40.35000000000001,39.36052648216025
5.6850000000000005,40.35416666666667,39.36788475217787
5.686,40.358333333333334,39.37524203710461
5.687,40.362500000000004,39.38259833708565
5.688,40.36666666666667,39.389953652266286
5.689,40.37083333333334,39.39730798279169
5.69,40.375,39.40466132880698
5.691,40.37916666666667,39.41201369045734
5.692,40.38333333333334,39.41936506788795
5.6930000000000005,40.3875,39.426715461243816
5.694,40.391666666666666,39.43406487067
5.695,40.395833333333336,39.441413296311566
5.696,40.400000000000006,39.448760738313524
5.697,40.40416666666667,39.45610719682088
5.698,40.40833333333334,39.46345267197859
5.699,40.4125,39.47079716393159
5.7,40.41666666666667,39.47814067282479
5.7010000000000005,40.420833333333334,39.48548319880308
5.702,40.425000000000004,39.492824742011294
5.703,40.429166666666674,39.50016530259427
5.704,40.43333333333334,39.50750488069684
5.705,40.4375,39.514843476463795
5.706,40.44166666666667,39.52218109003985
5.707,40.44583333333334,39.52951772156973
5.708,40.45,39.53685337119816
5.7090000000000005,40.45416666666667,39.54418803906981
5.71,40.458333333333336,39.55152172532934
5.711,40.462500000000006,39.55885443012136
5.712,40.46666666666667,39.56618615359048
5.713,40.47083333333333,39.57351689588131
5.714,40.47500000000001,39.58084665713835
5.715,40.47916666666667,39.58817543750615
5.716,40.483333333333334,39.59550323712921
5.7170000000000005,40.487500000000004,39.602830056152015
5.718,40.491666666666674,39.61015589471896
5.719,40.49583333333334,39.61748075297453
5.72,40.5,39.62480463106306
5.721,40.50416666666667,39.63212752912898
5.722,40.50833333333334,39.639449447316565
5.723,40.5125,39.646770385770196
5.724,40.516666666666666,39.65409034463414
5.7250000000000005,40.52083333333334,39.66140932405267
5.726,40.525000000000006,39.66872732416999
5.727,40.52916666666667,39.67604434513038
5.728,40.53333333333333,39.68336038707798
5.729,40.53750000000001,39.69067545015696
5.73,40.54166666666667,39.697989534511464
5.731,40.545833333333334,39.70530264028565
5.732,40.550000000000004,39.71261476762356
5.7330000000000005,40.554166666666674,39.71992591666924
5.734,40.55833333333334,39.72723608756672
5.735,40.5625,39.734545280460054
5.736,40.56666666666667,39.74185349549322
5.737,40.57083333333334,39.749160732810196
5.738,40.575,39.75646699255486
5.739,40.579166666666666,39.763772274871144
5.74,40.583333333333336,39.77107657990297
5.7410000000000005,40.587500000000006,39.77837990779415
5.742,40.59166666666667,39.785682258688496
5.743,40.59583333333334,39.792983632729886
5.744,40.6,39.80028403006207
5.745,40.60416666666667,39.80758345082876
5.746,40.608333333333334,39.814881895173755
5.747,40.6125,39.82217936324071
5.748,40.616666666666674,39.829475855173314
5.7490000000000006,40.62083333333334,39.83677137111522
5.75,40.625,39.844065911210066
5.751,40.62916666666667,39.85135947560144
5.752,40.63333333333334,39.85865206443293
5.753,40.6375,39.865943677848065
5.7540000000000004,40.64166666666667,39.87323431599037
5.755,40.645833333333336,39.880523979003385
5.756,40.650000000000006,39.88781266703057
5.757000000000001,40.65416666666667,39.895100380215354
5.758,40.65833333333333,39.90238711870114
5.759,40.66250000000001,39.90967288263141
5.76,40.66666666666667,39.916957672149465
5.761,40.670833333333334,39.92424148739866
5.7620000000000005,40.675000000000004,39.93152432852236
5.763,40.679166666666674,39.9388061956638
5.764,40.68333333333334,39.946087088966294
5.765,40.6875,39.95336700857308
5.766,40.69166666666667,39.96064595462735
5.767,40.69583333333334,39.96792392727235
5.768,40.7,39.97520092665121
5.769,40.704166666666666,39.982476952907064
5.7700000000000005,40.70833333333334,39.98975200618304
5.771,40.712500000000006,39.99702608662227
5.772,40.71666666666667,40.004299194367775
5.773,40.72083333333333,40.01157132956263
5.774,40.725,40.01884249234985
5.775,40.72916666666667,40.026112682872395
5.776,40.733333333333334,40.03338190127323
5.777,40.737500000000004,40.040650147695374
5.7780000000000005,40.741666666666674,40.04791742228167
5.779,40.74583333333334,40.05518372517503
5.78,40.75,40.06244905651829
5.781,40.75416666666667,40.069713416454306
5.782,40.75833333333334,40.07697680512592
5.783,40.7625,40.08423922267593
5.784,40.766666666666666,40.09150066924707
5.785,40.770833333333336,40.09876114498206
5.7860000000000005,40.775000000000006,40.10602065002365
5.787,40.77916666666667,40.11327918451451
5.788,40.78333333333334,40.12053674859726
5.789,40.7875,40.12779334241458
5.79,40.79166666666667,40.13504896610908
5.791,40.795833333333334,40.142303619823394
5.792,40.8,40.14955730370002
5.793,40.804166666666674,40.156810017881526
5.7940000000000005,40.80833333333334,40.164061762510414
5.795,40.8125,40.171312537729136
5.796,40.81666666666667,40.1785623436802
5.797,40.82083333333334,40.18581118050599
5.798,40.825,40.19305904834897
5.799,40.82916666666667,40.200305947351524
5.8,40.833333333333336,40.20755187765599
5.801,40.837500000000006,40.2147968394047
5.8020000000000005,40.84166666666667,40.22204083273999
5.803,40.84583333333333,40.22928385780409
5.804,40.85000000000001,40.23652591473933
5.805,40.85416666666667,40.24376700368788
5.806,40.858333333333334,40.25100712479201
5.807,40.862500000000004,40.25824627819384
5.808,40.86666666666667,40.26548446403558
5.809,40.87083333333334,40.27272168245935
5.8100000000000005,40.875,40.27995793360725
5.811,40.87916666666667,40.287193217621336
5.812,40.88333333333334,40.29442753464372
5.813,40.8875,40.301660884816386
5.814,40.891666666666666,40.308893268281395
5.815,40.89583333333334,40.31612468518068
5.816,40.900000000000006,40.323355135656186
5.817,40.90416666666667,40.3305846198499
5.8180000000000005,40.90833333333334,40.33781313790371
5.819,40.9125,40.34504068995949
5.82,40.91666666666667,40.352267276159125
5.821,40.920833333333334,40.35949289664438
5.822,40.925000000000004,40.366717551557144
5.823,40.929166666666674,40.37394124103912
5.824,40.93333333333334,40.38116396523213
5.825,40.9375,40.388385724277896
5.8260000000000005,40.94166666666667,40.39560651831806
5.827,40.94583333333334,40.40282634749434
5.828,40.95,40.41004521194844
5.829,40.954166666666666,40.41726311182197
5.83,40.958333333333336,40.42448004725651
5.831,40.962500000000006,40.43169601839361
5.832,40.96666666666667,40.438911025374864
5.833,40.97083333333334,40.446125068341814
5.8340000000000005,40.97500000000001,40.453338147436
5.835,40.97916666666667,40.46055026279885
5.836,40.983333333333334,40.46776141457184
5.837,40.9875,40.4749716028964
5.838,40.991666666666674,40.48218082791391
5.839,40.99583333333334,40.48938908976578
5.84,41.0,40.49659638859339
5.841,41.00416666666667,40.50380272453805
5.8420000000000005,41.00833333333334,40.51100809774101
5.843,41.0125,40.518212508343595
5.844,41.016666666666666,40.52541595648711
5.845,41.020833333333336,40.53261844231275
5.846,41.025000000000006,40.539819965961726
5.847,41.02916666666667,40.54702052757517
5.848,41.03333333333333,40.554220127294286
5.849,41.03750000000001,40.561418765260214
5.8500000000000005,41.04166666666667,40.56861644161404
5.851,41.045833333333334,40.57581315649685
5.852,41.050000000000004,40.58300891004973
5.853,41.05416666666667,40.590203702413646
5.854,41.05833333333334,40.59739753372969
5.855,41.0625,40.604590404138776
5.856,41.06666666666667,40.61178231378187
5.857,41.07083333333334,40.618973262799955
5.8580000000000005,41.075,40.62616325133388
5.859,41.079166666666666,40.63335227952456
5.86,41.08333333333334,40.640540347512854
5.861,41.087500000000006,40.647727455439565
5.862,41.09166666666667,40.65491360344555
5.863,41.09583333333334,40.66209879167155
5.864,41.1,40.669283020258376
5.865,41.10416666666667,40.676466289346706
5.8660000000000005,41.108333333333334,40.68364859907729
5.867,41.112500000000004,40.69082994959081
5.868,41.116666666666674,40.698010341027896
5.869,41.12083333333334,40.705189773529185
5.87,41.125,40.712368247235304
5.871,41.12916666666667,40.71954576228683
5.872,41.13333333333334,40.72672231882433
5.873,41.1375,40.733897916988326
5.8740000000000006,41.14166666666667,40.74107255691939
5.875,41.145833333333336,40.74824623875793
5.876,41.150000000000006,40.755418962644455
5.877,41.15416666666667,40.762590728719374
5.878,41.15833333333333,40.76976153712309
5.8790000000000004,41.16250000000001,40.77693138799606
5.88,41.16666666666667,40.78410028147857
5.881,41.170833333333334,40.79126821771098
5.882000000000001,41.175000000000004,40.79843519683362
5.883,41.179166666666674,40.80560121898674
5.884,41.18333333333334,40.81276628431067
5.885,41.1875,40.819930392945594
5.886,41.19166666666667,40.827093545031744
5.8870000000000005,41.19583333333334,40.834255740709295
5.888,41.2,40.841416980118424
5.889,41.204166666666666,40.84857726339931
5.89,41.208333333333336,40.855736590692004
5.891,41.212500000000006,40.862894962136636
5.892,41.21666666666667,40.870052377873265
5.893,41.22083333333333,40.877208838041895
5.894,41.22500000000001,40.88436434278259
5.8950000000000005,41.22916666666667,40.891518892235354
5.896,41.233333333333334,40.898672486540136
5.897,41.237500000000004,40.905825125836884
5.898,41.24166666666667,40.91297681026549
5.899,41.24583333333334,40.92012753996585
5.9,41.25,40.927277315077845
5.901,41.25416666666667,40.93442613574132
5.902,41.25833333333334,40.941574002096104
5.9030000000000005,41.2625,40.94872091428198
5.904,41.266666666666666,40.95586687243872
5.905,41.270833333333336,40.963011876706105
5.906,41.275000000000006,40.9701559272238
5.907,41.27916666666667,40.977299024131526
5.908,41.28333333333334,40.984441167569
5.909,41.2875,40.99158235767584
5.91,41.29166666666667,40.99872259459164
5.9110000000000005,41.295833333333334,41.00586187845602
5.912,41.300000000000004,41.01300020940852
5.913,41.304166666666674,41.02013758758875
5.914,41.30833333333334,41.02727401313621
5.915,41.3125,41.034409486190384
5.916,41.31666666666667,41.041544006890774
5.917,41.32083333333334,41.048677575376814
5.918,41.325,41.05581019178794
5.9190000000000005,41.32916666666667,41.062941856263535
5.92,41.333333333333336,41.070072568942976
5.921,41.337500000000006,41.077202329965644
5.922,41.34166666666667,41.08433113947086
5.923,41.34583333333333,41.091458997597954
5.924,41.35000000000001,41.098585904486185
5.925,41.35416666666667,41.105711860274766
5.926,41.358333333333334,41.11283686510296
5.9270000000000005,41.362500000000004,41.119960919109985
5.928,41.366666666666674,41.12708402243504
5.929,41.37083333333334,41.13420617521729
5.93,41.375,41.141327377595815
5.931,41.37916666666667,41.14844762970972
5.932,41.38333333333334,41.15556693169816
5.933,41.3875,41.162685283700114
5.934,41.391666666666666,41.16980268585468
5.9350000000000005,41.39583333333334,41.17691913830083
5.936,41.400000000000006,41.18403464117756
5.937,41.40416666666667,41.19114919462385
5.938,41.40833333333333,41.198262798778615
5.939,41.4125,41.205375453780846
5.94,41.41666666666667,41.21248715976935
5.941,41.420833333333334,41.219597916883004
5.942,41.425000000000004,41.22670772526067
5.9430000000000005,41.429166666666674,41.233816585041154
5.944,41.43333333333334,41.24092449636322
5.945,41.4375,41.24803145936568
5.946,41.44166666666667,41.25513747418722
5.947,41.44583333333334,41.26224254096661
5.948,41.45,41.26934665984254
5.949,41.454166666666666,41.27644983095365
5.95,41.458333333333336,41.283552054438644
5.9510000000000005,41.462500000000006,41.2906533304361
5.952,41.46666666666667,41.297753659084606
5.953,41.47083333333334,41.304853040522744
5.954,41.475,41.3119514748891
5.955,41.47916666666667,41.31904896232214
5.956,41.483333333333334,41.3261455029604
5.957,41.4875,41.333241096942345
5.958,41.491666666666674,41.340335744406445
5.9590000000000005,41.49583333333334,41.347429445491116
5.96,41.5,41.35452220033471
5.961,41.50416666666667,41.36161400907571
5.962,41.50833333333334,41.368704871852344
5.963,41.5125,41.375794788803034
5.964,41.51666666666667,41.38288376006608
5.965,41.520833333333336,41.38997178577972
5.966,41.525000000000006,41.39705886608226
5.9670000000000005,41.52916666666667,41.404145001111885
5.968,41.53333333333333,41.41123019100684
5.969,41.53750000000001,41.4183144359053
5.97,41.54166666666667,41.42539773594541
5.971,41.545833333333334,41.43248009126535
5.972,41.550000000000004,41.43956150200319
5.973,41.554166666666674,41.44664196829706
5.974,41.55833333333334,41.45372149028498
5.9750000000000005,41.5625,41.460800068105016
5.976,41.56666666666667,41.467877701895134
5.977,41.57083333333334,41.4749543917934
5.978,41.575,41.48203013793773
5.979,41.579166666666666,41.48910494046606
5.98,41.58333333333334,41.49617879951637
5.981,41.587500000000006,41.5032517152265
5.982,41.59166666666667,41.51032368773434
5.9830000000000005,41.59583333333334,41.517394717177694
5.984,41.6,41.52446480369446
5.985,41.60416666666667,41.53153394742236
5.986,41.608333333333334,41.53860214849925
5.987,41.612500000000004,41.5456694070628
5.988,41.616666666666674,41.552735723250805
5.989,41.62083333333334,41.55980109720093
5.99,41.625,41.56686552905086
5.9910000000000005,41.62916666666668,41.5739290189382
5.992,41.63333333333334,41.58099156700064
5.993,41.6375,41.58805317337578
5.994,41.641666666666666,41.5951138382012
5.995,41.645833333333336,41.60217356161445
5.996,41.650000000000006,41.609232343753035
5.997,41.65416666666667,41.61629018475446
5.998,41.65833333333334,41.62334708475623
5.9990000000000006,41.66250000000001,41.63040304389585
6.0,41.66666666666667,41.637458062310714
6.001,41.670833333333334,41.64451214013826
6.002,41.675,41.65156527751583
6.003,41.679166666666674,41.65861747458081
6.0040000000000004,41.68333333333334,41.66566873147053
6.005,41.6875,41.672719048322335
6.006,41.69166666666667,41.679768425273494
6.007000000000001,41.69583333333334,41.686816862461285
6.008,41.7,41.693864360022985
6.009,41.70416666666667,41.70091091809576
6.01,41.708333333333336,41.70795653681682
6.011,41.712500000000006,41.7150012163234
6.0120000000000005,41.71666666666667,41.7220449567526
6.013,41.72083333333333,41.72908775824152
6.014,41.72500000000001,41.73612962092727
6.015000000000001,41.72916666666667,41.74317054494696
6.016,41.733333333333334,41.750210530437585
6.017,41.737500000000004,41.75724957753624
6.018,41.74166666666667,41.76428768637987
6.019,41.74583333333334,41.771324857105526
6.0200000000000005,41.75,41.77836108985014
6.021,41.75416666666667,41.785396384750584
6.022,41.75833333333334,41.79243074194386
6.023,41.7625,41.79946416156679
6.024,41.766666666666666,41.80649664375625
6.025,41.77083333333334,41.81352818864906
6.026,41.775000000000006,41.820558796382045
6.027,41.77916666666667,41.82758846709203
6.0280000000000005,41.78333333333334,41.83461720091577
6.029,41.7875,41.84164499798999
6.03,41.79166666666667,41.84867185845138
6.031,41.795833333333334,41.855697782436664
6.032,41.800000000000004,41.86272277008254
6.033,41.804166666666674,41.86974682152561
6.034,41.80833333333334,41.87676993690252
6.035,41.8125,41.883792116349866
6.0360000000000005,41.81666666666667,41.89081336000419
6.037,41.82083333333334,41.89783366800208
6.038,41.825,41.90485304048008
6.039,41.829166666666666,41.91187147757461
6.04,41.833333333333336,41.91888897942226
6.041,41.837500000000006,41.92590554615941
6.042,41.84166666666667,41.93292117792254
6.043,41.84583333333334,41.939935874848004
6.0440000000000005,41.85000000000001,41.94694963707224
6.045,41.85416666666667,41.953962464731546
6.046,41.858333333333334,41.9609743579623
6.047,41.8625,41.96798531690081
6.048,41.866666666666674,41.97499534168338
6.049,41.87083333333334,41.982004432446274
6.05,41.875,41.98901258932568
6.051,41.87916666666667,41.99601981245786
6.0520000000000005,41.88333333333334,42.003026101979
6.053,41.8875,42.01003145802531
6.054,41.891666666666666,42.01703588073292
6.055,41.895833333333336,42.024039370237915
6.056,41.900000000000006,42.03104192667638
6.057,41.90416666666667,42.038043550184454
6.058,41.90833333333333,42.045044240898164
6.059,41.91250000000001,42.052043998953536
6.0600000000000005,41.91666666666667,42.05904282448654
6.061,41.920833333333334,42.0660407176332
6.062,41.925000000000004,42.07303767852949
6.063,41.92916666666667,42.08003370731126
6.064,41.93333333333334,42.08702880411448
6.065,41.9375,42.09402296907507
6.066,41.94166666666667,42.10101620232882
6.067,41.94583333333334,42.10800850401159
6.0680000000000005,41.95,42.11499987425924
6.069,41.954166666666666,42.121990313207505
6.07,41.95833333333334,42.128979820992186
6.071,41.962500000000006,42.135968397749025
6.072,41.96666666666667,42.14295604361371
6.073,41.97083333333334,42.14994275872198
6.074,41.975,42.15692854320946
6.075,41.97916666666667,42.16391339721184
6.0760000000000005,41.983333333333334,42.17089732086475
6.077,41.987500000000004,42.17788031430376
6.078,41.991666666666674,42.184862377664444
6.079,41.99583333333334,42.19184351108237
6.08,42.0,42.198823714693106
6.081,42.00416666666667,42.205802988632115
6.082,42.00833333333334,42.212781333034854
6.083,42.0125,42.21975874803684
6.0840000000000005,42.01666666666667,42.226735233773525
6.085,42.020833333333336,42.23371079038026
6.086,42.025000000000006,42.24068541799244
6.087,42.02916666666667,42.24765911674547
6.088,42.03333333333333,42.25463188677469
6.089,42.03750000000001,42.26160372821539
6.09,42.04166666666667,42.26857464120292
6.091,42.045833333333334,42.2755446258725
6.0920000000000005,42.050000000000004,42.282513682359365
6.093,42.054166666666674,42.289481810798804
6.094,42.05833333333334,42.29644901132599
6.095,42.0625,42.30341528407604
6.096,42.06666666666667,42.31038062918418
6.097,42.07083333333334,42.31734504678553
6.098,42.075,42.324308537015156
6.099,42.079166666666666,42.33127110000822
6.1000000000000005,42.08333333333334,42.33823273589974
6.101,42.087500000000006,42.3451934448247
6.102,42.09166666666667,42.352153226918176
6.103,42.09583333333333,42.359112082315164
6.104,42.10000000000001,42.36607001115061
6.105,42.10416666666667,42.373027013559465
6.106,42.108333333333334,42.379983089676614
6.107,42.112500000000004,42.386938239637004
6.1080000000000005,42.116666666666674,42.39389246357547
6.109,42.12083333333334,42.4008457616269
6.11,42.125,42.407798133926065
6.111,42.12916666666667,42.414749580607804
6.112,42.13333333333334,42.42170010180689
6.113,42.1375,42.4286496976581
6.114,42.141666666666666,42.4355983682961
6.115,42.145833333333336,42.442546113855656
6.1160000000000005,42.150000000000006,42.44949293447144
6.117,42.15416666666667,42.4564388302781
6.118,42.15833333333334,42.463383801410316
6.119,42.1625,42.470327848002626
6.12,42.16666666666667,42.47727097018969
6.121,42.170833333333334,42.484213168106066
6.122,42.175000000000004,42.491154441886295
6.123,42.179166666666674,42.49809479166487
6.1240000000000006,42.18333333333334,42.50503421757634
6.125,42.1875,42.511972719755136
6.126,42.19166666666667,42.5189102983357
6.127,42.19583333333334,42.525846953452515
6.128,42.2,42.532782685239965
6.1290000000000004,42.20416666666667,42.53971749383237
6.13,42.208333333333336,42.546651379364164
6.131,42.212500000000006,42.55358434196967
6.132000000000001,42.21666666666667,42.560516381783145
6.133,42.22083333333333,42.56744749893892
6.134,42.22500000000001,42.57437769357125
6.135,42.22916666666667,42.581306965814406
6.136,42.233333333333334,42.58823531580259
6.1370000000000005,42.237500000000004,42.595162743670016
6.138,42.241666666666674,42.60208924955077
6.139,42.24583333333334,42.609014833579124
6.140000000000001,42.25000000000001,42.61593949588911
6.141,42.25416666666667,42.622863236614876
6.142,42.25833333333334,42.62978605589046
6.143,42.2625,42.636707953849964
6.144,42.266666666666666,42.64362893062736
6.1450000000000005,42.27083333333334,42.65054898635668
6.146,42.275000000000006,42.65746812117197
6.147,42.27916666666667,42.664386335207155
6.148,42.28333333333333,42.67130362859615
6.149,42.2875,42.67822000147288
6.15,42.29166666666667,42.68513545397121
6.151,42.295833333333334,42.69204998622507
6.152,42.300000000000004,42.698963598368266
6.1530000000000005,42.304166666666674,42.70587629053466
6.154,42.30833333333334,42.71278806285801
6.155,42.3125,42.71969891547212
6.156,42.31666666666667,42.72660884851069
6.157,42.32083333333334,42.73351786210753
6.158,42.325,42.74042595639628
6.159,42.329166666666666,42.74733313151063
6.16,42.333333333333336,42.75423938758428
6.1610000000000005,42.337500000000006,42.761144724750864
6.162,42.34166666666667,42.76804914314397
6.163,42.34583333333334,42.774952642897176
6.164,42.35,42.78185522414407
6.165,42.35416666666667,42.78875688701822
6.166,42.358333333333334,42.795657631653114
6.167,42.3625,42.802557458182264
6.168,42.366666666666674,42.80945636673914
6.1690000000000005,42.37083333333334,42.816354357457215
6.17,42.375,42.823251430469895
6.171,42.37916666666667,42.830147585910595
6.172,42.38333333333334,42.837042823912725
6.173,42.3875,42.84393714460958
6.174,42.39166666666667,42.85083054813458
6.175,42.395833333333336,42.85772303462096
6.176,42.400000000000006,42.864614604202075
6.1770000000000005,42.40416666666667,42.871505257011165
6.178,42.40833333333333,42.878394993181416
6.179,42.41250000000001,42.885283812846126
6.18,42.41666666666667,42.89217171613848
6.181,42.420833333333334,42.899058703191656
6.182,42.425000000000004,42.90594477413879
6.183,42.429166666666674,42.912829929113
6.184,42.43333333333334,42.919714168247424
6.1850000000000005,42.4375,42.926597491675125
6.186,42.44166666666667,42.933479899529175
6.187,42.44583333333334,42.94036139194259
6.188,42.45,42.94724196904838
6.189,42.454166666666666,42.95412163097956
6.19,42.45833333333334,42.961000377869084
6.191,42.462500000000006,42.967878209849914
6.192,42.46666666666667,42.97475512705495
6.1930000000000005,42.47083333333334,42.981631129617085
6.194,42.475,42.988506217669226
6.195,42.47916666666667,42.99538039134421
6.196,42.483333333333334,43.00225365077489
6.197,42.487500000000004,43.00912599609404
6.198,42.491666666666674,43.015997427434456
6.199,42.49583333333334,43.02286794492892
6.2,42.5,43.0297375487101
6.2010000000000005,42.50416666666668,43.03660623891079
6.202,42.50833333333334,43.04347401566366
6.203,42.5125,43.050340879101384
6.204,42.516666666666666,43.05720682935657
6.205,42.520833333333336,43.0640718665619
6.206,42.525000000000006,43.07093599084993
6.207,42.52916666666667,43.07779920235322
6.208,42.53333333333334,43.08466150120438
6.2090000000000005,42.53750000000001,43.091522887535916
6.21,42.54166666666667,43.09838336148033
6.211,42.545833333333334,43.105242923170124
6.212,42.55,43.11210157273774
6.213,42.554166666666674,43.11895931031563
6.214,42.55833333333334,43.12581613603618
6.215,42.5625,43.13267205003183
6.216,42.56666666666667,43.13952705243497
6.2170000000000005,42.57083333333334,43.14638114337788
6.218,42.575,43.153234322992944
6.219,42.579166666666666,43.16008659141244
6.22,42.583333333333336,43.166937948768634
6.221,42.587500000000006,43.17378839519381
6.222,42.59166666666667,43.18063793082018
6.223,42.59583333333333,43.18748655577997
6.224,42.60000000000001,43.19433427020539
6.2250000000000005,42.60416666666667,43.20118107422854
6.226,42.608333333333334,43.208026967981596
6.227,42.612500000000004,43.214871951596706
6.228,42.61666666666667,43.22171602520592
6.229,42.62083333333334,43.22855918894135
6.23,42.625,43.235401442935085
6.231,42.62916666666667,43.24224278731907
6.232,42.63333333333334,43.24908322222535
6.2330000000000005,42.6375,43.25592274778592
6.234,42.641666666666666,43.2627613641327
6.235,42.64583333333334,43.26959907139769
6.236,42.650000000000006,43.27643586971277
6.237,42.65416666666667,43.28327175920981
6.238,42.65833333333334,43.29010674002069
6.239,42.6625,43.296940812277285
6.24,42.66666666666667,43.303773976111415
6.2410000000000005,42.670833333333334,43.310606231654845
6.242,42.675000000000004,43.31743757903939
6.243,42.679166666666674,43.32426801839682
6.244,42.68333333333334,43.33109754985884
6.245,42.6875,43.33792617355715
6.246,42.69166666666667,43.34475388962346
6.247,42.69583333333334,43.35158069818942
6.248,42.7,43.35840659938668
6.2490000000000006,42.70416666666667,43.365231593346834
6.25,42.708333333333336,43.37205568020153
6.251,42.712500000000006,43.378878860082295
6.252,42.71666666666667,43.385701133120676
6.253,42.72083333333334,43.39252249944826
6.2540000000000004,42.72500000000001,43.39934295919653
6.255,42.72916666666667,43.406162512496905
6.256,42.733333333333334,43.41298115948092
6.257000000000001,42.737500000000004,43.41979890028
6.258,42.741666666666674,43.426615735025564
6.259,42.74583333333334,43.43343166384898
6.26,42.75,43.44024668688161
6.261,42.75416666666667,43.44706080425482
6.2620000000000005,42.75833333333334,43.453874016099974
6.263,42.7625,43.46068632254833
6.264,42.766666666666666,43.467497723731185
6.265000000000001,42.77083333333334,43.47430821977974
6.266,42.775000000000006,43.48111781082531
6.267,42.77916666666667,43.48792649699908
6.268,42.78333333333333,43.49473427843219
6.269,42.78750000000001,43.50154115525589
6.2700000000000005,42.79166666666667,43.50834712760127
6.271,42.795833333333334,43.515152195599455
6.272,42.800000000000004,43.521956359381534
6.273,42.80416666666667,43.52875961907864
6.274,42.80833333333334,43.535561974821746
6.275,42.8125,43.54236342674193
6.276,42.81666666666667,43.54916397497021
6.277,42.82083333333334,43.555963619637566
6.2780000000000005,42.825,43.562762360874956
6.279,42.829166666666666,43.56956019881329
6.28,42.833333333333336,43.57635713358354
6.281,42.837500000000006,43.58315316531656
6.282,42.84166666666667,43.589948294143255
6.283,42.84583333333334,43.59674252019448
6.284,42.85,43.60353584360104
6.285,42.85416666666667,43.61032826449372
6.2860000000000005,42.858333333333334,43.61711978300332
6.287,42.862500000000004,43.62391039926064
6.288,42.866666666666674,43.63070011339636
6.289,42.87083333333334,43.63748892554122
6.29,42.875,43.644276835825906
6.291,42.87916666666667,43.6510638443811
6.292,42.88333333333334,43.657849951337425
6.293,42.8875,43.66463515682557
6.2940000000000005,42.89166666666667,43.6714194609761
6.295,42.895833333333336,43.67820286391958
6.296,42.900000000000006,43.68498536578659
6.297,42.90416666666667,43.69176696670763
6.298,42.90833333333333,43.69854766681328
6.299,42.91250000000001,43.705327466233996
6.3,42.91666666666667,43.712106365100226
6.301,42.920833333333334,43.71888436354243
6.3020000000000005,42.925000000000004,43.725661461691004
6.303,42.929166666666674,43.73243765967641
6.304,42.93333333333334,43.73921295762898
6.305,42.9375,43.74598735567906
6.306,42.94166666666667,43.75276085395706
6.307,42.94583333333334,43.759533452593246
6.308,42.95,43.76630515171786
6.309,42.954166666666666,43.77307595146124
6.3100000000000005,42.95833333333334,43.77984585195361
6.311,42.962500000000006,43.78661485332515
6.312,42.96666666666667,43.793382955706136
6.313,42.97083333333333,43.80015015922669
6.314,42.97500000000001,43.80691646401698
6.315,42.97916666666667,43.81368187020712
6.316,42.983333333333334,43.820446377927226
6.317,42.987500000000004,43.82720998730741
6.3180000000000005,42.991666666666674,43.83397269847774
6.319,42.99583333333334,43.84073451156826
6.32,43.0,43.847495426708974
6.321,43.00416666666667,43.85425544402989
6.322,43.00833333333334,43.861014563660945
6.323,43.0125,43.86777278573214
6.324,43.016666666666666,43.87453011037337
6.325,43.020833333333336,43.88128653771457
6.3260000000000005,43.025000000000006,43.888042067885635
6.327,43.02916666666667,43.89479670101639
6.328,43.03333333333334,43.90155043723672
6.329,43.0375,43.90830327667646
6.33,43.04166666666667,43.91505521946539
6.331,43.045833333333334,43.92180626573321
6.332,43.05,43.92855641560976
6.333,43.054166666666674,43.93530566922476
6.3340000000000005,43.05833333333334,43.942054026707865
6.335,43.0625,43.94880148818885
6.336,43.06666666666667,43.955548053797315
6.337,43.07083333333334,43.962293723662924
6.338,43.075,43.96903849791528
6.339,43.07916666666667,43.97578237668398
6.34,43.083333333333336,43.98252536009858
6.341,43.087500000000006,43.98926744828867
6.3420000000000005,43.09166666666667,43.99600864138381
6.343,43.09583333333333,44.002748939513424
6.344,43.10000000000001,44.00948834280706
6.345,43.10416666666667,44.01622685139415
6.346,43.108333333333334,44.022964465404186
6.347,43.112500000000004,44.02970118496654
6.348,43.116666666666674,44.03643701021065
6.349,43.12083333333334,44.043171941265825
6.3500000000000005,43.125,44.04990597826145
6.351,43.12916666666667,44.056639121326896
6.352,43.13333333333334,44.063371370591426
6.353,43.1375,44.07010272618436
6.354,43.141666666666666,44.0768331882349
6.355,43.14583333333334,44.08356275687237
6.356,43.150000000000006,44.09029143222591
6.357,43.15416666666667,44.09701921442479
6.3580000000000005,43.15833333333334,44.103746103598155
6.359,43.1625,44.11047209987515
6.36,43.16666666666667,44.117197203384876
6.361,43.170833333333334,44.12392141425647
6.362,43.175000000000004,44.13064473261909
6.363,43.179166666666674,44.137367158601705
6.364,43.18333333333334,44.14408869233341
6.365,43.1875,44.15080933394319
6.3660000000000005,43.19166666666668,44.157529083560064
6.367,43.19583333333334,44.16424794131302
6.368,43.2,44.17096590733098
6.369,43.204166666666666,44.17768298174286
6.37,43.208333333333336,44.18439916467764
6.371,43.212500000000006,44.19111445626419
6.372,43.21666666666667,44.197828856631304
6.373,43.22083333333334,44.20454236590791
6.3740000000000006,43.22500000000001,44.21125498422282
6.375,43.22916666666667,44.217966711704776
6.376,43.233333333333334,44.22467754848259
6.377,43.2375,44.231387494685066
6.378,43.241666666666674,44.2380965504409
6.3790000000000004,43.24583333333334,44.244804715878786
6.38,43.25,44.251511991127416
6.381,43.25416666666667,44.24908684003776
6.382000000000001,43.25833333333334,44.24666193146322
6.383,43.2625,44.24423726537958
6.384,43.26666666666667,44.24181284176251
6.385,43.270833333333336,44.23938866058779
6.386,43.275000000000006,44.236964721831214
6.3870000000000005,43.27916666666667,44.2345410254685
6.388,43.28333333333333,44.23211757147544
6.389,43.28750000000001,44.22969435982776
6.390000000000001,43.29166666666667,44.227271390501244
6.391,43.295833333333334,44.224848663471676
6.392,43.300000000000004,44.222426178714784
6.393,43.30416666666667,44.22000393620641
6.394,43.30833333333334,44.21758193592228
6.3950000000000005,43.3125,44.215160177838186
6.396,43.31666666666667,44.21273866192985
6.397,43.32083333333334,44.21031738817311
6.398000000000001,43.325,44.207896356543756
6.399,43.329166666666666,44.20547556701757
6.4,43.33333333333334,44.20305501957034
6.401,43.337500000000006,44.20063471417785
6.402,43.34166666666667,44.198214650815885
6.4030000000000005,43.34583333333334,44.19579482946028
6.404,43.35,44.19337525008683
6.405,43.35416666666667,44.19095591267131
6.406,43.358333333333334,44.188536817189515
6.407,43.362500000000004,44.18611796361728
6.408,43.366666666666674,44.183699351930386
6.409,43.37083333333334,44.18128098210468
6.41,43.375,44.17886285411595
6.4110000000000005,43.37916666666667,44.17644496793997
6.412,43.38333333333334,44.17402732355265
6.413,43.3875,44.17160992092977
6.414,43.391666666666666,44.16919276004711
6.415,43.395833333333336,44.166775840880575
6.416,43.400000000000006,44.16435916340595
6.417,43.40416666666667,44.16194272759907
6.418,43.40833333333334,44.15952653343578
6.4190000000000005,43.41250000000001,44.15711058089187
6.42,43.41666666666667,44.15469486994323
6.421,43.420833333333334,44.1522794005657
6.422,43.425,44.14986417273508
6.423,43.429166666666674,44.14744918642725
6.424,43.43333333333334,44.145034441618066
6.425,43.4375,44.14261993828336
6.426,43.44166666666667,44.14020567639898
6.4270000000000005,43.44583333333334,44.13779165594076
6.428,43.45,44.135377876884604
6.429,43.454166666666666,44.13296433920635
6.43,43.458333333333336,44.13055104288185
6.431,43.462500000000006,44.12813798788699
6.432,43.46666666666667,44.12572517419761
6.433,43.47083333333333,44.12331260178962
6.434,43.47500000000001,44.120900270638856
6.4350000000000005,43.47916666666667,44.118488180721215
6.436,43.483333333333334,44.1160763320126
6.437,43.487500000000004,44.11366472448884
6.438,43.49166666666667,44.11125335812585
6.439,43.49583333333334,44.10884223289946
6.44,43.5,44.10643134878558
6.441,43.50416666666667,44.10402070576015
6.442,43.50833333333334,44.10161030379902
6.4430000000000005,43.5125,44.09920014287809
6.444,43.516666666666666,44.096790222973254
6.445,43.52083333333334,44.09438054406036
6.446,43.525000000000006,44.09197110611535
6.447,43.52916666666667,44.08956190911414
6.448,43.53333333333334,44.08715295303267
6.449,43.5375,44.08474423784679
6.45,43.54166666666667,44.082335763532456
6.4510000000000005,43.545833333333334,44.079927530065504
6.452,43.550000000000004,44.07751953742189
6.453,43.554166666666674,44.075111785577576
6.454,43.55833333333334,44.07270427450845
6.455,43.5625,44.07029700419042
6.456,43.56666666666667,44.06788997459944
6.457,43.57083333333334,44.0654831857114
6.458,43.575,44.06307663750226
6.4590000000000005,43.57916666666667,44.060670329947925
6.46,43.583333333333336,44.05826426302434
6.461,43.587500000000006,44.05585843670747
6.462,43.59166666666667,44.0534528509732
6.463,43.59583333333333,44.0510475057975
6.464,43.60000000000001,44.048642401156314
6.465,43.60416666666667,44.046237537025604
6.466,43.608333333333334,44.04383291338132
6.4670000000000005,43.612500000000004,44.04142853019937
6.468,43.616666666666674,44.039024387455754
6.469,43.62083333333334,44.036620485126434
6.47,43.625,44.03421682318731
6.471,43.62916666666667,44.031813401614386
6.472,43.63333333333334,44.029410220383625
6.473,43.6375,44.02700727947098
6.474,43.641666666666666,44.024604578852404
6.4750000000000005,43.64583333333334,44.02220211850391
6.476,43.650000000000006,44.01979989840146
6.477,43.65416666666667,44.017397918521
6.478,43.65833333333333,44.014996178838544
6.479,43.66250000000001,44.01259467933005
6.48,43.66666666666667,44.01019341997153
6.481,43.670833333333334,44.007792400738936
6.482,43.675000000000004,44.005391621608226
6.4830000000000005,43.679166666666674,44.00299108255547
6.484,43.68333333333334,44.00059078355662
6.485,43.6875,43.99819072458763
6.486,43.69166666666667,43.995790905624574
6.487,43.69583333333334,43.993391326643405
6.488,43.7,43.990991987620134
6.489,43.704166666666666,43.988592888530775
6.49,43.708333333333336,43.98619402935128
6.4910000000000005,43.712500000000006,43.98379541005772
6.492,43.71666666666667,43.98139703062611
6.493,43.72083333333334,43.978998891032404
6.494,43.725,43.97660099125267
6.495,43.72916666666667,43.97420333126291
6.496,43.733333333333334,43.971805911039155
6.497,43.737500000000004,43.969408730557404
6.498,43.741666666666674,43.96701178979373
6.4990000000000006,43.74583333333334,43.964615088724145
6.5,43.75,43.96221862732466
6.501,43.75416666666667,43.95982240557129
6.502,43.75833333333334,43.9574264234401
6.503,43.7625,43.9550306809071
6.5040000000000004,43.76666666666667,43.952635177948366
6.505,43.770833333333336,43.950239914539964
6.506,43.775000000000006,43.947844890657905
6.507000000000001,43.77916666666667,43.9454501062782
6.508,43.78333333333333,43.94305556137692
6.509,43.78750000000001,43.94066125593014
6.51,43.79166666666667,43.938267189913915
6.511,43.795833333333334,43.93587336330427
6.5120000000000005,43.800000000000004,43.93347977607732
6.513,43.804166666666674,43.931086428209085
6.514,43.80833333333334,43.92869331967563
6.515000000000001,43.81250000000001,43.92630045045303
6.516,43.81666666666667,43.92390782051734
6.517,43.82083333333334,43.921515429844646
6.518,43.825,43.91912327841101
6.519,43.829166666666666,43.916731366192494
6.5200000000000005,43.83333333333334,43.91433969316523
6.521,43.837500000000006,43.91194825930529
6.522,43.84166666666667,43.90955706458874
6.523000000000001,43.84583333333334,43.907166108991646
6.524,43.85000000000001,43.90477539249008
6.525,43.85416666666667,43.90238491506017
6.526,43.858333333333334,43.899994676678034
6.527,43.862500000000004,43.89760467731969
6.5280000000000005,43.866666666666674,43.89521491696132
6.529,43.87083333333334,43.892825395578996
6.53,43.875,43.89043611314878
6.531,43.87916666666667,43.8880470696468
6.532,43.88333333333334,43.88565826504919
6.533,43.8875,43.883269699332004
6.534,43.891666666666666,43.880881372471435
6.535,43.895833333333336,43.87849328444355
6.5360000000000005,43.900000000000006,43.87610543522442
6.537,43.90416666666667,43.87371782479022
6.538,43.90833333333334,43.87133045311708
6.539,43.9125,43.86894332018113
6.54,43.91666666666667,43.866556425958436
6.541,43.920833333333334,43.86416977042518
6.542,43.925,43.861783353557485
6.543,43.929166666666674,43.85939717533148
6.5440000000000005,43.93333333333334,43.85701123572329
6.545,43.9375,43.854625534709044
6.546,43.94166666666667,43.85224007226492
6.547,43.94583333333334,43.849854848367045
6.548,43.95,43.847469862991545
6.549,43.95416666666667,43.84508511611455
6.55,43.958333333333336,43.84270060771229
6.551,43.962500000000006,43.84031633776084
6.5520000000000005,43.96666666666667,43.83793230623638
6.553,43.97083333333333,43.8355485131151
6.554,43.97500000000001,43.83316495837312
6.555,43.97916666666667,43.83078164198662
6.556,43.983333333333334,43.82839856393173
6.557,43.987500000000004,43.82601572418463
6.558,43.991666666666674,43.8236331227215
6.559,43.99583333333334,43.821250759518534
6.5600000000000005,44.0,43.818868634551905
6.561,44.00416666666667,43.81648674779774
6.562,44.00833333333334,43.81410509923228
6.563,44.0125,43.81172368883165
6.564,44.016666666666666,43.80934251657209
6.565,44.02083333333334,43.80696158242972
6.566,44.025000000000006,43.80458088638079
6.567,44.02916666666667,43.80220042840148
6.5680000000000005,44.03333333333334,43.79982020846796
6.569,44.0375,43.79744022655643
6.57,44.04166666666667,43.795060482643066
6.571,44.045833333333334,43.792680976704105
6.572,44.050000000000004,43.79030170871573
6.573,44.054166666666674,43.78792267865418
6.574,44.05833333333334,43.785543886495645
6.575,44.0625,43.7831653322163
6.5760000000000005,44.06666666666668,43.780787015792384
6.577,44.07083333333334,43.77840893720008
6.578,44.075,43.776031096415636
6.579,44.079166666666666,43.77365349341528
6.58,44.083333333333336,43.77127612817526
6.581,44.087500000000006,43.76889900067175
6.582,44.09166666666667,43.766522110881
6.583,44.09583333333334,43.76414545877918
6.5840000000000005,44.10000000000001,43.7617690443426
6.585,44.10416666666667,43.75939286754743
6.586,44.108333333333334,43.75701692836998
6.587,44.1125,43.75464122678642
6.588,44.116666666666674,43.75226576277305
6.589,44.12083333333334,43.749890536306054
6.59,44.125,43.74751554736173
6.591,44.12916666666667,43.74514079591626
6.5920000000000005,44.13333333333334,43.74276628194593
6.593,44.1375,43.740392005427054
6.594,44.14166666666667,43.7380179663358
6.595,44.145833333333336,43.73564416464848
6.596,44.150000000000006,43.733270600341314
6.597,44.15416666666667,43.73089727339055
6.598,44.15833333333333,43.72852418377249
6.599,44.16250000000001,43.72615133146337
6.6000000000000005,44.16666666666667,43.72377871643948
6.601,44.170833333333334,43.72140633867713
6.602,44.175000000000004,43.71903419815254
6.603,44.17916666666667,43.716662294842024
6.604,44.18333333333334,43.71429062872181
6.605,44.1875,43.711919199768204
6.606,44.19166666666667,43.709548007957494
6.607,44.19583333333334,43.70717705326598
6.6080000000000005,44.2,43.7048063356699
6.609,44.204166666666666,43.70243585514561
6.61,44.20833333333334,43.700065611669345
6.611,44.212500000000006,43.69769560521746
6.612,44.21666666666667,43.6953258357662
6.613,44.22083333333334,43.69295630329191
6.614,44.225,43.69058700777083
6.615,44.22916666666667,43.68821794917932
6.6160000000000005,44.233333333333334,43.68584912749367
6.617,44.237500000000004,43.68348054269018
6.618,44.241666666666674,43.6811121947452
6.619,44.24583333333334,43.67874408363497
6.62,44.25,43.67637620933584
6.621,44.25416666666667,43.674008571824174
6.622,44.25833333333334,43.67164117107626
6.623,44.2625,43.669274007068395
6.6240000000000006,44.26666666666667,43.666907079776934
6.625,44.270833333333336,43.66454038917823
6.626,44.275000000000006,43.662173935248575
6.627,44.27916666666667,43.65980771796433
6.628,44.28333333333334,43.65744173730178
6.6290000000000004,44.28750000000001,43.65507599323729
6.63,44.29166666666667,43.65271048574721
6.631,44.295833333333334,43.650345214807885
6.632000000000001,44.300000000000004,43.64798018039568
6.633,44.304166666666674,43.64561538248688
6.634,44.30833333333334,43.643250821057904
6.635,44.3125,43.640886496085045
6.636,44.31666666666667,43.638522407544656
6.6370000000000005,44.32083333333334,43.63615855541315
6.638,44.325,43.63379493966687
6.639,44.329166666666666,43.631431560282124
6.640000000000001,44.33333333333334,43.62906841723532
6.641,44.337500000000006,43.62670551050286
6.642,44.34166666666667,43.62434284006105
6.643,44.34583333333333,43.62198040588629
6.644,44.35000000000001,43.61961820795494
6.6450000000000005,44.35416666666667,43.61725624624336
6.646,44.358333333333334,43.614894520727944
6.647,44.362500000000004,43.61253303138511
6.648000000000001,44.366666666666674,43.610171778191216
6.649,44.37083333333334,43.60781076112261
6.65,44.375,43.605449980155754
6.651,44.37916666666667,43.60308943526695
6.652,44.38333333333334,43.60072912643267
6.6530000000000005,44.3875,43.598369053629256
6.654,44.391666666666666,43.596009216833124
6.655,44.39583333333334,43.593649616020684
6.656000000000001,44.400000000000006,43.59129025116829
6.657,44.40416666666667,43.588931122252404
6.658,44.40833333333334,43.586572229249384
6.659,44.4125,43.584213572135695
6.66,44.41666666666667,43.58185515088769
6.6610000000000005,44.420833333333334,43.57949696548184
6.662,44.425000000000004,43.57713901589449
6.663,44.429166666666674,43.57478130210211
6.664,44.43333333333334,43.57242382408111
6.665,44.4375,43.57006658180791
6.666,44.44166666666667,43.56770957525896
6.667,44.44583333333334,43.56535280441068
6.668,44.45,43.56299626923948
6.6690000000000005,44.45416666666667,43.56063996972176
6.67,44.458333333333336,43.558283905834
6.671,44.462500000000006,43.55592807755261
6.672,44.46666666666667,43.553572484854044
6.673,44.47083333333333,43.55121712771478
6.674,44.47500000000001,43.54886200611122
6.675,44.47916666666667,43.54650712001984
6.676,44.483333333333334,43.54415246941704
6.6770000000000005,44.487500000000004,43.5417980542793
6.678,44.491666666666674,43.53944387458307
6.679,44.49583333333334,43.53708993030483
6.68,44.5,43.534736221420985
6.681,44.50416666666667,43.53238274790806
6.682,44.50833333333334,43.53002950974246
6.683,44.5125,43.52767650690072
6.684,44.516666666666666,43.52532373935924
6.6850000000000005,44.52083333333334,43.522971207094486
6.686,44.525000000000006,43.52061891008299
6.687,44.52916666666667,43.52742234748922
6.688,44.53333333333333,43.5342248809157
6.689,44.53750000000001,43.54102651049351
6.69,44.54166666666667,43.54782723635367
6.691,44.545833333333334,43.55462705862715
6.692,44.550000000000004,43.56142597744491
6.6930000000000005,44.554166666666674,43.568223992937874
6.694,44.55833333333334,43.575021105237
6.695,44.5625,43.5818173144732
6.696,44.56666666666667,43.588612620777326
6.697,44.57083333333334,43.595407024280235
6.698,44.575,43.60220052511278
6.699,44.579166666666666,43.60899312340575
6.7,44.583333333333336,43.615784819289956
6.7010000000000005,44.587500000000006,43.62257561289613
6.702,44.59166666666667,43.629365504355064
6.703,44.59583333333334,43.63615449379745
6.704,44.6,43.642942581353964
6.705,44.60416666666667,43.64972976715529
6.706,44.608333333333334,43.65651605133212
6.707,44.612500000000004,43.66330143401501
6.708,44.616666666666674,43.67008591533465
6.7090000000000005,44.62083333333334,43.676869495421556
6.71,44.625,43.68365217440635
6.711,44.62916666666667,43.69043395241954
6.712,44.63333333333334,43.697214829591644
6.713,44.6375,43.70399480605312
6.714,44.64166666666667,43.71077388193453
6.715,44.645833333333336,43.71755205736622
6.716,44.650000000000006,43.7243293324787
6.7170000000000005,44.65416666666667,43.73110570740238
6.718,44.65833333333333,43.737881182267586
6.719,44.66250000000001,43.744655757204725
6.72,44.66666666666667,43.75142943234408
6.721,44.670833333333334,43.758202207816
6.722,44.675000000000004,43.764974083750815
6.723,44.679166666666674,43.77174506027876
6.724,44.68333333333334,43.778515137530064
6.7250000000000005,44.68750000000001,43.78528431563501
6.726,44.69166666666667,43.792052594723714
6.727,44.69583333333334,43.79881997492646
6.728,44.7,43.80558645637336
6.729,44.704166666666666,43.812352039194536
6.73,44.70833333333334,43.8191167235201
6.731,44.712500000000006,43.82588050948016
6.732,44.71666666666667,43.83264339720478
6.7330000000000005,44.72083333333334,43.83940538682401
6.734,44.725,43.84616647846792
6.735,44.72916666666667,43.85292667226645
6.736,44.733333333333334,43.859685968349595
6.737,44.737500000000004,43.866444366847304
6.738,44.741666666666674,43.87320186788958
6.739,44.74583333333334,43.879958471606244
6.74,44.75,43.88671417812725
6.7410000000000005,44.75416666666668,43.89346898758242
6.742,44.75833333333334,43.90022290010165
6.743,44.7625,43.90697591581477
6.744,44.766666666666666,43.913728034851545
6.745,44.770833333333336,43.92047925734175
6.746,44.775000000000006,43.92722958341517
6.747,44.77916666666667,43.93397901320151
6.748,44.78333333333334,43.94072754683049
6.7490000000000006,44.78750000000001,43.94747518443182
6.75,44.79166666666667,43.95422192613512
6.751,44.795833333333334,43.96096777207009
6.752,44.8,43.96771272236634
6.753,44.804166666666674,43.97445677715348
6.7540000000000004,44.80833333333334,43.9811999365611
6.755,44.8125,43.98794220071869
6.756,44.81666666666667,43.994683569755864
6.757000000000001,44.82083333333334,44.0014240438021
6.758,44.825,44.0081636229869
6.759,44.82916666666667,44.014902307439684
6.76,44.833333333333336,44.021640097289946
6.761,44.837500000000006,44.02837699266712
6.7620000000000005,44.84166666666667,44.03511299370058
6.763,44.84583333333333,44.0418481005197
6.764,44.85000000000001,44.04858231325386
6.765000000000001,44.85416666666667,44.055315632032375
6.766,44.858333333333334,44.062048056984565
6.767,44.862500000000004,44.06877958823975
6.768,44.866666666666674,44.07551022592719
6.769,44.87083333333334,44.08223997017609
6.7700000000000005,44.875,44.088968821115714
6.771,44.87916666666667,44.09569677887521
6.772,44.88333333333334,44.102423843583836
6.773000000000001,44.8875,44.10915001537069
6.774,44.891666666666666,44.11587529436491
6.775,44.89583333333334,44.12259968069566
6.776,44.900000000000006,44.129323174492015
6.777,44.90416666666667,44.13604577588302
6.7780000000000005,44.90833333333334,44.142767484997705
6.779,44.9125,44.14948830196511
6.78,44.91666666666667,44.15620822691426
6.781000000000001,44.920833333333334,44.16292725997414
6.782,44.925000000000004,44.16964540127367
6.783,44.929166666666674,44.176362650941826
6.784,44.93333333333334,44.18307900910753
6.785,44.9375,44.189794475899646
6.7860000000000005,44.94166666666668,44.19650905144704
6.787,44.94583333333334,44.20322273587857
6.788,44.95,44.20993552932305
6.789,44.954166666666666,44.21664743190928
6.79,44.958333333333336,44.223358443766074
6.791,44.962500000000006,44.23006856502218
6.792,44.96666666666667,44.23677779580635
6.793,44.97083333333334,44.24348613624727
6.7940000000000005,44.97500000000001,44.25019358647364
6.795,44.97916666666667,44.25690014661416
6.796,44.983333333333334,44.26360581679745
6.797,44.9875,44.27031059715216
6.798,44.991666666666674,44.277014487806866
6.799,44.99583333333334,44.283717488890204
6.8,45.0,44.2904196005307
6.801,45.00416666666667,44.29712082285687
6.8020000000000005,45.00833333333334,44.30382115599724
6.803,45.0125,44.31052060008034
6.804,45.016666666666666,44.317219155234625
6.805,45.020833333333336,44.32391682158857
6.806,45.025000000000006,44.33061359927058
6.807,45.02916666666667,44.33730948840906
6.808,45.03333333333333,44.344004489132374
6.809,45.03750000000001,44.35069860156892
6.8100000000000005,45.04166666666667,44.35739182584706
6.811,45.045833333333334,44.36408416209508
6.812,45.050000000000004,44.370775610441285
6.813,45.05416666666667,44.37746617101391
6.814,45.05833333333334,44.3841558439413
6.815,45.0625,44.39084462935165
6.816,45.06666666666667,44.39753252737313
6.817,45.07083333333334,44.40421953813393
6.8180000000000005,45.075,44.410905661762285
6.819,45.079166666666666,44.417590898386266
6.82,45.08333333333334,44.42427524813405
6.821,45.087500000000006,44.43095871113371
6.822,45.09166666666667,44.437641287513316
6.823,45.09583333333334,44.44432297740093
6.824,45.1,44.45100378092462
6.825,45.10416666666667,44.45768369821235
6.8260000000000005,45.108333333333334,44.46436272939218
6.827,45.112500000000004,44.471040874592006
6.828,45.116666666666674,44.477718133939845
6.829,45.12083333333334,44.484394507563536
6.83,45.125,44.49106999559103
6.831,45.12916666666667,44.497744598150234
6.832,45.13333333333334,44.50441831536898
6.833,45.1375,44.51109114737511
6.8340000000000005,45.14166666666667,44.51776309429647
6.835,45.145833333333336,44.52443415626078
6.836,45.150000000000006,44.53110433339589
6.837,45.15416666666667,44.537773625829516
6.838,45.15833333333334,44.54444203368939
6.839,45.16250000000001,44.55110955710319
6.84,45.16666666666667,44.55777619619863
6.841,45.170833333333334,44.56444195110339
6.8420000000000005,45.175000000000004,44.57110682194508
6.843,45.179166666666674,44.57777080885137
6.844,45.18333333333334,44.584433911949816
6.845,45.1875,44.591096131367976
6.846,45.19166666666667,44.597757467233464
6.847,45.19583333333334,44.60441791967378
6.848,45.2,44.61107748881642
6.849,45.204166666666666,44.61773617478889
6.8500000000000005,45.20833333333334,44.62439397771868
6.851,45.212500000000006,44.63105089773319
6.852,45.21666666666667,44.63770693495985
6.853,45.22083333333333,44.64436208952611
6.854,45.22500000000001,44.6510163615593
6.855,45.22916666666667,44.6576697511868
6.856,45.233333333333334,44.66432225853595
6.857,45.237500000000004,44.670973883734064
6.8580000000000005,45.241666666666674,44.677624626908425
6.859,45.24583333333334,44.684274488186304
6.86,45.25,44.69092346769497
6.861,45.25416666666667,44.697571565561645
6.862,45.25833333333334,44.70421878191354
6.863,45.2625,44.71086511687781
6.864,45.266666666666666,44.71751057058168
6.865,45.270833333333336,44.724155143152245
6.8660000000000005,45.275000000000006,44.73079883471661
6.867,45.27916666666667,44.73744164540193
6.868,45.28333333333334,44.74408357533525
6.869,45.2875,44.750724624643624
6.87,45.29166666666667,44.75736479345409
6.871,45.295833333333334,44.76400408189363
6.872,45.300000000000004,44.770642490089244
6.873,45.304166666666674,44.777280018167914
6.8740000000000006,45.30833333333334,44.78391666625663
6.875,45.3125,44.790552434482265
6.876,45.31666666666667,44.79718732297175
6.877,45.32083333333334,44.80382133185191
6.878,45.325,44.81045446124966
6.8790000000000004,45.32916666666667,44.817086711291836
6.88,45.333333333333336,44.823718082105245
6.881,45.337500000000006,44.83034857381665
6.882000000000001,45.34166666666667,44.83697818655287
6.883,45.34583333333333,44.84360692044066
6.884,45.35000000000001,44.85023477560674
6.885,45.35416666666667,44.85686175217779
6.886,45.358333333333334,44.863487850280535
6.8870000000000005,45.362500000000004,44.87011307004161
6.888,45.366666666666674,44.87673741158767
6.889,45.37083333333334,44.883360875045355
6.890000000000001,45.37500000000001,44.88998346054126
6.891,45.37916666666667,44.896605168201916
6.892,45.38333333333334,44.90322599815397
6.893,45.3875,44.9098459505239
6.894,45.391666666666666,44.91646502543824
6.8950000000000005,45.39583333333334,44.92308322302347
6.896,45.400000000000006,44.92970054340606
6.897,45.40416666666667,44.93631698671243
6.898000000000001,45.40833333333334,44.942932553069056
6.899,45.41250000000001,44.949547242602364
6.9,45.41666666666667,44.95616105543871
6.901,45.420833333333334,44.962773991704466
6.902,45.425000000000004,44.96938605152593
6.9030000000000005,45.429166666666674,44.97599723502947
6.904,45.43333333333334,44.982607542341384
6.905,45.4375,44.98921697358793
6.906000000000001,45.44166666666668,44.99582552889541
6.907,45.44583333333334,45.002433208390016
6.908,45.45,45.00904001219794
6.909,45.454166666666666,45.01564594044544
6.91,45.458333333333336,45.02225099325864
6.9110000000000005,45.462500000000006,45.02885517076368
6.912,45.46666666666667,45.03545847308675
6.913,45.47083333333334,45.04206090035393
6.914,45.475,45.04866245269125
6.915,45.47916666666667,45.05526313022483
6.916,45.483333333333334,45.061862933080704
6.917,45.4875,45.06846186138489
6.918,45.491666666666674,45.07505991526335
6.9190000000000005,45.49583333333334,45.081657094842114
6.92,45.5,45.08825340024714
6.921,45.50416666666667,45.09484883160434
6.922,45.50833333333334,45.101443389039616
6.923,45.5125,45.10803707267888
6.924,45.51666666666667,45.11462988264799
6.925,45.520833333333336,45.12122181907279
6.926,45.525000000000006,45.12781288207913
6.9270000000000005,45.52916666666667,45.1344030717928
6.928,45.53333333333333,45.140992388339555
6.929,45.53750000000001,45.14758083184523
6.93,45.54166666666667,45.154168402435516
6.931,45.545833333333334,45.160755100236145
6.932,45.550000000000004,45.167340925372855
6.933,45.554166666666674,45.17392587797127
6.934,45.55833333333334,45.180509958157074
6.9350000000000005,45.5625,45.18709316605589
6.936,45.56666666666667,45.19367550179334
6.937,45.57083333333334,45.20025696549499
6.938,45.575,45.20683755728646
6.939,45.579166666666666,45.213417277293274
6.94,45.58333333333334,45.21999612564093
6.941,45.587500000000006,45.226574102455004
6.942,45.59166666666667,45.23315120786094
6.9430000000000005,45.59583333333334,45.2397274419842
6.944,45.6,45.24630280495023
6.945,45.60416666666667,45.252877296884435
6.946,45.608333333333334,45.25945091791226
6.947,45.612500000000004,45.26602366815905
6.948,45.616666666666674,45.2725955477502
6.949,45.62083333333334,45.27916655681099
6.95,45.625,45.28573669546677
6.9510000000000005,45.62916666666668,45.292305963842864
6.952,45.63333333333334,45.29887436206451
6.953,45.6375,45.305441890256986
6.954,45.641666666666666,45.312008548545464
6.955,45.645833333333336,45.318574337055225
6.956,45.650000000000006,45.32513925591138
6.957,45.65416666666667,45.33170330523916
6.958,45.65833333333334,45.33826648516367
6.9590000000000005,45.66250000000001,45.34482879581009
6.96,45.66666666666667,45.35139023730346
6.961,45.670833333333334,45.35795080976891
6.962,45.675,45.36451051333148
6.963,45.679166666666674,45.37106934811618
6.964,45.68333333333334,45.37762731424806
6.965,45.6875,45.38418441185212
6.966,45.69166666666667,45.390740641053355
6.9670000000000005,45.69583333333334,45.397296001976656
6.968,45.7,45.40385049474702
6.969,45.70416666666667,45.41040411948933
6.97,45.708333333333336,45.41695687632847
6.971,45.712500000000006,45.42350876538933
6.972,45.71666666666667,45.43005978679673
6.973,45.72083333333333,45.43660994067551
6.974,45.72500000000001,45.44315922715049
6.9750000000000005,45.72916666666667,45.449707646346496
6.976,45.733333333333334,45.45625519838819
6.977,45.737500000000004,45.4628018834004
6.978,45.74166666666667,45.46934770150784
6.979,45.74583333333334,45.47589265283517
6.98,45.75,45.4824367375071
6.981,45.75416666666667,45.48897995564823
6.982,45.75833333333334,45.49552230738328
6.9830000000000005,45.7625,45.50206379283685
6.984,45.766666666666666,45.50860441213348
6.985,45.77083333333334,45.51514416539777
6.986,45.775000000000006,45.52168305275427
6.987,45.77916666666667,45.528221074327575
6.988,45.78333333333334,45.53475823024212
6.989,45.7875,45.54129452062239
6.99,45.79166666666667,45.54782994559292
6.9910000000000005,45.795833333333334,45.5543645052781
6.992,45.800000000000004,45.56089819980235
6.993,45.804166666666674,45.567431029290105
6.994,45.80833333333334,45.573962993865734
6.995,45.8125,45.58049409365361
6.996,45.81666666666667,45.587024328778114
6.997,45.82083333333334,45.5935536993635
6.998,45.825,45.60008220553408
6.9990000000000006,45.82916666666667,45.60660984741418
7.0,45.833333333333336,45.61313662512799
7.001,45.837500000000006,45.61966253879979
7.002,45.84166666666667,45.62618758855382
7.003,45.84583333333334,45.632711774514235
7.0040000000000004,45.85000000000001,45.63923509680518
7.005,45.85416666666667,45.64575755555086
7.006,45.858333333333334,45.652279150875415
7.007000000000001,45.862500000000004,45.65879988290288
7.008,45.866666666666674,45.66531975175741
7.009,45.87083333333334,45.67183875756308
7.01,45.875,45.67835690044387
7.011,45.87916666666667,45.68487418052388
7.0120000000000005,45.88333333333334,45.69139059792707
7.013,45.8875,45.69790615277742
7.014,45.891666666666666,45.70442084519897
7.015000000000001,45.89583333333334,45.71093467531557
7.016,45.900000000000006,45.717447643251205
7.017,45.90416666666667,45.72395974912973
7.018,45.90833333333333,45.730470993075016
7.019,45.91250000000001,45.73698137521097
7.0200000000000005,45.91666666666667,45.74349089566141
7.021,45.920833333333334,45.74999955455013
7.022,45.925000000000004,45.756507352000995
7.023000000000001,45.929166666666674,45.7630142881377
7.024,45.93333333333334,45.76952036308404
7.025,45.9375,45.77602557696372
7.026,45.94166666666667,45.78252992990048
7.027,45.94583333333334,45.78903342201801
7.0280000000000005,45.95,45.795536053439946
7.029,45.954166666666666,45.80203782428998
7.03,45.95833333333334,45.80853873469175
7.031000000000001,45.962500000000006,45.81503878476883
7.032,45.96666666666667,45.8215379746448
7.033,45.97083333333334,45.82803630444323
7.034,45.975,45.83453377428765
7.035,45.97916666666667,45.84103038430163
7.0360000000000005,45.983333333333334,45.84752613460864
7.037,45.987500000000004,45.8540210253322
7.038,45.991666666666674,45.860515056595716
7.039000000000001,45.99583333333334,45.86700822852265
7.04,46.0,45.87350054123641
7.041,46.00416666666667,45.87999199486046
7.042,46.00833333333334,45.886482589518096
7.043,46.0125,45.89297232533272
7.0440000000000005,46.01666666666667,45.89946120242763
7.045,46.020833333333336,45.905949220926175
7.046,46.025000000000006,45.91243638095165
7.047,46.02916666666667,45.91892268262734
7.048,46.03333333333334,45.92540812607649
7.049,46.03750000000001,45.93189271142228
7.05,46.04166666666667,45.938376438788
7.051,46.045833333333334,45.94485930829677
7.0520000000000005,46.050000000000004,45.951341320071776
7.053,46.054166666666674,45.957822474236195
7.054,46.05833333333334,45.96430277091315
7.055,46.0625,45.970782210225764
7.056,46.06666666666667,45.9772607922971
7.057,46.07083333333334,45.983738517250174
7.058,46.075,45.9902153852081
7.059,46.079166666666666,45.9966913962939
7.0600000000000005,46.08333333333334,46.00316655063057
7.061,46.087500000000006,46.009640848341064
7.062,46.09166666666667,46.01611428954834
7.063,46.09583333333333,46.02258687437535
7.064,46.10000000000001,46.02905860294504
7.065,46.10416666666667,46.035529475380315
7.066,46.108333333333334,46.041999491804006
7.067,46.112500000000004,46.04846865233901
7.0680000000000005,46.116666666666674,46.05493695710817
7.069,46.12083333333334,46.06140440623426
7.07,46.125,46.067870999840125
7.071,46.12916666666667,46.07433673804849
7.072,46.13333333333334,46.08080162098213
7.073,46.1375,46.087265648763776
7.074,46.141666666666666,46.09372882151615
7.075,46.145833333333336,46.10019113936198
7.0760000000000005,46.150000000000006,46.10665260242388
7.077,46.15416666666667,46.11311321082451
7.078,46.15833333333334,46.11957296468648
7.079,46.1625,46.12603186413247
7.08,46.16666666666667,46.13248990928503
7.081,46.170833333333334,46.138947100266705
7.082,46.175000000000004,46.14540343720006
7.083,46.179166666666674,46.151858920207644
7.0840000000000005,46.18333333333334,46.15831354941196
7.085,46.1875,46.16476732493544
7.086,46.19166666666667,46.17122024690059
7.087,46.19583333333334,46.177672315429845
7.088,46.2,46.18412353064565
7.089,46.20416666666667,46.190573892670386
7.09,46.208333333333336,46.19702340162644
7.091,46.212500000000006,46.20347205763619
7.0920000000000005,46.21666666666667,46.20991986082197
7.093,46.22083333333333,46.2163668113061
7.094,46.22500000000001,46.22281290921086
7.095,46.22916666666667,46.22925815465851
7.096,46.233333333333334,46.23570254777138
7.097,46.237500000000004,46.24214608867169
7.098,46.241666666666674,46.24858877748159
7.099,46.24583333333334,46.255030614323346
7.1000000000000005,46.25000000000001,46.26147159931912
7.101,46.25416666666667,46.26791173259102
7.102,46.25833333333334,46.27435101426124
7.103,46.2625,46.2807894444519
7.104,46.266666666666666,46.28722702328503
7.105,46.27083333333334,46.29366375088273
7.106,46.275000000000006,46.3000996273671
7.107,46.27916666666667,46.30653465286014
7.1080000000000005,46.28333333333334,46.312968827483814
7.109,46.28750000000001,46.31940215136018
7.11,46.29166666666667,46.32583462461116
7.111,46.295833333333334,46.332266247358746
7.112,46.300000000000004,46.33869701972486
7.113,46.304166666666674,46.34512694183138
7.114,46.30833333333334,46.351556013800234
7.115,46.3125,46.35798423575329
7.1160000000000005,46.31666666666668,46.36441160781237
7.117,46.32083333333334,46.37083813009929
7.118,46.325,46.377263802735854
7.119,46.329166666666666,46.38368862584389
7.12,46.333333333333336,46.39011259954515
7.121,46.337500000000006,46.396535723961335
7.122,46.34166666666667,46.40295799921421
7.123,46.34583333333334,46.40937942542547
7.1240000000000006,46.35000000000001,46.41580000271682
7.125,46.35416666666667,46.42221973120991
7.126,46.358333333333334,46.42863861102637
7.127,46.3625,46.43505664228786
7.128,46.366666666666674,46.44147382511591
7.1290000000000004,46.37083333333334,46.44789015963215
7.13,46.375,46.45430564595813
7.131,46.37916666666667,46.46072028421543
7.132000000000001,46.38333333333334,46.46713407452552
7.133,46.3875,46.47354701700988
7.134,46.39166666666667,46.47995911179004
7.135,46.395833333333336,46.486370358987415
7.136,46.400000000000006,46.492780758723484
7.1370000000000005,46.40416666666667,46.49919031111966
7.138,46.40833333333333,46.50559901629731
7.139,46.41250000000001,46.512006874377846
7.140000000000001,46.41666666666667,46.51841388548257
7.141,46.420833333333334,46.52482004973285
7.142,46.425000000000004,46.531225367250045
7.143,46.429166666666674,46.5376298381554
7.144,46.43333333333334,46.54403346257021
7.1450000000000005,46.4375,46.55043624061568
7.146,46.44166666666667,46.55683817241311
7.147,46.44583333333334,46.563239258083684
7.148000000000001,46.45,46.5696394977486
7.149,46.454166666666666,46.57603889152904
7.15,46.45833333333334,46.58243743954614
7.151,46.462500000000006,46.58883514192104
7.152,46.46666666666667,46.595231998774864
7.1530000000000005,46.47083333333334,46.601628010228694
7.154,46.475,46.60802317640355
7.155,46.47916666666667,46.61441749742056
7.156000000000001,46.483333333333334,46.620810973400694
7.157,46.487500000000004,46.62720360446502
7.158,46.491666666666674,46.63359539073451
7.159,46.49583333333334,46.63998633233007
7.16,46.5,46.64637642937271
7.1610000000000005,46.50416666666668,46.65276568198334
7.162,46.50833333333334,46.659154090282925
7.163,46.5125,46.665541654392314
7.164000000000001,46.51666666666667,46.671928374432355
7.165,46.520833333333336,46.6783142505239
7.166,46.525000000000006,46.68469928278779
7.167,46.52916666666667,46.691083471344825
7.168,46.53333333333334,46.697466816315796
7.1690000000000005,46.53750000000001,46.70384931782144
7.17,46.54166666666667,46.71023097598254
7.171,46.545833333333334,46.71661179091984
7.172,46.55,46.72299176275396
7.173,46.554166666666674,46.7293708916057
7.174,46.55833333333334,46.735749177595665
7.175,46.5625,46.74212662084449
7.176,46.56666666666667,46.74850322147279
7.1770000000000005,46.57083333333334,46.75487897960119
7.178,46.575,46.76125389535025
7.179,46.57916666666667,46.7676279688406
7.18,46.583333333333336,46.77400120019274
7.181,46.587500000000006,46.78037358952719
7.182,46.59166666666667,46.78674513696444
7.183,46.59583333333333,46.793115842625014
7.184,46.60000000000001,46.799485706629355
7.1850000000000005,46.60416666666667,46.805854729097916
7.186,46.608333333333334,46.81222291015109
7.187,46.612500000000004,46.81859024990928
7.188,46.61666666666667,46.824956748492866
7.189,46.62083333333334,46.83132240602225
7.19,46.625,46.837687222617774
7.191,46.62916666666667,46.84405119839971
7.192,46.63333333333334,46.8504143334884
7.1930000000000005,46.6375,46.85677662800413
7.194,46.641666666666666,46.86313808206711
7.195,46.64583333333334,46.86949869579763
7.196,46.650000000000006,46.87585846931586
7.197,46.65416666666667,46.88221740274207
7.198,46.65833333333334,46.88857549619638
7.199,46.6625,46.89493274979901
7.2,46.66666666666667,46.901289163670015
7.2010000000000005,46.670833333333334,46.907644737929616
7.202,46.675000000000004,46.91399947269781
7.203,46.679166666666674,46.920353368094766
7.204,46.68333333333334,46.92670642424048
7.205,46.6875,46.933058641255
7.206,46.69166666666667,46.93941001925839
7.207,46.69583333333334,46.94576055837058
7.208,46.7,46.95211025871163
7.2090000000000005,46.70416666666667,46.95845912040147
7.21,46.708333333333336,46.964807143559995
7.211,46.712500000000006,46.971154328307136
7.212,46.71666666666667,46.97750067476284
7.213,46.72083333333334,46.98384618304692
7.214,46.72500000000001,46.99019085327933
7.215,46.72916666666667,46.99653468557983
7.216,46.733333333333334,47.00287768006825
7.2170000000000005,46.737500000000004,47.00921983686442
7.218,46.741666666666674,47.01556115608804
7.219,46.74583333333334,47.021901637858946
7.22,46.75,47.02824128229685
7.221,46.75416666666667,47.034580089521455
7.222,46.75833333333334,47.04091805965248
7.223,46.7625,47.04725519280959
7.224,46.766666666666666,47.05359148911248
7.2250000000000005,46.77083333333334,47.059926948680754
7.226,46.775000000000006,47.066261571634016
7.227,46.77916666666667,47.07259535809186
7.228,46.78333333333333,47.078928308173886
7.229,46.78750000000001,47.08526042199969
7.23,46.79166666666667,47.09159169968876
7.231,46.795833333333334,47.09792214136064
7.232,46.800000000000004,47.10425174713481
7.2330000000000005,46.804166666666674,47.11058051713076
7.234,46.80833333333334,47.11690845146791
7.235,46.8125,47.12323555026575
7.236,46.81666666666667,47.12956181364365
7.237,46.82083333333334,47.135887241721036
7.238,46.825,47.142211834617285
7.239,46.829166666666666,47.14853559245171
7.24,46.83333333333334,47.15485851534373
7.2410000000000005,46.837500000000006,47.16118060341262
7.242,46.84166666666667,47.167501856777676
7.243,46.84583333333334,47.173822275558166
7.244,46.85,47.180141859873345
7.245,46.85416666666667,47.18646060984247
7.246,46.858333333333334,47.1927785255848
7.247,46.862500000000004,47.199095607219476
7.248,46.866666666666674,47.2054118548657
7.2490000000000006,46.87083333333334,47.21172726864262
7.25,46.875,47.21804184866937
7.251,46.87916666666667,47.22435559506505
7.252,46.88333333333334,47.23066850794879
7.253,46.8875,47.23698058743963
7.2540000000000004,46.89166666666667,47.24329183365671
7.255,46.895833333333336,47.24960224671901
7.256,46.900000000000006,47.255911826745546
7.257000000000001,46.90416666666667,47.2622205738553
7.258,46.90833333333333,47.268528488167306
7.259,46.91250000000001,47.27483556980047
7.26,46.91666666666667,47.28114181887378
7.261,46.920833333333334,47.287447235506136
7.2620000000000005,46.925000000000004,47.29375181981641
7.263,46.929166666666674,47.30005557192351
7.264,46.93333333333334,47.3063584919463
7.265000000000001,46.93750000000001,47.31266058000364
7.266,46.94166666666667,47.31896183621427
7.267,46.94583333333334,47.32526226069706
7.268,46.95,47.33156185357075
7.269,46.954166666666666,47.33786061495414
7.2700000000000005,46.95833333333334,47.34415854496598
7.271,46.962500000000006,47.350455643724956
7.272,46.96666666666667,47.35675191134976
7.273000000000001,46.97083333333334,47.36304734795908
7.274,46.97500000000001,47.36934195367161
7.275,46.97916666666667,47.37563572860597
7.276,46.983333333333334,47.381928672880804
7.277,46.987500000000004,47.38822078661468
7.2780000000000005,46.991666666666674,47.39451206992618
7.279,46.99583333333334,47.40080252293387
7.28,47.0,47.40709214575634
7.281000000000001,47.00416666666668,47.413380938512034
7.282,47.00833333333334,47.41966890131948
7.283,47.0125,47.4259560342972
7.284,47.016666666666666,47.43224233756365
7.285,47.020833333333336,47.438527811237236
7.2860000000000005,47.025000000000006,47.44481245543642
7.287,47.02916666666667,47.451096270279606
7.288,47.03333333333334,47.457379255885144
7.289000000000001,47.03750000000001,47.46366141237144
7.29,47.04166666666667,47.469942739856776
7.291,47.045833333333334,47.47622323845951
7.292,47.050000000000004,47.48250290829799
7.293,47.054166666666674,47.48878174949044
7.2940000000000005,47.05833333333334,47.495059762155165
7.295,47.0625,47.50133694641039
7.296,47.06666666666667,47.50761330237435
7.297,47.07083333333334,47.51388883016523
7.298,47.075,47.520163529901254
7.299,47.07916666666667,47.526437401700605
7.3,47.083333333333336,47.532710445681346
7.301,47.087500000000006,47.53898266196171
7.3020000000000005,47.09166666666667,47.54525405065971
7.303,47.09583333333333,47.55152461189351
7.304,47.10000000000001,47.55779434578113
7.305,47.10416666666667,47.56406325244063
7.306,47.108333333333334,47.570331331990076
7.307,47.112500000000004,47.57659858454741
7.308,47.116666666666674,47.58286501023065
7.309,47.12083333333334,47.58913060915779
7.3100000000000005,47.12500000000001,47.59539538144679
7.311,47.12916666666667,47.60165932721554
7.312,47.13333333333334,47.607922446581995
7.313,47.1375,47.61418473966398
7.314,47.141666666666666,47.6204462065794
7.315,47.14583333333334,47.626706847446144
7.316,47.150000000000006,47.63296666238199
7.317,47.15416666666667,47.63922565150477
7.3180000000000005,47.15833333333334,47.645483814932334
7.319,47.1625,47.65174115278239
7.32,47.16666666666667,47.65799766517267
7.321,47.170833333333334,47.66425335222095
7.322,47.175000000000004,47.67050821404496
7.323,47.179166666666674,47.67676225076241
7.324,47.18333333333334,47.683015462490914
7.325,47.1875,47.68926784934814
7.3260000000000005,47.19166666666668,47.695519411451755
7.327,47.19583333333334,47.701770148919366
7.328,47.2,47.70802006186858
7.329,47.204166666666666,47.71426915041695
7.33,47.208333333333336,47.720517414682035
7.331,47.212500000000006,47.72676485478138
7.332,47.21666666666667,47.73301147083254
7.333,47.22083333333334,47.73925726295295
7.3340000000000005,47.22500000000001,47.74550223126016
7.335,47.22916666666667,47.75174637587156
7.336,47.233333333333334,47.757989696904644
7.337,47.2375,47.76423219447679
7.338,47.241666666666674,47.77047386870544
7.339,47.24583333333334,47.77671471970797
7.34,47.25,47.78295474760171
7.341,47.25416666666667,47.789193952504036
7.3420000000000005,47.25833333333334,47.79543233453228
7.343,47.2625,47.801669893803705
7.344,47.26666666666667,47.80790663043564
7.345,47.270833333333336,47.81414254454529
7.346,47.275000000000006,47.82037763624999
7.347,47.27916666666667,47.82661190566688
7.348,47.28333333333333,47.83284535291318
7.349,47.28750000000001,47.83907797810616
7.3500000000000005,47.29166666666667,47.845309781362914
7.351,47.295833333333334,47.851540762800596
7.352,47.300000000000004,47.857770922536304
7.353,47.304166666666674,47.86400026068719
7.354,47.30833333333334,47.87022877737036
7.355,47.3125,47.87645647270284
7.356,47.31666666666667,47.88268334680174
7.357,47.32083333333334,47.88890939978404
7.3580000000000005,47.325,47.89513463176678
7.359,47.329166666666666,47.901359042866886
7.36,47.33333333333334,47.9075826332014
7.361,47.337500000000006,47.91380540288725
7.362,47.34166666666667,47.92002735204136
7.363,47.34583333333334,47.92624848078066
7.364,47.35,47.93246878922207
7.365,47.35416666666667,47.93868827748247
7.3660000000000005,47.358333333333334,47.94490694567867
7.367,47.362500000000004,47.95112479392748
7.368,47.366666666666674,47.95734182234577
7.369,47.37083333333334,47.963558031050354
7.37,47.375,47.96977342015799
7.371,47.37916666666668,47.97598798978544
7.372,47.38333333333334,47.98220174004939
7.373,47.3875,47.98841467106661
7.3740000000000006,47.39166666666667,47.99462678295379
7.375,47.395833333333336,48.00083807582763
7.376,47.400000000000006,48.00704854980478
7.377,47.40416666666667,48.013258205001875
7.378,47.40833333333334,48.01946704153556
7.3790000000000004,47.41250000000001,48.02567505952243
7.38,47.41666666666667,48.031882259079055
7.381,47.420833333333334,48.03808864032203
7.382000000000001,47.425000000000004,48.04429420336788
7.383,47.429166666666674,48.050498948333086
7.384,47.43333333333334,48.056702875334224
7.385,47.4375,48.06290598448777
7.386,47.44166666666667,48.069108275910196
7.3870000000000005,47.44583333333334,48.07530974971792
7.388,47.45,48.08151040602735
7.389,47.454166666666666,48.08771024495496
7.390000000000001,47.45833333333334,48.09390926661712
7.391,47.462500000000006,48.10010747113017
7.392,47.46666666666667,48.106304858610486
7.393,47.47083333333333,48.112501429174415
7.394,47.47500000000001,48.11869718293826
7.3950000000000005,47.47916666666667,48.12489212001833
7.396,47.483333333333334,48.13108624053086
7.397,47.487500000000004,48.13727954459216
7.398000000000001,47.491666666666674,48.143472032318414
7.399,47.49583333333334,48.149663703825865
7.4,47.5,48.155854559230704
7.401,47.50416666666667,48.16204459864912
7.402,47.50833333333334,48.16823382219724
7.4030000000000005,47.5125,48.17442222999125
7.404,47.516666666666666,48.18060982214723
7.405,47.52083333333334,48.186796598781314
7.406000000000001,47.525000000000006,48.19298256000957
7.407,47.52916666666667,48.19916770594807
7.408,47.53333333333334,48.20535203671284
7.409,47.5375,48.21153555241989
7.41,47.54166666666667,48.21771825318524
7.4110000000000005,47.545833333333334,48.22390013912491
7.412,47.550000000000004,48.230081210354854
7.413,47.554166666666674,48.23626146699098
7.414000000000001,47.55833333333334,48.24244090914925
7.415,47.5625,48.24861953694557
7.416,47.56666666666667,48.254797350495835
7.417,47.57083333333334,48.2609743499159
7.418,47.575,48.267150535321605
7.4190000000000005,47.57916666666667,48.2733259068288
7.42,47.583333333333336,48.27950046455334
7.421,47.587500000000006,48.28567420861094
7.422000000000001,47.59166666666667,48.29184713911741
7.423,47.59583333333334,48.298019256188525
7.424,47.60000000000001,48.30419055993997
7.425,47.60416666666667,48.31036105048753
7.426,47.608333333333334,48.31653072794683
7.4270000000000005,47.612500000000004,48.322699592433594
7.428,47.616666666666674,48.32886764406351
7.429,47.62083333333334,48.33503488295213
7.43,47.625,48.34120130921514
7.431,47.62916666666667,48.34736692296815
7.432,47.63333333333334,48.35353172432673
7.433,47.6375,48.35969571340638
7.434,47.641666666666666,48.36585889032273
7.4350000000000005,47.64583333333334,48.37202125519127
7.436,47.650000000000006,48.37818280812752
7.437,47.65416666666667,48.38434354924698
7.438,47.65833333333333,48.39050347866504
7.439,47.66250000000001,48.39666259649721
7.44,47.66666666666667,48.402820902858934
7.441,47.670833333333334,48.40897839786561
7.442,47.675000000000004,48.41513508163263
7.4430000000000005,47.679166666666674,48.42129095427532
7.444,47.68333333333334,48.427446015909084
7.445,47.6875,48.43360026664925
7.446,47.69166666666667,48.4397537066111
7.447,47.69583333333334,48.44590633590997
7.448,47.7,48.45205815466113
7.449,47.704166666666666,48.45820916297981
7.45,47.708333333333336,48.46435936098129
7.4510000000000005,47.712500000000006,48.47050874878079
7.452,47.71666666666667,48.476657326493466
7.453,47.72083333333334,48.48280509423449
7.454,47.725,48.48895205211909
7.455,47.72916666666667,48.49509820026236
7.456,47.733333333333334,48.50124353877942
7.457,47.737500000000004,48.50738806778543
7.458,47.741666666666674,48.513531787395436
7.4590000000000005,47.74583333333334,48.5196746977245
7.46,47.75,48.52581679888766
7.461,47.75416666666667,48.53195809099998
7.462,47.75833333333334,48.538098574176445
7.463,47.7625,48.544238248532054
7.464,47.76666666666667,48.5503771141818
7.465,47.770833333333336,48.55651517124062
7.466,47.775000000000006,48.56265241982345
7.4670000000000005,47.77916666666667,48.568788860045174
7.468,47.78333333333333,48.57492449202073
7.469,47.78750000000001,48.581059315864934
7.47,47.79166666666667,48.587193331692674
7.471,47.795833333333334,48.59332653961883
7.472,47.800000000000004,48.59945893975822
7.473,47.804166666666674,48.60559053222556
7.474,47.80833333333334,48.61172131713573
7.4750000000000005,47.81250000000001,48.61785129460344
7.476,47.81666666666667,48.623980464743454
7.477,47.82083333333334,48.63010882767048
7.478,47.825,48.63623638349924
7.479,47.829166666666666,48.64236313234437
7.48,47.83333333333334,48.648489074320594
7.481,47.837500000000006,48.65461420954256
7.482,47.84166666666667,48.66073853812486
7.4830000000000005,47.84583333333334,48.666862060182154
7.484,47.85000000000001,48.67298477582898
7.485,47.85416666666667,48.67910668517999
7.486,47.858333333333334,48.685227788349664
7.487,47.862500000000004,48.691348085452546
7.488,47.866666666666674,48.697467576603174
7.489,47.87083333333334,48.70358626191603
7.49,47.875,48.709704141505654
7.4910000000000005,47.87916666666668,48.715821215486415
7.492,47.88333333333334,48.721937483972795
7.493,47.8875,48.72805294707922
7.494,47.891666666666666,48.73416760492012
7.495,47.895833333333336,48.7402814576098
7.496,47.900000000000006,48.746394505262685
7.497,47.90416666666667,48.752506747993095
7.498,47.90833333333334,48.758618185915395
7.4990000000000006,47.91250000000001,48.76472881914384
7.5,47.91666666666667,48.77083864779274
7.501,47.920833333333334,48.776947671976416
7.502,47.925000000000004,48.783055891809056
7.503,47.929166666666674,48.78916330740492
7.5040000000000004,47.93333333333334,48.795269918878205
7.505,47.9375,48.80137572634311
7.506,47.94166666666667,48.807480729913834
7.507000000000001,47.94583333333334,48.81358492970452
7.508,47.95,48.819688325829304
7.509,47.95416666666667,48.82579091840228
7.51,47.958333333333336,48.83189270753758
7.511,47.962500000000006,48.83799369334929
7.5120000000000005,47.96666666666667,48.844093875951444
7.513,47.97083333333333,48.85019325545812
7.514,47.97500000000001,48.856291831983356
7.515000000000001,47.97916666666667,48.86238960564111
7.516,47.983333333333334,48.868486576545365
7.517,47.987500000000004,48.87458274481014
7.518,47.991666666666674,48.880678110549354
7.519,47.99583333333334,48.886772673876976
7.5200000000000005,48.00000000000001,48.892866434906864
7.521,48.00416666666667,48.89895939375293
7.522,48.00833333333334,48.90505155052904
7.523000000000001,48.0125,48.911142905349095
7.524,48.016666666666666,48.917233458326905
7.525,48.02083333333334,48.92332320957627
7.526,48.025000000000006,48.92941215921098
7.527,48.02916666666667,48.93550030734485
7.5280000000000005,48.03333333333334,48.94158765409168
7.529,48.0375,48.94767419956514
7.53,48.04166666666667,48.95375994387899
7.531000000000001,48.045833333333334,48.959844887146915
7.532,48.050000000000004,48.96592902948265
7.533,48.054166666666674,48.972012370999835
7.534,48.05833333333334,48.97809491181209
7.535,48.0625,48.98417665203306
7.5360000000000005,48.06666666666668,48.99025759177641
7.537,48.07083333333334,48.99633773115568
7.538,48.075,49.00241707028442
7.539000000000001,48.07916666666667,49.00849560927628
7.54,48.083333333333336,49.01457334824471
7.541,48.087500000000006,49.02065028730328
7.542,48.09166666666667,49.02672642656546
7.543,48.09583333333334,49.03280176614476
7.5440000000000005,48.10000000000001,49.03887630615458
7.545,48.10416666666667,49.044950046708436
7.546,48.108333333333334,49.05102298791974
7.547000000000001,48.112500000000004,49.057095129901825
7.548,48.116666666666674,49.06316647276816
7.549,48.12083333333334,49.06923701663209
7.55,48.125,49.07530676160695
7.551,48.12916666666667,49.0813757078061
7.5520000000000005,48.13333333333334,49.087443855342826
7.553,48.1375,49.09351120433047
7.554,48.14166666666667,49.09957775488226
7.555,48.145833333333336,49.105643507111495
7.556,48.150000000000006,49.11170846113134
7.557,48.15416666666667,49.117772617055095
7.558,48.15833333333333,49.12383597499593
7.559,48.16250000000001,49.129898535067014
7.5600000000000005,48.16666666666667,49.13596029738153
7.561,48.170833333333334,49.142021262052594
7.562,48.175000000000004,49.14808142919338
7.563,48.179166666666674,49.154140798916956
7.564,48.18333333333334,49.16019937133643
7.565,48.1875,49.166257146564874
7.566,48.19166666666667,49.172314124715285
7.567,48.19583333333334,49.178370305900785
7.5680000000000005,48.2,49.18442569023432
7.569,48.204166666666666,49.1904802778289
7.57,48.20833333333334,49.19653406879752
7.571,48.212500000000006,49.202587063253134
7.572,48.21666666666667,49.20863926130869
7.573,48.22083333333334,49.214690663077135
7.574,48.225,49.220741268671304
7.575,48.22916666666667,49.226791078204144
7.5760000000000005,48.233333333333334,49.23284009178849
7.577,48.237500000000004,49.238888309537174
7.578,48.241666666666674,49.23596442081765
7.579,48.24583333333334,49.233040824487034
7.58,48.25,49.230117520516046
7.581,48.25416666666668,49.227194508875414
7.582,48.25833333333334,49.224271789535976
7.583,48.2625,49.22134936246846
7.5840000000000005,48.26666666666667,49.218427227643645
7.585,48.270833333333336,49.215505385032316
7.586,48.275000000000006,49.212583834605255
7.587,48.27916666666667,49.209662576333244
7.588,48.28333333333334,49.206741610187066
7.589,48.28750000000001,49.20382093613745
7.59,48.29166666666667,49.20090055415528
7.591,48.295833333333334,49.1979804642113
7.5920000000000005,48.300000000000004,49.19506066627628
7.593,48.304166666666674,49.19214116032106
7.594,48.30833333333334,49.18922194631642
7.595,48.3125,49.18630302423321
7.596,48.31666666666667,49.18338439404221
7.597,48.32083333333334,49.18046605571425
7.598,48.325,49.17754800922012
7.599,48.329166666666666,49.1746302545306
7.6000000000000005,48.33333333333334,49.171712791616585
7.601,48.337500000000006,49.16879562044886
7.602,48.34166666666667,49.16587874099821
7.603,48.34583333333333,49.162962153235526
7.604,48.35000000000001,49.16004585713159
7.605,48.35416666666667,49.157129852657306
7.606,48.358333333333334,49.15421413978345
7.607,48.362500000000004,49.15129871848086
7.6080000000000005,48.366666666666674,49.148383588720435
7.609,48.37083333333334,49.14546875047296
7.61,48.375,49.142554203709324
7.611,48.37916666666667,49.13963994840037
7.612,48.38333333333334,49.13672598451694
7.613,48.3875,49.133812312029875
7.614,48.391666666666666,49.130898930910064
7.615,48.39583333333334,49.12798584112835
7.6160000000000005,48.400000000000006,49.12507304265563
7.617,48.40416666666667,49.12216053546274
7.618,48.40833333333334,49.11924831952058
7.619,48.4125,49.116336394800044
7.62,48.41666666666667,49.11342476127197
7.621,48.420833333333334,49.11051341890726
7.622,48.425000000000004,49.10760236767675
7.623,48.429166666666674,49.10469160755139
7.6240000000000006,48.43333333333334,49.10178113850202
7.625,48.4375,49.09887096049954
7.626,48.44166666666667,49.0959610735149
7.627,48.44583333333334,49.09305147751894
7.628,48.45,49.09014217248256
7.6290000000000004,48.45416666666667,49.087233158376705
7.63,48.458333333333336,49.08432443517228
7.631,48.462500000000006,49.081416002840115
7.632000000000001,48.46666666666667,49.07850786135123
7.633,48.47083333333334,49.07560001067645
7.634,48.47500000000001,49.07269245078675
7.635,48.47916666666667,49.06978518165306
7.636,48.483333333333334,49.06687820324629
7.6370000000000005,48.487500000000004,49.06397151553733
7.638,48.491666666666674,49.06106511849714
7.639,48.49583333333334,49.05815901209667
7.640000000000001,48.50000000000001,49.05525319630681
7.641,48.50416666666667,49.05234767109857
7.642,48.50833333333334,49.0494424364428
7.643,48.5125,49.046537492310506
7.644,48.516666666666666,49.043632838672636
7.6450000000000005,48.52083333333334,49.040728475500146
7.646,48.525000000000006,49.03782440276399
7.647,48.52916666666667,49.03492062043506
7.648000000000001,48.53333333333334,49.03201712848437
7.649,48.53750000000001,49.02911392688287
7.65,48.54166666666667,49.02621101560152
7.651,48.545833333333334,49.02330839461132
7.652,48.550000000000004,49.02040606388323
7.6530000000000005,48.554166666666674,49.0175040233882
7.654,48.55833333333334,49.01460227309724
7.655,48.5625,49.0117008129813
7.656000000000001,48.56666666666668,49.00879964301134
7.657,48.57083333333334,49.00589876315837
7.658,48.575,49.002998173393394
7.659,48.579166666666666,49.00009787368742
7.66,48.583333333333336,48.99719786401141
7.6610000000000005,48.587500000000006,48.99429814433637
7.662,48.59166666666667,48.991398714633306
7.663,48.59583333333334,48.988499574873174
7.664000000000001,48.60000000000001,48.98560072502704
7.665,48.60416666666667,48.98270216506586
7.666,48.608333333333334,48.979803894960696
7.667,48.612500000000004,48.97690591468256
7.668,48.616666666666674,48.97400822420241
7.6690000000000005,48.62083333333334,48.9711108234913
7.67,48.625,48.96821371252031
7.671,48.62916666666667,48.965316891260386
7.672000000000001,48.63333333333334,48.962420359682596
7.673,48.6375,48.95952411775795
7.674,48.64166666666667,48.956628165457516
7.675,48.645833333333336,48.9537325027523
7.676,48.650000000000006,48.950837129613376
7.6770000000000005,48.65416666666667,48.94794204601175
7.678,48.65833333333333,48.94504725191848
7.679,48.66250000000001,48.94215274730459
7.68,48.66666666666667,48.939258532141196
7.681,48.670833333333334,48.93636460639931
7.682,48.67500000000001,48.933470970049996
7.683,48.679166666666674,48.93057762306432
7.684,48.68333333333334,48.92768456541336
7.6850000000000005,48.6875,48.92479179706811
7.686,48.69166666666666,48.9218993179997
7.687,48.69583333333334,48.9190071281792
7.688,48.7,48.91611522757768
7.689,48.704166666666666,48.91322361616625
7.69,48.70833333333334,48.91033229391593
7.691,48.712500000000006,48.90744126079784
7.692,48.71666666666667,48.90455051678305
7.6930000000000005,48.720833333333346,48.901660061842676
7.694,48.72500000000001,48.898769895947794
7.695,48.72916666666667,48.89588001906952
7.696,48.733333333333334,48.89299043117893
7.697,48.7375,48.89010113224714
7.698,48.741666666666674,48.88721212224522
7.699,48.74583333333334,48.884323401144286
7.7,48.75,48.88143496891547
7.7010000000000005,48.75416666666668,48.878546825529895
7.702,48.75833333333334,48.875658970958625
7.703,48.7625,48.87277140517284
7.704,48.766666666666666,48.86988412814361
7.705,48.77083333333334,48.86699713984211
7.706,48.775000000000006,48.864110440239415
7.707,48.77916666666667,48.8612240293067
7.708,48.78333333333333,48.858337907015084
7.7090000000000005,48.78750000000001,48.8554520733357
7.71,48.79166666666667,48.85256652823966
7.711,48.795833333333334,48.8496812716981
7.712,48.8,48.8467963036822
7.713,48.804166666666674,48.84391162416313
7.714,48.80833333333334,48.841027233112015
7.715,48.8125,48.83814313049999
7.716,48.81666666666668,48.83525931629822
7.7170000000000005,48.82083333333334,48.8323757904779
7.718,48.825,48.82949255301014
7.719,48.829166666666666,48.82660960386613
7.72,48.83333333333334,48.82372694301705
7.721,48.837500000000006,48.82084457043402
7.722,48.84166666666667,48.81796248608828
7.723,48.84583333333333,48.815080689950946
7.724,48.85000000000001,48.81219918199321
7.7250000000000005,48.85416666666667,48.8093179621863
7.726,48.858333333333334,48.80643703050134
7.727,48.86250000000001,48.80355638690958
7.728,48.866666666666674,48.80067603138218
7.729,48.87083333333334,48.79779596389034
7.73,48.875,48.794916184405224
7.731,48.87916666666666,48.79203669289808
7.732,48.88333333333334,48.78915748934003
7.7330000000000005,48.8875,48.78627857370236
7.734,48.891666666666666,48.78339994595626
7.735,48.89583333333334,48.78052160607291
7.736,48.900000000000006,48.77764355402354
7.737,48.90416666666667,48.774765789779394
7.738,48.908333333333346,48.77188831331165
7.739,48.91250000000001,48.7690111245916
7.74,48.91666666666667,48.76613422359037
7.7410000000000005,48.920833333333334,48.763257610279254
7.742,48.925,48.76038128462949
7.743,48.929166666666674,48.757505246612254
7.744,48.93333333333334,48.754629496198845
7.745,48.9375,48.7517540333605
7.746,48.94166666666668,48.748878858068394
7.747,48.94583333333334,48.74600397029383
7.748,48.95,48.743129370008035
7.7490000000000006,48.954166666666666,48.74025505718225
7.75,48.95833333333334,48.73738103178778
7.751,48.962500000000006,48.73450729379584
7.752,48.96666666666667,48.73163384317769
7.753,48.97083333333333,48.72876067990461
7.7540000000000004,48.97500000000001,48.72588780394784
7.755,48.97916666666667,48.72301521527868
7.756,48.983333333333334,48.720142913868415
7.757000000000001,48.98750000000001,48.71727089968829
7.758,48.991666666666674,48.714399172709534
7.759,48.99583333333334,48.711527732903505
7.76,49.0,48.70865658024144
7.761,49.00416666666668,48.70578571469463
7.7620000000000005,49.00833333333334,48.70291513623437
7.763,49.0125,48.70004484483195
7.764,49.016666666666666,48.69717484045867
7.765000000000001,49.02083333333334,48.694305123085826
7.766,49.025000000000006,48.69143569268476
7.767,49.02916666666667,48.68856654922672
7.768,49.03333333333333,48.68569769268305
7.769,49.03750000000001,48.68282912302499
7.7700000000000005,49.04166666666667,48.679960840223885
7.771,49.045833333333334,48.67709284425109
7.772,49.05000000000001,48.674225135077904
7.773000000000001,49.054166666666674,48.671357712675615
7.774,49.05833333333334,48.668490577015575
7.775,49.0625,48.66562372806908
7.776,49.06666666666666,48.66275716580748
7.777,49.07083333333334,48.65989089020212
7.7780000000000005,49.075,48.657024901224304
7.779,49.079166666666666,48.65415919884538
7.78,49.08333333333334,48.65129378303669
7.781000000000001,49.087500000000006,48.6484286537696
7.782,49.09166666666667,48.64556381101545
7.783,49.09583333333333,48.64269925474554
7.784,49.10000000000001,48.63983498493127
7.785,49.10416666666667,48.636971001544
7.7860000000000005,49.108333333333334,48.63410730455507
7.787,49.1125,48.631243893935846
7.788,49.116666666666674,48.62838076965767
7.789000000000001,49.12083333333334,48.62551793169189
7.79,49.125,48.62265538000992
7.791,49.12916666666668,48.6197931145831
7.792,49.13333333333334,48.616931135382856
7.793,49.1375,48.614069442380526
7.7940000000000005,49.141666666666666,48.61120803554746
7.795,49.14583333333334,48.60834691485513
7.796,49.150000000000006,48.60548608027483
7.797000000000001,49.15416666666667,48.60262553177802
7.798,49.15833333333333,48.59976526933605
7.799,49.16250000000001,48.596905292920326
7.8,49.16666666666667,48.594045602502206
7.801,49.170833333333334,48.59118619805315
7.8020000000000005,49.17500000000001,48.58832707954451
7.803,49.179166666666674,48.585468246947755
7.804,49.18333333333334,48.58260970023423
7.805000000000001,49.1875,48.5797514393754
7.806,49.19166666666668,48.576893464342675
7.807,49.19583333333334,48.574035775107404
7.808,49.2,48.571178371641054
7.809,49.204166666666666,48.56832125391509
7.8100000000000005,49.20833333333334,48.565464421900856
7.811,49.212500000000006,48.562607875569825
7.812,49.21666666666667,48.55975161489346
7.813,49.22083333333333,48.55689563984316
7.814,49.22500000000001,48.55403995039035
7.815,49.22916666666667,48.55118454650648
7.816,49.233333333333334,48.548329428163015
7.817,49.2375,48.54547459533137
7.8180000000000005,49.241666666666674,48.54262004798301
7.819,49.24583333333334,48.53976578608939
7.82,49.25,48.53691180962193
7.821,49.25416666666666,48.53405811855214
7.822,49.25833333333334,48.531204712851434
7.823,49.2625,48.52835159249133
7.824,49.266666666666666,48.525498757443245
7.825,49.27083333333334,48.52264620767863
7.8260000000000005,49.275000000000006,48.51979394316902
7.827,49.27916666666667,48.51694196388587
7.828,49.28333333333333,48.51409026980065
7.829,49.28750000000001,48.511238860884816
7.83,49.29166666666667,48.5083877371099
7.831,49.295833333333334,48.50553689844736
7.832,49.3,48.502686344868664
7.833,49.304166666666674,48.49983607634533
7.8340000000000005,49.30833333333334,48.49698609284883
7.835,49.3125,48.494136394350676
7.836,49.31666666666668,48.491286980822395
7.837,49.32083333333334,48.48843785223545
7.838,49.325,48.48558900856136
7.839,49.329166666666666,48.482740449771654
7.84,49.33333333333334,48.47989217583785
7.841,49.337500000000006,48.477044186731405
7.8420000000000005,49.34166666666667,48.47419648242385
7.843,49.34583333333333,48.47134906288676
7.844,49.35000000000001,48.4685019280916
7.845,49.35416666666667,48.465655078009945
7.846,49.358333333333334,48.462808512613265
7.847,49.36250000000001,48.459962231873135
7.848,49.366666666666674,48.45711623576108
7.849,49.37083333333334,48.454270524248614
7.8500000000000005,49.375,48.45142509730732
7.851,49.37916666666668,48.44857995490872
7.852,49.38333333333334,48.44573509702434
7.853,49.3875,48.44289052362575
7.854,49.391666666666666,48.44004623468453
7.855,49.39583333333334,48.437202230172204
7.856,49.400000000000006,48.43435851006029
7.857,49.40416666666667,48.43151507432043
7.8580000000000005,49.408333333333346,48.42867192292414
7.859,49.41250000000001,48.425829055842996
7.86,49.41666666666667,48.422986473048525
7.861,49.420833333333334,48.42014417451236
7.862,49.425,48.42629938722865
7.863,49.429166666666674,48.432453789029864
7.864,49.43333333333334,48.43860738003127
7.865,49.4375,48.44476016034821
7.8660000000000005,49.44166666666668,48.45091213009596
7.867,49.44583333333334,48.457063289389794
7.868,49.45,48.46321363834494
7.869,49.454166666666666,48.469363177076616
7.87,49.45833333333334,48.47551190569999
7.871,49.462500000000006,48.481659824330336
7.872,49.46666666666667,48.487806933082766
7.873,49.47083333333333,48.493953232072386
7.8740000000000006,49.47500000000001,48.50009872141442
7.875,49.47916666666667,48.50624340122391
7.876,49.483333333333334,48.51238727161592
7.877,49.4875,48.51853033270561
7.878,49.491666666666674,48.52467258460797
7.8790000000000004,49.49583333333334,48.530814027438055
7.88,49.5,48.53695466131086
7.881,49.50416666666668,48.543094486341374
7.882000000000001,49.50833333333334,48.5492335026446
7.883,49.5125,48.555371710335464
7.884,49.516666666666666,48.56150910952891
7.885,49.52083333333334,48.56764570033988
7.886,49.525000000000006,48.57378148288325
7.8870000000000005,49.52916666666667,48.579916457273896
7.888,49.53333333333333,48.586050623626704
7.889,49.53750000000001,48.5921839820565
7.890000000000001,49.54166666666667,48.5983165326781
7.891,49.545833333333334,48.60444827560633
7.892,49.55000000000001,48.61057921095596
7.893,49.554166666666674,48.61670933884176
7.894,49.55833333333334,48.62283865937849
7.8950000000000005,49.5625,48.62896717268086
7.896,49.56666666666666,48.63509487886358
7.897,49.57083333333334,48.64122177804137
7.898000000000001,49.575,48.64734787032887
7.899,49.579166666666666,48.65347315584074
7.9,49.58333333333334,48.659597634691636
7.901,49.587500000000006,48.66572130699615
7.902,49.59166666666667,48.67184417286887
7.9030000000000005,49.595833333333346,48.67796623242441
7.904,49.60000000000001,48.68408748577724
7.905,49.60416666666667,48.69020793304202
7.906000000000001,49.608333333333334,48.69632757433317
7.907,49.6125,48.70244640976523
7.908,49.616666666666674,48.70856443945269
7.909,49.62083333333334,48.714681663509964
7.91,49.625,48.720798082051544
7.9110000000000005,49.62916666666668,48.726913695191854
7.912,49.63333333333334,48.73302850304532
7.913,49.6375,48.739142505726306
7.914000000000001,49.641666666666666,48.74525570334919
7.915,49.64583333333334,48.75136809602827
7.916,49.650000000000006,48.75747968387793
7.917,49.65416666666667,48.76359046701248
7.918,49.65833333333333,48.769700445546164
7.9190000000000005,49.66250000000001,48.7758096195933
7.92,49.66666666666667,48.78191798926815
7.921,49.670833333333334,48.788025554684964
7.922000000000001,49.67500000000001,48.79413231595788
7.923,49.679166666666674,48.80023827320116
7.924,49.68333333333334,48.806343426529
7.925,49.6875,48.812447776055535
7.926,49.69166666666668,48.818551321894915
7.9270000000000005,49.69583333333334,48.82465406416122
7.928,49.7,48.8307560029686
7.929,49.704166666666666,48.83685713843113
7.930000000000001,49.70833333333334,48.842957470662896
7.931,49.712500000000006,48.84905699977787
7.932,49.71666666666667,48.85515572589014
7.933,49.72083333333333,48.861253649113735
7.934,49.72500000000001,48.86735076956262
7.9350000000000005,49.72916666666667,48.87344708735077
7.936,49.733333333333334,48.87954260259215
7.937,49.73750000000001,48.885637315400686
7.938,49.741666666666674,48.89173122589028
7.939,49.74583333333334,48.89782433417486
7.94,49.75,48.903916640368266
7.941,49.75416666666666,48.91000814458437
7.942,49.75833333333334,48.91609884693702
7.9430000000000005,49.7625,48.922188747540076
7.944,49.766666666666666,48.928277846507285
7.945,49.77083333333334,48.934366143952445
7.946,49.775000000000006,48.9404536399893
7.947,49.77916666666667,48.94654033473165
7.948,49.78333333333333,48.952626228293184
7.949,49.78750000000001,48.95871132078764
7.95,49.79166666666667,48.964795612328714
7.9510000000000005,49.795833333333334,48.97087910303003
7.952,49.8,48.97696179300527
7.953,49.804166666666674,48.98304368236808
7.954,49.80833333333334,48.98912477123207
7.955,49.8125,48.99520505971083
7.956,49.81666666666668,49.00128454791792
7.957,49.82083333333334,49.00736323596692
7.958,49.825,49.013441123971404
7.9590000000000005,49.829166666666666,49.01951821204483
7.96,49.83333333333334,49.02559450030071
7.961,49.837500000000006,49.03166998885257
7.962,49.84166666666667,49.03774467781386
7.963,49.84583333333333,49.04381856729805
7.964,49.85000000000001,49.04989165741853
7.965,49.85416666666667,49.055963948288706
7.966,49.858333333333334,49.06203544002199
7.9670000000000005,49.86250000000001,49.06810613273177
7.968,49.866666666666674,49.07417602653135
7.969,49.87083333333334,49.08024512153412
7.97,49.875,49.086313417853376
7.971,49.87916666666668,49.092380915602405
7.972,49.88333333333334,49.098447614894496
7.973,49.8875,49.10451351584288
7.974,49.891666666666666,49.11057861856085
7.9750000000000005,49.89583333333334,49.11664292316158
7.976,49.900000000000006,49.122706429758296
7.977,49.90416666666667,49.128769138464236
7.978,49.90833333333333,49.13483104939252
7.979,49.91250000000001,49.14089216265626
7.98,49.91666666666667,49.14695247836863
7.981,49.920833333333334,49.153011996642704
7.982,49.92500000000001,49.159070717591646
7.9830000000000005,49.929166666666674,49.165128641328465
7.984,49.93333333333334,49.17118576796622
7.985,49.9375,49.17724209761798
7.986,49.94166666666666,49.18329763039674
7.987,49.94583333333334,49.189352366415505
7.988,49.95,49.19540630578729
7.989,49.954166666666666,49.20145944862503
7.99,49.95833333333334,49.20751179504168
7.9910000000000005,49.962500000000006,49.213563345150135
7.992,49.96666666666667,49.219614099063335
7.993,49.97083333333333,49.22566405689412
7.994,49.97500000000001,49.231713218755374
7.995,49.97916666666667,49.237761584759994
7.996,49.983333333333334,49.243809155020756
7.997,49.9875,49.249855929650494
7.998,49.991666666666674,49.25590190876204
7.9990000000000006,49.99583333333334,49.26194709246812
8.0,50.0,49.267991480881506
8.001,50.0,49.27403507411498
8.002,50.0,49.2800778722812
8.003,50.0,49.286119875492886
8.004,50.0,49.292161083862766
8.005,50.0,49.29820149750344
8.006,50.0,49.30424111652758
8.007,50.0,49.31027994104784
8.008000000000001,50.0,49.31631797117683
8.009,50.0,49.3223552070271
8.01,50.0,49.32839164871126
8.011000000000001,50.0,49.33442729634186
8.012,50.0,49.340462150031385
8.013,50.0,49.34649620989239
8.014,50.0,49.352529476037375
8.015,50.0,49.358561948578824
8.016,50.0,49.364593627629176
8.017,50.0,49.370624513300925
8.018,50.0,49.37665460570645
8.019,50.0,49.38268390495813
8.02,50.0,49.3887124111684
8.021,50.0,49.39474012444964
8.022,50.0,49.400767044914176
8.023,50.0,49.40679317267433
8.024000000000001,50.0,49.41281850784247
8.025,50.0,49.418843050530825
8.026,50.0,49.4248668008517
8.027000000000001,50.0,49.430889758917374
8.028,50.0,49.43691192484005
8.029,50.0,49.44293329873199
8.03,50.0,49.448953880705346
8.031,50.0,49.454973670872334
8.032,50.0,49.4609926693451
8.033,50.0,49.467010876235804
8.034,50.0,49.47302829165659
8.035,50.0,49.479044915719555
8.036,50.0,49.485060748536796
8.037,50.0,49.49107579022041
8.038,50.0,49.497090040882426
8.039,50.0,49.50310350063489
8.040000000000001,50.0,49.50911616958979
8.041,50.0,49.51512804785915
8.042,50.0,49.52113913555496
8.043000000000001,50.0,49.5271494327892
8.044,50.0,49.5331589396738
8.045,50.0,49.53916765632067
8.046,50.0,49.54517558284169
8.047,50.0,49.551182719348844
8.048,50.0,49.557189065953935
8.049,50.0,49.56319462276883
8.05,50.0,49.56919938990535
8.051,50.0,49.5752033674753
8.052,50.0,49.58120655559054
8.053,50.0,49.58720895436278
8.054,50.0,49.593210563903824
8.055,50.0,49.59921138432543
8.056000000000001,50.0,49.60521141573929
8.057,50.0,49.61121065825711
8.058,50.0,49.617209111990576
8.059000000000001,50.0,49.623206777051394
8.06,50.0,49.6292036535512
8.061,50.0,49.63519974160158
8.062,50.0,49.64119504131423
8.063,50.0,49.64718955280068
8.064,50.0,49.65318327617257
8.065,50.0,49.65917621154142
8.066,50.0,49.665168359018764
8.067,50.0,49.671159718716126
8.068,50.0,49.67715029074503
8.069,50.0,49.683140075216954
8.07,50.0,49.68912907224336
8.071,50.0,49.69511728193572
8.072000000000001,50.0,49.70110470440545
8.073,50.0,49.70709133976396
8.074,50.0,49.71307718812267
8.075,50.0,49.71906224959292
8.076,50.0,49.725046524286086
8.077,50.0,49.73103001231351
8.078,50.0,49.7370127137865
8.079,50.0,49.742994628816405
8.08,50.0,49.74897575751447
8.081,50.0,49.754956099991944
8.082,50.0,49.76093565636012
8.083,50.0,49.76691442673024
8.084,50.0,49.77289241121349
8.085,50.0,49.77886960992106
8.086,50.0,49.78484602296413
8.087,50.0,49.790821650453836
8.088000000000001,50.0,49.79679649250136
8.089,50.0,49.802770549217826
8.09,50.0,49.80874382071431
8.091,50.0,49.81471630710189
8.092,50.0,49.820688008491686
8.093,50.0,49.82665892499472
8.094,50.0,49.832629056722
8.095,50.0,49.838598403784545
8.096,50.0,49.84456696629337
8.097,50.0,49.850534744359436
8.098,50.0,49.8565017380937
8.099,50.0,49.862467947607115
8.1,50.0,49.86843337301059
8.101,50.0,49.87439801441502
8.102,50.0,49.88036187193131
8.103,50.0,49.88632494567031
8.104000000000001,50.0,49.89228723574291
8.105,50.0,49.89824874225991
8.106,50.0,49.90420946533209
8.107,50.0,49.91016940507029
8.108,50.0,49.91612856158531
8.109,50.0,49.92208693498782
8.11,50.0,49.9280445253886
8.111,50.0,49.93400133289845
8.112,50.0,49.939957357627975
8.113,50.0,49.945912599687915
8.114,50.0,49.951867059188885
8.115,50.0,49.95782073624156
8.116,50.0,49.96377363095661
8.117,50.0,49.9697257434446
8.118,50.0,49.97567707381614
8.119,50.0,49.981627622181804
8.120000000000001,50.0,49.9875773886522
8.121,50.0,49.99352637333783
8.122,50.0,49.9994745763492
8.123,50.0,50.005421997796816
8.124,50.0,50.01136863779118
8.125,50.0,50.01731449644274
8.126,50.0,50.02325957386199
8.127,50.0,50.029203870159336
8.128,50.0,50.035147385445214
8.129,50.0,50.04109011982996
8.13,50.0,50.04703207342402
8.131,50.0,50.05297324633773
8.132,50.0,50.05891363868142
8.133000000000001,50.0,50.06485325056542
8.134,50.0,50.07079208210007
8.135,50.0,50.076730133395586
8.136000000000001,50.0,50.0826674045623
8.137,50.0,50.088603895710435
8.138,50.0,50.09453960695026
8.139,50.0,50.10047453839195
8.14,50.0,50.10640869014571
8.141,50.0,50.112342062321716
8.142,50.0,50.11827465503018
8.143,50.0,50.1242064683812
8.144,50.0,50.1301375024849
8.145,50.0,50.13606775745143
8.146,50.0,50.14199723339084
8.147,50.0,50.14792593041318
8.148,50.0,50.15385384862856
8.149000000000001,50.0,50.15978098814696
8.15,50.0,50.165707349078446
8.151,50.0,50.171632931533
8.152000000000001,50.0,50.17755773562061
8.153,50.0,50.18348176145122
8.154,50.0,50.189405009134816
8.155,50.0,50.19532747878128
8.156,50.0,50.201249170500546
8.157,50.0,50.20717008440249
8.158,50.0,50.21309022059705
8.159,50.0,50.21900957919405
8.16,50.0,50.22492816030325
8.161,50.0,50.23084596403453
8.162,50.0,50.23676299049771
8.163,50.0,50.242679239802555
8.164,50.0,50.24859471205883
8.165000000000001,50.0,50.254509407376304
8.166,50.0,50.26042332586468
8.167,50.0,50.26633646763372
8.168000000000001,50.0,50.27224883279308
8.169,50.0,50.27816042145241
8.17,50.0,50.28407123372142
8.171,50.0,50.289981269709756
8.172,50.0,50.295890529527014
8.173,50.0,50.30179901328279
8.174,50.0,50.307706721086674
8.175,50.0,50.313613653048264
8.176,50.0,50.3195198092771
8.177,50.0,50.32542518988265
8.178,50.0,50.33132979497452
8.179,50.0,50.33723362466219
8.18,50.0,50.343136679055135
8.181000000000001,50.0,50.34903895826278
8.182,50.0,50.35494046239461
8.183,50.0,50.36084119156004
8.184000000000001,50.0,50.3667411458685
8.185,50.0,50.37264032542936
8.186,50.0,50.37853873035198
8.187,50.0,50.384436360745724
8.188,50.0,50.39033321671997
8.189,50.0,50.39622929838396
8.19,50.0,50.402124605847064
8.191,50.0,50.40801913921854
8.192,50.0,50.413912898607634
8.193,50.0,50.419805884123605
8.194,50.0,50.4256980958757
8.195,50.0,50.431589533973124
8.196,50.0,50.437480198525066
8.197000000000001,50.0,50.44337008964072
8.198,50.0,50.449259207429236
8.199,50.0,50.455147551999744
8.2,50.0,50.461035123461386
8.201,50.0,50.466921921923245
8.202,50.0,50.47280794749446
8.203,50.0,50.478693200284056
8.204,50.0,50.48457768040112
8.205,50.0,50.49046138795461
8.206,50.0,50.49634432305362
8.207,50.0,50.502226485807114
8.208,50.0,50.50810787632406
8.209,50.0,50.51398849471349
8.21,50.0,50.519868341084305
8.211,50.0,50.525747415545425
8.212,50.0,50.53162571820576
8.213000000000001,50.0,50.53750324917422
8.214,50.0,50.543380008559666
8.215,50.0,50.54925599647095
8.216,50.0,50.55513121301692
8.217,50.0,50.56100565830644
8.218,50.0,50.56687933244825
8.219,50.0,50.57275223555115
8.22,50.0,50.57862436772393
8.221,50.0,50.58449572907534
8.222,50.0,50.590366319714065
8.223,50.0,50.596236139748896
8.224,50.0,50.602105189288466
8.225,50.0,50.60797346844146
8.226,50.0,50.61384097731661
8.227,50.0,50.6197077160225
8.228,50.0,50.625573684667756
8.229000000000001,50.0,50.631438883361
8.23,50.0,50.637303312210804
8.231,50.0,50.6431669713258
8.232,50.0,50.649029860814494
8.233,50.0,50.65489198078541
8.234,50.0,50.66075333134711
8.235,50.0,50.66661391260806
8.236,50.0,50.67247372467682
8.237,50.0,50.6783327676618
8.238,50.0,50.684191041671454
8.239,50.0,50.69004854681418
8.24,50.0,50.69590528319844
8.241,50.0,50.701761250932634
8.242,50.0,50.7076164501251
8.243,50.0,50.713470880884245
8.244,50.0,50.71932454331841
8.245000000000001,50.0,50.725177437535876
8.246,50.0,50.731029563644995
8.247,50.0,50.73688092175405
8.248,50.0,50.74273151197133
8.249,50.0,50.74858133440506
8.25,50.0,50.754430389163474
8.251,50.0,50.7602786763548
8.252,50.0,50.76612619608727
8.253,50.0,50.771972948469056
8.254,50.0,50.77781893360833
8.255,50.0,50.78366415161321
8.256,50.0,50.789508602591866
8.257,50.0,50.79535228665242
8.258000000000001,50.0,50.80119520390292
8.259,50.0,50.807037354451495
8.26,50.0,50.8128787384062
8.261000000000001,50.0,50.81871935587503
8.262,50.0,50.82455920696606
8.263,50.0,50.830398291787276
8.264,50.0,50.83623661044669
8.265,50.0,50.8420741630523
8.266,50.0,50.84791094971206
8.267,50.0,50.85374697053385
8.268,50.0,50.859582225625616
8.269,50.0,50.86541671509531
8.27,50.0,50.871250439050755
8.271,50.0,50.87708339759985
8.272,50.0,50.88291559085047
8.273,50.0,50.88874701891041
8.274000000000001,50.0,50.89457768188748
8.275,50.0,50.90040757988953
8.276,50.0,50.90623671302433
8.277000000000001,50.0,50.91206508139959
8.278,50.0,50.91789268512309
8.279,50.0,50.92371952430261
8.28,50.0,50.92954559904581
8.281,50.0,50.9353709094604
8.282,50.0,50.941195455654054
8.283,50.0,50.94701923773437
8.284,50.0,50.95284225580906
8.285,50.0,50.95866450998574
8.286,50.0,50.964486000372005
8.287,50.0,50.97030672707547
8.288,50.0,50.97612669020367
8.289,50.0,50.981945889864164
8.290000000000001,50.0,50.98776432616455
8.291,50.0,50.99358199921227
8.292,50.0,50.99939890911486
8.293000000000001,50.0,51.00521505597982
8.294,50.0,51.00211453458638
8.295,50.0,50.999014323245035
8.296,50.0,50.99591442192485
8.297,50.0,50.992814830594796
8.298,50.0,50.98971554922389
8.299,50.0,50.98661657778109
8.3,50.0,50.98351791623543
8.301,50.0,50.980419564555916
8.302,50.0,50.97732152271158
8.303,50.0,50.97422379067143
8.304,50.0,50.9711263684045
8.305,50.0,50.9680292558798
8.306000000000001,50.0,50.96493245306635
8.307,50.0,50.96183595993318
8.308,50.0,50.958739776449306
8.309000000000001,50.0,50.955643902583745
8.31,50.0,50.952548338305576
8.311,50.0,50.949453083583876
8.312,50.0,50.94635813838761
8.313,50.0,50.94326350268585
8.314,50.0,50.94016917644768
8.315,50.0,50.93707515964212
8.316,50.0,50.93398145223824
8.317,50.0,50.93088805420513
8.318,50.0,50.927794965511794
8.319,50.0,50.92470218612732
8.32,50.0,50.92160971602084
8.321,50.0,50.918517555161316
8.322000000000001,50.0,50.91542570351788
8.323,50.0,50.91233416105962
8.324,50.0,50.9092429277556
8.325,50.0,50.9061520035749
8.326,50.0,50.90306138848666
8.327,50.0,50.8999710824599
8.328,50.0,50.89688108546375
8.329,50.0,50.89379139746728
8.33,50.0,50.89070201843964
8.331,50.0,50.8876129483499
8.332,50.0,50.88452418716713
8.333,50.0,50.881435734860474
8.334,50.0,50.87834759139906
8.335,50.0,50.87525975675203
8.336,50.0,50.87217223088845
8.337,50.0,50.869085013777465
8.338000000000001,50.0,50.865998105388144
8.339,50.0,50.86291150568968
8.34,50.0,50.85982521465121
8.341,50.0,50.85673923224181
8.342,50.0,50.853653558430665
8.343,50.0,50.850568193186916
8.344,50.0,50.847483136479696
8.345,50.0,50.84439838827814
8.346,50.0,50.841313948551374
8.347,50.0,50.8382298172686
8.348,50.0,50.83514599439894
8.349,50.0,50.8320624799116
8.35,50.0,50.8289792737757
8.351,50.0,50.82589637596038
8.352,50.0,50.822813786434835
8.353,50.0,50.81973150516825
8.354000000000001,50.0,50.816649532129816
8.355,50.0,50.81356786728867
8.356,50.0,50.810486510614
8.357,50.0,50.807405462074996
8.358,50.0,50.80432472164085
8.359,50.0,50.80124428928076
8.36,50.0,50.79816416496391
8.361,50.0,50.795084348659486
8.362,50.0,50.79200484033669
8.363,50.0,50.7889256399647
8.364,50.0,50.78584674751278
8.365,50.0,50.78276816295005
8.366,50.0,50.77968988624582
8.367,50.0,50.77661191736922
8.368,50.0,50.77353425628951
8.369,50.0,50.77045690297592
8.370000000000001,50.0,50.76737985739766
8.371,50.0,50.76430311952396
8.372,50.0,50.76122668932402
8.373,50.0,50.75815056676714
8.374,50.0,50.75507475182252
8.375,50.0,50.7519992444594
8.376,50.0,50.74892404464697
8.377,50.0,50.74584915235454
8.378,50.0,50.74277456755135
8.379,50.0,50.739700290206656
8.38,50.0,50.736626320289645
8.381,50.0,50.73355265776962
8.382,50.0,50.73047930261589
8.383000000000001,50.0,50.72740625479764
8.384,50.0,50.72433351428418
8.385,50.0,50.72126108104476
8.386000000000001,50.0,50.718188955048674
8.387,50.0,50.71511713626518
8.388,50.0,50.712045624663574
8.389,50.0,50.70897442021311
8.39,50.0,50.70590352288309
8.391,50.0,50.70283293264282
8.392,50.0,50.69976264946155
8.393,50.0,50.69669267330863
8.394,50.0,50.693623004153324
8.395,50.0,50.690553641964925
8.396,50.0,50.68748458671274
8.397,50.0,50.68441583836608
8.398,50.0,50.68134739689424
8.399000000000001,50.0,50.67827926226653
8.4,50.0,50.67521143445231
8.401,50.0,50.67214391342088
8.402000000000001,50.0,50.669076699141556
8.403,50.0,50.66600979158363
8.404,50.0,50.662943190716476
8.405,50.0,50.65987689650939
8.406,50.0,50.65681090893173
8.407,50.0,50.65374522795281
8.408,50.0,50.65067985354199
8.409,50.0,50.64761478566862
8.41,50.0,50.64455002430208
8.411,50.0,50.64148556941166
8.412,50.0,50.63842142096672
8.413,50.0,50.635357578936635
8.414,50.0,50.632294043290756
8.415000000000001,50.0,50.62923081399839
8.416,50.0,50.626167891028956
8.417,50.0,50.623105274351815
8.418000000000001,50.0,50.620042963936385
8.419,50.0,50.61698095975197
8.42,50.0,50.61391926176799
8.421,50.0,50.610857869953804
8.422,50.0,50.607796784278776
8.423,50.0,50.60473600471232
8.424,50.0,50.601675531223805
8.425,50.0,50.59861536378264
8.426,50.0,50.59555550235825
8.427,50.0,50.592495946919996
8.428,50.0,50.58943669743729
8.429,50.0,50.5863777538795
8.43,50.0,50.5833191162161
8.431000000000001,50.0,50.58026078441645
8.432,50.0,50.57720275844997
8.433,50.0,50.574145038286076
8.434000000000001,50.0,50.571087623894186
8.435,50.0,50.56803051524378
8.436,50.0,50.56497371230421
8.437,50.0,50.56191721504496
8.438,50.0,50.558861023435384
8.439,50.0,50.55580513744502
8.44,50.0,50.55274955704323
8.441,50.0,50.54969428219948
8.442,50.0,50.5466393128832
8.443,50.0,50.54358464906386
8.444,50.0,50.540530290710876
8.445,50.0,50.53747623779378
8.446,50.0,50.53442249028194
8.447000000000001,50.0,50.53136904814488
8.448,50.0,50.528315911352024
8.449,50.0,50.52526307987284
8.45,50.0,50.522210553676814
8.451,50.0,50.51915833273341
8.452,50.0,50.51610641701211
8.453,50.0,50.51305480648233
8.454,50.0,50.5100035011136
8.455,50.0,50.50695250087546
8.456,50.0,50.503901805737314
8.457,50.0,50.50085141566865
8.458,50.0,50.49780133063899
8.459,50.0,50.49475155061788
8.46,50.0,50.49170207557472
8.461,50.0,50.488652905479114
8.462,50.0,50.48560404030047
8.463000000000001,50.0,50.482555480008386
8.464,50.0,50.47950722457233
8.465,50.0,50.47645927396178
8.466,50.0,50.47341162814632
8.467,50.0,50.470364287095435
8.468,50.0,50.46731725077865
8.469,50.0,50.464270519165495
8.47,50.0,50.46122409222551
8.471,50.0,50.458177969928215
8.472,50.0,50.45513215224315
8.473,50.0,50.45208663913985
8.474,50.0,50.44904143058784
8.475,50.0,50.44599652655671
8.476,50.0,50.44295192701594
8.477,50.0,50.43990763193517
8.478,50.0,50.43686364128388
8.479000000000001,50.0,50.43381995503165
8.48,50.0,50.43077657314808
8.481,50.0,50.427733495602695
8.482,50.0,50.42469072236503
8.483,50.0,50.42164825340467
8.484,50.0,50.41860608869126
8.485,50.0,50.415564228194285
8.486,50.0,50.41252267188338
8.487,50.0,50.40948141972808
8.488,50.0,50.40644047169803
8.489,50.0,50.40339982776277
8.49,50.0,50.400359487891876
8.491,50.0,50.397319452055
8.492,50.0,50.394279720221675
8.493,50.0,50.391240292361545
8.494,50.0,50.3882011684442
8.495000000000001,50.0,50.38516234843922
8.496,50.0,50.38212383231627
8.497,50.0,50.37908562004492
8.498,50.0,50.37604771159482
8.499,50.0,50.37301010693557
8.5,50.0,50.36997280603674
8.501,50.0,50.36693580886805
8.502,50.0,50.36389911539902
8.503,50.0,50.36086272559936
8.504,50.0,50.357826639438656
8.505,50.0,50.35479085688661
8.506,50.0,50.35175537791281
8.507,50.0,50.3487202024869
8.508000000000001,50.0,50.34568533057853
8.509,50.0,50.34265076215735
8.51,50.0,50.33961649719299
8.511000000000001,50.0,50.33658253565517
8.512,50.0,50.333548877513465
8.513,50.0,50.330515522737585
8.514,50.0,50.327482471297174
8.515,50.0,50.32444972316193
8.516,50.0,50.32141727830151
8.517,50.0,50.31838513668555
8.518,50.0,50.31535329828375
8.519,50.0,50.31232176306577
8.52,50.0,50.30929053100135
8.521,50.0,50.306259602060095
8.522,50.0,50.303228976211756
8.523,50.0,50.30019865342598
8.524000000000001,50.0,50.29716863367247
8.525,50.0,50.294138916920986
8.526,50.0,50.29110950314117
8.527000000000001,50.0,50.28808039230273
8.528,50.0,50.28505158437537
8.529,50.0,50.28202307932878
8.53,50.0,50.278994877132675
8.531,50.0,50.27596697775681
8.532,50.0,50.272939381170886
8.533,50.0,50.26991208734461
8.534,50.0,50.266885096247734
8.535,50.0,50.263858407849966
8.536,50.0,50.26083202212101
8.537,50.0,50.25780593903062
8.538,50.0,50.254780158548556
8.539,50.0,50.251754680644524
8.540000000000001,50.0,50.24872950528828
8.541,50.0,50.24570463244959
8.542,50.0,50.2426800620982
8.543000000000001,50.0,50.23965579420383
8.544,50.0,50.23663182873622
8.545,50.0,50.2336081656652
8.546,50.0,50.23058480496047
8.547,50.0,50.22756174659179
8.548,50.0,50.22453899052897
8.549,50.0,50.221516536741774
8.55,50.0,50.218494385199904
8.551,50.0,50.21547253587323
8.552,50.0,50.21245098873146
8.553,50.0,50.20942974374441
8.554,50.0,50.20640880088183
8.555,50.0,50.20338816011355
8.556000000000001,50.0,50.20036782140937
8.557,50.0,50.197347784739065
8.558,50.0,50.194328050072386
8.559000000000001,50.0,50.19130861737921
8.56,50.0,50.18828948662929
8.561,50.0,50.185270657792444
8.562,50.0,50.18225213083849
8.563,50.0,50.17923390573719
8.564,50.0,50.176215982458416
8.565,50.0,50.17319836097198
8.566,50.0,50.1701810412477
8.567,50.0,50.167164023255395
8.568,50.0,50.16414730696488
8.569,50.0,50.161130892345966
8.57,50.0,50.15811477936853
8.571,50.0,50.15509896800239
8.572000000000001,50.0,50.15208345821736
8.573,50.0,50.149068249983316
8.574,50.0,50.146053343270125
8.575000000000001,50.0,50.14303873804761
8.576,50.0,50.14002443428558
8.577,50.0,50.13701043195397
8.578,50.0,50.13399673102259
8.579,50.0,50.130983331461266
8.58,50.0,50.12797023323992
8.581,50.0,50.12495743632837
8.582,50.0,50.12194494069655
8.583,50.0,50.11893274631427
8.584,50.0,50.11592085315141
8.585,50.0,50.11290926117789
8.586,50.0,50.109897970363534
8.587,50.0,50.10688698067827
8.588000000000001,50.0,50.10387629209197
8.589,50.0,50.10086590457456
8.59,50.0,50.097855818095866
8.591,50.0,50.09484603262581
8.592,50.0,50.091836548134324
8.593,50.0,50.08882736459128
8.594,50.0,50.08581848196661
8.595,50.0,50.08280990023019
8.596,50.0,50.07980161935194
8.597,50.0,50.0767936393018
8.598,50.0,50.073785960049634
8.599,50.0,50.07077858156538
8.6,50.0,50.06777150381902
8.601,50.0,50.064764726780425
8.602,50.0,50.06175825041953
8.603,50.0,50.05875207470626
8.604000000000001,50.0,50.05574619961055
8.605,50.0,50.05274062510233
8.606,50.0,50.04973535115158
8.607,50.0,50.04673037772824
8.608,50.0,50.04372570480223
8.609,50.0,50.04072133234348
8.61,50.0,50.03771726032198
8.611,50.0,50.03471348870772
8.612,50.0,50.03171001747063
8.613,50.0,50.02870684658063
8.614,50.0,50.02570397600772
8.615,50.0,50.022701405721875
8.616,50.0,50.01969913569303
8.617,50.0,50.01669716589123
8.618,50.0,50.0136954962864
8.619,50.0,50.010694126848534
8.620000000000001,50.0,50.00769305754761
8.621,50.0,50.004692288353624
8.622,50.0,50.001691819236555
8.623,50.0,49.99869165016639
8.624,50.0,49.99569178111312
8.625,50.0,49.992692212046734
8.626,50.0,49.98969294293727
8.627,50.0,49.98669397375471
8.628,50.0,49.98369530446905
8.629,50.0,49.98069693505033
8.63,50.0,49.97769886546854
8.631,50.0,49.97470109569372
8.632,50.0,49.97170362569585
8.633000000000001,50.0,49.96870645544499
8.634,50.0,49.96570958491117
8.635,50.0,49.96271301406438
8.636000000000001,50.0,49.95971674287472
8.637,50.0,49.95672077131218
8.638,50.0,49.9537250993468
8.639,50.0,49.950729726948566
8.64,50.0,49.94773465408758
8.641,50.0,49.94473988073389
8.642,50.0,49.941745406857535
8.643,50.0,49.93875123242856
8.644,50.0,49.93575735741706
8.645,50.0,49.93276378179303
8.646,50.0,49.92977050552656
8.647,50.0,49.92677752858771
8.648,50.0,49.92378485094656
8.649000000000001,50.0,49.92079247257317
8.65,50.0,49.91780039343763
8.651,50.0,49.91480861350999
8.652000000000001,50.0,49.91181713276035
8.653,50.0,49.9088259511588
8.654,50.0,49.9058350686754
8.655,50.0,49.90284448528024
8.656,50.0,49.89985420094342
8.657,50.0,49.89686421563505
8.658,50.0,49.89387452932516
8.659,50.0,49.890885141983915
8.66,50.0,49.887896053581414
8.661,50.0,49.88490726408776
8.662,50.0,49.881918773473046
8.663,50.0,49.87893058170738
8.664,50.0,49.875942688760915
8.665000000000001,50.0,49.87295509460375
8.666,50.0,49.869967799205995
8.667,50.0,49.86698080253774
8.668000000000001,50.0,49.863994104569144
8.669,50.0,49.86100770527037
8.67,50.0,49.85802160461151
8.671,50.0,49.855035802562725
8.672,50.0,49.852050299094174
8.673,50.0,49.849065094175955
8.674,50.0,49.84608018777823
8.675,50.0,49.84309557987115
8.676,50.0,49.84011127042481
8.677,50.0,49.83712725940944
8.678,50.0,49.83414354679519
8.679,50.0,49.83116013255221
8.68,50.0,49.82817701665061
8.681000000000001,50.0,49.825194199060604
8.682,50.0,49.82221167975234
8.683,50.0,49.81922945869604
8.684000000000001,50.0,49.81624753586186
8.685,50.0,49.81326591121996
8.686,50.0,49.81028458474049
8.687,50.0,49.80730355639366
8.688,50.0,49.8043228261497
8.689,50.0,49.80134239397876
8.69,50.0,49.79836225985105
8.691,50.0,49.795382423736726
8.692,50.0,49.79240288560601
8.693,50.0,49.78942364542911
8.694,50.0,49.786444703176244
8.695,50.0,49.78346605881757
8.696,50.0,49.78048771232335
8.697000000000001,50.0,49.77750966366375
8.698,50.0,49.77453191280904
8.699,50.0,49.77155445972943
8.700000000000001,50.0,49.76857730439508
8.701,50.0,49.76560044677632
8.702,50.0,49.7626238868433
8.703,50.0,49.75964762456624
8.704,50.0,49.75667165991541
8.705,50.0,49.75369599286108
8.706,50.0,49.75072062337347
8.707,50.0,49.74774555142278
8.708,50.0,49.744770776979294
8.709,50.0,49.74179630001322
8.71,50.0,49.73882212049483
8.711,50.0,49.7358482383944
8.712,50.0,49.73287465368219
8.713000000000001,50.0,49.72990136632848
8.714,50.0,49.726928376303476
8.715,50.0,49.72395568357746
8.716,50.0,49.72098328812075
8.717,50.0,49.718011189903564
8.718,50.0,49.71503938889623
8.719,50.0,49.71206788506896
8.72,50.0,49.709096678392086
8.721,50.0,49.706125768835875
8.722,50.0,49.7031551563706
8.723,50.0,49.700184840966585
8.724,50.0,49.697214822594105
8.725,50.0,49.69424510122349
8.726,50.0,49.691275676825
8.727,50.0,49.68830654936892
8.728,50.0,49.68533771882562
8.729000000000001,50.0,49.68236918516533
8.73,50.0,49.67940094835842
8.731,50.0,49.67643300837523
8.732,50.0,49.67346536518602
8.733,50.0,49.67049801876112
8.734,50.0,49.66753096907087
8.735,50.0,49.66456421608558
8.736,50.0,49.66159775977559
8.737,50.0,49.65863160011122
8.738,50.0,49.655665737062805
8.739,50.0,49.652700170600724
8.74,50.0,49.64973490069525
8.741,50.0,49.64676992731677
8.742,50.0,49.64380525043566
8.743,50.0,49.6408408700222
8.744,50.0,49.637876786046775
8.745000000000001,50.0,49.63491299847976
8.746,50.0,49.631949507291495
8.747,50.0,49.628986312452355
8.748,50.0,49.62602341393273
8.749,50.0,49.62306081170294
8.75,50.0,49.62009850573338
8.751,50.0,49.61713649599437
8.752,50.0,49.61417478245636
8.753,50.0,49.611213365089725
8.754,50.0,49.6082522438648
8.755,50.0,49.60529141875202
8.756,50.0,49.60233088972171
8.757,50.0,49.59937065674433
8.758000000000001,50.0,49.59641071979024
8.759,50.0,49.593451078829844
8.76,50.0,49.59049173383352
8.761000000000001,50.0,49.5875326847717
8.762,50.0,49.584573931614784
8.763,50.0,49.581615474333205
8.764,50.0,49.57865731289735
8.765,50.0,49.57569944727766
8.766,50.0,49.572741877444514
8.767,50.0,49.56978460336836
8.768,50.0,49.566827625019585
8.769,50.0,49.56387094236868
8.77,50.0,49.560914555386034
8.771,50.0,49.55795846404209
8.772,50.0,49.555002668307225
8.773,50.0,49.552047168151944
8.774000000000001,50.0,49.54909196354669
8.775,50.0,49.546137054461894
8.776,50.0,49.54318244086801
8.777000000000001,50.0,49.54022812273547
8.778,50.0,49.53727410003478
8.779,50.0,49.53432037273632
8.78,50.0,49.531366940810585
8.781,50.0,49.52841380422808
8.782,50.0,49.52546096295919
8.783,50.0,49.52250841697446
8.784,50.0,49.519556166244286
8.785,50.0,49.51660421073922
8.786,50.0,49.5136525504297
8.787,50.0,49.51070118528622
8.788,50.0,49.50775011527924
8.789,50.0,49.504799340379236
8.790000000000001,50.0,49.50184886055672
8.791,50.0,49.498898675782186
8.792,50.0,49.49594878602613
8.793000000000001,50.0,49.49299919125906
8.794,50.0,49.49004989145146
8.795,50.0,49.48710088657384
8.796,50.0,49.48415217659675
8.797,50.0,49.48120376149063
8.798,50.0,49.47825564122604
8.799,50.0,49.475307815773476
8.8,50.0,49.472360285103434
8.801,50.0,49.46941304918647
8.802,50.0,49.466466107993085
8.803,50.0,49.46351946149383
8.804,50.0,49.46057310965921
8.805,50.0,49.45762705245977
8.806000000000001,50.0,49.45468128986607
8.807,50.0,49.451735821848615
8.808,50.0,49.44879064837795
8.809000000000001,50.0,49.445845769424636
8.81,50.0,49.442901184959226
8.811,50.0,49.439956894952275
8.812,50.0,49.43701289937428
8.813,50.0,49.43406919819586
8.814,50.0,49.43112579138756
8.815,50.0,49.42818267891994
8.816,50.0,49.425239860763554
8.817,50.0,49.42229733688902
8.818,50.0,49.419355107266824
8.819,50.0,49.41641317186759
8.82,50.0,49.41347153066192
8.821,50.0,49.41053018362038
8.822000000000001,50.0,49.40758913071352
8.823,50.0,49.40464837191195
8.824,50.0,49.40170790718628
8.825000000000001,50.0,49.39876773650707
8.826,50.0,49.39582785984493
8.827,50.0,49.39288827717047
8.828,50.0,49.38994898845425
8.829,50.0,49.38700999366688
8.83,50.0,49.384071292779026
8.831,50.0,49.38113288576125
8.832,50.0,49.37819477258415
8.833,50.0,49.37525695321841
8.834,50.0,49.37231942763458
8.835,50.0,49.369382195803325
8.836,50.0,49.36644525769526
8.837,50.0,49.363508613281
8.838000000000001,50.0,49.36057226253115
8.839,50.0,49.357636205416384
8.84,50.0,49.35470044190731
8.841,50.0,49.3517649719746
8.842,50.0,49.34882979558887
8.843,50.0,49.34589491272078
8.844,50.0,49.342960323341
8.845,50.0,49.34002602742015
8.846,50.0,49.33709202492889
8.847,50.0,49.3341583158379
8.848,50.0,49.331224900117775
8.849,50.0,49.32829177773925
8.85,50.0,49.32535894867294
8.851,50.0,49.32242641288957
8.852,50.0,49.31949417035975
8.853,50.0,49.3165622210542
8.854000000000001,50.0,49.31363056494354
8.855,50.0,49.31069920199849
8.856,50.0,49.30776813218978
8.857,50.0,49.30483735548802
8.858,50.0,49.301906871863935
8.859,50.0,49.298976681288195
8.86,50.0,49.296046783731526
8.861,50.0,49.2931171791646
8.862,50.0,49.29018786755813
8.863,50.0,49.28725884888286
8.864,50.0,49.28433012310944
8.865,50.0,49.28140169020861
8.866,50.0,49.278473550151034
8.867,50.0,49.27554570290749
8.868,50.0,49.27261814844866
8.869,50.0,49.26969088674525
8.870000000000001,50.0,49.266763917768
8.871,50.0,49.26383724148769
8.872,50.0,49.26091085787499
8.873,50.0,49.25798476690068
8.874,50.0,49.25505896853542
8.875,50.0,49.25213346275001
8.876,50.0,49.24920824951516
8.877,50.0,49.24628332880167
8.878,50.0,49.243358700580245
8.879,50.0,49.240434364821624
8.88,50.0,49.237510321496586
8.881,50.0,49.23458657057586
8.882,50.0,49.23166311203022
8.883000000000001,50.0,49.228739945830455
8.884,50.0,49.22581707194729
8.885,50.0,49.22289449035151
8.886000000000001,50.0,49.21997220101389
8.887,50.0,49.21705020390522
8.888,50.0,49.214128498996274
8.889,50.0,49.21120708625779
8.89,50.0,49.20828596566059
8.891,50.0,49.20536513717548
8.892,50.0,49.20244460077316
8.893,50.0,49.19952435642449
8.894,50.0,49.1966044041003
8.895,50.0,49.193684743771314
8.896,50.0,49.190765375408375
8.897,50.0,49.187846298982265
8.898,50.0,49.184927514463766
8.899000000000001,50.0,49.18200902182372
8.9,50.0,49.17909082103296
8.901,50.0,49.17617291206227
8.902000000000001,50.0,49.173255294882495
8.903,50.0,49.17033796946441
8.904,50.0,49.167420935778864
8.905,50.0,49.16450419379669
8.906,50.0,49.161587743488724
8.907,50.0,49.15867158482581
8.908,50.0,49.15575571777873
8.909,50.0,49.15284014231838
8.91,50.0,49.149924858415545
8.911,50.0,49.14700986604112
8.912,50.0,49.144095165165936
8.913,50.0,49.14118075576084
8.914,50.0,49.138266637796676
8.915000000000001,50.0,49.135352811244275
8.916,50.0,49.132439276074535
8.917,50.0,49.129526032258354
8.918000000000001,50.0,49.126613079766514
8.919,50.0,49.12370041856991
8.92,50.0,49.12078804863944
8.921,50.0,49.117875969946
8.922,50.0,49.11496418246037
8.923,50.0,49.112052686153504
8.924,50.0,49.1091414809963
8.925,50.0,49.106230566959596
8.926,50.0,49.10331994401429
8.927,50.0,49.10040961213127
8.928,50.0,49.097499571281446
8.929,50.0,49.094589821435704
8.93,50.0,49.091680362564944
8.931000000000001,50.0,49.08877119464006
8.932,50.0,49.08586231763201
8.933,50.0,49.08295373151162
8.934000000000001,50.0,49.08004543624986
8.935,50.0,49.07713743181762
8.936,50.0,49.07422971818579
8.937,50.0,49.07132229532533
8.938,50.0,49.06841516320719
8.939,50.0,49.06550832180227
8.94,50.0,49.06260177108146
8.941,50.0,49.05969551101572
8.942,50.0,49.056789541575995
8.943,50.0,49.05388386273319
8.944,50.0,49.050978474458304
8.945,50.0,49.04807337672224
8.946,50.0,49.04516856949596
8.947000000000001,50.0,49.04226405275034
8.948,50.0,49.039359826456405
8.949,50.0,49.0364558905851
8.950000000000001,50.0,49.03355224510739
8.951,50.0,49.03064888999421
8.952,50.0,49.027745825216584
8.953,50.0,49.0248430507454
8.954,50.0,49.02194056655168
8.955,50.0,49.01903837260636
8.956,50.0,49.01613646888046
8.957,50.0,49.01323485534493
8.958,50.0,49.01033353197073
8.959,50.0,49.00743249872886
8.96,50.0,49.004531755590335
8.961,50.0,49.00163130252611
8.962,50.0,48.998731139507186
8.963000000000001,50.0,49.004810163624654
8.964,50.0,49.01088838764991
8.965,50.0,49.01696581169648
8.966,50.0,49.02304243587781
8.967,50.0,49.029118260307484
8.968,50.0,49.0351932850989
8.969,50.0,49.041267510365515
8.97,50.0,49.04734093622085
8.971,50.0,49.053413562778246
8.972,50.0,49.05948539015111
8.973,50.0,49.06555641845284
8.974,50.0,49.07162664779679
8.975,50.0,49.0776960782963
8.976,50.0,49.08376471006471
8.977,50.0,49.08983254321532
8.978,50.0,49.09589957786142
8.979000000000001,50.0,49.10196581411623
8.98,50.0,49.10803125209304
8.981,50.0,49.114095891905095
8.982,50.0,49.120159733665616
8.983,50.0,49.12622277748778
8.984,50.0,49.13228502348471
8.985,50.0,49.13834647176964
8.986,50.0,49.144407122455675
8.987,50.0,49.150466975655945
8.988,50.0,49.15652603148351
8.989,50.0,49.162584290051484
8.99,50.0,49.16864175147293
8.991,50.0,49.17469841586092
8.992,50.0,49.18075428332844
8.993,50.0,49.18680935398851
8.994,50.0,49.192863627954125
8.995000000000001,50.0,49.19891710533824
8.996,50.0,49.2049697862538
8.997,50.0,49.21102167081375
8.998,50.0,49.217072759130986
8.999,50.0,49.22312305131845
9.0,50.0,49.229172547488986
9.001,50.0,49.235221247755476
9.002,50.0,49.24126915223076
9.003,50.0,49.247316261027606
9.004,50.0,49.25336257425886
9.005,50.0,49.25940809203735
9.006,50.0,49.265452814475736
9.007,50.0,49.27149674168686
9.008000000000001,50.0,49.27753987378338
9.009,50.0,49.28358221087808
9.01,50.0,49.28962375308362
9.011000000000001,50.0,49.29566450051266
9.012,50.0,49.30170445327781
9.013,50.0,49.30774361149179
9.014,50.0,49.31378197526715
9.015,50.0,49.31981954471655
9.016,50.0,49.32585631995255
9.017,50.0,49.33189230108769
9.018,50.0,49.33792748823453
9.019,50.0,49.34396188150561
9.02,50.0,49.349995481013366
9.021,50.0,49.356028286870355
9.022,50.0,49.36206029918907
9.023,50.0,49.36809151808188
9.024000000000001,50.0,49.374121943661294
9.025,50.0,49.38015157603968
9.026,50.0,49.38618041532942
9.027000000000001,50.0,49.39220846164295
9.028,50.0,49.398235715092596
9.029,50.0,49.40426217579068
9.03,50.0,49.41028784384952
9.031,50.0,49.41631271938144
9.032,50.0,49.42233680249876
9.033,50.0,49.4283600933137
9.034,50.0,49.434382591938515
9.035,50.0,49.44040429848542
9.036,50.0,49.446425213066675
9.037,50.0,49.45244533579444
9.038,50.0,49.458464666780856
9.039,50.0,49.46448320613814
9.040000000000001,50.0,49.47050095397839
9.041,50.0,49.47651791041375
9.042,50.0,49.48253407555626
9.043000000000001,50.0,49.488549449518075
9.044,50.0,49.49456403241123
9.045,50.0,49.50057782434777
9.046,50.0,49.50659082543973
9.047,50.0,49.51260303579909
9.048,50.0,49.518614455537886
9.049,50.0,49.52462508476805
9.05,50.0,49.53063492360155
9.051,50.0,49.53664397215033
9.052,50.0,49.5426522305263
9.053,50.0,49.548659698841334
9.054,50.0,49.554666377207354
9.055,50.0,49.56067226573617
9.056000000000001,50.0,49.56667736453966
9.057,50.0,49.572681673729676
9.058,50.0,49.57868519341798
9.059000000000001,50.0,49.58468792371639
9.06,50.0,49.590689864736646
9.061,50.0,49.596691016590455
9.062,50.0,49.602691379389626
9.063,50.0,49.608690953245855
9.064,50.0,49.61468973827084
9.065,50.0,49.62068773457622
9.066,50.0,49.6266849422737
9.067,50.0,49.63268136147491
9.068,50.0,49.638676992291494
9.069,50.0,49.64467183483504
9.07,50.0,49.65066588921712
9.071,50.0,49.65665915554928
9.072000000000001,50.0,49.66265163394314
9.073,50.0,49.668643324510185
9.074,50.0,49.674634227361935
9.075000000000001,50.0,49.68062434260986
9.076,50.0,49.68661367036543
9.077,50.0,49.692602210740176
9.078,50.0,49.69858996384545
9.079,50.0,49.70457692979272
9.08,50.0,49.71056310869341
9.081,50.0,49.71654850065886
9.082,50.0,49.722533105800494
9.083,50.0,49.72851692422961
9.084,50.0,49.73449995605756
9.085,50.0,49.74048220139565
9.086,50.0,49.746463660355175
9.087,50.0,49.75244433304738
9.088000000000001,50.0,49.75842421958356
9.089,50.0,49.764403320074905
9.09,50.0,49.77038163463271
9.091,50.0,49.77635916336811
9.092,50.0,49.78233590639235
9.093,50.0,49.788311863816546
9.094,50.0,49.79428703575189
9.095,50.0,49.80026142230946
9.096,50.0,49.806235023600436
9.097,50.0,49.812207839735834
9.098,50.0,49.81817987082678
9.099,50.0,49.8241511169843
9.1,50.0,49.83012157831945
9.101,50.0,49.836091254943256
9.102,50.0,49.84206014696673
9.103,50.0,49.84802825450083
9.104000000000001,50.0,49.85399557765652
9.105,50.0,49.85996211654475
9.106,50.0,49.86592787127648
9.107,50.0,49.87189284196256
9.108,50.0,49.87785702871395
9.109,50.0,49.88382043164148
9.11,50.0,49.88978305085601
9.111,50.0,49.895744886468435
9.112,50.0,49.90170593858949
9.113,50.0,49.90766620733001
9.114,50.0,49.91362569280085
9.115,50.0,49.91958439511268
9.116,50.0,49.92554231437629
9.117,50.0,49.931499450702404
9.118,50.0,49.937455804201704
9.119,50.0,49.94341137498492
9.120000000000001,50.0,49.94936616316272
9.121,50.0,49.95532016884579
9.122,50.0,49.96127339214473
9.123,50.0,49.967225833170176
9.124,50.0,49.97317749203273
9.125,50.0,49.979128368842964
9.126,50.0,49.98507846371143
9.127,50.0,49.99102777674875
9.128,50.0,49.99697630806537
9.129,50.0,50.00292405777185
9.13,50.0,50.00887102597869
9.131,50.0,50.014817212796345
9.132,50.0,50.020762618335255
9.133000000000001,50.0,50.02670724270587
9.134,50.0,50.03265108601863
9.135,50.0,50.038594148383936
9.136000000000001,50.0,50.04453642991217
9.137,50.0,50.05047793071367
9.138,50.0,50.05641865089882
9.139,50.0,50.06235859057796
9.14,50.0,50.068297749861415
9.141,50.0,50.07423612885947
9.142,50.0,50.080173727682336
9.143,50.0,50.08611054644035
9.144,50.0,50.092046585243736
9.145,50.0,50.09798184420271
9.146,50.0,50.103916323427484
9.147,50.0,50.10985002302823
9.148,50.0,50.115782943115164
9.149000000000001,50.0,50.12171508379839
9.15,50.0,50.12764644518802
9.151,50.0,50.13357702739421
9.152000000000001,50.0,50.13950683052707
9.153,50.0,50.14543585469664
9.154,50.0,50.15136410001304
9.155,50.0,50.15729156658625
9.156,50.0,50.16321825452633
9.157,50.0,50.16914416394326
9.158,50.0,50.17506929494709
9.159,50.0,50.18099364764777
9.16,50.0,50.186917222155216
9.161,50.0,50.192840018579375
9.162,50.0,50.19876203703018
9.163,50.0,50.204683277617505
9.164,50.0,50.21060374045123
9.165000000000001,50.0,50.21652342564124
9.166,50.0,50.22244233329741
9.167,50.0,50.2283604635295
9.168000000000001,50.0,50.23427781644739
9.169,50.0,50.240194392160845
9.17,50.0,50.24611019077963
9.171,50.0,50.252025212413514
9.172,50.0,50.2579394571722
9.173,50.0,50.26385292516545
9.174,50.0,50.26976561650292
9.175,50.0,50.27567753129438
9.176,50.0,50.28158866964941
9.177,50.0,50.28749903167767
9.178,50.0,50.293408617488865
9.179,50.0,50.299317427192534
9.18,50.0,50.30522546089827
9.181000000000001,50.0,50.31113271871567
9.182,50.0,50.31703920075432
9.183,50.0,50.32294490712371
9.184000000000001,50.0,50.32884983793343
9.185,50.0,50.33475399329291
9.186,50.0,50.34065737331167
9.187,50.0,50.34655997809921
9.188,50.0,50.35246180776494
9.189,50.0,50.358362862418346
9.19,50.0,50.364263142168795
9.191,50.0,50.37016264712571
9.192,50.0,50.37606137739846
9.193,50.0,50.381959333096404
9.194,50.0,50.38785651432892
9.195,50.0,50.39375292120525
9.196,50.0,50.399648553834766
9.197000000000001,50.0,50.40554341232678
9.198,50.0,50.41143749679054
9.199,50.0,50.417330807335304
9.200000000000001,50.0,50.42322334407032
9.201,50.0,50.42911510710479
9.202,50.0,50.43500609654791
9.203,50.0,50.44089631250887
9.204,50.0,50.44678575509687
9.205,50.0,50.45267442442099
9.206,50.0,50.45856232059043
9.207,50.0,50.46444944371427
9.208,50.0,50.470335793901654
9.209,50.0,50.4762213712616
9.21,50.0,50.4821061759032
9.211,50.0,50.48799020793547
9.212,50.0,50.49387346746744
9.213000000000001,50.0,50.49975595460813
9.214,50.0,50.50563766946652
9.215,50.0,50.511518612151576
9.216000000000001,50.0,50.51739878277226
9.217,50.0,50.52327818143749
9.218,50.0,50.52915680825623
9.219,50.0,50.53503466333734
9.22,50.0,50.54091174678973
9.221,50.0,50.54678805872226
9.222,50.0,50.552663599243715
9.223,50.0,50.55853836846302
9.224,50.0,50.56441236648891
9.225,50.0,50.57028559343024
9.226,50.0,50.57615804939576
9.227,50.0,50.5820297344942
9.228,50.0,50.58790064883431
9.229000000000001,50.0,50.59377079252482
9.23,50.0,50.59964016567449
9.231,50.0,50.60550876839193
9.232,50.0,50.61137660078583
9.233,50.0,50.61724366296488
9.234,50.0,50.62310995503765
9.235,50.0,50.62897547711282
9.236,50.0,50.63484022929896
9.237,50.0,50.640704211704644
9.238,50.0,50.646567424438445
9.239,50.0,50.65242986760893
9.24,50.0,50.65829154132456
9.241,50.0,50.6641524456939
9.242,50.0,50.67001258082547
9.243,50.0,50.67587194682767
9.244,50.0,50.68173054380901
9.245000000000001,50.0,50.68758837187795
9.246,50.0,50.693445431142834
9.247,50.0,50.69930172171212
9.248,50.0,50.7051572436942
9.249,50.0,50.71101199719743
9.25,50.0,50.71686598233015
9.251,50.0,50.7227191992007
9.252,50.0,50.72857164791742
9.253,50.0,50.73442332858855
9.254,50.0,50.740274241322425
9.255,50.0,50.746124386227336
9.256,50.0,50.751973763411456
9.257,50.0,50.75782237298307
9.258000000000001,50.0,50.763670215050354
9.259,50.0,50.76951728972148
9.26,50.0,50.77536359710467
9.261000000000001,50.0,50.78120913730811
9.262,50.0,50.78705391043985
9.263,50.0,50.79289791660807
9.264,50.0,50.79874115592088
9.265,50.0,50.80458362848634
9.266,50.0,50.810425334412514
9.267,50.0,50.816266273807514
9.268,50.0,50.822106446779344
9.269,50.0,50.82794585343595
9.27,50.0,50.83378449388539
9.271,50.0,50.839622368235666
9.272,50.0,50.845459476594726
9.273,50.0,50.851295819070515
9.274000000000001,50.0,50.85713139577098
9.275,50.0,50.862966206804
9.276,50.0,50.86880025227748
9.277000000000001,50.0,50.874633532299356
9.278,50.0,50.8804660469774
9.279,50.0,50.88629779641951
9.28,50.0,50.89212878073346
9.281,50.0,50.89795900002713
9.282,50.0,50.90378845440824
9.283,50.0,50.909617143984576
9.284,50.0,50.9154450688639
9.285,50.0,50.92127222915394
9.286,50.0,50.92709862496247
9.287,50.0,50.93292425639714
9.288,50.0,50.93874912356563
9.289,50.0,50.94457322657564
9.290000000000001,50.0,50.95039656553479
9.291,50.0,50.95621914055073
9.292,50.0,50.96204095173107
9.293000000000001,50.0,50.96786199918341
9.294,50.0,50.97368228301531
9.295,50.0,50.9795018033343
9.296,50.0,50.985320560248
9.297,50.0,50.99113855386389
9.298,50.0,50.996955784289526
9.299,50.0,51.00277225163234
9.3,50.0,50.99967197451929
9.301,50.0,50.996572007434
9.302,50.0,50.99347235034537
9.303,50.0,50.99037300322249
9.304,50.0,50.98727396603431
9.305,50.0,50.984175238749856
9.306000000000001,50.0,50.98107682133809
9.307,50.0,50.977978713768096
9.308,50.0,50.97488091600883
9.309000000000001,50.0,50.97178342802937
9.31,50.0,50.96868624979868
9.311,50.0,50.96558938128584
9.312,50.0,50.96249282245981
9.313,50.0,50.959396573289666
9.314,50.0,50.95630063374443
9.315,50.0,50.95320500379319
9.316,50.0,50.95010968340489
9.317,50.0,50.947014672548676
9.318,50.0,50.94391997119351
9.319,50.0,50.94082557930852
9.32,50.0,50.93773149686268
9.321,50.0,50.93463772382512
9.322000000000001,50.0,50.931544260164856
9.323,50.0,50.92845110585097
9.324,50.0,50.92535826085248
9.325000000000001,50.0,50.922265725138516
9.326,50.0,50.919173498678106
9.327,50.0,50.916081581440324
9.328,50.0,50.9129899733943
9.329,50.0,50.909898674509066
9.33,50.0,50.90680768475369
9.331,50.0,50.9037170040973
9.332,50.0,50.90062663250899
9.333,50.0,50.89753656995782
9.334,50.0,50.89444681641294
9.335,50.0,50.891357371843355
9.336,50.0,50.888268236218266
9.337,50.0,50.88517940950675
9.338000000000001,50.0,50.882090891677876
9.339,50.0,50.879002682700786
9.34,50.0,50.87591478254461
9.341000000000001,50.0,50.87282719117843
9.342,50.0,50.869739908571376
9.343,50.0,50.86665293469258
9.344,50.0,50.86356626951118
9.345,50.0,50.86047991299631
9.346,50.0,50.8573938651171
9.347,50.0,50.85430812584269
9.348,50.0,50.851222695142155
9.349,50.0,50.84813757298474
9.35,50.0,50.845052759339524
9.351,50.0,50.84196825417564
9.352,50.0,50.83888405746228
9.353,50.0,50.83580016916858
9.354000000000001,50.0,50.832716589263725
9.355,50.0,50.829633317716855
9.356,50.0,50.82655035449716
9.357,50.0,50.82346769957377
9.358,50.0,50.82038535291588
9.359,50.0,50.817303314492676
9.36,50.0,50.8142215842733
9.361,50.0,50.811140162226934
9.362,50.0,50.808059048322775
9.363,50.0,50.80497824253001
9.364,50.0,50.801897744817836
9.365,50.0,50.79881755515544
9.366,50.0,50.79573767351195
9.367,50.0,50.792658099856624
9.368,50.0,50.789578834158704
9.369,50.0,50.786499876387325
9.370000000000001,50.0,50.783421226511734
9.371,50.0,50.780342884501124
9.372,50.0,50.77726485032474
9.373,50.0,50.774187123951776
9.374,50.0,50.77110970535142
9.375,50.0,50.76803259449292
9.376,50.0,50.76495579134553
9.377,50.0,50.76187929587843
9.378,50.0,50.758803108060874
9.379,50.0,50.75572722786211
9.38,50.0,50.752651655251384
9.381,50.0,50.74957639019789
9.382,50.0,50.746501432670925
9.383000000000001,50.0,50.74342678263969
9.384,50.0,50.74035244007348
9.385,50.0,50.73727840494149
9.386000000000001,50.0,50.73420467721303
9.387,50.0,50.73113125685734
9.388,50.0,50.72805814384367
9.389,50.0,50.72498533814132
9.39,50.0,50.72191283971955
9.391,50.0,50.7188406485476
9.392,50.0,50.71576876459477
9.393,50.0,50.712697187830315
9.394,50.0,50.70962591822354
9.395,50.0,50.70655495574374
9.396,50.0,50.703484300360174
9.397,50.0,50.70041395204214
9.398,50.0,50.697343910758946
9.399000000000001,50.0,50.694274176479894
9.4,50.0,50.69120474917423
9.401,50.0,50.688135628811324
9.402000000000001,50.0,50.68506681536047
9.403,50.0,50.681998308790924
9.404,50.0,50.67893010907204
9.405,50.0,50.67586221617313
9.406,50.0,50.67279463006349
9.407,50.0,50.66972735071249
9.408,50.0,50.66666037808943
9.409,50.0,50.66359371216362
9.41,50.0,50.66052735290441
9.411,50.0,50.65746130028111
9.412,50.0,50.65439555426309
9.413,50.0,50.65133011481964
9.414,50.0,50.648264981920136
9.415000000000001,50.0,50.64520015553393
9.416,50.0,50.64213563563038
9.417,50.0,50.6390714221788
9.418000000000001,50.0,50.63600751514855
9.419,50.0,50.63294391450904
9.42,50.0,50.629880620229585
9.421,50.0,50.62681763227954
9.422,50.0,50.62375495062827
9.423,50.0,50.62069257524519
9.424,50.0,50.61763050609966
9.425,50.0,50.614568743161044
9.426,50.0,50.611507286398705
9.427,50.0,50.60844613578206
9.428,50.0,50.60538529128047
9.429,50.0,50.6023247528633
9.43,50.0,50.599264520500014
9.431000000000001,50.0,50.59620459415993
9.432,50.0,50.593144973812514
9.433,50.0,50.59008565942713
9.434000000000001,50.0,50.587026650973144
9.435,50.0,50.583967948420025
9.436,50.0,50.580909551737136
9.437,50.0,50.57785146089395
9.438,50.0,50.57479367585984
9.439,50.0,50.571736196604206
9.44,50.0,50.568679023096536
9.441,50.0,50.56562215530619
9.442,50.0,50.562565593202635
9.443,50.0,50.5595093367553
9.444,50.0,50.556453385933594
9.445,50.0,50.55339774070694
9.446,50.0,50.550342401044816
9.447000000000001,50.0,50.547287366916635
9.448,50.0,50.544232638291874
9.449,50.0,50.54117821514001
9.450000000000001,50.0,50.538124097430455
9.451,50.0,50.53507028513269
9.452,50.0,50.53201677821613
9.453,50.0,50.528963576650256
9.454,50.0,50.525910680404536
9.455,50.0,50.52285808944845
9.456,50.0,50.51980580375147
9.457,50.0,50.51675382328301
9.458,50.0,50.51370214801261
9.459,50.0,50.510650777909746
9.46,50.0,50.507599712943886
9.461,50.0,50.50454895308451
9.462,50.0,50.501498498301146
9.463000000000001,50.0,50.49844834856327
9.464,50.0,50.49539850384036
9.465,50.0,50.49234896410189
9.466000000000001,50.0,50.489299729317395
9.467,50.0,50.4862507994564
9.468,50.0,50.48320217448838
9.469,50.0,50.48015385438288
9.47,50.0,50.477105839109356
9.471,50.0,50.47405812863735
9.472,50.0,50.4710107229364
9.473,50.0,50.467963621976025
9.474,50.0,50.464916825725766
9.475,50.0,50.461870334155094
9.476,50.0,50.4588241472336
9.477,50.0,50.455778264930814
9.478,50.0,50.45273268721627
9.479000000000001,50.0,50.44968741405944
9.48,50.0,50.44664244542997
9.481,50.0,50.44359778129734
9.482,50.0,50.44055342163114
9.483,50.0,50.43750936640089
9.484,50.0,50.43446561557619
9.485,50.0,50.43142216912656
9.486,50.0,50.42837902702155
9.487,50.0,50.425336189230734
9.488,50.0,50.422293655723706
9.489,50.0,50.419251426470055
9.49,50.0,50.41620950143931
9.491,50.0,50.413167880601065
9.492,50.0,50.410126563924905
9.493,50.0,50.40708555138042
9.494,50.0,50.404044842937196
9.495000000000001,50.0,50.40100443856477
9.496,50.0,50.39796433823284
9.497,50.0,50.39492454191094
9.498,50.0,50.39188504956866
9.499,50.0,50.38884586117558
9.5,50.0,50.38580697670136
9.501,50.0,50.38276839611558
9.502,50.0,50.37973011938783
9.503,50.0,50.376692146487756
9.504,50.0,50.373654477385
9.505,50.0,50.37061711204916
9.506,50.0,50.36758005044982
9.507,50.0,50.364543292556675
9.508000000000001,50.0,50.361506838339324
9.509,50.0,50.35847068776735
9.51,50.0,50.35543484081046
9.511000000000001,50.0,50.35239929743824
9.512,50.0,50.34936405762039
9.513,50.0,50.346329121326505
9.514,50.0,50.343294488526226
9.515,50.0,50.340260159189256
9.516,50.0,50.337226133285185
9.517,50.0,50.334192410783714
9.518,50.0,50.33115899165449
9.519,50.0,50.328125875867215
9.52,50.0,50.32509306339148
9.521,50.0,50.32206055419698
9.522,50.0,50.319028348253426
9.523,50.0,50.31599644553046
9.524000000000001,50.0,50.31296484599778
9.525,50.0,50.30993354962504
9.526,50.0,50.30690255638194
9.527000000000001,50.0,50.30387186623818
9.528,50.0,50.30084147916341
9.529,50.0,50.297811395127326
9.53,50.0,50.29478161409969
9.531,50.0,50.29175213605015
9.532,50.0,50.288722960948405
9.533,50.0,50.28569408876416
9.534,50.0,50.282665519467116
9.535,50.0,50.27963725302703
9.536,50.0,50.27660928941356
9.537,50.0,50.273581628596446
9.538,50.0,50.27055427054546
9.539,50.0,50.267527215230245
9.540000000000001,50.0,50.26450046262056
9.541,50.0,50.261474012686165
9.542,50.0,50.25844786539676
9.543000000000001,50.0,50.25542202072205
9.544,50.0,50.252396478631795
9.545,50.0,50.24937123909575
9.546,50.0,50.24634630208368
9.547,50.0,50.24332166756528
9.548,50.0,50.24029733551038
9.549,50.0,50.237273305888664
9.55,50.0,50.2342495786699
9.551,50.0,50.231226153823854
9.552,50.0,50.22820303132028
9.553,50.0,50.225180211128986
9.554,50.0,50.222157693219685
9.555,50.0,50.21913547756219
9.556000000000001,50.0,50.21611356412626
9.557,50.0,50.213091952881655
9.558,50.0,50.21007064379819
9.559000000000001,50.0,50.207049636845625
9.56,50.0,50.204028931993776
9.561,50.0,50.2010085292124
9.562,50.0,50.19798842847132
9.563,50.0,50.19496862974029
9.564,50.0,50.19194913298912
9.565,50.0,50.18892993818764
9.566,50.0,50.18591104530566
9.567,50.0,50.182892454312935
9.568,50.0,50.17987416517934
9.569,50.0,50.17685617787464
9.57,50.0,50.173838492368645
9.571,50.0,50.17082110863123
9.572000000000001,50.0,50.167804026632155
9.573,50.0,50.16478724634129
9.574,50.0,50.161770767728456
9.575000000000001,50.0,50.158754590763465
9.576,50.0,50.15573871541619
9.577,50.0,50.15272314165645
9.578,50.0,50.14970786945406
9.579,50.0,50.146692898778895
9.58,50.0,50.14367822960082
9.581,50.0,50.140663861889664
9.582,50.0,50.13764979561529
9.583,50.0,50.134636030747515
9.584,50.0,50.131622567256215
9.585,50.0,50.12860940511126
9.586,50.0,50.12559654428253
9.587,50.0,50.12258398473989
9.588000000000001,50.0,50.119571726453216
9.589,50.0,50.11655976939238
9.59,50.0,50.1135481135272
9.591000000000001,50.0,50.11053675882761
9.592,50.0,50.10752570526353
9.593,50.0,50.10451495280478
9.594,50.0,50.10150450142129
9.595,50.0,50.098494351082934
9.596,50.0,50.095484501759586
9.597,50.0,50.092474953421174
9.598,50.0,50.08946570603763
9.599,50.0,50.08645675957882
9.6,50.0,50.08344811401463
9.601,50.0,50.08043976931498
9.602,50.0,50.0774317254498
9.603,50.0,50.07442398238902
9.604000000000001,50.0,50.071416540102575
9.605,50.0,50.068409398560334
9.606,50.0,50.06540255773223
9.607,50.0,50.06239601758824
9.608,50.0,50.05938977809825
9.609,50.0,50.05638383923218
9.61,50.0,50.053378200960026
9.611,50.0,50.05037286325171
9.612,50.0,50.04736782607716
9.613,50.0,50.04436308940632
9.614,50.0,50.04135865320916
9.615,50.0,50.038354517455616
9.616,50.0,50.03535068211562
9.617,50.0,50.03234714715916
9.618,50.0,50.029343912556214
9.619,50.0,50.02634097827672
9.620000000000001,50.0,50.023338344290664
9.621,50.0,50.02033601056797
9.622,50.0,50.01733397707869
9.623,50.0,50.01433224379275
9.624,50.0,50.011330810680136
9.625,50.0,50.00832967771083
9.626,50.0,50.00532884485483
9.627,50.0,50.00232831208206
9.628,50.0,49.99932807936261
9.629,50.0,49.99632814666643
9.63,50.0,49.99332851396349
9.631,50.0,49.99032918122384
9.632,50.0,49.98733014841747
9.633000000000001,50.0,49.98433141551436
9.634,50.0,49.98133298248456
9.635,50.0,49.97833484929805
9.636000000000001,50.0,49.97533701592482
9.637,50.0,49.972339482334974
9.638,50.0,49.96934224849849
9.639,50.0,49.966345314385364
9.64,50.0,49.963348679965634
9.641,50.0,49.960352345209344
9.642,50.0,49.95735631008654
9.643,50.0,49.95436057456726
9.644,50.0,49.951365138621554
9.645,50.0,49.948370002219406
9.646,50.0,49.945375165330915
9.647,50.0,49.94238062792613
9.648,50.0,49.93938638997503
9.649000000000001,50.0,49.936392451447716
9.65,50.0,49.933398812314294
9.651,50.0,49.930405472544805
9.652000000000001,50.0,49.927412432109236
9.653,50.0,49.92441969097774
9.654,50.0,49.92142724912037
9.655,50.0,49.91843510650716
9.656,50.0,49.915443263108216
9.657,50.0,49.912451718893635
9.658,50.0,49.90946047383346
9.659,50.0,49.9064695278978
9.66,50.0,49.903478881056685
9.661,50.0,49.90048853328028
9.662,50.0,49.89749848453863
9.663,50.0,49.89450873480189
9.664,50.0,49.8915192840401
9.665000000000001,50.0,49.888530132223366
9.666,50.0,49.88554127932184
9.667,50.0,49.88255272530563
9.668000000000001,50.0,49.87956447014477
9.669,50.0,49.876576513809425
9.67,50.0,49.87358885626975
9.671,50.0,49.87060149749584
9.672,50.0,49.8676144374578
9.673,50.0,49.864627676125735
9.674,50.0,49.861641213469795
9.675,50.0,49.85865504946014
9.676,50.0,49.85566918406687
9.677,50.0,49.85268361726014
9.678,50.0,49.84969834901011
9.679,50.0,49.84671337928688
9.68,50.0,49.84372870806061
9.681000000000001,50.0,49.84074433530145
9.682,50.0,49.83776026097962
9.683,50.0,49.83477648506522
9.684000000000001,50.0,49.831793007528404
9.685,50.0,49.82880982833933
9.686,50.0,49.82582694746816
9.687,50.0,49.8228443648851
9.688,50.0,49.819862080560256
9.689,50.0,49.8168800944639
9.69,50.0,49.813898406566125
9.691,50.0,49.81091701683715
9.692,50.0,49.807935925247136
9.693,50.0,49.80495513176629
9.694,50.0,49.801974636364776
9.695,50.0,49.7989944390128
9.696,50.0,49.796014539680584
9.697000000000001,50.0,49.79303493833828
9.698,50.0,49.790055634956104
9.699,50.0,49.78707662950427
9.700000000000001,50.0,49.78409792195299
9.701,50.0,49.781119512272426
9.702,50.0,49.778141400432844
9.703,50.0,49.77516358640446
9.704,50.0,49.77218607015749
9.705,50.0,49.76920885166214
9.706,50.0,49.76623193088864
9.707,50.0,49.763255307807185
9.708,50.0,49.76027898238806
9.709,50.0,49.75730295460147
9.71,50.0,49.754327224417636
9.711,50.0,49.751351791806826
9.712,50.0,49.74837665673931
9.713000000000001,50.0,49.74540181918525
9.714,50.0,49.74242727911496
9.715,50.0,49.739453036498674
9.716000000000001,50.0,49.73647909130665
9.717,50.0,49.73350544350916
9.718,50.0,49.73053209307642
9.719,50.0,49.72755903997876
9.72,50.0,49.72458628418639
9.721,50.0,49.72161382566958
9.722,50.0,49.71864166439866
9.723,50.0,49.715669800343846
9.724,50.0,49.712698233475464
9.725,50.0,49.70972696376373
9.726,50.0,49.706755991178966
9.727,50.0,49.70378531569145
9.728,50.0,49.7008149372715
9.729000000000001,50.0,49.6978448558894
9.73,50.0,49.69487507151541
9.731,50.0,49.691905584119866
9.732,50.0,49.68893639367309
9.733,50.0,49.68596750014535
9.734,50.0,49.682998903506984
9.735,50.0,49.680030603728255
9.736,50.0,49.67706260077949
9.737,50.0,49.674094894631025
9.738,50.0,49.67112748525318
9.739,50.0,49.668160372616285
9.74,50.0,49.66519355669061
9.741,50.0,49.66222703744654
9.742,50.0,49.659260814854406
9.743,50.0,49.65629488888453
9.744,50.0,49.653329259507245
9.745000000000001,50.0,49.650363926692876
9.746,50.0,49.64739889041181
9.747,50.0,49.64443415063437
9.748,50.0,49.641469707330884
9.749,50.0,49.63850556047174
9.75,50.0,49.63554171002727
9.751,50.0,49.63257815596785
9.752,50.0,49.62961489826387
9.753,50.0,49.62665193688565
9.754,50.0,49.623689271803585
9.755,50.0,49.620726902988
9.756,50.0,49.61776483040927
9.757,50.0,49.61480305403785
9.758000000000001,50.0,49.611841573844
9.759,50.0,49.60888038979823
9.76,50.0,49.60591950187086
9.761000000000001,50.0,49.60295891003227
9.762,50.0,49.599998614252854
9.763,50.0,49.59703861450299
9.764,50.0,49.594078910753126
9.765,50.0,49.59111950297364
9.766,50.0,49.58816039113492
9.767,50.0,49.58520157520741
9.768,50.0,49.582243055161484
9.769,50.0,49.57928483096754
9.77,50.0,49.57632690259601
9.771,50.0,49.57336927001734
9.772,50.0,49.57041193320191
9.773,50.0,49.56745489212017
9.774000000000001,50.0,49.564498146742494
9.775,50.0,49.56154169703939
9.776,50.0,49.558585542981234
9.777000000000001,50.0,49.555629684538474
9.778,50.0,49.552674121681605
9.779,50.0,49.54971885438101
9.78,50.0,49.54676388260714
9.781,50.0,49.54380920633042
9.782,50.0,49.540854825521365
9.783,50.0,49.53790074015035
9.784,50.0,49.53494695018787
9.785,50.0,49.531993455604436
9.786,50.0,49.52904025637042
9.787,50.0,49.52608735245633
9.788,50.0,49.52313474383266
9.789,50.0,49.520182430469845
9.790000000000001,50.0,49.517230412338336
9.791,50.0,49.51427868940863
9.792,50.0,49.51132726165122
9.793000000000001,50.0,49.508376129036606
9.794,50.0,49.50542529153523
9.795,50.0,49.50247474911765
9.796,50.0,49.49952450175431
9.797,50.0,49.4965745494157
9.798,50.0,49.49362489207232
9.799,50.0,49.49067552969467
9.8,50.0,49.48772646225325
9.801,50.0,49.484777689718555
9.802,50.0,49.48182921206114
9.803,50.0,49.478881029251454
9.804,50.0,49.47593314126004
9.805,50.0,49.472985548057466
9.806000000000001,50.0,49.47003824961416
9.807,50.0,49.46709124590075
9.808,50.0,49.464144536887716
9.809000000000001,50.0,49.46119812254557
9.81,50.0,49.45825200284486
9.811,50.0,49.455306177756086
9.812,50.0,49.45236064724986
9.813,50.0,49.449415411296684
9.814,50.0,49.44647046986705
9.815,50.0,49.443525822931576
9.816,50.0,49.44058147046081
9.817,50.0,49.43763741242532
9.818,50.0,49.43469364879559
9.819,50.0,49.431750179542234
9.82,50.0,49.428807004635814
9.821,50.0,49.42586412404688
9.822000000000001,50.0,49.42292153774599
9.823,50.0,49.41997924570376
9.824,50.0,49.417037247890676
9.825000000000001,50.0,49.414095544277416
9.826,50.0,49.411154134834476
9.827,50.0,49.408213019532525
9.828,50.0,49.40527219834206
9.829,50.0,49.40233167123375
9.83,50.0,49.39939143817816
9.831,50.0,49.396451499145826
9.832,50.0,49.39351185410743
9.833,50.0,49.390572503033525
9.834,50.0,49.38763344589472
9.835,50.0,49.38469468266163
9.836,50.0,49.38175621330487
9.837,50.0,49.37881803779504
9.838000000000001,50.0,49.37588015610277
9.839,50.0,49.37294256819865
9.84,50.0,49.37000527405331
9.841000000000001,50.0,49.367068273637415
9.842,50.0,49.36413156692157
9.843,50.0,49.361195153876395
9.844,50.0,49.358259034472496
9.845,50.0,49.355323208680545
9.846,50.0,49.35238767647115
9.847,50.0,49.34945243781499
9.848,50.0,49.346517492682665
9.849,50.0,49.343582841044906
9.85,50.0,49.34064848287227
9.851,50.0,49.33771441813548
9.852,50.0,49.33478064680514
9.853,50.0,49.33184716885194
9.854000000000001,50.0,49.328913984246526
9.855,50.0,49.32598109295958
9.856,50.0,49.32304849496177
9.857,50.0,49.32011619022376
9.858,50.0,49.31718417871622
9.859,50.0,49.31425246040982
9.86,50.0,49.31132103527523
9.861,50.0,49.30838990328317
9.862,50.0,49.30545906440432
9.863,50.0,49.302528518609336
9.864,50.0,49.29959826586895
9.865,50.0,49.29666830615383
9.866,50.0,49.29373863943471
9.867,50.0,49.29080926568224
9.868,50.0,49.28788018486716
9.869,50.0,49.28495139696014
9.870000000000001,50.0,49.282022901931896
9.871,50.0,49.27909469975316
9.872,50.0,49.276166790394655
9.873,50.0,49.27323917382705
9.874,50.0,49.27031185002113
9.875,50.0,49.26738481894756
9.876,50.0,49.26445808057713
9.877,50.0,49.2615316348805
9.878,50.0,49.258605481828454
9.879,50.0,49.25567962139172
9.88,50.0,49.252754053541025
9.881,50.0,49.24982877824709
9.882,50.0,49.246903795480705
9.883000000000001,50.0,49.24397910521259
9.884,50.0,49.241054707413525
9.885,50.0,49.23813060205424
9.886000000000001,50.0,49.23520678910546
9.887,50.0,49.23228326853797
9.888,50.0,49.22936004032255
9.889,50.0,49.226437104429976
9.89,50.0,49.223514460830984
9.891,50.0,49.22059210949635
9.892,50.0,49.21767005039686
9.893,50.0,49.21474828350324
9.894,50.0,49.21182680878633
9.895,50.0,49.208905626216904
9.896,50.0,49.205984735765696
9.897,50.0,49.203064137403544
9.898,50.0,49.20014383110123
9.899000000000001,50.0,49.197223816829535
9.9,50.0,49.1943040945593
9.901,50.0,49.19138466426125
9.902000000000001,50.0,49.188465525906224
9.903,50.0,49.18554667946506
9.904,50.0,49.18262812490855
9.905,50.0,49.17970986220746
9.906,50.0,49.17679189133264
9.907,50.0,49.17387421225493
9.908,50.0,49.17095682494511
9.909,50.0,49.168039729374016
9.91,50.0,49.16512292551249
9.911,50.0,49.162206413331376
9.912,50.0,49.15929019280145
9.913,50.0,49.156374263893554
9.914,50.0,49.15345862657858
9.915000000000001,50.0,49.15054328082732
9.916,50.0,49.147628226610664
9.917,50.0,49.14471346389939
9.918000000000001,50.0,49.141798992664405
9.919,50.0,49.13888481287654
9.92,50.0,49.13597092450664
9.921,50.0,49.13305732752559
9.922,50.0,49.13014402190424
9.923,50.0,49.12723100761343
9.924,50.0,49.12431828462405
9.925,50.0,49.121405852907
9.926,50.0,49.11849371243312
9.927,50.0,49.11558186317325
9.928,50.0,49.112670305098334
9.929,50.0,49.10975903817922
9.93,50.0,49.1068480623868
9.931000000000001,50.0,49.10393737769198
9.932,50.0,49.101026984065584
9.933,50.0,49.098116881478575
9.934000000000001,50.0,49.09520706990179
9.935,50.0,49.09229754930618
9.936,50.0,49.089388319662646
9.937,50.0,49.08647938094208
9.938,50.0,49.08357073311538
9.939,50.0,49.08066237615344
9.94,50.0,49.07775431002722
9.941,50.0,49.0748465347076
9.942,50.0,49.0719390501655
9.943,50.0,49.06903185637185
9.944,50.0,49.06612495329756
9.945,50.0,49.06321834091358
9.946,50.0,49.06031201919086
9.947000000000001,50.0,49.0574059881003
9.948,50.0,49.05450024761285
9.949,50.0,49.051594797699465
9.950000000000001,50.0,49.04868963833104
9.951,50.0,49.04578476947859
9.952,50.0,49.042880191113
9.953,50.0,49.03997590320523
9.954,50.0,49.03707190572629
9.955,50.0,49.03416819864708
9.956,50.0,49.0312647819386
9.957,50.0,49.02836165557176
9.958,50.0,49.02545881951755
9.959,50.0,49.02255627374694
9.96,50.0,49.01965401823094
9.961,50.0,49.01675205294049
9.962,50.0,49.01385037784655
9.963000000000001,50.0,49.010948992920135
9.964,50.0,49.00804789813219
9.965,50.0,49.00514709345373
9.966000000000001,50.0,49.002246578855704
9.967,50.0,48.99934635430918
9.968,50.0,49.00542529745462
9.969,50.0,49.011503440519334
9.97,50.0,49.017580783616836
9.971,50.0,49.02365732686064
9.972,50.0,49.029733070364216
9.973,50.0,49.03580801424107
9.974,50.0,49.04188215860461
9.975,50.0,49.04795550356829
9.976,50.0,49.05402804924552
9.977,50.0,49.06009979574969
9.978,50.0,49.06617074319422
9.979000000000001,50.0,49.072240891692445
9.98,50.0,49.07831024135771
9.981,50.0,49.08437879230331
9.982000000000001,50.0,49.09044654464259
9.983,50.0,49.096513498488775
9.984,50.0,49.10257965395516
9.985,50.0,49.10864501115503
9.986,50.0,49.114709570201626
9.987,50.0,49.120773331208056
9.988,50.0,49.126836294287614
9.989,50.0,49.13289845955342
9.99,50.0,49.13895982711864
9.991,50.0,49.1450203970964
9.992,50.0,49.15108016959988
9.993,50.0,49.15713914474213
9.994,50.0,49.16319732263622
9.995000000000001,50.0,49.16925470339521
9.996,50.0,49.17531128713216
9.997,50.0,49.181367073960075
9.998,50.0,49.18742206399196
9.999,50.0,49.19347625734082
10.0,50.0,49.19952965411966
