time,stage_id,x2,v2,y,_output
0.0,stage1,0.0,0.0,0,0
0.001,stage1,6.649226464178007e-05,0.016597735773914817,0,0
0.002,stage1,6.649226464178007e-05,0.016597735773914817,0,0
0.003,stage1,6.649226464178007e-05,0.016597735773914817,0,0
0.004,stage1,6.649226464178007e-05,0.016597735773914817,0,0
0.005,stage1,6.649226464178007e-05,0.016597735773914817,0,0
0.006,stage1,6.649226464178007e-05,0.016597735773914817,0,0
0.007,stage1,6.649226464178007e-05,0.016597735773914817,0,0
0.008,stage1,6.649226464178007e-05,0.016597735773914817,0,0
0.009,stage1,6.649226464178007e-05,0.016597735773914817,0,0
0.01,stage1,6.649226464178007e-05,0.016597735773914817,0,0
0.011,stage1,0.00033125020139750566,0.03631828536143366,0,0
0.012,stage1,0.00033125020139750566,0.03631828536143366,0,0
0.013,stage1,0.00033125020139750566,0.03631828536143366,0,0
0.014,stage1,0.00033125020139750566,0.03631828536143366,0,0
0.015,stage1,0.00033125020139750566,0.03631828536143366,0,0
0.016,stage1,0.00033125020139750566,0.03631828536143366,0,0
0.017,stage1,0.00033125020139750566,0.03631828536143366,0,0
0.018,stage1,0.00033125020139750566,0.03631828536143366,0,0
0.019,stage1,0.00033125020139750566,0.03631828536143366,0,0
0.02,stage1,0.00033125020139750566,0.03631828536143366,0,0
0.021,stage1,0.0007921207180041337,0.055818659523709235,0,0
0.022,stage1,0.0007921207180041337,0.055818659523709235,0,0
0.023,stage1,0.0007921207180041337,0.055818659523709235,0,0
0.024,stage1,0.0007921207180041337,0.055818659523709235,0,0
0.025,stage1,0.0007921207180041337,0.055818659523709235,0,0
0.026,stage1,0.0007921207180041337,0.055818659523709235,0,0
0.027,stage1,0.0007921207180041337,0.055818659523709235,0,0
0.028,stage1,0.0007921207180041337,0.055818659523709235,0,0
0.029,stage1,0.0007921207180041337,0.055818659523709235,0,0
0.03,stage1,0.0007921207180041337,0.055818659523709235,0,0
0.031,stage1,0.0014468547304162373,0.07508943011308744,0,0
0.032,stage1,0.0014468547304162373,0.07508943011308744,0,0
0.033,stage1,0.0014468547304162373,0.07508943011308744,0,0
0.034,stage1,0.0014468547304162373,0.07508943011308744,0,0
0.035,stage1,0.0014468547304162373,0.07508943011308744,0,0
0.036,stage1,0.0014468547304162373,0.07508943011308744,0,0
0.037,stage1,0.0014468547304162373,0.07508943011308744,0,0
0.038,stage1,0.0014468547304162373,0.07508943011308744,0,0
0.039,stage1,0.0014468547304162373,0.07508943011308744,0,0
0.04,stage1,0.0014468547304162373,0.07508943011308744,0,0
0.041,stage1,0.0022931100150758786,0.09412139776712827,0,0
0.042,stage1,0.0022931100150758786,0.09412139776712827,0,0
0.043,stage1,0.0022931100150758786,0.09412139776712827,0,0
0.044,stage1,0.0022931100150758786,0.09412139776712827,0,0
0.045,stage1,0.0022931100150758786,0.09412139776712827,0,0
0.046,stage1,0.0022931100150758786,0.09412139776712827,0,0
0.047,stage1,0.0022931100150758786,0.09412139776712827,0,0
0.048,stage1,0.0022931100150758786,0.09412139776712827,0,0
0.049,stage1,0.0022931100150758786,0.09412139776712827,0,0
0.05,stage1,0.0022931100150758786,0.09412139776712827,0,0
0.051,stage1,0.0033284535082392804,0.1129055941802422,0,0
0.052,stage1,0.0033284535082392804,0.1129055941802422,0,0
0.053,stage1,0.0033284535082392804,0.1129055941802422,0,0
0.054,stage1,0.0033284535082392804,0.1129055941802422,0,0
0.055,stage1,0.0033284535082392804,0.1129055941802422,0,0
0.056,stage1,0.0033284535082392804,0.1129055941802422,0,0
0.057,stage1,0.0033284535082392804,0.1129055941802422,0,0
0.058,stage1,0.0033284535082392804,0.1129055941802422,0,0
0.059,stage1,0.0033284535082392804,0.1129055941802422,0,0
0.06,stage1,0.0033284535082392804,0.1129055941802422,0,0
0.061,stage1,0.004550363627321176,0.1314332842356428,0,0
0.062,stage1,0.004550363627321176,0.1314332842356428,0,0
0.063,stage1,0.004550363627321176,0.1314332842356428,0,0
0.064,stage1,0.004550363627321176,0.1314332842356428,0,0
0.065,stage1,0.004550363627321176,0.1314332842356428,0,0
0.066,stage1,0.004550363627321176,0.1314332842356428,0,0
0.067,stage1,0.004550363627321176,0.1314332842356428,0,0
0.068,stage1,0.004550363627321176,0.1314332842356428,0,0
0.069,stage1,0.004550363627321176,0.1314332842356428,0,0
0.07,stage1,0.004550363627321176,0.1314332842356428,0,0
0.071,stage1,0.005956232612861756,0.14969596799797852,1,0
0.072,stage1,0.005956232612861756,0.14969596799797852,1,0
0.073,stage1,0.005956232612861756,0.14969596799797852,1,0
0.074,stage1,0.005956232612861756,0.14969596799797852,1,0
0.075,stage1,0.005956232612861756,0.14969596799797852,1,0
0.076,stage1,0.005956232612861756,0.14969596799797852,1,0
0.077,stage1,0.005956232612861756,0.14969596799797852,1,0
0.078,stage1,0.005956232612861756,0.14969596799797852,1,0
0.079,stage1,0.005956232612861756,0.14969596799797852,1,0
0.08,stage1,0.005956232612861756,0.14969596799797852,1,0
0.081,stage1,0.007543368889725097,0.16768538256707216,1,0
0.082,stage1,0.007543368889725097,0.16768538256707216,1,0
0.083,stage1,0.007543368889725097,0.16768538256707216,1,0
0.084,stage1,0.007543368889725097,0.16768538256707216,1,0
0.085,stage1,0.007543368889725097,0.16768538256707216,1,0
0.086,stage1,0.007543368889725097,0.16768538256707216,1,0
0.087,stage1,0.007543368889725097,0.16768538256707216,1,0
0.088,stage1,0.007543368889725097,0.16768538256707216,1,0
0.089,stage1,0.007543368889725097,0.16768538256707216,1,0
0.09,stage1,0.007543368889725097,0.16768538256707216,1,0
0.091,stage1,0.009308999446142559,0.1853935037932613,1,0
0.092,stage1,0.009308999446142559,0.1853935037932613,1,0
0.093,stage1,0.009308999446142559,0.1853935037932613,1,0
0.094,stage1,0.009308999446142559,0.1853935037932613,1,0
0.095,stage1,0.009308999446142559,0.1853935037932613,1,0
0.096,stage1,0.009308999446142559,0.1853935037932613,1,0
0.097,stage1,0.009308999446142559,0.1853935037932613,1,0
0.098,stage1,0.009308999446142559,0.1853935037932613,1,0
0.099,stage1,0.009308999446142559,0.1853935037932613,1,0
0.1,stage1,0.01125027222921989,0.20281254785489694,1,0
0.101,stage1,0.01125027222921989,0.20281254785489694,1,0
0.102,stage1,0.01125027222921989,0.20281254785489694,1,0
0.103,stage1,0.01125027222921989,0.20281254785489694,1,0
0.104,stage1,0.01125027222921989,0.20281254785489694,1,0
0.105,stage1,0.01125027222921989,0.20281254785489694,1,0
0.106,stage1,0.01125027222921989,0.20281254785489694,1,0
0.107,stage1,0.01125027222921989,0.20281254785489694,1,0
0.108,stage1,0.01125027222921989,0.20281254785489694,1,0
0.109,stage1,0.01125027222921989,0.20281254785489694,1,0
0.11,stage1,0.01336425855553268,0.2199349726986203,1,0
0.111,stage1,0.01336425855553268,0.2199349726986203,1,0
0.112,stage1,0.01336425855553268,0.2199349726986203,1,0
0.113,stage1,0.01336425855553268,0.2199349726986203,1,0
0.114,stage1,0.01336425855553268,0.2199349726986203,1,0
0.115,stage1,0.01336425855553268,0.2199349726986203,1,0
0.116,stage1,0.01336425855553268,0.2199349726986203,1,0
0.117,stage1,0.01336425855553268,0.2199349726986203,1,0
0.118,stage1,0.01336425855553268,0.2199349726986203,1,0
0.119,stage1,0.01336425855553268,0.2199349726986203,1,0
0.12,stage1,0.015647955535441294,0.23675347934310043,2,0
0.121,stage1,0.015647955535441294,0.23675347934310043,2,0
0.122,stage1,0.015647955535441294,0.23675347934310043,2,0
0.123,stage1,0.015647955535441294,0.23675347934310043,2,0
0.124,stage1,0.015647955535441294,0.23675347934310043,2,0
0.125,stage1,0.015647955535441294,0.23675347934310043,2,0
0.126,stage1,0.015647955535441294,0.23675347934310043,2,0
0.127,stage1,0.015647955535441294,0.23675347934310043,2,0
0.128,stage1,0.015647955535441294,0.23675347934310043,2,0
0.129,stage1,0.015647955535441294,0.23675347934310043,2,0
0.13,stage1,0.018098288509763562,0.2532610130469752,2,0
0.131,stage1,0.018098288509763562,0.2532610130469752,2,0
0.132,stage1,0.018098288509763562,0.2532610130469752,2,0
0.133,stage1,0.018098288509763562,0.2532610130469752,2,0
0.134,stage1,0.018098288509763562,0.2532610130469752,2,0
0.135,stage1,0.018098288509763562,0.2532610130469752,2,0
0.136,stage1,0.018098288509763562,0.2532610130469752,2,0
0.137,stage1,0.018098288509763562,0.2532610130469752,2,0
0.138,stage1,0.018098288509763562,0.2532610130469752,2,0
0.139,stage1,0.018098288509763562,0.2532610130469752,2,0
0.14,stage1,0.020712113497451234,0.2694507643417994,2,0
0.141,stage1,0.020712113497451234,0.2694507643417994,2,0
0.142,stage1,0.020712113497451234,0.2694507643417994,2,0
0.143,stage1,0.020712113497451234,0.2694507643417994,2,0
0.144,stage1,0.020712113497451234,0.2694507643417994,2,0
0.145,stage1,0.020712113497451234,0.2694507643417994,2,0
0.146,stage1,0.020712113497451234,0.2694507643417994,2,0
0.147,stage1,0.020712113497451234,0.2694507643417994,2,0
0.148,stage1,0.020712113497451234,0.2694507643417994,2,0
0.149,stage1,0.020712113497451234,0.2694507643417994,2,0
0.15,stage1,0.020712113497451234,0.2694507643417994,2,0
0.151,stage1,0.023486219652924516,0.2853161699308623,2,0
0.152,stage1,0.023486219652924516,0.2853161699308623,2,0
0.153,stage1,0.023486219652924516,0.2853161699308623,2,0
0.154,stage1,0.023486219652924516,0.2853161699308623,2,0
0.155,stage1,0.023486219652924516,0.2853161699308623,2,0
0.156,stage1,0.023486219652924516,0.2853161699308623,2,0
0.157,stage1,0.023486219652924516,0.2853161699308623,2,0
0.158,stage1,0.023486219652924516,0.2853161699308623,2,0
0.159,stage1,0.023486219652924516,0.2853161699308623,2,0
0.16,stage1,0.023486219652924516,0.2853161699308623,2,0
0.161,stage1,0.026417331731727955,0.3008509134547946,3,0
0.162,stage1,0.026417331731727955,0.3008509134547946,3,0
0.163,stage1,0.026417331731727955,0.3008509134547946,3,0
0.164,stage1,0.026417331731727955,0.3008509134547946,3,0
0.165,stage1,0.026417331731727955,0.3008509134547946,3,0
0.166,stage1,0.026417331731727955,0.3008509134547946,3,0
0.167,stage1,0.026417331731727955,0.3008509134547946,3,0
0.168,stage1,0.026417331731727955,0.3008509134547946,3,0
0.169,stage1,0.026417331731727955,0.3008509134547946,3,0
0.17,stage1,0.026417331731727955,0.3008509134547946,3,0
0.171,stage1,0.02950211256318039,0.3160489261249427,3,0
0.172,stage1,0.02950211256318039,0.3160489261249427,3,0
0.173,stage1,0.02950211256318039,0.3160489261249427,3,0
0.174,stage1,0.02950211256318039,0.3160489261249427,3,0
0.175,stage1,0.02950211256318039,0.3160489261249427,3,0
0.176,stage1,0.02950211256318039,0.3160489261249427,3,0
0.177,stage1,0.02950211256318039,0.3160489261249427,3,0
0.178,stage1,0.02950211256318039,0.3160489261249427,3,0
0.179,stage1,0.02950211256318039,0.3160489261249427,3,0
0.18,stage1,0.02950211256318039,0.3160489261249427,3,0
0.181,stage1,0.03273716552870179,0.3309043872255431,3,0
0.182,stage1,0.03273716552870179,0.3309043872255431,3,0
0.183,stage1,0.03273716552870179,0.3309043872255431,3,0
0.184,stage1,0.03273716552870179,0.3309043872255431,3,0
0.185,stage1,0.03273716552870179,0.3309043872255431,3,0
0.186,stage1,0.03273716552870179,0.3309043872255431,3,0
0.187,stage1,0.03273716552870179,0.3309043872255431,3,0
0.188,stage1,0.03273716552870179,0.3309043872255431,3,0
0.189,stage1,0.03273716552870179,0.3309043872255431,3,0
0.19,stage1,0.03273716552870179,0.3309043872255431,3,0
0.191,stage1,0.03611903704451032,0.3454117244857857,4,0
0.192,stage1,0.03611903704451032,0.3454117244857857,4,0
0.193,stage1,0.03611903704451032,0.3454117244857857,4,0
0.194,stage1,0.03611903704451032,0.3454117244857857,4,0
0.195,stage1,0.03611903704451032,0.3454117244857857,4,0
0.196,stage1,0.03611903704451032,0.3454117244857857,4,0
0.197,stage1,0.03611903704451032,0.3454117244857857,4,0
0.198,stage1,0.03611903704451032,0.3454117244857857,4,0
0.199,stage1,0.03611903704451032,0.3454117244857857,4,0
0.2,stage1,0.03611903704451032,0.3454117244857857,4,0
0.201,stage1,0.03964421904739426,0.359565614322907,4,0
0.202,stage1,0.03964421904739426,0.359565614322907,4,0
0.203,stage1,0.03964421904739426,0.359565614322907,4,0
0.204,stage1,0.03964421904739426,0.359565614322907,4,0
0.205,stage1,0.03964421904739426,0.359565614322907,4,0
0.206,stage1,0.03964421904739426,0.359565614322907,4,0
0.207,stage1,0.03964421904739426,0.359565614322907,4,0
0.208,stage1,0.03964421904739426,0.359565614322907,4,0
0.209,stage1,0.03964421904739426,0.359565614322907,4,0
0.21,stage1,0.03964421904739426,0.359565614322907,4,0
0.211,stage1,0.04330915148227495,0.3733609819575087,4,0
0.212,stage1,0.04330915148227495,0.3733609819575087,4,0
0.213,stage1,0.04330915148227495,0.3733609819575087,4,0
0.214,stage1,0.04330915148227495,0.3733609819575087,4,0
0.215,stage1,0.04330915148227495,0.3733609819575087,4,0
0.216,stage1,0.04330915148227495,0.3733609819575087,4,0
0.217,stage1,0.04330915148227495,0.3733609819575087,4,0
0.218,stage1,0.04330915148227495,0.3733609819575087,4,0
0.219,stage1,0.04330915148227495,0.3733609819575087,4,0
0.22,stage1,0.04330915148227495,0.3733609819575087,4,0
0.221,stage1,0.04711022479028927,0.38679300140234724,5,0
0.222,stage1,0.04711022479028927,0.38679300140234724,5,0
0.223,stage1,0.04711022479028927,0.38679300140234724,5,0
0.224,stage1,0.04711022479028927,0.38679300140234724,5,0
0.225,stage1,0.04711022479028927,0.38679300140234724,5,0
0.226,stage1,0.04711022479028927,0.38679300140234724,5,0
0.227,stage1,0.04711022479028927,0.38679300140234724,5,0
0.228,stage1,0.04711022479028927,0.38679300140234724,5,0
0.229,stage1,0.04711022479028927,0.38679300140234724,5,0
0.23,stage1,0.04711022479028927,0.38679300140234724,5,0
0.231,stage1,0.05104378239613266,0.3998570953258908,5,0
0.232,stage1,0.05104378239613266,0.3998570953258908,5,0
0.233,stage1,0.05104378239613266,0.3998570953258908,5,0
0.234,stage1,0.05104378239613266,0.3998570953258908,5,0
0.235,stage1,0.05104378239613266,0.3998570953258908,5,0
0.236,stage1,0.05104378239613266,0.3998570953258908,5,0
0.237,stage1,0.05104378239613266,0.3998570953258908,5,0
0.238,stage1,0.05104378239613266,0.3998570953258908,5,0
0.239,stage1,0.05104378239613266,0.3998570953258908,5,0
0.24,stage1,0.05104378239613266,0.3998570953258908,5,0
0.241,stage1,0.05510612319341724,0.41254893479198995,6,0
0.242,stage1,0.05510612319341724,0.41254893479198995,6,0
0.243,stage1,0.05510612319341724,0.41254893479198995,6,0
0.244,stage1,0.05510612319341724,0.41254893479198995,6,0
0.245,stage1,0.05510612319341724,0.41254893479198995,6,0
0.246,stage1,0.05510612319341724,0.41254893479198995,6,0
0.247,stage1,0.05510612319341724,0.41254893479198995,6,0
0.248,stage1,0.05510612319341724,0.41254893479198995,6,0
0.249,stage1,0.05510612319341724,0.41254893479198995,6,0
0.25,stage1,0.05510612319341724,0.41254893479198995,6,0
0.251,stage1,0.059293504026812965,0.42486443887705483,6,0
0.252,stage1,0.059293504026812965,0.42486443887705483,6,0
0.253,stage1,0.059293504026812965,0.42486443887705483,6,0
0.254,stage1,0.059293504026812965,0.42486443887705483,6,0
0.255,stage1,0.059293504026812965,0.42486443887705483,6,0
0.256,stage1,0.059293504026812965,0.42486443887705483,6,0
0.257,stage1,0.059293504026812965,0.42486443887705483,6,0
0.258,stage1,0.059293504026812965,0.42486443887705483,6,0
0.259,stage1,0.059293504026812965,0.42486443887705483,6,0
0.26,stage1,0.059293504026812965,0.42486443887705483,6,0
0.261,stage1,0.06360214216975404,0.43679977416618043,6,0
0.262,stage1,0.06360214216975404,0.43679977416618043,6,0
0.263,stage1,0.06360214216975404,0.43679977416618043,6,0
0.264,stage1,0.06360214216975404,0.43679977416618043,6,0
0.265,stage1,0.06360214216975404,0.43679977416618043,6,0
0.266,stage1,0.06360214216975404,0.43679977416618043,6,0
0.267,stage1,0.06360214216975404,0.43679977416618043,6,0
0.268,stage1,0.06360214216975404,0.43679977416618043,6,0
0.269,stage1,0.06360214216975404,0.43679977416618043,6,0
0.27,stage1,0.06360214216975404,0.43679977416618043,6,0
0.271,stage1,0.06802821779650761,0.44835135412970584,7,0
0.272,stage1,0.06802821779650761,0.44835135412970584,7,0
0.273,stage1,0.06802821779650761,0.44835135412970584,7,0
0.274,stage1,0.06802821779650761,0.44835135412970584,7,0
0.275,stage1,0.06802821779650761,0.44835135412970584,7,0
0.276,stage1,0.06802821779650761,0.44835135412970584,7,0
0.277,stage1,0.06802821779650761,0.44835135412970584,7,0
0.278,stage1,0.06802821779650761,0.44835135412970584,7,0
0.279,stage1,0.06802821779650761,0.44835135412970584,7,0
0.28,stage1,0.06802821779650761,0.44835135412970584,7,0
0.281,stage1,0.07256787644741641,0.4595158383817385,7,0
0.282,stage1,0.07256787644741641,0.4595158383817385,7,0
0.283,stage1,0.07256787644741641,0.4595158383817385,7,0
0.284,stage1,0.07256787644741641,0.4595158383817385,7,0
0.285,stage1,0.07256787644741641,0.4595158383817385,7,0
0.286,stage1,0.07256787644741641,0.4595158383817385,7,0
0.287,stage1,0.07256787644741641,0.4595158383817385,7,0
0.288,stage1,0.07256787644741641,0.4595158383817385,7,0
0.289,stage1,0.07256787644741641,0.4595158383817385,7,0
0.29,stage1,0.07256787644741641,0.4595158383817385,7,0
0.291,stage1,0.07721723148614323,0.4702901318222174,8,0
0.292,stage1,0.07721723148614323,0.4702901318222174,8,0
0.293,stage1,0.07721723148614323,0.4702901318222174,8,0
0.294,stage1,0.07721723148614323,0.4702901318222174,8,0
0.295,stage1,0.07721723148614323,0.4702901318222174,8,0
0.296,stage1,0.07721723148614323,0.4702901318222174,8,0
0.297,stage1,0.07721723148614323,0.4702901318222174,8,0
0.298,stage1,0.07721723148614323,0.4702901318222174,8,0
0.299,stage1,0.07721723148614323,0.4702901318222174,8,0
0.3,stage1,0.07721723148614323,0.4702901318222174,8,0
0.301,stage1,0.08197236654776027,0.48067138366413203,8,0
0.302,stage1,0.08197236654776027,0.48067138366413203,8,0
0.303,stage1,0.08197236654776027,0.48067138366413203,8,0
0.304,stage1,0.08197236654776027,0.48067138366413203,8,0
0.305,stage1,0.08197236654776027,0.48067138366413203,8,0
0.306,stage1,0.08197236654776027,0.48067138366413203,8,0
0.307,stage1,0.08197236654776027,0.48067138366413203,8,0
0.308,stage1,0.08197236654776027,0.48067138366413203,8,0
0.309,stage1,0.08197236654776027,0.48067138366413203,8,0
0.31,stage1,0.08197236654776027,0.48067138366413203,8,0
0.311,stage1,0.08682933797654344,0.4906569863475532,9,0
0.312,stage1,0.08682933797654344,0.4906569863475532,9,0
0.313,stage1,0.08682933797654344,0.4906569863475532,9,0
0.314,stage1,0.08682933797654344,0.4906569863475532,9,0
0.315,stage1,0.08682933797654344,0.4906569863475532,9,0
0.316,stage1,0.08682933797654344,0.4906569863475532,9,0
0.317,stage1,0.08682933797654344,0.4906569863475532,9,0
0.318,stage1,0.08682933797654344,0.4906569863475532,9,0
0.319,stage1,0.08682933797654344,0.4906569863475532,9,0
0.32,stage1,0.08682933797654344,0.4906569863475532,9,0
0.321,stage1,0.09178417725234804,0.5002445743421735,9,0
0.322,stage1,0.09178417725234804,0.5002445743421735,9,0
0.323,stage1,0.09178417725234804,0.5002445743421735,9,0
0.324,stage1,0.09178417725234804,0.5002445743421735,9,0
0.325,stage1,0.09178417725234804,0.5002445743421735,9,0
0.326,stage1,0.09178417725234804,0.5002445743421735,9,0
0.327,stage1,0.09178417725234804,0.5002445743421735,9,0
0.328,stage1,0.09178417725234804,0.5002445743421735,9,0
0.329,stage1,0.09178417725234804,0.5002445743421735,9,0
0.33,stage1,0.09178417725234804,0.5002445743421735,9,0
0.331,stage1,0.09683289340445972,0.5094320228400916,10,0
0.332,stage1,0.09683289340445972,0.5094320228400916,10,0
0.333,stage1,0.09683289340445972,0.5094320228400916,10,0
0.334,stage1,0.09683289340445972,0.5094320228400916,10,0
0.335,stage1,0.09683289340445972,0.5094320228400916,10,0
0.336,stage1,0.09683289340445972,0.5094320228400916,10,0
0.337,stage1,0.09683289340445972,0.5094320228400916,10,0
0.338,stage1,0.09683289340445972,0.5094320228400916,10,0
0.339,stage1,0.09683289340445972,0.5094320228400916,10,0
0.34,stage1,0.09683289340445972,0.5094320228400916,10,0
0.341,stage1,0.10197147541183171,0.5182174463406127,10,0
0.342,stage1,0.10197147541183171,0.5182174463406127,10,0
0.343,stage1,0.10197147541183171,0.5182174463406127,10,0
0.344,stage1,0.10197147541183171,0.5182174463406127,10,0
0.345,stage1,0.10197147541183171,0.5182174463406127,10,0
0.346,stage1,0.10197147541183171,0.5182174463406127,10,0
0.347,stage1,0.10197147541183171,0.5182174463406127,10,0
0.348,stage1,0.10197147541183171,0.5182174463406127,10,0
0.349,stage1,0.10197147541183171,0.5182174463406127,10,0
0.35,stage1,0.10197147541183171,0.5182174463406127,10,0
0.351,stage1,0.1071958945886378,0.526599197128874,11,0
0.352,stage1,0.1071958945886378,0.526599197128874,11,0
0.353,stage1,0.1071958945886378,0.526599197128874,11,0
0.354,stage1,0.1071958945886378,0.526599197128874,11,0
0.355,stage1,0.1071958945886378,0.526599197128874,11,0
0.356,stage1,0.1071958945886378,0.526599197128874,11,0
0.357,stage1,0.1071958945886378,0.526599197128874,11,0
0.358,stage1,0.1071958945886378,0.526599197128874,11,0
0.359,stage1,0.1071958945886378,0.526599197128874,11,0
0.36,stage1,0.1071958945886378,0.526599197128874,11,0
0.361,stage1,0.11250210695408829,0.534575863650136,11,0
0.362,stage1,0.11250210695408829,0.534575863650136,11,0
0.363,stage1,0.11250210695408829,0.534575863650136,11,0
0.364,stage1,0.11250210695408829,0.534575863650136,11,0
0.365,stage1,0.11250210695408829,0.534575863650136,11,0
0.366,stage1,0.11250210695408829,0.534575863650136,11,0
0.367,stage1,0.11250210695408829,0.534575863650136,11,0
0.368,stage1,0.11250210695408829,0.534575863650136,11,0
0.369,stage1,0.11250210695408829,0.534575863650136,11,0
0.37,stage1,0.11250210695408829,0.534575863650136,11,0
0.371,stage1,0.11788605558547499,0.5421462687816175,12,0
0.372,stage1,0.11788605558547499,0.5421462687816175,12,0
0.373,stage1,0.11788605558547499,0.5421462687816175,12,0
0.374,stage1,0.11788605558547499,0.5421462687816175,12,0
0.375,stage1,0.11788605558547499,0.5421462687816175,12,0
0.376,stage1,0.11788605558547499,0.5421462687816175,12,0
0.377,stage1,0.11788605558547499,0.5421462687816175,12,0
0.378,stage1,0.11788605558547499,0.5421462687816175,12,0
0.379,stage1,0.11788605558547499,0.5421462687816175,12,0
0.38,stage1,0.11788605558547499,0.5421462687816175,12,0
0.381,stage1,0.12334367295343038,0.5493094680037816,12,0
0.382,stage1,0.12334367295343038,0.5493094680037816,12,0
0.383,stage1,0.12334367295343038,0.5493094680037816,12,0
0.384,stage1,0.12334367295343038,0.5493094680037816,12,0
0.385,stage1,0.12334367295343038,0.5493094680037816,12,0
0.386,stage1,0.12334367295343038,0.5493094680037816,12,0
0.387,stage1,0.12334367295343038,0.5493094680037816,12,0
0.388,stage1,0.12334367295343038,0.5493094680037816,12,0
0.389,stage1,0.12334367295343038,0.5493094680037816,12,0
0.39,stage1,0.12334367295343038,0.5493094680037816,12,0
0.391,stage1,0.12887088323840468,0.5560647474730099,13,0
0.392,stage1,0.12887088323840468,0.5560647474730099,13,0
0.393,stage1,0.12887088323840468,0.5560647474730099,13,0
0.394,stage1,0.12887088323840468,0.5560647474730099,13,0
0.395,stage1,0.12887088323840468,0.5560647474730099,13,0
0.396,stage1,0.12887088323840468,0.5560647474730099,13,0
0.397,stage1,0.12887088323840468,0.5560647474730099,13,0
0.398,stage1,0.12887088323840468,0.5560647474730099,13,0
0.399,stage1,0.12887088323840468,0.5560647474730099,13,0
0.4,stage1,0.12887088323840468,0.5560647474730099,13,0
0.401,stage1,0.13446360462738507,0.562411621997637,13,0
0.402,stage1,0.13446360462738507,0.562411621997637,13,0
0.403,stage1,0.13446360462738507,0.562411621997637,13,0
0.404,stage1,0.13446360462738507,0.562411621997637,13,0
0.405,stage1,0.13446360462738507,0.562411621997637,13,0
0.406,stage1,0.13446360462738507,0.562411621997637,13,0
0.407,stage1,0.13446360462738507,0.562411621997637,13,0
0.408,stage1,0.13446360462738507,0.562411621997637,13,0
0.409,stage1,0.13446360462738507,0.562411621997637,13,0
0.41,stage1,0.13446360462738507,0.562411621997637,13,0
0.411,stage1,0.14011775158990025,0.5683498329193367,14,0
0.412,stage1,0.14011775158990025,0.5683498329193367,14,0
0.413,stage1,0.14011775158990025,0.5683498329193367,14,0
0.414,stage1,0.14011775158990025,0.5683498329193367,14,0
0.415,stage1,0.14011775158990025,0.5683498329193367,14,0
0.416,stage1,0.14011775158990025,0.5683498329193367,14,0
0.417,stage1,0.14011775158990025,0.5683498329193367,14,0
0.418,stage1,0.14011775158990025,0.5683498329193367,14,0
0.419,stage1,0.14011775158990025,0.5683498329193367,14,0
0.42,stage1,0.14011775158990025,0.5683498329193367,14,0
0.421,stage1,0.14582923713237395,0.5738793459018889,15,0
0.422,stage1,0.14582923713237395,0.5738793459018889,15,0
0.423,stage1,0.14582923713237395,0.5738793459018889,15,0
0.424,stage1,0.14582923713237395,0.5738793459018889,15,0
0.425,stage1,0.14582923713237395,0.5738793459018889,15,0
0.426,stage1,0.14582923713237395,0.5738793459018889,15,0
0.427,stage1,0.14582923713237395,0.5738793459018889,15,0
0.428,stage1,0.14582923713237395,0.5738793459018889,15,0
0.429,stage1,0.14582923713237395,0.5738793459018889,15,0
0.43,stage1,0.14582923713237395,0.5738793459018889,15,0
0.431,stage1,0.15159397502991173,0.5790003486293714,15,0
0.432,stage1,0.15159397502991173,0.5790003486293714,15,0
0.433,stage1,0.15159397502991173,0.5790003486293714,15,0
0.434,stage1,0.15159397502991173,0.5790003486293714,15,0
0.435,stage1,0.15159397502991173,0.5790003486293714,15,0
0.436,stage1,0.15159397502991173,0.5790003486293714,15,0
0.437,stage1,0.15159397502991173,0.5790003486293714,15,0
0.438,stage1,0.15159397502991173,0.5790003486293714,15,0
0.439,stage1,0.15159397502991173,0.5790003486293714,15,0
0.44,stage1,0.15159397502991173,0.5790003486293714,15,0
0.441,stage1,0.15740788203462538,0.5837132484158538,16,0
0.442,stage1,0.15740788203462538,0.5837132484158538,16,0
0.443,stage1,0.15740788203462538,0.5837132484158538,16,0
0.444,stage1,0.15740788203462538,0.5837132484158538,16,0
0.445,stage1,0.15740788203462538,0.5837132484158538,16,0
0.446,stage1,0.15740788203462538,0.5837132484158538,16,0
0.447,stage1,0.15740788203462538,0.5837132484158538,16,0
0.448,stage1,0.15740788203462538,0.5837132484158538,16,0
0.449,stage1,0.15740788203462538,0.5837132484158538,16,0
0.45,stage1,0.15740788203462538,0.5837132484158538,16,0
0.451,stage1,0.1632668800596205,0.5880186697286881,16,0
0.452,stage1,0.1632668800596205,0.5880186697286881,16,0
0.453,stage1,0.1632668800596205,0.5880186697286881,16,0
0.454,stage1,0.1632668800596205,0.5880186697286881,16,0
0.455,stage1,0.1632668800596205,0.5880186697286881,16,0
0.456,stage1,0.1632668800596205,0.5880186697286881,16,0
0.457,stage1,0.1632668800596205,0.5880186697286881,16,0
0.458,stage1,0.1632668800596205,0.5880186697286881,16,0
0.459,stage1,0.1632668800596205,0.5880186697286881,16,0
0.46,stage1,0.1632668800596205,0.5880186697286881,16,0
0.461,stage1,0.16916689833779375,0.5919174516275155,17,0
0.462,stage1,0.16916689833779375,0.5919174516275155,17,0
0.463,stage1,0.16916689833779375,0.5919174516275155,17,0
0.464,stage1,0.16916689833779375,0.5919174516275155,17,0
0.465,stage1,0.16916689833779375,0.5919174516275155,17,0
0.466,stage1,0.16916689833779375,0.5919174516275155,17,0
0.467,stage1,0.16916689833779375,0.5919174516275155,17,0
0.468,stage1,0.16916689833779375,0.5919174516275155,17,0
0.469,stage1,0.16916689833779375,0.5919174516275155,17,0
0.47,stage1,0.16916689833779375,0.5919174516275155,17,0
0.471,stage1,0.17510387555460769,0.5954106451211284,18,0
0.472,stage1,0.17510387555460769,0.5954106451211284,18,0
0.473,stage1,0.17510387555460769,0.5954106451211284,18,0
0.474,stage1,0.17510387555460769,0.5954106451211284,18,0
0.475,stage1,0.17510387555460769,0.5954106451211284,18,0
0.476,stage1,0.17510387555460769,0.5954106451211284,18,0
0.477,stage1,0.17510387555460769,0.5954106451211284,18,0
0.478,stage1,0.17510387555460769,0.5954106451211284,18,0
0.479,stage1,0.17510387555460769,0.5954106451211284,18,0
0.48,stage1,0.17510387555460769,0.5954106451211284,18,0
0.481,stage1,0.1810737619540326,0.5984995104443451,18,0
0.482,stage1,0.1810737619540326,0.5984995104443451,18,0
0.483,stage1,0.1810737619540326,0.5984995104443451,18,0
0.484,stage1,0.1810737619540326,0.5984995104443451,18,0
0.485,stage1,0.1810737619540326,0.5984995104443451,18,0
0.486,stage1,0.1810737619540326,0.5984995104443451,18,0
0.487,stage1,0.1810737619540326,0.5984995104443451,18,0
0.488,stage1,0.1810737619540326,0.5984995104443451,18,0
0.489,stage1,0.1810737619540326,0.5984995104443451,18,0
0.49,stage1,0.1810737619540326,0.5984995104443451,18,0
0.491,stage1,0.18707252141686603,0.6011855142570758,19,0
0.492,stage1,0.18707252141686603,0.6011855142570758,19,0
0.493,stage1,0.18707252141686603,0.6011855142570758,19,0
0.494,stage1,0.18707252141686603,0.6011855142570758,19,0
0.495,stage1,0.18707252141686603,0.6011855142570758,19,0
0.496,stage1,0.18707252141686603,0.6011855142570758,19,0
0.497,stage1,0.18707252141686603,0.6011855142570758,19,0
0.498,stage1,0.18707252141686603,0.6011855142570758,19,0
0.499,stage1,0.18707252141686603,0.6011855142570758,19,0
0.5,stage1,0.18707252141686603,0.6011855142570758,19,0
0.501,stage1,0.19309613351066318,0.60347032676777,19,0
0.502,stage1,0.19309613351066318,0.60347032676777,19,0
0.503,stage1,0.19309613351066318,0.60347032676777,19,0
0.504,stage1,0.19309613351066318,0.60347032676777,19,0
0.505,stage1,0.19309613351066318,0.60347032676777,19,0
0.506,stage1,0.19309613351066318,0.60347032676777,19,0
0.507,stage1,0.19309613351066318,0.60347032676777,19,0
0.508,stage1,0.19309613351066318,0.60347032676777,19,0
0.509,stage1,0.19309613351066318,0.60347032676777,19,0
0.51,stage1,0.19309613351066318,0.60347032676777,19,0
0.511,stage1,0.19914059551053284,0.6053558187834573,20,0
0.512,stage1,0.19914059551053284,0.6053558187834573,20,0
0.513,stage1,0.19914059551053284,0.6053558187834573,20,0
0.514,stage1,0.19914059551053284,0.6053558187834573,20,0
0.515,stage1,0.19914059551053284,0.6053558187834573,20,0
0.516,stage1,0.19914059551053284,0.6053558187834573,20,0
0.517,stage1,0.19914059551053284,0.6053558187834573,20,0
0.518,stage1,0.19914059551053284,0.6053558187834573,20,0
0.519,stage1,0.19914059551053284,0.6053558187834573,20,0
0.52,stage1,0.19914059551053284,0.6053558187834573,20,0
0.521,stage1,0.205201924390076,0.6068440586886019,21,0
0.522,stage1,0.205201924390076,0.6068440586886019,21,0
0.523,stage1,0.205201924390076,0.6068440586886019,21,0
0.524,stage1,0.205201924390076,0.6068440586886019,21,0
0.525,stage1,0.205201924390076,0.6068440586886019,21,0
0.526,stage1,0.205201924390076,0.6068440586886019,21,0
0.527,stage1,0.205201924390076,0.6068440586886019,21,0
0.528,stage1,0.205201924390076,0.6068440586886019,21,0
0.529,stage1,0.205201924390076,0.6068440586886019,21,0
0.53,stage1,0.205201924390076,0.6068440586886019,21,0
0.531,stage1,0.21127615878176637,0.6079373093550081,21,0
0.532,stage1,0.21127615878176637,0.6079373093550081,21,0
0.533,stage1,0.21127615878176637,0.6079373093550081,21,0
0.534,stage1,0.21127615878176637,0.6079373093550081,21,0
0.535,stage1,0.21127615878176637,0.6079373093550081,21,0
0.536,stage1,0.21127615878176637,0.6079373093550081,21,0
0.537,stage1,0.21127615878176637,0.6079373093550081,21,0
0.538,stage1,0.21127615878176637,0.6079373093550081,21,0
0.539,stage1,0.21127615878176637,0.6079373093550081,21,0
0.54,stage1,0.21127615878176637,0.6079373093550081,21,0
0.541,stage1,0.21735936090609453,0.6086380249850246,22,0
0.542,stage1,0.21735936090609453,0.6086380249850246,22,0
0.543,stage1,0.21735936090609453,0.6086380249850246,22,0
0.544,stage1,0.21735936090609453,0.6086380249850246,22,0
0.545,stage1,0.21735936090609453,0.6086380249850246,22,0
0.546,stage1,0.21735936090609453,0.6086380249850246,22,0
0.547,stage1,0.21735936090609453,0.6086380249850246,22,0
0.548,stage1,0.21735936090609453,0.6086380249850246,22,0
0.549,stage1,0.21735936090609453,0.6086380249850246,22,0
0.55,stage1,0.21735936090609453,0.6086380249850246,22,0
0.551,stage1,0.2234476184688201,0.6089488478903053,22,0
0.552,stage1,0.2234476184688201,0.6089488478903053,22,0
0.553,stage1,0.2234476184688201,0.6089488478903053,22,0
0.554,stage1,0.2234476184688201,0.6089488478903053,22,0
0.555,stage1,0.2234476184688201,0.6089488478903053,22,0
0.556,stage1,0.2234476184688201,0.6089488478903053,22,0
0.557,stage1,0.2234476184688201,0.6089488478903053,22,0
0.558,stage1,0.2234476184688201,0.6089488478903053,22,0
0.559,stage1,0.2234476184688201,0.6089488478903053,22,0
0.56,stage1,0.2234476184688201,0.6089488478903053,22,0
0.561,stage1,0.22953704652569873,0.6088726052083943,23,0
0.562,stage1,0.22953704652569873,0.6088726052083943,23,0
0.563,stage1,0.22953704652569873,0.6088726052083943,23,0
0.564,stage1,0.22953704652569873,0.6088726052083943,23,0
0.565,stage1,0.22953704652569873,0.6088726052083943,23,0
0.566,stage1,0.22953704652569873,0.6088726052083943,23,0
0.567,stage1,0.22953704652569873,0.6088726052083943,23,0
0.568,stage1,0.22953704652569873,0.6088726052083943,23,0
0.569,stage1,0.22953704652569873,0.6088726052083943,23,0
0.57,stage1,0.22953704652569873,0.6088726052083943,23,0
0.571,stage1,0.2356237893140735,0.6084123055594101,24,0
0.572,stage1,0.2356237893140735,0.6084123055594101,24,0
0.573,stage1,0.2356237893140735,0.6084123055594101,24,0
0.574,stage1,0.2356237893140735,0.6084123055594101,24,0
0.575,stage1,0.2356237893140735,0.6084123055594101,24,0
0.576,stage1,0.2356237893140735,0.6084123055594101,24,0
0.577,stage1,0.2356237893140735,0.6084123055594101,24,0
0.578,stage1,0.2356237893140735,0.6084123055594101,24,0
0.579,stage1,0.2356237893140735,0.6084123055594101,24,0
0.58,stage1,0.2356237893140735,0.6084123055594101,24,0
0.581,stage1,0.2417040220507432,0.6075711356451137,24,0
0.582,stage1,0.2417040220507432,0.6075711356451137,24,0
0.583,stage1,0.2417040220507432,0.6075711356451137,24,0
0.584,stage1,0.2417040220507432,0.6075711356451137,24,0
0.585,stage1,0.2417040220507432,0.6075711356451137,24,0
0.586,stage1,0.2417040220507432,0.6075711356451137,24,0
0.587,stage1,0.2417040220507432,0.6075711356451137,24,0
0.588,stage1,0.2417040220507432,0.6075711356451137,24,0
0.589,stage1,0.2417040220507432,0.6075711356451137,24,0
0.59,stage1,0.2417040220507432,0.6075711356451137,24,0
0.591,stage1,0.24777395269554284,0.6063524567926449,25,0
0.592,stage1,0.24777395269554284,0.6063524567926449,25,0
0.593,stage1,0.24777395269554284,0.6063524567926449,25,0
0.594,stage1,0.24777395269554284,0.6063524567926449,25,0
0.595,stage1,0.24777395269554284,0.6063524567926449,25,0
0.596,stage1,0.24777395269554284,0.6063524567926449,25,0
0.597,stage1,0.24777395269554284,0.6063524567926449,25,0
0.598,stage1,0.24777395269554284,0.6063524567926449,25,0
0.599,stage1,0.24777395269554284,0.6063524567926449,25,0
0.6,stage1,0.24777395269554284,0.6063524567926449,25,0
0.601,stage1,0.25382982368009416,0.6047598014452236,25,0
0.602,stage1,0.25382982368009416,0.6047598014452236,25,0
0.603,stage1,0.25382982368009416,0.6047598014452236,25,0
0.604,stage1,0.25382982368009416,0.6047598014452236,25,0
0.605,stage1,0.25382982368009416,0.6047598014452236,25,0
0.606,stage1,0.25382982368009416,0.6047598014452236,25,0
0.607,stage1,0.25382982368009416,0.6047598014452236,25,0
0.608,stage1,0.25382982368009416,0.6047598014452236,25,0
0.609,stage1,0.25382982368009416,0.6047598014452236,25,0
0.61,stage1,0.25382982368009416,0.6047598014452236,25,0
0.611,stage1,0.25986791360120787,0.6027968696021074,26,0
0.612,stage1,0.25986791360120787,0.6027968696021074,26,0
0.613,stage1,0.25986791360120787,0.6027968696021074,26,0
0.614,stage1,0.25986791360120787,0.6027968696021074,26,0
0.615,stage1,0.25986791360120787,0.6027968696021074,26,0
0.616,stage1,0.25986791360120787,0.6027968696021074,26,0
0.617,stage1,0.25986791360120787,0.6027968696021074,26,0
0.618,stage1,0.25986791360120787,0.6027968696021074,26,0
0.619,stage1,0.25986791360120787,0.6027968696021074,26,0
0.62,stage1,0.25986791360120787,0.6027968696021074,26,0
0.621,stage1,0.26588453887844105,0.6004675252101086,27,0
0.622,stage1,0.26588453887844105,0.6004675252101086,27,0
0.623,stage1,0.26588453887844105,0.6004675252101086,27,0
0.624,stage1,0.26588453887844105,0.6004675252101086,27,0
0.625,stage1,0.26588453887844105,0.6004675252101086,27,0
0.626,stage1,0.26588453887844105,0.6004675252101086,27,0
0.627,stage1,0.26588453887844105,0.6004675252101086,27,0
0.628,stage1,0.26588453887844105,0.6004675252101086,27,0
0.629,stage1,0.26588453887844105,0.6004675252101086,27,0
0.63,stage1,0.26588453887844105,0.6004675252101086,27,0
0.631,stage1,0.2718760553753373,0.5977757925089638,27,0
0.632,stage1,0.2718760553753373,0.5977757925089638,27,0
0.633,stage1,0.2718760553753373,0.5977757925089638,27,0
0.634,stage1,0.2718760553753373,0.5977757925089638,27,0
0.635,stage1,0.2718760553753373,0.5977757925089638,27,0
0.636,stage1,0.2718760553753373,0.5977757925089638,27,0
0.637,stage1,0.2718760553753373,0.5977757925089638,27,0
0.638,stage1,0.2718760553753373,0.5977757925089638,27,0
0.639,stage1,0.2718760553753373,0.5977757925089638,27,0
0.64,stage1,0.2718760553753373,0.5977757925089638,27,0
0.641,stage1,0.2778388599838994,0.5947258523328597,28,0
0.642,stage1,0.2778388599838994,0.5947258523328597,28,0
0.643,stage1,0.2778388599838994,0.5947258523328597,28,0
0.644,stage1,0.2778388599838994,0.5947258523328597,28,0
0.645,stage1,0.2778388599838994,0.5947258523328597,28,0
0.646,stage1,0.2778388599838994,0.5947258523328597,28,0
0.647,stage1,0.2778388599838994,0.5947258523328597,28,0
0.648,stage1,0.2778388599838994,0.5947258523328597,28,0
0.649,stage1,0.2778388599838994,0.5947258523328597,28,0
0.65,stage1,0.2778388599838994,0.5947258523328597,28,0
0.651,stage1,0.2837693921718673,0.5913220383704083,28,0
0.652,stage1,0.2837693921718673,0.5913220383704083,28,0
0.653,stage1,0.2837693921718673,0.5913220383704083,28,0
0.654,stage1,0.2837693921718673,0.5913220383704083,28,0
0.655,stage1,0.2837693921718673,0.5913220383704083,28,0
0.656,stage1,0.2837693921718673,0.5913220383704083,28,0
0.657,stage1,0.2837693921718673,0.5913220383704083,28,0
0.658,stage1,0.2837693921718673,0.5913220383704083,28,0
0.659,stage1,0.2837693921718673,0.5913220383704083,28,0
0.66,stage1,0.2837693921718673,0.5913220383704083,28,0
0.661,stage1,0.2896641354923981,0.5875688333853697,29,0
0.662,stage1,0.2896641354923981,0.5875688333853697,29,0
0.663,stage1,0.2896641354923981,0.5875688333853697,29,0
0.664,stage1,0.2896641354923981,0.5875688333853697,29,0
0.665,stage1,0.2896641354923981,0.5875688333853697,29,0
0.666,stage1,0.2896641354923981,0.5875688333853697,29,0
0.667,stage1,0.2896641354923981,0.5875688333853697,29,0
0.668,stage1,0.2896641354923981,0.5875688333853697,29,0
0.669,stage1,0.2896641354923981,0.5875688333853697,29,0
0.67,stage1,0.2896641354923981,0.5875688333853697,29,0
0.671,stage1,0.2955196190557664,0.5834708654004103,30,0
0.672,stage1,0.2955196190557664,0.5834708654004103,30,0
0.673,stage1,0.2955196190557664,0.5834708654004103,30,0
0.674,stage1,0.2955196190557664,0.5834708654004103,30,0
0.675,stage1,0.2955196190557664,0.5834708654004103,30,0
0.676,stage1,0.2955196190557664,0.5834708654004103,30,0
0.677,stage1,0.2955196190557664,0.5834708654004103,30,0
0.678,stage1,0.2955196190557664,0.5834708654004103,30,0
0.679,stage1,0.2955196190557664,0.5834708654004103,30,0
0.68,stage1,0.2955196190557664,0.5834708654004103,30,0
0.681,stage1,0.3013324189627267,0.5790329038461853,30,0
0.682,stage1,0.3013324189627267,0.5790329038461853,30,0
0.683,stage1,0.3013324189627267,0.5790329038461853,30,0
0.684,stage1,0.3013324189627267,0.5790329038461853,30,0
0.685,stage1,0.3013324189627267,0.5790329038461853,30,0
0.686,stage1,0.3013324189627267,0.5790329038461853,30,0
0.687,stage1,0.3013324189627267,0.5790329038461853,30,0
0.688,stage1,0.3013324189627267,0.5790329038461853,30,0
0.689,stage1,0.3013324189627267,0.5790329038461853,30,0
0.69,stage1,0.3013324189627267,0.5790329038461853,30,0
0.691,stage1,0.3070991596992032,0.5742598556780255,31,0
0.692,stage1,0.3070991596992032,0.5742598556780255,31,0
0.693,stage1,0.3070991596992032,0.5742598556780255,31,0
0.694,stage1,0.3070991596992032,0.5742598556780255,31,0
0.695,stage1,0.3070991596992032,0.5742598556780255,31,0
0.696,stage1,0.3070991596992032,0.5742598556780255,31,0
0.697,stage1,0.3070991596992032,0.5742598556780255,31,0
0.698,stage1,0.3070991596992032,0.5742598556780255,31,0
0.699,stage1,0.3070991596992032,0.5742598556780255,31,0
0.7,stage1,0.3070991596992032,0.5742598556780255,31,0
0.701,stage1,0.3128165154919934,0.5691567614625003,31,0
0.702,stage1,0.3128165154919934,0.5691567614625003,31,0
0.703,stage1,0.3128165154919934,0.5691567614625003,31,0
0.704,stage1,0.3128165154919934,0.5691567614625003,31,0
0.705,stage1,0.3128165154919934,0.5691567614625003,31,0
0.706,stage1,0.3128165154919934,0.5691567614625003,31,0
0.707,stage1,0.3128165154919934,0.5691567614625003,31,0
0.708,stage1,0.3128165154919934,0.5691567614625003,31,0
0.709,stage1,0.3128165154919934,0.5691567614625003,31,0
0.71,stage1,0.3128165154919934,0.5691567614625003,31,0
0.711,stage1,0.31848121162519677,0.5637287914361251,32,0
0.712,stage1,0.31848121162519677,0.5637287914361251,32,0
0.713,stage1,0.31848121162519677,0.5637287914361251,32,0
0.714,stage1,0.31848121162519677,0.5637287914361251,32,0
0.715,stage1,0.31848121162519677,0.5637287914361251,32,0
0.716,stage1,0.31848121162519677,0.5637287914361251,32,0
0.717,stage1,0.31848121162519677,0.5637287914361251,32,0
0.718,stage1,0.31848121162519677,0.5637287914361251,32,0
0.719,stage1,0.31848121162519677,0.5637287914361251,32,0
0.72,stage1,0.31848121162519677,0.5637287914361251,32,0
0.721,stage1,0.32409002571710016,0.5579812415384687,32,0
0.722,stage1,0.32409002571710016,0.5579812415384687,32,0
0.723,stage1,0.32409002571710016,0.5579812415384687,32,0
0.724,stage1,0.32409002571710016,0.5579812415384687,32,0
0.725,stage1,0.32409002571710016,0.5579812415384687,32,0
0.726,stage1,0.32409002571710016,0.5579812415384687,32,0
0.727,stage1,0.32409002571710016,0.5579812415384687,32,0
0.728,stage1,0.32409002571710016,0.5579812415384687,32,0
0.729,stage1,0.32409002571710016,0.5579812415384687,32,0
0.73,stage1,0.32409002571710016,0.5579812415384687,32,0
0.731,stage1,0.32963978895727597,0.551919529421907,33,0
0.732,stage1,0.32963978895727597,0.551919529421907,33,0
0.733,stage1,0.32963978895727597,0.551919529421907,33,0
0.734,stage1,0.32963978895727597,0.551919529421907,33,0
0.735,stage1,0.32963978895727597,0.551919529421907,33,0
0.736,stage1,0.32963978895727597,0.551919529421907,33,0
0.737,stage1,0.32963978895727597,0.551919529421907,33,0
0.738,stage1,0.32963978895727597,0.551919529421907,33,0
0.739,stage1,0.32963978895727597,0.551919529421907,33,0
0.74,stage1,0.32963978895727597,0.551919529421907,33,0
0.741,stage1,0.33512738730367003,0.5455491904402591,34,0
0.742,stage1,0.33512738730367003,0.5455491904402591,34,0
0.743,stage1,0.33512738730367003,0.5455491904402591,34,0
0.744,stage1,0.33512738730367003,0.5455491904402591,34,0
0.745,stage1,0.33512738730367003,0.5455491904402591,34,0
0.746,stage1,0.33512738730367003,0.5455491904402591,34,0
0.747,stage1,0.33512738730367003,0.5455491904402591,34,0
0.748,stage1,0.33512738730367003,0.5455491904402591,34,0
0.749,stage1,0.33512738730367003,0.5455491904402591,34,0
0.75,stage1,0.33512738730367003,0.5455491904402591,34,0
0.751,stage1,0.34054976263948006,0.5388758736185294,34,0
0.752,stage1,0.34054976263948006,0.5388758736185294,34,0
0.753,stage1,0.34054976263948006,0.5388758736185294,34,0
0.754,stage1,0.34054976263948006,0.5388758736185294,34,0
0.755,stage1,0.34054976263948006,0.5388758736185294,34,0
0.756,stage1,0.34054976263948006,0.5388758736185294,34,0
0.757,stage1,0.34054976263948006,0.5388758736185294,34,0
0.758,stage1,0.34054976263948006,0.5388758736185294,34,0
0.759,stage1,0.34054976263948006,0.5388758736185294,34,0
0.76,stage1,0.34054976263948006,0.5388758736185294,34,0
0.761,stage1,0.3459039138896457,0.5319053376059663,35,0
0.762,stage1,0.3459039138896457,0.5319053376059663,35,0
0.763,stage1,0.3459039138896457,0.5319053376059663,35,0
0.764,stage1,0.3459039138896457,0.5319053376059663,35,0
0.765,stage1,0.3459039138896457,0.5319053376059663,35,0
0.766,stage1,0.3459039138896457,0.5319053376059663,35,0
0.767,stage1,0.3459039138896457,0.5319053376059663,35,0
0.768,stage1,0.3459039138896457,0.5319053376059663,35,0
0.769,stage1,0.3459039138896457,0.5319053376059663,35,0
0.77,stage1,0.3459039138896457,0.5319053376059663,35,0
0.771,stage1,0.35118689809679543,0.5246434466146336,35,0
0.772,stage1,0.35118689809679543,0.5246434466146336,35,0
0.773,stage1,0.35118689809679543,0.5246434466146336,35,0
0.774,stage1,0.35118689809679543,0.5246434466146336,35,0
0.775,stage1,0.35118689809679543,0.5246434466146336,35,0
0.776,stage1,0.35118689809679543,0.5246434466146336,35,0
0.777,stage1,0.35118689809679543,0.5246434466146336,35,0
0.778,stage1,0.35118689809679543,0.5246434466146336,35,0
0.779,stage1,0.35118689809679543,0.5246434466146336,35,0
0.78,stage1,0.35118689809679543,0.5246434466146336,35,0
0.781,stage1,0.35639583145651543,0.5170961663456766,36,0
0.782,stage1,0.35639583145651543,0.5170961663456766,36,0
0.783,stage1,0.35639583145651543,0.5170961663456766,36,0
0.784,stage1,0.35639583145651543,0.5170961663456766,36,0
0.785,stage1,0.35639583145651543,0.5170961663456766,36,0
0.786,stage1,0.35639583145651543,0.5170961663456766,36,0
0.787,stage1,0.35639583145651543,0.5170961663456766,36,0
0.788,stage1,0.35639583145651543,0.5170961663456766,36,0
0.789,stage1,0.35639583145651543,0.5170961663456766,36,0
0.79,stage1,0.35639583145651543,0.5170961663456766,36,0
0.791,stage1,0.36152789031182886,0.5092695599054485,36,0
0.792,stage1,0.36152789031182886,0.5092695599054485,36,0
0.793,stage1,0.36152789031182886,0.5092695599054485,36,0
0.794,stage1,0.36152789031182886,0.5092695599054485,36,0
0.795,stage1,0.36152789031182886,0.5092695599054485,36,0
0.796,stage1,0.36152789031182886,0.5092695599054485,36,0
0.797,stage1,0.36152789031182886,0.5092695599054485,36,0
0.798,stage1,0.36152789031182886,0.5092695599054485,36,0
0.799,stage1,0.36152789031182886,0.5092695599054485,36,0
0.8,stage1,0.36152789031182886,0.5092695599054485,36,0
0.801,stage1,0.3665803121067946,0.5011697837136457,37,0
0.802,stage1,0.3665803121067946,0.5011697837136457,37,0
0.803,stage1,0.3665803121067946,0.5011697837136457,37,0
0.804,stage1,0.3665803121067946,0.5011697837136457,37,0
0.805,stage1,0.3665803121067946,0.5011697837136457,37,0
0.806,stage1,0.3665803121067946,0.5011697837136457,37,0
0.807,stage1,0.3665803121067946,0.5011697837136457,37,0
0.808,stage1,0.3665803121067946,0.5011697837136457,37,0
0.809,stage1,0.3665803121067946,0.5011697837136457,37,0
0.81,stage1,0.3665803121067946,0.5011697837136457,37,0
0.811,stage1,0.37155039629915615,0.4928030834055835,37,0
0.812,stage1,0.37155039629915615,0.4928030834055835,37,0
0.813,stage1,0.37155039629915615,0.4928030834055835,37,0
0.814,stage1,0.37155039629915615,0.4928030834055835,37,0
0.815,stage1,0.37155039629915615,0.4928030834055835,37,0
0.816,stage1,0.37155039629915615,0.4928030834055835,37,0
0.817,stage1,0.37155039629915615,0.4928030834055835,37,0
0.818,stage1,0.37155039629915615,0.4928030834055835,37,0
0.819,stage1,0.37155039629915615,0.4928030834055835,37,0
0.82,stage1,0.37155039629915615,0.4928030834055835,37,0
0.821,stage1,0.3764355052319931,0.4841757897307242,38,0
0.822,stage1,0.3764355052319931,0.4841757897307242,38,0
0.823,stage1,0.3764355052319931,0.4841757897307242,38,0
0.824,stage1,0.3764355052319931,0.4841757897307242,38,0
0.825,stage1,0.3764355052319931,0.4841757897307242,38,0
0.826,stage1,0.3764355052319931,0.4841757897307242,38,0
0.827,stage1,0.3764355052319931,0.4841757897307242,38,0
0.828,stage1,0.3764355052319931,0.4841757897307242,38,0
0.829,stage1,0.3764355052319931,0.4841757897307242,38,0
0.83,stage1,0.3764355052319931,0.4841757897307242,38,0
0.831,stage1,0.38123306496434756,0.475294314449552,38,0
0.832,stage1,0.38123306496434756,0.475294314449552,38,0
0.833,stage1,0.38123306496434756,0.475294314449552,38,0
0.834,stage1,0.38123306496434756,0.475294314449552,38,0
0.835,stage1,0.38123306496434756,0.475294314449552,38,0
0.836,stage1,0.38123306496434756,0.475294314449552,38,0
0.837,stage1,0.38123306496434756,0.475294314449552,38,0
0.838,stage1,0.38123306496434756,0.475294314449552,38,0
0.839,stage1,0.38123306496434756,0.475294314449552,38,0
0.84,stage1,0.38123306496434756,0.475294314449552,38,0
0.841,stage1,0.3859405660608199,0.4661651462308653,39,0
0.842,stage1,0.3859405660608199,0.4661651462308653,39,0
0.843,stage1,0.3859405660608199,0.4661651462308653,39,0
0.844,stage1,0.3859405660608199,0.4661651462308653,39,0
0.845,stage1,0.3859405660608199,0.4661651462308653,39,0
0.846,stage1,0.3859405660608199,0.4661651462308653,39,0
0.847,stage1,0.3859405660608199,0.4661651462308653,39,0
0.848,stage1,0.3859405660608199,0.4661651462308653,39,0
0.849,stage1,0.3859405660608199,0.4661651462308653,39,0
0.85,stage1,0.3859405660608199,0.4661651462308653,39,0
0.851,stage1,0.390555564340148,0.45679484655154023,39,0
0.852,stage1,0.390555564340148,0.45679484655154023,39,0
0.853,stage1,0.390555564340148,0.45679484655154023,39,0
0.854,stage1,0.390555564340148,0.45679484655154023,39,0
0.855,stage1,0.390555564340148,0.45679484655154023,39,0
0.856,stage1,0.390555564340148,0.45679484655154023,39,0
0.857,stage1,0.390555564340148,0.45679484655154023,39,0
0.858,stage1,0.390555564340148,0.45679484655154023,39,0
0.859,stage1,0.390555564340148,0.45679484655154023,39,0
0.86,stage1,0.390555564340148,0.45679484655154023,39,0
0.861,stage1,0.3950756815828049,0.4471900456007938,40,0
0.862,stage1,0.3950756815828049,0.4471900456007938,40,0
0.863,stage1,0.3950756815828049,0.4471900456007938,40,0
0.864,stage1,0.3950756815828049,0.4471900456007938,40,0
0.865,stage1,0.3950756815828049,0.4471900456007938,40,0
0.866,stage1,0.3950756815828049,0.4471900456007938,40,0
0.867,stage1,0.3950756815828049,0.4471900456007938,40,0
0.868,stage1,0.3950756815828049,0.4471900456007938,40,0
0.869,stage1,0.3950756815828049,0.4471900456007938,40,0
0.87,stage1,0.3950756815828049,0.4471900456007938,40,0
0.871,stage1,0.39949860619767025,0.4373574381909541,40,0
0.872,stage1,0.39949860619767025,0.4373574381909541,40,0
0.873,stage1,0.39949860619767025,0.4373574381909541,40,0
0.874,stage1,0.39949860619767025,0.4373574381909541,40,0
0.875,stage1,0.39949860619767025,0.4373574381909541,40,0
0.876,stage1,0.39949860619767025,0.4373574381909541,40,0
0.877,stage1,0.39949860619767025,0.4373574381909541,40,0
0.878,stage1,0.39949860619767025,0.4373574381909541,40,0
0.879,stage1,0.39949860619767025,0.4373574381909541,40,0
0.88,stage1,0.39949860619767025,0.4373574381909541,40,0
0.881,stage1,0.4038220938478496,0.42730377967672073,40,0
0.882,stage1,0.4038220938478496,0.42730377967672073,40,0
0.883,stage1,0.4038220938478496,0.42730377967672073,40,0
0.884,stage1,0.4038220938478496,0.42730377967672073,40,0
0.885,stage1,0.4038220938478496,0.42730377967672073,40,0
0.886,stage1,0.4038220938478496,0.42730377967672073,40,0
0.887,stage1,0.4038220938478496,0.42730377967672073,40,0
0.888,stage1,0.4038220938478496,0.42730377967672073,40,0
0.889,stage1,0.4038220938478496,0.42730377967672073,40,0
0.89,stage1,0.4038220938478496,0.42730377967672073,40,0
0.891,stage1,0.40804396803573795,0.4170358818848753,41,0
0.892,stage1,0.40804396803573795,0.4170358818848753,41,0
0.893,stage1,0.40804396803573795,0.4170358818848753,41,0
0.894,stage1,0.40804396803573795,0.4170358818848753,41,0
0.895,stage1,0.40804396803573795,0.4170358818848753,41,0
0.896,stage1,0.40804396803573795,0.4170358818848753,41,0
0.897,stage1,0.40804396803573795,0.4170358818848753,41,0
0.898,stage1,0.40804396803573795,0.4170358818848753,41,0
0.899,stage1,0.40804396803573795,0.4170358818848753,41,0
0.9,stage1,0.40804396803573795,0.4170358818848753,41,0
0.901,stage1,0.41216212064743957,0.40656060905637503,41,0
0.902,stage1,0.41216212064743957,0.40656060905637503,41,0
0.903,stage1,0.41216212064743957,0.40656060905637503,41,0
0.904,stage1,0.41216212064743957,0.40656060905637503,41,0
0.905,stage1,0.41216212064743957,0.40656060905637503,41,0
0.906,stage1,0.41216212064743957,0.40656060905637503,41,0
0.907,stage1,0.41216212064743957,0.40656060905637503,41,0
0.908,stage1,0.41216212064743957,0.40656060905637503,41,0
0.909,stage1,0.41216212064743957,0.40656060905637503,41,0
0.91,stage1,0.41216212064743957,0.40656060905637503,41,0
0.911,stage1,0.41617451245667963,0.3958848738027397,42,0
0.912,stage1,0.41617451245667963,0.3958848738027397,42,0
0.913,stage1,0.41617451245667963,0.3958848738027397,42,0
0.914,stage1,0.41617451245667963,0.3958848738027397,42,0
0.915,stage1,0.41617451245667963,0.3958848738027397,42,0
0.916,stage1,0.41617451245667963,0.3958848738027397,42,0
0.917,stage1,0.41617451245667963,0.3958848738027397,42,0
0.918,stage1,0.41617451245667963,0.3958848738027397,42,0
0.919,stage1,0.41617451245667963,0.3958848738027397,42,0
0.92,stage1,0.41617451245667963,0.3958848738027397,42,0
0.921,stage1,0.42007917358835833,0.3850156330786121,42,0
0.922,stage1,0.42007917358835833,0.3850156330786121,42,0
0.923,stage1,0.42007917358835833,0.3850156330786121,42,0
0.924,stage1,0.42007917358835833,0.3850156330786121,42,0
0.925,stage1,0.42007917358835833,0.3850156330786121,42,0
0.926,stage1,0.42007917358835833,0.3850156330786121,42,0
0.927,stage1,0.42007917358835833,0.3850156330786121,42,0
0.928,stage1,0.42007917358835833,0.3850156330786121,42,0
0.929,stage1,0.42007917358835833,0.3850156330786121,42,0
0.93,stage1,0.42007917358835833,0.3850156330786121,42,0
0.931,stage1,0.4238742039419196,0.3739598841723487,42,0
0.932,stage1,0.4238742039419196,0.3739598841723487,42,0
0.933,stage1,0.4238742039419196,0.3739598841723487,42,0
0.934,stage1,0.4238742039419196,0.3739598841723487,42,0
0.935,stage1,0.4238742039419196,0.3739598841723487,42,0
0.936,stage1,0.4238742039419196,0.3739598841723487,42,0
0.937,stage1,0.4238742039419196,0.3739598841723487,42,0
0.938,stage1,0.4238742039419196,0.3739598841723487,42,0
0.939,stage1,0.4238742039419196,0.3739598841723487,42,0
0.94,stage1,0.4238742039419196,0.3739598841723487,42,0
0.941,stage1,0.4275577735747234,0.3627246607164671,43,0
0.942,stage1,0.4275577735747234,0.3627246607164671,43,0
0.943,stage1,0.4275577735747234,0.3627246607164671,43,0
0.944,stage1,0.4275577735747234,0.3627246607164671,43,0
0.945,stage1,0.4275577735747234,0.3627246607164671,43,0
0.946,stage1,0.4275577735747234,0.3627246607164671,43,0
0.947,stage1,0.4275577735747234,0.3627246607164671,43,0
0.948,stage1,0.4275577735747234,0.3627246607164671,43,0
0.949,stage1,0.4275577735747234,0.3627246607164671,43,0
0.95,stage1,0.4275577735747234,0.3627246607164671,43,0
0.951,stage1,0.4311281230456293,0.3513170287197491,43,0
0.952,stage1,0.4311281230456293,0.3513170287197491,43,0
0.953,stage1,0.4311281230456293,0.3513170287197491,43,0
0.954,stage1,0.4311281230456293,0.3513170287197491,43,0
0.955,stage1,0.4311281230456293,0.3513170287197491,43,0
0.956,stage1,0.4311281230456293,0.3513170287197491,43,0
0.957,stage1,0.4311281230456293,0.3513170287197491,43,0
0.958,stage1,0.4311281230456293,0.3513170287197491,43,0
0.959,stage1,0.4311281230456293,0.3513170287197491,43,0
0.96,stage1,0.4311281230456293,0.3513170287197491,43,0
0.961,stage1,0.43458356371901663,0.33974408262277045,43,0
0.962,stage1,0.43458356371901663,0.33974408262277045,43,0
0.963,stage1,0.43458356371901663,0.33974408262277045,43,0
0.964,stage1,0.43458356371901663,0.33974408262277045,43,0
0.965,stage1,0.43458356371901663,0.33974408262277045,43,0
0.966,stage1,0.43458356371901663,0.33974408262277045,43,0
0.967,stage1,0.43458356371901663,0.33974408262277045,43,0
0.968,stage1,0.43458356371901663,0.33974408262277045,43,0
0.969,stage1,0.43458356371901663,0.33974408262277045,43,0
0.97,stage1,0.43458356371901663,0.33974408262277045,43,0
0.971,stage1,0.43792247802948453,0.32801294137859616,44,0
0.972,stage1,0.43792247802948453,0.32801294137859616,44,0
0.973,stage1,0.43792247802948453,0.32801294137859616,44,0
0.974,stage1,0.43792247802948453,0.32801294137859616,44,0
0.975,stage1,0.43792247802948453,0.32801294137859616,44,0
0.976,stage1,0.43792247802948453,0.32801294137859616,44,0
0.977,stage1,0.43792247802948453,0.32801294137859616,44,0
0.978,stage1,0.43792247802948453,0.32801294137859616,44,0
0.979,stage1,0.43792247802948453,0.32801294137859616,44,0
0.98,stage1,0.43792247802948453,0.32801294137859616,44,0
0.981,stage1,0.4411433197074917,0.3161307445603537,44,0
0.982,stage1,0.4411433197074917,0.3161307445603537,44,0
0.983,stage1,0.4411433197074917,0.3161307445603537,44,0
0.984,stage1,0.4411433197074917,0.3161307445603537,44,0
0.985,stage1,0.4411433197074917,0.3161307445603537,44,0
0.986,stage1,0.4411433197074917,0.3161307445603537,44,0
0.987,stage1,0.4411433197074917,0.3161307445603537,44,0
0.988,stage1,0.4411433197074917,0.3161307445603537,44,0
0.989,stage1,0.4411433197074917,0.3161307445603537,44,0
0.99,stage1,0.4411433197074917,0.3161307445603537,44,0
0.991,stage1,0.4442446139662136,0.30410464849736235,44,0
0.992,stage1,0.4442446139662136,0.30410464849736235,44,0
0.993,stage1,0.4442446139662136,0.30410464849736235,44,0
0.994,stage1,0.4442446139662136,0.30410464849736235,44,0
0.995,stage1,0.4442446139662136,0.30410464849736235,44,0
0.996,stage1,0.4442446139662136,0.30410464849736235,44,0
0.997,stage1,0.4442446139662136,0.30410464849736235,44,0
0.998,stage1,0.4442446139662136,0.30410464849736235,44,0
0.999,stage1,0.4442446139662136,0.30410464849736235,44,0
1.0,stage1,0.4442446139662136,0.30410464849736235,44,0
1.001,stage1,0.4472249576499102,0.29194182244146744,45,0
1.002,stage1,0.4472249576499102,0.29194182244146744,45,0
1.003,stage1,0.4472249576499102,0.29194182244146744,45,0
1.004,stage1,0.4472249576499102,0.29194182244146744,45,0
1.005,stage1,0.4472249576499102,0.29194182244146744,45,0
1.006,stage1,0.4472249576499102,0.29194182244146744,45,0
1.007,stage1,0.4472249576499102,0.29194182244146744,45,0
1.008,stage1,0.4472249576499102,0.29194182244146744,45,0
1.009,stage1,0.4472249576499102,0.29194182244146744,45,0
1.01,stage1,0.4472249576499102,0.29194182244146744,45,0
1.011,stage1,0.4500830193441151,0.27964944476519754,45,0
1.012,stage1,0.4500830193441151,0.27964944476519754,45,0
1.013,stage1,0.4500830193441151,0.27964944476519754,45,0
1.014,stage1,0.4500830193441151,0.27964944476519754,45,0
1.015,stage1,0.4500830193441151,0.27964944476519754,45,0
1.016,stage1,0.4500830193441151,0.27964944476519754,45,0
1.017,stage1,0.4500830193441151,0.27964944476519754,45,0
1.018,stage1,0.4500830193441151,0.27964944476519754,45,0
1.019,stage1,0.4500830193441151,0.27964944476519754,45,0
1.02,stage1,0.4500830193441151,0.27964944476519754,45,0
1.021,stage1,0.45281753944797193,0.26723469919332765,45,0
1.022,stage1,0.45281753944797193,0.26723469919332765,45,0
1.023,stage1,0.45281753944797193,0.26723469919332765,45,0
1.024,stage1,0.45281753944797193,0.26723469919332765,45,0
1.025,stage1,0.45281753944797193,0.26723469919332765,45,0
1.026,stage1,0.45281753944797193,0.26723469919332765,45,0
1.027,stage1,0.45281753944797193,0.26723469919332765,45,0
1.028,stage1,0.45281753944797193,0.26723469919332765,45,0
1.029,stage1,0.45281753944797193,0.26723469919332765,45,0
1.03,stage1,0.45281753944797193,0.26723469919332765,45,0
1.031,stage1,0.4554273302090599,0.2547047710694015,46,0
1.032,stage1,0.4554273302090599,0.2547047710694015,46,0
1.033,stage1,0.4554273302090599,0.2547047710694015,46,0
1.034,stage1,0.4554273302090599,0.2547047710694015,46,0
1.035,stage1,0.4554273302090599,0.2547047710694015,46,0
1.036,stage1,0.4554273302090599,0.2547047710694015,46,0
1.037,stage1,0.4554273302090599,0.2547047710694015,46,0
1.038,stage1,0.4554273302090599,0.2547047710694015,46,0
1.039,stage1,0.4554273302090599,0.2547047710694015,46,0
1.04,stage1,0.4554273302090599,0.2547047710694015,46,0
1.041,stage1,0.45791127572106566,0.24206684365873124,46,0
1.042,stage1,0.45791127572106566,0.24206684365873124,46,0
1.043,stage1,0.45791127572106566,0.24206684365873124,46,0
1.044,stage1,0.45791127572106566,0.24206684365873124,46,0
1.045,stage1,0.45791127572106566,0.24206684365873124,46,0
1.046,stage1,0.45791127572106566,0.24206684365873124,46,0
1.047,stage1,0.45791127572106566,0.24206684365873124,46,0
1.048,stage1,0.45791127572106566,0.24206684365873124,46,0
1.049,stage1,0.45791127572106566,0.24206684365873124,46,0
1.05,stage1,0.45791127572106566,0.24206684365873124,46,0
1.051,stage1,0.46026833188467375,0.22932809448936078,46,0
1.052,stage1,0.46026833188467375,0.22932809448936078,46,0
1.053,stage1,0.46026833188467375,0.22932809448936078,46,0
1.054,stage1,0.46026833188467375,0.22932809448936078,46,0
1.055,stage1,0.46026833188467375,0.22932809448936078,46,0
1.056,stage1,0.46026833188467375,0.22932809448936078,46,0
1.057,stage1,0.46026833188467375,0.22932809448936078,46,0
1.058,stage1,0.46026833188467375,0.22932809448936078,46,0
1.059,stage1,0.46026833188467375,0.22932809448936078,46,0
1.06,stage1,0.46026833188467375,0.22932809448936078,46,0
1.061,stage1,0.4624975263320625,0.21649569173244326,46,0
1.062,stage1,0.4624975263320625,0.21649569173244326,46,0
1.063,stage1,0.4624975263320625,0.21649569173244326,46,0
1.064,stage1,0.4624975263320625,0.21649569173244326,46,0
1.065,stage1,0.4624975263320625,0.21649569173244326,46,0
1.066,stage1,0.4624975263320625,0.21649569173244326,46,0
1.067,stage1,0.4624975263320625,0.21649569173244326,46,0
1.068,stage1,0.4624975263320625,0.21649569173244326,46,0
1.069,stage1,0.4624975263320625,0.21649569173244326,46,0
1.07,stage1,0.4624975263320625,0.21649569173244326,46,0
1.071,stage1,0.46459795831540684,0.2035767906234505,46,0
1.072,stage1,0.46459795831540684,0.2035767906234505,46,0
1.073,stage1,0.46459795831540684,0.2035767906234505,46,0
1.074,stage1,0.46459795831540684,0.2035767906234505,46,0
1.075,stage1,0.46459795831540684,0.2035767906234505,46,0
1.076,stage1,0.46459795831540684,0.2035767906234505,46,0
1.077,stage1,0.46459795831540684,0.2035767906234505,46,0
1.078,stage1,0.46459795831540684,0.2035767906234505,46,0
1.079,stage1,0.46459795831540684,0.2035767906234505,46,0
1.08,stage1,0.46459795831540684,0.2035767906234505,46,0
1.081,stage1,0.4665687985598031,0.19057852992559693,47,0
1.082,stage1,0.4665687985598031,0.19057852992559693,47,0
1.083,stage1,0.4665687985598031,0.19057852992559693,47,0
1.084,stage1,0.4665687985598031,0.19057852992559693,47,0
1.085,stage1,0.4665687985598031,0.19057852992559693,47,0
1.086,stage1,0.4665687985598031,0.19057852992559693,47,0
1.087,stage1,0.4665687985598031,0.19057852992559693,47,0
1.088,stage1,0.4665687985598031,0.19057852992559693,47,0
1.089,stage1,0.4665687985598031,0.19057852992559693,47,0
1.09,stage1,0.4665687985598031,0.19057852992559693,47,0
1.091,stage1,0.4684092890810447,0.17750802843682537,47,0
1.092,stage1,0.4684092890810447,0.17750802843682537,47,0
1.093,stage1,0.4684092890810447,0.17750802843682537,47,0
1.094,stage1,0.4684092890810447,0.17750802843682537,47,0
1.095,stage1,0.4684092890810447,0.17750802843682537,47,0
1.096,stage1,0.4684092890810447,0.17750802843682537,47,0
1.097,stage1,0.4684092890810447,0.17750802843682537,47,0
1.098,stage1,0.4684092890810447,0.17750802843682537,47,0
1.099,stage1,0.4684092890810447,0.17750802843682537,47,0
1.1,stage1,0.4684092890810447,0.17750802843682537,47,0
1.101,stage1,0.47011874296869083,0.16437238154166678,47,0
1.102,stage1,0.47011874296869083,0.16437238154166678,47,0
1.103,stage1,0.47011874296869083,0.16437238154166678,47,0
1.104,stage1,0.47011874296869083,0.16437238154166678,47,0
1.105,stage1,0.47011874296869083,0.16437238154166678,47,0
1.106,stage1,0.47011874296869083,0.16437238154166678,47,0
1.107,stage1,0.47011874296869083,0.16437238154166678,47,0
1.108,stage1,0.47011874296869083,0.16437238154166678,47,0
1.109,stage1,0.47011874296869083,0.16437238154166678,47,0
1.11,stage1,0.47011874296869083,0.16437238154166678,47,0
1.111,stage1,0.47169654413488393,0.15117865780925108,47,0
1.112,stage1,0.47169654413488393,0.15117865780925108,47,0
1.113,stage1,0.47169654413488393,0.15117865780925108,47,0
1.114,stage1,0.47169654413488393,0.15117865780925108,47,0
1.115,stage1,0.47169654413488393,0.15117865780925108,47,0
1.116,stage1,0.47169654413488393,0.15117865780925108,47,0
1.117,stage1,0.47169654413488393,0.15117865780925108,47,0
1.118,stage1,0.47169654413488393,0.15117865780925108,47,0
1.119,stage1,0.47169654413488393,0.15117865780925108,47,0
1.12,stage1,0.47169654413488393,0.15117865780925108,47,0
1.121,stage1,0.47314214702938256,0.13793389563870911,47,0
1.122,stage1,0.47314214702938256,0.13793389563870911,47,0
1.123,stage1,0.47314214702938256,0.13793389563870911,47,0
1.124,stage1,0.47314214702938256,0.13793389563870911,47,0
1.125,stage1,0.47314214702938256,0.13793389563870911,47,0
1.126,stage1,0.47314214702938256,0.13793389563870911,47,0
1.127,stage1,0.47314214702938256,0.13793389563870911,47,0
1.128,stage1,0.47314214702938256,0.13793389563870911,47,0
1.129,stage1,0.47314214702938256,0.13793389563870911,47,0
1.13,stage1,0.47314214702938256,0.13793389563870911,47,0
1.131,stage1,0.47445507632129086,0.12464509995317088,47,0
1.132,stage1,0.47445507632129086,0.12464509995317088,47,0
1.133,stage1,0.47445507632129086,0.12464509995317088,47,0
1.134,stage1,0.47445507632129086,0.12464509995317088,47,0
1.135,stage1,0.47445507632129086,0.12464509995317088,47,0
1.136,stage1,0.47445507632129086,0.12464509995317088,47,0
1.137,stage1,0.47445507632129086,0.12464509995317088,47,0
1.138,stage1,0.47445507632129086,0.12464509995317088,47,0
1.139,stage1,0.47445507632129086,0.12464509995317088,47,0
1.14,stage1,0.47445507632129086,0.12464509995317088,47,0
1.141,stage1,0.4756349265479754,0.11131923894352787,48,0
1.142,stage1,0.4756349265479754,0.11131923894352787,48,0
1.143,stage1,0.4756349265479754,0.11131923894352787,48,0
1.144,stage1,0.4756349265479754,0.11131923894352787,48,0
1.145,stage1,0.4756349265479754,0.11131923894352787,48,0
1.146,stage1,0.4756349265479754,0.11131923894352787,48,0
1.147,stage1,0.4756349265479754,0.11131923894352787,48,0
1.148,stage1,0.4756349265479754,0.11131923894352787,48,0
1.149,stage1,0.4756349265479754,0.11131923894352787,48,0
1.15,stage1,0.4756349265479754,0.11131923894352787,48,0
1.151,stage1,0.4766813617316736,0.09796324086309116,48,0
1.152,stage1,0.4766813617316736,0.09796324086309116,48,0
1.153,stage1,0.4766813617316736,0.09796324086309116,48,0
1.154,stage1,0.4766813617316736,0.09796324086309116,48,0
1.155,stage1,0.4766813617316736,0.09796324086309116,48,0
1.156,stage1,0.4766813617316736,0.09796324086309116,48,0
1.157,stage1,0.4766813617316736,0.09796324086309116,48,0
1.158,stage1,0.4766813617316736,0.09796324086309116,48,0
1.159,stage1,0.4766813617316736,0.09796324086309116,48,0
1.16,stage1,0.4766813617316736,0.09796324086309116,48,0
1.161,stage1,0.47759411496430737,0.0845839908742402,48,0
1.162,stage1,0.47759411496430737,0.0845839908742402,48,0
1.163,stage1,0.47759411496430737,0.0845839908742402,48,0
1.164,stage1,0.47759411496430737,0.0845839908742402,48,0
1.165,stage1,0.47759411496430737,0.0845839908742402,48,0
1.166,stage1,0.47759411496430737,0.0845839908742402,48,0
1.167,stage1,0.47759411496430737,0.0845839908742402,48,0
1.168,stage1,0.47759411496430737,0.0845839908742402,48,0
1.169,stage1,0.47759411496430737,0.0845839908742402,48,0
1.17,stage1,0.47759411496430737,0.0845839908742402,48,0
1.171,stage1,0.47837298796102806,0.07118832794811988,48,0
1.172,stage1,0.47837298796102806,0.07118832794811988,48,0
1.173,stage1,0.47837298796102806,0.07118832794811988,48,0
1.174,stage1,0.47837298796102806,0.07118832794811988,48,0
1.175,stage1,0.47837298796102806,0.07118832794811988,48,0
1.176,stage1,0.47837298796102806,0.07118832794811988,48,0
1.177,stage1,0.47837298796102806,0.07118832794811988,48,0
1.178,stage1,0.47837298796102806,0.07118832794811988,48,0
1.179,stage1,0.47837298796102806,0.07118832794811988,48,0
1.18,stage1,0.47837298796102806,0.07118832794811988,48,0
1.181,stage1,0.4790178505830275,0.05778304181840671,48,0
1.182,stage1,0.4790178505830275,0.05778304181840671,48,0
1.183,stage1,0.4790178505830275,0.05778304181840671,48,0
1.184,stage1,0.4790178505830275,0.05778304181840671,48,0
1.185,stage1,0.4790178505830275,0.05778304181840671,48,0
1.186,stage1,0.4790178505830275,0.05778304181840671,48,0
1.187,stage1,0.4790178505830275,0.05778304181840671,48,0
1.188,stage1,0.4790178505830275,0.05778304181840671,48,0
1.189,stage1,0.4790178505830275,0.05778304181840671,48,0
1.19,stage1,0.4790178505830275,0.05778304181840671,48,0
1.191,stage1,0.4795286403301613,0.04437486999012747,48,0
1.192,stage1,0.4795286403301613,0.04437486999012747,48,0
1.193,stage1,0.4795286403301613,0.04437486999012747,48,0
1.194,stage1,0.4795286403301613,0.04437486999012747,48,0
1.195,stage1,0.4795286403301613,0.04437486999012747,48,0
1.196,stage1,0.4795286403301613,0.04437486999012747,48,0
1.197,stage1,0.4795286403301613,0.04437486999012747,48,0
1.198,stage1,0.4795286403301613,0.04437486999012747,48,0
1.199,stage1,0.4795286403301613,0.04437486999012747,48,0
1.2,stage1,0.4795286403301613,0.04437486999012747,48,0
1.201,stage1,0.4799053618039397,0.03097049480447643,48,0
1.202,stage1,0.4799053618039397,0.03097049480447643,48,0
1.203,stage1,0.4799053618039397,0.03097049480447643,48,0
1.204,stage1,0.4799053618039397,0.03097049480447643,48,0
1.205,stage1,0.4799053618039397,0.03097049480447643,48,0
1.206,stage1,0.4799053618039397,0.03097049480447643,48,0
1.207,stage1,0.4799053618039397,0.03097049480447643,48,0
1.208,stage1,0.4799053618039397,0.03097049480447643,48,0
1.209,stage1,0.4799053618039397,0.03097049480447643,48,0
1.21,stage1,0.4799053618039397,0.03097049480447643,48,0
1.211,stage1,0.48014808614145027,0.017576540560539658,48,0
1.212,stage1,0.48014808614145027,0.017576540560539658,48,0
1.213,stage1,0.48014808614145027,0.017576540560539658,48,0
1.214,stage1,0.48014808614145027,0.017576540560539658,48,0
1.215,stage1,0.48014808614145027,0.017576540560539658,48,0
1.216,stage1,0.48014808614145027,0.017576540560539658,48,0
1.217,stage1,0.48014808614145027,0.017576540560539658,48,0
1.218,stage1,0.48014808614145027,0.017576540560539658,48,0
1.219,stage1,0.48014808614145027,0.017576540560539658,48,0
1.22,stage1,0.48014808614145027,0.017576540560539658,48,0
1.221,stage1,0.48025695042078576,0.004199570694797469,48,0
1.222,stage1,0.48025695042078576,0.004199570694797469,48,0
1.223,stage1,0.48025695042078576,0.004199570694797469,48,0
1.224,stage1,0.48025695042078576,0.004199570694797469,48,0
1.225,stage1,0.48025695042078576,0.004199570694797469,48,0
1.226,stage1,0.48025695042078576,0.004199570694797469,48,0
1.227,stage1,0.48025695042078576,0.004199570694797469,48,0
1.228,stage1,0.48025695042078576,0.004199570694797469,48,0
1.229,stage1,0.48025695042078576,0.004199570694797469,48,0
1.23,stage1,0.48025695042078576,0.004199570694797469,48,0
1.231,stage1,0.48023215703855987,-0.00915391498076154,48,0
1.232,stage1,0.48023215703855987,-0.00915391498076154,48,0
1.233,stage1,0.48023215703855987,-0.00915391498076154,48,0
1.234,stage1,0.48023215703855987,-0.00915391498076154,48,0
1.235,stage1,0.48023215703855987,-0.00915391498076154,48,0
1.236,stage1,0.48023215703855987,-0.00915391498076154,48,0
1.237,stage1,0.48023215703855987,-0.00915391498076154,48,0
1.238,stage1,0.48023215703855987,-0.00915391498076154,48,0
1.239,stage1,0.48023215703855987,-0.00915391498076154,48,0
1.24,stage1,0.48023215703855987,-0.00915391498076154,48,0
1.241,stage1,0.4800739730601002,-0.022477482981119123,48,0
1.242,stage1,0.4800739730601002,-0.022477482981119123,48,0
1.243,stage1,0.4800739730601002,-0.022477482981119123,48,0
1.244,stage1,0.4800739730601002,-0.022477482981119123,48,0
1.245,stage1,0.4800739730601002,-0.022477482981119123,48,0
1.246,stage1,0.4800739730601002,-0.022477482981119123,48,0
1.247,stage1,0.4800739730601002,-0.022477482981119123,48,0
1.248,stage1,0.4800739730601002,-0.022477482981119123,48,0
1.249,stage1,0.4800739730601002,-0.022477482981119123,48,0
1.25,stage1,0.4800739730601002,-0.022477482981119123,48,0
1.251,stage1,0.4797827295429167,-0.035764768790540524,48,0
1.252,stage1,0.4797827295429167,-0.035764768790540524,48,0
1.253,stage1,0.4797827295429167,-0.035764768790540524,48,0
1.254,stage1,0.4797827295429167,-0.035764768790540524,48,0
1.255,stage1,0.4797827295429167,-0.035764768790540524,48,0
1.256,stage1,0.4797827295429167,-0.035764768790540524,48,0
1.257,stage1,0.4797827295429167,-0.035764768790540524,48,0
1.258,stage1,0.4797827295429167,-0.035764768790540524,48,0
1.259,stage1,0.4797827295429167,-0.035764768790540524,48,0
1.26,stage1,0.4797827295429167,-0.035764768790540524,48,0
1.261,stage1,0.47935882083405074,-0.04900947944400165,48,0
1.262,stage1,0.47935882083405074,-0.04900947944400165,48,0
1.263,stage1,0.47935882083405074,-0.04900947944400165,48,0
1.264,stage1,0.47935882083405074,-0.04900947944400165,48,0
1.265,stage1,0.47935882083405074,-0.04900947944400165,48,0
1.266,stage1,0.47935882083405074,-0.04900947944400165,48,0
1.267,stage1,0.47935882083405074,-0.04900947944400165,48,0
1.268,stage1,0.47935882083405074,-0.04900947944400165,48,0
1.269,stage1,0.47935882083405074,-0.04900947944400165,48,0
1.27,stage1,0.47935882083405074,-0.04900947944400165,48,0
1.271,stage1,0.4788027038419176,-0.06220539604704746,48,0
1.272,stage1,0.4788027038419176,-0.06220539604704746,48,0
1.273,stage1,0.4788027038419176,-0.06220539604704746,48,0
1.274,stage1,0.4788027038419176,-0.06220539604704746,48,0
1.275,stage1,0.4788027038419176,-0.06220539604704746,48,0
1.276,stage1,0.4788027038419176,-0.06220539604704746,48,0
1.277,stage1,0.4788027038419176,-0.06220539604704746,48,0
1.278,stage1,0.4788027038419176,-0.06220539604704746,48,0
1.279,stage1,0.4788027038419176,-0.06220539604704746,48,0
1.28,stage1,0.4788027038419176,-0.06220539604704746,48,0
1.281,stage1,0.4781148972832602,-0.0753463762334363,48,0
1.282,stage1,0.4781148972832602,-0.0753463762334363,48,0
1.283,stage1,0.4781148972832602,-0.0753463762334363,48,0
1.284,stage1,0.4781148972832602,-0.0753463762334363,48,0
1.285,stage1,0.4781148972832602,-0.0753463762334363,48,0
1.286,stage1,0.4781148972832602,-0.0753463762334363,48,0
1.287,stage1,0.4781148972832602,-0.0753463762334363,48,0
1.288,stage1,0.4781148972832602,-0.0753463762334363,48,0
1.289,stage1,0.4781148972832602,-0.0753463762334363,48,0
1.29,stage1,0.4781148972832602,-0.0753463762334363,48,0
1.291,stage1,0.4772959809058407,-0.08842635655996256,48,0
1.292,stage1,0.4772959809058407,-0.08842635655996256,48,0
1.293,stage1,0.4772959809058407,-0.08842635655996256,48,0
1.294,stage1,0.4772959809058407,-0.08842635655996256,48,0
1.295,stage1,0.4772959809058407,-0.08842635655996256,48,0
1.296,stage1,0.4772959809058407,-0.08842635655996256,48,0
1.297,stage1,0.4772959809058407,-0.08842635655996256,48,0
1.298,stage1,0.4772959809058407,-0.08842635655996256,48,0
1.299,stage1,0.4772959809058407,-0.08842635655996256,48,0
1.3,stage1,0.4772959809058407,-0.08842635655996256,48,0
1.301,stage1,0.47634659468750007,-0.10143935483788721,48,0
1.302,stage1,0.47634659468750007,-0.10143935483788721,48,0
1.303,stage1,0.47634659468750007,-0.10143935483788721,48,0
1.304,stage1,0.47634659468750007,-0.10143935483788721,48,0
1.305,stage1,0.47634659468750007,-0.10143935483788721,48,0
1.306,stage1,0.47634659468750007,-0.10143935483788721,48,0
1.307,stage1,0.47634659468750007,-0.10143935483788721,48,0
1.308,stage1,0.47634659468750007,-0.10143935483788721,48,0
1.309,stage1,0.47634659468750007,-0.10143935483788721,48,0
1.31,stage1,0.47634659468750007,-0.10143935483788721,48,0
1.311,stage1,0.47526743801222243,-0.11437947240044373,48,0
1.312,stage1,0.47526743801222243,-0.11437947240044373,48,0
1.313,stage1,0.47526743801222243,-0.11437947240044373,48,0
1.314,stage1,0.47526743801222243,-0.11437947240044373,48,0
1.315,stage1,0.47526743801222243,-0.11437947240044373,48,0
1.316,stage1,0.47526743801222243,-0.11437947240044373,48,0
1.317,stage1,0.47526743801222243,-0.11437947240044373,48,0
1.318,stage1,0.47526743801222243,-0.11437947240044373,48,0
1.319,stage1,0.47526743801222243,-0.11437947240044373,48,0
1.32,stage1,0.47526743801222243,-0.11437947240044373,48,0
1.321,stage1,0.47405926882384625,-0.1272408963059234,47,0
1.322,stage1,0.47405926882384625,-0.1272408963059234,47,0
1.323,stage1,0.47405926882384625,-0.1272408963059234,47,0
1.324,stage1,0.47405926882384625,-0.1272408963059234,47,0
1.325,stage1,0.47405926882384625,-0.1272408963059234,47,0
1.326,stage1,0.47405926882384625,-0.1272408963059234,47,0
1.327,stage1,0.47405926882384625,-0.1272408963059234,47,0
1.328,stage1,0.47405926882384625,-0.1272408963059234,47,0
1.329,stage1,0.47405926882384625,-0.1272408963059234,47,0
1.33,stage1,0.47405926882384625,-0.1272408963059234,47,0
1.331,stage1,0.47272290275806866,-0.14001790147588172,47,0
1.332,stage1,0.47272290275806866,-0.14001790147588172,47,0
1.333,stage1,0.47272290275806866,-0.14001790147588172,47,0
1.334,stage1,0.47272290275806866,-0.14001790147588172,47,0
1.335,stage1,0.47272290275806866,-0.14001790147588172,47,0
1.336,stage1,0.47272290275806866,-0.14001790147588172,47,0
1.337,stage1,0.47272290275806866,-0.14001790147588172,47,0
1.338,stage1,0.47272290275806866,-0.14001790147588172,47,0
1.339,stage1,0.47272290275806866,-0.14001790147588172,47,0
1.34,stage1,0.47272290275806866,-0.14001790147588172,47,0
1.341,stage1,0.47125921225339384,-0.15270485276804466,47,0
1.342,stage1,0.47125921225339384,-0.15270485276804466,47,0
1.343,stage1,0.47125921225339384,-0.15270485276804466,47,0
1.344,stage1,0.47125921225339384,-0.15270485276804466,47,0
1.345,stage1,0.47125921225339384,-0.15270485276804466,47,0
1.346,stage1,0.47125921225339384,-0.15270485276804466,47,0
1.347,stage1,0.47125921225339384,-0.15270485276804466,47,0
1.348,stage1,0.47125921225339384,-0.15270485276804466,47,0
1.349,stage1,0.47125921225339384,-0.15270485276804466,47,0
1.35,stage1,0.47125921225339384,-0.15270485276804466,47,0
1.351,stage1,0.46966912564168034,-0.1652962069835295,47,0
1.352,stage1,0.46966912564168034,-0.1652962069835295,47,0
1.353,stage1,0.46966912564168034,-0.1652962069835295,47,0
1.354,stage1,0.46966912564168034,-0.1652962069835295,47,0
1.355,stage1,0.46966912564168034,-0.1652962069835295,47,0
1.356,stage1,0.46966912564168034,-0.1652962069835295,47,0
1.357,stage1,0.46966912564168034,-0.1652962069835295,47,0
1.358,stage1,0.46966912564168034,-0.1652962069835295,47,0
1.359,stage1,0.46966912564168034,-0.1652962069835295,47,0
1.36,stage1,0.46966912564168034,-0.1652962069835295,47,0
1.361,stage1,0.4679536262189463,-0.17778651480803306,47,0
1.362,stage1,0.4679536262189463,-0.17778651480803306,47,0
1.363,stage1,0.4679536262189463,-0.17778651480803306,47,0
1.364,stage1,0.4679536262189463,-0.17778651480803306,47,0
1.365,stage1,0.4679536262189463,-0.17778651480803306,47,0
1.366,stage1,0.4679536262189463,-0.17778651480803306,47,0
1.367,stage1,0.4679536262189463,-0.17778651480803306,47,0
1.368,stage1,0.4679536262189463,-0.17778651480803306,47,0
1.369,stage1,0.4679536262189463,-0.17778651480803306,47,0
1.37,stage1,0.4679536262189463,-0.17778651480803306,47,0
1.371,stage1,0.4661137512970943,-0.19017042268667492,47,0
1.372,stage1,0.4661137512970943,-0.19017042268667492,47,0
1.373,stage1,0.4661137512970943,-0.19017042268667492,47,0
1.374,stage1,0.4661137512970943,-0.19017042268667492,47,0
1.375,stage1,0.4661137512970943,-0.19017042268667492,47,0
1.376,stage1,0.4661137512970943,-0.19017042268667492,47,0
1.377,stage1,0.4661137512970943,-0.19017042268667492,47,0
1.378,stage1,0.4661137512970943,-0.19017042268667492,47,0
1.379,stage1,0.4661137512970943,-0.19017042268667492,47,0
1.38,stage1,0.4661137512970943,-0.19017042268667492,47,0
1.381,stage1,0.46415059123722024,-0.20244267463222113,46,0
1.382,stage1,0.46415059123722024,-0.20244267463222113,46,0
1.383,stage1,0.46415059123722024,-0.20244267463222113,46,0
1.384,stage1,0.46415059123722024,-0.20244267463222113,46,0
1.385,stage1,0.46415059123722024,-0.20244267463222113,46,0
1.386,stage1,0.46415059123722024,-0.20244267463222113,46,0
1.387,stage1,0.46415059123722024,-0.20244267463222113,46,0
1.388,stage1,0.46415059123722024,-0.20244267463222113,46,0
1.389,stage1,0.46415059123722024,-0.20244267463222113,46,0
1.39,stage1,0.46415059123722024,-0.20244267463222113,46,0
1.391,stage1,0.4620652884651746,-0.21459811396644843,46,0
1.392,stage1,0.4620652884651746,-0.21459811396644843,46,0
1.393,stage1,0.4620652884651746,-0.21459811396644843,46,0
1.394,stage1,0.4620652884651746,-0.21459811396644843,46,0
1.395,stage1,0.4620652884651746,-0.21459811396644843,46,0
1.396,stage1,0.4620652884651746,-0.21459811396644843,46,0
1.397,stage1,0.4620652884651746,-0.21459811396644843,46,0
1.398,stage1,0.4620652884651746,-0.21459811396644843,46,0
1.399,stage1,0.4620652884651746,-0.21459811396644843,46,0
1.4,stage1,0.4620652884651746,-0.21459811396644843,46,0
1.401,stage1,0.4598590364700448,-0.22663168499444594,46,0
1.402,stage1,0.4598590364700448,-0.22663168499444594,46,0
1.403,stage1,0.4598590364700448,-0.22663168499444594,46,0
1.404,stage1,0.4598590364700448,-0.22663168499444594,46,0
1.405,stage1,0.4598590364700448,-0.22663168499444594,46,0
1.406,stage1,0.4598590364700448,-0.22663168499444594,46,0
1.407,stage1,0.4598590364700448,-0.22663168499444594,46,0
1.408,stage1,0.4598590364700448,-0.22663168499444594,46,0
1.409,stage1,0.4598590364700448,-0.22663168499444594,46,0
1.41,stage1,0.4598590364700448,-0.22663168499444594,46,0
1.411,stage1,0.4575330787862309,-0.23853843461168608,46,0
1.412,stage1,0.4575330787862309,-0.23853843461168608,46,0
1.413,stage1,0.4575330787862309,-0.23853843461168608,46,0
1.414,stage1,0.4575330787862309,-0.23853843461168608,46,0
1.415,stage1,0.4575330787862309,-0.23853843461168608,46,0
1.416,stage1,0.4575330787862309,-0.23853843461168608,46,0
1.417,stage1,0.4575330787862309,-0.23853843461168608,46,0
1.418,stage1,0.4575330787862309,-0.23853843461168608,46,0
1.419,stage1,0.4575330787862309,-0.23853843461168608,46,0
1.42,stage1,0.4575330787862309,-0.23853843461168608,46,0
1.421,stage1,0.45508870795978723,-0.25031351384373185,46,0
1.422,stage1,0.45508870795978723,-0.25031351384373185,46,0
1.423,stage1,0.45508870795978723,-0.25031351384373185,46,0
1.424,stage1,0.45508870795978723,-0.25031351384373185,46,0
1.425,stage1,0.45508870795978723,-0.25031351384373185,46,0
1.426,stage1,0.45508870795978723,-0.25031351384373185,46,0
1.427,stage1,0.45508870795978723,-0.25031351384373185,46,0
1.428,stage1,0.45508870795978723,-0.25031351384373185,46,0
1.429,stage1,0.45508870795978723,-0.25031351384373185,46,0
1.43,stage1,0.45508870795978723,-0.25031351384373185,46,0
1.431,stage1,0.4525272644997039,-0.261952179318483,45,0
1.432,stage1,0.4525272644997039,-0.261952179318483,45,0
1.433,stage1,0.4525272644997039,-0.261952179318483,45,0
1.434,stage1,0.4525272644997039,-0.261952179318483,45,0
1.435,stage1,0.4525272644997039,-0.261952179318483,45,0
1.436,stage1,0.4525272644997039,-0.261952179318483,45,0
1.437,stage1,0.4525272644997039,-0.261952179318483,45,0
1.438,stage1,0.4525272644997039,-0.261952179318483,45,0
1.439,stage1,0.4525272644997039,-0.261952179318483,45,0
1.44,stage1,0.4525272644997039,-0.261952179318483,45,0
1.441,stage1,0.4498501358148037,-0.27344979467090036,45,0
1.442,stage1,0.4498501358148037,-0.27344979467090036,45,0
1.443,stage1,0.4498501358148037,-0.27344979467090036,45,0
1.444,stage1,0.4498501358148037,-0.27344979467090036,45,0
1.445,stage1,0.4498501358148037,-0.27344979467090036,45,0
1.446,stage1,0.4498501358148037,-0.27344979467090036,45,0
1.447,stage1,0.4498501358148037,-0.27344979467090036,45,0
1.448,stage1,0.4498501358148037,-0.27344979467090036,45,0
1.449,stage1,0.4498501358148037,-0.27344979467090036,45,0
1.45,stage1,0.4498501358148037,-0.27344979467090036,45,0
1.451,stage1,0.4470587551369297,-0.2848018318801743,45,0
1.452,stage1,0.4470587551369297,-0.2848018318801743,45,0
1.453,stage1,0.4470587551369297,-0.2848018318801743,45,0
1.454,stage1,0.4470587551369297,-0.2848018318801743,45,0
1.455,stage1,0.4470587551369297,-0.2848018318801743,45,0
1.456,stage1,0.4470587551369297,-0.2848018318801743,45,0
1.457,stage1,0.4470587551369297,-0.2848018318801743,45,0
1.458,stage1,0.4470587551369297,-0.2848018318801743,45,0
1.459,stage1,0.4470587551369297,-0.2848018318801743,45,0
1.46,stage1,0.4470587551369297,-0.2848018318801743,45,0
1.461,stage1,0.4441546004310984,-0.2960038725393369,44,0
1.462,stage1,0.4441546004310984,-0.2960038725393369,44,0
1.463,stage1,0.4441546004310984,-0.2960038725393369,44,0
1.464,stage1,0.4441546004310984,-0.2960038725393369,44,0
1.465,stage1,0.4441546004310984,-0.2960038725393369,44,0
1.466,stage1,0.4441546004310984,-0.2960038725393369,44,0
1.467,stage1,0.4441546004310984,-0.2960038725393369,44,0
1.468,stage1,0.4441546004310984,-0.2960038725393369,44,0
1.469,stage1,0.4441546004310984,-0.2960038725393369,44,0
1.47,stage1,0.4441546004310984,-0.2960038725393369,44,0
1.471,stage1,0.44113919329329465,-0.30705160905737605,44,0
1.472,stage1,0.44113919329329465,-0.30705160905737605,44,0
1.473,stage1,0.44113919329329465,-0.30705160905737605,44,0
1.474,stage1,0.44113919329329465,-0.30705160905737605,44,0
1.475,stage1,0.44113919329329465,-0.30705160905737605,44,0
1.476,stage1,0.44113919329329465,-0.30705160905737605,44,0
1.477,stage1,0.44113919329329465,-0.30705160905737605,44,0
1.478,stage1,0.44113919329329465,-0.30705160905737605,44,0
1.479,stage1,0.44113919329329465,-0.30705160905737605,44,0
1.48,stage1,0.44113919329329465,-0.30705160905737605,44,0
1.481,stage1,0.4380140978365829,-0.31794084579391024,44,0
1.482,stage1,0.4380140978365829,-0.31794084579391024,44,0
1.483,stage1,0.4380140978365829,-0.31794084579391024,44,0
1.484,stage1,0.4380140978365829,-0.31794084579391024,44,0
1.485,stage1,0.4380140978365829,-0.31794084579391024,44,0
1.486,stage1,0.4380140978365829,-0.31794084579391024,44,0
1.487,stage1,0.4380140978365829,-0.31794084579391024,44,0
1.488,stage1,0.4380140978365829,-0.31794084579391024,44,0
1.489,stage1,0.4380140978365829,-0.31794084579391024,44,0
1.49,stage1,0.4380140978365829,-0.31794084579391024,44,0
1.491,stage1,0.434780919566208,-0.3286675001265296,43,0
1.492,stage1,0.434780919566208,-0.3286675001265296,43,0
1.493,stage1,0.434780919566208,-0.3286675001265296,43,0
1.494,stage1,0.434780919566208,-0.3286675001265296,43,0
1.495,stage1,0.434780919566208,-0.3286675001265296,43,0
1.496,stage1,0.434780919566208,-0.3286675001265296,43,0
1.497,stage1,0.434780919566208,-0.3286675001265296,43,0
1.498,stage1,0.434780919566208,-0.3286675001265296,43,0
1.499,stage1,0.434780919566208,-0.3286675001265296,43,0
1.5,stage1,0.434780919566208,-0.3286675001265296,43,0
1.501,stage1,0.43144130424435895,-0.3392276034509426,43,0
1.502,stage1,0.43144130424435895,-0.3392276034509426,43,0
1.503,stage1,0.43144130424435895,-0.3392276034509426,43,0
1.504,stage1,0.43144130424435895,-0.3392276034509426,43,0
1.505,stage1,0.43144130424435895,-0.3392276034509426,43,0
1.506,stage1,0.43144130424435895,-0.3392276034509426,43,0
1.507,stage1,0.43144130424435895,-0.3392276034509426,43,0
1.508,stage1,0.43144130424435895,-0.3392276034509426,43,0
1.509,stage1,0.43144130424435895,-0.3392276034509426,43,0
1.51,stage1,0.43144130424435895,-0.3392276034509426,43,0
1.511,stage1,0.42799693674526645,-0.3496173021140972,43,0
1.512,stage1,0.42799693674526645,-0.3496173021140972,43,0
1.513,stage1,0.42799693674526645,-0.3496173021140972,43,0
1.514,stage1,0.42799693674526645,-0.3496173021140972,43,0
1.515,stage1,0.42799693674526645,-0.3496173021140972,43,0
1.516,stage1,0.42799693674526645,-0.3496173021140972,43,0
1.517,stage1,0.42799693674526645,-0.3496173021140972,43,0
1.518,stage1,0.42799693674526645,-0.3496173021140972,43,0
1.519,stage1,0.42799693674526645,-0.3496173021140972,43,0
1.52,stage1,0.42799693674526645,-0.3496173021140972,43,0
1.521,stage1,0.4244495399013036,-0.3598328582804793,42,0
1.522,stage1,0.4244495399013036,-0.3598328582804793,42,0
1.523,stage1,0.4244495399013036,-0.3598328582804793,42,0
1.524,stage1,0.4244495399013036,-0.3598328582804793,42,0
1.525,stage1,0.4244495399013036,-0.3598328582804793,42,0
1.526,stage1,0.4244495399013036,-0.3598328582804793,42,0
1.527,stage1,0.4244495399013036,-0.3598328582804793,42,0
1.528,stage1,0.4244495399013036,-0.3598328582804793,42,0
1.529,stage1,0.4244495399013036,-0.3598328582804793,42,0
1.53,stage1,0.4244495399013036,-0.3598328582804793,42,0
1.531,stage1,0.42080087334075633,-0.36987065073182007,42,0
1.532,stage1,0.42080087334075633,-0.36987065073182007,42,0
1.533,stage1,0.42080087334075633,-0.36987065073182007,42,0
1.534,stage1,0.42080087334075633,-0.36987065073182007,42,0
1.535,stage1,0.42080087334075633,-0.36987065073182007,42,0
1.536,stage1,0.42080087334075633,-0.36987065073182007,42,0
1.537,stage1,0.42080087334075633,-0.36987065073182007,42,0
1.538,stage1,0.42080087334075633,-0.36987065073182007,42,0
1.539,stage1,0.42080087334075633,-0.36987065073182007,42,0
1.54,stage1,0.42080087334075633,-0.36987065073182007,42,0
1.541,stage1,0.41705273231792955,-0.37972717560047653,42,0
1.542,stage1,0.41705273231792955,-0.37972717560047653,42,0
1.543,stage1,0.41705273231792955,-0.37972717560047653,42,0
1.544,stage1,0.41705273231792955,-0.37972717560047653,42,0
1.545,stage1,0.41705273231792955,-0.37972717560047653,42,0
1.546,stage1,0.41705273231792955,-0.37972717560047653,42,0
1.547,stage1,0.41705273231792955,-0.37972717560047653,42,0
1.548,stage1,0.41705273231792955,-0.37972717560047653,42,0
1.549,stage1,0.41705273231792955,-0.37972717560047653,42,0
1.55,stage1,0.41705273231792955,-0.37972717560047653,42,0
1.551,stage1,0.41320694653624873,-0.389399047036779,41,0
1.552,stage1,0.41320694653624873,-0.389399047036779,41,0
1.553,stage1,0.41320694653624873,-0.389399047036779,41,0
1.554,stage1,0.41320694653624873,-0.389399047036779,41,0
1.555,stage1,0.41320694653624873,-0.389399047036779,41,0
1.556,stage1,0.41320694653624873,-0.389399047036779,41,0
1.557,stage1,0.41320694653624873,-0.389399047036779,41,0
1.558,stage1,0.41320694653624873,-0.389399047036779,41,0
1.559,stage1,0.41320694653624873,-0.389399047036779,41,0
1.56,stage1,0.41320694653624873,-0.389399047036779,41,0
1.561,stage1,0.40926537896501775,-0.3988829978106702,41,0
1.562,stage1,0.40926537896501775,-0.3988829978106702,41,0
1.563,stage1,0.40926537896501775,-0.3988829978106702,41,0
1.564,stage1,0.40926537896501775,-0.3988829978106702,41,0
1.565,stage1,0.40926537896501775,-0.3988829978106702,41,0
1.566,stage1,0.40926537896501775,-0.3988829978106702,41,0
1.567,stage1,0.40926537896501775,-0.3988829978106702,41,0
1.568,stage1,0.40926537896501775,-0.3988829978106702,41,0
1.569,stage1,0.40926537896501775,-0.3988829978106702,41,0
1.57,stage1,0.40926537896501775,-0.3988829978106702,41,0
1.571,stage1,0.4052299246504871,-0.4081758798479889,41,0
1.572,stage1,0.4052299246504871,-0.4081758798479889,41,0
1.573,stage1,0.4052299246504871,-0.4081758798479889,41,0
1.574,stage1,0.4052299246504871,-0.4081758798479889,41,0
1.575,stage1,0.4052299246504871,-0.4081758798479889,41,0
1.576,stage1,0.4052299246504871,-0.4081758798479889,41,0
1.577,stage1,0.4052299246504871,-0.4081758798479889,41,0
1.578,stage1,0.4052299246504871,-0.4081758798479889,41,0
1.579,stage1,0.4052299246504871,-0.4081758798479889,41,0
1.58,stage1,0.4052299246504871,-0.4081758798479889,41,0
1.581,stage1,0.4011025095218844,-0.41727466470178154,40,0
1.582,stage1,0.4011025095218844,-0.41727466470178154,40,0
1.583,stage1,0.4011025095218844,-0.41727466470178154,40,0
1.584,stage1,0.4011025095218844,-0.41727466470178154,40,0
1.585,stage1,0.4011025095218844,-0.41727466470178154,40,0
1.586,stage1,0.4011025095218844,-0.41727466470178154,40,0
1.587,stage1,0.4011025095218844,-0.41727466470178154,40,0
1.588,stage1,0.4011025095218844,-0.41727466470178154,40,0
1.589,stage1,0.4011025095218844,-0.41727466470178154,40,0
1.59,stage1,0.4011025095218844,-0.41727466470178154,40,0
1.591,stage1,0.396885089193055,-0.4261764439590526,40,0
1.592,stage1,0.396885089193055,-0.4261764439590526,40,0
1.593,stage1,0.396885089193055,-0.4261764439590526,40,0
1.594,stage1,0.396885089193055,-0.4261764439590526,40,0
1.595,stage1,0.396885089193055,-0.4261764439590526,40,0
1.596,stage1,0.396885089193055,-0.4261764439590526,40,0
1.597,stage1,0.396885089193055,-0.4261764439590526,40,0
1.598,stage1,0.396885089193055,-0.4261764439590526,40,0
1.599,stage1,0.396885089193055,-0.4261764439590526,40,0
1.6,stage1,0.396885089193055,-0.4261764439590526,40,0
1.601,stage1,0.392579647760356,-0.4348784295833933,39,0
1.602,stage1,0.392579647760356,-0.4348784295833933,39,0
1.603,stage1,0.392579647760356,-0.4348784295833933,39,0
1.604,stage1,0.392579647760356,-0.4348784295833933,39,0
1.605,stage1,0.392579647760356,-0.4348784295833933,39,0
1.606,stage1,0.392579647760356,-0.4348784295833933,39,0
1.607,stage1,0.392579647760356,-0.4348784295833933,39,0
1.608,stage1,0.392579647760356,-0.4348784295833933,39,0
1.609,stage1,0.392579647760356,-0.4348784295833933,39,0
1.61,stage1,0.392579647760356,-0.4348784295833933,39,0
1.611,stage1,0.38818819659744286,-0.4433779541939559,39,0
1.612,stage1,0.38818819659744286,-0.4433779541939559,39,0
1.613,stage1,0.38818819659744286,-0.4433779541939559,39,0
1.614,stage1,0.38818819659744286,-0.4433779541939559,39,0
1.615,stage1,0.38818819659744286,-0.4433779541939559,39,0
1.616,stage1,0.38818819659744286,-0.4433779541939559,39,0
1.617,stage1,0.38818819659744286,-0.4433779541939559,39,0
1.618,stage1,0.38818819659744286,-0.4433779541939559,39,0
1.619,stage1,0.38818819659744286,-0.4433779541939559,39,0
1.62,stage1,0.38818819659744286,-0.4433779541939559,39,0
1.621,stage1,0.38371277314758234,-0.4516724712812669,38,0
1.622,stage1,0.38371277314758234,-0.4516724712812669,38,0
1.623,stage1,0.38371277314758234,-0.4516724712812669,38,0
1.624,stage1,0.38371277314758234,-0.4516724712812669,38,0
1.625,stage1,0.38371277314758234,-0.4516724712812669,38,0
1.626,stage1,0.38371277314758234,-0.4516724712812669,38,0
1.627,stage1,0.38371277314758234,-0.4516724712812669,38,0
1.628,stage1,0.38371277314758234,-0.4516724712812669,38,0
1.629,stage1,0.38371277314758234,-0.4516724712812669,38,0
1.63,stage1,0.38371277314758234,-0.4516724712812669,38,0
1.631,stage1,0.3791554397141208,-0.45975955536040036,38,0
1.632,stage1,0.3791554397141208,-0.45975955536040036,38,0
1.633,stage1,0.3791554397141208,-0.45975955536040036,38,0
1.634,stage1,0.3791554397141208,-0.45975955536040036,38,0
1.635,stage1,0.3791554397141208,-0.45975955536040036,38,0
1.636,stage1,0.3791554397141208,-0.45975955536040036,38,0
1.637,stage1,0.3791554397141208,-0.45975955536040036,38,0
1.638,stage1,0.3791554397141208,-0.45975955536040036,38,0
1.639,stage1,0.3791554397141208,-0.45975955536040036,38,0
1.64,stage1,0.3791554397141208,-0.45975955536040036,38,0
1.641,stage1,0.374518282249732,-0.4676369020620578,37,0
1.642,stage1,0.374518282249732,-0.4676369020620578,37,0
1.643,stage1,0.374518282249732,-0.4676369020620578,37,0
1.644,stage1,0.374518282249732,-0.4676369020620578,37,0
1.645,stage1,0.374518282249732,-0.4676369020620578,37,0
1.646,stage1,0.374518282249732,-0.4676369020620578,37,0
1.647,stage1,0.374518282249732,-0.4676369020620578,37,0
1.648,stage1,0.374518282249732,-0.4676369020620578,37,0
1.649,stage1,0.374518282249732,-0.4676369020620578,37,0
1.65,stage1,0.374518282249732,-0.4676369020620578,37,0
1.651,stage1,0.36980340914506205,-0.47530232816212686,37,0
1.652,stage1,0.36980340914506205,-0.47530232816212686,37,0
1.653,stage1,0.36980340914506205,-0.47530232816212686,37,0
1.654,stage1,0.36980340914506205,-0.47530232816212686,37,0
1.655,stage1,0.36980340914506205,-0.47530232816212686,37,0
1.656,stage1,0.36980340914506205,-0.47530232816212686,37,0
1.657,stage1,0.36980340914506205,-0.47530232816212686,37,0
1.658,stage1,0.36980340914506205,-0.47530232816212686,37,0
1.659,stage1,0.36980340914506205,-0.47530232816212686,37,0
1.66,stage1,0.36980340914506205,-0.47530232816212686,37,0
1.661,stage1,0.36501295001738376,-0.48275377155031546,37,0
1.662,stage1,0.36501295001738376,-0.48275377155031546,37,0
1.663,stage1,0.36501295001738376,-0.48275377155031546,37,0
1.664,stage1,0.36501295001738376,-0.48275377155031546,37,0
1.665,stage1,0.36501295001738376,-0.48275377155031546,37,0
1.666,stage1,0.36501295001738376,-0.48275377155031546,37,0
1.667,stage1,0.36501295001738376,-0.48275377155031546,37,0
1.668,stage1,0.36501295001738376,-0.48275377155031546,37,0
1.669,stage1,0.36501295001738376,-0.48275377155031546,37,0
1.67,stage1,0.36501295001738376,-0.48275377155031546,37,0
1.671,stage1,0.360149054499867,-0.48998929113848344,36,0
1.672,stage1,0.360149054499867,-0.48998929113848344,36,0
1.673,stage1,0.360149054499867,-0.48998929113848344,36,0
1.674,stage1,0.360149054499867,-0.48998929113848344,36,0
1.675,stage1,0.360149054499867,-0.48998929113848344,36,0
1.676,stage1,0.360149054499867,-0.48998929113848344,36,0
1.677,stage1,0.360149054499867,-0.48998929113848344,36,0
1.678,stage1,0.360149054499867,-0.48998929113848344,36,0
1.679,stage1,0.360149054499867,-0.48998929113848344,36,0
1.68,stage1,0.360149054499867,-0.48998929113848344,36,0
1.681,stage1,0.35521389103206436,-0.49700706670931666,36,0
1.682,stage1,0.35521389103206436,-0.49700706670931666,36,0
1.683,stage1,0.35521389103206436,-0.49700706670931666,36,0
1.684,stage1,0.35521389103206436,-0.49700706670931666,36,0
1.685,stage1,0.35521389103206436,-0.49700706670931666,36,0
1.686,stage1,0.35521389103206436,-0.49700706670931666,36,0
1.687,stage1,0.35521389103206436,-0.49700706670931666,36,0
1.688,stage1,0.35521389103206436,-0.49700706670931666,36,0
1.689,stage1,0.35521389103206436,-0.49700706670931666,36,0
1.69,stage1,0.35521389103206436,-0.49700706670931666,36,0
1.691,stage1,0.3502096456522054,-0.5038053987060123,35,0
1.692,stage1,0.3502096456522054,-0.5038053987060123,35,0
1.693,stage1,0.3502096456522054,-0.5038053987060123,35,0
1.694,stage1,0.3502096456522054,-0.5038053987060123,35,0
1.695,stage1,0.3502096456522054,-0.5038053987060123,35,0
1.696,stage1,0.3502096456522054,-0.5038053987060123,35,0
1.697,stage1,0.3502096456522054,-0.5038053987060123,35,0
1.698,stage1,0.3502096456522054,-0.5038053987060123,35,0
1.699,stage1,0.3502096456522054,-0.5038053987060123,35,0
1.7,stage1,0.3502096456522054,-0.5038053987060123,35,0
1.701,stage1,0.34513852079188667,-0.5103827079636666,35,0
1.702,stage1,0.34513852079188667,-0.5103827079636666,35,0
1.703,stage1,0.34513852079188667,-0.5103827079636666,35,0
1.704,stage1,0.34513852079188667,-0.5103827079636666,35,0
1.705,stage1,0.34513852079188667,-0.5103827079636666,35,0
1.706,stage1,0.34513852079188667,-0.5103827079636666,35,0
1.707,stage1,0.34513852079188667,-0.5103827079636666,35,0
1.708,stage1,0.34513852079188667,-0.5103827079636666,35,0
1.709,stage1,0.34513852079188667,-0.5103827079636666,35,0
1.71,stage1,0.34513852079188667,-0.5103827079636666,35,0
1.711,stage1,0.34000273407373577,-0.5167375353830791,34,0
1.712,stage1,0.34000273407373577,-0.5167375353830791,34,0
1.713,stage1,0.34000273407373577,-0.5167375353830791,34,0
1.714,stage1,0.34000273407373577,-0.5167375353830791,34,0
1.715,stage1,0.34000273407373577,-0.5167375353830791,34,0
1.716,stage1,0.34000273407373577,-0.5167375353830791,34,0
1.717,stage1,0.34000273407373577,-0.5167375353830791,34,0
1.718,stage1,0.34000273407373577,-0.5167375353830791,34,0
1.719,stage1,0.34000273407373577,-0.5167375353830791,34,0
1.72,stage1,0.34000273407373577,-0.5167375353830791,34,0
1.721,stage1,0.3348045171126226,-0.5228685415477072,33,0
1.722,stage1,0.3348045171126226,-0.5228685415477072,33,0
1.723,stage1,0.3348045171126226,-0.5228685415477072,33,0
1.724,stage1,0.3348045171126226,-0.5228685415477072,33,0
1.725,stage1,0.3348045171126226,-0.5228685415477072,33,0
1.726,stage1,0.3348045171126226,-0.5228685415477072,33,0
1.727,stage1,0.3348045171126226,-0.5228685415477072,33,0
1.728,stage1,0.3348045171126226,-0.5228685415477072,33,0
1.729,stage1,0.3348045171126226,-0.5228685415477072,33,0
1.73,stage1,0.3348045171126226,-0.5228685415477072,33,0
1.731,stage1,0.3295461143209821,-0.5287745062845288,33,0
1.732,stage1,0.3295461143209821,-0.5287745062845288,33,0
1.733,stage1,0.3295461143209821,-0.5287745062845288,33,0
1.734,stage1,0.3295461143209821,-0.5287745062845288,33,0
1.735,stage1,0.3295461143209821,-0.5287745062845288,33,0
1.736,stage1,0.3295461143209821,-0.5287745062845288,33,0
1.737,stage1,0.3295461143209821,-0.5287745062845288,33,0
1.738,stage1,0.3295461143209821,-0.5287745062845288,33,0
1.739,stage1,0.3295461143209821,-0.5287745062845288,33,0
1.74,stage1,0.3295461143209821,-0.5287745062845288,33,0
1.741,stage1,0.3242297817188054,-0.5344543281695879,32,0
1.742,stage1,0.3242297817188054,-0.5344543281695879,32,0
1.743,stage1,0.3242297817188054,-0.5344543281695879,32,0
1.744,stage1,0.3242297817188054,-0.5344543281695879,32,0
1.745,stage1,0.3242297817188054,-0.5344543281695879,32,0
1.746,stage1,0.3242297817188054,-0.5344543281695879,32,0
1.747,stage1,0.3242297817188054,-0.5344543281695879,32,0
1.748,stage1,0.3242297817188054,-0.5344543281695879,32,0
1.749,stage1,0.3242297817188054,-0.5344543281695879,32,0
1.75,stage1,0.3242297817188054,-0.5344543281695879,32,0
1.751,stage1,0.3188577857488492,-0.5399070239790207,32,0
1.752,stage1,0.3188577857488492,-0.5399070239790207,32,0
1.753,stage1,0.3188577857488492,-0.5399070239790207,32,0
1.754,stage1,0.3188577857488492,-0.5399070239790207,32,0
1.755,stage1,0.3188577857488492,-0.5399070239790207,32,0
1.756,stage1,0.3188577857488492,-0.5399070239790207,32,0
1.757,stage1,0.3188577857488492,-0.5399070239790207,32,0
1.758,stage1,0.3188577857488492,-0.5399070239790207,32,0
1.759,stage1,0.3188577857488492,-0.5399070239790207,32,0
1.76,stage1,0.3188577857488492,-0.5399070239790207,32,0
1.761,stage1,0.31343240209760354,-0.5451317280863763,31,0
1.762,stage1,0.31343240209760354,-0.5451317280863763,31,0
1.763,stage1,0.31343240209760354,-0.5451317280863763,31,0
1.764,stage1,0.31343240209760354,-0.5451317280863763,31,0
1.765,stage1,0.31343240209760354,-0.5451317280863763,31,0
1.766,stage1,0.31343240209760354,-0.5451317280863763,31,0
1.767,stage1,0.31343240209760354,-0.5451317280863763,31,0
1.768,stage1,0.31343240209760354,-0.5451317280863763,31,0
1.769,stage1,0.31343240209760354,-0.5451317280863763,31,0
1.77,stage1,0.31343240209760354,-0.5451317280863763,31,0
1.771,stage1,0.3079559145225519,-0.5501276918070682,31,0
1.772,stage1,0.3079559145225519,-0.5501276918070682,31,0
1.773,stage1,0.3079559145225519,-0.5501276918070682,31,0
1.774,stage1,0.3079559145225519,-0.5501276918070682,31,0
1.775,stage1,0.3079559145225519,-0.5501276918070682,31,0
1.776,stage1,0.3079559145225519,-0.5501276918070682,31,0
1.777,stage1,0.3079559145225519,-0.5501276918070682,31,0
1.778,stage1,0.3079559145225519,-0.5501276918070682,31,0
1.779,stage1,0.3079559145225519,-0.5501276918070682,31,0
1.78,stage1,0.3079559145225519,-0.5501276918070682,31,0
1.781,stage1,0.3024306136862473,-0.5548942826908063,30,0
1.782,stage1,0.3024306136862473,-0.5548942826908063,30,0
1.783,stage1,0.3024306136862473,-0.5548942826908063,30,0
1.784,stage1,0.3024306136862473,-0.5548942826908063,30,0
1.785,stage1,0.3024306136862473,-0.5548942826908063,30,0
1.786,stage1,0.3024306136862473,-0.5548942826908063,30,0
1.787,stage1,0.3024306136862473,-0.5548942826908063,30,0
1.788,stage1,0.3024306136862473,-0.5548942826908063,30,0
1.789,stage1,0.3024306136862473,-0.5548942826908063,30,0
1.79,stage1,0.3024306136862473,-0.5548942826908063,30,0
1.791,stage1,0.29685879599772075,-0.5594309837628806,30,0
1.792,stage1,0.29685879599772075,-0.5594309837628806,30,0
1.793,stage1,0.29685879599772075,-0.5594309837628806,30,0
1.794,stage1,0.29685879599772075,-0.5594309837628806,30,0
1.795,stage1,0.29685879599772075,-0.5594309837628806,30,0
1.796,stage1,0.29685879599772075,-0.5594309837628806,30,0
1.797,stage1,0.29685879599772075,-0.5594309837628806,30,0
1.798,stage1,0.29685879599772075,-0.5594309837628806,30,0
1.799,stage1,0.29685879599772075,-0.5594309837628806,30,0
1.8,stage1,0.29685879599772075,-0.5594309837628806,30,0
1.801,stage1,0.29124276246172875,-0.5637373927151826,29,0
1.802,stage1,0.29124276246172875,-0.5637373927151826,29,0
1.803,stage1,0.29124276246172875,-0.5637373927151826,29,0
1.804,stage1,0.29124276246172875,-0.5637373927151826,29,0
1.805,stage1,0.29124276246172875,-0.5637373927151826,29,0
1.806,stage1,0.29124276246172875,-0.5637373927151826,29,0
1.807,stage1,0.29124276246172875,-0.5637373927151826,29,0
1.808,stage1,0.29124276246172875,-0.5637373927151826,29,0
1.809,stage1,0.29124276246172875,-0.5637373927151826,29,0
1.81,stage1,0.29124276246172875,-0.5637373927151826,29,0
1.811,stage1,0.2855848175363382,-0.5678132210478665,29,0
1.812,stage1,0.2855848175363382,-0.5678132210478665,29,0
1.813,stage1,0.2855848175363382,-0.5678132210478665,29,0
1.814,stage1,0.2855848175363382,-0.5678132210478665,29,0
1.815,stage1,0.2855848175363382,-0.5678132210478665,29,0
1.816,stage1,0.2855848175363382,-0.5678132210478665,29,0
1.817,stage1,0.2855848175363382,-0.5678132210478665,29,0
1.818,stage1,0.2855848175363382,-0.5678132210478665,29,0
1.819,stage1,0.2855848175363382,-0.5678132210478665,29,0
1.82,stage1,0.2855848175363382,-0.5678132210478665,29,0
1.821,stage1,0.27988726799933766,-0.5716582931625684,28,0
1.822,stage1,0.27988726799933766,-0.5716582931625684,28,0
1.823,stage1,0.27988726799933766,-0.5716582931625684,28,0
1.824,stage1,0.27988726799933766,-0.5716582931625684,28,0
1.825,stage1,0.27988726799933766,-0.5716582931625684,28,0
1.826,stage1,0.27988726799933766,-0.5716582931625684,28,0
1.827,stage1,0.27988726799933766,-0.5716582931625684,28,0
1.828,stage1,0.27988726799933766,-0.5716582931625684,28,0
1.829,stage1,0.27988726799933766,-0.5716582931625684,28,0
1.83,stage1,0.27988726799933766,-0.5716582931625684,28,0
1.831,stage1,0.27415242182395494,-0.5752725454081177,27,0
1.832,stage1,0.27415242182395494,-0.5752725454081177,27,0
1.833,stage1,0.27415242182395494,-0.5752725454081177,27,0
1.834,stage1,0.27415242182395494,-0.5752725454081177,27,0
1.835,stage1,0.27415242182395494,-0.5752725454081177,27,0
1.836,stage1,0.27415242182395494,-0.5752725454081177,27,0
1.837,stage1,0.27415242182395494,-0.5752725454081177,27,0
1.838,stage1,0.27415242182395494,-0.5752725454081177,27,0
1.839,stage1,0.27415242182395494,-0.5752725454081177,27,0
1.84,stage1,0.27415242182395494,-0.5752725454081177,27,0
1.841,stage1,0.26838258706435064,-0.5786560250796855,27,0
1.842,stage1,0.26838258706435064,-0.5786560250796855,27,0
1.843,stage1,0.26838258706435064,-0.5786560250796855,27,0
1.844,stage1,0.26838258706435064,-0.5786560250796855,27,0
1.845,stage1,0.26838258706435064,-0.5786560250796855,27,0
1.846,stage1,0.26838258706435064,-0.5786560250796855,27,0
1.847,stage1,0.26838258706435064,-0.5786560250796855,27,0
1.848,stage1,0.26838258706435064,-0.5786560250796855,27,0
1.849,stage1,0.26838258706435064,-0.5786560250796855,27,0
1.85,stage1,0.26838258706435064,-0.5786560250796855,27,0
1.851,stage1,0.26258007075134976,-0.5818088893723345,26,0
1.852,stage1,0.26258007075134976,-0.5818088893723345,26,0
1.853,stage1,0.26258007075134976,-0.5818088893723345,26,0
1.854,stage1,0.26258007075134976,-0.5818088893723345,26,0
1.855,stage1,0.26258007075134976,-0.5818088893723345,26,0
1.856,stage1,0.26258007075134976,-0.5818088893723345,26,0
1.857,stage1,0.26258007075134976,-0.5818088893723345,26,0
1.858,stage1,0.26258007075134976,-0.5818088893723345,26,0
1.859,stage1,0.26258007075134976,-0.5818088893723345,26,0
1.86,stage1,0.26258007075134976,-0.5818088893723345,26,0
1.861,stage1,0.256747177798861,-0.5847314042899423,26,0
1.862,stage1,0.256747177798861,-0.5847314042899423,26,0
1.863,stage1,0.256747177798861,-0.5847314042899423,26,0
1.864,stage1,0.256747177798861,-0.5847314042899423,26,0
1.865,stage1,0.256747177798861,-0.5847314042899423,26,0
1.866,stage1,0.256747177798861,-0.5847314042899423,26,0
1.867,stage1,0.256747177798861,-0.5847314042899423,26,0
1.868,stage1,0.256747177798861,-0.5847314042899423,26,0
1.869,stage1,0.256747177798861,-0.5847314042899423,26,0
1.87,stage1,0.256747177798861,-0.5847314042899423,26,0
1.871,stage1,0.25088620992142663,-0.587423943510485,25,0
1.872,stage1,0.25088620992142663,-0.587423943510485,25,0
1.873,stage1,0.25088620992142663,-0.587423943510485,25,0
1.874,stage1,0.25088620992142663,-0.587423943510485,25,0
1.875,stage1,0.25088620992142663,-0.587423943510485,25,0
1.876,stage1,0.25088620992142663,-0.587423943510485,25,0
1.877,stage1,0.25088620992142663,-0.587423943510485,25,0
1.878,stage1,0.25088620992142663,-0.587423943510485,25,0
1.879,stage1,0.25088620992142663,-0.587423943510485,25,0
1.88,stage1,0.25088620992142663,-0.587423943510485,25,0
1.881,stage1,0.24499946456333258,-0.5898869872086814,24,0
1.882,stage1,0.24499946456333258,-0.5898869872086814,24,0
1.883,stage1,0.24499946456333258,-0.5898869872086814,24,0
1.884,stage1,0.24499946456333258,-0.5898869872086814,24,0
1.885,stage1,0.24499946456333258,-0.5898869872086814,24,0
1.886,stage1,0.24499946456333258,-0.5898869872086814,24,0
1.887,stage1,0.24499946456333258,-0.5898869872086814,24,0
1.888,stage1,0.24499946456333258,-0.5898869872086814,24,0
1.889,stage1,0.24499946456333258,-0.5898869872086814,24,0
1.89,stage1,0.24499946456333258,-0.5898869872086814,24,0
1.891,stage1,0.23908923383970215,-0.592121120837006,24,0
1.892,stage1,0.23908923383970215,-0.592121120837006,24,0
1.893,stage1,0.23908923383970215,-0.592121120837006,24,0
1.894,stage1,0.23908923383970215,-0.592121120837006,24,0
1.895,stage1,0.23908923383970215,-0.592121120837006,24,0
1.896,stage1,0.23908923383970215,-0.592121120837006,24,0
1.897,stage1,0.23908923383970215,-0.592121120837006,24,0
1.898,stage1,0.23908923383970215,-0.592121120837006,24,0
1.899,stage1,0.23908923383970215,-0.592121120837006,24,0
1.9,stage1,0.23908923383970215,-0.592121120837006,24,0
1.901,stage1,0.23315780348998277,-0.594127033866092,23,0
1.902,stage1,0.23315780348998277,-0.594127033866092,23,0
1.903,stage1,0.23315780348998277,-0.594127033866092,23,0
1.904,stage1,0.23315780348998277,-0.594127033866092,23,0
1.905,stage1,0.23315780348998277,-0.594127033866092,23,0
1.906,stage1,0.23315780348998277,-0.594127033866092,23,0
1.907,stage1,0.23315780348998277,-0.594127033866092,23,0
1.908,stage1,0.23315780348998277,-0.594127033866092,23,0
1.909,stage1,0.23315780348998277,-0.594127033866092,23,0
1.91,stage1,0.23315780348998277,-0.594127033866092,23,0
1.911,stage1,0.22720745184422766,-0.5959055184855552,23,0
1.912,stage1,0.22720745184422766,-0.5959055184855552,23,0
1.913,stage1,0.22720745184422766,-0.5959055184855552,23,0
1.914,stage1,0.22720745184422766,-0.5959055184855552,23,0
1.915,stage1,0.22720745184422766,-0.5959055184855552,23,0
1.916,stage1,0.22720745184422766,-0.5959055184855552,23,0
1.917,stage1,0.22720745184422766,-0.5959055184855552,23,0
1.918,stage1,0.22720745184422766,-0.5959055184855552,23,0
1.919,stage1,0.22720745184422766,-0.5959055184855552,23,0
1.92,stage1,0.22720745184422766,-0.5959055184855552,23,0
1.921,stage1,0.22124044880256294,-0.5974574682662782,22,0
1.922,stage1,0.22124044880256294,-0.5974574682662782,22,0
1.923,stage1,0.22124044880256294,-0.5974574682662782,22,0
1.924,stage1,0.22124044880256294,-0.5974574682662782,22,0
1.925,stage1,0.22124044880256294,-0.5974574682662782,22,0
1.926,stage1,0.22124044880256294,-0.5974574682662782,22,0
1.927,stage1,0.22124044880256294,-0.5974574682662782,22,0
1.928,stage1,0.22124044880256294,-0.5974574682662782,22,0
1.929,stage1,0.22124044880256294,-0.5974574682662782,22,0
1.93,stage1,0.22124044880256294,-0.5974574682662782,22,0
1.931,stage1,0.21525905482822014,-0.598783876785205,22,0
1.932,stage1,0.21525905482822014,-0.598783876785205,22,0
1.933,stage1,0.21525905482822014,-0.598783876785205,22,0
1.934,stage1,0.21525905482822014,-0.598783876785205,22,0
1.935,stage1,0.21525905482822014,-0.598783876785205,22,0
1.936,stage1,0.21525905482822014,-0.598783876785205,22,0
1.937,stage1,0.21525905482822014,-0.598783876785205,22,0
1.938,stage1,0.21525905482822014,-0.598783876785205,22,0
1.939,stage1,0.21525905482822014,-0.598783876785205,22,0
1.94,stage1,0.21525905482822014,-0.598783876785205,22,0
1.941,stage1,0.20926551995450374,-0.5998858362137004,21,0
1.942,stage1,0.20926551995450374,-0.5998858362137004,21,0
1.943,stage1,0.20926551995450374,-0.5998858362137004,21,0
1.944,stage1,0.20926551995450374,-0.5998858362137004,21,0
1.945,stage1,0.20926551995450374,-0.5998858362137004,21,0
1.946,stage1,0.20926551995450374,-0.5998858362137004,21,0
1.947,stage1,0.20926551995450374,-0.5998858362137004,21,0
1.948,stage1,0.20926551995450374,-0.5998858362137004,21,0
1.949,stage1,0.20926551995450374,-0.5998858362137004,21,0
1.95,stage1,0.20926551995450374,-0.5998858362137004,21,0
1.951,stage1,0.203262082806053,-0.6007645358705428,20,0
1.952,stage1,0.203262082806053,-0.6007645358705428,20,0
1.953,stage1,0.203262082806053,-0.6007645358705428,20,0
1.954,stage1,0.203262082806053,-0.6007645358705428,20,0
1.955,stage1,0.203262082806053,-0.6007645358705428,20,0
1.956,stage1,0.203262082806053,-0.6007645358705428,20,0
1.957,stage1,0.203262082806053,-0.6007645358705428,20,0
1.958,stage1,0.203262082806053,-0.6007645358705428,20,0
1.959,stage1,0.203262082806053,-0.6007645358705428,20,0
1.96,stage1,0.203262082806053,-0.6007645358705428,20,0
1.961,stage1,0.1972509696347462,-0.6014212607406177,20,0
1.962,stage1,0.1972509696347462,-0.6014212607406177,20,0
1.963,stage1,0.1972509696347462,-0.6014212607406177,20,0
1.964,stage1,0.1972509696347462,-0.6014212607406177,20,0
1.965,stage1,0.1972509696347462,-0.6014212607406177,20,0
1.966,stage1,0.1972509696347462,-0.6014212607406177,20,0
1.967,stage1,0.1972509696347462,-0.6014212607406177,20,0
1.968,stage1,0.1972509696347462,-0.6014212607406177,20,0
1.969,stage1,0.1972509696347462,-0.6014212607406177,20,0
1.97,stage1,0.1972509696347462,-0.6014212607406177,20,0
1.971,stage1,0.19123439337058473,-0.6018573899603936,19,0
1.972,stage1,0.19123439337058473,-0.6018573899603936,19,0
1.973,stage1,0.19123439337058473,-0.6018573899603936,19,0
1.974,stage1,0.19123439337058473,-0.6018573899603936,19,0
1.975,stage1,0.19123439337058473,-0.6018573899603936,19,0
1.976,stage1,0.19123439337058473,-0.6018573899603936,19,0
1.977,stage1,0.19123439337058473,-0.6018573899603936,19,0
1.978,stage1,0.19123439337058473,-0.6018573899603936,19,0
1.979,stage1,0.19123439337058473,-0.6018573899603936,19,0
1.98,stage1,0.19123439337058473,-0.6018573899603936,19,0
1.981,stage1,0.1852145526878844,-0.6020743952712609,19,0
1.982,stage1,0.1852145526878844,-0.6020743952712609,19,0
1.983,stage1,0.1852145526878844,-0.6020743952712609,19,0
1.984,stage1,0.1852145526878844,-0.6020743952712609,19,0
1.985,stage1,0.1852145526878844,-0.6020743952712609,19,0
1.986,stage1,0.1852145526878844,-0.6020743952712609,19,0
1.987,stage1,0.1852145526878844,-0.6020743952712609,19,0
1.988,stage1,0.1852145526878844,-0.6020743952712609,19,0
1.989,stage1,0.1852145526878844,-0.6020743952712609,19,0
1.99,stage1,0.1852145526878844,-0.6020743952712609,19,0
1.991,stage1,0.17919363108708908,-0.602073839441826,18,0
1.992,stage1,0.17919363108708908,-0.602073839441826,18,0
1.993,stage1,0.17919363108708908,-0.602073839441826,18,0
1.994,stage1,0.17919363108708908,-0.602073839441826,18,0
1.995,stage1,0.17919363108708908,-0.602073839441826,18,0
1.996,stage1,0.17919363108708908,-0.602073839441826,18,0
1.997,stage1,0.17919363108708908,-0.602073839441826,18,0
1.998,stage1,0.17919363108708908,-0.602073839441826,18,0
1.999,stage1,0.17919363108708908,-0.602073839441826,18,0
2.0,stage1,0.17919363108708908,-0.602073839441826,18,0
2.001,stage1,0.1731737959925124,-0.601857374660251,17,0
2.002,stage1,0.1731737959925124,-0.601857374660251,17,0
2.003,stage1,0.1731737959925124,-0.601857374660251,17,0
2.004,stage1,0.1731737959925124,-0.601857374660251,17,0
2.005,stage1,0.1731737959925124,-0.601857374660251,17,0
2.006,stage1,0.1731737959925124,-0.601857374660251,17,0
2.007,stage1,0.1731737959925124,-0.601857374660251,17,0
2.008,stage1,0.1731737959925124,-0.601857374660251,17,0
2.009,stage1,0.1731737959925124,-0.601857374660251,17,0
2.01,stage1,0.1731737959925124,-0.601857374660251,17,0
2.011,stage1,0.1671571978663011,-0.6014267408977386,17,0
2.012,stage1,0.1671571978663011,-0.6014267408977386,17,0
2.013,stage1,0.1671571978663011,-0.6014267408977386,17,0
2.014,stage1,0.1671571978663011,-0.6014267408977386,17,0
2.015,stage1,0.1671571978663011,-0.6014267408977386,17,0
2.016,stage1,0.1671571978663011,-0.6014267408977386,17,0
2.017,stage1,0.1671571978663011,-0.6014267408977386,17,0
2.018,stage1,0.1671571978663011,-0.6014267408977386,17,0
2.019,stage1,0.1671571978663011,-0.6014267408977386,17,0
2.02,stage1,0.1671571978663011,-0.6014267408977386,17,0
2.021,stage1,0.16114596933890318,-0.6007837642442626,16,0
2.022,stage1,0.16114596933890318,-0.6007837642442626,16,0
2.023,stage1,0.16114596933890318,-0.6007837642442626,16,0
2.024,stage1,0.16114596933890318,-0.6007837642442626,16,0
2.025,stage1,0.16114596933890318,-0.6007837642442626,16,0
2.026,stage1,0.16114596933890318,-0.6007837642442626,16,0
2.027,stage1,0.16114596933890318,-0.6007837642442626,16,0
2.028,stage1,0.16114596933890318,-0.6007837642442626,16,0
2.029,stage1,0.16114596933890318,-0.6007837642442626,16,0
2.03,stage1,0.16114596933890318,-0.6007837642442626,16,0
2.031,stage1,0.155142224356313,-0.599930355217647,16,0
2.032,stage1,0.155142224356313,-0.599930355217647,16,0
2.033,stage1,0.155142224356313,-0.599930355217647,16,0
2.034,stage1,0.155142224356313,-0.599930355217647,16,0
2.035,stage1,0.155142224356313,-0.599930355217647,16,0
2.036,stage1,0.155142224356313,-0.599930355217647,16,0
2.037,stage1,0.155142224356313,-0.599930355217647,16,0
2.038,stage1,0.155142224356313,-0.599930355217647,16,0
2.039,stage1,0.155142224356313,-0.599930355217647,16,0
2.04,stage1,0.155142224356313,-0.599930355217647,16,0
2.041,stage1,0.14914805734435424,-0.5988685070471016,15,0
2.042,stage1,0.14914805734435424,-0.5988685070471016,15,0
2.043,stage1,0.14914805734435424,-0.5988685070471016,15,0
2.044,stage1,0.14914805734435424,-0.5988685070471016,15,0
2.045,stage1,0.14914805734435424,-0.5988685070471016,15,0
2.046,stage1,0.14914805734435424,-0.5988685070471016,15,0
2.047,stage1,0.14914805734435424,-0.5988685070471016,15,0
2.048,stage1,0.14914805734435424,-0.5988685070471016,15,0
2.049,stage1,0.14914805734435424,-0.5988685070471016,15,0
2.05,stage1,0.14914805734435424,-0.5988685070471016,15,0
2.051,stage1,0.14316554239025053,-0.597600293932319,14,0
2.052,stage1,0.14316554239025053,-0.597600293932319,14,0
2.053,stage1,0.14316554239025053,-0.597600293932319,14,0
2.054,stage1,0.14316554239025053,-0.597600293932319,14,0
2.055,stage1,0.14316554239025053,-0.597600293932319,14,0
2.056,stage1,0.14316554239025053,-0.597600293932319,14,0
2.057,stage1,0.14316554239025053,-0.597600293932319,14,0
2.058,stage1,0.14316554239025053,-0.597600293932319,14,0
2.059,stage1,0.14316554239025053,-0.597600293932319,14,0
2.06,stage1,0.14316554239025053,-0.597600293932319,14,0
2.061,stage1,0.13719673244172276,-0.5961278692792448,14,0
2.062,stage1,0.13719673244172276,-0.5961278692792448,14,0
2.063,stage1,0.13719673244172276,-0.5961278692792448,14,0
2.064,stage1,0.13719673244172276,-0.5961278692792448,14,0
2.065,stage1,0.13719673244172276,-0.5961278692792448,14,0
2.066,stage1,0.13719673244172276,-0.5961278692792448,14,0
2.067,stage1,0.13719673244172276,-0.5961278692792448,14,0
2.068,stage1,0.13719673244172276,-0.5961278692792448,14,0
2.069,stage1,0.13719673244172276,-0.5961278692792448,14,0
2.07,stage1,0.13719673244172276,-0.5961278692792448,14,0
2.071,stage1,0.13124365852384062,-0.5944534639136283,13,0
2.072,stage1,0.13124365852384062,-0.5944534639136283,13,0
2.073,stage1,0.13124365852384062,-0.5944534639136283,13,0
2.074,stage1,0.13124365852384062,-0.5944534639136283,13,0
2.075,stage1,0.13124365852384062,-0.5944534639136283,13,0
2.076,stage1,0.13124365852384062,-0.5944534639136283,13,0
2.077,stage1,0.13124365852384062,-0.5944534639136283,13,0
2.078,stage1,0.13124365852384062,-0.5944534639136283,13,0
2.079,stage1,0.13124365852384062,-0.5944534639136283,13,0
2.08,stage1,0.1253083289738452,-0.5925793842734635,13,0
2.081,stage1,0.1253083289738452,-0.5925793842734635,13,0
2.082,stage1,0.1253083289738452,-0.5925793842734635,13,0
2.083,stage1,0.1253083289738452,-0.5925793842734635,13,0
2.084,stage1,0.1253083289738452,-0.5925793842734635,13,0
2.085,stage1,0.1253083289738452,-0.5925793842734635,13,0
2.086,stage1,0.1253083289738452,-0.5925793842734635,13,0
2.087,stage1,0.1253083289738452,-0.5925793842734635,13,0
2.088,stage1,0.1253083289738452,-0.5925793842734635,13,0
2.089,stage1,0.1253083289738452,-0.5925793842734635,13,0
2.09,stage1,0.11939272869414802,-0.5905080105814295,12,0
2.091,stage1,0.11939272869414802,-0.5905080105814295,12,0
2.092,stage1,0.11939272869414802,-0.5905080105814295,12,0
2.093,stage1,0.11939272869414802,-0.5905080105814295,12,0
2.094,stage1,0.11939272869414802,-0.5905080105814295,12,0
2.095,stage1,0.11939272869414802,-0.5905080105814295,12,0
2.096,stage1,0.11939272869414802,-0.5905080105814295,12,0
2.097,stage1,0.11939272869414802,-0.5905080105814295,12,0
2.098,stage1,0.11939272869414802,-0.5905080105814295,12,0
2.099,stage1,0.11939272869414802,-0.5905080105814295,12,0
2.1,stage1,0.1134988184237011,-0.5882417949984383,11,0
2.101,stage1,0.1134988184237011,-0.5882417949984383,11,0
2.102,stage1,0.1134988184237011,-0.5882417949984383,11,0
2.103,stage1,0.1134988184237011,-0.5882417949984383,11,0
2.104,stage1,0.1134988184237011,-0.5882417949984383,11,0
2.105,stage1,0.1134988184237011,-0.5882417949984383,11,0
2.106,stage1,0.1134988184237011,-0.5882417949984383,11,0
2.107,stage1,0.1134988184237011,-0.5882417949984383,11,0
2.108,stage1,0.1134988184237011,-0.5882417949984383,11,0
2.109,stage1,0.1134988184237011,-0.5882417949984383,11,0
2.11,stage1,0.10762853402792139,-0.5857832597593943,11,0
2.111,stage1,0.10762853402792139,-0.5857832597593943,11,0
2.112,stage1,0.10762853402792139,-0.5857832597593943,11,0
2.113,stage1,0.10762853402792139,-0.5857832597593943,11,0
2.114,stage1,0.10762853402792139,-0.5857832597593943,11,0
2.115,stage1,0.10762853402792139,-0.5857832597593943,11,0
2.116,stage1,0.10762853402792139,-0.5857832597593943,11,0
2.117,stage1,0.10762853402792139,-0.5857832597593943,11,0
2.118,stage1,0.10762853402792139,-0.5857832597593943,11,0
2.119,stage1,0.10762853402792139,-0.5857832597593943,11,0
2.12,stage1,0.10178378580734188,-0.5831349952922714,10,0
2.121,stage1,0.10178378580734188,-0.5831349952922714,10,0
2.122,stage1,0.10178378580734188,-0.5831349952922714,10,0
2.123,stage1,0.10178378580734188,-0.5831349952922714,10,0
2.124,stage1,0.10178378580734188,-0.5831349952922714,10,0
2.125,stage1,0.10178378580734188,-0.5831349952922714,10,0
2.126,stage1,0.10178378580734188,-0.5831349952922714,10,0
2.127,stage1,0.10178378580734188,-0.5831349952922714,10,0
2.128,stage1,0.10178378580734188,-0.5831349952922714,10,0
2.129,stage1,0.10178378580734188,-0.5831349952922714,10,0
2.13,stage1,0.09596645782515088,-0.5802996583216083,10,0
2.131,stage1,0.09596645782515088,-0.5802996583216083,10,0
2.132,stage1,0.09596645782515088,-0.5802996583216083,10,0
2.133,stage1,0.09596645782515088,-0.5802996583216083,10,0
2.134,stage1,0.09596645782515088,-0.5802996583216083,10,0
2.135,stage1,0.09596645782515088,-0.5802996583216083,10,0
2.136,stage1,0.09596645782515088,-0.5802996583216083,10,0
2.137,stage1,0.09596645782515088,-0.5802996583216083,10,0
2.138,stage1,0.09596645782515088,-0.5802996583216083,10,0
2.139,stage1,0.09596645782515088,-0.5802996583216083,10,0
2.14,stage1,0.09017840725376962,-0.577279969957518,9,0
2.141,stage1,0.09017840725376962,-0.577279969957518,9,0
2.142,stage1,0.09017840725376962,-0.577279969957518,9,0
2.143,stage1,0.09017840725376962,-0.577279969957518,9,0
2.144,stage1,0.09017840725376962,-0.577279969957518,9,0
2.145,stage1,0.09017840725376962,-0.577279969957518,9,0
2.146,stage1,0.09017840725376962,-0.577279969957518,9,0
2.147,stage1,0.09017840725376962,-0.577279969957518,9,0
2.148,stage1,0.09017840725376962,-0.577279969957518,9,0
2.149,stage1,0.09017840725376962,-0.577279969957518,9,0
2.15,stage1,0.08442146374060756,-0.5740787137713079,8,0
2.151,stage1,0.08442146374060756,-0.5740787137713079,8,0
2.152,stage1,0.08442146374060756,-0.5740787137713079,8,0
2.153,stage1,0.08442146374060756,-0.5740787137713079,8,0
2.154,stage1,0.08442146374060756,-0.5740787137713079,8,0
2.155,stage1,0.08442146374060756,-0.5740787137713079,8,0
2.156,stage1,0.08442146374060756,-0.5740787137713079,8,0
2.157,stage1,0.08442146374060756,-0.5740787137713079,8,0
2.158,stage1,0.08442146374060756,-0.5740787137713079,8,0
2.159,stage1,0.08442146374060756,-0.5740787137713079,8,0
2.16,stage1,0.07869742879312401,-0.5706987338588003,8,0
2.161,stage1,0.07869742879312401,-0.5706987338588003,8,0
2.162,stage1,0.07869742879312401,-0.5706987338588003,8,0
2.163,stage1,0.07869742879312401,-0.5706987338588003,8,0
2.164,stage1,0.07869742879312401,-0.5706987338588003,8,0
2.165,stage1,0.07869742879312401,-0.5706987338588003,8,0
2.166,stage1,0.07869742879312401,-0.5706987338588003,8,0
2.167,stage1,0.07869742879312401,-0.5706987338588003,8,0
2.168,stage1,0.07869742879312401,-0.5706987338588003,8,0
2.169,stage1,0.07869742879312401,-0.5706987338588003,8,0
2.17,stage1,0.07300807518331344,-0.5671429328924359,7,0
2.171,stage1,0.07300807518331344,-0.5671429328924359,7,0
2.172,stage1,0.07300807518331344,-0.5671429328924359,7,0
2.173,stage1,0.07300807518331344,-0.5671429328924359,7,0
2.174,stage1,0.07300807518331344,-0.5671429328924359,7,0
2.175,stage1,0.07300807518331344,-0.5671429328924359,7,0
2.176,stage1,0.07300807518331344,-0.5671429328924359,7,0
2.177,stage1,0.07300807518331344,-0.5671429328924359,7,0
2.178,stage1,0.07300807518331344,-0.5671429328924359,7,0
2.179,stage1,0.07300807518331344,-0.5671429328924359,7,0
2.18,stage1,0.0673551463717214,-0.5634142701632432,7,0
2.181,stage1,0.0673551463717214,-0.5634142701632432,7,0
2.182,stage1,0.0673551463717214,-0.5634142701632432,7,0
2.183,stage1,0.0673551463717214,-0.5634142701632432,7,0
2.184,stage1,0.0673551463717214,-0.5634142701632432,7,0
2.185,stage1,0.0673551463717214,-0.5634142701632432,7,0
2.186,stage1,0.0673551463717214,-0.5634142701632432,7,0
2.187,stage1,0.0673551463717214,-0.5634142701632432,7,0
2.188,stage1,0.0673551463717214,-0.5634142701632432,7,0
2.189,stage1,0.0673551463717214,-0.5634142701632432,7,0
2.19,stage1,0.061740355951086845,-0.5595157596137463,6,0
2.191,stage1,0.061740355951086845,-0.5595157596137463,6,0
2.192,stage1,0.061740355951086845,-0.5595157596137463,6,0
2.193,stage1,0.061740355951086845,-0.5595157596137463,6,0
2.194,stage1,0.061740355951086845,-0.5595157596137463,6,0
2.195,stage1,0.061740355951086845,-0.5595157596137463,6,0
2.196,stage1,0.061740355951086845,-0.5595157596137463,6,0
2.197,stage1,0.061740355951086845,-0.5595157596137463,6,0
2.198,stage1,0.061740355951086845,-0.5595157596137463,6,0
2.199,stage1,0.061740355951086845,-0.5595157596137463,6,0
2.2,stage1,0.05616538710969638,-0.5554504678628788,6,0
2.201,stage1,0.05616538710969638,-0.5554504678628788,6,0
2.202,stage1,0.05616538710969638,-0.5554504678628788,6,0
2.203,stage1,0.05616538710969638,-0.5554504678628788,6,0
2.204,stage1,0.05616538710969638,-0.5554504678628788,6,0
2.205,stage1,0.05616538710969638,-0.5554504678628788,6,0
2.206,stage1,0.05616538710969638,-0.5554504678628788,6,0
2.207,stage1,0.05616538710969638,-0.5554504678628788,6,0
2.208,stage1,0.05616538710969638,-0.5554504678628788,6,0
2.209,stage1,0.05616538710969638,-0.5554504678628788,6,0
2.21,stage1,0.05063189211452475,-0.551221512223966,5,0
2.211,stage1,0.05063189211452475,-0.551221512223966,5,0
2.212,stage1,0.05063189211452475,-0.551221512223966,5,0
2.213,stage1,0.05063189211452475,-0.551221512223966,5,0
2.214,stage1,0.05063189211452475,-0.551221512223966,5,0
2.215,stage1,0.05063189211452475,-0.551221512223966,5,0
2.216,stage1,0.05063189211452475,-0.551221512223966,5,0
2.217,stage1,0.05063189211452475,-0.551221512223966,5,0
2.218,stage1,0.05063189211452475,-0.551221512223966,5,0
2.219,stage1,0.05063189211452475,-0.551221512223966,5,0
2.22,stage1,0.04514149181422587,-0.5468320587168287,5,0
2.221,stage1,0.04514149181422587,-0.5468320587168287,5,0
2.222,stage1,0.04514149181422587,-0.5468320587168287,5,0
2.223,stage1,0.04514149181422587,-0.5468320587168287,5,0
2.224,stage1,0.04514149181422587,-0.5468320587168287,5,0
2.225,stage1,0.04514149181422587,-0.5468320587168287,5,0
2.226,stage1,0.04514149181422587,-0.5468320587168287,5,0
2.227,stage1,0.04514149181422587,-0.5468320587168287,5,0
2.228,stage1,0.04514149181422587,-0.5468320587168287,5,0
2.229,stage1,0.04514149181422587,-0.5468320587168287,5,0
2.23,stage1,0.03969577516202784,-0.5422853200750559,4,0
2.231,stage1,0.03969577516202784,-0.5422853200750559,4,0
2.232,stage1,0.03969577516202784,-0.5422853200750559,4,0
2.233,stage1,0.03969577516202784,-0.5422853200750559,4,0
2.234,stage1,0.03969577516202784,-0.5422853200750559,4,0
2.235,stage1,0.03969577516202784,-0.5422853200750559,4,0
2.236,stage1,0.03969577516202784,-0.5422853200750559,4,0
2.237,stage1,0.03969577516202784,-0.5422853200750559,4,0
2.238,stage1,0.03969577516202784,-0.5422853200750559,4,0
2.239,stage1,0.03969577516202784,-0.5422853200750559,4,0
2.24,stage1,0.034296298758575,-0.5375845537494833,3,0
2.241,stage1,0.034296298758575,-0.5375845537494833,3,0
2.242,stage1,0.034296298758575,-0.5375845537494833,3,0
2.243,stage1,0.034296298758575,-0.5375845537494833,3,0
2.244,stage1,0.034296298758575,-0.5375845537494833,3,0
2.245,stage1,0.034296298758575,-0.5375845537494833,3,0
2.246,stage1,0.034296298758575,-0.5375845537494833,3,0
2.247,stage1,0.034296298758575,-0.5375845537494833,3,0
2.248,stage1,0.034296298758575,-0.5375845537494833,3,0
2.249,stage1,0.034296298758575,-0.5375845537494833,3,0
2.25,stage1,0.028944586414749944,-0.5327330599089096,3,0
2.251,stage1,0.028944586414749944,-0.5327330599089096,3,0
2.252,stage1,0.028944586414749944,-0.5327330599089096,3,0
2.253,stage1,0.028944586414749944,-0.5327330599089096,3,0
2.254,stage1,0.028944586414749944,-0.5327330599089096,3,0
2.255,stage1,0.028944586414749944,-0.5327330599089096,3,0
2.256,stage1,0.028944586414749944,-0.5327330599089096,3,0
2.257,stage1,0.028944586414749944,-0.5327330599089096,3,0
2.258,stage1,0.028944586414749944,-0.5327330599089096,3,0
2.259,stage1,0.028944586414749944,-0.5327330599089096,3,0
2.26,stage1,0.023642128734497884,-0.5277341794390702,2,0
2.261,stage1,0.023642128734497884,-0.5277341794390702,2,0
2.262,stage1,0.023642128734497884,-0.5277341794390702,2,0
2.263,stage1,0.023642128734497884,-0.5277341794390702,2,0
2.264,stage1,0.023642128734497884,-0.5277341794390702,2,0
2.265,stage1,0.023642128734497884,-0.5277341794390702,2,0
2.266,stage1,0.023642128734497884,-0.5277341794390702,2,0
2.267,stage1,0.023642128734497884,-0.5277341794390702,2,0
2.268,stage1,0.023642128734497884,-0.5277341794390702,2,0
2.269,stage1,0.023642128734497884,-0.5277341794390702,2,0
2.27,stage1,0.018390382717665764,-0.5225912919408802,2,0
2.271,stage1,0.018390382717665764,-0.5225912919408802,2,0
2.272,stage1,0.018390382717665764,-0.5225912919408802,2,0
2.273,stage1,0.018390382717665764,-0.5225912919408802,2,0
2.274,stage1,0.018390382717665764,-0.5225912919408802,2,0
2.275,stage1,0.018390382717665764,-0.5225912919408802,2,0
2.276,stage1,0.018390382717665764,-0.5225912919408802,2,0
2.277,stage1,0.018390382717665764,-0.5225912919408802,2,0
2.278,stage1,0.018390382717665764,-0.5225912919408802,2,0
2.279,stage1,0.018390382717665764,-0.5225912919408802,2,0
2.28,stage1,0.013190771382858447,-0.5173078137289494,1,0
2.281,stage1,0.013190771382858447,-0.5173078137289494,1,0
2.282,stage1,0.013190771382858447,-0.5173078137289494,1,0
2.283,stage1,0.013190771382858447,-0.5173078137289494,1,0
2.284,stage1,0.013190771382858447,-0.5173078137289494,1,0
2.285,stage1,0.013190771382858447,-0.5173078137289494,1,0
2.286,stage1,0.013190771382858447,-0.5173078137289494,1,0
2.287,stage1,0.013190771382858447,-0.5173078137289494,1,0
2.288,stage1,0.013190771382858447,-0.5173078137289494,1,0
2.289,stage1,0.013190771382858447,-0.5173078137289494,1,0
2.29,stage1,0.008044683410304228,-0.511887195831361,1,0
2.291,stage1,0.008044683410304228,-0.511887195831361,1,0
2.292,stage1,0.008044683410304228,-0.511887195831361,1,0
2.293,stage1,0.008044683410304228,-0.511887195831361,1,0
2.294,stage1,0.008044683410304228,-0.511887195831361,1,0
2.295,stage1,0.008044683410304228,-0.511887195831361,1,0
2.296,stage1,0.008044683410304228,-0.511887195831361,1,0
2.297,stage1,0.008044683410304228,-0.511887195831361,1,0
2.298,stage1,0.008044683410304228,-0.511887195831361,1,0
2.299,stage1,0.008044683410304228,-0.511887195831361,1,0
2.3,stage1,0.002953472804712167,-0.5063329219916942,0,0
2.301,stage1,0.002953472804712167,-0.5063329219916942,0,0
2.302,stage1,0.002953472804712167,-0.5063329219916942,0,0
2.303,stage1,0.002953472804712167,-0.5063329219916942,0,0
2.304,stage1,0.002953472804712167,-0.5063329219916942,0,0
2.305,stage1,0.002953472804712167,-0.5063329219916942,0,0
2.306,stage1,0.002953472804712167,-0.5063329219916942,0,0
2.307,stage1,0.002953472804712167,-0.5063329219916942,0,0
2.308,stage1,0.002953472804712167,-0.5063329219916942,0,0
2.309,stage1,0.002953472804712167,-0.5063329219916942,0,0
2.31,stage1,-0.002081541421906089,-0.5006485066742629,0,0
2.311,stage1,-0.002081541421906089,-0.5006485066742629,0,0
2.312,stage1,-0.002081541421906089,-0.5006485066742629,0,0
2.313,stage1,-0.002081541421906089,-0.5006485066742629,0,0
2.314,stage1,-0.002081541421906089,-0.5006485066742629,0,0
2.315,stage1,-0.002081541421906089,-0.5006485066742629,0,0
2.316,stage1,-0.002081541421906089,-0.5006485066742629,0,0
2.317,stage1,-0.002081541421906089,-0.5006485066742629,0,0
2.318,stage1,-0.002081541421906089,-0.5006485066742629,0,0
2.319,stage1,-0.002081541421906089,-0.5006485066742629,0,0
2.32,stage1,-0.007059075547486939,-0.494837493073528,-1,0
2.321,stage1,-0.007059075547486939,-0.494837493073528,-1,0
2.322,stage1,-0.007059075547486939,-0.494837493073528,-1,0
2.323,stage1,-0.007059075547486939,-0.494837493073528,-1,0
2.324,stage1,-0.007059075547486939,-0.494837493073528,-1,0
2.325,stage1,-0.007059075547486939,-0.494837493073528,-1,0
2.326,stage1,-0.007059075547486939,-0.494837493073528,-1,0
2.327,stage1,-0.007059075547486939,-0.494837493073528,-1,0
2.328,stage1,-0.007059075547486939,-0.494837493073528,-1,0
2.329,stage1,-0.007059075547486939,-0.494837493073528,-1,0
2.33,stage1,-0.011977881417284416,-0.48890345112863254,-1,0
2.331,stage1,-0.011977881417284416,-0.48890345112863254,-1,0
2.332,stage1,-0.011977881417284416,-0.48890345112863254,-1,0
2.333,stage1,-0.011977881417284416,-0.48890345112863254,-1,0
2.334,stage1,-0.011977881417284416,-0.48890345112863254,-1,0
2.335,stage1,-0.011977881417284416,-0.48890345112863254,-1,0
2.336,stage1,-0.011977881417284416,-0.48890345112863254,-1,0
2.337,stage1,-0.011977881417284416,-0.48890345112863254,-1,0
2.338,stage1,-0.011977881417284416,-0.48890345112863254,-1,0
2.339,stage1,-0.011977881417284416,-0.48890345112863254,-1,0
2.34,stage1,-0.016836746701414634,-0.4828499755439933,-2,0
2.341,stage1,-0.016836746701414634,-0.4828499755439933,-2,0
2.342,stage1,-0.016836746701414634,-0.4828499755439933,-2,0
2.343,stage1,-0.016836746701414634,-0.4828499755439933,-2,0
2.344,stage1,-0.016836746701414634,-0.4828499755439933,-2,0
2.345,stage1,-0.016836746701414634,-0.4828499755439933,-2,0
2.346,stage1,-0.016836746701414634,-0.4828499755439933,-2,0
2.347,stage1,-0.016836746701414634,-0.4828499755439933,-2,0
2.348,stage1,-0.016836746701414634,-0.4828499755439933,-2,0
2.349,stage1,-0.016836746701414634,-0.4828499755439933,-2,0
2.35,stage1,-0.021634495132640298,-0.47668068381687345,-2,0
2.351,stage1,-0.021634495132640298,-0.47668068381687345,-2,0
2.352,stage1,-0.021634495132640298,-0.47668068381687345,-2,0
2.353,stage1,-0.021634495132640298,-0.47668068381687345,-2,0
2.354,stage1,-0.021634495132640298,-0.47668068381687345,-2,0
2.355,stage1,-0.021634495132640298,-0.47668068381687345,-2,0
2.356,stage1,-0.021634495132640298,-0.47668068381687345,-2,0
2.357,stage1,-0.021634495132640298,-0.47668068381687345,-2,0
2.358,stage1,-0.021634495132640298,-0.47668068381687345,-2,0
2.359,stage1,-0.021634495132640298,-0.47668068381687345,-2,0
2.36,stage1,-0.02636998672446962,-0.470399214272846,-3,0
2.361,stage1,-0.02636998672446962,-0.470399214272846,-3,0
2.362,stage1,-0.02636998672446962,-0.470399214272846,-3,0
2.363,stage1,-0.02636998672446962,-0.470399214272846,-3,0
2.364,stage1,-0.02636998672446962,-0.470399214272846,-3,0
2.365,stage1,-0.02636998672446962,-0.470399214272846,-3,0
2.366,stage1,-0.02636998672446962,-0.470399214272846,-3,0
2.367,stage1,-0.02636998672446962,-0.470399214272846,-3,0
2.368,stage1,-0.02636998672446962,-0.470399214272846,-3,0
2.369,stage1,-0.02636998672446962,-0.470399214272846,-3,0
2.37,stage1,-0.031042117969653112,-0.4640092241100456,-3,0
2.371,stage1,-0.031042117969653112,-0.4640092241100456,-3,0
2.372,stage1,-0.031042117969653112,-0.4640092241100456,-3,0
2.373,stage1,-0.031042117969653112,-0.4640092241100456,-3,0
2.374,stage1,-0.031042117969653112,-0.4640092241100456,-3,0
2.375,stage1,-0.031042117969653112,-0.4640092241100456,-3,0
2.376,stage1,-0.031042117969653112,-0.4640092241100456,-3,0
2.377,stage1,-0.031042117969653112,-0.4640092241100456,-3,0
2.378,stage1,-0.031042117969653112,-0.4640092241100456,-3,0
2.379,stage1,-0.031042117969653112,-0.4640092241100456,-3,0
2.38,stage1,-0.035649822019170475,-0.4575143874530933,-4,0
2.381,stage1,-0.035649822019170475,-0.4575143874530933,-4,0
2.382,stage1,-0.035649822019170475,-0.4575143874530933,-4,0
2.383,stage1,-0.035649822019170475,-0.4575143874530933,-4,0
2.384,stage1,-0.035649822019170475,-0.4575143874530933,-4,0
2.385,stage1,-0.035649822019170475,-0.4575143874530933,-4,0
2.386,stage1,-0.035649822019170475,-0.4575143874530933,-4,0
2.387,stage1,-0.035649822019170475,-0.4575143874530933,-4,0
2.388,stage1,-0.035649822019170475,-0.4575143874530933,-4,0
2.389,stage1,-0.035649822019170475,-0.4575143874530933,-4,0
2.39,stage1,-0.04019206884180877,-0.450918393417564,-4,0
2.391,stage1,-0.04019206884180877,-0.450918393417564,-4,0
2.392,stage1,-0.04019206884180877,-0.450918393417564,-4,0
2.393,stage1,-0.04019206884180877,-0.450918393417564,-4,0
2.394,stage1,-0.04019206884180877,-0.450918393417564,-4,0
2.395,stage1,-0.04019206884180877,-0.450918393417564,-4,0
2.396,stage1,-0.04019206884180877,-0.450918393417564,-4,0
2.397,stage1,-0.04019206884180877,-0.450918393417564,-4,0
2.398,stage1,-0.04019206884180877,-0.450918393417564,-4,0
2.399,stage1,-0.04019206884180877,-0.450918393417564,-4,0
2.4,stage1,-0.04466786536444156,-0.44422494418585357,-4,0
2.401,stage1,-0.04466786536444156,-0.44422494418585357,-4,0
2.402,stage1,-0.04466786536444156,-0.44422494418585357,-4,0
2.403,stage1,-0.04466786536444156,-0.44422494418585357,-4,0
2.404,stage1,-0.04466786536444156,-0.44422494418585357,-4,0
2.405,stage1,-0.04466786536444156,-0.44422494418585357,-4,0
2.406,stage1,-0.04466786536444156,-0.44422494418585357,-4,0
2.407,stage1,-0.04466786536444156,-0.44422494418585357,-4,0
2.408,stage1,-0.04466786536444156,-0.44422494418585357,-4,0
2.409,stage1,-0.04466786536444156,-0.44422494418585357,-4,0
2.41,stage1,-0.04907625559312719,-0.4374377530952882,-5,0
2.411,stage1,-0.04907625559312719,-0.4374377530952882,-5,0
2.412,stage1,-0.04907625559312719,-0.4374377530952882,-5,0
2.413,stage1,-0.04907625559312719,-0.4374377530952882,-5,0
2.414,stage1,-0.04907625559312719,-0.4374377530952882,-5,0
2.415,stage1,-0.04907625559312719,-0.4374377530952882,-5,0
2.416,stage1,-0.04907625559312719,-0.4374377530952882,-5,0
2.417,stage1,-0.04907625559312719,-0.4374377530952882,-5,0
2.418,stage1,-0.04907625559312719,-0.4374377530952882,-5,0
2.419,stage1,-0.04907625559312719,-0.4374377530952882,-5,0
2.42,stage1,-0.05341632071515287,-0.43056054273930344,-5,0
2.421,stage1,-0.05341632071515287,-0.43056054273930344,-5,0
2.422,stage1,-0.05341632071515287,-0.43056054273930344,-5,0
2.423,stage1,-0.05341632071515287,-0.43056054273930344,-5,0
2.424,stage1,-0.05341632071515287,-0.43056054273930344,-5,0
2.425,stage1,-0.05341632071515287,-0.43056054273930344,-5,0
2.426,stage1,-0.05341632071515287,-0.43056054273930344,-5,0
2.427,stage1,-0.05341632071515287,-0.43056054273930344,-5,0
2.428,stage1,-0.05341632071515287,-0.43056054273930344,-5,0
2.429,stage1,-0.05341632071515287,-0.43056054273930344,-5,0
2.43,stage1,-0.057687179182159265,-0.42359704308250606,-6,0
2.431,stage1,-0.057687179182159265,-0.42359704308250606,-6,0
2.432,stage1,-0.057687179182159265,-0.42359704308250606,-6,0
2.433,stage1,-0.057687179182159265,-0.42359704308250606,-6,0
2.434,stage1,-0.057687179182159265,-0.42359704308250606,-6,0
2.435,stage1,-0.057687179182159265,-0.42359704308250606,-6,0
2.436,stage1,-0.057687179182159265,-0.42359704308250606,-6,0
2.437,stage1,-0.057687179182159265,-0.42359704308250606,-6,0
2.438,stage1,-0.057687179182159265,-0.42359704308250606,-6,0
2.439,stage1,-0.057687179182159265,-0.42359704308250606,-6,0
2.44,stage1,-0.061887986774488486,-0.4165509895904172,-6,0
2.441,stage1,-0.061887986774488486,-0.4165509895904172,-6,0
2.442,stage1,-0.061887986774488486,-0.4165509895904172,-6,0
2.443,stage1,-0.061887986774488486,-0.4165509895904172,-6,0
2.444,stage1,-0.061887986774488486,-0.4165509895904172,-6,0
2.445,stage1,-0.061887986774488486,-0.4165509895904172,-6,0
2.446,stage1,-0.061887986774488486,-0.4165509895904172,-6,0
2.447,stage1,-0.061887986774488486,-0.4165509895904172,-6,0
2.448,stage1,-0.061887986774488486,-0.4165509895904172,-6,0
2.449,stage1,-0.061887986774488486,-0.4165509895904172,-6,0
2.45,stage1,-0.06601793664690614,-0.4094261213746792,-7,0
2.451,stage1,-0.06601793664690614,-0.4094261213746792,-7,0
2.452,stage1,-0.06601793664690614,-0.4094261213746792,-7,0
2.453,stage1,-0.06601793664690614,-0.4094261213746792,-7,0
2.454,stage1,-0.06601793664690614,-0.4094261213746792,-7,0
2.455,stage1,-0.06601793664690614,-0.4094261213746792,-7,0
2.456,stage1,-0.06601793664690614,-0.4094261213746792,-7,0
2.457,stage1,-0.06601793664690614,-0.4094261213746792,-7,0
2.458,stage1,-0.06601793664690614,-0.4094261213746792,-7,0
2.459,stage1,-0.06601793664690614,-0.4094261213746792,-7,0
2.46,stage1,-0.07007625935585599,-0.4022261793544937,-7,0
2.461,stage1,-0.07007625935585599,-0.4022261793544937,-7,0
2.462,stage1,-0.07007625935585599,-0.4022261793544937,-7,0
2.463,stage1,-0.07007625935585599,-0.4022261793544937,-7,0
2.464,stage1,-0.07007625935585599,-0.4022261793544937,-7,0
2.465,stage1,-0.07007625935585599,-0.4022261793544937,-7,0
2.466,stage1,-0.07007625935585599,-0.4022261793544937,-7,0
2.467,stage1,-0.07007625935585599,-0.4022261793544937,-7,0
2.468,stage1,-0.07007625935585599,-0.4022261793544937,-7,0
2.469,stage1,-0.07007625935585599,-0.4022261793544937,-7,0
2.47,stage1,-0.07406222286841331,-0.39495490443504216,-7,0
2.471,stage1,-0.07406222286841331,-0.39495490443504216,-7,0
2.472,stage1,-0.07406222286841331,-0.39495490443504216,-7,0
2.473,stage1,-0.07406222286841331,-0.39495490443504216,-7,0
2.474,stage1,-0.07406222286841331,-0.39495490443504216,-7,0
2.475,stage1,-0.07406222286841331,-0.39495490443504216,-7,0
2.476,stage1,-0.07406222286841331,-0.39495490443504216,-7,0
2.477,stage1,-0.07406222286841331,-0.39495490443504216,-7,0
2.478,stage1,-0.07406222286841331,-0.39495490443504216,-7,0
2.479,stage1,-0.07406222286841331,-0.39495490443504216,-7,0
2.48,stage1,-0.07797513255311041,-0.38761603570362557,-8,0
2.481,stage1,-0.07797513255311041,-0.38761603570362557,-8,0
2.482,stage1,-0.07797513255311041,-0.38761603570362557,-8,0
2.483,stage1,-0.07797513255311041,-0.38761603570362557,-8,0
2.484,stage1,-0.07797513255311041,-0.38761603570362557,-8,0
2.485,stage1,-0.07797513255311041,-0.38761603570362557,-8,0
2.486,stage1,-0.07797513255311041,-0.38761603570362557,-8,0
2.487,stage1,-0.07797513255311041,-0.38761603570362557,-8,0
2.488,stage1,-0.07797513255311041,-0.38761603570362557,-8,0
2.489,stage1,-0.07797513255311041,-0.38761603570362557,-8,0
2.49,stage1,-0.08181433115281511,-0.380213308644241,-8,0
2.491,stage1,-0.08181433115281511,-0.380213308644241,-8,0
2.492,stage1,-0.08181433115281511,-0.380213308644241,-8,0
2.493,stage1,-0.08181433115281511,-0.380213308644241,-8,0
2.494,stage1,-0.08181433115281511,-0.380213308644241,-8,0
2.495,stage1,-0.08181433115281511,-0.380213308644241,-8,0
2.496,stage1,-0.08181433115281511,-0.380213308644241,-8,0
2.497,stage1,-0.08181433115281511,-0.380213308644241,-8,0
2.498,stage1,-0.08181433115281511,-0.380213308644241,-8,0
2.499,stage1,-0.08181433115281511,-0.380213308644241,-8,0
2.5,stage1,-0.08557919873985023,-0.37275045337130025,-9,0
2.501,stage1,-0.08557919873985023,-0.37275045337130025,-9,0
2.502,stage1,-0.08557919873985023,-0.37275045337130025,-9,0
2.503,stage1,-0.08557919873985023,-0.37275045337130025,-9,0
2.504,stage1,-0.08557919873985023,-0.37275045337130025,-9,0
2.505,stage1,-0.08557919873985023,-0.37275045337130025,-9,0
2.506,stage1,-0.08557919873985023,-0.37275045337130025,-9,0
2.507,stage1,-0.08557919873985023,-0.37275045337130025,-9,0
2.508,stage1,-0.08557919873985023,-0.37275045337130025,-9,0
2.509,stage1,-0.08557919873985023,-0.37275045337130025,-9,0
2.51,stage1,-0.08926915265354869,-0.36523119288317524,-9,0
2.511,stage1,-0.08926915265354869,-0.36523119288317524,-9,0
2.512,stage1,-0.08926915265354869,-0.36523119288317524,-9,0
2.513,stage1,-0.08926915265354869,-0.36523119288317524,-9,0
2.514,stage1,-0.08926915265354869,-0.36523119288317524,-9,0
2.515,stage1,-0.08926915265354869,-0.36523119288317524,-9,0
2.516,stage1,-0.08926915265354869,-0.36523119288317524,-9,0
2.517,stage1,-0.08926915265354869,-0.36523119288317524,-9,0
2.518,stage1,-0.08926915265354869,-0.36523119288317524,-9,0
2.519,stage1,-0.08926915265354869,-0.36523119288317524,-9,0
2.52,stage1,-0.09288364742044611,-0.35765924133624194,-9,0
2.521,stage1,-0.09288364742044611,-0.35765924133624194,-9,0
2.522,stage1,-0.09288364742044611,-0.35765924133624194,-9,0
2.523,stage1,-0.09288364742044611,-0.35765924133624194,-9,0
2.524,stage1,-0.09288364742044611,-0.35765924133624194,-9,0
2.525,stage1,-0.09288364742044611,-0.35765924133624194,-9,0
2.526,stage1,-0.09288364742044611,-0.35765924133624194,-9,0
2.527,stage1,-0.09288364742044611,-0.35765924133624194,-9,0
2.528,stage1,-0.09288364742044611,-0.35765924133624194,-9,0
2.529,stage1,-0.09288364742044611,-0.35765924133624194,-9,0
2.53,stage1,-0.09642217465731902,-0.35003830234007416,-10,0
2.531,stage1,-0.09642217465731902,-0.35003830234007416,-10,0
2.532,stage1,-0.09642217465731902,-0.35003830234007416,-10,0
2.533,stage1,-0.09642217465731902,-0.35003830234007416,-10,0
2.534,stage1,-0.09642217465731902,-0.35003830234007416,-10,0
2.535,stage1,-0.09642217465731902,-0.35003830234007416,-10,0
2.536,stage1,-0.09642217465731902,-0.35003830234007416,-10,0
2.537,stage1,-0.09642217465731902,-0.35003830234007416,-10,0
2.538,stage1,-0.09642217465731902,-0.35003830234007416,-10,0
2.539,stage1,-0.09642217465731902,-0.35003830234007416,-10,0
2.54,stage1,-0.0998842629572834,-0.34237206727442443,-10,0
2.541,stage1,-0.0998842629572834,-0.34237206727442443,-10,0
2.542,stage1,-0.0998842629572834,-0.34237206727442443,-10,0
2.543,stage1,-0.0998842629572834,-0.34237206727442443,-10,0
2.544,stage1,-0.0998842629572834,-0.34237206727442443,-10,0
2.545,stage1,-0.0998842629572834,-0.34237206727442443,-10,0
2.546,stage1,-0.0998842629572834,-0.34237206727442443,-10,0
2.547,stage1,-0.0998842629572834,-0.34237206727442443,-10,0
2.548,stage1,-0.0998842629572834,-0.34237206727442443,-10,0
2.549,stage1,-0.0998842629572834,-0.34237206727442443,-10,0
2.55,stage1,-0.10326947775917461,-0.3346642136286104,-10,0
2.551,stage1,-0.10326947775917461,-0.3346642136286104,-10,0
2.552,stage1,-0.10326947775917461,-0.3346642136286104,-10,0
2.553,stage1,-0.10326947775917461,-0.3346642136286104,-10,0
2.554,stage1,-0.10326947775917461,-0.3346642136286104,-10,0
2.555,stage1,-0.10326947775917461,-0.3346642136286104,-10,0
2.556,stage1,-0.10326947775917461,-0.3346642136286104,-10,0
2.557,stage1,-0.10326947775917461,-0.3346642136286104,-10,0
2.558,stage1,-0.10326947775917461,-0.3346642136286104,-10,0
2.559,stage1,-0.10326947775917461,-0.3346642136286104,-10,0
2.56,stage1,-0.10657742120043563,-0.32691840336390793,-11,0
2.561,stage1,-0.10657742120043563,-0.32691840336390793,-11,0
2.562,stage1,-0.10657742120043563,-0.32691840336390793,-11,0
2.563,stage1,-0.10657742120043563,-0.32691840336390793,-11,0
2.564,stage1,-0.10657742120043563,-0.32691840336390793,-11,0
2.565,stage1,-0.10657742120043563,-0.32691840336390793,-11,0
2.566,stage1,-0.10657742120043563,-0.32691840336390793,-11,0
2.567,stage1,-0.10657742120043563,-0.32691840336390793,-11,0
2.568,stage1,-0.10657742120043563,-0.32691840336390793,-11,0
2.569,stage1,-0.10657742120043563,-0.32691840336390793,-11,0
2.57,stage1,-0.10980773195374682,-0.3191382812995357,-11,0
2.571,stage1,-0.10980773195374682,-0.3191382812995357,-11,0
2.572,stage1,-0.10980773195374682,-0.3191382812995357,-11,0
2.573,stage1,-0.10980773195374682,-0.3191382812995357,-11,0
2.574,stage1,-0.10980773195374682,-0.3191382812995357,-11,0
2.575,stage1,-0.10980773195374682,-0.3191382812995357,-11,0
2.576,stage1,-0.10980773195374682,-0.3191382812995357,-11,0
2.577,stage1,-0.10980773195374682,-0.3191382812995357,-11,0
2.578,stage1,-0.10980773195374682,-0.3191382812995357,-11,0
2.579,stage1,-0.10980773195374682,-0.3191382812995357,-11,0
2.58,stage1,-0.11296008504763574,-0.31132747352279727,-11,0
2.581,stage1,-0.11296008504763574,-0.31132747352279727,-11,0
2.582,stage1,-0.11296008504763574,-0.31132747352279727,-11,0
2.583,stage1,-0.11296008504763574,-0.31132747352279727,-11,0
2.584,stage1,-0.11296008504763574,-0.31132747352279727,-11,0
2.585,stage1,-0.11296008504763574,-0.31132747352279727,-11,0
2.586,stage1,-0.11296008504763574,-0.31132747352279727,-11,0
2.587,stage1,-0.11296008504763574,-0.31132747352279727,-11,0
2.588,stage1,-0.11296008504763574,-0.31132747352279727,-11,0
2.589,stage1,-0.11296008504763574,-0.31132747352279727,-11,0
2.59,stage1,-0.11603419167131156,-0.30348958582392965,-12,0
2.591,stage1,-0.11603419167131156,-0.30348958582392965,-12,0
2.592,stage1,-0.11603419167131156,-0.30348958582392965,-12,0
2.593,stage1,-0.11603419167131156,-0.30348958582392965,-12,0
2.594,stage1,-0.11603419167131156,-0.30348958582392965,-12,0
2.595,stage1,-0.11603419167131156,-0.30348958582392965,-12,0
2.596,stage1,-0.11603419167131156,-0.30348958582392965,-12,0
2.597,stage1,-0.11603419167131156,-0.30348958582392965,-12,0
2.598,stage1,-0.11603419167131156,-0.30348958582392965,-12,0
2.599,stage1,-0.11603419167131156,-0.30348958582392965,-12,0
2.6,stage1,-0.11902979896397362,-0.2956282021561897,-12,0
2.601,stage1,-0.11902979896397362,-0.2956282021561897,-12,0
2.602,stage1,-0.11902979896397362,-0.2956282021561897,-12,0
2.603,stage1,-0.11902979896397362,-0.2956282021561897,-12,0
2.604,stage1,-0.11902979896397362,-0.2956282021561897,-12,0
2.605,stage1,-0.11902979896397362,-0.2956282021561897,-12,0
2.606,stage1,-0.11902979896397362,-0.2956282021561897,-12,0
2.607,stage1,-0.11902979896397362,-0.2956282021561897,-12,0
2.608,stage1,-0.11902979896397362,-0.2956282021561897,-12,0
2.609,stage1,-0.11902979896397362,-0.2956282021561897,-12,0
2.61,stage1,-0.1219466897888493,-0.28774688312169117,-12,0
2.611,stage1,-0.1219466897888493,-0.28774688312169117,-12,0
2.612,stage1,-0.1219466897888493,-0.28774688312169117,-12,0
2.613,stage1,-0.1219466897888493,-0.28774688312169117,-12,0
2.614,stage1,-0.1219466897888493,-0.28774688312169117,-12,0
2.615,stage1,-0.1219466897888493,-0.28774688312169117,-12,0
2.616,stage1,-0.1219466897888493,-0.28774688312169117,-12,0
2.617,stage1,-0.1219466897888493,-0.28774688312169117,-12,0
2.618,stage1,-0.1219466897888493,-0.28774688312169117,-12,0
2.619,stage1,-0.1219466897888493,-0.28774688312169117,-12,0
2.62,stage1,-0.12478468249222098,-0.27984916448348857,-12,0
2.621,stage1,-0.12478468249222098,-0.27984916448348857,-12,0
2.622,stage1,-0.12478468249222098,-0.27984916448348857,-12,0
2.623,stage1,-0.12478468249222098,-0.27984916448348857,-12,0
2.624,stage1,-0.12478468249222098,-0.27984916448348857,-12,0
2.625,stage1,-0.12478468249222098,-0.27984916448348857,-12,0
2.626,stage1,-0.12478468249222098,-0.27984916448348857,-12,0
2.627,stage1,-0.12478468249222098,-0.27984916448348857,-12,0
2.628,stage1,-0.12478468249222098,-0.27984916448348857,-12,0
2.629,stage1,-0.12478468249222098,-0.27984916448348857,-12,0
2.63,stage1,-0.1275436306477071,-0.27193855570438424,-13,0
2.631,stage1,-0.1275436306477071,-0.27193855570438424,-13,0
2.632,stage1,-0.1275436306477071,-0.27193855570438424,-13,0
2.633,stage1,-0.1275436306477071,-0.27193855570438424,-13,0
2.634,stage1,-0.1275436306477071,-0.27193855570438424,-13,0
2.635,stage1,-0.1275436306477071,-0.27193855570438424,-13,0
2.636,stage1,-0.1275436306477071,-0.27193855570438424,-13,0
2.637,stage1,-0.1275436306477071,-0.27193855570438424,-13,0
2.638,stage1,-0.1275436306477071,-0.27193855570438424,-13,0
2.639,stage1,-0.1275436306477071,-0.27193855570438424,-13,0
2.64,stage1,-0.13022342278606688,-0.2640185385129186,-13,0
2.641,stage1,-0.13022342278606688,-0.2640185385129186,-13,0
2.642,stage1,-0.13022342278606688,-0.2640185385129186,-13,0
2.643,stage1,-0.13022342278606688,-0.2640185385129186,-13,0
2.644,stage1,-0.13022342278606688,-0.2640185385129186,-13,0
2.645,stage1,-0.13022342278606688,-0.2640185385129186,-13,0
2.646,stage1,-0.13022342278606688,-0.2640185385129186,-13,0
2.647,stage1,-0.13022342278606688,-0.2640185385129186,-13,0
2.648,stage1,-0.13022342278606688,-0.2640185385129186,-13,0
2.649,stage1,-0.13022342278606688,-0.2640185385129186,-13,0
2.65,stage1,-0.13282398211080265,-0.25609256549698484,-13,0
2.651,stage1,-0.13282398211080265,-0.25609256549698484,-13,0
2.652,stage1,-0.13282398211080265,-0.25609256549698484,-13,0
2.653,stage1,-0.13282398211080265,-0.25609256549698484,-13,0
2.654,stage1,-0.13282398211080265,-0.25609256549698484,-13,0
2.655,stage1,-0.13282398211080265,-0.25609256549698484,-13,0
2.656,stage1,-0.13282398211080265,-0.25609256549698484,-13,0
2.657,stage1,-0.13282398211080265,-0.25609256549698484,-13,0
2.658,stage1,-0.13282398211080265,-0.25609256549698484,-13,0
2.659,stage1,-0.13282398211080265,-0.25609256549698484,-13,0
2.66,stage1,-0.13534526619983817,-0.24816405872549083,-14,0
2.661,stage1,-0.13534526619983817,-0.24816405872549083,-14,0
2.662,stage1,-0.13534526619983817,-0.24816405872549083,-14,0
2.663,stage1,-0.13534526619983817,-0.24816405872549083,-14,0
2.664,stage1,-0.13534526619983817,-0.24816405872549083,-14,0
2.665,stage1,-0.13534526619983817,-0.24816405872549083,-14,0
2.666,stage1,-0.13534526619983817,-0.24816405872549083,-14,0
2.667,stage1,-0.13534526619983817,-0.24816405872549083,-14,0
2.668,stage1,-0.13534526619983817,-0.24816405872549083,-14,0
2.669,stage1,-0.13534526619983817,-0.24816405872549083,-14,0
2.67,stage1,-0.1377872666935556,-0.24023640839847346,-14,0
2.671,stage1,-0.1377872666935556,-0.24023640839847346,-14,0
2.672,stage1,-0.1377872666935556,-0.24023640839847346,-14,0
2.673,stage1,-0.1377872666935556,-0.24023640839847346,-14,0
2.674,stage1,-0.1377872666935556,-0.24023640839847346,-14,0
2.675,stage1,-0.1377872666935556,-0.24023640839847346,-14,0
2.676,stage1,-0.1377872666935556,-0.24023640839847346,-14,0
2.677,stage1,-0.1377872666935556,-0.24023640839847346,-14,0
2.678,stage1,-0.1377872666935556,-0.24023640839847346,-14,0
2.679,stage1,-0.1377872666935556,-0.24023640839847346,-14,0
2.68,stage1,-0.1401500089694775,-0.23231297152605213,-14,0
2.681,stage1,-0.1401500089694775,-0.23231297152605213,-14,0
2.682,stage1,-0.1401500089694775,-0.23231297152605213,-14,0
2.683,stage1,-0.1401500089694775,-0.23231297152605213,-14,0
2.684,stage1,-0.1401500089694775,-0.23231297152605213,-14,0
2.685,stage1,-0.1401500089694775,-0.23231297152605213,-14,0
2.686,stage1,-0.1401500089694775,-0.23231297152605213,-14,0
2.687,stage1,-0.1401500089694775,-0.23231297152605213,-14,0
2.688,stage1,-0.1401500089694775,-0.23231297152605213,-14,0
2.689,stage1,-0.1401500089694775,-0.23231297152605213,-14,0
2.69,stage1,-0.14243355180388398,-0.22439707063659,-14,0
2.691,stage1,-0.14243355180388398,-0.22439707063659,-14,0
2.692,stage1,-0.14243355180388398,-0.22439707063659,-14,0
2.693,stage1,-0.14243355180388398,-0.22439707063659,-14,0
2.694,stage1,-0.14243355180388398,-0.22439707063659,-14,0
2.695,stage1,-0.14243355180388398,-0.22439707063659,-14,0
2.696,stage1,-0.14243355180388398,-0.22439707063659,-14,0
2.697,stage1,-0.14243355180388398,-0.22439707063659,-14,0
2.698,stage1,-0.14243355180388398,-0.22439707063659,-14,0
2.699,stage1,-0.14243355180388398,-0.22439707063659,-14,0
2.7,stage1,-0.14463798702065908,-0.21649199251441342,-14,0
2.701,stage1,-0.14463798702065908,-0.21649199251441342,-14,0
2.702,stage1,-0.14463798702065908,-0.21649199251441342,-14,0
2.703,stage1,-0.14463798702065908,-0.21649199251441342,-14,0
2.704,stage1,-0.14463798702065908,-0.21649199251441342,-14,0
2.705,stage1,-0.14463798702065908,-0.21649199251441342,-14,0
2.706,stage1,-0.14463798702065908,-0.21649199251441342,-14,0
2.707,stage1,-0.14463798702065908,-0.21649199251441342,-14,0
2.708,stage1,-0.14463798702065908,-0.21649199251441342,-14,0
2.709,stage1,-0.14463798702065908,-0.21649199251441342,-14,0
2.71,stage1,-0.14676343912766346,-0.20860098696742158,-15,0
2.711,stage1,-0.14676343912766346,-0.20860098696742158,-15,0
2.712,stage1,-0.14676343912766346,-0.20860098696742158,-15,0
2.713,stage1,-0.14676343912766346,-0.20860098696742158,-15,0
2.714,stage1,-0.14676343912766346,-0.20860098696742158,-15,0
2.715,stage1,-0.14676343912766346,-0.20860098696742158,-15,0
2.716,stage1,-0.14676343912766346,-0.20860098696742158,-15,0
2.717,stage1,-0.14676343912766346,-0.20860098696742158,-15,0
2.718,stage1,-0.14676343912766346,-0.20860098696742158,-15,0
2.719,stage1,-0.14676343912766346,-0.20860098696742158,-15,0
2.72,stage1,-0.148810064940934,-0.2007272656249009,-15,0
2.721,stage1,-0.148810064940934,-0.2007272656249009,-15,0
2.722,stage1,-0.148810064940934,-0.2007272656249009,-15,0
2.723,stage1,-0.148810064940934,-0.2007272656249009,-15,0
2.724,stage1,-0.148810064940934,-0.2007272656249009,-15,0
2.725,stage1,-0.148810064940934,-0.2007272656249009,-15,0
2.726,stage1,-0.148810064940934,-0.2007272656249009,-15,0
2.727,stage1,-0.148810064940934,-0.2007272656249009,-15,0
2.728,stage1,-0.148810064940934,-0.2007272656249009,-15,0
2.729,stage1,-0.148810064940934,-0.2007272656249009,-15,0
2.73,stage1,-0.15077805319701376,-0.1928740007658396,-15,0
2.731,stage1,-0.15077805319701376,-0.1928740007658396,-15,0
2.732,stage1,-0.15077805319701376,-0.1928740007658396,-15,0
2.733,stage1,-0.15077805319701376,-0.1928740007658396,-15,0
2.734,stage1,-0.15077805319701376,-0.1928740007658396,-15,0
2.735,stage1,-0.15077805319701376,-0.1928740007658396,-15,0
2.736,stage1,-0.15077805319701376,-0.1928740007658396,-15,0
2.737,stage1,-0.15077805319701376,-0.1928740007658396,-15,0
2.738,stage1,-0.15077805319701376,-0.1928740007658396,-15,0
2.739,stage1,-0.15077805319701376,-0.1928740007658396,-15,0
2.74,stage1,-0.15266762415371884,-0.18504432417802055,-15,0
2.741,stage1,-0.15266762415371884,-0.18504432417802055,-15,0
2.742,stage1,-0.15266762415371884,-0.18504432417802055,-15,0
2.743,stage1,-0.15266762415371884,-0.18504432417802055,-15,0
2.744,stage1,-0.15266762415371884,-0.18504432417802055,-15,0
2.745,stage1,-0.15266762415371884,-0.18504432417802055,-15,0
2.746,stage1,-0.15266762415371884,-0.18504432417802055,-15,0
2.747,stage1,-0.15266762415371884,-0.18504432417802055,-15,0
2.748,stage1,-0.15266762415371884,-0.18504432417802055,-15,0
2.749,stage1,-0.15266762415371884,-0.18504432417802055,-15,0
2.75,stage1,-0.15447902917965103,-0.1772413260481521,-15,0
2.751,stage1,-0.15447902917965103,-0.1772413260481521,-15,0
2.752,stage1,-0.15447902917965103,-0.1772413260481521,-15,0
2.753,stage1,-0.15447902917965103,-0.1772413260481521,-15,0
2.754,stage1,-0.15447902917965103,-0.1772413260481521,-15,0
2.755,stage1,-0.15447902917965103,-0.1772413260481521,-15,0
2.756,stage1,-0.15447902917965103,-0.1772413260481521,-15,0
2.757,stage1,-0.15447902917965103,-0.1772413260481521,-15,0
2.758,stage1,-0.15447902917965103,-0.1772413260481521,-15,0
2.759,stage1,-0.15447902917965103,-0.1772413260481521,-15,0
2.76,stage1,-0.156212550332768,-0.1694680538832786,-16,0
2.761,stage1,-0.156212550332768,-0.1694680538832786,-16,0
2.762,stage1,-0.156212550332768,-0.1694680538832786,-16,0
2.763,stage1,-0.156212550332768,-0.1694680538832786,-16,0
2.764,stage1,-0.156212550332768,-0.1694680538832786,-16,0
2.765,stage1,-0.156212550332768,-0.1694680538832786,-16,0
2.766,stage1,-0.156212550332768,-0.1694680538832786,-16,0
2.767,stage1,-0.156212550332768,-0.1694680538832786,-16,0
2.768,stage1,-0.156212550332768,-0.1694680538832786,-16,0
2.769,stage1,-0.156212550332768,-0.1694680538832786,-16,0
2.77,stage1,-0.1578684999283251,-0.16172751146369452,-16,0
2.771,stage1,-0.1578684999283251,-0.16172751146369452,-16,0
2.772,stage1,-0.1578684999283251,-0.16172751146369452,-16,0
2.773,stage1,-0.1578684999283251,-0.16172751146369452,-16,0
2.774,stage1,-0.1578684999283251,-0.16172751146369452,-16,0
2.775,stage1,-0.1578684999283251,-0.16172751146369452,-16,0
2.776,stage1,-0.1578684999283251,-0.16172751146369452,-16,0
2.777,stage1,-0.1578684999283251,-0.16172751146369452,-16,0
2.778,stage1,-0.1578684999283251,-0.16172751146369452,-16,0
2.779,stage1,-0.1578684999283251,-0.16172751146369452,-16,0
2.78,stage1,-0.15944722009650433,-0.15402265782756802,-16,0
2.781,stage1,-0.15944722009650433,-0.15402265782756802,-16,0
2.782,stage1,-0.15944722009650433,-0.15402265782756802,-16,0
2.783,stage1,-0.15944722009650433,-0.15402265782756802,-16,0
2.784,stage1,-0.15944722009650433,-0.15402265782756802,-16,0
2.785,stage1,-0.15944722009650433,-0.15402265782756802,-16,0
2.786,stage1,-0.15944722009650433,-0.15402265782756802,-16,0
2.787,stage1,-0.15944722009650433,-0.15402265782756802,-16,0
2.788,stage1,-0.15944722009650433,-0.15402265782756802,-16,0
2.789,stage1,-0.15944722009650433,-0.15402265782756802,-16,0
2.79,stage1,-0.16094908233004926,-0.14635640628746213,-16,0
2.791,stage1,-0.16094908233004926,-0.14635640628746213,-16,0
2.792,stage1,-0.16094908233004926,-0.14635640628746213,-16,0
2.793,stage1,-0.16094908233004926,-0.14635640628746213,-16,0
2.794,stage1,-0.16094908233004926,-0.14635640628746213,-16,0
2.795,stage1,-0.16094908233004926,-0.14635640628746213,-16,0
2.796,stage1,-0.16094908233004926,-0.14635640628746213,-16,0
2.797,stage1,-0.16094908233004926,-0.14635640628746213,-16,0
2.798,stage1,-0.16094908233004926,-0.14635640628746213,-16,0
2.799,stage1,-0.16094908233004926,-0.14635640628746213,-16,0
2.8,stage1,-0.16237448702222512,-0.1387316234789239,-16,0
2.801,stage1,-0.16237448702222512,-0.1387316234789239,-16,0
2.802,stage1,-0.16237448702222512,-0.1387316234789239,-16,0
2.803,stage1,-0.16237448702222512,-0.1387316234789239,-16,0
2.804,stage1,-0.16237448702222512,-0.1387316234789239,-16,0
2.805,stage1,-0.16237448702222512,-0.1387316234789239,-16,0
2.806,stage1,-0.16237448702222512,-0.1387316234789239,-16,0
2.807,stage1,-0.16237448702222512,-0.1387316234789239,-16,0
2.808,stage1,-0.16237448702222512,-0.1387316234789239,-16,0
2.809,stage1,-0.16237448702222512,-0.1387316234789239,-16,0
2.81,stage1,-0.16372386299542593,-0.13115112844129437,-16,0
2.811,stage1,-0.16372386299542593,-0.13115112844129437,-16,0
2.812,stage1,-0.16372386299542593,-0.13115112844129437,-16,0
2.813,stage1,-0.16372386299542593,-0.13115112844129437,-16,0
2.814,stage1,-0.16372386299542593,-0.13115112844129437,-16,0
2.815,stage1,-0.16372386299542593,-0.13115112844129437,-16,0
2.816,stage1,-0.16372386299542593,-0.13115112844129437,-16,0
2.817,stage1,-0.16372386299542593,-0.13115112844129437,-16,0
2.818,stage1,-0.16372386299542593,-0.13115112844129437,-16,0
2.819,stage1,-0.16372386299542593,-0.13115112844129437,-16,0
2.82,stage1,-0.1649976670207512,-0.12361769173087452,-16,0
2.821,stage1,-0.1649976670207512,-0.12361769173087452,-16,0
2.822,stage1,-0.1649976670207512,-0.12361769173087452,-16,0
2.823,stage1,-0.1649976670207512,-0.12361769173087452,-16,0
2.824,stage1,-0.1649976670207512,-0.12361769173087452,-16,0
2.825,stage1,-0.1649976670207512,-0.12361769173087452,-16,0
2.826,stage1,-0.1649976670207512,-0.12361769173087452,-16,0
2.827,stage1,-0.1649976670207512,-0.12361769173087452,-16,0
2.828,stage1,-0.1649976670207512,-0.12361769173087452,-16,0
2.829,stage1,-0.1649976670207512,-0.12361769173087452,-16,0
2.83,stage1,-0.16619638332887676,-0.11613403456656521,-17,0
2.831,stage1,-0.16619638332887676,-0.11613403456656521,-17,0
2.832,stage1,-0.16619638332887676,-0.11613403456656521,-17,0
2.833,stage1,-0.16619638332887676,-0.11613403456656521,-17,0
2.834,stage1,-0.16619638332887676,-0.11613403456656521,-17,0
2.835,stage1,-0.16619638332887676,-0.11613403456656521,-17,0
2.836,stage1,-0.16619638332887676,-0.11613403456656521,-17,0
2.837,stage1,-0.16619638332887676,-0.11613403456656521,-17,0
2.838,stage1,-0.16619638332887676,-0.11613403456656521,-17,0
2.839,stage1,-0.16619638332887676,-0.11613403456656521,-17,0
2.84,stage1,-0.16732052311254472,-0.10870282800808145,-17,0
2.841,stage1,-0.16732052311254472,-0.10870282800808145,-17,0
2.842,stage1,-0.16732052311254472,-0.10870282800808145,-17,0
2.843,stage1,-0.16732052311254472,-0.10870282800808145,-17,0
2.844,stage1,-0.16732052311254472,-0.10870282800808145,-17,0
2.845,stage1,-0.16732052311254472,-0.10870282800808145,-17,0
2.846,stage1,-0.16732052311254472,-0.10870282800808145,-17,0
2.847,stage1,-0.16732052311254472,-0.10870282800808145,-17,0
2.848,stage1,-0.16732052311254472,-0.10870282800808145,-17,0
2.849,stage1,-0.16732052311254472,-0.10870282800808145,-17,0
2.85,stage1,-0.1683706240209987,-0.1013266921668245,-17,0
2.851,stage1,-0.1683706240209987,-0.1013266921668245,-17,0
2.852,stage1,-0.1683706240209987,-0.1013266921668245,-17,0
2.853,stage1,-0.1683706240209987,-0.1013266921668245,-17,0
2.854,stage1,-0.1683706240209987,-0.1013266921668245,-17,0
2.855,stage1,-0.1683706240209987,-0.1013266921668245,-17,0
2.856,stage1,-0.1683706240209987,-0.1013266921668245,-17,0
2.857,stage1,-0.1683706240209987,-0.1013266921668245,-17,0
2.858,stage1,-0.1683706240209987,-0.1013266921668245,-17,0
2.859,stage1,-0.1683706240209987,-0.1013266921668245,-17,0
2.86,stage1,-0.16934724964669154,-0.09400819544947796,-17,0
2.861,stage1,-0.16934724964669154,-0.09400819544947796,-17,0
2.862,stage1,-0.16934724964669154,-0.09400819544947796,-17,0
2.863,stage1,-0.16934724964669154,-0.09400819544947796,-17,0
2.864,stage1,-0.16934724964669154,-0.09400819544947796,-17,0
2.865,stage1,-0.16934724964669154,-0.09400819544947796,-17,0
2.866,stage1,-0.16934724964669154,-0.09400819544947796,-17,0
2.867,stage1,-0.16934724964669154,-0.09400819544947796,-17,0
2.868,stage1,-0.16934724964669154,-0.09400819544947796,-17,0
2.869,stage1,-0.16934724964669154,-0.09400819544947796,-17,0
2.87,stage1,-0.17025098900459262,-0.08674985383437754,-17,0
2.871,stage1,-0.17025098900459262,-0.08674985383437754,-17,0
2.872,stage1,-0.17025098900459262,-0.08674985383437754,-17,0
2.873,stage1,-0.17025098900459262,-0.08674985383437754,-17,0
2.874,stage1,-0.17025098900459262,-0.08674985383437754,-17,0
2.875,stage1,-0.17025098900459262,-0.08674985383437754,-17,0
2.876,stage1,-0.17025098900459262,-0.08674985383437754,-17,0
2.877,stage1,-0.17025098900459262,-0.08674985383437754,-17,0
2.878,stage1,-0.17025098900459262,-0.08674985383437754,-17,0
2.879,stage1,-0.17025098900459262,-0.08674985383437754,-17,0
2.88,stage1,-0.171082456004423,-0.07955413018068719,-17,0
2.881,stage1,-0.171082456004423,-0.07955413018068719,-17,0
2.882,stage1,-0.171082456004423,-0.07955413018068719,-17,0
2.883,stage1,-0.171082456004423,-0.07955413018068719,-17,0
2.884,stage1,-0.171082456004423,-0.07955413018068719,-17,0
2.885,stage1,-0.171082456004423,-0.07955413018068719,-17,0
2.886,stage1,-0.171082456004423,-0.07955413018068719,-17,0
2.887,stage1,-0.171082456004423,-0.07955413018068719,-17,0
2.888,stage1,-0.171082456004423,-0.07955413018068719,-17,0
2.889,stage1,-0.171082456004423,-0.07955413018068719,-17,0
2.89,stage1,-0.17184228891614642,-0.07242343357039714,-17,0
2.891,stage1,-0.17184228891614642,-0.07242343357039714,-17,0
2.892,stage1,-0.17184228891614642,-0.07242343357039714,-17,0
2.893,stage1,-0.17184228891614642,-0.07242343357039714,-17,0
2.894,stage1,-0.17184228891614642,-0.07242343357039714,-17,0
2.895,stage1,-0.17184228891614642,-0.07242343357039714,-17,0
2.896,stage1,-0.17184228891614642,-0.07242343357039714,-17,0
2.897,stage1,-0.17184228891614642,-0.07242343357039714,-17,0
2.898,stage1,-0.17184228891614642,-0.07242343357039714,-17,0
2.899,stage1,-0.17184228891614642,-0.07242343357039714,-17,0
2.9,stage1,-0.17253114982904427,-0.06536011868314241,-17,0
2.901,stage1,-0.17253114982904427,-0.06536011868314241,-17,0
2.902,stage1,-0.17253114982904427,-0.06536011868314241,-17,0
2.903,stage1,-0.17253114982904427,-0.06536011868314241,-17,0
2.904,stage1,-0.17253114982904427,-0.06536011868314241,-17,0
2.905,stage1,-0.17253114982904427,-0.06536011868314241,-17,0
2.906,stage1,-0.17253114982904427,-0.06536011868314241,-17,0
2.907,stage1,-0.17253114982904427,-0.06536011868314241,-17,0
2.908,stage1,-0.17253114982904427,-0.06536011868314241,-17,0
2.909,stage1,-0.17253114982904427,-0.06536011868314241,-17,0
2.91,stage1,-0.173149724104703,-0.05836648520382809,-17,0
2.911,stage1,-0.173149724104703,-0.05836648520382809,-17,0
2.912,stage1,-0.173149724104703,-0.05836648520382809,-17,0
2.913,stage1,-0.173149724104703,-0.05836648520382809,-17,0
2.914,stage1,-0.173149724104703,-0.05836648520382809,-17,0
2.915,stage1,-0.173149724104703,-0.05836648520382809,-17,0
2.916,stage1,-0.173149724104703,-0.05836648520382809,-17,0
2.917,stage1,-0.173149724104703,-0.05836648520382809,-17,0
2.918,stage1,-0.173149724104703,-0.05836648520382809,-17,0
2.919,stage1,-0.173149724104703,-0.05836648520382809,-17,0
2.92,stage1,-0.17369871982424148,-0.051444777263026355,-17,0
2.921,stage1,-0.17369871982424148,-0.051444777263026355,-17,0
2.922,stage1,-0.17369871982424148,-0.051444777263026355,-17,0
2.923,stage1,-0.17369871982424148,-0.051444777263026355,-17,0
2.924,stage1,-0.17369871982424148,-0.051444777263026355,-17,0
2.925,stage1,-0.17369871982424148,-0.051444777263026355,-17,0
2.926,stage1,-0.17369871982424148,-0.051444777263026355,-17,0
2.927,stage1,-0.17369871982424148,-0.051444777263026355,-17,0
2.928,stage1,-0.17369871982424148,-0.051444777263026355,-17,0
2.929,stage1,-0.17369871982424148,-0.051444777263026355,-17,0
2.93,stage1,-0.1741788672301061,-0.04459718291009679,-17,0
2.931,stage1,-0.1741788672301061,-0.04459718291009679,-17,0
2.932,stage1,-0.1741788672301061,-0.04459718291009679,-17,0
2.933,stage1,-0.1741788672301061,-0.04459718291009679,-17,0
2.934,stage1,-0.1741788672301061,-0.04459718291009679,-17,0
2.935,stage1,-0.1741788672301061,-0.04459718291009679,-17,0
2.936,stage1,-0.1741788672301061,-0.04459718291009679,-17,0
2.937,stage1,-0.1741788672301061,-0.04459718291009679,-17,0
2.938,stage1,-0.1741788672301061,-0.04459718291009679,-17,0
2.939,stage1,-0.1741788672301061,-0.04459718291009679,-17,0
2.94,stage1,-0.17459091816276032,-0.03782583361896553,-17,0
2.941,stage1,-0.17459091816276032,-0.03782583361896553,-17,0
2.942,stage1,-0.17459091816276032,-0.03782583361896553,-17,0
2.943,stage1,-0.17459091816276032,-0.03782583361896553,-17,0
2.944,stage1,-0.17459091816276032,-0.03782583361896553,-17,0
2.945,stage1,-0.17459091816276032,-0.03782583361896553,-17,0
2.946,stage1,-0.17459091816276032,-0.03782583361896553,-17,0
2.947,stage1,-0.17459091816276032,-0.03782583361896553,-17,0
2.948,stage1,-0.17459091816276032,-0.03782583361896553,-17,0
2.949,stage1,-0.17459091816276032,-0.03782583361896553,-17,0
2.95,stage1,-0.17493564549259524,-0.031132803826483195,-17,0
2.951,stage1,-0.17493564549259524,-0.031132803826483195,-17,0
2.952,stage1,-0.17493564549259524,-0.031132803826483195,-17,0
2.953,stage1,-0.17493564549259524,-0.031132803826483195,-17,0
2.954,stage1,-0.17493564549259524,-0.031132803826483195,-17,0
2.955,stage1,-0.17493564549259524,-0.031132803826483195,-17,0
2.956,stage1,-0.17493564549259524,-0.031132803826483195,-17,0
2.957,stage1,-0.17493564549259524,-0.031132803826483195,-17,0
2.958,stage1,-0.17493564549259524,-0.031132803826483195,-17,0
2.959,stage1,-0.17493564549259524,-0.031132803826483195,-17,0
2.96,stage1,-0.17521384254738592,-0.024520110503266128,-18,0
2.961,stage1,-0.17521384254738592,-0.024520110503266128,-18,0
2.962,stage1,-0.17521384254738592,-0.024520110503266128,-18,0
2.963,stage1,-0.17521384254738592,-0.024520110503266128,-18,0
2.964,stage1,-0.17521384254738592,-0.024520110503266128,-18,0
2.965,stage1,-0.17521384254738592,-0.024520110503266128,-18,0
2.966,stage1,-0.17521384254738592,-0.024520110503266128,-18,0
2.967,stage1,-0.17521384254738592,-0.024520110503266128,-18,0
2.968,stage1,-0.17521384254738592,-0.024520110503266128,-18,0
2.969,stage1,-0.17521384254738592,-0.024520110503266128,-18,0
2.97,stage1,-0.1754263225356182,-0.01798971275691028,-18,0
2.971,stage1,-0.1754263225356182,-0.01798971275691028,-18,0
2.972,stage1,-0.1754263225356182,-0.01798971275691028,-18,0
2.973,stage1,-0.1754263225356182,-0.01798971275691028,-18,0
2.974,stage1,-0.1754263225356182,-0.01798971275691028,-18,0
2.975,stage1,-0.1754263225356182,-0.01798971275691028,-18,0
2.976,stage1,-0.1754263225356182,-0.01798971275691028,-18,0
2.977,stage1,-0.1754263225356182,-0.01798971275691028,-18,0
2.978,stage1,-0.1754263225356182,-0.01798971275691028,-18,0
2.979,stage1,-0.1754263225356182,-0.01798971275691028,-18,0
2.98,stage1,-0.17557391796600916,-0.011543511467452161,-18,0
2.981,stage1,-0.17557391796600916,-0.011543511467452161,-18,0
2.982,stage1,-0.17557391796600916,-0.011543511467452161,-18,0
2.983,stage1,-0.17557391796600916,-0.011543511467452161,-18,0
2.984,stage1,-0.17557391796600916,-0.011543511467452161,-18,0
2.985,stage1,-0.17557391796600916,-0.011543511467452161,-18,0
2.986,stage1,-0.17557391796600916,-0.011543511467452161,-18,0
2.987,stage1,-0.17557391796600916,-0.011543511467452161,-18,0
2.988,stage1,-0.17557391796600916,-0.011543511467452161,-18,0
2.989,stage1,-0.17557391796600916,-0.011543511467452161,-18,0
2.99,stage1,-0.1756574800635425,-0.005183348954936518,-18,0
2.991,stage1,-0.1756574800635425,-0.005183348954936518,-18,0
2.992,stage1,-0.1756574800635425,-0.005183348954936518,-18,0
2.993,stage1,-0.1756574800635425,-0.005183348954936518,-18,0
2.994,stage1,-0.1756574800635425,-0.005183348954936518,-18,0
2.995,stage1,-0.1756574800635425,-0.005183348954936518,-18,0
2.996,stage1,-0.1756574800635425,-0.005183348954936518,-18,0
2.997,stage1,-0.1756574800635425,-0.005183348954936518,-18,0
2.998,stage1,-0.1756574800635425,-0.005183348954936518,-18,0
2.999,stage1,-0.1756574800635425,-0.005183348954936518,-18,0
3.0,stage1,-0.17567787818233993,0.00108899132106419,-18,0
3.001,stage1,-0.17567787818233993,0.00108899132106419,-18,0
3.002,stage1,-0.17567787818233993,0.00108899132106419,-18,0
3.003,stage1,-0.17567787818233993,0.00108899132106419,-18,0
3.004,stage1,-0.17567787818233993,0.00108899132106419,-18,0
3.005,stage1,-0.17567787818233993,0.00108899132106419,-18,0
3.006,stage1,-0.17567787818233993,0.00108899132106419,-18,0
3.007,stage1,-0.17567787818233993,0.00108899132106419,-18,0
3.008,stage1,-0.17567787818233993,0.00108899132106419,-18,0
3.009,stage1,-0.17567787818233993,0.00108899132106419,-18,0
3.01,stage1,-0.17563599921568637,0.00727178503014766,-18,0
3.011,stage1,-0.17563599921568637,0.00727178503014766,-18,0
3.012,stage1,-0.17563599921568637,0.00727178503014766,-18,0
3.013,stage1,-0.17563599921568637,0.00727178503014766,-18,0
3.014,stage1,-0.17563599921568637,0.00727178503014766,-18,0
3.015,stage1,-0.17563599921568637,0.00727178503014766,-18,0
3.016,stage1,-0.17563599921568637,0.00727178503014766,-18,0
3.017,stage1,-0.17563599921568637,0.00727178503014766,-18,0
3.018,stage1,-0.17563599921568637,0.00727178503014766,-18,0
3.019,stage1,-0.17563599921568637,0.00727178503014766,-18,0
3.02,stage1,-0.17553274700352667,0.013363367208180274,-18,0
3.021,stage1,-0.17553274700352667,0.013363367208180274,-18,0
3.022,stage1,-0.17553274700352667,0.013363367208180274,-18,0
3.023,stage1,-0.17553274700352667,0.013363367208180274,-18,0
3.024,stage1,-0.17553274700352667,0.013363367208180274,-18,0
3.025,stage1,-0.17553274700352667,0.013363367208180274,-18,0
3.026,stage1,-0.17553274700352667,0.013363367208180274,-18,0
3.027,stage1,-0.17553274700352667,0.013363367208180274,-18,0
3.028,stage1,-0.17553274700352667,0.013363367208180274,-18,0
3.029,stage1,-0.17553274700352667,0.013363367208180274,-18,0
3.03,stage1,-0.1753690417377483,0.019362132462993394,-18,0
3.031,stage1,-0.1753690417377483,0.019362132462993394,-18,0
3.032,stage1,-0.1753690417377483,0.019362132462993394,-18,0
3.033,stage1,-0.1753690417377483,0.019362132462993394,-18,0
3.034,stage1,-0.1753690417377483,0.019362132462993394,-18,0
3.035,stage1,-0.1753690417377483,0.019362132462993394,-18,0
3.036,stage1,-0.1753690417377483,0.019362132462993394,-18,0
3.037,stage1,-0.1753690417377483,0.019362132462993394,-18,0
3.038,stage1,-0.1753690417377483,0.019362132462993394,-18,0
3.039,stage1,-0.1753690417377483,0.019362132462993394,-18,0
3.04,stage1,-0.17514581936556342,0.025266535148888165,-18,0
3.041,stage1,-0.17514581936556342,0.025266535148888165,-18,0
3.042,stage1,-0.17514581936556342,0.025266535148888165,-18,0
3.043,stage1,-0.17514581936556342,0.025266535148888165,-18,0
3.044,stage1,-0.17514581936556342,0.025266535148888165,-18,0
3.045,stage1,-0.17514581936556342,0.025266535148888165,-18,0
3.046,stage1,-0.17514581936556342,0.025266535148888165,-18,0
3.047,stage1,-0.17514581936556342,0.025266535148888165,-18,0
3.048,stage1,-0.17514581936556342,0.025266535148888165,-18,0
3.049,stage1,-0.17514581936556342,0.025266535148888165,-18,0
3.05,stage1,-0.17486403099130066,0.03107508951017296,-17,0
3.051,stage1,-0.17486403099130066,0.03107508951017296,-17,0
3.052,stage1,-0.17486403099130066,0.03107508951017296,-17,0
3.053,stage1,-0.17486403099130066,0.03107508951017296,-17,0
3.054,stage1,-0.17486403099130066,0.03107508951017296,-17,0
3.055,stage1,-0.17486403099130066,0.03107508951017296,-17,0
3.056,stage1,-0.17486403099130066,0.03107508951017296,-17,0
3.057,stage1,-0.17486403099130066,0.03107508951017296,-17,0
3.058,stage1,-0.17486403099130066,0.03107508951017296,-17,0
3.059,stage1,-0.17486403099130066,0.03107508951017296,-17,0
3.06,stage1,-0.1745246422769156,0.03678636979397066,-17,0
3.061,stage1,-0.1745246422769156,0.03678636979397066,-17,0
3.062,stage1,-0.1745246422769156,0.03678636979397066,-17,0
3.063,stage1,-0.1745246422769156,0.03678636979397066,-17,0
3.064,stage1,-0.1745246422769156,0.03678636979397066,-17,0
3.065,stage1,-0.1745246422769156,0.03678636979397066,-17,0
3.066,stage1,-0.1745246422769156,0.03678636979397066,-17,0
3.067,stage1,-0.1745246422769156,0.03678636979397066,-17,0
3.068,stage1,-0.1745246422769156,0.03678636979397066,-17,0
3.069,stage1,-0.1745246422769156,0.03678636979397066,-17,0
3.07,stage1,-0.1741286328415258,0.04239901033254594,-17,0
3.071,stage1,-0.1741286328415258,0.04239901033254594,-17,0
3.072,stage1,-0.1741286328415258,0.04239901033254594,-17,0
3.073,stage1,-0.1741286328415258,0.04239901033254594,-17,0
3.074,stage1,-0.1741286328415258,0.04239901033254594,-17,0
3.075,stage1,-0.1741286328415258,0.04239901033254594,-17,0
3.076,stage1,-0.1741286328415258,0.04239901033254594,-17,0
3.077,stage1,-0.1741286328415258,0.04239901033254594,-17,0
3.078,stage1,-0.1741286328415258,0.04239901033254594,-17,0
3.079,stage1,-0.1741286328415258,0.04239901033254594,-17,0
3.08,stage1,-0.17367699566027356,0.047911705595415285,-17,0
3.081,stage1,-0.17367699566027356,0.047911705595415285,-17,0
3.082,stage1,-0.17367699566027356,0.047911705595415285,-17,0
3.083,stage1,-0.17367699566027356,0.047911705595415285,-17,0
3.084,stage1,-0.17367699566027356,0.047911705595415285,-17,0
3.085,stage1,-0.17367699566027356,0.047911705595415285,-17,0
3.086,stage1,-0.17367699566027356,0.047911705595415285,-17,0
3.087,stage1,-0.17367699566027356,0.047911705595415285,-17,0
3.088,stage1,-0.17367699566027356,0.047911705595415285,-17,0
3.089,stage1,-0.17367699566027356,0.047911705595415285,-17,0
3.09,stage1,-0.173170736462818,0.053323210211514815,-17,0
3.091,stage1,-0.173170736462818,0.053323210211514815,-17,0
3.092,stage1,-0.173170736462818,0.053323210211514815,-17,0
3.093,stage1,-0.173170736462818,0.053323210211514815,-17,0
3.094,stage1,-0.173170736462818,0.053323210211514815,-17,0
3.095,stage1,-0.173170736462818,0.053323210211514815,-17,0
3.096,stage1,-0.173170736462818,0.053323210211514815,-17,0
3.097,stage1,-0.173170736462818,0.053323210211514815,-17,0
3.098,stage1,-0.173170736462818,0.053323210211514815,-17,0
3.099,stage1,-0.173170736462818,0.053323210211514815,-17,0
3.1,stage1,-0.17261087313175358,0.05863233896171318,-17,0
3.101,stage1,-0.17261087313175358,0.05863233896171318,-17,0
3.102,stage1,-0.17261087313175358,0.05863233896171318,-17,0
3.103,stage1,-0.17261087313175358,0.05863233896171318,-17,0
3.104,stage1,-0.17261087313175358,0.05863233896171318,-17,0
3.105,stage1,-0.17261087313175358,0.05863233896171318,-17,0
3.106,stage1,-0.17261087313175358,0.05863233896171318,-17,0
3.107,stage1,-0.17261087313175358,0.05863233896171318,-17,0
3.108,stage1,-0.17261087313175358,0.05863233896171318,-17,0
3.109,stage1,-0.17261087313175358,0.05863233896171318,-17,0
3.11,stage1,-0.17199843510125068,0.06383796674196857,-17,0
3.111,stage1,-0.17199843510125068,0.06383796674196857,-17,0
3.112,stage1,-0.17199843510125068,0.06383796674196857,-17,0
3.113,stage1,-0.17199843510125068,0.06383796674196857,-17,0
3.114,stage1,-0.17199843510125068,0.06383796674196857,-17,0
3.115,stage1,-0.17199843510125068,0.06383796674196857,-17,0
3.116,stage1,-0.17199843510125068,0.06383796674196857,-17,0
3.117,stage1,-0.17199843510125068,0.06383796674196857,-17,0
3.118,stage1,-0.17199843510125068,0.06383796674196857,-17,0
3.119,stage1,-0.17199843510125068,0.06383796674196857,-17,0
3.12,stage1,-0.17133446275621014,0.06893902849744041,-17,0
3.121,stage1,-0.17133446275621014,0.06893902849744041,-17,0
3.122,stage1,-0.17133446275621014,0.06893902849744041,-17,0
3.123,stage1,-0.17133446275621014,0.06893902849744041,-17,0
3.124,stage1,-0.17133446275621014,0.06893902849744041,-17,0
3.125,stage1,-0.17133446275621014,0.06893902849744041,-17,0
3.126,stage1,-0.17133446275621014,0.06893902849744041,-17,0
3.127,stage1,-0.17133446275621014,0.06893902849744041,-17,0
3.128,stage1,-0.17133446275621014,0.06893902849744041,-17,0
3.129,stage1,-0.17133446275621014,0.06893902849744041,-17,0
3.13,stage1,-0.17062000683222048,0.07393451912787788,-17,0
3.131,stage1,-0.17062000683222048,0.07393451912787788,-17,0
3.132,stage1,-0.17062000683222048,0.07393451912787788,-17,0
3.133,stage1,-0.17062000683222048,0.07393451912787788,-17,0
3.134,stage1,-0.17062000683222048,0.07393451912787788,-17,0
3.135,stage1,-0.17062000683222048,0.07393451912787788,-17,0
3.136,stage1,-0.17062000683222048,0.07393451912787788,-17,0
3.137,stage1,-0.17062000683222048,0.07393451912787788,-17,0
3.138,stage1,-0.17062000683222048,0.07393451912787788,-17,0
3.139,stage1,-0.17062000683222048,0.07393451912787788,-17,0
3.14,stage1,-0.16985612781660347,0.07882349336461789,-17,0
3.141,stage1,-0.16985612781660347,0.07882349336461789,-17,0
3.142,stage1,-0.16985612781660347,0.07882349336461789,-17,0
3.143,stage1,-0.16985612781660347,0.07882349336461789,-17,0
3.144,stage1,-0.16985612781660347,0.07882349336461789,-17,0
3.145,stage1,-0.16985612781660347,0.07882349336461789,-17,0
3.146,stage1,-0.16985612781660347,0.07882349336461789,-17,0
3.147,stage1,-0.16985612781660347,0.07882349336461789,-17,0
3.148,stage1,-0.16985612781660347,0.07882349336461789,-17,0
3.149,stage1,-0.16985612781660347,0.07882349336461789,-17,0
3.15,stage1,-0.1690438953508304,0.08360506561953661,-17,0
3.151,stage1,-0.1690438953508304,0.08360506561953661,-17,0
3.152,stage1,-0.1690438953508304,0.08360506561953661,-17,0
3.153,stage1,-0.1690438953508304,0.08360506561953661,-17,0
3.154,stage1,-0.1690438953508304,0.08360506561953661,-17,0
3.155,stage1,-0.1690438953508304,0.08360506561953661,-17,0
3.156,stage1,-0.1690438953508304,0.08360506561953661,-17,0
3.157,stage1,-0.1690438953508304,0.08360506561953661,-17,0
3.158,stage1,-0.1690438953508304,0.08360506561953661,-17,0
3.159,stage1,-0.1690438953508304,0.08360506561953661,-17,0
3.16,stage1,-0.1681843876345873,0.08827840980630848,-17,0
3.161,stage1,-0.1681843876345873,0.08827840980630848,-17,0
3.162,stage1,-0.1681843876345873,0.08827840980630848,-17,0
3.163,stage1,-0.1681843876345873,0.08827840980630848,-17,0
3.164,stage1,-0.1681843876345873,0.08827840980630848,-17,0
3.165,stage1,-0.1681843876345873,0.08827840980630848,-17,0
3.166,stage1,-0.1681843876345873,0.08827840980630848,-17,0
3.167,stage1,-0.1681843876345873,0.08827840980630848,-17,0
3.168,stage1,-0.1681843876345873,0.08827840980630848,-17,0
3.169,stage1,-0.1681843876345873,0.08827840980630848,-17,0
3.17,stage1,-0.16727869083176483,0.09284275913433727,-17,0
3.171,stage1,-0.16727869083176483,0.09284275913433727,-17,0
3.172,stage1,-0.16727869083176483,0.09284275913433727,-17,0
3.173,stage1,-0.16727869083176483,0.09284275913433727,-17,0
3.174,stage1,-0.16727869083176483,0.09284275913433727,-17,0
3.175,stage1,-0.16727869083176483,0.09284275913433727,-17,0
3.176,stage1,-0.16727869083176483,0.09284275913433727,-17,0
3.177,stage1,-0.16727869083176483,0.09284275913433727,-17,0
3.178,stage1,-0.16727869083176483,0.09284275913433727,-17,0
3.179,stage1,-0.16727869083176483,0.09284275913433727,-17,0
3.18,stage1,-0.1663278984786438,0.09729740587573339,-17,0
3.181,stage1,-0.1663278984786438,0.09729740587573339,-17,0
3.182,stage1,-0.1663278984786438,0.09729740587573339,-17,0
3.183,stage1,-0.1663278984786438,0.09729740587573339,-17,0
3.184,stage1,-0.1663278984786438,0.09729740587573339,-17,0
3.185,stage1,-0.1663278984786438,0.09729740587573339,-17,0
3.186,stage1,-0.1663278984786438,0.09729740587573339,-17,0
3.187,stage1,-0.1663278984786438,0.09729740587573339,-17,0
3.188,stage1,-0.1663278984786438,0.09729740587573339,-17,0
3.189,stage1,-0.1663278984786438,0.09729740587573339,-17,0
3.19,stage1,-0.16533311089454392,0.10164170110572145,-17,0
3.191,stage1,-0.16533311089454392,0.10164170110572145,-17,0
3.192,stage1,-0.16533311089454392,0.10164170110572145,-17,0
3.193,stage1,-0.16533311089454392,0.10164170110572145,-17,0
3.194,stage1,-0.16533311089454392,0.10164170110572145,-17,0
3.195,stage1,-0.16533311089454392,0.10164170110572145,-17,0
3.196,stage1,-0.16533311089454392,0.10164170110572145,-17,0
3.197,stage1,-0.16533311089454392,0.10164170110572145,-17,0
3.198,stage1,-0.16533311089454392,0.10164170110572145,-17,0
3.199,stage1,-0.16533311089454392,0.10164170110572145,-17,0
3.2,stage1,-0.16429543459520007,0.10587505441687133,-16,0
3.201,stage1,-0.16429543459520007,0.10587505441687133,-16,0
3.202,stage1,-0.16429543459520007,0.10587505441687133,-16,0
3.203,stage1,-0.16429543459520007,0.10587505441687133,-16,0
3.204,stage1,-0.16429543459520007,0.10587505441687133,-16,0
3.205,stage1,-0.16429543459520007,0.10587505441687133,-16,0
3.206,stage1,-0.16429543459520007,0.10587505441687133,-16,0
3.207,stage1,-0.16429543459520007,0.10587505441687133,-16,0
3.208,stage1,-0.16429543459520007,0.10587505441687133,-16,0
3.209,stage1,-0.16429543459520007,0.10587505441687133,-16,0
3.21,stage1,-0.16321598170912516,0.10999693360755518,-16,0
3.211,stage1,-0.16321598170912516,0.10999693360755518,-16,0
3.212,stage1,-0.16321598170912516,0.10999693360755518,-16,0
3.213,stage1,-0.16321598170912516,0.10999693360755518,-16,0
3.214,stage1,-0.16321598170912516,0.10999693360755518,-16,0
3.215,stage1,-0.16321598170912516,0.10999693360755518,-16,0
3.216,stage1,-0.16321598170912516,0.10999693360755518,-16,0
3.217,stage1,-0.16321598170912516,0.10999693360755518,-16,0
3.218,stage1,-0.16321598170912516,0.10999693360755518,-16,0
3.219,stage1,-0.16321598170912516,0.10999693360755518,-16,0
3.22,stage1,-0.1620958693972156,0.11400686434504123,-16,0
3.221,stage1,-0.1620958693972156,0.11400686434504123,-16,0
3.222,stage1,-0.1620958693972156,0.11400686434504123,-16,0
3.223,stage1,-0.1620958693972156,0.11400686434504123,-16,0
3.224,stage1,-0.1620958693972156,0.11400686434504123,-16,0
3.225,stage1,-0.1620958693972156,0.11400686434504123,-16,0
3.226,stage1,-0.1620958693972156,0.11400686434504123,-16,0
3.227,stage1,-0.1620958693972156,0.11400686434504123,-16,0
3.228,stage1,-0.1620958693972156,0.11400686434504123,-16,0
3.229,stage1,-0.1620958693972156,0.11400686434504123,-16,0
3.23,stage1,-0.16093621927585108,0.11790442980364424,-16,0
3.231,stage1,-0.16093621927585108,0.11790442980364424,-16,0
3.232,stage1,-0.16093621927585108,0.11790442980364424,-16,0
3.233,stage1,-0.16093621927585108,0.11790442980364424,-16,0
3.234,stage1,-0.16093621927585108,0.11790442980364424,-16,0
3.235,stage1,-0.16093621927585108,0.11790442980364424,-16,0
3.236,stage1,-0.16093621927585108,0.11790442980364424,-16,0
3.237,stage1,-0.16093621927585108,0.11790442980364424,-16,0
3.238,stage1,-0.16093621927585108,0.11790442980364424,-16,0
3.239,stage1,-0.16093621927585108,0.11790442980364424,-16,0
3.24,stage1,-0.15973815684373568,0.12168927027836006,-16,0
3.241,stage1,-0.15973815684373568,0.12168927027836006,-16,0
3.242,stage1,-0.15973815684373568,0.12168927027836006,-16,0
3.243,stage1,-0.15973815684373568,0.12168927027836006,-16,0
3.244,stage1,-0.15973815684373568,0.12168927027836006,-16,0
3.245,stage1,-0.15973815684373568,0.12168927027836006,-16,0
3.246,stage1,-0.15973815684373568,0.12168927027836006,-16,0
3.247,stage1,-0.15973815684373568,0.12168927027836006,-16,0
3.248,stage1,-0.15973815684373568,0.12168927027836006,-16,0
3.249,stage1,-0.15973815684373568,0.12168927027836006,-16,0
3.25,stage1,-0.15850281091272334,0.12536108277442018,-16,0
3.251,stage1,-0.15850281091272334,0.12536108277442018,-16,0
3.252,stage1,-0.15850281091272334,0.12536108277442018,-16,0
3.253,stage1,-0.15850281091272334,0.12536108277442018,-16,0
3.254,stage1,-0.15850281091272334,0.12536108277442018,-16,0
3.255,stage1,-0.15850281091272334,0.12536108277442018,-16,0
3.256,stage1,-0.15850281091272334,0.12536108277442018,-16,0
3.257,stage1,-0.15850281091272334,0.12536108277442018,-16,0
3.258,stage1,-0.15850281091272334,0.12536108277442018,-16,0
3.259,stage1,-0.15850281091272334,0.12536108277442018,-16,0
3.26,stage1,-0.15723131304286636,0.12891962057320927,-16,0
3.261,stage1,-0.15723131304286636,0.12891962057320927,-16,0
3.262,stage1,-0.15723131304286636,0.12891962057320927,-16,0
3.263,stage1,-0.15723131304286636,0.12891962057320927,-16,0
3.264,stage1,-0.15723131304286636,0.12891962057320927,-16,0
3.265,stage1,-0.15723131304286636,0.12891962057320927,-16,0
3.266,stage1,-0.15723131304286636,0.12891962057320927,-16,0
3.267,stage1,-0.15723131304286636,0.12891962057320927,-16,0
3.268,stage1,-0.15723131304286636,0.12891962057320927,-16,0
3.269,stage1,-0.15723131304286636,0.12891962057320927,-16,0
3.27,stage1,-0.1559247969819212,0.13236469277499627,-16,0
3.271,stage1,-0.1559247969819212,0.13236469277499627,-16,0
3.272,stage1,-0.1559247969819212,0.13236469277499627,-16,0
3.273,stage1,-0.1559247969819212,0.13236469277499627,-16,0
3.274,stage1,-0.1559247969819212,0.13236469277499627,-16,0
3.275,stage1,-0.1559247969819212,0.13236469277499627,-16,0
3.276,stage1,-0.1559247969819212,0.13236469277499627,-16,0
3.277,stage1,-0.1559247969819212,0.13236469277499627,-16,0
3.278,stage1,-0.1559247969819212,0.13236469277499627,-16,0
3.279,stage1,-0.1559247969819212,0.13236469277499627,-16,0
3.28,stage1,-0.15458439810954072,0.1356961638189365,-15,0
3.281,stage1,-0.15458439810954072,0.1356961638189365,-15,0
3.282,stage1,-0.15458439810954072,0.1356961638189365,-15,0
3.283,stage1,-0.15458439810954072,0.1356961638189365,-15,0
3.284,stage1,-0.15458439810954072,0.1356961638189365,-15,0
3.285,stage1,-0.15458439810954072,0.1356961638189365,-15,0
3.286,stage1,-0.15458439810954072,0.1356961638189365,-15,0
3.287,stage1,-0.15458439810954072,0.1356961638189365,-15,0
3.288,stage1,-0.15458439810954072,0.1356961638189365,-15,0
3.289,stage1,-0.15458439810954072,0.1356961638189365,-15,0
3.29,stage1,-0.15321125288637844,0.13891395298080914,-15,0
3.291,stage1,-0.15321125288637844,0.13891395298080914,-15,0
3.292,stage1,-0.15321125288637844,0.13891395298080914,-15,0
3.293,stage1,-0.15321125288637844,0.13891395298080914,-15,0
3.294,stage1,-0.15321125288637844,0.13891395298080914,-15,0
3.295,stage1,-0.15321125288637844,0.13891395298080914,-15,0
3.296,stage1,-0.15321125288637844,0.13891395298080914,-15,0
3.297,stage1,-0.15321125288637844,0.13891395298080914,-15,0
3.298,stage1,-0.15321125288637844,0.13891395298080914,-15,0
3.299,stage1,-0.15321125288637844,0.13891395298080914,-15,0
3.3,stage1,-0.15180649830832438,0.14201803384896022,-15,0
3.301,stage1,-0.15180649830832438,0.14201803384896022,-15,0
3.302,stage1,-0.15180649830832438,0.14201803384896022,-15,0
3.303,stage1,-0.15180649830832438,0.14201803384896022,-15,0
3.304,stage1,-0.15180649830832438,0.14201803384896022,-15,0
3.305,stage1,-0.15180649830832438,0.14201803384896022,-15,0
3.306,stage1,-0.15180649830832438,0.14201803384896022,-15,0
3.307,stage1,-0.15180649830832438,0.14201803384896022,-15,0
3.308,stage1,-0.15180649830832438,0.14201803384896022,-15,0
3.309,stage1,-0.15180649830832438,0.14201803384896022,-15,0
3.31,stage1,-0.15037127136608888,0.1450084337789284,-15,0
3.311,stage1,-0.15037127136608888,0.1450084337789284,-15,0
3.312,stage1,-0.15037127136608888,0.1450084337789284,-15,0
3.313,stage1,-0.15037127136608888,0.1450084337789284,-15,0
3.314,stage1,-0.15037127136608888,0.1450084337789284,-15,0
3.315,stage1,-0.15037127136608888,0.1450084337789284,-15,0
3.316,stage1,-0.15037127136608888,0.1450084337789284,-15,0
3.317,stage1,-0.15037127136608888,0.1450084337789284,-15,0
3.318,stage1,-0.15037127136608888,0.1450084337789284,-15,0
3.319,stage1,-0.15037127136608888,0.1450084337789284,-15,0
3.32,stage1,-0.14890670851034446,0.14788523332723538,-15,0
3.321,stage1,-0.14890670851034446,0.14788523332723538,-15,0
3.322,stage1,-0.14890670851034446,0.14788523332723538,-15,0
3.323,stage1,-0.14890670851034446,0.14788523332723538,-15,0
3.324,stage1,-0.14890670851034446,0.14788523332723538,-15,0
3.325,stage1,-0.14890670851034446,0.14788523332723538,-15,0
3.326,stage1,-0.14890670851034446,0.14788523332723538,-15,0
3.327,stage1,-0.14890670851034446,0.14788523332723538,-15,0
3.328,stage1,-0.14890670851034446,0.14788523332723538,-15,0
3.329,stage1,-0.14890670851034446,0.14788523332723538,-15,0
3.33,stage1,-0.14741394512263195,0.1506485656648296,-15,0
3.331,stage1,-0.14741394512263195,0.1506485656648296,-15,0
3.332,stage1,-0.14741394512263195,0.1506485656648296,-15,0
3.333,stage1,-0.14741394512263195,0.1506485656648296,-15,0
3.334,stage1,-0.14741394512263195,0.1506485656648296,-15,0
3.335,stage1,-0.14741394512263195,0.1506485656648296,-15,0
3.336,stage1,-0.14741394512263195,0.1506485656648296,-15,0
3.337,stage1,-0.14741394512263195,0.1506485656648296,-15,0
3.338,stage1,-0.14741394512263195,0.1506485656648296,-15,0
3.339,stage1,-0.14741394512263195,0.1506485656648296,-15,0
3.34,stage1,-0.14589411499223207,0.1532986159706756,-15,0
3.341,stage1,-0.14589411499223207,0.1532986159706756,-15,0
3.342,stage1,-0.14589411499223207,0.1532986159706756,-15,0
3.343,stage1,-0.14589411499223207,0.1532986159706756,-15,0
3.344,stage1,-0.14589411499223207,0.1532986159706756,-15,0
3.345,stage1,-0.14589411499223207,0.1532986159706756,-15,0
3.346,stage1,-0.14589411499223207,0.1532986159706756,-15,0
3.347,stage1,-0.14589411499223207,0.1532986159706756,-15,0
3.348,stage1,-0.14589411499223207,0.1532986159706756,-15,0
3.349,stage1,-0.14589411499223207,0.1532986159706756,-15,0
3.35,stage1,-0.14434834979919797,0.15583562080598798,-14,0
3.351,stage1,-0.14434834979919797,0.15583562080598798,-14,0
3.352,stage1,-0.14434834979919797,0.15583562080598798,-14,0
3.353,stage1,-0.14434834979919797,0.15583562080598798,-14,0
3.354,stage1,-0.14434834979919797,0.15583562080598798,-14,0
3.355,stage1,-0.14434834979919797,0.15583562080598798,-14,0
3.356,stage1,-0.14434834979919797,0.15583562080598798,-14,0
3.357,stage1,-0.14434834979919797,0.15583562080598798,-14,0
3.358,stage1,-0.14434834979919797,0.15583562080598798,-14,0
3.359,stage1,-0.14434834979919797,0.15583562080598798,-14,0
3.36,stage1,-0.14277777860374047,0.15825986746961204,-14,0
3.361,stage1,-0.14277777860374047,0.15825986746961204,-14,0
3.362,stage1,-0.14277777860374047,0.15825986746961204,-14,0
3.363,stage1,-0.14277777860374047,0.15825986746961204,-14,0
3.364,stage1,-0.14277777860374047,0.15825986746961204,-14,0
3.365,stage1,-0.14277777860374047,0.15825986746961204,-14,0
3.366,stage1,-0.14277777860374047,0.15825986746961204,-14,0
3.367,stage1,-0.14277777860374047,0.15825986746961204,-14,0
3.368,stage1,-0.14277777860374047,0.15825986746961204,-14,0
3.369,stage1,-0.14277777860374047,0.15825986746961204,-14,0
3.37,stage1,-0.1411835273421514,0.16057169333505844,-14,0
3.371,stage1,-0.1411835273421514,0.16057169333505844,-14,0
3.372,stage1,-0.1411835273421514,0.16057169333505844,-14,0
3.373,stage1,-0.1411835273421514,0.16057169333505844,-14,0
3.374,stage1,-0.1411835273421514,0.16057169333505844,-14,0
3.375,stage1,-0.1411835273421514,0.16057169333505844,-14,0
3.376,stage1,-0.1411835273421514,0.16057169333505844,-14,0
3.377,stage1,-0.1411835273421514,0.16057169333505844,-14,0
3.378,stage1,-0.1411835273421514,0.16057169333505844,-14,0
3.379,stage1,-0.1411835273421514,0.16057169333505844,-14,0
3.38,stage1,-0.13956671832944625,0.16277148516970277,-14,0
3.381,stage1,-0.13956671832944625,0.16277148516970277,-14,0
3.382,stage1,-0.13956671832944625,0.16277148516970277,-14,0
3.383,stage1,-0.13956671832944625,0.16277148516970277,-14,0
3.384,stage1,-0.13956671832944625,0.16277148516970277,-14,0
3.385,stage1,-0.13956671832944625,0.16277148516970277,-14,0
3.386,stage1,-0.13956671832944625,0.16277148516970277,-14,0
3.387,stage1,-0.13956671832944625,0.16277148516970277,-14,0
3.388,stage1,-0.13956671832944625,0.16277148516970277,-14,0
3.389,stage1,-0.13956671832944625,0.16277148516970277,-14,0
3.39,stage1,-0.13792846976890197,0.1648596784366649,-14,0
3.391,stage1,-0.13792846976890197,0.1648596784366649,-14,0
3.392,stage1,-0.13792846976890197,0.1648596784366649,-14,0
3.393,stage1,-0.13792846976890197,0.1648596784366649,-14,0
3.394,stage1,-0.13792846976890197,0.1648596784366649,-14,0
3.395,stage1,-0.13792846976890197,0.1648596784366649,-14,0
3.396,stage1,-0.13792846976890197,0.1648596784366649,-14,0
3.397,stage1,-0.13792846976890197,0.1648596784366649,-14,0
3.398,stage1,-0.13792846976890197,0.1648596784366649,-14,0
3.399,stage1,-0.13792846976890197,0.1648596784366649,-14,0
3.4,stage1,-0.13626989526866026,0.16683675657988628,-14,0
3.401,stage1,-0.13626989526866026,0.16683675657988628,-14,0
3.402,stage1,-0.13626989526866026,0.16683675657988628,-14,0
3.403,stage1,-0.13626989526866026,0.16683675657988628,-14,0
3.404,stage1,-0.13626989526866026,0.16683675657988628,-14,0
3.405,stage1,-0.13626989526866026,0.16683675657988628,-14,0
3.406,stage1,-0.13626989526866026,0.16683675657988628,-14,0
3.407,stage1,-0.13626989526866026,0.16683675657988628,-14,0
3.408,stage1,-0.13626989526866026,0.16683675657988628,-14,0
3.409,stage1,-0.13626989526866026,0.16683675657988628,-14,0
3.41,stage1,-0.134592103365562,0.16870325029292643,-13,0
3.411,stage1,-0.134592103365562,0.16870325029292643,-13,0
3.412,stage1,-0.134592103365562,0.16870325029292643,-13,0
3.413,stage1,-0.134592103365562,0.16870325029292643,-13,0
3.414,stage1,-0.134592103365562,0.16870325029292643,-13,0
3.415,stage1,-0.134592103365562,0.16870325029292643,-13,0
3.416,stage1,-0.134592103365562,0.16870325029292643,-13,0
3.417,stage1,-0.134592103365562,0.16870325029292643,-13,0
3.418,stage1,-0.134592103365562,0.16870325029292643,-13,0
3.419,stage1,-0.134592103365562,0.16870325029292643,-13,0
3.42,stage1,-0.13289619705637293,0.1704597367720031,-13,0
3.421,stage1,-0.13289619705637293,0.1704597367720031,-13,0
3.422,stage1,-0.13289619705637293,0.1704597367720031,-13,0
3.423,stage1,-0.13289619705637293,0.1704597367720031,-13,0
3.424,stage1,-0.13289619705637293,0.1704597367720031,-13,0
3.425,stage1,-0.13289619705637293,0.1704597367720031,-13,0
3.426,stage1,-0.13289619705637293,0.1704597367720031,-13,0
3.427,stage1,-0.13289619705637293,0.1704597367720031,-13,0
3.428,stage1,-0.13289619705637293,0.1704597367720031,-13,0
3.429,stage1,-0.13289619705637293,0.1704597367720031,-13,0
3.43,stage1,-0.13118327333655558,0.1721068389538024,-13,0
3.431,stage1,-0.13118327333655558,0.1721068389538024,-13,0
3.432,stage1,-0.13118327333655558,0.1721068389538024,-13,0
3.433,stage1,-0.13118327333655558,0.1721068389538024,-13,0
3.434,stage1,-0.13118327333655558,0.1721068389538024,-13,0
3.435,stage1,-0.13118327333655558,0.1721068389538024,-13,0
3.436,stage1,-0.13118327333655558,0.1721068389538024,-13,0
3.437,stage1,-0.13118327333655558,0.1721068389538024,-13,0
3.438,stage1,-0.13118327333655558,0.1721068389538024,-13,0
3.439,stage1,-0.13118327333655558,0.1721068389538024,-13,0
3.44,stage1,-0.12945442274673688,0.1736452247385884,-13,0
3.441,stage1,-0.12945442274673688,0.1736452247385884,-13,0
3.442,stage1,-0.12945442274673688,0.1736452247385884,-13,0
3.443,stage1,-0.12945442274673688,0.1736452247385884,-13,0
3.444,stage1,-0.12945442274673688,0.1736452247385884,-13,0
3.445,stage1,-0.12945442274673688,0.1736452247385884,-13,0
3.446,stage1,-0.12945442274673688,0.1736452247385884,-13,0
3.447,stage1,-0.12945442274673688,0.1736452247385884,-13,0
3.448,stage1,-0.12945442274673688,0.1736452247385884,-13,0
3.449,stage1,-0.12945442274673688,0.1736452247385884,-13,0
3.45,stage1,-0.12771072892701613,0.17507560619914286,-13,0
3.451,stage1,-0.12771072892701613,0.17507560619914286,-13,0
3.452,stage1,-0.12771072892701613,0.17507560619914286,-13,0
3.453,stage1,-0.12771072892701613,0.17507560619914286,-13,0
3.454,stage1,-0.12771072892701613,0.17507560619914286,-13,0
3.455,stage1,-0.12771072892701613,0.17507560619914286,-13,0
3.456,stage1,-0.12771072892701613,0.17507560619914286,-13,0
3.457,stage1,-0.12771072892701613,0.17507560619914286,-13,0
3.458,stage1,-0.12771072892701613,0.17507560619914286,-13,0
3.459,stage1,-0.12771072892701613,0.17507560619914286,-13,0
3.46,stage1,-0.12595326817925212,0.17639873877606813,-13,0
3.461,stage1,-0.12595326817925212,0.17639873877606813,-13,0
3.462,stage1,-0.12595326817925212,0.17639873877606813,-13,0
3.463,stage1,-0.12595326817925212,0.17639873877606813,-13,0
3.464,stage1,-0.12595326817925212,0.17639873877606813,-13,0
3.465,stage1,-0.12595326817925212,0.17639873877606813,-13,0
3.466,stage1,-0.12595326817925212,0.17639873877606813,-13,0
3.467,stage1,-0.12595326817925212,0.17639873877606813,-13,0
3.468,stage1,-0.12595326817925212,0.17639873877606813,-13,0
3.469,stage1,-0.12595326817925212,0.17639873877606813,-13,0
3.47,stage1,-0.12418310903746317,0.177615420459987,-12,0
3.471,stage1,-0.12418310903746317,0.177615420459987,-12,0
3.472,stage1,-0.12418310903746317,0.177615420459987,-12,0
3.473,stage1,-0.12418310903746317,0.177615420459987,-12,0
3.474,stage1,-0.12418310903746317,0.177615420459987,-12,0
3.475,stage1,-0.12418310903746317,0.177615420459987,-12,0
3.476,stage1,-0.12418310903746317,0.177615420459987,-12,0
3.477,stage1,-0.12418310903746317,0.177615420459987,-12,0
3.478,stage1,-0.12418310903746317,0.177615420459987,-12,0
3.479,stage1,-0.12418310903746317,0.177615420459987,-12,0
3.48,stage1,-0.12240131184646852,0.17872649096117516,-12,0
3.481,stage1,-0.12240131184646852,0.17872649096117516,-12,0
3.482,stage1,-0.12240131184646852,0.17872649096117516,-12,0
3.483,stage1,-0.12240131184646852,0.17872649096117516,-12,0
3.484,stage1,-0.12240131184646852,0.17872649096117516,-12,0
3.485,stage1,-0.12240131184646852,0.17872649096117516,-12,0
3.486,stage1,-0.12240131184646852,0.17872649096117516,-12,0
3.487,stage1,-0.12240131184646852,0.17872649096117516,-12,0
3.488,stage1,-0.12240131184646852,0.17872649096117516,-12,0
3.489,stage1,-0.12240131184646852,0.17872649096117516,-12,0
3.49,stage1,-0.12060892834889393,0.17973283086716219,-12,0
3.491,stage1,-0.12060892834889393,0.17973283086716219,-12,0
3.492,stage1,-0.12060892834889393,0.17973283086716219,-12,0
3.493,stage1,-0.12060892834889393,0.17973283086716219,-12,0
3.494,stage1,-0.12060892834889393,0.17973283086716219,-12,0
3.495,stage1,-0.12060892834889393,0.17973283086716219,-12,0
3.496,stage1,-0.12060892834889393,0.17973283086716219,-12,0
3.497,stage1,-0.12060892834889393,0.17973283086716219,-12,0
3.498,stage1,-0.12060892834889393,0.17973283086716219,-12,0
3.499,stage1,-0.12060892834889393,0.17973283086716219,-12,0
3.5,stage1,-0.11880700128065923,0.18063536078883788,-12,0
3.501,stage1,-0.11880700128065923,0.18063536078883788,-12,0
3.502,stage1,-0.11880700128065923,0.18063536078883788,-12,0
3.503,stage1,-0.11880700128065923,0.18063536078883788,-12,0
3.504,stage1,-0.11880700128065923,0.18063536078883788,-12,0
3.505,stage1,-0.11880700128065923,0.18063536078883788,-12,0
3.506,stage1,-0.11880700128065923,0.18063536078883788,-12,0
3.507,stage1,-0.11880700128065923,0.18063536078883788,-12,0
3.508,stage1,-0.11880700128065923,0.18063536078883788,-12,0
3.509,stage1,-0.11880700128065923,0.18063536078883788,-12,0
3.51,stage1,-0.11699656397506003,0.18143504049560097,-12,0
3.511,stage1,-0.11699656397506003,0.18143504049560097,-12,0
3.512,stage1,-0.11699656397506003,0.18143504049560097,-12,0
3.513,stage1,-0.11699656397506003,0.18143504049560097,-12,0
3.514,stage1,-0.11699656397506003,0.18143504049560097,-12,0
3.515,stage1,-0.11699656397506003,0.18143504049560097,-12,0
3.516,stage1,-0.11699656397506003,0.18143504049560097,-12,0
3.517,stage1,-0.11699656397506003,0.18143504049560097,-12,0
3.518,stage1,-0.11699656397506003,0.18143504049560097,-12,0
3.519,stage1,-0.11699656397506003,0.18143504049560097,-12,0
3.52,stage1,-0.11517863997555049,0.18213286804008746,-12,0
3.521,stage1,-0.11517863997555049,0.18213286804008746,-12,0
3.522,stage1,-0.11517863997555049,0.18213286804008746,-12,0
3.523,stage1,-0.11517863997555049,0.18213286804008746,-12,0
3.524,stage1,-0.11517863997555049,0.18213286804008746,-12,0
3.525,stage1,-0.11517863997555049,0.18213286804008746,-12,0
3.526,stage1,-0.11517863997555049,0.18213286804008746,-12,0
3.527,stage1,-0.11517863997555049,0.18213286804008746,-12,0
3.528,stage1,-0.11517863997555049,0.18213286804008746,-12,0
3.529,stage1,-0.11517863997555049,0.18213286804008746,-12,0
3.53,stage1,-0.11335424265732864,0.1827298788730154,-11,0
3.531,stage1,-0.11335424265732864,0.1827298788730154,-11,0
3.532,stage1,-0.11335424265732864,0.1827298788730154,-11,0
3.533,stage1,-0.11335424265732864,0.1827298788730154,-11,0
3.534,stage1,-0.11335424265732864,0.1827298788730154,-11,0
3.535,stage1,-0.11335424265732864,0.1827298788730154,-11,0
3.536,stage1,-0.11335424265732864,0.1827298788730154,-11,0
3.537,stage1,-0.11335424265732864,0.1827298788730154,-11,0
3.538,stage1,-0.11335424265732864,0.1827298788730154,-11,0
3.539,stage1,-0.11335424265732864,0.1827298788730154,-11,0
3.54,stage1,-0.11152437485782055,0.18322714494868228,-11,0
3.541,stage1,-0.11152437485782055,0.18322714494868228,-11,0
3.542,stage1,-0.11152437485782055,0.18322714494868228,-11,0
3.543,stage1,-0.11152437485782055,0.18322714494868228,-11,0
3.544,stage1,-0.11152437485782055,0.18322714494868228,-11,0
3.545,stage1,-0.11152437485782055,0.18322714494868228,-11,0
3.546,stage1,-0.11152437485782055,0.18322714494868228,-11,0
3.547,stage1,-0.11152437485782055,0.18322714494868228,-11,0
3.548,stage1,-0.11152437485782055,0.18322714494868228,-11,0
3.549,stage1,-0.11152437485782055,0.18322714494868228,-11,0
3.55,stage1,-0.10969002851615384,0.18362577382165127,-11,0
3.551,stage1,-0.10969002851615384,0.18362577382165127,-11,0
3.552,stage1,-0.10969002851615384,0.18362577382165127,-11,0
3.553,stage1,-0.10969002851615384,0.18362577382165127,-11,0
3.554,stage1,-0.10969002851615384,0.18362577382165127,-11,0
3.555,stage1,-0.10969002851615384,0.18362577382165127,-11,0
3.556,stage1,-0.10969002851615384,0.18362577382165127,-11,0
3.557,stage1,-0.10969002851615384,0.18362577382165127,-11,0
3.558,stage1,-0.10969002851615384,0.18362577382165127,-11,0
3.559,stage1,-0.10969002851615384,0.18362577382165127,-11,0
3.56,stage1,-0.10785218432170635,0.1839269077351604,-11,0
3.561,stage1,-0.10785218432170635,0.1839269077351604,-11,0
3.562,stage1,-0.10785218432170635,0.1839269077351604,-11,0
3.563,stage1,-0.10785218432170635,0.1839269077351604,-11,0
3.564,stage1,-0.10785218432170635,0.1839269077351604,-11,0
3.565,stage1,-0.10785218432170635,0.1839269077351604,-11,0
3.566,stage1,-0.10785218432170635,0.1839269077351604,-11,0
3.567,stage1,-0.10785218432170635,0.1839269077351604,-11,0
3.568,stage1,-0.10785218432170635,0.1839269077351604,-11,0
3.569,stage1,-0.10785218432170635,0.1839269077351604,-11,0
3.57,stage1,-0.10601181137180972,0.1841317227017885,-11,0
3.571,stage1,-0.10601181137180972,0.1841317227017885,-11,0
3.572,stage1,-0.10601181137180972,0.1841317227017885,-11,0
3.573,stage1,-0.10601181137180972,0.1841317227017885,-11,0
3.574,stage1,-0.10601181137180972,0.1841317227017885,-11,0
3.575,stage1,-0.10601181137180972,0.1841317227017885,-11,0
3.576,stage1,-0.10601181137180972,0.1841317227017885,-11,0
3.577,stage1,-0.10601181137180972,0.1841317227017885,-11,0
3.578,stage1,-0.10601181137180972,0.1841317227017885,-11,0
3.579,stage1,-0.10601181137180972,0.1841317227017885,-11,0
3.58,stage1,-0.10416986683868296,0.18424142757690942,-10,0
3.581,stage1,-0.10416986683868296,0.18424142757690942,-10,0
3.582,stage1,-0.10416986683868296,0.18424142757690942,-10,0
3.583,stage1,-0.10416986683868296,0.18424142757690942,-10,0
3.584,stage1,-0.10416986683868296,0.18424142757690942,-10,0
3.585,stage1,-0.10416986683868296,0.18424142757690942,-10,0
3.586,stage1,-0.10416986683868296,0.18424142757690942,-10,0
3.587,stage1,-0.10416986683868296,0.18424142757690942,-10,0
3.588,stage1,-0.10416986683868296,0.18424142757690942,-10,0
3.589,stage1,-0.10416986683868296,0.18424142757690942,-10,0
3.59,stage1,-0.10232729564566515,0.18425726312546506,-10,0
3.591,stage1,-0.10232729564566515,0.18425726312546506,-10,0
3.592,stage1,-0.10232729564566515,0.18425726312546506,-10,0
3.593,stage1,-0.10232729564566515,0.18425726312546506,-10,0
3.594,stage1,-0.10232729564566515,0.18425726312546506,-10,0
3.595,stage1,-0.10232729564566515,0.18425726312546506,-10,0
3.596,stage1,-0.10232729564566515,0.18425726312546506,-10,0
3.597,stage1,-0.10232729564566515,0.18425726312546506,-10,0
3.598,stage1,-0.10232729564566515,0.18425726312546506,-10,0
3.599,stage1,-0.10232729564566515,0.18425726312546506,-10,0
3.6,stage1,-0.1004850301528118,0.1841805010825851,-10,0
3.601,stage1,-0.1004850301528118,0.1841805010825851,-10,0
3.602,stage1,-0.1004850301528118,0.1841805010825851,-10,0
3.603,stage1,-0.1004850301528118,0.1841805010825851,-10,0
3.604,stage1,-0.1004850301528118,0.1841805010825851,-10,0
3.605,stage1,-0.1004850301528118,0.1841805010825851,-10,0
3.606,stage1,-0.1004850301528118,0.1841805010825851,-10,0
3.607,stage1,-0.1004850301528118,0.1841805010825851,-10,0
3.608,stage1,-0.1004850301528118,0.1841805010825851,-10,0
3.609,stage1,-0.1004850301528118,0.1841805010825851,-10,0
3.61,stage1,-0.0986439898519134,0.18401244320857937,-10,0
3.611,stage1,-0.0986439898519134,0.18401244320857937,-10,0
3.612,stage1,-0.0986439898519134,0.18401244320857937,-10,0
3.613,stage1,-0.0986439898519134,0.18401244320857937,-10,0
3.614,stage1,-0.0986439898519134,0.18401244320857937,-10,0
3.615,stage1,-0.0986439898519134,0.18401244320857937,-10,0
3.616,stage1,-0.0986439898519134,0.18401244320857937,-10,0
3.617,stage1,-0.0986439898519134,0.18401244320857937,-10,0
3.618,stage1,-0.0986439898519134,0.18401244320857937,-10,0
3.619,stage1,-0.0986439898519134,0.18401244320857937,-10,0
3.62,stage1,-0.09680508107099021,0.18375442033882616,-10,0
3.621,stage1,-0.09680508107099021,0.18375442033882616,-10,0
3.622,stage1,-0.09680508107099021,0.18375442033882616,-10,0
3.623,stage1,-0.09680508107099021,0.18375442033882616,-10,0
3.624,stage1,-0.09680508107099021,0.18375442033882616,-10,0
3.625,stage1,-0.09680508107099021,0.18375442033882616,-10,0
3.626,stage1,-0.09680508107099021,0.18375442033882616,-10,0
3.627,stage1,-0.09680508107099021,0.18375442033882616,-10,0
3.628,stage1,-0.09680508107099021,0.18375442033882616,-10,0
3.629,stage1,-0.09680508107099021,0.18375442033882616,-10,0
3.63,stage1,-0.09496919668831132,0.18340779142907743,-9,0
3.631,stage1,-0.09496919668831132,0.18340779142907743,-9,0
3.632,stage1,-0.09496919668831132,0.18340779142907743,-9,0
3.633,stage1,-0.09496919668831132,0.18340779142907743,-9,0
3.634,stage1,-0.09496919668831132,0.18340779142907743,-9,0
3.635,stage1,-0.09496919668831132,0.18340779142907743,-9,0
3.636,stage1,-0.09496919668831132,0.18340779142907743,-9,0
3.637,stage1,-0.09496919668831132,0.18340779142907743,-9,0
3.638,stage1,-0.09496919668831132,0.18340779142907743,-9,0
3.639,stage1,-0.09496919668831132,0.18340779142907743,-9,0
3.64,stage1,-0.09313721585598148,0.1829739425966983,-9,0
3.641,stage1,-0.09313721585598148,0.1829739425966983,-9,0
3.642,stage1,-0.09313721585598148,0.1829739425966983,-9,0
3.643,stage1,-0.09313721585598148,0.1829739425966983,-9,0
3.644,stage1,-0.09313721585598148,0.1829739425966983,-9,0
3.645,stage1,-0.09313721585598148,0.1829739425966983,-9,0
3.646,stage1,-0.09313721585598148,0.1829739425966983,-9,0
3.647,stage1,-0.09313721585598148,0.1829739425966983,-9,0
3.648,stage1,-0.09313721585598148,0.1829739425966983,-9,0
3.649,stage1,-0.09313721585598148,0.1829739425966983,-9,0
3.65,stage1,-0.09131000373313382,0.18245428615835552,-9,0
3.651,stage1,-0.09131000373313382,0.18245428615835552,-9,0
3.652,stage1,-0.09131000373313382,0.18245428615835552,-9,0
3.653,stage1,-0.09131000373313382,0.18245428615835552,-9,0
3.654,stage1,-0.09131000373313382,0.18245428615835552,-9,0
3.655,stage1,-0.09131000373313382,0.18245428615835552,-9,0
3.656,stage1,-0.09131000373313382,0.18245428615835552,-9,0
3.657,stage1,-0.09131000373313382,0.18245428615835552,-9,0
3.658,stage1,-0.09131000373313382,0.18245428615835552,-9,0
3.659,stage1,-0.09131000373313382,0.18245428615835552,-9,0
3.66,stage1,-0.08948841122876115,0.18185025966466614,-9,0
3.661,stage1,-0.08948841122876115,0.18185025966466614,-9,0
3.662,stage1,-0.08948841122876115,0.18185025966466614,-9,0
3.663,stage1,-0.08948841122876115,0.18185025966466614,-9,0
3.664,stage1,-0.08948841122876115,0.18185025966466614,-9,0
3.665,stage1,-0.08948841122876115,0.18185025966466614,-9,0
3.666,stage1,-0.08948841122876115,0.18185025966466614,-9,0
3.667,stage1,-0.08948841122876115,0.18185025966466614,-9,0
3.668,stage1,-0.08948841122876115,0.18185025966466614,-9,0
3.669,stage1,-0.08948841122876115,0.18185025966466614,-9,0
3.67,stage1,-0.08767327475421398,0.1811633249323137,-9,0
3.671,stage1,-0.08767327475421398,0.1811633249323137,-9,0
3.672,stage1,-0.08767327475421398,0.1811633249323137,-9,0
3.673,stage1,-0.08767327475421398,0.1811633249323137,-9,0
3.674,stage1,-0.08767327475421398,0.1811633249323137,-9,0
3.675,stage1,-0.08767327475421398,0.1811633249323137,-9,0
3.676,stage1,-0.08767327475421398,0.1811633249323137,-9,0
3.677,stage1,-0.08767327475421398,0.1811633249323137,-9,0
3.678,stage1,-0.08767327475421398,0.1811633249323137,-9,0
3.679,stage1,-0.08767327475421398,0.1811633249323137,-9,0
3.68,stage1,-0.08586541598538783,0.1803949670741358,-9,0
3.681,stage1,-0.08586541598538783,0.1803949670741358,-9,0
3.682,stage1,-0.08586541598538783,0.1803949670741358,-9,0
3.683,stage1,-0.08586541598538783,0.1803949670741358,-9,0
3.684,stage1,-0.08586541598538783,0.1803949670741358,-9,0
3.685,stage1,-0.08586541598538783,0.1803949670741358,-9,0
3.686,stage1,-0.08586541598538783,0.1803949670741358,-9,0
3.687,stage1,-0.08586541598538783,0.1803949670741358,-9,0
3.688,stage1,-0.08586541598538783,0.1803949670741358,-9,0
3.689,stage1,-0.08586541598538783,0.1803949670741358,-9,0
3.69,stage1,-0.08406564163461784,0.1795466935276824,-8,0
3.691,stage1,-0.08406564163461784,0.1795466935276824,-8,0
3.692,stage1,-0.08406564163461784,0.1795466935276824,-8,0
3.693,stage1,-0.08406564163461784,0.1795466935276824,-8,0
3.694,stage1,-0.08406564163461784,0.1795466935276824,-8,0
3.695,stage1,-0.08406564163461784,0.1795466935276824,-8,0
3.696,stage1,-0.08406564163461784,0.1795466935276824,-8,0
3.697,stage1,-0.08406564163461784,0.1795466935276824,-8,0
3.698,stage1,-0.08406564163461784,0.1795466935276824,-8,0
3.699,stage1,-0.08406564163461784,0.1795466935276824,-8,0
3.7,stage1,-0.0822747432322933,0.17862003308274077,-8,0
3.701,stage1,-0.0822747432322933,0.17862003308274077,-8,0
3.702,stage1,-0.0822747432322933,0.17862003308274077,-8,0
3.703,stage1,-0.0822747432322933,0.17862003308274077,-8,0
3.704,stage1,-0.0822747432322933,0.17862003308274077,-8,0
3.705,stage1,-0.0822747432322933,0.17862003308274077,-8,0
3.706,stage1,-0.0822747432322933,0.17862003308274077,-8,0
3.707,stage1,-0.0822747432322933,0.17862003308274077,-8,0
3.708,stage1,-0.0822747432322933,0.17862003308274077,-8,0
3.709,stage1,-0.0822747432322933,0.17862003308274077,-8,0
3.71,stage1,-0.08049349691820003,0.1776165349083171,-8,0
3.711,stage1,-0.08049349691820003,0.1776165349083171,-8,0
3.712,stage1,-0.08049349691820003,0.1776165349083171,-8,0
3.713,stage1,-0.08049349691820003,0.1776165349083171,-8,0
3.714,stage1,-0.08049349691820003,0.1776165349083171,-8,0
3.715,stage1,-0.08049349691820003,0.1776165349083171,-8,0
3.716,stage1,-0.08049349691820003,0.1776165349083171,-8,0
3.717,stage1,-0.08049349691820003,0.1776165349083171,-8,0
3.718,stage1,-0.08049349691820003,0.1776165349083171,-8,0
3.719,stage1,-0.08049349691820003,0.1776165349083171,-8,0
3.72,stage1,-0.07872266324259375,0.17653776757956202,-8,0
3.721,stage1,-0.07872266324259375,0.17653776757956202,-8,0
3.722,stage1,-0.07872266324259375,0.17653776757956202,-8,0
3.723,stage1,-0.07872266324259375,0.17653776757956202,-8,0
3.724,stage1,-0.07872266324259375,0.17653776757956202,-8,0
3.725,stage1,-0.07872266324259375,0.17653776757956202,-8,0
3.726,stage1,-0.07872266324259375,0.17653776757956202,-8,0
3.727,stage1,-0.07872266324259375,0.17653776757956202,-8,0
3.728,stage1,-0.07872266324259375,0.17653776757956202,-8,0
3.729,stage1,-0.07872266324259375,0.17653776757956202,-8,0
3.73,stage1,-0.07696298697700232,0.1753853181051205,-8,0
3.731,stage1,-0.07696298697700232,0.1753853181051205,-8,0
3.732,stage1,-0.07696298697700232,0.1753853181051205,-8,0
3.733,stage1,-0.07696298697700232,0.1753853181051205,-8,0
3.734,stage1,-0.07696298697700232,0.1753853181051205,-8,0
3.735,stage1,-0.07696298697700232,0.1753853181051205,-8,0
3.736,stage1,-0.07696298697700232,0.1753853181051205,-8,0
3.737,stage1,-0.07696298697700232,0.1753853181051205,-8,0
3.738,stage1,-0.07696298697700232,0.1753853181051205,-8,0
3.739,stage1,-0.07696298697700232,0.1753853181051205,-8,0
3.74,stage1,-0.07521519693475047,0.17416079095538325,-8,0
3.741,stage1,-0.07521519693475047,0.17416079095538325,-8,0
3.742,stage1,-0.07521519693475047,0.17416079095538325,-8,0
3.743,stage1,-0.07521519693475047,0.17416079095538325,-8,0
3.744,stage1,-0.07521519693475047,0.17416079095538325,-8,0
3.745,stage1,-0.07521519693475047,0.17416079095538325,-8,0
3.746,stage1,-0.07521519693475047,0.17416079095538325,-8,0
3.747,stage1,-0.07521519693475047,0.17416079095538325,-8,0
3.748,stage1,-0.07521519693475047,0.17416079095538325,-8,0
3.749,stage1,-0.07521519693475047,0.17416079095538325,-8,0
3.75,stage1,-0.07348000580119551,0.17286580709211002,-7,0
3.751,stage1,-0.07348000580119551,0.17286580709211002,-7,0
3.752,stage1,-0.07348000580119551,0.17286580709211002,-7,0
3.753,stage1,-0.07348000580119551,0.17286580709211002,-7,0
3.754,stage1,-0.07348000580119551,0.17286580709211002,-7,0
3.755,stage1,-0.07348000580119551,0.17286580709211002,-7,0
3.756,stage1,-0.07348000580119551,0.17286580709211002,-7,0
3.757,stage1,-0.07348000580119551,0.17286580709211002,-7,0
3.758,stage1,-0.07348000580119551,0.17286580709211002,-7,0
3.759,stage1,-0.07348000580119551,0.17286580709211002,-7,0
3.76,stage1,-0.07175810997365803,0.1715020029998911,-7,0
3.761,stage1,-0.07175810997365803,0.1715020029998911,-7,0
3.762,stage1,-0.07175810997365803,0.1715020029998911,-7,0
3.763,stage1,-0.07175810997365803,0.1715020029998911,-7,0
3.764,stage1,-0.07175810997365803,0.1715020029998911,-7,0
3.765,stage1,-0.07175810997365803,0.1715020029998911,-7,0
3.766,stage1,-0.07175810997365803,0.1715020029998911,-7,0
3.767,stage1,-0.07175810997365803,0.1715020029998911,-7,0
3.768,stage1,-0.07175810997365803,0.1715020029998911,-7,0
3.769,stage1,-0.07175810997365803,0.1715020029998911,-7,0
3.77,stage1,-0.07005018941102678,0.17007102971990665,-7,0
3.771,stage1,-0.07005018941102678,0.17007102971990665,-7,0
3.772,stage1,-0.07005018941102678,0.17007102971990665,-7,0
3.773,stage1,-0.07005018941102678,0.17007102971990665,-7,0
3.774,stage1,-0.07005018941102678,0.17007102971990665,-7,0
3.775,stage1,-0.07005018941102678,0.17007102971990665,-7,0
3.776,stage1,-0.07005018941102678,0.17007102971990665,-7,0
3.777,stage1,-0.07005018941102678,0.17007102971990665,-7,0
3.778,stage1,-0.07005018941102678,0.17007102971990665,-7,0
3.779,stage1,-0.07005018941102678,0.17007102971990665,-7,0
3.78,stage1,-0.06835690749301275,0.16857455188643847,-7,0
3.781,stage1,-0.06835690749301275,0.16857455188643847,-7,0
3.782,stage1,-0.06835690749301275,0.16857455188643847,-7,0
3.783,stage1,-0.06835690749301275,0.16857455188643847,-7,0
3.784,stage1,-0.06835690749301275,0.16857455188643847,-7,0
3.785,stage1,-0.06835690749301275,0.16857455188643847,-7,0
3.786,stage1,-0.06835690749301275,0.16857455188643847,-7,0
3.787,stage1,-0.06835690749301275,0.16857455188643847,-7,0
3.788,stage1,-0.06835690749301275,0.16857455188643847,-7,0
3.789,stage1,-0.06835690749301275,0.16857455188643847,-7,0
3.79,stage1,-0.06667891088902231,0.16701424676658255,-7,0
3.791,stage1,-0.06667891088902231,0.16701424676658255,-7,0
3.792,stage1,-0.06667891088902231,0.16701424676658255,-7,0
3.793,stage1,-0.06667891088902231,0.16701424676658255,-7,0
3.794,stage1,-0.06667891088902231,0.16701424676658255,-7,0
3.795,stage1,-0.06667891088902231,0.16701424676658255,-7,0
3.796,stage1,-0.06667891088902231,0.16701424676658255,-7,0
3.797,stage1,-0.06667891088902231,0.16701424676658255,-7,0
3.798,stage1,-0.06667891088902231,0.16701424676658255,-7,0
3.799,stage1,-0.06667891088902231,0.16701424676658255,-7,0
3.8,stage1,-0.06501682943661549,0.1653918033036047,-7,0
3.801,stage1,-0.06501682943661549,0.1653918033036047,-7,0
3.802,stage1,-0.06501682943661549,0.1653918033036047,-7,0
3.803,stage1,-0.06501682943661549,0.1653918033036047,-7,0
3.804,stage1,-0.06501682943661549,0.1653918033036047,-7,0
3.805,stage1,-0.06501682943661549,0.1653918033036047,-7,0
3.806,stage1,-0.06501682943661549,0.1653918033036047,-7,0
3.807,stage1,-0.06501682943661549,0.1653918033036047,-7,0
3.808,stage1,-0.06501682943661549,0.1653918033036047,-7,0
3.809,stage1,-0.06501682943661549,0.1653918033036047,-7,0
3.81,stage1,-0.06337127602951066,0.16370892116437522,-6,0
3.811,stage1,-0.06337127602951066,0.16370892116437522,-6,0
3.812,stage1,-0.06337127602951066,0.16370892116437522,-6,0
3.813,stage1,-0.06337127602951066,0.16370892116437522,-6,0
3.814,stage1,-0.06337127602951066,0.16370892116437522,-6,0
3.815,stage1,-0.06337127602951066,0.16370892116437522,-6,0
3.816,stage1,-0.06337127602951066,0.16370892116437522,-6,0
3.817,stage1,-0.06337127602951066,0.16370892116437522,-6,0
3.818,stage1,-0.06337127602951066,0.16370892116437522,-6,0
3.819,stage1,-0.06337127602951066,0.16370892116437522,-6,0
3.82,stage1,-0.06174284651509261,0.16196730979131246,-6,0
3.821,stage1,-0.06174284651509261,0.16196730979131246,-6,0
3.822,stage1,-0.06174284651509261,0.16196730979131246,-6,0
3.823,stage1,-0.06174284651509261,0.16196730979131246,-6,0
3.824,stage1,-0.06174284651509261,0.16196730979131246,-6,0
3.825,stage1,-0.06174284651509261,0.16196730979131246,-6,0
3.826,stage1,-0.06174284651509261,0.16196730979131246,-6,0
3.827,stage1,-0.06174284651509261,0.16196730979131246,-6,0
3.828,stage1,-0.06174284651509261,0.16196730979131246,-6,0
3.829,stage1,-0.06174284651509261,0.16196730979131246,-6,0
3.83,stage1,-0.060132119601376946,0.16016868745925825,-6,0
3.831,stage1,-0.060132119601376946,0.16016868745925825,-6,0
3.832,stage1,-0.060132119601376946,0.16016868745925825,-6,0
3.833,stage1,-0.060132119601376946,0.16016868745925825,-6,0
3.834,stage1,-0.060132119601376946,0.16016868745925825,-6,0
3.835,stage1,-0.060132119601376946,0.16016868745925825,-6,0
3.836,stage1,-0.060132119601376946,0.16016868745925825,-6,0
3.837,stage1,-0.060132119601376946,0.16016868745925825,-6,0
3.838,stage1,-0.060132119601376946,0.16016868745925825,-6,0
3.839,stage1,-0.060132119601376946,0.16016868745925825,-6,0
3.84,stage1,-0.05853965677337932,0.15831478033770155,-6,0
3.841,stage1,-0.05853965677337932,0.15831478033770155,-6,0
3.842,stage1,-0.05853965677337932,0.15831478033770155,-6,0
3.843,stage1,-0.05853965677337932,0.15831478033770155,-6,0
3.844,stage1,-0.05853965677337932,0.15831478033770155,-6,0
3.845,stage1,-0.05853965677337932,0.15831478033770155,-6,0
3.846,stage1,-0.05853965677337932,0.15831478033770155,-6,0
3.847,stage1,-0.05853965677337932,0.15831478033770155,-6,0
3.848,stage1,-0.05853965677337932,0.15831478033770155,-6,0
3.849,stage1,-0.05853965677337932,0.15831478033770155,-6,0
3.85,stage1,-0.056966002218833973,0.15640732155876,-6,0
3.851,stage1,-0.056966002218833973,0.15640732155876,-6,0
3.852,stage1,-0.056966002218833973,0.15640732155876,-6,0
3.853,stage1,-0.056966002218833973,0.15640732155876,-6,0
3.854,stage1,-0.056966002218833973,0.15640732155876,-6,0
3.855,stage1,-0.056966002218833973,0.15640732155876,-6,0
3.856,stage1,-0.056966002218833973,0.15640732155876,-6,0
3.857,stage1,-0.056966002218833973,0.15640732155876,-6,0
3.858,stage1,-0.056966002218833973,0.15640732155876,-6,0
3.859,stage1,-0.056966002218833973,0.15640732155876,-6,0
3.86,stage1,-0.05541168276320197,0.15444805029132183,-6,0
3.861,stage1,-0.05541168276320197,0.15444805029132183,-6,0
3.862,stage1,-0.05541168276320197,0.15444805029132183,-6,0
3.863,stage1,-0.05541168276320197,0.15444805029132183,-6,0
3.864,stage1,-0.05541168276320197,0.15444805029132183,-6,0
3.865,stage1,-0.05541168276320197,0.15444805029132183,-6,0
3.866,stage1,-0.05541168276320197,0.15444805029132183,-6,0
3.867,stage1,-0.05541168276320197,0.15444805029132183,-6,0
3.868,stage1,-0.05541168276320197,0.15444805029132183,-6,0
3.869,stage1,-0.05541168276320197,0.15444805029132183,-6,0
3.87,stage1,-0.0538772078139056,0.1524387108217437,-5,0
3.871,stage1,-0.0538772078139056,0.1524387108217437,-5,0
3.872,stage1,-0.0538772078139056,0.1524387108217437,-5,0
3.873,stage1,-0.0538772078139056,0.1524387108217437,-5,0
3.874,stage1,-0.0538772078139056,0.1524387108217437,-5,0
3.875,stage1,-0.0538772078139056,0.1524387108217437,-5,0
3.876,stage1,-0.0538772078139056,0.1524387108217437,-5,0
3.877,stage1,-0.0538772078139056,0.1524387108217437,-5,0
3.878,stage1,-0.0538772078139056,0.1524387108217437,-5,0
3.879,stage1,-0.0538772078139056,0.1524387108217437,-5,0
3.88,stage1,-0.052363069313721367,0.1503810516414927,-5,0
3.881,stage1,-0.052363069313721367,0.1503810516414927,-5,0
3.882,stage1,-0.052363069313721367,0.1503810516414927,-5,0
3.883,stage1,-0.052363069313721367,0.1503810516414927,-5,0
3.884,stage1,-0.052363069313721367,0.1503810516414927,-5,0
3.885,stage1,-0.052363069313721367,0.1503810516414927,-5,0
3.886,stage1,-0.052363069313721367,0.1503810516414927,-5,0
3.887,stage1,-0.052363069313721367,0.1503810516414927,-5,0
3.888,stage1,-0.052363069313721367,0.1503810516414927,-5,0
3.889,stage1,-0.052363069313721367,0.1503810516414927,-5,0
3.89,stage1,-0.05086974170326027,0.14827682454211333,-5,0
3.891,stage1,-0.05086974170326027,0.14827682454211333,-5,0
3.892,stage1,-0.05086974170326027,0.14827682454211333,-5,0
3.893,stage1,-0.05086974170326027,0.14827682454211333,-5,0
3.894,stage1,-0.05086974170326027,0.14827682454211333,-5,0
3.895,stage1,-0.05086974170326027,0.14827682454211333,-5,0
3.896,stage1,-0.05086974170326027,0.14827682454211333,-5,0
3.897,stage1,-0.05086974170326027,0.14827682454211333,-5,0
3.898,stage1,-0.05086974170326027,0.14827682454211333,-5,0
3.899,stage1,-0.05086974170326027,0.14827682454211333,-5,0
3.9,stage1,-0.04939768189246023,0.1461277837178931,-5,0
3.901,stage1,-0.04939768189246023,0.1461277837178931,-5,0
3.902,stage1,-0.04939768189246023,0.1461277837178931,-5,0
3.903,stage1,-0.04939768189246023,0.1461277837178931,-5,0
3.904,stage1,-0.04939768189246023,0.1461277837178931,-5,0
3.905,stage1,-0.04939768189246023,0.1461277837178931,-5,0
3.906,stage1,-0.04939768189246023,0.1461277837178931,-5,0
3.907,stage1,-0.04939768189246023,0.1461277837178931,-5,0
3.908,stage1,-0.04939768189246023,0.1461277837178931,-5,0
3.909,stage1,-0.04939768189246023,0.1461277837178931,-5,0
3.91,stage1,-0.047947329241011805,0.14393568487659228,-5,0
3.911,stage1,-0.047947329241011805,0.14393568487659228,-5,0
3.912,stage1,-0.047947329241011805,0.14393568487659228,-5,0
3.913,stage1,-0.047947329241011805,0.14393568487659228,-5,0
3.914,stage1,-0.047947329241011805,0.14393568487659228,-5,0
3.915,stage1,-0.047947329241011805,0.14393568487659228,-5,0
3.916,stage1,-0.047947329241011805,0.14393568487659228,-5,0
3.917,stage1,-0.047947329241011805,0.14393568487659228,-5,0
3.918,stage1,-0.047947329241011805,0.14393568487659228,-5,0
3.919,stage1,-0.047947329241011805,0.14393568487659228,-5,0
3.92,stage1,-0.046519105547634845,0.14170228435859636,-5,0
3.921,stage1,-0.046519105547634845,0.14170228435859636,-5,0
3.922,stage1,-0.046519105547634845,0.14170228435859636,-5,0
3.923,stage1,-0.046519105547634845,0.14170228435859636,-5,0
3.924,stage1,-0.046519105547634845,0.14170228435859636,-5,0
3.925,stage1,-0.046519105547634845,0.14170228435859636,-5,0
3.926,stage1,-0.046519105547634845,0.14170228435859636,-5,0
3.927,stage1,-0.046519105547634845,0.14170228435859636,-5,0
3.928,stage1,-0.046519105547634845,0.14170228435859636,-5,0
3.929,stage1,-0.046519105547634845,0.14170228435859636,-5,0
3.93,stage1,-0.045113415048120005,0.1394293382648413,-5,0
3.931,stage1,-0.045113415048120005,0.1394293382648413,-5,0
3.932,stage1,-0.045113415048120005,0.1394293382648413,-5,0
3.933,stage1,-0.045113415048120005,0.1394293382648413,-5,0
3.934,stage1,-0.045113415048120005,0.1394293382648413,-5,0
3.935,stage1,-0.045113415048120005,0.1394293382648413,-5,0
3.936,stage1,-0.045113415048120005,0.1394293382648413,-5,0
3.937,stage1,-0.045113415048120005,0.1394293382648413,-5,0
3.938,stage1,-0.045113415048120005,0.1394293382648413,-5,0
3.939,stage1,-0.045113415048120005,0.1394293382648413,-5,0
3.94,stage1,-0.04373064442204574,0.13711860159385428,-4,0
3.941,stage1,-0.04373064442204574,0.13711860159385428,-4,0
3.942,stage1,-0.04373064442204574,0.13711860159385428,-4,0
3.943,stage1,-0.04373064442204574,0.13711860159385428,-4,0
3.944,stage1,-0.04373064442204574,0.13711860159385428,-4,0
3.945,stage1,-0.04373064442204574,0.13711860159385428,-4,0
3.946,stage1,-0.04373064442204574,0.13711860159385428,-4,0
3.947,stage1,-0.04373064442204574,0.13711860159385428,-4,0
3.948,stage1,-0.04373064442204574,0.13711860159385428,-4,0
3.949,stage1,-0.04373064442204574,0.13711860159385428,-4,0
3.95,stage1,-0.042371162808077886,0.13477182738824436,-4,0
3.951,stage1,-0.042371162808077886,0.13477182738824436,-4,0
3.952,stage1,-0.042371162808077886,0.13477182738824436,-4,0
3.953,stage1,-0.042371162808077886,0.13477182738824436,-4,0
3.954,stage1,-0.042371162808077886,0.13477182738824436,-4,0
3.955,stage1,-0.042371162808077886,0.13477182738824436,-4,0
3.956,stage1,-0.042371162808077886,0.13477182738824436,-4,0
3.957,stage1,-0.042371162808077886,0.13477182738824436,-4,0
3.958,stage1,-0.042371162808077886,0.13477182738824436,-4,0
3.959,stage1,-0.042371162808077886,0.13477182738824436,-4,0
3.96,stage1,-0.04103532182775575,0.13239076589096982,-4,0
3.961,stage1,-0.04103532182775575,0.13239076589096982,-4,0
3.962,stage1,-0.04103532182775575,0.13239076589096982,-4,0
3.963,stage1,-0.04103532182775575,0.13239076589096982,-4,0
3.964,stage1,-0.04103532182775575,0.13239076589096982,-4,0
3.965,stage1,-0.04103532182775575,0.13239076589096982,-4,0
3.966,stage1,-0.04103532182775575,0.13239076589096982,-4,0
3.967,stage1,-0.04103532182775575,0.13239076589096982,-4,0
3.968,stage1,-0.04103532182775575,0.13239076589096982,-4,0
3.969,stage1,-0.04103532182775575,0.13239076589096982,-4,0
3.97,stage1,-0.039723455617665306,0.1299771637117001,-4,0
3.971,stage1,-0.039723455617665306,0.1299771637117001,-4,0
3.972,stage1,-0.039723455617665306,0.1299771637117001,-4,0
3.973,stage1,-0.039723455617665306,0.1299771637117001,-4,0
3.974,stage1,-0.039723455617665306,0.1299771637117001,-4,0
3.975,stage1,-0.039723455617665306,0.1299771637117001,-4,0
3.976,stage1,-0.039723455617665306,0.1299771637117001,-4,0
3.977,stage1,-0.039723455617665306,0.1299771637117001,-4,0
3.978,stage1,-0.039723455617665306,0.1299771637117001,-4,0
3.979,stage1,-0.039723455617665306,0.1299771637117001,-4,0
3.98,stage1,-0.038435880869896986,0.1275327630035829,-4,0
3.981,stage1,-0.038435880869896986,0.1275327630035829,-4,0
3.982,stage1,-0.038435880869896986,0.1275327630035829,-4,0
3.983,stage1,-0.038435880869896986,0.1275327630035829,-4,0
3.984,stage1,-0.038435880869896986,0.1275327630035829,-4,0
3.985,stage1,-0.038435880869896986,0.1275327630035829,-4,0
3.986,stage1,-0.038435880869896986,0.1275327630035829,-4,0
3.987,stage1,-0.038435880869896986,0.1275327630035829,-4,0
3.988,stage1,-0.038435880869896986,0.1275327630035829,-4,0
3.989,stage1,-0.038435880869896986,0.1275327630035829,-4,0
3.99,stage1,-0.03717289688068254,0.12505930065071813,-4,0
3.991,stage1,-0.03717289688068254,0.12505930065071813,-4,0
3.992,stage1,-0.03717289688068254,0.12505930065071813,-4,0
3.993,stage1,-0.03717289688068254,0.12505930065071813,-4,0
3.994,stage1,-0.03717289688068254,0.12505930065071813,-4,0
3.995,stage1,-0.03717289688068254,0.12505930065071813,-4,0
3.996,stage1,-0.03717289688068254,0.12505930065071813,-4,0
3.997,stage1,-0.03717289688068254,0.12505930065071813,-4,0
3.998,stage1,-0.03717289688068254,0.12505930065071813,-4,0
3.999,stage1,-0.03717289688068254,0.12505930065071813,-4,0
4.0,stage1,-0.03593478560710238,0.12255850746663216,-4,0
4.001,stage1,-0.03593478560710238,0.12255850746663216,-4,0
4.002,stage1,-0.03593478560710238,0.12255850746663216,-4,0
4.003,stage1,-0.03593478560710238,0.12255850746663216,-4,0
4.004,stage1,-0.03593478560710238,0.12255850746663216,-4,0
4.005,stage1,-0.03593478560710238,0.12255850746663216,-4,0
4.006,stage1,-0.03593478560710238,0.12255850746663216,-4,0
4.007,stage1,-0.03593478560710238,0.12255850746663216,-4,0
4.008,stage1,-0.03593478560710238,0.12255850746663216,-4,0
4.009,stage1,-0.03593478560710238,0.12255850746663216,-4,0
4.01,stage1,-0.034721811731752,0.12003210740403764,-3,0
4.011,stage1,-0.034721811731752,0.12003210740403764,-3,0
4.012,stage1,-0.034721811731752,0.12003210740403764,-3,0
4.013,stage1,-0.034721811731752,0.12003210740403764,-3,0
4.014,stage1,-0.034721811731752,0.12003210740403764,-3,0
4.015,stage1,-0.034721811731752,0.12003210740403764,-3,0
4.016,stage1,-0.034721811731752,0.12003210740403764,-3,0
4.017,stage1,-0.034721811731752,0.12003210740403764,-3,0
4.018,stage1,-0.034721811731752,0.12003210740403764,-3,0
4.019,stage1,-0.034721811731752,0.12003210740403764,-3,0
4.02,stage1,-0.03353422273525319,0.11748181677615535,-3,0
4.021,stage1,-0.03353422273525319,0.11748181677615535,-3,0
4.022,stage1,-0.03353422273525319,0.11748181677615535,-3,0
4.023,stage1,-0.03353422273525319,0.11748181677615535,-3,0
4.024,stage1,-0.03353422273525319,0.11748181677615535,-3,0
4.025,stage1,-0.03353422273525319,0.11748181677615535,-3,0
4.026,stage1,-0.03353422273525319,0.11748181677615535,-3,0
4.027,stage1,-0.03353422273525319,0.11748181677615535,-3,0
4.028,stage1,-0.03353422273525319,0.11748181677615535,-3,0
4.029,stage1,-0.03353422273525319,0.11748181677615535,-3,0
4.03,stage1,-0.03237224897649312,0.11490934348986637,-3,0
4.031,stage1,-0.03237224897649312,0.11490934348986637,-3,0
4.032,stage1,-0.03237224897649312,0.11490934348986637,-3,0
4.033,stage1,-0.03237224897649312,0.11490934348986637,-3,0
4.034,stage1,-0.03237224897649312,0.11490934348986637,-3,0
4.035,stage1,-0.03237224897649312,0.11490934348986637,-3,0
4.036,stage1,-0.03237224897649312,0.11490934348986637,-3,0
4.037,stage1,-0.03237224897649312,0.11490934348986637,-3,0
4.038,stage1,-0.03237224897649312,0.11490934348986637,-3,0
4.039,stage1,-0.03237224897649312,0.11490934348986637,-3,0
4.04,stage1,-0.03123610378047169,0.11231638629095389,-3,0
4.041,stage1,-0.03123610378047169,0.11231638629095389,-3,0
4.042,stage1,-0.03123610378047169,0.11231638629095389,-3,0
4.043,stage1,-0.03123610378047169,0.11231638629095389,-3,0
4.044,stage1,-0.03123610378047169,0.11231638629095389,-3,0
4.045,stage1,-0.03123610378047169,0.11231638629095389,-3,0
4.046,stage1,-0.03123610378047169,0.11231638629095389,-3,0
4.047,stage1,-0.03123610378047169,0.11231638629095389,-3,0
4.048,stage1,-0.03123610378047169,0.11231638629095389,-3,0
4.049,stage1,-0.03123610378047169,0.11231638629095389,-3,0
4.05,stage1,-0.0301259835336349,0.10970463402168584,-3,0
4.051,stage1,-0.0301259835336349,0.10970463402168584,-3,0
4.052,stage1,-0.0301259835336349,0.10970463402168584,-3,0
4.053,stage1,-0.0301259835336349,0.10970463402168584,-3,0
4.054,stage1,-0.0301259835336349,0.10970463402168584,-3,0
4.055,stage1,-0.0301259835336349,0.10970463402168584,-3,0
4.056,stage1,-0.0301259835336349,0.10970463402168584,-3,0
4.057,stage1,-0.0301259835336349,0.10970463402168584,-3,0
4.058,stage1,-0.0301259835336349,0.10970463402168584,-3,0
4.059,stage1,-0.0301259835336349,0.10970463402168584,-3,0
4.06,stage1,-0.029042067786569748,0.10707576489098042,-3,0
4.061,stage1,-0.029042067786569748,0.10707576489098042,-3,0
4.062,stage1,-0.029042067786569748,0.10707576489098042,-3,0
4.063,stage1,-0.029042067786569748,0.10707576489098042,-3,0
4.064,stage1,-0.029042067786569748,0.10707576489098042,-3,0
4.065,stage1,-0.029042067786569748,0.10707576489098042,-3,0
4.066,stage1,-0.029042067786569748,0.10707576489098042,-3,0
4.067,stage1,-0.029042067786569748,0.10707576489098042,-3,0
4.068,stage1,-0.029042067786569748,0.10707576489098042,-3,0
4.069,stage1,-0.029042067786569748,0.10707576489098042,-3,0
4.07,stage1,-0.027984519363933535,0.10443144575738819,-3,0
4.071,stage1,-0.027984519363933535,0.10443144575738819,-3,0
4.072,stage1,-0.027984519363933535,0.10443144575738819,-3,0
4.073,stage1,-0.027984519363933535,0.10443144575738819,-3,0
4.074,stage1,-0.027984519363933535,0.10443144575738819,-3,0
4.075,stage1,-0.027984519363933535,0.10443144575738819,-3,0
4.076,stage1,-0.027984519363933535,0.10443144575738819,-3,0
4.077,stage1,-0.027984519363933535,0.10443144575738819,-3,0
4.078,stage1,-0.027984519363933535,0.10443144575738819,-3,0
4.079,stage1,-0.027984519363933535,0.10443144575738819,-3,0
4.08,stage1,-0.026953484481488342,0.10177333142511572,-3,0
4.081,stage1,-0.026953484481488342,0.10177333142511572,-3,0
4.082,stage1,-0.026953484481488342,0.10177333142511572,-3,0
4.083,stage1,-0.026953484481488342,0.10177333142511572,-3,0
4.084,stage1,-0.026953484481488342,0.10177333142511572,-3,0
4.085,stage1,-0.026953484481488342,0.10177333142511572,-3,0
4.086,stage1,-0.026953484481488342,0.10177333142511572,-3,0
4.087,stage1,-0.026953484481488342,0.10177333142511572,-3,0
4.088,stage1,-0.026953484481488342,0.10177333142511572,-3,0
4.089,stage1,-0.026953484481488342,0.10177333142511572,-3,0
4.09,stage1,-0.025949092870109162,0.09910306395330666,-3,0
4.091,stage1,-0.025949092870109162,0.09910306395330666,-3,0
4.092,stage1,-0.025949092870109162,0.09910306395330666,-3,0
4.093,stage1,-0.025949092870109162,0.09910306395330666,-3,0
4.094,stage1,-0.025949092870109162,0.09910306395330666,-3,0
4.095,stage1,-0.025949092870109162,0.09910306395330666,-3,0
4.096,stage1,-0.025949092870109162,0.09910306395330666,-3,0
4.097,stage1,-0.025949092870109162,0.09910306395330666,-3,0
4.098,stage1,-0.025949092870109162,0.09910306395330666,-3,0
4.099,stage1,-0.025949092870109162,0.09910306395330666,-3,0
4.1,stage1,-0.024971457906632057,0.09642227197878804,-2,0
4.101,stage1,-0.024971457906632057,0.09642227197878804,-2,0
4.102,stage1,-0.024971457906632057,0.09642227197878804,-2,0
4.103,stage1,-0.024971457906632057,0.09642227197878804,-2,0
4.104,stage1,-0.024971457906632057,0.09642227197878804,-2,0
4.105,stage1,-0.024971457906632057,0.09642227197878804,-2,0
4.106,stage1,-0.024971457906632057,0.09642227197878804,-2,0
4.107,stage1,-0.024971457906632057,0.09642227197878804,-2,0
4.108,stage1,-0.024971457906632057,0.09642227197878804,-2,0
4.109,stage1,-0.024971457906632057,0.09642227197878804,-2,0
4.11,stage1,-0.024020676751406705,0.09373257005247994,-2,0
4.111,stage1,-0.024020676751406705,0.09373257005247994,-2,0
4.112,stage1,-0.024020676751406705,0.09373257005247994,-2,0
4.113,stage1,-0.024020676751406705,0.09373257005247994,-2,0
4.114,stage1,-0.024020676751406705,0.09373257005247994,-2,0
4.115,stage1,-0.024020676751406705,0.09373257005247994,-2,0
4.116,stage1,-0.024020676751406705,0.09373257005247994,-2,0
4.117,stage1,-0.024020676751406705,0.09373257005247994,-2,0
4.118,stage1,-0.024020676751406705,0.09373257005247994,-2,0
4.119,stage1,-0.024020676751406705,0.09373257005247994,-2,0
4.12,stage1,-0.02309683049241574,0.09103555798965876,-2,0
4.121,stage1,-0.02309683049241574,0.09103555798965876,-2,0
4.122,stage1,-0.02309683049241574,0.09103555798965876,-2,0
4.123,stage1,-0.02309683049241574,0.09103555798965876,-2,0
4.124,stage1,-0.02309683049241574,0.09103555798965876,-2,0
4.125,stage1,-0.02309683049241574,0.09103555798965876,-2,0
4.126,stage1,-0.02309683049241574,0.09103555798965876,-2,0
4.127,stage1,-0.02309683049241574,0.09103555798965876,-2,0
4.128,stage1,-0.02309683049241574,0.09103555798965876,-2,0
4.129,stage1,-0.02309683049241574,0.09103555798965876,-2,0
4.13,stage1,-0.02219998429582141,0.08833282023425501,-2,0
4.131,stage1,-0.02219998429582141,0.08833282023425501,-2,0
4.132,stage1,-0.02219998429582141,0.08833282023425501,-2,0
4.133,stage1,-0.02219998429582141,0.08833282023425501,-2,0
4.134,stage1,-0.02219998429582141,0.08833282023425501,-2,0
4.135,stage1,-0.02219998429582141,0.08833282023425501,-2,0
4.136,stage1,-0.02219998429582141,0.08833282023425501,-2,0
4.137,stage1,-0.02219998429582141,0.08833282023425501,-2,0
4.138,stage1,-0.02219998429582141,0.08833282023425501,-2,0
4.139,stage1,-0.02219998429582141,0.08833282023425501,-2,0
4.14,stage1,-0.02133018756279842,0.08562592523735775,-2,0
4.141,stage1,-0.02133018756279842,0.08562592523735775,-2,0
4.142,stage1,-0.02133018756279842,0.08562592523735775,-2,0
4.143,stage1,-0.02133018756279842,0.08562592523735775,-2,0
4.144,stage1,-0.02133018756279842,0.08562592523735775,-2,0
4.145,stage1,-0.02133018756279842,0.08562592523735775,-2,0
4.146,stage1,-0.02133018756279842,0.08562592523735775,-2,0
4.147,stage1,-0.02133018756279842,0.08562592523735775,-2,0
4.148,stage1,-0.02133018756279842,0.08562592523735775,-2,0
4.149,stage1,-0.02133018756279842,0.08562592523735775,-2,0
4.15,stage1,-0.020487474092509932,0.08291642485008939,-2,0
4.151,stage1,-0.020487474092509932,0.08291642485008939,-2,0
4.152,stage1,-0.020487474092509932,0.08291642485008939,-2,0
4.153,stage1,-0.020487474092509932,0.08291642485008939,-2,0
4.154,stage1,-0.020487474092509932,0.08291642485008939,-2,0
4.155,stage1,-0.020487474092509932,0.08291642485008939,-2,0
4.156,stage1,-0.020487474092509932,0.08291642485008939,-2,0
4.157,stage1,-0.020487474092509932,0.08291642485008939,-2,0
4.158,stage1,-0.020487474092509932,0.08291642485008939,-2,0
4.159,stage1,-0.020487474092509932,0.08291642485008939,-2,0
4.16,stage1,-0.019671862251082396,0.08020585373100535,-2,0
4.161,stage1,-0.019671862251082396,0.08020585373100535,-2,0
4.162,stage1,-0.019671862251082396,0.08020585373100535,-2,0
4.163,stage1,-0.019671862251082396,0.08020585373100535,-2,0
4.164,stage1,-0.019671862251082396,0.08020585373100535,-2,0
4.165,stage1,-0.019671862251082396,0.08020585373100535,-2,0
4.166,stage1,-0.019671862251082396,0.08020585373100535,-2,0
4.167,stage1,-0.019671862251082396,0.08020585373100535,-2,0
4.168,stage1,-0.019671862251082396,0.08020585373100535,-2,0
4.169,stage1,-0.019671862251082396,0.08020585373100535,-2,0
4.17,stage1,-0.018883355146433096,0.07749572876816464,-2,0
4.171,stage1,-0.018883355146433096,0.07749572876816464,-2,0
4.172,stage1,-0.018883355146433096,0.07749572876816464,-2,0
4.173,stage1,-0.018883355146433096,0.07749572876816464,-2,0
4.174,stage1,-0.018883355146433096,0.07749572876816464,-2,0
4.175,stage1,-0.018883355146433096,0.07749572876816464,-2,0
4.176,stage1,-0.018883355146433096,0.07749572876816464,-2,0
4.177,stage1,-0.018883355146433096,0.07749572876816464,-2,0
4.178,stage1,-0.018883355146433096,0.07749572876816464,-2,0
4.179,stage1,-0.018883355146433096,0.07749572876816464,-2,0
4.18,stage1,-0.01812194080880309,0.0747875485160085,-2,0
4.181,stage1,-0.01812194080880309,0.0747875485160085,-2,0
4.182,stage1,-0.01812194080880309,0.0747875485160085,-2,0
4.183,stage1,-0.01812194080880309,0.0747875485160085,-2,0
4.184,stage1,-0.01812194080880309,0.0747875485160085,-2,0
4.185,stage1,-0.01812194080880309,0.0747875485160085,-2,0
4.186,stage1,-0.01812194080880309,0.0747875485160085,-2,0
4.187,stage1,-0.01812194080880309,0.0747875485160085,-2,0
4.188,stage1,-0.01812194080880309,0.0747875485160085,-2,0
4.189,stage1,-0.01812194080880309,0.0747875485160085,-2,0
4.19,stage1,-0.01738759237684677,0.07208279264717543,-2,0
4.191,stage1,-0.01738759237684677,0.07208279264717543,-2,0
4.192,stage1,-0.01738759237684677,0.07208279264717543,-2,0
4.193,stage1,-0.01738759237684677,0.07208279264717543,-2,0
4.194,stage1,-0.01738759237684677,0.07208279264717543,-2,0
4.195,stage1,-0.01738759237684677,0.07208279264717543,-2,0
4.196,stage1,-0.01738759237684677,0.07208279264717543,-2,0
4.197,stage1,-0.01738759237684677,0.07208279264717543,-2,0
4.198,stage1,-0.01738759237684677,0.07208279264717543,-2,0
4.199,stage1,-0.01738759237684677,0.07208279264717543,-2,0
4.2,stage1,-0.01668026828912809,0.0693829214193726,-2,0
4.201,stage1,-0.01668026828912809,0.0693829214193726,-2,0
4.202,stage1,-0.01668026828912809,0.0693829214193726,-2,0
4.203,stage1,-0.01668026828912809,0.0693829214193726,-2,0
4.204,stage1,-0.01668026828912809,0.0693829214193726,-2,0
4.205,stage1,-0.01668026828912809,0.0693829214193726,-2,0
4.206,stage1,-0.01668026828912809,0.0693829214193726,-2,0
4.207,stage1,-0.01668026828912809,0.0693829214193726,-2,0
4.208,stage1,-0.01668026828912809,0.0693829214193726,-2,0
4.209,stage1,-0.01668026828912809,0.0693829214193726,-2,0
4.21,stage1,-0.015999912480872347,0.06668937515741448,-2,0
4.211,stage1,-0.015999912480872347,0.06668937515741448,-2,0
4.212,stage1,-0.015999912480872347,0.06668937515741448,-2,0
4.213,stage1,-0.015999912480872347,0.06668937515741448,-2,0
4.214,stage1,-0.015999912480872347,0.06668937515741448,-2,0
4.215,stage1,-0.015999912480872347,0.06668937515741448,-2,0
4.216,stage1,-0.015999912480872347,0.06668937515741448,-2,0
4.217,stage1,-0.015999912480872347,0.06668937515741448,-2,0
4.218,stage1,-0.015999912480872347,0.06668937515741448,-2,0
4.219,stage1,-0.015999912480872347,0.06668937515741448,-2,0
4.22,stage1,-0.015346454585821288,0.0640035737505311,-2,0
4.221,stage1,-0.015346454585821288,0.0640035737505311,-2,0
4.222,stage1,-0.015346454585821288,0.0640035737505311,-2,0
4.223,stage1,-0.015346454585821288,0.0640035737505311,-2,0
4.224,stage1,-0.015346454585821288,0.0640035737505311,-2,0
4.225,stage1,-0.015346454585821288,0.0640035737505311,-2,0
4.226,stage1,-0.015346454585821288,0.0640035737505311,-2,0
4.227,stage1,-0.015346454585821288,0.0640035737505311,-2,0
4.228,stage1,-0.015346454585821288,0.0640035737505311,-2,0
4.229,stage1,-0.015346454585821288,0.0640035737505311,-2,0
4.23,stage1,-0.014719810143038404,0.06132691616503994,-1,0
4.231,stage1,-0.014719810143038404,0.06132691616503994,-1,0
4.232,stage1,-0.014719810143038404,0.06132691616503994,-1,0
4.233,stage1,-0.014719810143038404,0.06132691616503994,-1,0
4.234,stage1,-0.014719810143038404,0.06132691616503994,-1,0
4.235,stage1,-0.014719810143038404,0.06132691616503994,-1,0
4.236,stage1,-0.014719810143038404,0.06132691616503994,-1,0
4.237,stage1,-0.014719810143038404,0.06132691616503994,-1,0
4.238,stage1,-0.014719810143038404,0.06132691616503994,-1,0
4.239,stage1,-0.014719810143038404,0.06132691616503994,-1,0
4.24,stage1,-0.014119880808510331,0.05866077997246645,-1,0
4.241,stage1,-0.014119880808510331,0.05866077997246645,-1,0
4.242,stage1,-0.014119880808510331,0.05866077997246645,-1,0
4.243,stage1,-0.014119880808510331,0.05866077997246645,-1,0
4.244,stage1,-0.014119880808510331,0.05866077997246645,-1,0
4.245,stage1,-0.014119880808510331,0.05866077997246645,-1,0
4.246,stage1,-0.014119880808510331,0.05866077997246645,-1,0
4.247,stage1,-0.014119880808510331,0.05866077997246645,-1,0
4.248,stage1,-0.014119880808510331,0.05866077997246645,-1,0
4.249,stage1,-0.014119880808510331,0.05866077997246645,-1,0
4.25,stage1,-0.013546554571389478,0.05600652089319001,-1,0
4.251,stage1,-0.013546554571389478,0.05600652089319001,-1,0
4.252,stage1,-0.013546554571389478,0.05600652089319001,-1,0
4.253,stage1,-0.013546554571389478,0.05600652089319001,-1,0
4.254,stage1,-0.013546554571389478,0.05600652089319001,-1,0
4.255,stage1,-0.013546554571389478,0.05600652089319001,-1,0
4.256,stage1,-0.013546554571389478,0.05600652089319001,-1,0
4.257,stage1,-0.013546554571389478,0.05600652089319001,-1,0
4.258,stage1,-0.013546554571389478,0.05600652089319001,-1,0
4.259,stage1,-0.013546554571389478,0.05600652089319001,-1,0
4.26,stage1,-0.012999705974722277,0.053365472355683584,-1,0
4.261,stage1,-0.012999705974722277,0.053365472355683584,-1,0
4.262,stage1,-0.012999705974722277,0.053365472355683584,-1,0
4.263,stage1,-0.012999705974722277,0.053365472355683584,-1,0
4.264,stage1,-0.012999705974722277,0.053365472355683584,-1,0
4.265,stage1,-0.012999705974722277,0.053365472355683584,-1,0
4.266,stage1,-0.012999705974722277,0.053365472355683584,-1,0
4.267,stage1,-0.012999705974722277,0.053365472355683584,-1,0
4.268,stage1,-0.012999705974722277,0.053365472355683584,-1,0
4.269,stage1,-0.012999705974722277,0.053365472355683584,-1,0
4.27,stage1,-0.012479196340506822,0.0507389450714067,-1,0
4.271,stage1,-0.012479196340506822,0.0507389450714067,-1,0
4.272,stage1,-0.012479196340506822,0.0507389450714067,-1,0
4.273,stage1,-0.012479196340506822,0.0507389450714067,-1,0
4.274,stage1,-0.012479196340506822,0.0507389450714067,-1,0
4.275,stage1,-0.012479196340506822,0.0507389450714067,-1,0
4.276,stage1,-0.012479196340506822,0.0507389450714067,-1,0
4.277,stage1,-0.012479196340506822,0.0507389450714067,-1,0
4.278,stage1,-0.012479196340506822,0.0507389450714067,-1,0
4.279,stage1,-0.012479196340506822,0.0507389450714067,-1,0
4.28,stage1,-0.011984873998923088,0.0481282266254034,-1,0
4.281,stage1,-0.011984873998923088,0.0481282266254034,-1,0
4.282,stage1,-0.011984873998923088,0.0481282266254034,-1,0
4.283,stage1,-0.011984873998923088,0.0481282266254034,-1,0
4.284,stage1,-0.011984873998923088,0.0481282266254034,-1,0
4.285,stage1,-0.011984873998923088,0.0481282266254034,-1,0
4.286,stage1,-0.011984873998923088,0.0481282266254034,-1,0
4.287,stage1,-0.011984873998923088,0.0481282266254034,-1,0
4.288,stage1,-0.011984873998923088,0.0481282266254034,-1,0
4.289,stage1,-0.011984873998923088,0.0481282266254034,-1,0
4.29,stage1,-0.011516574521578475,0.04553458108264803,-1,0
4.291,stage1,-0.011516574521578475,0.04553458108264803,-1,0
4.292,stage1,-0.011516574521578475,0.04553458108264803,-1,0
4.293,stage1,-0.011516574521578475,0.04553458108264803,-1,0
4.294,stage1,-0.011516574521578475,0.04553458108264803,-1,0
4.295,stage1,-0.011516574521578475,0.04553458108264803,-1,0
4.296,stage1,-0.011516574521578475,0.04553458108264803,-1,0
4.297,stage1,-0.011516574521578475,0.04553458108264803,-1,0
4.298,stage1,-0.011516574521578475,0.04553458108264803,-1,0
4.299,stage1,-0.011516574521578475,0.04553458108264803,-1,0
4.3,stage1,-0.011074120958610992,0.04295924861017391,-1,0
4.301,stage1,-0.011074120958610992,0.04295924861017391,-1,0
4.302,stage1,-0.011074120958610992,0.04295924861017391,-1,0
4.303,stage1,-0.011074120958610992,0.04295924861017391,-1,0
4.304,stage1,-0.011074120958610992,0.04295924861017391,-1,0
4.305,stage1,-0.011074120958610992,0.04295924861017391,-1,0
4.306,stage1,-0.011074120958610992,0.04295924861017391,-1,0
4.307,stage1,-0.011074120958610992,0.04295924861017391,-1,0
4.308,stage1,-0.011074120958610992,0.04295924861017391,-1,0
4.309,stage1,-0.011074120958610992,0.04295924861017391,-1,0
4.31,stage1,-0.01065732407949214,0.04040344511501138,-1,0
4.311,stage1,-0.01065732407949214,0.04040344511501138,-1,0
4.312,stage1,-0.01065732407949214,0.04040344511501138,-1,0
4.313,stage1,-0.01065732407949214,0.04040344511501138,-1,0
4.314,stage1,-0.01065732407949214,0.04040344511501138,-1,0
4.315,stage1,-0.01065732407949214,0.04040344511501138,-1,0
4.316,stage1,-0.01065732407949214,0.04040344511501138,-1,0
4.317,stage1,-0.01065732407949214,0.04040344511501138,-1,0
4.318,stage1,-0.01065732407949214,0.04040344511501138,-1,0
4.319,stage1,-0.01065732407949214,0.04040344511501138,-1,0
4.32,stage1,-0.01026598261737127,0.037868361897955165,-1,0
4.321,stage1,-0.01026598261737127,0.037868361897955165,-1,0
4.322,stage1,-0.01026598261737127,0.037868361897955165,-1,0
4.323,stage1,-0.01026598261737127,0.037868361897955165,-1,0
4.324,stage1,-0.01026598261737127,0.037868361897955165,-1,0
4.325,stage1,-0.01026598261737127,0.037868361897955165,-1,0
4.326,stage1,-0.01026598261737127,0.037868361897955165,-1,0
4.327,stage1,-0.01026598261737127,0.037868361897955165,-1,0
4.328,stage1,-0.01026598261737127,0.037868361897955165,-1,0
4.329,stage1,-0.01026598261737127,0.037868361897955165,-1,0
4.33,stage1,-0.009899883516803109,0.035355165323166286,-1,0
4.331,stage1,-0.009899883516803109,0.035355165323166286,-1,0
4.332,stage1,-0.009899883516803109,0.035355165323166286,-1,0
4.333,stage1,-0.009899883516803109,0.035355165323166286,-1,0
4.334,stage1,-0.009899883516803109,0.035355165323166286,-1,0
4.335,stage1,-0.009899883516803109,0.035355165323166286,-1,0
4.336,stage1,-0.009899883516803109,0.035355165323166286,-1,0
4.337,stage1,-0.009899883516803109,0.035355165323166286,-1,0
4.338,stage1,-0.009899883516803109,0.035355165323166286,-1,0
4.339,stage1,-0.009899883516803109,0.035355165323166286,-1,0
4.34,stage1,-0.009558802184700059,0.03286499650361345,-1,0
4.341,stage1,-0.009558802184700059,0.03286499650361345,-1,0
4.342,stage1,-0.009558802184700059,0.03286499650361345,-1,0
4.343,stage1,-0.009558802184700059,0.03286499650361345,-1,0
4.344,stage1,-0.009558802184700059,0.03286499650361345,-1,0
4.345,stage1,-0.009558802184700059,0.03286499650361345,-1,0
4.346,stage1,-0.009558802184700059,0.03286499650361345,-1,0
4.347,stage1,-0.009558802184700059,0.03286499650361345,-1,0
4.348,stage1,-0.009558802184700059,0.03286499650361345,-1,0
4.349,stage1,-0.009558802184700059,0.03286499650361345,-1,0
4.35,stage1,-0.00924250274435085,0.030398971002364827,-1,0
4.351,stage1,-0.00924250274435085,0.030398971002364827,-1,0
4.352,stage1,-0.00924250274435085,0.030398971002364827,-1,0
4.353,stage1,-0.00924250274435085,0.030398971002364827,-1,0
4.354,stage1,-0.00924250274435085,0.030398971002364827,-1,0
4.355,stage1,-0.00924250274435085,0.030398971002364827,-1,0
4.356,stage1,-0.00924250274435085,0.030398971002364827,-1,0
4.357,stage1,-0.00924250274435085,0.030398971002364827,-1,0
4.358,stage1,-0.00924250274435085,0.030398971002364827,-1,0
4.359,stage1,-0.00924250274435085,0.030398971002364827,-1,0
4.36,stage1,-0.008950738292347177,0.02795817854968818,-1,0
4.361,stage1,-0.008950738292347177,0.02795817854968818,-1,0
4.362,stage1,-0.008950738292347177,0.02795817854968818,-1,0
4.363,stage1,-0.008950738292347177,0.02795817854968818,-1,0
4.364,stage1,-0.008950738292347177,0.02795817854968818,-1,0
4.365,stage1,-0.008950738292347177,0.02795817854968818,-1,0
4.366,stage1,-0.008950738292347177,0.02795817854968818,-1,0
4.367,stage1,-0.008950738292347177,0.02795817854968818,-1,0
4.368,stage1,-0.008950738292347177,0.02795817854968818,-1,0
4.369,stage1,-0.008950738292347177,0.02795817854968818,-1,0
4.37,stage1,-0.008683251158260331,0.025543682775955097,-1,0
4.371,stage1,-0.008683251158260331,0.025543682775955097,-1,0
4.372,stage1,-0.008683251158260331,0.025543682775955097,-1,0
4.373,stage1,-0.008683251158260331,0.025543682775955097,-1,0
4.374,stage1,-0.008683251158260331,0.025543682775955097,-1,0
4.375,stage1,-0.008683251158260331,0.025543682775955097,-1,0
4.376,stage1,-0.008683251158260331,0.025543682775955097,-1,0
4.377,stage1,-0.008683251158260331,0.025543682775955097,-1,0
4.378,stage1,-0.008683251158260331,0.025543682775955097,-1,0
4.379,stage1,-0.008683251158260331,0.025543682775955097,-1,0
4.38,stage1,-0.008439773166909872,0.023156520960319442,-1,0
4.381,stage1,-0.008439773166909872,0.023156520960319442,-1,0
4.382,stage1,-0.008439773166909872,0.023156520960319442,-1,0
4.383,stage1,-0.008439773166909872,0.023156520960319442,-1,0
4.384,stage1,-0.008439773166909872,0.023156520960319442,-1,0
4.385,stage1,-0.008439773166909872,0.023156520960319442,-1,0
4.386,stage1,-0.008439773166909872,0.023156520960319442,-1,0
4.387,stage1,-0.008439773166909872,0.023156520960319442,-1,0
4.388,stage1,-0.008439773166909872,0.023156520960319442,-1,0
4.389,stage1,-0.008439773166909872,0.023156520960319442,-1,0
4.39,stage1,-0.008220025903066813,0.020797703795132835,-1,0
4.391,stage1,-0.008220025903066813,0.020797703795132835,-1,0
4.392,stage1,-0.008220025903066813,0.020797703795132835,-1,0
4.393,stage1,-0.008220025903066813,0.020797703795132835,-1,0
4.394,stage1,-0.008220025903066813,0.020797703795132835,-1,0
4.395,stage1,-0.008220025903066813,0.020797703795132835,-1,0
4.396,stage1,-0.008220025903066813,0.020797703795132835,-1,0
4.397,stage1,-0.008220025903066813,0.020797703795132835,-1,0
4.398,stage1,-0.008220025903066813,0.020797703795132835,-1,0
4.399,stage1,-0.008220025903066813,0.020797703795132835,-1,0
4.4,stage1,-0.008023720978434129,0.018468215166053587,-1,0
4.401,stage1,-0.008023720978434129,0.018468215166053587,-1,0
4.402,stage1,-0.008023720978434129,0.018468215166053587,-1,0
4.403,stage1,-0.008023720978434129,0.018468215166053587,-1,0
4.404,stage1,-0.008023720978434129,0.018468215166053587,-1,0
4.405,stage1,-0.008023720978434129,0.018468215166053587,-1,0
4.406,stage1,-0.008023720978434129,0.018468215166053587,-1,0
4.407,stage1,-0.008023720978434129,0.018468215166053587,-1,0
4.408,stage1,-0.008023720978434129,0.018468215166053587,-1,0
4.409,stage1,-0.008023720978434129,0.018468215166053587,-1,0
4.41,stage1,-0.007850560300747933,0.01616901194779825,-1,0
4.411,stage1,-0.007850560300747933,0.01616901194779825,-1,0
4.412,stage1,-0.007850560300747933,0.01616901194779825,-1,0
4.413,stage1,-0.007850560300747933,0.01616901194779825,-1,0
4.414,stage1,-0.007850560300747933,0.01616901194779825,-1,0
4.415,stage1,-0.007850560300747933,0.01616901194779825,-1,0
4.416,stage1,-0.007850560300747933,0.01616901194779825,-1,0
4.417,stage1,-0.007850560300747933,0.01616901194779825,-1,0
4.418,stage1,-0.007850560300747933,0.01616901194779825,-1,0
4.419,stage1,-0.007850560300747933,0.01616901194779825,-1,0
4.42,stage1,-0.0077002363448431515,0.01390102381547762,-1,0
4.421,stage1,-0.0077002363448431515,0.01390102381547762,-1,0
4.422,stage1,-0.0077002363448431515,0.01390102381547762,-1,0
4.423,stage1,-0.0077002363448431515,0.01390102381547762,-1,0
4.424,stage1,-0.0077002363448431515,0.01390102381547762,-1,0
4.425,stage1,-0.0077002363448431515,0.01390102381547762,-1,0
4.426,stage1,-0.0077002363448431515,0.01390102381547762,-1,0
4.427,stage1,-0.0077002363448431515,0.01390102381547762,-1,0
4.428,stage1,-0.0077002363448431515,0.01390102381547762,-1,0
4.429,stage1,-0.0077002363448431515,0.01390102381547762,-1,0
4.43,stage1,-0.007572432425528197,0.011665153071451936,-1,0
4.431,stage1,-0.007572432425528197,0.011665153071451936,-1,0
4.432,stage1,-0.007572432425528197,0.011665153071451936,-1,0
4.433,stage1,-0.007572432425528197,0.011665153071451936,-1,0
4.434,stage1,-0.007572432425528197,0.011665153071451936,-1,0
4.435,stage1,-0.007572432425528197,0.011665153071451936,-1,0
4.436,stage1,-0.007572432425528197,0.011665153071451936,-1,0
4.437,stage1,-0.007572432425528197,0.011665153071451936,-1,0
4.438,stage1,-0.007572432425528197,0.011665153071451936,-1,0
4.439,stage1,-0.007572432425528197,0.011665153071451936,-1,0
4.44,stage1,-0.007466822972113786,0.009462274487632927,-1,0
4.441,stage1,-0.007466822972113786,0.009462274487632927,-1,0
4.442,stage1,-0.007466822972113786,0.009462274487632927,-1,0
4.443,stage1,-0.007466822972113786,0.009462274487632927,-1,0
4.444,stage1,-0.007466822972113786,0.009462274487632927,-1,0
4.445,stage1,-0.007466822972113786,0.009462274487632927,-1,0
4.446,stage1,-0.007466822972113786,0.009462274487632927,-1,0
4.447,stage1,-0.007466822972113786,0.009462274487632927,-1,0
4.448,stage1,-0.007466822972113786,0.009462274487632927,-1,0
4.449,stage1,-0.007466822972113786,0.009462274487632927,-1,0
4.45,stage1,-0.00738307380444183,0.0072932351631534295,-1,0
4.451,stage1,-0.00738307380444183,0.0072932351631534295,-1,0
4.452,stage1,-0.00738307380444183,0.0072932351631534295,-1,0
4.453,stage1,-0.00738307380444183,0.0072932351631534295,-1,0
4.454,stage1,-0.00738307380444183,0.0072932351631534295,-1,0
4.455,stage1,-0.00738307380444183,0.0072932351631534295,-1,0
4.456,stage1,-0.00738307380444183,0.0072932351631534295,-1,0
4.457,stage1,-0.00738307380444183,0.0072932351631534295,-1,0
4.458,stage1,-0.00738307380444183,0.0072932351631534295,-1,0
4.459,stage1,-0.00738307380444183,0.0072932351631534295,-1,0
4.46,stage1,-0.007320842410261159,0.005158854397318482,-1,0
4.461,stage1,-0.007320842410261159,0.005158854397318482,-1,0
4.462,stage1,-0.007320842410261159,0.005158854397318482,-1,0
4.463,stage1,-0.007320842410261159,0.005158854397318482,-1,0
4.464,stage1,-0.007320842410261159,0.005158854397318482,-1,0
4.465,stage1,-0.007320842410261159,0.005158854397318482,-1,0
4.466,stage1,-0.007320842410261159,0.005158854397318482,-1,0
4.467,stage1,-0.007320842410261159,0.005158854397318482,-1,0
4.468,stage1,-0.007320842410261159,0.005158854397318482,-1,0
4.469,stage1,-0.007320842410261159,0.005158854397318482,-1,0
4.47,stage1,-0.007279778223797696,0.0030599235777450605,-1,0
4.471,stage1,-0.007279778223797696,0.0030599235777450605,-1,0
4.472,stage1,-0.007279778223797696,0.0030599235777450605,-1,0
4.473,stage1,-0.007279778223797696,0.0030599235777450605,-1,0
4.474,stage1,-0.007279778223797696,0.0030599235777450605,-1,0
4.475,stage1,-0.007279778223797696,0.0030599235777450605,-1,0
4.476,stage1,-0.007279778223797696,0.0030599235777450605,-1,0
4.477,stage1,-0.007279778223797696,0.0030599235777450605,-1,0
4.478,stage1,-0.007279778223797696,0.0030599235777450605,-1,0
4.479,stage1,-0.007279778223797696,0.0030599235777450605,-1,0
4.48,stage1,-0.007259522905367716,0.0009972060835910291,-1,0
4.481,stage1,-0.007259522905367716,0.0009972060835910291,-1,0
4.482,stage1,-0.007259522905367716,0.0009972060835910291,-1,0
4.483,stage1,-0.007259522905367716,0.0009972060835910291,-1,0
4.484,stage1,-0.007259522905367716,0.0009972060835910291,-1,0
4.485,stage1,-0.007259522905367716,0.0009972060835910291,-1,0
4.486,stage1,-0.007259522905367716,0.0009972060835910291,-1,0
4.487,stage1,-0.007259522905367716,0.0009972060835910291,-1,0
4.488,stage1,-0.007259522905367716,0.0009972060835910291,-1,0
4.489,stage1,-0.007259522905367716,0.0009972060835910291,-1,0
4.49,stage1,-0.007259710621883801,-0.0010285627962326265,-1,0
4.491,stage1,-0.007259710621883801,-0.0010285627962326265,-1,0
4.492,stage1,-0.007259710621883801,-0.0010285627962326265,-1,0
4.493,stage1,-0.007259710621883801,-0.0010285627962326265,-1,0
4.494,stage1,-0.007259710621883801,-0.0010285627962326265,-1,0
4.495,stage1,-0.007259710621883801,-0.0010285627962326265,-1,0
4.496,stage1,-0.007259710621883801,-0.0010285627962326265,-1,0
4.497,stage1,-0.007259710621883801,-0.0010285627962326265,-1,0
4.498,stage1,-0.007259710621883801,-0.0010285627962326265,-1,0
4.499,stage1,-0.007259710621883801,-0.0010285627962326265,-1,0
4.5,stage1,-0.007279968328104231,-0.0030166759299785676,-1,0
4.501,stage1,-0.007279968328104231,-0.0030166759299785676,-1,0
4.502,stage1,-0.007279968328104231,-0.0030166759299785676,-1,0
4.503,stage1,-0.007279968328104231,-0.0030166759299785676,-1,0
4.504,stage1,-0.007279968328104231,-0.0030166759299785676,-1,0
4.505,stage1,-0.007279968328104231,-0.0030166759299785676,-1,0
4.506,stage1,-0.007279968328104231,-0.0030166759299785676,-1,0
4.507,stage1,-0.007279968328104231,-0.0030166759299785676,-1,0
4.508,stage1,-0.007279968328104231,-0.0030166759299785676,-1,0
4.509,stage1,-0.007279968328104231,-0.0030166759299785676,-1,0
4.51,stage1,-0.007319916048477669,-0.004966454395227434,-1,0
4.511,stage1,-0.007319916048477669,-0.004966454395227434,-1,0
4.512,stage1,-0.007319916048477669,-0.004966454395227434,-1,0
4.513,stage1,-0.007319916048477669,-0.004966454395227434,-1,0
4.514,stage1,-0.007319916048477669,-0.004966454395227434,-1,0
4.515,stage1,-0.007319916048477669,-0.004966454395227434,-1,0
4.516,stage1,-0.007319916048477669,-0.004966454395227434,-1,0
4.517,stage1,-0.007319916048477669,-0.004966454395227434,-1,0
4.518,stage1,-0.007319916048477669,-0.004966454395227434,-1,0
4.519,stage1,-0.007319916048477669,-0.004966454395227434,-1,0
4.52,stage1,-0.007379167159436255,-0.006877247516424405,-1,0
4.521,stage1,-0.007379167159436255,-0.006877247516424405,-1,0
4.522,stage1,-0.007379167159436255,-0.006877247516424405,-1,0
4.523,stage1,-0.007379167159436255,-0.006877247516424405,-1,0
4.524,stage1,-0.007379167159436255,-0.006877247516424405,-1,0
4.525,stage1,-0.007379167159436255,-0.006877247516424405,-1,0
4.526,stage1,-0.007379167159436255,-0.006877247516424405,-1,0
4.527,stage1,-0.007379167159436255,-0.006877247516424405,-1,0
4.528,stage1,-0.007379167159436255,-0.006877247516424405,-1,0
4.529,stage1,-0.007379167159436255,-0.006877247516424405,-1,0
4.53,stage1,-0.00745732867199146,-0.008748432887918697,-1,0
4.531,stage1,-0.00745732867199146,-0.008748432887918697,-1,0
4.532,stage1,-0.00745732867199146,-0.008748432887918697,-1,0
4.533,stage1,-0.00745732867199146,-0.008748432887918697,-1,0
4.534,stage1,-0.00745732867199146,-0.008748432887918697,-1,0
4.535,stage1,-0.00745732867199146,-0.008748432887918697,-1,0
4.536,stage1,-0.00745732867199146,-0.008748432887918697,-1,0
4.537,stage1,-0.00745732867199146,-0.008748432887918697,-1,0
4.538,stage1,-0.00745732867199146,-0.008748432887918697,-1,0
4.539,stage1,-0.00745732867199146,-0.008748432887918697,-1,0
4.54,stage1,-0.007554001514488428,-0.010579416382642533,-1,0
4.541,stage1,-0.007554001514488428,-0.010579416382642533,-1,0
4.542,stage1,-0.007554001514488428,-0.010579416382642533,-1,0
4.543,stage1,-0.007554001514488428,-0.010579416382642533,-1,0
4.544,stage1,-0.007554001514488428,-0.010579416382642533,-1,0
4.545,stage1,-0.007554001514488428,-0.010579416382642533,-1,0
4.546,stage1,-0.007554001514488428,-0.010579416382642533,-1,0
4.547,stage1,-0.007554001514488428,-0.010579416382642533,-1,0
4.548,stage1,-0.007554001514488428,-0.010579416382642533,-1,0
4.549,stage1,-0.007554001514488428,-0.010579416382642533,-1,0
4.55,stage1,-0.007668780815375886,-0.012369632146571946,-1,0
4.551,stage1,-0.007668780815375886,-0.012369632146571946,-1,0
4.552,stage1,-0.007668780815375886,-0.012369632146571946,-1,0
4.553,stage1,-0.007668780815375886,-0.012369632146571946,-1,0
4.554,stage1,-0.007668780815375886,-0.012369632146571946,-1,0
4.555,stage1,-0.007668780815375886,-0.012369632146571946,-1,0
4.556,stage1,-0.007668780815375886,-0.012369632146571946,-1,0
4.557,stage1,-0.007668780815375886,-0.012369632146571946,-1,0
4.558,stage1,-0.007668780815375886,-0.012369632146571946,-1,0
4.559,stage1,-0.007668780815375886,-0.012369632146571946,-1,0
4.56,stage1,-0.007801256185850193,-0.014118542579117333,-1,0
4.561,stage1,-0.007801256185850193,-0.014118542579117333,-1,0
4.562,stage1,-0.007801256185850193,-0.014118542579117333,-1,0
4.563,stage1,-0.007801256185850193,-0.014118542579117333,-1,0
4.564,stage1,-0.007801256185850193,-0.014118542579117333,-1,0
4.565,stage1,-0.007801256185850193,-0.014118542579117333,-1,0
4.566,stage1,-0.007801256185850193,-0.014118542579117333,-1,0
4.567,stage1,-0.007801256185850193,-0.014118542579117333,-1,0
4.568,stage1,-0.007801256185850193,-0.014118542579117333,-1,0
4.569,stage1,-0.007801256185850193,-0.014118542579117333,-1,0
4.57,stage1,-0.00795101200223358,-0.01582563829959723,-1,0
4.571,stage1,-0.00795101200223358,-0.01582563829959723,-1,0
4.572,stage1,-0.00795101200223358,-0.01582563829959723,-1,0
4.573,stage1,-0.00795101200223358,-0.01582563829959723,-1,0
4.574,stage1,-0.00795101200223358,-0.01582563829959723,-1,0
4.575,stage1,-0.00795101200223358,-0.01582563829959723,-1,0
4.576,stage1,-0.00795101200223358,-0.01582563829959723,-1,0
4.577,stage1,-0.00795101200223358,-0.01582563829959723,-1,0
4.578,stage1,-0.00795101200223358,-0.01582563829959723,-1,0
4.579,stage1,-0.00795101200223358,-0.01582563829959723,-1,0
4.58,stage1,-0.008117627687948199,-0.017490438099954077,-1,0
4.581,stage1,-0.008117627687948199,-0.017490438099954077,-1,0
4.582,stage1,-0.008117627687948199,-0.017490438099954077,-1,0
4.583,stage1,-0.008117627687948199,-0.017490438099954077,-1,0
4.584,stage1,-0.008117627687948199,-0.017490438099954077,-1,0
4.585,stage1,-0.008117627687948199,-0.017490438099954077,-1,0
4.586,stage1,-0.008117627687948199,-0.017490438099954077,-1,0
4.587,stage1,-0.008117627687948199,-0.017490438099954077,-1,0
4.588,stage1,-0.008117627687948199,-0.017490438099954077,-1,0
4.589,stage1,-0.008117627687948199,-0.017490438099954077,-1,0
4.59,stage1,-0.00830067799494923,-0.019112488883876077,-1,0
4.591,stage1,-0.00830067799494923,-0.019112488883876077,-1,0
4.592,stage1,-0.00830067799494923,-0.019112488883876077,-1,0
4.593,stage1,-0.00830067799494923,-0.019112488883876077,-1,0
4.594,stage1,-0.00830067799494923,-0.019112488883876077,-1,0
4.595,stage1,-0.00830067799494923,-0.019112488883876077,-1,0
4.596,stage1,-0.00830067799494923,-0.019112488883876077,-1,0
4.597,stage1,-0.00830067799494923,-0.019112488883876077,-1,0
4.598,stage1,-0.00830067799494923,-0.019112488883876077,-1,0
4.599,stage1,-0.00830067799494923,-0.019112488883876077,-1,0
4.6,stage1,-0.008499733284481935,-0.020691365592494217,-1,0
4.601,stage1,-0.008499733284481935,-0.020691365592494217,-1,0
4.602,stage1,-0.008499733284481935,-0.020691365592494217,-1,0
4.603,stage1,-0.008499733284481935,-0.020691365592494217,-1,0
4.604,stage1,-0.008499733284481935,-0.020691365592494217,-1,0
4.605,stage1,-0.008499733284481935,-0.020691365592494217,-1,0
4.606,stage1,-0.008499733284481935,-0.020691365592494217,-1,0
4.607,stage1,-0.008499733284481935,-0.020691365592494217,-1,0
4.608,stage1,-0.008499733284481935,-0.020691365592494217,-1,0
4.609,stage1,-0.008499733284481935,-0.020691365592494217,-1,0
4.61,stage1,-0.008714359807029282,-0.022226671116828592,-1,0
4.611,stage1,-0.008714359807029282,-0.022226671116828592,-1,0
4.612,stage1,-0.008714359807029282,-0.022226671116828592,-1,0
4.613,stage1,-0.008714359807029282,-0.022226671116828592,-1,0
4.614,stage1,-0.008714359807029282,-0.022226671116828592,-1,0
4.615,stage1,-0.008714359807029282,-0.022226671116828592,-1,0
4.616,stage1,-0.008714359807029282,-0.022226671116828592,-1,0
4.617,stage1,-0.008714359807029282,-0.022226671116828592,-1,0
4.618,stage1,-0.008714359807029282,-0.022226671116828592,-1,0
4.619,stage1,-0.008714359807029282,-0.022226671116828592,-1,0
4.62,stage1,-0.008944119981318527,-0.023718036197162937,-1,0
4.621,stage1,-0.008944119981318527,-0.023718036197162937,-1,0
4.622,stage1,-0.008944119981318527,-0.023718036197162937,-1,0
4.623,stage1,-0.008944119981318527,-0.023718036197162937,-1,0
4.624,stage1,-0.008944119981318527,-0.023718036197162937,-1,0
4.625,stage1,-0.008944119981318527,-0.023718036197162937,-1,0
4.626,stage1,-0.008944119981318527,-0.023718036197162937,-1,0
4.627,stage1,-0.008944119981318527,-0.023718036197162937,-1,0
4.628,stage1,-0.008944119981318527,-0.023718036197162937,-1,0
4.629,stage1,-0.008944119981318527,-0.023718036197162937,-1,0
4.63,stage1,-0.00918857267225694,-0.025165119309530984,-1,0
4.631,stage1,-0.00918857267225694,-0.025165119309530984,-1,0
4.632,stage1,-0.00918857267225694,-0.025165119309530984,-1,0
4.633,stage1,-0.00918857267225694,-0.025165119309530984,-1,0
4.634,stage1,-0.00918857267225694,-0.025165119309530984,-1,0
4.635,stage1,-0.00918857267225694,-0.025165119309530984,-1,0
4.636,stage1,-0.00918857267225694,-0.025165119309530984,-1,0
4.637,stage1,-0.00918857267225694,-0.025165119309530984,-1,0
4.638,stage1,-0.00918857267225694,-0.025165119309530984,-1,0
4.639,stage1,-0.00918857267225694,-0.025165119309530984,-1,0
4.64,stage1,-0.009447273467668747,-0.026567606539502804,-1,0
4.641,stage1,-0.009447273467668747,-0.026567606539502804,-1,0
4.642,stage1,-0.009447273467668747,-0.026567606539502804,-1,0
4.643,stage1,-0.009447273467668747,-0.026567606539502804,-1,0
4.644,stage1,-0.009447273467668747,-0.026567606539502804,-1,0
4.645,stage1,-0.009447273467668747,-0.026567606539502804,-1,0
4.646,stage1,-0.009447273467668747,-0.026567606539502804,-1,0
4.647,stage1,-0.009447273467668747,-0.026567606539502804,-1,0
4.648,stage1,-0.009447273467668747,-0.026567606539502804,-1,0
4.649,stage1,-0.009447273467668747,-0.026567606539502804,-1,0
4.65,stage1,-0.009719774953707223,-0.027925211443463695,-1,0
4.651,stage1,-0.009719774953707223,-0.027925211443463695,-1,0
4.652,stage1,-0.009719774953707223,-0.027925211443463695,-1,0
4.653,stage1,-0.009719774953707223,-0.027925211443463695,-1,0
4.654,stage1,-0.009719774953707223,-0.027925211443463695,-1,0
4.655,stage1,-0.009719774953707223,-0.027925211443463695,-1,0
4.656,stage1,-0.009719774953707223,-0.027925211443463695,-1,0
4.657,stage1,-0.009719774953707223,-0.027925211443463695,-1,0
4.658,stage1,-0.009719774953707223,-0.027925211443463695,-1,0
4.659,stage1,-0.009719774953707223,-0.027925211443463695,-1,0
4.66,stage1,-0.010005626988817864,-0.02923767489758246,-1,0
4.661,stage1,-0.010005626988817864,-0.02923767489758246,-1,0
4.662,stage1,-0.010005626988817864,-0.02923767489758246,-1,0
4.663,stage1,-0.010005626988817864,-0.02923767489758246,-1,0
4.664,stage1,-0.010005626988817864,-0.02923767489758246,-1,0
4.665,stage1,-0.010005626988817864,-0.02923767489758246,-1,0
4.666,stage1,-0.010005626988817864,-0.02923767489758246,-1,0
4.667,stage1,-0.010005626988817864,-0.02923767489758246,-1,0
4.668,stage1,-0.010005626988817864,-0.02923767489758246,-1,0
4.669,stage1,-0.010005626988817864,-0.02923767489758246,-1,0
4.67,stage1,-0.010304376976130531,-0.030504764934670046,-1,0
4.671,stage1,-0.010304376976130531,-0.030504764934670046,-1,0
4.672,stage1,-0.010304376976130531,-0.030504764934670046,-1,0
4.673,stage1,-0.010304376976130531,-0.030504764934670046,-1,0
4.674,stage1,-0.010304376976130531,-0.030504764934670046,-1,0
4.675,stage1,-0.010304376976130531,-0.030504764934670046,-1,0
4.676,stage1,-0.010304376976130531,-0.030504764934670046,-1,0
4.677,stage1,-0.010304376976130531,-0.030504764934670046,-1,0
4.678,stage1,-0.010304376976130531,-0.030504764934670046,-1,0
4.679,stage1,-0.010304376976130531,-0.030504764934670046,-1,0
4.68,stage1,-0.010615570134160465,-0.031726276569133474,-1,0
4.681,stage1,-0.010615570134160465,-0.031726276569133474,-1,0
4.682,stage1,-0.010615570134160465,-0.031726276569133474,-1,0
4.683,stage1,-0.010615570134160465,-0.031726276569133474,-1,0
4.684,stage1,-0.010615570134160465,-0.031726276569133474,-1,0
4.685,stage1,-0.010615570134160465,-0.031726276569133474,-1,0
4.686,stage1,-0.010615570134160465,-0.031726276569133474,-1,0
4.687,stage1,-0.010615570134160465,-0.031726276569133474,-1,0
4.688,stage1,-0.010615570134160465,-0.031726276569133474,-1,0
4.689,stage1,-0.010615570134160465,-0.031726276569133474,-1,0
4.69,stage1,-0.010938749765700213,-0.032902031610233896,-1,0
4.691,stage1,-0.010938749765700213,-0.032902031610233896,-1,0
4.692,stage1,-0.010938749765700213,-0.032902031610233896,-1,0
4.693,stage1,-0.010938749765700213,-0.032902031610233896,-1,0
4.694,stage1,-0.010938749765700213,-0.032902031610233896,-1,0
4.695,stage1,-0.010938749765700213,-0.032902031610233896,-1,0
4.696,stage1,-0.010938749765700213,-0.032902031610233896,-1,0
4.697,stage1,-0.010938749765700213,-0.032902031610233896,-1,0
4.698,stage1,-0.010938749765700213,-0.032902031610233896,-1,0
4.699,stage1,-0.010938749765700213,-0.032902031610233896,-1,0
4.7,stage1,-0.011273457524786515,-0.03403187846386125,-1,0
4.701,stage1,-0.011273457524786515,-0.03403187846386125,-1,0
4.702,stage1,-0.011273457524786515,-0.03403187846386125,-1,0
4.703,stage1,-0.011273457524786515,-0.03403187846386125,-1,0
4.704,stage1,-0.011273457524786515,-0.03403187846386125,-1,0
4.705,stage1,-0.011273457524786515,-0.03403187846386125,-1,0
4.706,stage1,-0.011273457524786515,-0.03403187846386125,-1,0
4.707,stage1,-0.011273457524786515,-0.03403187846386125,-1,0
4.708,stage1,-0.011273457524786515,-0.03403187846386125,-1,0
4.709,stage1,-0.011273457524786515,-0.03403187846386125,-1,0
4.71,stage1,-0.011619233681628446,-0.03511569192304159,-1,0
4.711,stage1,-0.011619233681628446,-0.03511569192304159,-1,0
4.712,stage1,-0.011619233681628446,-0.03511569192304159,-1,0
4.713,stage1,-0.011619233681628446,-0.03511569192304159,-1,0
4.714,stage1,-0.011619233681628446,-0.03511569192304159,-1,0
4.715,stage1,-0.011619233681628446,-0.03511569192304159,-1,0
4.716,stage1,-0.011619233681628446,-0.03511569192304159,-1,0
4.717,stage1,-0.011619233681628446,-0.03511569192304159,-1,0
4.718,stage1,-0.011619233681628446,-0.03511569192304159,-1,0
4.719,stage1,-0.011619233681628446,-0.03511569192304159,-1,0
4.72,stage1,-0.011975617385385181,-0.03615337294739655,-1,0
4.721,stage1,-0.011975617385385181,-0.03615337294739655,-1,0
4.722,stage1,-0.011975617385385181,-0.03615337294739655,-1,0
4.723,stage1,-0.011975617385385181,-0.03615337294739655,-1,0
4.724,stage1,-0.011975617385385181,-0.03615337294739655,-1,0
4.725,stage1,-0.011975617385385181,-0.03615337294739655,-1,0
4.726,stage1,-0.011975617385385181,-0.03615337294739655,-1,0
4.727,stage1,-0.011975617385385181,-0.03615337294739655,-1,0
4.728,stage1,-0.011975617385385181,-0.03615337294739655,-1,0
4.729,stage1,-0.011975617385385181,-0.03615337294739655,-1,0
4.73,stage1,-0.012342146924684062,-0.03714484843177772,-1,0
4.731,stage1,-0.012342146924684062,-0.03714484843177772,-1,0
4.732,stage1,-0.012342146924684062,-0.03714484843177772,-1,0
4.733,stage1,-0.012342146924684062,-0.03714484843177772,-1,0
4.734,stage1,-0.012342146924684062,-0.03714484843177772,-1,0
4.735,stage1,-0.012342146924684062,-0.03714484843177772,-1,0
4.736,stage1,-0.012342146924684062,-0.03714484843177772,-1,0
4.737,stage1,-0.012342146924684062,-0.03714484843177772,-1,0
4.738,stage1,-0.012342146924684062,-0.03714484843177772,-1,0
4.739,stage1,-0.012342146924684062,-0.03714484843177772,-1,0
4.74,stage1,-0.012718359985771819,-0.03809007096430176,-1,0
4.741,stage1,-0.012718359985771819,-0.03809007096430176,-1,0
4.742,stage1,-0.012718359985771819,-0.03809007096430176,-1,0
4.743,stage1,-0.012718359985771819,-0.03809007096430176,-1,0
4.744,stage1,-0.012718359985771819,-0.03809007096430176,-1,0
4.745,stage1,-0.012718359985771819,-0.03809007096430176,-1,0
4.746,stage1,-0.012718359985771819,-0.03809007096430176,-1,0
4.747,stage1,-0.012718359985771819,-0.03809007096430176,-1,0
4.748,stage1,-0.012718359985771819,-0.03809007096430176,-1,0
4.749,stage1,-0.012718359985771819,-0.03809007096430176,-1,0
4.75,stage1,-0.013103793908194092,-0.038989018574015204,-1,0
4.751,stage1,-0.013103793908194092,-0.038989018574015204,-1,0
4.752,stage1,-0.013103793908194092,-0.038989018574015204,-1,0
4.753,stage1,-0.013103793908194092,-0.038989018574015204,-1,0
4.754,stage1,-0.013103793908194092,-0.038989018574015204,-1,0
4.755,stage1,-0.013103793908194092,-0.038989018574015204,-1,0
4.756,stage1,-0.013103793908194092,-0.038989018574015204,-1,0
4.757,stage1,-0.013103793908194092,-0.038989018574015204,-1,0
4.758,stage1,-0.013103793908194092,-0.038989018574015204,-1,0
4.759,stage1,-0.013103793908194092,-0.038989018574015204,-1,0
4.76,stage1,-0.013497985937900728,-0.039841694468420556,-1,0
4.761,stage1,-0.013497985937900728,-0.039841694468420556,-1,0
4.762,stage1,-0.013497985937900728,-0.039841694468420556,-1,0
4.763,stage1,-0.013497985937900728,-0.039841694468420556,-1,0
4.764,stage1,-0.013497985937900728,-0.039841694468420556,-1,0
4.765,stage1,-0.013497985937900728,-0.039841694468420556,-1,0
4.766,stage1,-0.013497985937900728,-0.039841694468420556,-1,0
4.767,stage1,-0.013497985937900728,-0.039841694468420556,-1,0
4.768,stage1,-0.013497985937900728,-0.039841694468420556,-1,0
4.769,stage1,-0.013497985937900728,-0.039841694468420556,-1,0
4.77,stage1,-0.01390047347767661,-0.04064812676109815,-1,0
4.771,stage1,-0.01390047347767661,-0.04064812676109815,-1,0
4.772,stage1,-0.01390047347767661,-0.04064812676109815,-1,0
4.773,stage1,-0.01390047347767661,-0.04064812676109815,-1,0
4.774,stage1,-0.01390047347767661,-0.04064812676109815,-1,0
4.775,stage1,-0.01390047347767661,-0.04064812676109815,-1,0
4.776,stage1,-0.01390047347767661,-0.04064812676109815,-1,0
4.777,stage1,-0.01390047347767661,-0.04064812676109815,-1,0
4.778,stage1,-0.01390047347767661,-0.04064812676109815,-1,0
4.779,stage1,-0.01390047347767661,-0.04064812676109815,-1,0
4.78,stage1,-0.014310794334800172,-0.04140836818966071,-1,0
4.781,stage1,-0.014310794334800172,-0.04140836818966071,-1,0
4.782,stage1,-0.014310794334800172,-0.04140836818966071,-1,0
4.783,stage1,-0.014310794334800172,-0.04140836818966071,-1,0
4.784,stage1,-0.014310794334800172,-0.04140836818966071,-1,0
4.785,stage1,-0.014310794334800172,-0.04140836818966071,-1,0
4.786,stage1,-0.014310794334800172,-0.04140836818966071,-1,0
4.787,stage1,-0.014310794334800172,-0.04140836818966071,-1,0
4.788,stage1,-0.014310794334800172,-0.04140836818966071,-1,0
4.789,stage1,-0.014310794334800172,-0.04140836818966071,-1,0
4.79,stage1,-0.014728486965834125,-0.042122495824279974,-1,0
4.791,stage1,-0.014728486965834125,-0.042122495824279974,-1,0
4.792,stage1,-0.014728486965834125,-0.042122495824279974,-1,0
4.793,stage1,-0.014728486965834125,-0.042122495824279974,-1,0
4.794,stage1,-0.014728486965834125,-0.042122495824279974,-1,0
4.795,stage1,-0.014728486965834125,-0.042122495824279974,-1,0
4.796,stage1,-0.014728486965834125,-0.042122495824279974,-1,0
4.797,stage1,-0.014728486965834125,-0.042122495824279974,-1,0
4.798,stage1,-0.014728486965834125,-0.042122495824279974,-1,0
4.799,stage1,-0.014728486965834125,-0.042122495824279974,-1,0
4.8,stage1,-0.015153090718455314,-0.042790610767027,-2,0
4.801,stage1,-0.015153090718455314,-0.042790610767027,-2,0
4.802,stage1,-0.015153090718455314,-0.042790610767027,-2,0
4.803,stage1,-0.015153090718455314,-0.042790610767027,-2,0
4.804,stage1,-0.015153090718455314,-0.042790610767027,-2,0
4.805,stage1,-0.015153090718455314,-0.042790610767027,-2,0
4.806,stage1,-0.015153090718455314,-0.042790610767027,-2,0
4.807,stage1,-0.015153090718455314,-0.042790610767027,-2,0
4.808,stage1,-0.015153090718455314,-0.042790610767027,-2,0
4.809,stage1,-0.015153090718455314,-0.042790610767027,-2,0
4.81,stage1,-0.015584146070233056,-0.043412837842269944,-2,0
4.811,stage1,-0.015584146070233056,-0.043412837842269944,-2,0
4.812,stage1,-0.015584146070233056,-0.043412837842269944,-2,0
4.813,stage1,-0.015584146070233056,-0.043412837842269944,-2,0
4.814,stage1,-0.015584146070233056,-0.043412837842269944,-2,0
4.815,stage1,-0.015584146070233056,-0.043412837842269944,-2,0
4.816,stage1,-0.015584146070233056,-0.043412837842269944,-2,0
4.817,stage1,-0.015584146070233056,-0.043412837842269944,-2,0
4.818,stage1,-0.015584146070233056,-0.043412837842269944,-2,0
4.819,stage1,-0.015584146070233056,-0.043412837842269944,-2,0
4.82,stage1,-0.01602119486426778,-0.04398932527837503,-2,0
4.821,stage1,-0.01602119486426778,-0.04398932527837503,-2,0
4.822,stage1,-0.01602119486426778,-0.04398932527837503,-2,0
4.823,stage1,-0.01602119486426778,-0.04398932527837503,-2,0
4.824,stage1,-0.01602119486426778,-0.04398932527837503,-2,0
4.825,stage1,-0.01602119486426778,-0.04398932527837503,-2,0
4.826,stage1,-0.01602119486426778,-0.04398932527837503,-2,0
4.827,stage1,-0.01602119486426778,-0.04398932527837503,-2,0
4.828,stage1,-0.01602119486426778,-0.04398932527837503,-2,0
4.829,stage1,-0.01602119486426778,-0.04398932527837503,-2,0
4.83,stage1,-0.016463780541604214,-0.04452024438095827,-2,0
4.831,stage1,-0.016463780541604214,-0.04452024438095827,-2,0
4.832,stage1,-0.016463780541604214,-0.04452024438095827,-2,0
4.833,stage1,-0.016463780541604214,-0.04452024438095827,-2,0
4.834,stage1,-0.016463780541604214,-0.04452024438095827,-2,0
4.835,stage1,-0.016463780541604214,-0.04452024438095827,-2,0
4.836,stage1,-0.016463780541604214,-0.04452024438095827,-2,0
4.837,stage1,-0.016463780541604214,-0.04452024438095827,-2,0
4.838,stage1,-0.016463780541604214,-0.04452024438095827,-2,0
4.839,stage1,-0.016463780541604214,-0.04452024438095827,-2,0
4.84,stage1,-0.016911448370335876,-0.04500578919793726,-2,0
4.841,stage1,-0.016911448370335876,-0.04500578919793726,-2,0
4.842,stage1,-0.016911448370335876,-0.04500578919793726,-2,0
4.843,stage1,-0.016911448370335876,-0.04500578919793726,-2,0
4.844,stage1,-0.016911448370335876,-0.04500578919793726,-2,0
4.845,stage1,-0.016911448370335876,-0.04500578919793726,-2,0
4.846,stage1,-0.016911448370335876,-0.04500578919793726,-2,0
4.847,stage1,-0.016911448370335876,-0.04500578919793726,-2,0
4.848,stage1,-0.016911448370335876,-0.04500578919793726,-2,0
4.849,stage1,-0.016911448370335876,-0.04500578919793726,-2,0
4.85,stage1,-0.01736374567132014,-0.0454461761766338,-2,0
4.851,stage1,-0.01736374567132014,-0.0454461761766338,-2,0
4.852,stage1,-0.01736374567132014,-0.0454461761766338,-2,0
4.853,stage1,-0.01736374567132014,-0.0454461761766338,-2,0
4.854,stage1,-0.01736374567132014,-0.0454461761766338,-2,0
4.855,stage1,-0.01736374567132014,-0.0454461761766338,-2,0
4.856,stage1,-0.01736374567132014,-0.0454461761766338,-2,0
4.857,stage1,-0.01736374567132014,-0.0454461761766338,-2,0
4.858,stage1,-0.01736374567132014,-0.0454461761766338,-2,0
4.859,stage1,-0.01736374567132014,-0.0454461761766338,-2,0
4.86,stage1,-0.01782022204042564,-0.045841643813179685,-2,0
4.861,stage1,-0.01782022204042564,-0.045841643813179685,-2,0
4.862,stage1,-0.01782022204042564,-0.045841643813179685,-2,0
4.863,stage1,-0.01782022204042564,-0.045841643813179685,-2,0
4.864,stage1,-0.01782022204042564,-0.045841643813179685,-2,0
4.865,stage1,-0.01782022204042564,-0.045841643813179685,-2,0
4.866,stage1,-0.01782022204042564,-0.045841643813179685,-2,0
4.867,stage1,-0.01782022204042564,-0.045841643813179685,-2,0
4.868,stage1,-0.01782022204042564,-0.045841643813179685,-2,0
4.869,stage1,-0.01782022204042564,-0.045841643813179685,-2,0
4.87,stage1,-0.01828042956723627,-0.0461924522944791,-2,0
4.871,stage1,-0.01828042956723627,-0.0461924522944791,-2,0
4.872,stage1,-0.01828042956723627,-0.0461924522944791,-2,0
4.873,stage1,-0.01828042956723627,-0.0461924522944791,-2,0
4.874,stage1,-0.01828042956723627,-0.0461924522944791,-2,0
4.875,stage1,-0.01828042956723627,-0.0461924522944791,-2,0
4.876,stage1,-0.01828042956723627,-0.0461924522944791,-2,0
4.877,stage1,-0.01828042956723627,-0.0461924522944791,-2,0
4.878,stage1,-0.01828042956723627,-0.0461924522944791,-2,0
4.879,stage1,-0.01828042956723627,-0.0461924522944791,-2,0
4.88,stage1,-0.018743923050138705,-0.04649888313298237,-2,0
4.881,stage1,-0.018743923050138705,-0.04649888313298237,-2,0
4.882,stage1,-0.018743923050138705,-0.04649888313298237,-2,0
4.883,stage1,-0.018743923050138705,-0.04649888313298237,-2,0
4.884,stage1,-0.018743923050138705,-0.04649888313298237,-2,0
4.885,stage1,-0.018743923050138705,-0.04649888313298237,-2,0
4.886,stage1,-0.018743923050138705,-0.04649888313298237,-2,0
4.887,stage1,-0.018743923050138705,-0.04649888313298237,-2,0
4.888,stage1,-0.018743923050138705,-0.04649888313298237,-2,0
4.889,stage1,-0.018743923050138705,-0.04649888313298237,-2,0
4.89,stage1,-0.019210260207722724,-0.0467612387945266,-2,0
4.891,stage1,-0.019210260207722724,-0.0467612387945266,-2,0
4.892,stage1,-0.019210260207722724,-0.0467612387945266,-2,0
4.893,stage1,-0.019210260207722724,-0.0467612387945266,-2,0
4.894,stage1,-0.019210260207722724,-0.0467612387945266,-2,0
4.895,stage1,-0.019210260207722724,-0.0467612387945266,-2,0
4.896,stage1,-0.019210260207722724,-0.0467612387945266,-2,0
4.897,stage1,-0.019210260207722724,-0.0467612387945266,-2,0
4.898,stage1,-0.019210260207722724,-0.0467612387945266,-2,0
4.899,stage1,-0.019210260207722724,-0.0467612387945266,-2,0
4.9,stage1,-0.019679001886426392,-0.04697984231949986,-2,0
4.901,stage1,-0.019679001886426392,-0.04697984231949986,-2,0
4.902,stage1,-0.019679001886426392,-0.04697984231949986,-2,0
4.903,stage1,-0.019679001886426392,-0.04697984231949986,-2,0
4.904,stage1,-0.019679001886426392,-0.04697984231949986,-2,0
4.905,stage1,-0.019679001886426392,-0.04697984231949986,-2,0
4.906,stage1,-0.019679001886426392,-0.04697984231949986,-2,0
4.907,stage1,-0.019679001886426392,-0.04697984231949986,-2,0
4.908,stage1,-0.019679001886426392,-0.04697984231949986,-2,0
4.909,stage1,-0.019679001886426392,-0.04697984231949986,-2,0
4.91,stage1,-0.020149712264360537,-0.04715503693758605,-2,0
4.911,stage1,-0.020149712264360537,-0.04715503693758605,-2,0
4.912,stage1,-0.020149712264360537,-0.04715503693758605,-2,0
4.913,stage1,-0.020149712264360537,-0.04715503693758605,-2,0
4.914,stage1,-0.020149712264360537,-0.04715503693758605,-2,0
4.915,stage1,-0.020149712264360537,-0.04715503693758605,-2,0
4.916,stage1,-0.020149712264360537,-0.04715503693758605,-2,0
4.917,stage1,-0.020149712264360537,-0.04715503693758605,-2,0
4.918,stage1,-0.020149712264360537,-0.04715503693758605,-2,0
4.919,stage1,-0.020149712264360537,-0.04715503693758605,-2,0
4.92,stage1,-0.02062195905124968,-0.04728718567634841,-2,0
4.921,stage1,-0.02062195905124968,-0.04728718567634841,-2,0
4.922,stage1,-0.02062195905124968,-0.04728718567634841,-2,0
4.923,stage1,-0.02062195905124968,-0.04728718567634841,-2,0
4.924,stage1,-0.02062195905124968,-0.04728718567634841,-2,0
4.925,stage1,-0.02062195905124968,-0.04728718567634841,-2,0
4.926,stage1,-0.02062195905124968,-0.04728718567634841,-2,0
4.927,stage1,-0.02062195905124968,-0.04728718567634841,-2,0
4.928,stage1,-0.02062195905124968,-0.04728718567634841,-2,0
4.929,stage1,-0.02062195905124968,-0.04728718567634841,-2,0
4.93,stage1,-0.021095313684429056,-0.04737667096390981,-2,0
4.931,stage1,-0.021095313684429056,-0.04737667096390981,-2,0
4.932,stage1,-0.021095313684429056,-0.04737667096390981,-2,0
4.933,stage1,-0.021095313684429056,-0.04737667096390981,-2,0
4.934,stage1,-0.021095313684429056,-0.04737667096390981,-2,0
4.935,stage1,-0.021095313684429056,-0.04737667096390981,-2,0
4.936,stage1,-0.021095313684429056,-0.04737667096390981,-2,0
4.937,stage1,-0.021095313684429056,-0.04737667096390981,-2,0
4.938,stage1,-0.021095313684429056,-0.04737667096390981,-2,0
4.939,stage1,-0.021095313684429056,-0.04737667096390981,-2,0
4.94,stage1,-0.02156935152084,-0.04742389422598855,-2,0
4.941,stage1,-0.02156935152084,-0.04742389422598855,-2,0
4.942,stage1,-0.02156935152084,-0.04742389422598855,-2,0
4.943,stage1,-0.02156935152084,-0.04742389422598855,-2,0
4.944,stage1,-0.02156935152084,-0.04742389422598855,-2,0
4.945,stage1,-0.02156935152084,-0.04742389422598855,-2,0
4.946,stage1,-0.02156935152084,-0.04742389422598855,-2,0
4.947,stage1,-0.02156935152084,-0.04742389422598855,-2,0
4.948,stage1,-0.02156935152084,-0.04742389422598855,-2,0
4.949,stage1,-0.02156935152084,-0.04742389422598855,-2,0
4.95,stage1,-0.022043652024968555,-0.04742927547754847,-2,0
4.951,stage1,-0.022043652024968555,-0.04742927547754847,-2,0
4.952,stage1,-0.022043652024968555,-0.04742927547754847,-2,0
4.953,stage1,-0.022043652024968555,-0.04742927547754847,-2,0
4.954,stage1,-0.022043652024968555,-0.04742927547754847,-2,0
4.955,stage1,-0.022043652024968555,-0.04742927547754847,-2,0
4.956,stage1,-0.022043652024968555,-0.04742927547754847,-2,0
4.957,stage1,-0.022043652024968555,-0.04742927547754847,-2,0
4.958,stage1,-0.022043652024968555,-0.04742927547754847,-2,0
4.959,stage1,-0.022043652024968555,-0.04742927547754847,-2,0
4.96,stage1,-0.02251779895267472,-0.047393252909322205,-2,0
4.961,stage1,-0.02251779895267472,-0.047393252909322205,-2,0
4.962,stage1,-0.02251779895267472,-0.047393252909322205,-2,0
4.963,stage1,-0.02251779895267472,-0.047393252909322205,-2,0
4.964,stage1,-0.02251779895267472,-0.047393252909322205,-2,0
4.965,stage1,-0.02251779895267472,-0.047393252909322205,-2,0
4.966,stage1,-0.02251779895267472,-0.047393252909322205,-2,0
4.967,stage1,-0.02251779895267472,-0.047393252909322205,-2,0
4.968,stage1,-0.02251779895267472,-0.047393252909322205,-2,0
4.969,stage1,-0.02251779895267472,-0.047393252909322205,-2,0
4.97,stage1,-0.022991380530862384,-0.04731628246946634,-2,0
4.971,stage1,-0.022991380530862384,-0.04731628246946634,-2,0
4.972,stage1,-0.022991380530862384,-0.04731628246946634,-2,0
4.973,stage1,-0.022991380530862384,-0.04731628246946634,-2,0
4.974,stage1,-0.022991380530862384,-0.04731628246946634,-2,0
4.975,stage1,-0.022991380530862384,-0.04731628246946634,-2,0
4.976,stage1,-0.022991380530862384,-0.04731628246946634,-2,0
4.977,stage1,-0.022991380530862384,-0.04731628246946634,-2,0
4.978,stage1,-0.022991380530862384,-0.04731628246946634,-2,0
4.979,stage1,-0.022991380530862384,-0.04731628246946634,-2,0
4.98,stage1,-0.023463989632942554,-0.047198837440607246,-2,0
4.981,stage1,-0.023463989632942554,-0.047198837440607246,-2,0
4.982,stage1,-0.023463989632942554,-0.047198837440607246,-2,0
4.983,stage1,-0.023463989632942554,-0.047198837440607246,-2,0
4.984,stage1,-0.023463989632942554,-0.047198837440607246,-2,0
4.985,stage1,-0.023463989632942554,-0.047198837440607246,-2,0
4.986,stage1,-0.023463989632942554,-0.047198837440607246,-2,0
4.987,stage1,-0.023463989632942554,-0.047198837440607246,-2,0
4.988,stage1,-0.023463989632942554,-0.047198837440607246,-2,0
4.989,stage1,-0.023463989632942554,-0.047198837440607246,-2,0
4.99,stage1,-0.023935223950045055,-0.04704140801253562,-2,0
4.991,stage1,-0.023935223950045055,-0.04704140801253562,-2,0
4.992,stage1,-0.023935223950045055,-0.04704140801253562,-2,0
4.993,stage1,-0.023935223950045055,-0.04704140801253562,-2,0
4.994,stage1,-0.023935223950045055,-0.04704140801253562,-2,0
4.995,stage1,-0.023935223950045055,-0.04704140801253562,-2,0
4.996,stage1,-0.023935223950045055,-0.04704140801253562,-2,0
4.997,stage1,-0.023935223950045055,-0.04704140801253562,-2,0
4.998,stage1,-0.023935223950045055,-0.04704140801253562,-2,0
4.999,stage1,-0.023935223950045055,-0.04704140801253562,-2,0
5.0,stage1,-0.024404686157936506,-0.046844500850807796,-2,0
5.001,stage1,-0.024404686157936506,-0.046844500850807796,-2,0
5.002,stage1,-0.024404686157936506,-0.046844500850807796,-2,0
5.003,stage1,-0.024404686157936506,-0.046844500850807796,-2,0
5.004,stage1,-0.024404686157936506,-0.046844500850807796,-2,0
5.005,stage1,-0.024404686157936506,-0.046844500850807796,-2,0
5.006,stage1,-0.024404686157936506,-0.046844500850807796,-2,0
5.007,stage1,-0.024404686157936506,-0.046844500850807796,-2,0
5.008,stage1,-0.024404686157936506,-0.046844500850807796,-2,0
5.009,stage1,-0.024404686157936506,-0.046844500850807796,-2,0
5.01,stage1,-0.024871984079604916,-0.04660863866151095,-2,0
5.011,stage1,-0.024871984079604916,-0.04660863866151095,-2,0
5.012,stage1,-0.024871984079604916,-0.04660863866151095,-2,0
5.013,stage1,-0.024871984079604916,-0.04660863866151095,-2,0
5.014,stage1,-0.024871984079604916,-0.04660863866151095,-2,0
5.015,stage1,-0.024871984079604916,-0.04660863866151095,-2,0
5.016,stage1,-0.024871984079604916,-0.04660863866151095,-2,0
5.017,stage1,-0.024871984079604916,-0.04660863866151095,-2,0
5.018,stage1,-0.024871984079604916,-0.04660863866151095,-2,0
5.019,stage1,-0.024871984079604916,-0.04660863866151095,-2,0
5.02,stage1,-0.02533673084347381,-0.0463343597524488,-3,0
5.021,stage1,-0.02533673084347381,-0.0463343597524488,-3,0
5.022,stage1,-0.02533673084347381,-0.0463343597524488,-3,0
5.023,stage1,-0.02533673084347381,-0.0463343597524488,-3,0
5.024,stage1,-0.02533673084347381,-0.0463343597524488,-3,0
5.025,stage1,-0.02533673084347381,-0.0463343597524488,-3,0
5.026,stage1,-0.02533673084347381,-0.0463343597524488,-3,0
5.027,stage1,-0.02533673084347381,-0.0463343597524488,-3,0
5.028,stage1,-0.02533673084347381,-0.0463343597524488,-3,0
5.029,stage1,-0.02533673084347381,-0.0463343597524488,-3,0
5.03,stage1,-0.025798545037211396,-0.046022217591003556,-3,0
5.031,stage1,-0.025798545037211396,-0.046022217591003556,-3,0
5.032,stage1,-0.025798545037211396,-0.046022217591003556,-3,0
5.033,stage1,-0.025798545037211396,-0.046022217591003556,-3,0
5.034,stage1,-0.025798545037211396,-0.046022217591003556,-3,0
5.035,stage1,-0.025798545037211396,-0.046022217591003556,-3,0
5.036,stage1,-0.025798545037211396,-0.046022217591003556,-3,0
5.037,stage1,-0.025798545037211396,-0.046022217591003556,-3,0
5.038,stage1,-0.025798545037211396,-0.046022217591003556,-3,0
5.039,stage1,-0.025798545037211396,-0.046022217591003556,-3,0
5.04,stage1,-0.026257050857102785,-0.04567278035892892,-3,0
5.041,stage1,-0.026257050857102785,-0.04567278035892892,-3,0
5.042,stage1,-0.026257050857102785,-0.04567278035892892,-3,0
5.043,stage1,-0.026257050857102785,-0.04567278035892892,-3,0
5.044,stage1,-0.026257050857102785,-0.04567278035892892,-3,0
5.045,stage1,-0.026257050857102785,-0.04567278035892892,-3,0
5.046,stage1,-0.026257050857102785,-0.04567278035892892,-3,0
5.047,stage1,-0.026257050857102785,-0.04567278035892892,-3,0
5.048,stage1,-0.026257050857102785,-0.04567278035892892,-3,0
5.049,stage1,-0.026257050857102785,-0.04567278035892892,-3,0
5.05,stage1,-0.02671187825295586,-0.04528663050432793,-3,0
5.051,stage1,-0.02671187825295586,-0.04528663050432793,-3,0
5.052,stage1,-0.02671187825295586,-0.04528663050432793,-3,0
5.053,stage1,-0.02671187825295586,-0.04528663050432793,-3,0
5.054,stage1,-0.02671187825295586,-0.04528663050432793,-3,0
5.055,stage1,-0.02671187825295586,-0.04528663050432793,-3,0
5.056,stage1,-0.02671187825295586,-0.04528663050432793,-3,0
5.057,stage1,-0.02671187825295586,-0.04528663050432793,-3,0
5.058,stage1,-0.02671187825295586,-0.04528663050432793,-3,0
5.059,stage1,-0.02671187825295586,-0.04528663050432793,-3,0
5.06,stage1,-0.027162663068513886,-0.044864364291068215,-3,0
5.061,stage1,-0.027162663068513886,-0.044864364291068215,-3,0
5.062,stage1,-0.027162663068513886,-0.044864364291068215,-3,0
5.063,stage1,-0.027162663068513886,-0.044864364291068215,-3,0
5.064,stage1,-0.027162663068513886,-0.044864364291068215,-3,0
5.065,stage1,-0.027162663068513886,-0.044864364291068215,-3,0
5.066,stage1,-0.027162663068513886,-0.044864364291068215,-3,0
5.067,stage1,-0.027162663068513886,-0.044864364291068215,-3,0
5.068,stage1,-0.027162663068513886,-0.044864364291068215,-3,0
5.069,stage1,-0.027162663068513886,-0.044864364291068215,-3,0
5.07,stage1,-0.027609047177350535,-0.04440659134588599,-3,0
5.071,stage1,-0.027609047177350535,-0.04440659134588599,-3,0
5.072,stage1,-0.027609047177350535,-0.04440659134588599,-3,0
5.073,stage1,-0.027609047177350535,-0.04440659134588599,-3,0
5.074,stage1,-0.027609047177350535,-0.04440659134588599,-3,0
5.075,stage1,-0.027609047177350535,-0.04440659134588599,-3,0
5.076,stage1,-0.027609047177350535,-0.04440659134588599,-3,0
5.077,stage1,-0.027609047177350535,-0.04440659134588599,-3,0
5.078,stage1,-0.027609047177350535,-0.04440659134588599,-3,0
5.079,stage1,-0.027609047177350535,-0.04440659134588599,-3,0
5.08,stage1,-0.028050678614225413,-0.04391393420342869,-3,0
5.081,stage1,-0.028050678614225413,-0.04391393420342869,-3,0
5.082,stage1,-0.028050678614225413,-0.04391393420342869,-3,0
5.083,stage1,-0.028050678614225413,-0.04391393420342869,-3,0
5.084,stage1,-0.028050678614225413,-0.04391393420342869,-3,0
5.085,stage1,-0.028050678614225413,-0.04391393420342869,-3,0
5.086,stage1,-0.028050678614225413,-0.04391393420342869,-3,0
5.087,stage1,-0.028050678614225413,-0.04391393420342869,-3,0
5.088,stage1,-0.028050678614225413,-0.04391393420342869,-3,0
5.089,stage1,-0.028050678614225413,-0.04391393420342869,-3,0
5.09,stage1,-0.02848721170188075,-0.04338702784948474,-3,0
5.091,stage1,-0.02848721170188075,-0.04338702784948474,-3,0
5.092,stage1,-0.02848721170188075,-0.04338702784948474,-3,0
5.093,stage1,-0.02848721170188075,-0.04338702784948474,-3,0
5.094,stage1,-0.02848721170188075,-0.04338702784948474,-3,0
5.095,stage1,-0.02848721170188075,-0.04338702784948474,-3,0
5.096,stage1,-0.02848721170188075,-0.04338702784948474,-3,0
5.097,stage1,-0.02848721170188075,-0.04338702784948474,-3,0
5.098,stage1,-0.02848721170188075,-0.04338702784948474,-3,0
5.099,stage1,-0.02848721170188075,-0.04338702784948474,-3,0
5.1,stage1,-0.02891830717326236,-0.042826519262647134,-3,0
5.101,stage1,-0.02891830717326236,-0.042826519262647134,-3,0
5.102,stage1,-0.02891830717326236,-0.042826519262647134,-3,0
5.103,stage1,-0.02891830717326236,-0.042826519262647134,-3,0
5.104,stage1,-0.02891830717326236,-0.042826519262647134,-3,0
5.105,stage1,-0.02891830717326236,-0.042826519262647134,-3,0
5.106,stage1,-0.02891830717326236,-0.042826519262647134,-3,0
5.107,stage1,-0.02891830717326236,-0.042826519262647134,-3,0
5.108,stage1,-0.02891830717326236,-0.042826519262647134,-3,0
5.109,stage1,-0.02891830717326236,-0.042826519262647134,-3,0
5.11,stage1,-0.029343632289150417,-0.042233066954656034,-3,0
5.111,stage1,-0.029343632289150417,-0.042233066954656034,-3,0
5.112,stage1,-0.029343632289150417,-0.042233066954656034,-3,0
5.113,stage1,-0.029343632289150417,-0.042233066954656034,-3,0
5.114,stage1,-0.029343632289150417,-0.042233066954656034,-3,0
5.115,stage1,-0.029343632289150417,-0.042233066954656034,-3,0
5.116,stage1,-0.029343632289150417,-0.042233066954656034,-3,0
5.117,stage1,-0.029343632289150417,-0.042233066954656034,-3,0
5.118,stage1,-0.029343632289150417,-0.042233066954656034,-3,0
5.119,stage1,-0.029343632289150417,-0.042233066954656034,-3,0
5.12,stage1,-0.02976286095118807,-0.04160734050966363,-3,0
5.121,stage1,-0.02976286095118807,-0.04160734050966363,-3,0
5.122,stage1,-0.02976286095118807,-0.04160734050966363,-3,0
5.123,stage1,-0.02976286095118807,-0.04160734050966363,-3,0
5.124,stage1,-0.02976286095118807,-0.04160734050966363,-3,0
5.125,stage1,-0.02976286095118807,-0.04160734050966363,-3,0
5.126,stage1,-0.02976286095118807,-0.04160734050966363,-3,0
5.127,stage1,-0.02976286095118807,-0.04160734050966363,-3,0
5.128,stage1,-0.02976286095118807,-0.04160734050966363,-3,0
5.129,stage1,-0.02976286095118807,-0.04160734050966363,-3,0
5.13,stage1,-0.03017567381029833,-0.04095002012266252,-3,0
5.131,stage1,-0.03017567381029833,-0.04095002012266252,-3,0
5.132,stage1,-0.03017567381029833,-0.04095002012266252,-3,0
5.133,stage1,-0.03017567381029833,-0.04095002012266252,-3,0
5.134,stage1,-0.03017567381029833,-0.04095002012266252,-3,0
5.135,stage1,-0.03017567381029833,-0.04095002012266252,-3,0
5.136,stage1,-0.03017567381029833,-0.04095002012266252,-3,0
5.137,stage1,-0.03017567381029833,-0.04095002012266252,-3,0
5.138,stage1,-0.03017567381029833,-0.04095002012266252,-3,0
5.139,stage1,-0.03017567381029833,-0.04095002012266252,-3,0
5.14,stage1,-0.03058175837048204,-0.04026179613731705,-3,0
5.141,stage1,-0.03058175837048204,-0.04026179613731705,-3,0
5.142,stage1,-0.03058175837048204,-0.04026179613731705,-3,0
5.143,stage1,-0.03058175837048204,-0.04026179613731705,-3,0
5.144,stage1,-0.03058175837048204,-0.04026179613731705,-3,0
5.145,stage1,-0.03058175837048204,-0.04026179613731705,-3,0
5.146,stage1,-0.03058175837048204,-0.04026179613731705,-3,0
5.147,stage1,-0.03058175837048204,-0.04026179613731705,-3,0
5.148,stage1,-0.03058175837048204,-0.04026179613731705,-3,0
5.149,stage1,-0.03058175837048204,-0.04026179613731705,-3,0
5.15,stage1,-0.0309808090879922,-0.03954336858343468,-3,0
5.151,stage1,-0.0309808090879922,-0.03954336858343468,-3,0
5.152,stage1,-0.0309808090879922,-0.03954336858343468,-3,0
5.153,stage1,-0.0309808090879922,-0.03954336858343468,-3,0
5.154,stage1,-0.0309808090879922,-0.03954336858343468,-3,0
5.155,stage1,-0.0309808090879922,-0.03954336858343468,-3,0
5.156,stage1,-0.0309808090879922,-0.03954336858343468,-3,0
5.157,stage1,-0.0309808090879922,-0.03954336858343468,-3,0
5.158,stage1,-0.0309808090879922,-0.03954336858343468,-3,0
5.159,stage1,-0.0309808090879922,-0.03954336858343468,-3,0
5.16,stage1,-0.03137252746588213,-0.03879544671431245,-3,0
5.161,stage1,-0.03137252746588213,-0.03879544671431245,-3,0
5.162,stage1,-0.03137252746588213,-0.03879544671431245,-3,0
5.163,stage1,-0.03137252746588213,-0.03879544671431245,-3,0
5.164,stage1,-0.03137252746588213,-0.03879544671431245,-3,0
5.165,stage1,-0.03137252746588213,-0.03879544671431245,-3,0
5.166,stage1,-0.03137252746588213,-0.03879544671431245,-3,0
5.167,stage1,-0.03137252746588213,-0.03879544671431245,-3,0
5.168,stage1,-0.03137252746588213,-0.03879544671431245,-3,0
5.169,stage1,-0.03137252746588213,-0.03879544671431245,-3,0
5.17,stage1,-0.03175662214392749,-0.038018748544191114,-3,0
5.171,stage1,-0.03175662214392749,-0.038018748544191114,-3,0
5.172,stage1,-0.03175662214392749,-0.038018748544191114,-3,0
5.173,stage1,-0.03175662214392749,-0.038018748544191114,-3,0
5.174,stage1,-0.03175662214392749,-0.038018748544191114,-3,0
5.175,stage1,-0.03175662214392749,-0.038018748544191114,-3,0
5.176,stage1,-0.03175662214392749,-0.038018748544191114,-3,0
5.177,stage1,-0.03175662214392749,-0.038018748544191114,-3,0
5.178,stage1,-0.03175662214392749,-0.038018748544191114,-3,0
5.179,stage1,-0.03175662214392749,-0.038018748544191114,-3,0
5.18,stage1,-0.032132808983924344,-0.03721400038604725,-3,0
5.181,stage1,-0.032132808983924344,-0.03721400038604725,-3,0
5.182,stage1,-0.032132808983924344,-0.03721400038604725,-3,0
5.183,stage1,-0.032132808983924344,-0.03721400038604725,-3,0
5.184,stage1,-0.032132808983924344,-0.03721400038604725,-3,0
5.185,stage1,-0.032132808983924344,-0.03721400038604725,-3,0
5.186,stage1,-0.032132808983924344,-0.03721400038604725,-3,0
5.187,stage1,-0.032132808983924344,-0.03721400038604725,-3,0
5.188,stage1,-0.032132808983924344,-0.03721400038604725,-3,0
5.189,stage1,-0.032132808983924344,-0.03721400038604725,-3,0
5.19,stage1,-0.032500811150367716,-0.03638193638995101,-3,0
5.191,stage1,-0.032500811150367716,-0.03638193638995101,-3,0
5.192,stage1,-0.032500811150367716,-0.03638193638995101,-3,0
5.193,stage1,-0.032500811150367716,-0.03638193638995101,-3,0
5.194,stage1,-0.032500811150367716,-0.03638193638995101,-3,0
5.195,stage1,-0.032500811150367716,-0.03638193638995101,-3,0
5.196,stage1,-0.032500811150367716,-0.03638193638995101,-3,0
5.197,stage1,-0.032500811150367716,-0.03638193638995101,-3,0
5.198,stage1,-0.032500811150367716,-0.03638193638995101,-3,0
5.199,stage1,-0.032500811150367716,-0.03638193638995101,-3,0
5.2,stage1,-0.03286035918651759,-0.03552329808221479,-3,0
5.201,stage1,-0.03286035918651759,-0.03552329808221479,-3,0
5.202,stage1,-0.03286035918651759,-0.03552329808221479,-3,0
5.203,stage1,-0.03286035918651759,-0.03552329808221479,-3,0
5.204,stage1,-0.03286035918651759,-0.03552329808221479,-3,0
5.205,stage1,-0.03286035918651759,-0.03552329808221479,-3,0
5.206,stage1,-0.03286035918651759,-0.03552329808221479,-3,0
5.207,stage1,-0.03286035918651759,-0.03552329808221479,-3,0
5.208,stage1,-0.03286035918651759,-0.03552329808221479,-3,0
5.209,stage1,-0.03286035918651759,-0.03552329808221479,-3,0
5.21,stage1,-0.03321119108586121,-0.03463883390555515,-3,0
5.211,stage1,-0.03321119108586121,-0.03463883390555515,-3,0
5.212,stage1,-0.03321119108586121,-0.03463883390555515,-3,0
5.213,stage1,-0.03321119108586121,-0.03463883390555515,-3,0
5.214,stage1,-0.03321119108586121,-0.03463883390555515,-3,0
5.215,stage1,-0.03321119108586121,-0.03463883390555515,-3,0
5.216,stage1,-0.03321119108586121,-0.03463883390555515,-3,0
5.217,stage1,-0.03321119108586121,-0.03463883390555515,-3,0
5.218,stage1,-0.03321119108586121,-0.03463883390555515,-3,0
5.219,stage1,-0.03321119108586121,-0.03463883390555515,-3,0
5.22,stage1,-0.03355305235898298,-0.033729298760487844,-3,0
5.221,stage1,-0.03355305235898298,-0.033729298760487844,-3,0
5.222,stage1,-0.03355305235898298,-0.033729298760487844,-3,0
5.223,stage1,-0.03355305235898298,-0.033729298760487844,-3,0
5.224,stage1,-0.03355305235898298,-0.033729298760487844,-3,0
5.225,stage1,-0.03355305235898298,-0.033729298760487844,-3,0
5.226,stage1,-0.03355305235898298,-0.033729298760487844,-3,0
5.227,stage1,-0.03355305235898298,-0.033729298760487844,-3,0
5.228,stage1,-0.03355305235898298,-0.033729298760487844,-3,0
5.229,stage1,-0.03355305235898298,-0.033729298760487844,-3,0
5.23,stage1,-0.03388569609585546,-0.03279545354817278,-3,0
5.231,stage1,-0.03388569609585546,-0.03279545354817278,-3,0
5.232,stage1,-0.03388569609585546,-0.03279545354817278,-3,0
5.233,stage1,-0.03388569609585546,-0.03279545354817278,-3,0
5.234,stage1,-0.03388569609585546,-0.03279545354817278,-3,0
5.235,stage1,-0.03388569609585546,-0.03279545354817278,-3,0
5.236,stage1,-0.03388569609585546,-0.03279545354817278,-3,0
5.237,stage1,-0.03388569609585546,-0.03279545354817278,-3,0
5.238,stage1,-0.03388569609585546,-0.03279545354817278,-3,0
5.239,stage1,-0.03388569609585546,-0.03279545354817278,-3,0
5.24,stage1,-0.03420888302356685,-0.03183806471492292,-3,0
5.241,stage1,-0.03420888302356685,-0.03183806471492292,-3,0
5.242,stage1,-0.03420888302356685,-0.03183806471492292,-3,0
5.243,stage1,-0.03420888302356685,-0.03183806471492292,-3,0
5.244,stage1,-0.03420888302356685,-0.03183806471492292,-3,0
5.245,stage1,-0.03420888302356685,-0.03183806471492292,-3,0
5.246,stage1,-0.03420888302356685,-0.03183806471492292,-3,0
5.247,stage1,-0.03420888302356685,-0.03183806471492292,-3,0
5.248,stage1,-0.03420888302356685,-0.03183806471492292,-3,0
5.249,stage1,-0.03420888302356685,-0.03183806471492292,-3,0
5.25,stage1,-0.03452238155950284,-0.030857903798588018,-3,0
5.251,stage1,-0.03452238155950284,-0.030857903798588018,-3,0
5.252,stage1,-0.03452238155950284,-0.030857903798588018,-3,0
5.253,stage1,-0.03452238155950284,-0.030857903798588018,-3,0
5.254,stage1,-0.03452238155950284,-0.030857903798588018,-3,0
5.255,stage1,-0.03452238155950284,-0.030857903798588018,-3,0
5.256,stage1,-0.03452238155950284,-0.030857903798588018,-3,0
5.257,stage1,-0.03452238155950284,-0.030857903798588018,-3,0
5.258,stage1,-0.03452238155950284,-0.030857903798588018,-3,0
5.259,stage1,-0.03452238155950284,-0.030857903798588018,-3,0
5.26,stage1,-0.034825967860002506,-0.02985574697702124,-3,0
5.261,stage1,-0.034825967860002506,-0.02985574697702124,-3,0
5.262,stage1,-0.034825967860002506,-0.02985574697702124,-3,0
5.263,stage1,-0.034825967860002506,-0.02985574697702124,-3,0
5.264,stage1,-0.034825967860002506,-0.02985574697702124,-3,0
5.265,stage1,-0.034825967860002506,-0.02985574697702124,-3,0
5.266,stage1,-0.034825967860002506,-0.02985574697702124,-3,0
5.267,stage1,-0.034825967860002506,-0.02985574697702124,-3,0
5.268,stage1,-0.034825967860002506,-0.02985574697702124,-3,0
5.269,stage1,-0.034825967860002506,-0.02985574697702124,-3,0
5.27,stage1,-0.03511942586451016,-0.028832374618833295,-4,0
5.271,stage1,-0.03511942586451016,-0.028832374618833295,-4,0
5.272,stage1,-0.03511942586451016,-0.028832374618833295,-4,0
5.273,stage1,-0.03511942586451016,-0.028832374618833295,-4,0
5.274,stage1,-0.03511942586451016,-0.028832374618833295,-4,0
5.275,stage1,-0.03511942586451016,-0.028832374618833295,-4,0
5.276,stage1,-0.03511942586451016,-0.028832374618833295,-4,0
5.277,stage1,-0.03511942586451016,-0.028832374618833295,-4,0
5.278,stage1,-0.03511942586451016,-0.028832374618833295,-4,0
5.279,stage1,-0.03511942586451016,-0.028832374618833295,-4,0
5.28,stage1,-0.03540254733524699,-0.027788570836635704,-4,0
5.281,stage1,-0.03540254733524699,-0.027788570836635704,-4,0
5.282,stage1,-0.03540254733524699,-0.027788570836635704,-4,0
5.283,stage1,-0.03540254733524699,-0.027788570836635704,-4,0
5.284,stage1,-0.03540254733524699,-0.027788570836635704,-4,0
5.285,stage1,-0.03540254733524699,-0.027788570836635704,-4,0
5.286,stage1,-0.03540254733524699,-0.027788570836635704,-4,0
5.287,stage1,-0.03540254733524699,-0.027788570836635704,-4,0
5.288,stage1,-0.03540254733524699,-0.027788570836635704,-4,0
5.289,stage1,-0.03540254733524699,-0.027788570836635704,-4,0
5.29,stage1,-0.03567513189242843,-0.026725123042971487,-4,0
5.291,stage1,-0.03567513189242843,-0.026725123042971487,-4,0
5.292,stage1,-0.03567513189242843,-0.026725123042971487,-4,0
5.293,stage1,-0.03567513189242843,-0.026725123042971487,-4,0
5.294,stage1,-0.03567513189242843,-0.026725123042971487,-4,0
5.295,stage1,-0.03567513189242843,-0.026725123042971487,-4,0
5.296,stage1,-0.03567513189242843,-0.026725123042971487,-4,0
5.297,stage1,-0.03567513189242843,-0.026725123042971487,-4,0
5.298,stage1,-0.03567513189242843,-0.026725123042971487,-4,0
5.299,stage1,-0.03567513189242843,-0.026725123042971487,-4,0
5.3,stage1,-0.035936987045055095,-0.02564282150912815,-4,0
5.301,stage1,-0.035936987045055095,-0.02564282150912815,-4,0
5.302,stage1,-0.035936987045055095,-0.02564282150912815,-4,0
5.303,stage1,-0.035936987045055095,-0.02564282150912815,-4,0
5.304,stage1,-0.035936987045055095,-0.02564282150912815,-4,0
5.305,stage1,-0.035936987045055095,-0.02564282150912815,-4,0
5.306,stage1,-0.035936987045055095,-0.02564282150912815,-4,0
5.307,stage1,-0.035936987045055095,-0.02564282150912815,-4,0
5.308,stage1,-0.035936987045055095,-0.02564282150912815,-4,0
5.309,stage1,-0.035936987045055095,-0.02564282150912815,-4,0
5.31,stage1,-0.036187928217307035,-0.02454245892702452,-4,0
5.311,stage1,-0.036187928217307035,-0.02454245892702452,-4,0
5.312,stage1,-0.036187928217307035,-0.02454245892702452,-4,0
5.313,stage1,-0.036187928217307035,-0.02454245892702452,-4,0
5.314,stage1,-0.036187928217307035,-0.02454245892702452,-4,0
5.315,stage1,-0.036187928217307035,-0.02454245892702452,-4,0
5.316,stage1,-0.036187928217307035,-0.02454245892702452,-4,0
5.317,stage1,-0.036187928217307035,-0.02454245892702452,-4,0
5.318,stage1,-0.036187928217307035,-0.02454245892702452,-4,0
5.319,stage1,-0.036187928217307035,-0.02454245892702452,-4,0
5.32,stage1,-0.03642777877057301,-0.023424829974359487,-4,0
5.321,stage1,-0.03642777877057301,-0.023424829974359487,-4,0
5.322,stage1,-0.03642777877057301,-0.023424829974359487,-4,0
5.323,stage1,-0.03642777877057301,-0.023424829974359487,-4,0
5.324,stage1,-0.03642777877057301,-0.023424829974359487,-4,0
5.325,stage1,-0.03642777877057301,-0.023424829974359487,-4,0
5.326,stage1,-0.03642777877057301,-0.023424829974359487,-4,0
5.327,stage1,-0.03642777877057301,-0.023424829974359487,-4,0
5.328,stage1,-0.03642777877057301,-0.023424829974359487,-4,0
5.329,stage1,-0.03642777877057301,-0.023424829974359487,-4,0
5.33,stage1,-0.036656370021148355,-0.022290730883207148,-4,0
5.331,stage1,-0.036656370021148355,-0.022290730883207148,-4,0
5.332,stage1,-0.036656370021148355,-0.022290730883207148,-4,0
5.333,stage1,-0.036656370021148355,-0.022290730883207148,-4,0
5.334,stage1,-0.036656370021148355,-0.022290730883207148,-4,0
5.335,stage1,-0.036656370021148355,-0.022290730883207148,-4,0
5.336,stage1,-0.036656370021148355,-0.022290730883207148,-4,0
5.337,stage1,-0.036656370021148355,-0.022290730883207148,-4,0
5.338,stage1,-0.036656370021148355,-0.022290730883207148,-4,0
5.339,stage1,-0.036656370021148355,-0.022290730883207148,-4,0
5.34,stage1,-0.036873541253636774,-0.021140959012239304,-4,0
5.341,stage1,-0.036873541253636774,-0.021140959012239304,-4,0
5.342,stage1,-0.036873541253636774,-0.021140959012239304,-4,0
5.343,stage1,-0.036873541253636774,-0.021140959012239304,-4,0
5.344,stage1,-0.036873541253636774,-0.021140959012239304,-4,0
5.345,stage1,-0.036873541253636774,-0.021140959012239304,-4,0
5.346,stage1,-0.036873541253636774,-0.021140959012239304,-4,0
5.347,stage1,-0.036873541253636774,-0.021140959012239304,-4,0
5.348,stage1,-0.036873541253636774,-0.021140959012239304,-4,0
5.349,stage1,-0.036873541253636774,-0.021140959012239304,-4,0
5.35,stage1,-0.037079139730093226,-0.019976312422752603,-4,0
5.351,stage1,-0.037079139730093226,-0.019976312422752603,-4,0
5.352,stage1,-0.037079139730093226,-0.019976312422752603,-4,0
5.353,stage1,-0.037079139730093226,-0.019976312422752603,-4,0
5.354,stage1,-0.037079139730093226,-0.019976312422752603,-4,0
5.355,stage1,-0.037079139730093226,-0.019976312422752603,-4,0
5.356,stage1,-0.037079139730093226,-0.019976312422752603,-4,0
5.357,stage1,-0.037079139730093226,-0.019976312422752603,-4,0
5.358,stage1,-0.037079139730093226,-0.019976312422752603,-4,0
5.359,stage1,-0.037079139730093226,-0.019976312422752603,-4,0
5.36,stage1,-0.037273020694946826,-0.018797589458673936,-4,0
5.361,stage1,-0.037273020694946826,-0.018797589458673936,-4,0
5.362,stage1,-0.037273020694946826,-0.018797589458673936,-4,0
5.363,stage1,-0.037273020694946826,-0.018797589458673936,-4,0
5.364,stage1,-0.037273020694946826,-0.018797589458673936,-4,0
5.365,stage1,-0.037273020694946826,-0.018797589458673936,-4,0
5.366,stage1,-0.037273020694946826,-0.018797589458673936,-4,0
5.367,stage1,-0.037273020694946826,-0.018797589458673936,-4,0
5.368,stage1,-0.037273020694946826,-0.018797589458673936,-4,0
5.369,stage1,-0.037273020694946826,-0.018797589458673936,-4,0
5.37,stage1,-0.03745504737574444,-0.017605588330713955,-4,0
5.371,stage1,-0.03745504737574444,-0.017605588330713955,-4,0
5.372,stage1,-0.03745504737574444,-0.017605588330713955,-4,0
5.373,stage1,-0.03745504737574444,-0.017605588330713955,-4,0
5.374,stage1,-0.03745504737574444,-0.017605588330713955,-4,0
5.375,stage1,-0.03745504737574444,-0.017605588330713955,-4,0
5.376,stage1,-0.03745504737574444,-0.017605588330713955,-4,0
5.377,stage1,-0.03745504737574444,-0.017605588330713955,-4,0
5.378,stage1,-0.03745504737574444,-0.017605588330713955,-4,0
5.379,stage1,-0.03745504737574444,-0.017605588330713955,-4,0
5.38,stage1,-0.037625090979757206,-0.01640110670483479,-4,0
5.381,stage1,-0.037625090979757206,-0.01640110670483479,-4,0
5.382,stage1,-0.037625090979757206,-0.01640110670483479,-4,0
5.383,stage1,-0.037625090979757206,-0.01640110670483479,-4,0
5.384,stage1,-0.037625090979757206,-0.01640110670483479,-4,0
5.385,stage1,-0.037625090979757206,-0.01640110670483479,-4,0
5.386,stage1,-0.037625090979757206,-0.01640110670483479,-4,0
5.387,stage1,-0.037625090979757206,-0.01640110670483479,-4,0
5.388,stage1,-0.037625090979757206,-0.01640110670483479,-4,0
5.389,stage1,-0.037625090979757206,-0.01640110670483479,-4,0
5.39,stage1,-0.03778303068649398,-0.015184941295194229,-4,0
5.391,stage1,-0.03778303068649398,-0.015184941295194229,-4,0
5.392,stage1,-0.03778303068649398,-0.015184941295194229,-4,0
5.393,stage1,-0.03778303068649398,-0.015184941295194229,-4,0
5.394,stage1,-0.03778303068649398,-0.015184941295194229,-4,0
5.395,stage1,-0.03778303068649398,-0.015184941295194229,-4,0
5.396,stage1,-0.03778303068649398,-0.015184941295194229,-4,0
5.397,stage1,-0.03778303068649398,-0.015184941295194229,-4,0
5.398,stage1,-0.03778303068649398,-0.015184941295194229,-4,0
5.399,stage1,-0.03778303068649398,-0.015184941295194229,-4,0
5.4,stage1,-0.037928753636167316,-0.013957887461724706,-4,0
5.401,stage1,-0.037928753636167316,-0.013957887461724706,-4,0
5.402,stage1,-0.037928753636167316,-0.013957887461724706,-4,0
5.403,stage1,-0.037928753636167316,-0.013957887461724706,-4,0
5.404,stage1,-0.037928753636167316,-0.013957887461724706,-4,0
5.405,stage1,-0.037928753636167316,-0.013957887461724706,-4,0
5.406,stage1,-0.037928753636167316,-0.013957887461724706,-4,0
5.407,stage1,-0.037928753636167316,-0.013957887461724706,-4,0
5.408,stage1,-0.037928753636167316,-0.013957887461724706,-4,0
5.409,stage1,-0.037928753636167316,-0.013957887461724706,-4,0
5.41,stage1,-0.03806215491415899,-0.0127207388125016,-4,0
5.411,stage1,-0.03806215491415899,-0.0127207388125016,-4,0
5.412,stage1,-0.03806215491415899,-0.0127207388125016,-4,0
5.413,stage1,-0.03806215491415899,-0.0127207388125016,-4,0
5.414,stage1,-0.03806215491415899,-0.0127207388125016,-4,0
5.415,stage1,-0.03806215491415899,-0.0127207388125016,-4,0
5.416,stage1,-0.03806215491415899,-0.0127207388125016,-4,0
5.417,stage1,-0.03806215491415899,-0.0127207388125016,-4,0
5.418,stage1,-0.03806215491415899,-0.0127207388125016,-4,0
5.419,stage1,-0.03806215491415899,-0.0127207388125016,-4,0
5.42,stage1,-0.03818313753153385,-0.011474286811051332,-4,0
5.421,stage1,-0.03818313753153385,-0.011474286811051332,-4,0
5.422,stage1,-0.03818313753153385,-0.011474286811051332,-4,0
5.423,stage1,-0.03818313753153385,-0.011474286811051332,-4,0
5.424,stage1,-0.03818313753153385,-0.011474286811051332,-4,0
5.425,stage1,-0.03818313753153385,-0.011474286811051332,-4,0
5.426,stage1,-0.03818313753153385,-0.011474286811051332,-4,0
5.427,stage1,-0.03818313753153385,-0.011474286811051332,-4,0
5.428,stage1,-0.03818313753153385,-0.011474286811051332,-4,0
5.429,stage1,-0.03818313753153385,-0.011474286811051332,-4,0
5.43,stage1,-0.038291612401651985,-0.010219320388745805,-4,0
5.431,stage1,-0.038291612401651985,-0.010219320388745805,-4,0
5.432,stage1,-0.038291612401651985,-0.010219320388745805,-4,0
5.433,stage1,-0.038291612401651985,-0.010219320388745805,-4,0
5.434,stage1,-0.038291612401651985,-0.010219320388745805,-4,0
5.435,stage1,-0.038291612401651985,-0.010219320388745805,-4,0
5.436,stage1,-0.038291612401651985,-0.010219320388745805,-4,0
5.437,stage1,-0.038291612401651985,-0.010219320388745805,-4,0
5.438,stage1,-0.038291612401651985,-0.010219320388745805,-4,0
5.439,stage1,-0.038291612401651985,-0.010219320388745805,-4,0
5.44,stage1,-0.03838749831293093,-0.008956625562425682,-4,0
5.441,stage1,-0.03838749831293093,-0.008956625562425682,-4,0
5.442,stage1,-0.03838749831293093,-0.008956625562425682,-4,0
5.443,stage1,-0.03838749831293093,-0.008956625562425682,-4,0
5.444,stage1,-0.03838749831293093,-0.008956625562425682,-4,0
5.445,stage1,-0.03838749831293093,-0.008956625562425682,-4,0
5.446,stage1,-0.03838749831293093,-0.008956625562425682,-4,0
5.447,stage1,-0.03838749831293093,-0.008956625562425682,-4,0
5.448,stage1,-0.03838749831293093,-0.008956625562425682,-4,0
5.449,stage1,-0.03838749831293093,-0.008956625562425682,-4,0
5.45,stage1,-0.03847072189781079,-0.007686985057390974,-4,0
5.451,stage1,-0.03847072189781079,-0.007686985057390974,-4,0
5.452,stage1,-0.03847072189781079,-0.007686985057390974,-4,0
5.453,stage1,-0.03847072189781079,-0.007686985057390974,-4,0
5.454,stage1,-0.03847072189781079,-0.007686985057390974,-4,0
5.455,stage1,-0.03847072189781079,-0.007686985057390974,-4,0
5.456,stage1,-0.03847072189781079,-0.007686985057390974,-4,0
5.457,stage1,-0.03847072189781079,-0.007686985057390974,-4,0
5.458,stage1,-0.03847072189781079,-0.007686985057390974,-4,0
5.459,stage1,-0.03847072189781079,-0.007686985057390974,-4,0
5.46,stage1,-0.03854121759797668,-0.006411177935893334,-4,0
5.461,stage1,-0.03854121759797668,-0.006411177935893334,-4,0
5.462,stage1,-0.03854121759797668,-0.006411177935893334,-4,0
5.463,stage1,-0.03854121759797668,-0.006411177935893334,-4,0
5.464,stage1,-0.03854121759797668,-0.006411177935893334,-4,0
5.465,stage1,-0.03854121759797668,-0.006411177935893334,-4,0
5.466,stage1,-0.03854121759797668,-0.006411177935893334,-4,0
5.467,stage1,-0.03854121759797668,-0.006411177935893334,-4,0
5.468,stage1,-0.03854121759797668,-0.006411177935893334,-4,0
5.469,stage1,-0.03854121759797668,-0.006411177935893334,-4,0
5.47,stage1,-0.03859892762589412,-0.005129979231260305,-4,0
5.471,stage1,-0.03859892762589412,-0.005129979231260305,-4,0
5.472,stage1,-0.03859892762589412,-0.005129979231260305,-4,0
5.473,stage1,-0.03859892762589412,-0.005129979231260305,-4,0
5.474,stage1,-0.03859892762589412,-0.005129979231260305,-4,0
5.475,stage1,-0.03859892762589412,-0.005129979231260305,-4,0
5.476,stage1,-0.03859892762589412,-0.005129979231260305,-4,0
5.477,stage1,-0.03859892762589412,-0.005129979231260305,-4,0
5.478,stage1,-0.03859892762589412,-0.005129979231260305,-4,0
5.479,stage1,-0.03859892762589412,-0.005129979231260305,-4,0
5.48,stage1,-0.03864380192271442,-0.003844159587777724,-4,0
5.481,stage1,-0.03864380192271442,-0.003844159587777724,-4,0
5.482,stage1,-0.03864380192271442,-0.003844159587777724,-4,0
5.483,stage1,-0.03864380192271442,-0.003844159587777724,-4,0
5.484,stage1,-0.03864380192271442,-0.003844159587777724,-4,0
5.485,stage1,-0.03864380192271442,-0.003844159587777724,-4,0
5.486,stage1,-0.03864380192271442,-0.003844159587777724,-4,0
5.487,stage1,-0.03864380192271442,-0.003844159587777724,-4,0
5.488,stage1,-0.03864380192271442,-0.003844159587777724,-4,0
5.489,stage1,-0.03864380192271442,-0.003844159587777724,-4,0
5.49,stage1,-0.038675798112608094,-0.0025544849064522536,-4,0
5.491,stage1,-0.038675798112608094,-0.0025544849064522536,-4,0
5.492,stage1,-0.038675798112608094,-0.0025544849064522536,-4,0
5.493,stage1,-0.038675798112608094,-0.0025544849064522536,-4,0
5.494,stage1,-0.038675798112608094,-0.0025544849064522536,-4,0
5.495,stage1,-0.038675798112608094,-0.0025544849064522536,-4,0
5.496,stage1,-0.038675798112608094,-0.0025544849064522536,-4,0
5.497,stage1,-0.038675798112608094,-0.0025544849064522536,-4,0
5.498,stage1,-0.038675798112608094,-0.0025544849064522536,-4,0
5.499,stage1,-0.038675798112608094,-0.0025544849064522536,-4,0
5.5,stage1,-0.03869488145358589,-0.0012617159967719077,-4,0
5.501,stage1,-0.03869488145358589,-0.0012617159967719077,-4,0
5.502,stage1,-0.03869488145358589,-0.0012617159967719077,-4,0
5.503,stage1,-0.03869488145358589,-0.0012617159967719077,-4,0
5.504,stage1,-0.03869488145358589,-0.0012617159967719077,-4,0
5.505,stage1,-0.03869488145358589,-0.0012617159967719077,-4,0
5.506,stage1,-0.03869488145358589,-0.0012617159967719077,-4,0
5.507,stage1,-0.03869488145358589,-0.0012617159967719077,-4,0
5.508,stage1,-0.03869488145358589,-0.0012617159967719077,-4,0
5.509,stage1,-0.03869488145358589,-0.0012617159967719077,-4,0
5.51,stage1,-0.038701024784867824,3.3391765421780014e-05,-4,0
5.511,stage1,-0.038701024784867824,3.3391765421780014e-05,-4,0
5.512,stage1,-0.038701024784867824,3.3391765421780014e-05,-4,0
5.513,stage1,-0.038701024784867824,3.3391765421780014e-05,-4,0
5.514,stage1,-0.038701024784867824,3.3391765421780014e-05,-4,0
5.515,stage1,-0.038701024784867824,3.3391765421780014e-05,-4,0
5.516,stage1,-0.038701024784867824,3.3391765421780014e-05,-4,0
5.517,stage1,-0.038701024784867824,3.3391765421780014e-05,-4,0
5.518,stage1,-0.038701024784867824,3.3391765421780014e-05,-4,0
5.519,stage1,-0.038701024784867824,3.3391765421780014e-05,-4,0
5.52,stage1,-0.03869420847086197,0.0013300887738404738,-4,0
5.521,stage1,-0.03869420847086197,0.0013300887738404738,-4,0
5.522,stage1,-0.03869420847086197,0.0013300887738404738,-4,0
5.523,stage1,-0.03869420847086197,0.0013300887738404738,-4,0
5.524,stage1,-0.03869420847086197,0.0013300887738404738,-4,0
5.525,stage1,-0.03869420847086197,0.0013300887738404738,-4,0
5.526,stage1,-0.03869420847086197,0.0013300887738404738,-4,0
5.527,stage1,-0.03869420847086197,0.0013300887738404738,-4,0
5.528,stage1,-0.03869420847086197,0.0013300887738404738,-4,0
5.529,stage1,-0.03869420847086197,0.0013300887738404738,-4,0
5.53,stage1,-0.03867442034181574,0.002627631521329392,-4,0
5.531,stage1,-0.03867442034181574,0.002627631521329392,-4,0
5.532,stage1,-0.03867442034181574,0.002627631521329392,-4,0
5.533,stage1,-0.03867442034181574,0.002627631521329392,-4,0
5.534,stage1,-0.03867442034181574,0.002627631521329392,-4,0
5.535,stage1,-0.03867442034181574,0.002627631521329392,-4,0
5.536,stage1,-0.03867442034181574,0.002627631521329392,-4,0
5.537,stage1,-0.03867442034181574,0.002627631521329392,-4,0
5.538,stage1,-0.03867442034181574,0.002627631521329392,-4,0
5.539,stage1,-0.03867442034181574,0.002627631521329392,-4,0
5.54,stage1,-0.03864165563120343,0.003925282923020261,-4,0
5.541,stage1,-0.03864165563120343,0.003925282923020261,-4,0
5.542,stage1,-0.03864165563120343,0.003925282923020261,-4,0
5.543,stage1,-0.03864165563120343,0.003925282923020261,-4,0
5.544,stage1,-0.03864165563120343,0.003925282923020261,-4,0
5.545,stage1,-0.03864165563120343,0.003925282923020261,-4,0
5.546,stage1,-0.03864165563120343,0.003925282923020261,-4,0
5.547,stage1,-0.03864165563120343,0.003925282923020261,-4,0
5.548,stage1,-0.03864165563120343,0.003925282923020261,-4,0
5.549,stage1,-0.03864165563120343,0.003925282923020261,-4,0
5.55,stage1,-0.038595916909914686,0.005222312632960071,-4,0
5.551,stage1,-0.038595916909914686,0.005222312632960071,-4,0
5.552,stage1,-0.038595916909914686,0.005222312632960071,-4,0
5.553,stage1,-0.038595916909914686,0.005222312632960071,-4,0
5.554,stage1,-0.038595916909914686,0.005222312632960071,-4,0
5.555,stage1,-0.038595916909914686,0.005222312632960071,-4,0
5.556,stage1,-0.038595916909914686,0.005222312632960071,-4,0
5.557,stage1,-0.038595916909914686,0.005222312632960071,-4,0
5.558,stage1,-0.038595916909914686,0.005222312632960071,-4,0
5.559,stage1,-0.038595916909914686,0.005222312632960071,-4,0
5.56,stage1,-0.03853721401730985,0.0065179973541230375,-4,0
5.561,stage1,-0.03853721401730985,0.0065179973541230375,-4,0
5.562,stage1,-0.03853721401730985,0.0065179973541230375,-4,0
5.563,stage1,-0.03853721401730985,0.0065179973541230375,-4,0
5.564,stage1,-0.03853721401730985,0.0065179973541230375,-4,0
5.565,stage1,-0.03853721401730985,0.0065179973541230375,-4,0
5.566,stage1,-0.03853721401730985,0.0065179973541230375,-4,0
5.567,stage1,-0.03853721401730985,0.0065179973541230375,-4,0
5.568,stage1,-0.03853721401730985,0.0065179973541230375,-4,0
5.569,stage1,-0.03853721401730985,0.0065179973541230375,-4,0
5.57,stage1,-0.038465563989208466,0.00781162114171746,-4,0
5.571,stage1,-0.038465563989208466,0.00781162114171746,-4,0
5.572,stage1,-0.038465563989208466,0.00781162114171746,-4,0
5.573,stage1,-0.038465563989208466,0.00781162114171746,-4,0
5.574,stage1,-0.038465563989208466,0.00781162114171746,-4,0
5.575,stage1,-0.038465563989208466,0.00781162114171746,-4,0
5.576,stage1,-0.038465563989208466,0.00781162114171746,-4,0
5.577,stage1,-0.038465563989208466,0.00781162114171746,-4,0
5.578,stage1,-0.038465563989208466,0.00781162114171746,-4,0
5.579,stage1,-0.038465563989208466,0.00781162114171746,-4,0
5.58,stage1,-0.03838099098287875,0.00910247569970335,-4,0
5.581,stage1,-0.03838099098287875,0.00910247569970335,-4,0
5.582,stage1,-0.03838099098287875,0.00910247569970335,-4,0
5.583,stage1,-0.03838099098287875,0.00910247569970335,-4,0
5.584,stage1,-0.03838099098287875,0.00910247569970335,-4,0
5.585,stage1,-0.03838099098287875,0.00910247569970335,-4,0
5.586,stage1,-0.03838099098287875,0.00910247569970335,-4,0
5.587,stage1,-0.03838099098287875,0.00910247569970335,-4,0
5.588,stage1,-0.03838099098287875,0.00910247569970335,-4,0
5.589,stage1,-0.03838099098287875,0.00910247569970335,-4,0
5.59,stage1,-0.03828352619909603,0.010389860670440981,-4,0
5.591,stage1,-0.03828352619909603,0.010389860670440981,-4,0
5.592,stage1,-0.03828352619909603,0.010389860670440981,-4,0
5.593,stage1,-0.03828352619909603,0.010389860670440981,-4,0
5.594,stage1,-0.03828352619909603,0.010389860670440981,-4,0
5.595,stage1,-0.03828352619909603,0.010389860670440981,-4,0
5.596,stage1,-0.03828352619909603,0.010389860670440981,-4,0
5.597,stage1,-0.03828352619909603,0.010389860670440981,-4,0
5.598,stage1,-0.03828352619909603,0.010389860670440981,-4,0
5.599,stage1,-0.03828352619909603,0.010389860670440981,-4,0
5.6,stage1,-0.038173207801339475,0.011673083917394729,-4,0
5.601,stage1,-0.038173207801339475,0.011673083917394729,-4,0
5.602,stage1,-0.038173207801339475,0.011673083917394729,-4,0
5.603,stage1,-0.038173207801339475,0.011673083917394729,-4,0
5.604,stage1,-0.038173207801339475,0.011673083917394729,-4,0
5.605,stage1,-0.038173207801339475,0.011673083917394729,-4,0
5.606,stage1,-0.038173207801339475,0.011673083917394729,-4,0
5.607,stage1,-0.038173207801339475,0.011673083917394729,-4,0
5.608,stage1,-0.038173207801339475,0.011673083917394729,-4,0
5.609,stage1,-0.038173207801339475,0.011673083917394729,-4,0
5.61,stage1,-0.03805008083219673,0.012951461800820786,-4,0
5.611,stage1,-0.03805008083219673,0.012951461800820786,-4,0
5.612,stage1,-0.03805008083219673,0.012951461800820786,-4,0
5.613,stage1,-0.03805008083219673,0.012951461800820786,-4,0
5.614,stage1,-0.03805008083219673,0.012951461800820786,-4,0
5.615,stage1,-0.03805008083219673,0.012951461800820786,-4,0
5.616,stage1,-0.03805008083219673,0.012951461800820786,-4,0
5.617,stage1,-0.03805008083219673,0.012951461800820786,-4,0
5.618,stage1,-0.03805008083219673,0.012951461800820786,-4,0
5.619,stage1,-0.03805008083219673,0.012951461800820786,-4,0
5.62,stage1,-0.03791419712704706,0.014224319446371592,-4,0
5.621,stage1,-0.03791419712704706,0.014224319446371592,-4,0
5.622,stage1,-0.03791419712704706,0.014224319446371592,-4,0
5.623,stage1,-0.03791419712704706,0.014224319446371592,-4,0
5.624,stage1,-0.03791419712704706,0.014224319446371592,-4,0
5.625,stage1,-0.03791419712704706,0.014224319446371592,-4,0
5.626,stage1,-0.03791419712704706,0.014224319446371592,-4,0
5.627,stage1,-0.03791419712704706,0.014224319446371592,-4,0
5.628,stage1,-0.03791419712704706,0.014224319446371592,-4,0
5.629,stage1,-0.03791419712704706,0.014224319446371592,-4,0
5.63,stage1,-0.03776561522509415,0.015490991006554,-4,0
5.631,stage1,-0.03776561522509415,0.015490991006554,-4,0
5.632,stage1,-0.03776561522509415,0.015490991006554,-4,0
5.633,stage1,-0.03776561522509415,0.015490991006554,-4,0
5.634,stage1,-0.03776561522509415,0.015490991006554,-4,0
5.635,stage1,-0.03776561522509415,0.015490991006554,-4,0
5.636,stage1,-0.03776561522509415,0.015490991006554,-4,0
5.637,stage1,-0.03776561522509415,0.015490991006554,-4,0
5.638,stage1,-0.03776561522509415,0.015490991006554,-4,0
5.639,stage1,-0.03776561522509415,0.015490991006554,-4,0
5.64,stage1,-0.037604400277820284,0.016750819914982413,-4,0
5.641,stage1,-0.037604400277820284,0.016750819914982413,-4,0
5.642,stage1,-0.037604400277820284,0.016750819914982413,-4,0
5.643,stage1,-0.037604400277820284,0.016750819914982413,-4,0
5.644,stage1,-0.037604400277820284,0.016750819914982413,-4,0
5.645,stage1,-0.037604400277820284,0.016750819914982413,-4,0
5.646,stage1,-0.037604400277820284,0.016750819914982413,-4,0
5.647,stage1,-0.037604400277820284,0.016750819914982413,-4,0
5.648,stage1,-0.037604400277820284,0.016750819914982413,-4,0
5.649,stage1,-0.037604400277820284,0.016750819914982413,-4,0
5.65,stage1,-0.03743062395493424,0.01800315913337233,-4,0
5.651,stage1,-0.03743062395493424,0.01800315913337233,-4,0
5.652,stage1,-0.03743062395493424,0.01800315913337233,-4,0
5.653,stage1,-0.03743062395493424,0.01800315913337233,-4,0
5.654,stage1,-0.03743062395493424,0.01800315913337233,-4,0
5.655,stage1,-0.03743062395493424,0.01800315913337233,-4,0
5.656,stage1,-0.03743062395493424,0.01800315913337233,-4,0
5.657,stage1,-0.03743062395493424,0.01800315913337233,-4,0
5.658,stage1,-0.03743062395493424,0.01800315913337233,-4,0
5.659,stage1,-0.03743062395493424,0.01800315913337233,-4,0
5.66,stage1,-0.037244364347885764,0.01924737139122385,-4,0
5.661,stage1,-0.037244364347885764,0.01924737139122385,-4,0
5.662,stage1,-0.037244364347885764,0.01924737139122385,-4,0
5.663,stage1,-0.037244364347885764,0.01924737139122385,-4,0
5.664,stage1,-0.037244364347885764,0.01924737139122385,-4,0
5.665,stage1,-0.037244364347885764,0.01924737139122385,-4,0
5.666,stage1,-0.037244364347885764,0.01924737139122385,-4,0
5.667,stage1,-0.037244364347885764,0.01924737139122385,-4,0
5.668,stage1,-0.037244364347885764,0.01924737139122385,-4,0
5.669,stage1,-0.037244364347885764,0.01924737139122385,-4,0
5.67,stage1,-0.03704570587101996,0.02048282941814898,-4,0
5.671,stage1,-0.03704570587101996,0.02048282941814898,-4,0
5.672,stage1,-0.03704570587101996,0.02048282941814898,-4,0
5.673,stage1,-0.03704570587101996,0.02048282941814898,-4,0
5.674,stage1,-0.03704570587101996,0.02048282941814898,-4,0
5.675,stage1,-0.03704570587101996,0.02048282941814898,-4,0
5.676,stage1,-0.03704570587101996,0.02048282941814898,-4,0
5.677,stage1,-0.03704570587101996,0.02048282941814898,-4,0
5.678,stage1,-0.03704570587101996,0.02048282941814898,-4,0
5.679,stage1,-0.03704570587101996,0.02048282941814898,-4,0
5.68,stage1,-0.036834739160445364,0.02170891616880052,-4,0
5.681,stage1,-0.036834739160445364,0.02170891616880052,-4,0
5.682,stage1,-0.036834739160445364,0.02170891616880052,-4,0
5.683,stage1,-0.036834739160445364,0.02170891616880052,-4,0
5.684,stage1,-0.036834739160445364,0.02170891616880052,-4,0
5.685,stage1,-0.036834739160445364,0.02170891616880052,-4,0
5.686,stage1,-0.036834739160445364,0.02170891616880052,-4,0
5.687,stage1,-0.036834739160445364,0.02170891616880052,-4,0
5.688,stage1,-0.036834739160445364,0.02170891616880052,-4,0
5.689,stage1,-0.036834739160445364,0.02170891616880052,-4,0
5.69,stage1,-0.03661156097068986,0.022925025040364616,-4,0
5.691,stage1,-0.03661156097068986,0.022925025040364616,-4,0
5.692,stage1,-0.03661156097068986,0.022925025040364616,-4,0
5.693,stage1,-0.03661156097068986,0.022925025040364616,-4,0
5.694,stage1,-0.03661156097068986,0.022925025040364616,-4,0
5.695,stage1,-0.03661156097068986,0.022925025040364616,-4,0
5.696,stage1,-0.03661156097068986,0.022925025040364616,-4,0
5.697,stage1,-0.03661156097068986,0.022925025040364616,-4,0
5.698,stage1,-0.03661156097068986,0.022925025040364616,-4,0
5.699,stage1,-0.03661156097068986,0.022925025040364616,-4,0
5.7,stage1,-0.03637627406921905,0.024130560082583075,-4,0
5.701,stage1,-0.03637627406921905,0.024130560082583075,-4,0
5.702,stage1,-0.03637627406921905,0.024130560082583075,-4,0
5.703,stage1,-0.03637627406921905,0.024130560082583075,-4,0
5.704,stage1,-0.03637627406921905,0.024130560082583075,-4,0
5.705,stage1,-0.03637627406921905,0.024130560082583075,-4,0
5.706,stage1,-0.03637627406921905,0.024130560082583075,-4,0
5.707,stage1,-0.03637627406921905,0.024130560082583075,-4,0
5.708,stage1,-0.03637627406921905,0.024130560082583075,-4,0
5.709,stage1,-0.03637627406921905,0.024130560082583075,-4,0
5.71,stage1,-0.036128987128891774,0.025324936200275563,-4,0
5.711,stage1,-0.036128987128891774,0.025324936200275563,-4,0
5.712,stage1,-0.036128987128891774,0.025324936200275563,-4,0
5.713,stage1,-0.036128987128891774,0.025324936200275563,-4,0
5.714,stage1,-0.036128987128891774,0.025324936200275563,-4,0
5.715,stage1,-0.036128987128891774,0.025324936200275563,-4,0
5.716,stage1,-0.036128987128891774,0.025324936200275563,-4,0
5.717,stage1,-0.036128987128891774,0.025324936200275563,-4,0
5.718,stage1,-0.036128987128891774,0.025324936200275563,-4,0
5.719,stage1,-0.036128987128891774,0.025324936200275563,-4,0
5.72,stage1,-0.035869814618428156,0.026507579348335964,-4,0
5.721,stage1,-0.035869814618428156,0.026507579348335964,-4,0
5.722,stage1,-0.035869814618428156,0.026507579348335964,-4,0
5.723,stage1,-0.035869814618428156,0.026507579348335964,-4,0
5.724,stage1,-0.035869814618428156,0.026507579348335964,-4,0
5.725,stage1,-0.035869814618428156,0.026507579348335964,-4,0
5.726,stage1,-0.035869814618428156,0.026507579348335964,-4,0
5.727,stage1,-0.035869814618428156,0.026507579348335964,-4,0
5.728,stage1,-0.035869814618428156,0.026507579348335964,-4,0
5.729,stage1,-0.035869814618428156,0.026507579348335964,-4,0
5.73,stage1,-0.035598876690965287,0.027677926719181088,-4,0
5.731,stage1,-0.035598876690965287,0.027677926719181088,-4,0
5.732,stage1,-0.035598876690965287,0.027677926719181088,-4,0
5.733,stage1,-0.035598876690965287,0.027677926719181088,-4,0
5.734,stage1,-0.035598876690965287,0.027677926719181088,-4,0
5.735,stage1,-0.035598876690965287,0.027677926719181088,-4,0
5.736,stage1,-0.035598876690965287,0.027677926719181088,-4,0
5.737,stage1,-0.035598876690965287,0.027677926719181088,-4,0
5.738,stage1,-0.035598876690965287,0.027677926719181088,-4,0
5.739,stage1,-0.035598876690965287,0.027677926719181088,-4,0
5.74,stage1,-0.03531629907077629,0.028835426922633967,-4,0
5.741,stage1,-0.03531629907077629,0.028835426922633967,-4,0
5.742,stage1,-0.03531629907077629,0.028835426922633967,-4,0
5.743,stage1,-0.03531629907077629,0.028835426922633967,-4,0
5.744,stage1,-0.03531629907077629,0.028835426922633967,-4,0
5.745,stage1,-0.03531629907077629,0.028835426922633967,-4,0
5.746,stage1,-0.03531629907077629,0.028835426922633967,-4,0
5.747,stage1,-0.03531629907077629,0.028835426922633967,-4,0
5.748,stage1,-0.03531629907077629,0.028835426922633967,-4,0
5.749,stage1,-0.03531629907077629,0.028835426922633967,-4,0
5.75,stage1,-0.03502221293822846,0.029979540158224828,-4,0
5.751,stage1,-0.03502221293822846,0.029979540158224828,-4,0
5.752,stage1,-0.03502221293822846,0.029979540158224828,-4,0
5.753,stage1,-0.03502221293822846,0.029979540158224828,-4,0
5.754,stage1,-0.03502221293822846,0.029979540158224828,-4,0
5.755,stage1,-0.03502221293822846,0.029979540158224828,-4,0
5.756,stage1,-0.03502221293822846,0.029979540158224828,-4,0
5.757,stage1,-0.03502221293822846,0.029979540158224828,-4,0
5.758,stage1,-0.03502221293822846,0.029979540158224828,-4,0
5.759,stage1,-0.03502221293822846,0.029979540158224828,-4,0
5.76,stage1,-0.034716754813056284,0.031109738379904415,-3,0
5.761,stage1,-0.034716754813056284,0.031109738379904415,-3,0
5.762,stage1,-0.034716754813056284,0.031109738379904415,-3,0
5.763,stage1,-0.034716754813056284,0.031109738379904415,-3,0
5.764,stage1,-0.034716754813056284,0.031109738379904415,-3,0
5.765,stage1,-0.034716754813056284,0.031109738379904415,-3,0
5.766,stage1,-0.034716754813056284,0.031109738379904415,-3,0
5.767,stage1,-0.034716754813056284,0.031109738379904415,-3,0
5.768,stage1,-0.034716754813056284,0.031109738379904415,-3,0
5.769,stage1,-0.034716754813056284,0.031109738379904415,-3,0
5.77,stage1,-0.03440006643602532,0.032225505453173715,-3,0
5.771,stage1,-0.03440006643602532,0.032225505453173715,-3,0
5.772,stage1,-0.03440006643602532,0.032225505453173715,-3,0
5.773,stage1,-0.03440006643602532,0.032225505453173715,-3,0
5.774,stage1,-0.03440006643602532,0.032225505453173715,-3,0
5.775,stage1,-0.03440006643602532,0.032225505453173715,-3,0
5.776,stage1,-0.03440006643602532,0.032225505453173715,-3,0
5.777,stage1,-0.03440006643602532,0.032225505453173715,-3,0
5.778,stage1,-0.03440006643602532,0.032225505453173715,-3,0
5.779,stage1,-0.03440006643602532,0.032225505453173715,-3,0
5.78,stage1,-0.034072294649062695,0.0333263373046082,-3,0
5.781,stage1,-0.034072294649062695,0.0333263373046082,-3,0
5.782,stage1,-0.034072294649062695,0.0333263373046082,-3,0
5.783,stage1,-0.034072294649062695,0.0333263373046082,-3,0
5.784,stage1,-0.034072294649062695,0.0333263373046082,-3,0
5.785,stage1,-0.034072294649062695,0.0333263373046082,-3,0
5.786,stage1,-0.034072294649062695,0.0333263373046082,-3,0
5.787,stage1,-0.034072294649062695,0.0333263373046082,-3,0
5.788,stage1,-0.034072294649062695,0.0333263373046082,-3,0
5.789,stage1,-0.034072294649062695,0.0333263373046082,-3,0
5.79,stage1,-0.03373359127393047,0.034411742063779435,-3,0
5.791,stage1,-0.03373359127393047,0.034411742063779435,-3,0
5.792,stage1,-0.03373359127393047,0.034411742063779435,-3,0
5.793,stage1,-0.03373359127393047,0.034411742063779435,-3,0
5.794,stage1,-0.03373359127393047,0.034411742063779435,-3,0
5.795,stage1,-0.03373359127393047,0.034411742063779435,-3,0
5.796,stage1,-0.03373359127393047,0.034411742063779435,-3,0
5.797,stage1,-0.03373359127393047,0.034411742063779435,-3,0
5.798,stage1,-0.03373359127393047,0.034411742063779435,-3,0
5.799,stage1,-0.03373359127393047,0.034411742063779435,-3,0
5.8,stage1,-0.0333841129895177,0.035481240197583724,-3,0
5.801,stage1,-0.0333841129895177,0.035481240197583724,-3,0
5.802,stage1,-0.0333841129895177,0.035481240197583724,-3,0
5.803,stage1,-0.0333841129895177,0.035481240197583724,-3,0
5.804,stage1,-0.0333841129895177,0.035481240197583724,-3,0
5.805,stage1,-0.0333841129895177,0.035481240197583724,-3,0
5.806,stage1,-0.0333841129895177,0.035481240197583724,-3,0
5.807,stage1,-0.0333841129895177,0.035481240197583724,-3,0
5.808,stage1,-0.0333841129895177,0.035481240197583724,-3,0
5.809,stage1,-0.0333841129895177,0.035481240197583724,-3,0
5.81,stage1,-0.03302402120782711,0.03653436463700193,-3,0
5.811,stage1,-0.03302402120782711,0.03653436463700193,-3,0
5.812,stage1,-0.03302402120782711,0.03653436463700193,-3,0
5.813,stage1,-0.03302402120782711,0.03653436463700193,-3,0
5.814,stage1,-0.03302402120782711,0.03653436463700193,-3,0
5.815,stage1,-0.03302402120782711,0.03653436463700193,-3,0
5.816,stage1,-0.03302402120782711,0.03653436463700193,-3,0
5.817,stage1,-0.03302402120782711,0.03653436463700193,-3,0
5.818,stage1,-0.03302402120782711,0.03653436463700193,-3,0
5.819,stage1,-0.03302402120782711,0.03653436463700193,-3,0
5.82,stage1,-0.03265348194873202,0.037570660896287765,-3,0
5.821,stage1,-0.03265348194873202,0.037570660896287765,-3,0
5.822,stage1,-0.03265348194873202,0.037570660896287765,-3,0
5.823,stage1,-0.03265348194873202,0.037570660896287765,-3,0
5.824,stage1,-0.03265348194873202,0.037570660896287765,-3,0
5.825,stage1,-0.03265348194873202,0.037570660896287765,-3,0
5.826,stage1,-0.03265348194873202,0.037570660896287765,-3,0
5.827,stage1,-0.03265348194873202,0.037570660896287765,-3,0
5.828,stage1,-0.03265348194873202,0.037570660896287765,-3,0
5.829,stage1,-0.03265348194873202,0.037570660896287765,-3,0
5.83,stage1,-0.03227266571357914,0.038589687184603066,-3,0
5.831,stage1,-0.03227266571357914,0.038589687184603066,-3,0
5.832,stage1,-0.03227266571357914,0.038589687184603066,-3,0
5.833,stage1,-0.03227266571357914,0.038589687184603066,-3,0
5.834,stage1,-0.03227266571357914,0.038589687184603066,-3,0
5.835,stage1,-0.03227266571357914,0.038589687184603066,-3,0
5.836,stage1,-0.03227266571357914,0.038589687184603066,-3,0
5.837,stage1,-0.03227266571357914,0.038589687184603066,-3,0
5.838,stage1,-0.03227266571357914,0.038589687184603066,-3,0
5.839,stage1,-0.03227266571357914,0.038589687184603066,-3,0
5.84,stage1,-0.03188174735771273,0.03959101451012143,-3,0
5.841,stage1,-0.03188174735771273,0.03959101451012143,-3,0
5.842,stage1,-0.03188174735771273,0.03959101451012143,-3,0
5.843,stage1,-0.03188174735771273,0.03959101451012143,-3,0
5.844,stage1,-0.03188174735771273,0.03959101451012143,-3,0
5.845,stage1,-0.03188174735771273,0.03959101451012143,-3,0
5.846,stage1,-0.03188174735771273,0.03959101451012143,-3,0
5.847,stage1,-0.03188174735771273,0.03959101451012143,-3,0
5.848,stage1,-0.03188174735771273,0.03959101451012143,-3,0
5.849,stage1,-0.03188174735771273,0.03959101451012143,-3,0
5.85,stage1,-0.031480905961995265,0.04057422677662381,-3,0
5.851,stage1,-0.031480905961995265,0.04057422677662381,-3,0
5.852,stage1,-0.031480905961995265,0.04057422677662381,-3,0
5.853,stage1,-0.031480905961995265,0.04057422677662381,-3,0
5.854,stage1,-0.031480905961995265,0.04057422677662381,-3,0
5.855,stage1,-0.031480905961995265,0.04057422677662381,-3,0
5.856,stage1,-0.031480905961995265,0.04057422677662381,-3,0
5.857,stage1,-0.031480905961995265,0.04057422677662381,-3,0
5.858,stage1,-0.031480905961995265,0.04057422677662381,-3,0
5.859,stage1,-0.031480905961995265,0.04057422677662381,-3,0
5.86,stage1,-0.03107032470339957,0.04153892087261328,-3,0
5.861,stage1,-0.03107032470339957,0.04153892087261328,-3,0
5.862,stage1,-0.03107032470339957,0.04153892087261328,-3,0
5.863,stage1,-0.03107032470339957,0.04153892087261328,-3,0
5.864,stage1,-0.03107032470339957,0.04153892087261328,-3,0
5.865,stage1,-0.03107032470339957,0.04153892087261328,-3,0
5.866,stage1,-0.03107032470339957,0.04153892087261328,-3,0
5.867,stage1,-0.03107032470339957,0.04153892087261328,-3,0
5.868,stage1,-0.03107032470339957,0.04153892087261328,-3,0
5.869,stage1,-0.03107032470339957,0.04153892087261328,-3,0
5.87,stage1,-0.030650190724747107,0.04248470675297954,-3,0
5.871,stage1,-0.030650190724747107,0.04248470675297954,-3,0
5.872,stage1,-0.030650190724747107,0.04248470675297954,-3,0
5.873,stage1,-0.030650190724747107,0.04248470675297954,-3,0
5.874,stage1,-0.030650190724747107,0.04248470675297954,-3,0
5.875,stage1,-0.030650190724747107,0.04248470675297954,-3,0
5.876,stage1,-0.030650190724747107,0.04248470675297954,-3,0
5.877,stage1,-0.030650190724747107,0.04248470675297954,-3,0
5.878,stage1,-0.030650190724747107,0.04248470675297954,-3,0
5.879,stage1,-0.030650190724747107,0.04248470675297954,-3,0
5.88,stage1,-0.03022069500366668,0.04341120751324725,-3,0
5.881,stage1,-0.03022069500366668,0.04341120751324725,-3,0
5.882,stage1,-0.03022069500366668,0.04341120751324725,-3,0
5.883,stage1,-0.03022069500366668,0.04341120751324725,-3,0
5.884,stage1,-0.03022069500366668,0.04341120751324725,-3,0
5.885,stage1,-0.03022069500366668,0.04341120751324725,-3,0
5.886,stage1,-0.03022069500366668,0.04341120751324725,-3,0
5.887,stage1,-0.03022069500366668,0.04341120751324725,-3,0
5.888,stage1,-0.03022069500366668,0.04341120751324725,-3,0
5.889,stage1,-0.03022069500366668,0.04341120751324725,-3,0
5.89,stage1,-0.029782032220847642,0.04431805945644556,-3,0
5.891,stage1,-0.029782032220847642,0.04431805945644556,-3,0
5.892,stage1,-0.029782032220847642,0.04431805945644556,-3,0
5.893,stage1,-0.029782032220847642,0.04431805945644556,-3,0
5.894,stage1,-0.029782032220847642,0.04431805945644556,-3,0
5.895,stage1,-0.029782032220847642,0.04431805945644556,-3,0
5.896,stage1,-0.029782032220847642,0.04431805945644556,-3,0
5.897,stage1,-0.029782032220847642,0.04431805945644556,-3,0
5.898,stage1,-0.029782032220847642,0.04431805945644556,-3,0
5.899,stage1,-0.029782032220847642,0.04431805945644556,-3,0
5.9,stage1,-0.029334400627661083,0.0452049121526395,-3,0
5.901,stage1,-0.029334400627661083,0.0452049121526395,-3,0
5.902,stage1,-0.029334400627661083,0.0452049121526395,-3,0
5.903,stage1,-0.029334400627661083,0.0452049121526395,-3,0
5.904,stage1,-0.029334400627661083,0.0452049121526395,-3,0
5.905,stage1,-0.029334400627661083,0.0452049121526395,-3,0
5.906,stage1,-0.029334400627661083,0.0452049121526395,-3,0
5.907,stage1,-0.029334400627661083,0.0452049121526395,-3,0
5.908,stage1,-0.029334400627661083,0.0452049121526395,-3,0
5.909,stage1,-0.029334400627661083,0.0452049121526395,-3,0
5.91,stage1,-0.028878001913222245,0.046071428491167236,-3,0
5.911,stage1,-0.028878001913222245,0.046071428491167236,-3,0
5.912,stage1,-0.028878001913222245,0.046071428491167236,-3,0
5.913,stage1,-0.028878001913222245,0.046071428491167236,-3,0
5.914,stage1,-0.028878001913222245,0.046071428491167236,-3,0
5.915,stage1,-0.028878001913222245,0.046071428491167236,-3,0
5.916,stage1,-0.028878001913222245,0.046071428491167236,-3,0
5.917,stage1,-0.028878001913222245,0.046071428491167236,-3,0
5.918,stage1,-0.028878001913222245,0.046071428491167236,-3,0
5.919,stage1,-0.028878001913222245,0.046071428491167236,-3,0
5.92,stage1,-0.028413041070966816,0.046917284725630344,-3,0
5.921,stage1,-0.028413041070966816,0.046917284725630344,-3,0
5.922,stage1,-0.028413041070966816,0.046917284725630344,-3,0
5.923,stage1,-0.028413041070966816,0.046917284725630344,-3,0
5.924,stage1,-0.028413041070966816,0.046917284725630344,-3,0
5.925,stage1,-0.028413041070966816,0.046917284725630344,-3,0
5.926,stage1,-0.028413041070966816,0.046917284725630344,-3,0
5.927,stage1,-0.028413041070966816,0.046917284725630344,-3,0
5.928,stage1,-0.028413041070966816,0.046917284725630344,-3,0
5.929,stage1,-0.028413041070966816,0.046917284725630344,-3,0
5.93,stage1,-0.027939726264813374,0.04774217051168732,-3,0
5.931,stage1,-0.027939726264813374,0.04774217051168732,-3,0
5.932,stage1,-0.027939726264813374,0.04774217051168732,-3,0
5.933,stage1,-0.027939726264813374,0.04774217051168732,-3,0
5.934,stage1,-0.027939726264813374,0.04774217051168732,-3,0
5.935,stage1,-0.027939726264813374,0.04774217051168732,-3,0
5.936,stage1,-0.027939726264813374,0.04774217051168732,-3,0
5.937,stage1,-0.027939726264813374,0.04774217051168732,-3,0
5.938,stage1,-0.027939726264813374,0.04774217051168732,-3,0
5.939,stage1,-0.027939726264813374,0.04774217051168732,-3,0
5.94,stage1,-0.027458268694983627,0.048545788937703775,-3,0
5.941,stage1,-0.027458268694983627,0.048545788937703775,-3,0
5.942,stage1,-0.027458268694983627,0.048545788937703775,-3,0
5.943,stage1,-0.027458268694983627,0.048545788937703775,-3,0
5.944,stage1,-0.027458268694983627,0.048545788937703775,-3,0
5.945,stage1,-0.027458268694983627,0.048545788937703775,-3,0
5.946,stage1,-0.027458268694983627,0.048545788937703775,-3,0
5.947,stage1,-0.027458268694983627,0.048545788937703775,-3,0
5.948,stage1,-0.027458268694983627,0.048545788937703775,-3,0
5.949,stage1,-0.027458268694983627,0.048545788937703775,-3,0
5.95,stage1,-0.026968882463551655,0.049327856548315736,-3,0
5.951,stage1,-0.026968882463551655,0.049327856548315736,-3,0
5.952,stage1,-0.026968882463551655,0.049327856548315736,-3,0
5.953,stage1,-0.026968882463551655,0.049327856548315736,-3,0
5.954,stage1,-0.026968882463551655,0.049327856548315736,-3,0
5.955,stage1,-0.026968882463551655,0.049327856548315736,-3,0
5.956,stage1,-0.026968882463551655,0.049327856548315736,-3,0
5.957,stage1,-0.026968882463551655,0.049327856548315736,-3,0
5.958,stage1,-0.026968882463551655,0.049327856548315736,-3,0
5.959,stage1,-0.026968882463551655,0.049327856548315736,-3,0
5.96,stage1,-0.026471784439792707,0.05008810336096532,-3,0
5.961,stage1,-0.026471784439792707,0.05008810336096532,-3,0
5.962,stage1,-0.026471784439792707,0.05008810336096532,-3,0
5.963,stage1,-0.026471784439792707,0.05008810336096532,-3,0
5.964,stage1,-0.026471784439792707,0.05008810336096532,-3,0
5.965,stage1,-0.026471784439792707,0.05008810336096532,-3,0
5.966,stage1,-0.026471784439792707,0.05008810336096532,-3,0
5.967,stage1,-0.026471784439792707,0.05008810336096532,-3,0
5.968,stage1,-0.026471784439792707,0.05008810336096532,-3,0
5.969,stage1,-0.026471784439792707,0.05008810336096532,-3,0
5.97,stage1,-0.025967194125401508,0.0508262728754712,-3,0
5.971,stage1,-0.025967194125401508,0.0508262728754712,-3,0
5.972,stage1,-0.025967194125401508,0.0508262728754712,-3,0
5.973,stage1,-0.025967194125401508,0.0508262728754712,-3,0
5.974,stage1,-0.025967194125401508,0.0508262728754712,-3,0
5.975,stage1,-0.025967194125401508,0.0508262728754712,-3,0
5.976,stage1,-0.025967194125401508,0.0508262728754712,-3,0
5.977,stage1,-0.025967194125401508,0.0508262728754712,-3,0
5.978,stage1,-0.025967194125401508,0.0508262728754712,-3,0
5.979,stage1,-0.025967194125401508,0.0508262728754712,-3,0
5.98,stage1,-0.02545533351964942,0.051542122076698886,-3,0
5.981,stage1,-0.02545533351964942,0.051542122076698886,-3,0
5.982,stage1,-0.02545533351964942,0.051542122076698886,-3,0
5.983,stage1,-0.02545533351964942,0.051542122076698886,-3,0
5.984,stage1,-0.02545533351964942,0.051542122076698886,-3,0
5.985,stage1,-0.02545533351964942,0.051542122076698886,-3,0
5.986,stage1,-0.02545533351964942,0.051542122076698886,-3,0
5.987,stage1,-0.02545533351964942,0.051542122076698886,-3,0
5.988,stage1,-0.02545533351964942,0.051542122076698886,-3,0
5.989,stage1,-0.02545533351964942,0.051542122076698886,-3,0
5.99,stage1,-0.024936426984549138,0.05223542143039883,-2,0
5.991,stage1,-0.024936426984549138,0.05223542143039883,-2,0
5.992,stage1,-0.024936426984549138,0.05223542143039883,-2,0
5.993,stage1,-0.024936426984549138,0.05223542143039883,-2,0
5.994,stage1,-0.024936426984549138,0.05223542143039883,-2,0
5.995,stage1,-0.024936426984549138,0.05223542143039883,-2,0
5.996,stage1,-0.024936426984549138,0.05223542143039883,-2,0
5.997,stage1,-0.024936426984549138,0.05223542143039883,-2,0
5.998,stage1,-0.024936426984549138,0.05223542143039883,-2,0
5.999,stage1,-0.024936426984549138,0.05223542143039883,-2,0
6.0,stage1,-0.02441070111009484,0.052905954872282966,-2,0
6.001,stage1,-0.02441070111009484,0.052905954872282966,-2,0
6.002,stage1,-0.02441070111009484,0.052905954872282966,-2,0
6.003,stage1,-0.02441070111009484,0.052905954872282966,-2,0
6.004,stage1,-0.02441070111009484,0.052905954872282966,-2,0
6.005,stage1,-0.02441070111009484,0.052905954872282966,-2,0
6.006,stage1,-0.02441070111009484,0.052905954872282966,-2,0
6.007,stage1,-0.02441070111009484,0.052905954872282966,-2,0
6.008,stage1,-0.02441070111009484,0.052905954872282966,-2,0
6.009,stage1,-0.02441070111009484,0.052905954872282966,-2,0
6.01,stage1,-0.0238783845796451,0.05355351979041298,-2,0
6.011,stage1,-0.0238783845796451,0.05355351979041298,-2,0
6.012,stage1,-0.0238783845796451,0.05355351979041298,-2,0
6.013,stage1,-0.0238783845796451,0.05355351979041298,-2,0
6.014,stage1,-0.0238783845796451,0.05355351979041298,-2,0
6.015,stage1,-0.0238783845796451,0.05355351979041298,-2,0
6.016,stage1,-0.0238783845796451,0.05355351979041298,-2,0
6.017,stage1,-0.0238783845796451,0.05355351979041298,-2,0
6.018,stage1,-0.0238783845796451,0.05355351979041298,-2,0
6.019,stage1,-0.0238783845796451,0.05355351979041298,-2,0
6.02,stage1,-0.023339708035515033,0.054177927000976255,-2,0
6.021,stage1,-0.023339708035515033,0.054177927000976255,-2,0
6.022,stage1,-0.023339708035515033,0.054177927000976255,-2,0
6.023,stage1,-0.023339708035515033,0.054177927000976255,-2,0
6.024,stage1,-0.023339708035515033,0.054177927000976255,-2,0
6.025,stage1,-0.023339708035515033,0.054177927000976255,-2,0
6.026,stage1,-0.023339708035515033,0.054177927000976255,-2,0
6.027,stage1,-0.023339708035515033,0.054177927000976255,-2,0
6.028,stage1,-0.023339708035515033,0.054177927000976255,-2,0
6.029,stage1,-0.023339708035515033,0.054177927000976255,-2,0
6.03,stage1,-0.02279490394484342,0.054779000717527955,-2,0
6.031,stage1,-0.02279490394484342,0.054779000717527955,-2,0
6.032,stage1,-0.02279490394484342,0.054779000717527955,-2,0
6.033,stage1,-0.02279490394484342,0.054779000717527955,-2,0
6.034,stage1,-0.02279490394484342,0.054779000717527955,-2,0
6.035,stage1,-0.02279490394484342,0.054779000717527955,-2,0
6.036,stage1,-0.02279490394484342,0.054779000717527955,-2,0
6.037,stage1,-0.02279490394484342,0.054779000717527955,-2,0
6.038,stage1,-0.02279490394484342,0.054779000717527955,-2,0
6.039,stage1,-0.02279490394484342,0.054779000717527955,-2,0
6.04,stage1,-0.02224420646579974,0.05535657851378011,-2,0
6.041,stage1,-0.02224420646579974,0.05535657851378011,-2,0
6.042,stage1,-0.02224420646579974,0.05535657851378011,-2,0
6.043,stage1,-0.02224420646579974,0.05535657851378011,-2,0
6.044,stage1,-0.02224420646579974,0.05535657851378011,-2,0
6.045,stage1,-0.02224420646579974,0.05535657851378011,-2,0
6.046,stage1,-0.02224420646579974,0.05535657851378011,-2,0
6.047,stage1,-0.02224420646579974,0.05535657851378011,-2,0
6.048,stage1,-0.02224420646579974,0.05535657851378011,-2,0
6.049,stage1,-0.02224420646579974,0.05535657851378011,-2,0
6.05,stage1,-0.021687851314195237,0.055910511280021134,-2,0
6.051,stage1,-0.021687851314195237,0.055910511280021134,-2,0
6.052,stage1,-0.021687851314195237,0.055910511280021134,-2,0
6.053,stage1,-0.021687851314195237,0.055910511280021134,-2,0
6.054,stage1,-0.021687851314195237,0.055910511280021134,-2,0
6.055,stage1,-0.021687851314195237,0.055910511280021134,-2,0
6.056,stage1,-0.021687851314195237,0.055910511280021134,-2,0
6.057,stage1,-0.021687851314195237,0.055910511280021134,-2,0
6.058,stage1,-0.021687851314195237,0.055910511280021134,-2,0
6.059,stage1,-0.021687851314195237,0.055910511280021134,-2,0
6.06,stage1,-0.021126075630561274,0.05644066317325131,-2,0
6.061,stage1,-0.021126075630561274,0.05644066317325131,-2,0
6.062,stage1,-0.021126075630561274,0.05644066317325131,-2,0
6.063,stage1,-0.021126075630561274,0.05644066317325131,-2,0
6.064,stage1,-0.021126075630561274,0.05644066317325131,-2,0
6.065,stage1,-0.021126075630561274,0.05644066317325131,-2,0
6.066,stage1,-0.021126075630561274,0.05644066317325131,-2,0
6.067,stage1,-0.021126075630561274,0.05644066317325131,-2,0
6.068,stage1,-0.021126075630561274,0.05644066317325131,-2,0
6.069,stage1,-0.021126075630561274,0.05644066317325131,-2,0
6.07,stage1,-0.020559117847757397,0.05694691156112234,-2,0
6.071,stage1,-0.020559117847757397,0.05694691156112234,-2,0
6.072,stage1,-0.020559117847757397,0.05694691156112234,-2,0
6.073,stage1,-0.020559117847757397,0.05694691156112234,-2,0
6.074,stage1,-0.020559117847757397,0.05694691156112234,-2,0
6.075,stage1,-0.020559117847757397,0.05694691156112234,-2,0
6.076,stage1,-0.020559117847757397,0.05694691156112234,-2,0
6.077,stage1,-0.020559117847757397,0.05694691156112234,-2,0
6.078,stage1,-0.020559117847757397,0.05694691156112234,-2,0
6.079,stage1,-0.020559117847757397,0.05694691156112234,-2,0
6.08,stage1,-0.0199872175591706,0.057429146959770985,-2,0
6.081,stage1,-0.0199872175591706,0.057429146959770985,-2,0
6.082,stage1,-0.0199872175591706,0.057429146959770985,-2,0
6.083,stage1,-0.0199872175591706,0.057429146959770985,-2,0
6.084,stage1,-0.0199872175591706,0.057429146959770985,-2,0
6.085,stage1,-0.0199872175591706,0.057429146959770985,-2,0
6.086,stage1,-0.0199872175591706,0.057429146959770985,-2,0
6.087,stage1,-0.0199872175591706,0.057429146959770985,-2,0
6.088,stage1,-0.0199872175591706,0.057429146959770985,-2,0
6.089,stage1,-0.0199872175591706,0.057429146959770985,-2,0
6.09,stage1,-0.0194106153875664,0.057887272965639176,-2,0
6.091,stage1,-0.0194106153875664,0.057887272965639176,-2,0
6.092,stage1,-0.0194106153875664,0.057887272965639176,-2,0
6.093,stage1,-0.0194106153875664,0.057887272965639176,-2,0
6.094,stage1,-0.0194106153875664,0.057887272965639176,-2,0
6.095,stage1,-0.0194106153875664,0.057887272965639176,-2,0
6.096,stage1,-0.0194106153875664,0.057887272965639176,-2,0
6.097,stage1,-0.0194106153875664,0.057887272965639176,-2,0
6.098,stage1,-0.0194106153875664,0.057887272965639176,-2,0
6.099,stage1,-0.0194106153875664,0.057887272965639176,-2,0
6.1,stage1,-0.018829552854651394,0.058321206181374936,-2,0
6.101,stage1,-0.018829552854651394,0.058321206181374936,-2,0
6.102,stage1,-0.018829552854651394,0.058321206181374936,-2,0
6.103,stage1,-0.018829552854651394,0.058321206181374936,-2,0
6.104,stage1,-0.018829552854651394,0.058321206181374936,-2,0
6.105,stage1,-0.018829552854651394,0.058321206181374936,-2,0
6.106,stage1,-0.018829552854651394,0.058321206181374936,-2,0
6.107,stage1,-0.018829552854651394,0.058321206181374936,-2,0
6.108,stage1,-0.018829552854651394,0.058321206181374936,-2,0
6.109,stage1,-0.018829552854651394,0.058321206181374936,-2,0
6.11,stage1,-0.01824427225140598,0.05873087613591046,-2,0
6.111,stage1,-0.01824427225140598,0.05873087613591046,-2,0
6.112,stage1,-0.01824427225140598,0.05873087613591046,-2,0
6.113,stage1,-0.01824427225140598,0.05873087613591046,-2,0
6.114,stage1,-0.01824427225140598,0.05873087613591046,-2,0
6.115,stage1,-0.01824427225140598,0.05873087613591046,-2,0
6.116,stage1,-0.01824427225140598,0.05873087613591046,-2,0
6.117,stage1,-0.01824427225140598,0.05873087613591046,-2,0
6.118,stage1,-0.01824427225140598,0.05873087613591046,-2,0
6.119,stage1,-0.01824427225140598,0.05873087613591046,-2,0
6.12,stage1,-0.01765501650924504,0.05911622519881573,-2,0
6.121,stage1,-0.01765501650924504,0.05911622519881573,-2,0
6.122,stage1,-0.01765501650924504,0.05911622519881573,-2,0
6.123,stage1,-0.01765501650924504,0.05911622519881573,-2,0
6.124,stage1,-0.01765501650924504,0.05911622519881573,-2,0
6.125,stage1,-0.01765501650924504,0.05911622519881573,-2,0
6.126,stage1,-0.01765501650924504,0.05911622519881573,-2,0
6.127,stage1,-0.01765501650924504,0.05911622519881573,-2,0
6.128,stage1,-0.01765501650924504,0.05911622519881573,-2,0
6.129,stage1,-0.01765501650924504,0.05911622519881573,-2,0
6.13,stage1,-0.01706202907206325,0.05947720848902778,-2,0
6.131,stage1,-0.01706202907206325,0.05947720848902778,-2,0
6.132,stage1,-0.01706202907206325,0.05947720848902778,-2,0
6.133,stage1,-0.01706202907206325,0.05947720848902778,-2,0
6.134,stage1,-0.01706202907206325,0.05947720848902778,-2,0
6.135,stage1,-0.01706202907206325,0.05947720848902778,-2,0
6.136,stage1,-0.01706202907206325,0.05947720848902778,-2,0
6.137,stage1,-0.01706202907206325,0.05947720848902778,-2,0
6.138,stage1,-0.01706202907206325,0.05947720848902778,-2,0
6.139,stage1,-0.01706202907206325,0.05947720848902778,-2,0
6.14,stage1,-0.016465553769220823,0.059813793778057636,-2,0
6.141,stage1,-0.016465553769220823,0.059813793778057636,-2,0
6.142,stage1,-0.016465553769220823,0.059813793778057636,-2,0
6.143,stage1,-0.016465553769220823,0.059813793778057636,-2,0
6.144,stage1,-0.016465553769220823,0.059813793778057636,-2,0
6.145,stage1,-0.016465553769220823,0.059813793778057636,-2,0
6.146,stage1,-0.016465553769220823,0.059813793778057636,-2,0
6.147,stage1,-0.016465553769220823,0.059813793778057636,-2,0
6.148,stage1,-0.016465553769220823,0.059813793778057636,-2,0
6.149,stage1,-0.016465553769220823,0.059813793778057636,-2,0
6.15,stage1,-0.015865834689524353,0.06012596138777863,-2,0
6.151,stage1,-0.015865834689524353,0.06012596138777863,-2,0
6.152,stage1,-0.015865834689524353,0.06012596138777863,-2,0
6.153,stage1,-0.015865834689524353,0.06012596138777863,-2,0
6.154,stage1,-0.015865834689524353,0.06012596138777863,-2,0
6.155,stage1,-0.015865834689524353,0.06012596138777863,-2,0
6.156,stage1,-0.015865834689524353,0.06012596138777863,-2,0
6.157,stage1,-0.015865834689524353,0.06012596138777863,-2,0
6.158,stage1,-0.015865834689524353,0.06012596138777863,-2,0
6.159,stage1,-0.015865834689524353,0.06012596138777863,-2,0
6.16,stage1,-0.015263116056256429,0.060413704082901455,-2,0
6.161,stage1,-0.015263116056256429,0.060413704082901455,-2,0
6.162,stage1,-0.015263116056256429,0.060413704082901455,-2,0
6.163,stage1,-0.015263116056256429,0.060413704082901455,-2,0
6.164,stage1,-0.015263116056256429,0.060413704082901455,-2,0
6.165,stage1,-0.015263116056256429,0.060413704082901455,-2,0
6.166,stage1,-0.015263116056256429,0.060413704082901455,-2,0
6.167,stage1,-0.015263116056256429,0.060413704082901455,-2,0
6.168,stage1,-0.015263116056256429,0.060413704082901455,-2,0
6.169,stage1,-0.015263116056256429,0.060413704082901455,-2,0
6.17,stage1,-0.01465764210330662,0.06067702695824295,-1,0
6.171,stage1,-0.01465764210330662,0.06067702695824295,-1,0
6.172,stage1,-0.01465764210330662,0.06067702695824295,-1,0
6.173,stage1,-0.01465764210330662,0.06067702695824295,-1,0
6.174,stage1,-0.01465764210330662,0.06067702695824295,-1,0
6.175,stage1,-0.01465764210330662,0.06067702695824295,-1,0
6.176,stage1,-0.01465764210330662,0.06067702695824295,-1,0
6.177,stage1,-0.01465764210330662,0.06067702695824295,-1,0
6.178,stage1,-0.01465764210330662,0.06067702695824295,-1,0
6.179,stage1,-0.01465764210330662,0.06067702695824295,-1,0
6.18,stage1,-0.01404965695245536,0.060915947320897085,-1,0
6.181,stage1,-0.01404965695245536,0.060915947320897085,-1,0
6.182,stage1,-0.01404965695245536,0.060915947320897085,-1,0
6.183,stage1,-0.01404965695245536,0.060915947320897085,-1,0
6.184,stage1,-0.01404965695245536,0.060915947320897085,-1,0
6.185,stage1,-0.01404965695245536,0.060915947320897085,-1,0
6.186,stage1,-0.01404965695245536,0.060915947320897085,-1,0
6.187,stage1,-0.01404965695245536,0.060915947320897085,-1,0
6.188,stage1,-0.01404965695245536,0.060915947320897085,-1,0
6.189,stage1,-0.01404965695245536,0.060915947320897085,-1,0
6.19,stage1,-0.013439404491861137,0.0611304945674181,-1,0
6.191,stage1,-0.013439404491861137,0.0611304945674181,-1,0
6.192,stage1,-0.013439404491861137,0.0611304945674181,-1,0
6.193,stage1,-0.013439404491861137,0.0611304945674181,-1,0
6.194,stage1,-0.013439404491861137,0.0611304945674181,-1,0
6.195,stage1,-0.013439404491861137,0.0611304945674181,-1,0
6.196,stage1,-0.013439404491861137,0.0611304945674181,-1,0
6.197,stage1,-0.013439404491861137,0.0611304945674181,-1,0
6.198,stage1,-0.013439404491861137,0.0611304945674181,-1,0
6.199,stage1,-0.013439404491861137,0.0611304945674181,-1,0
6.2,stage1,-0.012827128255800345,0.061320710056127145,-1,0
6.201,stage1,-0.012827128255800345,0.061320710056127145,-1,0
6.202,stage1,-0.012827128255800345,0.061320710056127145,-1,0
6.203,stage1,-0.012827128255800345,0.061320710056127145,-1,0
6.204,stage1,-0.012827128255800345,0.061320710056127145,-1,0
6.205,stage1,-0.012827128255800345,0.061320710056127145,-1,0
6.206,stage1,-0.012827128255800345,0.061320710056127145,-1,0
6.207,stage1,-0.012827128255800345,0.061320710056127145,-1,0
6.208,stage1,-0.012827128255800345,0.061320710056127145,-1,0
6.209,stage1,-0.012827128255800345,0.061320710056127145,-1,0
6.21,stage1,-0.012213071305707968,0.06148664697465505,-1,0
6.211,stage1,-0.012213071305707968,0.06148664697465505,-1,0
6.212,stage1,-0.012213071305707968,0.06148664697465505,-1,0
6.213,stage1,-0.012213071305707968,0.06148664697465505,-1,0
6.214,stage1,-0.012213071305707968,0.06148664697465505,-1,0
6.215,stage1,-0.012213071305707968,0.06148664697465505,-1,0
6.216,stage1,-0.012213071305707968,0.06148664697465505,-1,0
6.217,stage1,-0.012213071305707968,0.06148664697465505,-1,0
6.218,stage1,-0.012213071305707968,0.06148664697465505,-1,0
6.219,stage1,-0.012213071305707968,0.06148664697465505,-1,0
6.22,stage1,-0.011597476112566195,0.06162837020283511,-1,0
6.221,stage1,-0.011597476112566195,0.06162837020283511,-1,0
6.222,stage1,-0.011597476112566195,0.06162837020283511,-1,0
6.223,stage1,-0.011597476112566195,0.06162837020283511,-1,0
6.224,stage1,-0.011597476112566195,0.06162837020283511,-1,0
6.225,stage1,-0.011597476112566195,0.06162837020283511,-1,0
6.226,stage1,-0.011597476112566195,0.06162837020283511,-1,0
6.227,stage1,-0.011597476112566195,0.06162837020283511,-1,0
6.228,stage1,-0.011597476112566195,0.06162837020283511,-1,0
6.229,stage1,-0.011597476112566195,0.06162837020283511,-1,0
6.23,stage1,-0.010980584440686864,0.061745956171060996,-1,0
6.231,stage1,-0.010980584440686864,0.061745956171060996,-1,0
6.232,stage1,-0.010980584440686864,0.061745956171060996,-1,0
6.233,stage1,-0.010980584440686864,0.061745956171060996,-1,0
6.234,stage1,-0.010980584440686864,0.061745956171060996,-1,0
6.235,stage1,-0.010980584440686864,0.061745956171060996,-1,0
6.236,stage1,-0.010980584440686864,0.061745956171060996,-1,0
6.237,stage1,-0.010980584440686864,0.061745956171060996,-1,0
6.238,stage1,-0.010980584440686864,0.061745956171060996,-1,0
6.239,stage1,-0.010980584440686864,0.061745956171060996,-1,0
6.24,stage1,-0.010362637232932527,0.061839492714225903,-1,0
6.241,stage1,-0.010362637232932527,0.061839492714225903,-1,0
6.242,stage1,-0.010362637232932527,0.061839492714225903,-1,0
6.243,stage1,-0.010362637232932527,0.061839492714225903,-1,0
6.244,stage1,-0.010362637232932527,0.061839492714225903,-1,0
6.245,stage1,-0.010362637232932527,0.061839492714225903,-1,0
6.246,stage1,-0.010362637232932527,0.061839492714225903,-1,0
6.247,stage1,-0.010362637232932527,0.061839492714225903,-1,0
6.248,stage1,-0.010362637232932527,0.061839492714225903,-1,0
6.249,stage1,-0.010362637232932527,0.061839492714225903,-1,0
6.25,stage1,-0.009743874497419723,0.06190907892136024,-1,0
6.251,stage1,-0.009743874497419723,0.06190907892136024,-1,0
6.252,stage1,-0.009743874497419723,0.06190907892136024,-1,0
6.253,stage1,-0.009743874497419723,0.06190907892136024,-1,0
6.254,stage1,-0.009743874497419723,0.06190907892136024,-1,0
6.255,stage1,-0.009743874497419723,0.06190907892136024,-1,0
6.256,stage1,-0.009743874497419723,0.06190907892136024,-1,0
6.257,stage1,-0.009743874497419723,0.06190907892136024,-1,0
6.258,stage1,-0.009743874497419723,0.06190907892136024,-1,0
6.259,stage1,-0.009743874497419723,0.06190907892136024,-1,0
6.26,stage1,-0.0091245351957469,0.06195482498108593,-1,0
6.261,stage1,-0.0091245351957469,0.06195482498108593,-1,0
6.262,stage1,-0.0091245351957469,0.06195482498108593,-1,0
6.263,stage1,-0.0091245351957469,0.06195482498108593,-1,0
6.264,stage1,-0.0091245351957469,0.06195482498108593,-1,0
6.265,stage1,-0.0091245351957469,0.06195482498108593,-1,0
6.266,stage1,-0.0091245351957469,0.06195482498108593,-1,0
6.267,stage1,-0.0091245351957469,0.06195482498108593,-1,0
6.268,stage1,-0.0091245351957469,0.06195482498108593,-1,0
6.269,stage1,-0.0091245351957469,0.06195482498108593,-1,0
6.27,stage1,-0.008504857132788191,0.06197685202300658,-1,0
6.271,stage1,-0.008504857132788191,0.06197685202300658,-1,0
6.272,stage1,-0.008504857132788191,0.06197685202300658,-1,0
6.273,stage1,-0.008504857132788191,0.06197685202300658,-1,0
6.274,stage1,-0.008504857132788191,0.06197685202300658,-1,0
6.275,stage1,-0.008504857132788191,0.06197685202300658,-1,0
6.276,stage1,-0.008504857132788191,0.06197685202300658,-1,0
6.277,stage1,-0.008504857132788191,0.06197685202300658,-1,0
6.278,stage1,-0.008504857132788191,0.06197685202300658,-1,0
6.279,stage1,-0.008504857132788191,0.06197685202300658,-1,0
6.28,stage1,-0.007885076848093147,0.06197529195515323,-1,0
6.281,stage1,-0.007885076848093147,0.06197529195515323,-1,0
6.282,stage1,-0.007885076848093147,0.06197529195515323,-1,0
6.283,stage1,-0.007885076848093147,0.06197529195515323,-1,0
6.284,stage1,-0.007885076848093147,0.06197529195515323,-1,0
6.285,stage1,-0.007885076848093147,0.06197529195515323,-1,0
6.286,stage1,-0.007885076848093147,0.06197529195515323,-1,0
6.287,stage1,-0.007885076848093147,0.06197529195515323,-1,0
6.288,stage1,-0.007885076848093147,0.06197529195515323,-1,0
6.289,stage1,-0.007885076848093147,0.06197529195515323,-1,0
6.29,stage1,-0.007265429508931189,0.06195028729760654,-1,0
6.291,stage1,-0.007265429508931189,0.06195028729760654,-1,0
6.292,stage1,-0.007265429508931189,0.06195028729760654,-1,0
6.293,stage1,-0.007265429508931189,0.06195028729760654,-1,0
6.294,stage1,-0.007265429508931189,0.06195028729760654,-1,0
6.295,stage1,-0.007265429508931189,0.06195028729760654,-1,0
6.296,stage1,-0.007265429508931189,0.06195028729760654,-1,0
6.297,stage1,-0.007265429508931189,0.06195028729760654,-1,0
6.298,stage1,-0.007265429508931189,0.06195028729760654,-1,0
6.299,stage1,-0.007265429508931189,0.06195028729760654,-1,0
6.3,stage1,-0.006646148805018484,0.06190199101241673,-1,0
6.301,stage1,-0.006646148805018484,0.06190199101241673,-1,0
6.302,stage1,-0.006646148805018484,0.06190199101241673,-1,0
6.303,stage1,-0.006646148805018484,0.06190199101241673,-1,0
6.304,stage1,-0.006646148805018484,0.06190199101241673,-1,0
6.305,stage1,-0.006646148805018484,0.06190199101241673,-1,0
6.306,stage1,-0.006646148805018484,0.06190199101241673,-1,0
6.307,stage1,-0.006646148805018484,0.06190199101241673,-1,0
6.308,stage1,-0.006646148805018484,0.06190199101241673,-1,0
6.309,stage1,-0.006646148805018484,0.06190199101241673,-1,0
6.31,stage1,-0.006027466844963607,0.06183056632994324,-1,0
6.311,stage1,-0.006027466844963607,0.06183056632994324,-1,0
6.312,stage1,-0.006027466844963607,0.06183056632994324,-1,0
6.313,stage1,-0.006027466844963607,0.06183056632994324,-1,0
6.314,stage1,-0.006027466844963607,0.06183056632994324,-1,0
6.315,stage1,-0.006027466844963607,0.06183056632994324,-1,0
6.316,stage1,-0.006027466844963607,0.06183056632994324,-1,0
6.317,stage1,-0.006027466844963607,0.06183056632994324,-1,0
6.318,stage1,-0.006027466844963607,0.06183056632994324,-1,0
6.319,stage1,-0.006027466844963607,0.06183056632994324,-1,0
6.32,stage1,-0.005409614054467203,0.06173618657173682,-1,0
6.321,stage1,-0.005409614054467203,0.06173618657173682,-1,0
6.322,stage1,-0.005409614054467203,0.06173618657173682,-1,0
6.323,stage1,-0.005409614054467203,0.06173618657173682,-1,0
6.324,stage1,-0.005409614054467203,0.06173618657173682,-1,0
6.325,stage1,-0.005409614054467203,0.06173618657173682,-1,0
6.326,stage1,-0.005409614054467203,0.06173618657173682,-1,0
6.327,stage1,-0.005409614054467203,0.06173618657173682,-1,0
6.328,stage1,-0.005409614054467203,0.06173618657173682,-1,0
6.329,stage1,-0.005409614054467203,0.06173618657173682,-1,0
6.33,stage1,-0.0047928190763096,0.06161903497008693,0,0
6.331,stage1,-0.0047928190763096,0.06161903497008693,0,0
6.332,stage1,-0.0047928190763096,0.06161903497008693,0,0
6.333,stage1,-0.0047928190763096,0.06161903497008693,0,0
6.334,stage1,-0.0047928190763096,0.06161903497008693,0,0
6.335,stage1,-0.0047928190763096,0.06161903497008693,0,0
6.336,stage1,-0.0047928190763096,0.06161903497008693,0,0
6.337,stage1,-0.0047928190763096,0.06161903497008693,0,0
6.338,stage1,-0.0047928190763096,0.06161903497008693,0,0
6.339,stage1,-0.0047928190763096,0.06161903497008693,0,0
6.34,stage1,-0.004177308672159112,0.06147930448435812,0,0
6.341,stage1,-0.004177308672159112,0.06147930448435812,0,0
6.342,stage1,-0.004177308672159112,0.06147930448435812,0,0
6.343,stage1,-0.004177308672159112,0.06147930448435812,0,0
6.344,stage1,-0.004177308672159112,0.06147930448435812,0,0
6.345,stage1,-0.004177308672159112,0.06147930448435812,0,0
6.346,stage1,-0.004177308672159112,0.06147930448435812,0,0
6.347,stage1,-0.004177308672159112,0.06147930448435812,0,0
6.348,stage1,-0.004177308672159112,0.06147930448435812,0,0
6.349,stage1,-0.004177308672159112,0.06147930448435812,0,0
6.35,stage1,-0.0035633076262325076,0.06131719761423917,0,0
6.351,stage1,-0.0035633076262325076,0.06131719761423917,0,0
6.352,stage1,-0.0035633076262325076,0.06131719761423917,0,0
6.353,stage1,-0.0035633076262325076,0.06131719761423917,0,0
6.354,stage1,-0.0035633076262325076,0.06131719761423917,0,0
6.355,stage1,-0.0035633076262325076,0.06131719761423917,0,0
6.356,stage1,-0.0035633076262325076,0.06131719761423917,0,0
6.357,stage1,-0.0035633076262325076,0.06131719761423917,0,0
6.358,stage1,-0.0035633076262325076,0.06131719761423917,0,0
6.359,stage1,-0.0035633076262325076,0.06131719761423917,0,0
6.36,stage1,-0.00295103865083792,0.061132926210029144,0,0
6.361,stage1,-0.00295103865083792,0.061132926210029144,0,0
6.362,stage1,-0.00295103865083792,0.061132926210029144,0,0
6.363,stage1,-0.00295103865083792,0.061132926210029144,0,0
6.364,stage1,-0.00295103865083792,0.061132926210029144,0,0
6.365,stage1,-0.00295103865083792,0.061132926210029144,0,0
6.366,stage1,-0.00295103865083792,0.061132926210029144,0,0
6.367,stage1,-0.00295103865083792,0.061132926210029144,0,0
6.368,stage1,-0.00295103865083792,0.061132926210029144,0,0
6.369,stage1,-0.00295103865083792,0.061132926210029144,0,0
6.37,stage1,-0.002340722293829179,0.0609267112800848,0,0
6.371,stage1,-0.002340722293829179,0.0609267112800848,0,0
6.372,stage1,-0.002340722293829179,0.0609267112800848,0,0
6.373,stage1,-0.002340722293829179,0.0609267112800848,0,0
6.374,stage1,-0.002340722293829179,0.0609267112800848,0,0
6.375,stage1,-0.002340722293829179,0.0609267112800848,0,0
6.376,stage1,-0.002340722293829179,0.0609267112800848,0,0
6.377,stage1,-0.002340722293829179,0.0609267112800848,0,0
6.378,stage1,-0.002340722293829179,0.0609267112800848,0,0
6.379,stage1,-0.002340722293829179,0.0609267112800848,0,0
6.38,stage1,-0.0017325768479993515,0.06069878279555386,0,0
6.381,stage1,-0.0017325768479993515,0.06069878279555386,0,0
6.382,stage1,-0.0017325768479993515,0.06069878279555386,0,0
6.383,stage1,-0.0017325768479993515,0.06069878279555386,0,0
6.384,stage1,-0.0017325768479993515,0.06069878279555386,0,0
6.385,stage1,-0.0017325768479993515,0.06069878279555386,0,0
6.386,stage1,-0.0017325768479993515,0.06069878279555386,0,0
6.387,stage1,-0.0017325768479993515,0.06069878279555386,0,0
6.388,stage1,-0.0017325768479993515,0.06069878279555386,0,0
6.389,stage1,-0.0017325768479993515,0.06069878279555386,0,0
6.39,stage1,-0.0011268182624399993,0.06044937949251888,0,0
6.391,stage1,-0.0011268182624399993,0.06044937949251888,0,0
6.392,stage1,-0.0011268182624399993,0.06044937949251888,0,0
6.393,stage1,-0.0011268182624399993,0.06044937949251888,0,0
6.394,stage1,-0.0011268182624399993,0.06044937949251888,0,0
6.395,stage1,-0.0011268182624399993,0.06044937949251888,0,0
6.396,stage1,-0.0011268182624399993,0.06044937949251888,0,0
6.397,stage1,-0.0011268182624399993,0.06044937949251888,0,0
6.398,stage1,-0.0011268182624399993,0.06044937949251888,0,0
6.399,stage1,-0.0011268182624399993,0.06044937949251888,0,0
6.4,stage1,-0.0005236600558914236,0.060178748671676344,0,0
6.401,stage1,-0.0005236600558914236,0.060178748671676344,0,0
6.402,stage1,-0.0005236600558914236,0.060178748671676344,0,0
6.403,stage1,-0.0005236600558914236,0.060178748671676344,0,0
6.404,stage1,-0.0005236600558914236,0.060178748671676344,0,0
6.405,stage1,-0.0005236600558914236,0.060178748671676344,0,0
6.406,stage1,-0.0005236600558914236,0.060178748671676344,0,0
6.407,stage1,-0.0005236600558914236,0.060178748671676344,0,0
6.408,stage1,-0.0005236600558914236,0.060178748671676344,0,0
6.409,stage1,-0.0005236600558914236,0.060178748671676344,0,0
6.41,stage1,7.668676789207725e-05,0.05988714599567577,0,0
6.411,stage1,7.668676789207725e-05,0.05988714599567577,0,0
6.412,stage1,7.668676789207725e-05,0.05988714599567577,0,0
6.413,stage1,7.668676789207725e-05,0.05988714599567577,0,0
6.414,stage1,7.668676789207725e-05,0.05988714599567577,0,0
6.415,stage1,7.668676789207725e-05,0.05988714599567577,0,0
6.416,stage1,7.668676789207725e-05,0.05988714599567577,0,0
6.417,stage1,7.668676789207725e-05,0.05988714599567577,0,0
6.418,stage1,7.668676789207725e-05,0.05988714599567577,0,0
6.419,stage1,7.668676789207725e-05,0.05988714599567577,0,0
6.42,stage1,0.0006740138027391589,0.05957483528424332,0,0
6.421,stage1,0.0006740138027391589,0.05957483528424332,0,0
6.422,stage1,0.0006740138027391589,0.05957483528424332,0,0
6.423,stage1,0.0006740138027391589,0.05957483528424332,0,0
6.424,stage1,0.0006740138027391589,0.05957483528424332,0,0
6.425,stage1,0.0006740138027391589,0.05957483528424332,0,0
6.426,stage1,0.0006740138027391589,0.05957483528424332,0,0
6.427,stage1,0.0006740138027391589,0.05957483528424332,0,0
6.428,stage1,0.0006740138027391589,0.05957483528424332,0,0
6.429,stage1,0.0006740138027391589,0.05957483528424332,0,0
6.43,stage1,0.001268115320599061,0.059242088307214516,0,0
6.431,stage1,0.001268115320599061,0.059242088307214516,0,0
6.432,stage1,0.001268115320599061,0.059242088307214516,0,0
6.433,stage1,0.001268115320599061,0.059242088307214516,0,0
6.434,stage1,0.001268115320599061,0.059242088307214516,0,0
6.435,stage1,0.001268115320599061,0.059242088307214516,0,0
6.436,stage1,0.001268115320599061,0.059242088307214516,0,0
6.437,stage1,0.001268115320599061,0.059242088307214516,0,0
6.438,stage1,0.001268115320599061,0.059242088307214516,0,0
6.439,stage1,0.001268115320599061,0.059242088307214516,0,0
6.44,stage1,0.0018587883499996268,0.058889184575600155,0,0
6.441,stage1,0.0018587883499996268,0.058889184575600155,0,0
6.442,stage1,0.0018587883499996268,0.058889184575600155,0,0
6.443,stage1,0.0018587883499996268,0.058889184575600155,0,0
6.444,stage1,0.0018587883499996268,0.058889184575600155,0,0
6.445,stage1,0.0018587883499996268,0.058889184575600155,0,0
6.446,stage1,0.0018587883499996268,0.058889184575600155,0,0
6.447,stage1,0.0018587883499996268,0.058889184575600155,0,0
6.448,stage1,0.0018587883499996268,0.058889184575600155,0,0
6.449,stage1,0.0018587883499996268,0.058889184575600155,0,0
6.45,stage1,0.0024458327524066667,0.058516411130809604,0,0
6.451,stage1,0.0024458327524066667,0.058516411130809604,0,0
6.452,stage1,0.0024458327524066667,0.058516411130809604,0,0
6.453,stage1,0.0024458327524066667,0.058516411130809604,0,0
6.454,stage1,0.0024458327524066667,0.058516411130809604,0,0
6.455,stage1,0.0024458327524066667,0.058516411130809604,0,0
6.456,stage1,0.0024458327524066667,0.058516411130809604,0,0
6.457,stage1,0.0024458327524066667,0.058516411130809604,0,0
6.458,stage1,0.0024458327524066667,0.058516411130809604,0,0
6.459,stage1,0.0024458327524066667,0.058516411130809604,0,0
6.46,stage1,0.0030290512964668555,0.05812406233215499,0,0
6.461,stage1,0.0030290512964668555,0.05812406233215499,0,0
6.462,stage1,0.0030290512964668555,0.05812406233215499,0,0
6.463,stage1,0.0030290512964668555,0.05812406233215499,0,0
6.464,stage1,0.0030290512964668555,0.05812406233215499,0,0
6.465,stage1,0.0030290512964668555,0.05812406233215499,0,0
6.466,stage1,0.0030290512964668555,0.05812406233215499,0,0
6.467,stage1,0.0030290512964668555,0.05812406233215499,0,0
6.468,stage1,0.0030290512964668555,0.05812406233215499,0,0
6.469,stage1,0.0030290512964668555,0.05812406233215499,0,0
6.47,stage1,0.00360824973011759,0.05771243964275964,0,0
6.471,stage1,0.00360824973011759,0.05771243964275964,0,0
6.472,stage1,0.00360824973011759,0.05771243964275964,0,0
6.473,stage1,0.00360824973011759,0.05771243964275964,0,0
6.474,stage1,0.00360824973011759,0.05771243964275964,0,0
6.475,stage1,0.00360824973011759,0.05771243964275964,0,0
6.476,stage1,0.00360824973011759,0.05771243964275964,0,0
6.477,stage1,0.00360824973011759,0.05771243964275964,0,0
6.478,stage1,0.00360824973011759,0.05771243964275964,0,0
6.479,stage1,0.00360824973011759,0.05771243964275964,0,0
6.48,stage1,0.004183236850548467,0.05728185141399367,0,0
6.481,stage1,0.004183236850548467,0.05728185141399367,0,0
6.482,stage1,0.004183236850548467,0.05728185141399367,0,0
6.483,stage1,0.004183236850548467,0.05728185141399367,0,0
6.484,stage1,0.004183236850548467,0.05728185141399367,0,0
6.485,stage1,0.004183236850548467,0.05728185141399367,0,0
6.486,stage1,0.004183236850548467,0.05728185141399367,0,0
6.487,stage1,0.004183236850548467,0.05728185141399367,0,0
6.488,stage1,0.004183236850548467,0.05728185141399367,0,0
6.489,stage1,0.004183236850548467,0.05728185141399367,0,0
6.49,stage1,0.004753824572000256,0.056832612668558956,0,0
6.491,stage1,0.004753824572000256,0.056832612668558956,0,0
6.492,stage1,0.004753824572000256,0.056832612668558956,0,0
6.493,stage1,0.004753824572000256,0.056832612668558956,0,0
6.494,stage1,0.004753824572000256,0.056832612668558956,0,0
6.495,stage1,0.004753824572000256,0.056832612668558956,0,0
6.496,stage1,0.004753824572000256,0.056832612668558956,0,0
6.497,stage1,0.004753824572000256,0.056832612668558956,0,0
6.498,stage1,0.004753824572000256,0.056832612668558956,0,0
6.499,stage1,0.004753824572000256,0.056832612668558956,0,0
6.5,stage1,0.005319827991388492,0.056365044882345436,1,0
6.501,stage1,0.005319827991388492,0.056365044882345436,1,0
6.502,stage1,0.005319827991388492,0.056365044882345436,1,0
6.503,stage1,0.005319827991388492,0.056365044882345436,1,0
6.504,stage1,0.005319827991388492,0.056365044882345436,1,0
6.505,stage1,0.005319827991388492,0.056365044882345436,1,0
6.506,stage1,0.005319827991388492,0.056365044882345436,1,0
6.507,stage1,0.005319827991388492,0.056365044882345436,1,0
6.508,stage1,0.005319827991388492,0.056365044882345436,1,0
6.509,stage1,0.005319827991388492,0.056365044882345436,1,0
6.51,stage1,0.005881065451739971,0.055879475765179806,1,0
6.511,stage1,0.005881065451739971,0.055879475765179806,1,0
6.512,stage1,0.005881065451739971,0.055879475765179806,1,0
6.513,stage1,0.005881065451739971,0.055879475765179806,1,0
6.514,stage1,0.005881065451739971,0.055879475765179806,1,0
6.515,stage1,0.005881065451739971,0.055879475765179806,1,0
6.516,stage1,0.005881065451739971,0.055879475765179806,1,0
6.517,stage1,0.005881065451739971,0.055879475765179806,1,0
6.518,stage1,0.005881065451739971,0.055879475765179806,1,0
6.519,stage1,0.005881065451739971,0.055879475765179806,1,0
6.52,stage1,0.006437358603431717,0.05537623904058724,1,0
6.521,stage1,0.006437358603431717,0.05537623904058724,1,0
6.522,stage1,0.006437358603431717,0.05537623904058724,1,0
6.523,stage1,0.006437358603431717,0.05537623904058724,1,0
6.524,stage1,0.006437358603431717,0.05537623904058724,1,0
6.525,stage1,0.006437358603431717,0.05537623904058724,1,0
6.526,stage1,0.006437358603431717,0.05537623904058724,1,0
6.527,stage1,0.006437358603431717,0.05537623904058724,1,0
6.528,stage1,0.006437358603431717,0.05537623904058724,1,0
6.529,stage1,0.006437358603431717,0.05537623904058724,1,0
6.53,stage1,0.006988532463223118,0.054855674224685916,1,0
6.531,stage1,0.006988532463223118,0.054855674224685916,1,0
6.532,stage1,0.006988532463223118,0.054855674224685916,1,0
6.533,stage1,0.006988532463223118,0.054855674224685916,1,0
6.534,stage1,0.006988532463223118,0.054855674224685916,1,0
6.535,stage1,0.006988532463223118,0.054855674224685916,1,0
6.536,stage1,0.006988532463223118,0.054855674224685916,1,0
6.537,stage1,0.006988532463223118,0.054855674224685916,1,0
6.538,stage1,0.006988532463223118,0.054855674224685916,1,0
6.539,stage1,0.006988532463223118,0.054855674224685916,1,0
6.54,stage1,0.00753441547107318,0.054318126404333374,1,0
6.541,stage1,0.00753441547107318,0.054318126404333374,1,0
6.542,stage1,0.00753441547107318,0.054318126404333374,1,0
6.543,stage1,0.00753441547107318,0.054318126404333374,1,0
6.544,stage1,0.00753441547107318,0.054318126404333374,1,0
6.545,stage1,0.00753441547107318,0.054318126404333374,1,0
6.546,stage1,0.00753441547107318,0.054318126404333374,1,0
6.547,stage1,0.00753441547107318,0.054318126404333374,1,0
6.548,stage1,0.00753441547107318,0.054318126404333374,1,0
6.549,stage1,0.00753441547107318,0.054318126404333374,1,0
6.55,stage1,0.008074839544735979,0.05376394601464302,1,0
6.551,stage1,0.008074839544735979,0.05376394601464302,1,0
6.552,stage1,0.008074839544735979,0.05376394601464302,1,0
6.553,stage1,0.008074839544735979,0.05376394601464302,1,0
6.554,stage1,0.008074839544735979,0.05376394601464302,1,0
6.555,stage1,0.008074839544735979,0.05376394601464302,1,0
6.556,stage1,0.008074839544735979,0.05376394601464302,1,0
6.557,stage1,0.008074839544735979,0.05376394601464302,1,0
6.558,stage1,0.008074839544735979,0.05376394601464302,1,0
6.559,stage1,0.008074839544735979,0.05376394601464302,1,0
6.56,stage1,0.00860964013212864,0.05319348861598808,1,0
6.561,stage1,0.00860964013212864,0.05319348861598808,1,0
6.562,stage1,0.00860964013212864,0.05319348861598808,1,0
6.563,stage1,0.00860964013212864,0.05319348861598808,1,0
6.564,stage1,0.00860964013212864,0.05319348861598808,1,0
6.565,stage1,0.00860964013212864,0.05319348861598808,1,0
6.566,stage1,0.00860964013212864,0.05319348861598808,1,0
6.567,stage1,0.00860964013212864,0.05319348861598808,1,0
6.568,stage1,0.00860964013212864,0.05319348861598808,1,0
6.569,stage1,0.00860964013212864,0.05319348861598808,1,0
6.57,stage1,0.00913865626146726,0.05260711467060939,1,0
6.571,stage1,0.00913865626146726,0.05260711467060939,1,0
6.572,stage1,0.00913865626146726,0.05260711467060939,1,0
6.573,stage1,0.00913865626146726,0.05260711467060939,1,0
6.574,stage1,0.00913865626146726,0.05260711467060939,1,0
6.575,stage1,0.00913865626146726,0.05260711467060939,1,0
6.576,stage1,0.00913865626146726,0.05260711467060939,1,0
6.577,stage1,0.00913865626146726,0.05260711467060939,1,0
6.578,stage1,0.00913865626146726,0.05260711467060939,1,0
6.579,stage1,0.00913865626146726,0.05260711467060939,1,0
6.58,stage1,0.00966173058916742,0.0520051893189427,1,0
6.581,stage1,0.00966173058916742,0.0520051893189427,1,0
6.582,stage1,0.00966173058916742,0.0520051893189427,1,0
6.583,stage1,0.00966173058916742,0.0520051893189427,1,0
6.584,stage1,0.00966173058916742,0.0520051893189427,1,0
6.585,stage1,0.00966173058916742,0.0520051893189427,1,0
6.586,stage1,0.00966173058916742,0.0520051893189427,1,0
6.587,stage1,0.00966173058916742,0.0520051893189427,1,0
6.588,stage1,0.00966173058916742,0.0520051893189427,1,0
6.589,stage1,0.00966173058916742,0.0520051893189427,1,0
6.59,stage1,0.010178709445507042,0.05138808215577969,1,0
6.591,stage1,0.010178709445507042,0.05138808215577969,1,0
6.592,stage1,0.010178709445507042,0.05138808215577969,1,0
6.593,stage1,0.010178709445507042,0.05138808215577969,1,0
6.594,stage1,0.010178709445507042,0.05138808215577969,1,0
6.595,stage1,0.010178709445507042,0.05138808215577969,1,0
6.596,stage1,0.010178709445507042,0.05138808215577969,1,0
6.597,stage1,0.010178709445507042,0.05138808215577969,1,0
6.598,stage1,0.010178709445507042,0.05138808215577969,1,0
6.599,stage1,0.010178709445507042,0.05138808215577969,1,0
6.6,stage1,0.010689442878050496,0.05075616700637632,1,0
6.601,stage1,0.010689442878050496,0.05075616700637632,1,0
6.602,stage1,0.010689442878050496,0.05075616700637632,1,0
6.603,stage1,0.010689442878050496,0.05075616700637632,1,0
6.604,stage1,0.010689442878050496,0.05075616700637632,1,0
6.605,stage1,0.010689442878050496,0.05075616700637632,1,0
6.606,stage1,0.010689442878050496,0.05075616700637632,1,0
6.607,stage1,0.010689442878050496,0.05075616700637632,1,0
6.608,stage1,0.010689442878050496,0.05075616700637632,1,0
6.609,stage1,0.010689442878050496,0.05075616700637632,1,0
6.61,stage1,0.011193784692833999,0.0501098217026207,1,0
6.611,stage1,0.011193784692833999,0.0501098217026207,1,0
6.612,stage1,0.011193784692833999,0.0501098217026207,1,0
6.613,stage1,0.011193784692833999,0.0501098217026207,1,0
6.614,stage1,0.011193784692833999,0.0501098217026207,1,0
6.615,stage1,0.011193784692833999,0.0501098217026207,1,0
6.616,stage1,0.011193784692833999,0.0501098217026207,1,0
6.617,stage1,0.011193784692833999,0.0501098217026207,1,0
6.618,stage1,0.011193784692833999,0.0501098217026207,1,0
6.619,stage1,0.011193784692833999,0.0501098217026207,1,0
6.62,stage1,0.011691592493313452,0.04944942785937158,1,0
6.621,stage1,0.011691592493313452,0.04944942785937158,1,0
6.622,stage1,0.011691592493313452,0.04944942785937158,1,0
6.623,stage1,0.011691592493313452,0.04944942785937158,1,0
6.624,stage1,0.011691592493313452,0.04944942785937158,1,0
6.625,stage1,0.011691592493313452,0.04944942785937158,1,0
6.626,stage1,0.011691592493313452,0.04944942785937158,1,0
6.627,stage1,0.011691592493313452,0.04944942785937158,1,0
6.628,stage1,0.011691592493313452,0.04944942785937158,1,0
6.629,stage1,0.011691592493313452,0.04944942785937158,1,0
6.63,stage1,0.012182727717076977,0.04877537065107752,1,0
6.631,stage1,0.012182727717076977,0.04877537065107752,1,0
6.632,stage1,0.012182727717076977,0.04877537065107752,1,0
6.633,stage1,0.012182727717076977,0.04877537065107752,1,0
6.634,stage1,0.012182727717076977,0.04877537065107752,1,0
6.635,stage1,0.012182727717076977,0.04877537065107752,1,0
6.636,stage1,0.012182727717076977,0.04877537065107752,1,0
6.637,stage1,0.012182727717076977,0.04877537065107752,1,0
6.638,stage1,0.012182727717076977,0.04877537065107752,1,0
6.639,stage1,0.012182727717076977,0.04877537065107752,1,0
6.64,stage1,0.012667055670325495,0.048088038588785326,1,0
6.641,stage1,0.012667055670325495,0.048088038588785326,1,0
6.642,stage1,0.012667055670325495,0.048088038588785326,1,0
6.643,stage1,0.012667055670325495,0.048088038588785326,1,0
6.644,stage1,0.012667055670325495,0.048088038588785326,1,0
6.645,stage1,0.012667055670325495,0.048088038588785326,1,0
6.646,stage1,0.012667055670325495,0.048088038588785326,1,0
6.647,stage1,0.012667055670325495,0.048088038588785326,1,0
6.648,stage1,0.012667055670325495,0.048088038588785326,1,0
6.649,stage1,0.012667055670325495,0.048088038588785326,1,0
6.65,stage1,0.013144445560125787,0.04738782329764526,1,0
6.651,stage1,0.013144445560125787,0.04738782329764526,1,0
6.652,stage1,0.013144445560125787,0.04738782329764526,1,0
6.653,stage1,0.013144445560125787,0.04738782329764526,1,0
6.654,stage1,0.013144445560125787,0.04738782329764526,1,0
6.655,stage1,0.013144445560125787,0.04738782329764526,1,0
6.656,stage1,0.013144445560125787,0.04738782329764526,1,0
6.657,stage1,0.013144445560125787,0.04738782329764526,1,0
6.658,stage1,0.013144445560125787,0.04738782329764526,1,0
6.659,stage1,0.013144445560125787,0.04738782329764526,1,0
6.66,stage1,0.01361477052444154,0.046675119295018996,1,0
6.661,stage1,0.01361477052444154,0.046675119295018996,1,0
6.662,stage1,0.01361477052444154,0.046675119295018996,1,0
6.663,stage1,0.01361477052444154,0.046675119295018996,1,0
6.664,stage1,0.01361477052444154,0.046675119295018996,1,0
6.665,stage1,0.01361477052444154,0.046675119295018996,1,0
6.666,stage1,0.01361477052444154,0.046675119295018996,1,0
6.667,stage1,0.01361477052444154,0.046675119295018996,1,0
6.668,stage1,0.01361477052444154,0.046675119295018996,1,0
6.669,stage1,0.01361477052444154,0.046675119295018996,1,0
6.67,stage1,0.014077907659948914,0.04595032376929525,1,0
6.671,stage1,0.014077907659948914,0.04595032376929525,1,0
6.672,stage1,0.014077907659948914,0.04595032376929525,1,0
6.673,stage1,0.014077907659948914,0.04595032376929525,1,0
6.674,stage1,0.014077907659948914,0.04595032376929525,1,0
6.675,stage1,0.014077907659948914,0.04595032376929525,1,0
6.676,stage1,0.014077907659948914,0.04595032376929525,1,0
6.677,stage1,0.014077907659948914,0.04595032376929525,1,0
6.678,stage1,0.014077907659948914,0.04595032376929525,1,0
6.679,stage1,0.014077907659948914,0.04595032376929525,1,0
6.68,stage1,0.014533738047644235,0.045213836359516195,1,0
6.681,stage1,0.014533738047644235,0.045213836359516195,1,0
6.682,stage1,0.014533738047644235,0.045213836359516195,1,0
6.683,stage1,0.014533738047644235,0.045213836359516195,1,0
6.684,stage1,0.014533738047644235,0.045213836359516195,1,0
6.685,stage1,0.014533738047644235,0.045213836359516195,1,0
6.686,stage1,0.014533738047644235,0.045213836359516195,1,0
6.687,stage1,0.014533738047644235,0.045213836359516195,1,0
6.688,stage1,0.014533738047644235,0.045213836359516195,1,0
6.689,stage1,0.014533738047644235,0.045213836359516195,1,0
6.69,stage1,0.014982146776252439,0.04446605893591678,1,0
6.691,stage1,0.014982146776252439,0.04446605893591678,1,0
6.692,stage1,0.014982146776252439,0.04446605893591678,1,0
6.693,stage1,0.014982146776252439,0.04446605893591678,1,0
6.694,stage1,0.014982146776252439,0.04446605893591678,1,0
6.695,stage1,0.014982146776252439,0.04446605893591678,1,0
6.696,stage1,0.014982146776252439,0.04446605893591678,1,0
6.697,stage1,0.014982146776252439,0.04446605893591678,1,0
6.698,stage1,0.014982146776252439,0.04446605893591678,1,0
6.699,stage1,0.014982146776252439,0.04446605893591678,1,0
6.7,stage1,0.015423022963445889,0.043707395381477145,2,0
6.701,stage1,0.015423022963445889,0.043707395381477145,2,0
6.702,stage1,0.015423022963445889,0.043707395381477145,2,0
6.703,stage1,0.015423022963445889,0.043707395381477145,2,0
6.704,stage1,0.015423022963445889,0.043707395381477145,2,0
6.705,stage1,0.015423022963445889,0.043707395381477145,2,0
6.706,stage1,0.015423022963445889,0.043707395381477145,2,0
6.707,stage1,0.015423022963445889,0.043707395381477145,2,0
6.708,stage1,0.015423022963445889,0.043707395381477145,2,0
6.709,stage1,0.015423022963445889,0.043707395381477145,2,0
6.71,stage1,0.015856259774884186,0.04293825137458728,2,0
6.711,stage1,0.015856259774884186,0.04293825137458728,2,0
6.712,stage1,0.015856259774884186,0.04293825137458728,2,0
6.713,stage1,0.015856259774884186,0.04293825137458728,2,0
6.714,stage1,0.015856259774884186,0.04293825137458728,2,0
6.715,stage1,0.015856259774884186,0.04293825137458728,2,0
6.716,stage1,0.015856259774884186,0.04293825137458728,2,0
6.717,stage1,0.015856259774884186,0.04293825137458728,2,0
6.718,stage1,0.015856259774884186,0.04293825137458728,2,0
6.719,stage1,0.015856259774884186,0.04293825137458728,2,0
6.72,stage1,0.016281754441086614,0.04215903417292111,2,0
6.721,stage1,0.016281754441086614,0.04215903417292111,2,0
6.722,stage1,0.016281754441086614,0.04215903417292111,2,0
6.723,stage1,0.016281754441086614,0.04215903417292111,2,0
6.724,stage1,0.016281754441086614,0.04215903417292111,2,0
6.725,stage1,0.016281754441086614,0.04215903417292111,2,0
6.726,stage1,0.016281754441086614,0.04215903417292111,2,0
6.727,stage1,0.016281754441086614,0.04215903417292111,2,0
6.728,stage1,0.016281754441086614,0.04215903417292111,2,0
6.729,stage1,0.016281754441086614,0.04215903417292111,2,0
6.73,stage1,0.016699408272149746,0.0413701523986159,2,0
6.731,stage1,0.016699408272149746,0.0413701523986159,2,0
6.732,stage1,0.016699408272149746,0.0413701523986159,2,0
6.733,stage1,0.016699408272149746,0.0413701523986159,2,0
6.734,stage1,0.016699408272149746,0.0413701523986159,2,0
6.735,stage1,0.016699408272149746,0.0413701523986159,2,0
6.736,stage1,0.016699408272149746,0.0413701523986159,2,0
6.737,stage1,0.016699408272149746,0.0413701523986159,2,0
6.738,stage1,0.016699408272149746,0.0413701523986159,2,0
6.739,stage1,0.016699408272149746,0.0413701523986159,2,0
6.74,stage1,0.017109126670323795,0.04057201582485112,2,0
6.741,stage1,0.017109126670323795,0.04057201582485112,2,0
6.742,stage1,0.017109126670323795,0.04057201582485112,2,0
6.743,stage1,0.017109126670323795,0.04057201582485112,2,0
6.744,stage1,0.017109126670323795,0.04057201582485112,2,0
6.745,stage1,0.017109126670323795,0.04057201582485112,2,0
6.746,stage1,0.017109126670323795,0.04057201582485112,2,0
6.747,stage1,0.017109126670323795,0.04057201582485112,2,0
6.748,stage1,0.017109126670323795,0.04057201582485112,2,0
6.749,stage1,0.017109126670323795,0.04057201582485112,2,0
6.75,stage1,0.017510819140462104,0.0397650351639194,2,0
6.751,stage1,0.017510819140462104,0.0397650351639194,2,0
6.752,stage1,0.017510819140462104,0.0397650351639194,2,0
6.753,stage1,0.017510819140462104,0.0397650351639194,2,0
6.754,stage1,0.017510819140462104,0.0397650351639194,2,0
6.755,stage1,0.017510819140462104,0.0397650351639194,2,0
6.756,stage1,0.017510819140462104,0.0397650351639194,2,0
6.757,stage1,0.017510819140462104,0.0397650351639194,2,0
6.758,stage1,0.017510819140462104,0.0397650351639194,2,0
6.759,stage1,0.017510819140462104,0.0397650351639194,2,0
6.76,stage1,0.017904399298359217,0.03894962185688032,2,0
6.761,stage1,0.017904399298359217,0.03894962185688032,2,0
6.762,stage1,0.017904399298359217,0.03894962185688032,2,0
6.763,stage1,0.017904399298359217,0.03894962185688032,2,0
6.764,stage1,0.017904399298359217,0.03894962185688032,2,0
6.765,stage1,0.017904399298359217,0.03894962185688032,2,0
6.766,stage1,0.017904399298359217,0.03894962185688032,2,0
6.767,stage1,0.017904399298359217,0.03894962185688032,2,0
6.768,stage1,0.017904399298359217,0.03894962185688032,2,0
6.769,stage1,0.017904399298359217,0.03894962185688032,2,0
6.77,stage1,0.018289784876993745,0.03812618786488629,2,0
6.771,stage1,0.018289784876993745,0.03812618786488629,2,0
6.772,stage1,0.018289784876993745,0.03812618786488629,2,0
6.773,stage1,0.018289784876993745,0.03812618786488629,2,0
6.774,stage1,0.018289784876993745,0.03812618786488629,2,0
6.775,stage1,0.018289784876993745,0.03812618786488629,2,0
6.776,stage1,0.018289784876993745,0.03812618786488629,2,0
6.777,stage1,0.018289784876993745,0.03812618786488629,2,0
6.778,stage1,0.018289784876993745,0.03812618786488629,2,0
6.779,stage1,0.018289784876993745,0.03812618786488629,2,0
6.78,stage1,0.01866689773069324,0.037295145462268045,2,0
6.781,stage1,0.01866689773069324,0.037295145462268045,2,0
6.782,stage1,0.01866689773069324,0.037295145462268045,2,0
6.783,stage1,0.01866689773069324,0.037295145462268045,2,0
6.784,stage1,0.01866689773069324,0.037295145462268045,2,0
6.785,stage1,0.01866689773069324,0.037295145462268045,2,0
6.786,stage1,0.01866689773069324,0.037295145462268045,2,0
6.787,stage1,0.01866689773069324,0.037295145462268045,2,0
6.788,stage1,0.01866689773069324,0.037295145462268045,2,0
6.789,stage1,0.01866689773069324,0.037295145462268045,2,0
6.79,stage1,0.01903566383723907,0.0364569070314653,2,0
6.791,stage1,0.01903566383723907,0.0364569070314653,2,0
6.792,stage1,0.01903566383723907,0.0364569070314653,2,0
6.793,stage1,0.01903566383723907,0.0364569070314653,2,0
6.794,stage1,0.01903566383723907,0.0364569070314653,2,0
6.795,stage1,0.01903566383723907,0.0364569070314653,2,0
6.796,stage1,0.01903566383723907,0.0364569070314653,2,0
6.797,stage1,0.01903566383723907,0.0364569070314653,2,0
6.798,stage1,0.01903566383723907,0.0364569070314653,2,0
6.799,stage1,0.01903566383723907,0.0364569070314653,2,0
6.8,stage1,0.019396013297930177,0.035611884859886644,2,0
6.801,stage1,0.019396013297930177,0.035611884859886644,2,0
6.802,stage1,0.019396013297930177,0.035611884859886644,2,0
6.803,stage1,0.019396013297930177,0.035611884859886644,2,0
6.804,stage1,0.019396013297930177,0.035611884859886644,2,0
6.805,stage1,0.019396013297930177,0.035611884859886644,2,0
6.806,stage1,0.019396013297930177,0.035611884859886644,2,0
6.807,stage1,0.019396013297930177,0.035611884859886644,2,0
6.808,stage1,0.019396013297930177,0.035611884859886644,2,0
6.809,stage1,0.019396013297930177,0.035611884859886644,2,0
6.81,stage1,0.019747880335625415,0.03476049093878071,2,0
6.811,stage1,0.019747880335625415,0.03476049093878071,2,0
6.812,stage1,0.019747880335625415,0.03476049093878071,2,0
6.813,stage1,0.019747880335625415,0.03476049093878071,2,0
6.814,stage1,0.019747880335625415,0.03476049093878071,2,0
6.815,stage1,0.019747880335625415,0.03476049093878071,2,0
6.816,stage1,0.019747880335625415,0.03476049093878071,2,0
6.817,stage1,0.019747880335625415,0.03476049093878071,2,0
6.818,stage1,0.019747880335625415,0.03476049093878071,2,0
6.819,stage1,0.019747880335625415,0.03476049093878071,2,0
6.82,stage1,0.02009120329078501,0.033903136764198996,2,0
6.821,stage1,0.02009120329078501,0.033903136764198996,2,0
6.822,stage1,0.02009120329078501,0.033903136764198996,2,0
6.823,stage1,0.02009120329078501,0.033903136764198996,2,0
6.824,stage1,0.02009120329078501,0.033903136764198996,2,0
6.825,stage1,0.02009120329078501,0.033903136764198996,2,0
6.826,stage1,0.02009120329078501,0.033903136764198996,2,0
6.827,stage1,0.02009120329078501,0.033903136764198996,2,0
6.828,stage1,0.02009120329078501,0.033903136764198996,2,0
6.829,stage1,0.02009120329078501,0.033903136764198996,2,0
6.83,stage1,0.020425924615532418,0.033040233140128716,2,0
6.831,stage1,0.020425924615532418,0.033040233140128716,2,0
6.832,stage1,0.020425924615532418,0.033040233140128716,2,0
6.833,stage1,0.020425924615532418,0.033040233140128716,2,0
6.834,stage1,0.020425924615532418,0.033040233140128716,2,0
6.835,stage1,0.020425924615532418,0.033040233140128716,2,0
6.836,stage1,0.020425924615532418,0.033040233140128716,2,0
6.837,stage1,0.020425924615532418,0.033040233140128716,2,0
6.838,stage1,0.020425924615532418,0.033040233140128716,2,0
6.839,stage1,0.020425924615532418,0.033040233140128716,2,0
6.84,stage1,0.020751990865758695,0.03217218998387236,2,0
6.841,stage1,0.020751990865758695,0.03217218998387236,2,0
6.842,stage1,0.020751990865758695,0.03217218998387236,2,0
6.843,stage1,0.020751990865758695,0.03217218998387236,2,0
6.844,stage1,0.020751990865758695,0.03217218998387236,2,0
6.845,stage1,0.020751990865758695,0.03217218998387236,2,0
6.846,stage1,0.020751990865758695,0.03217218998387236,2,0
6.847,stage1,0.020751990865758695,0.03217218998387236,2,0
6.848,stage1,0.020751990865758695,0.03217218998387236,2,0
6.849,stage1,0.020751990865758695,0.03217218998387236,2,0
6.85,stage1,0.021069352691292186,0.03129941613374866,2,0
6.851,stage1,0.021069352691292186,0.03129941613374866,2,0
6.852,stage1,0.021069352691292186,0.03129941613374866,2,0
6.853,stage1,0.021069352691292186,0.03129941613374866,2,0
6.854,stage1,0.021069352691292186,0.03129941613374866,2,0
6.855,stage1,0.021069352691292186,0.03129941613374866,2,0
6.856,stage1,0.021069352691292186,0.03129941613374866,2,0
6.857,stage1,0.021069352691292186,0.03129941613374866,2,0
6.858,stage1,0.021069352691292186,0.03129941613374866,2,0
6.859,stage1,0.021069352691292186,0.03129941613374866,2,0
6.86,stage1,0.021377964824157162,0.030422319159187697,2,0
6.861,stage1,0.021377964824157162,0.030422319159187697,2,0
6.862,stage1,0.021377964824157162,0.030422319159187697,2,0
6.863,stage1,0.021377964824157162,0.030422319159187697,2,0
6.864,stage1,0.021377964824157162,0.030422319159187697,2,0
6.865,stage1,0.021377964824157162,0.030422319159187697,2,0
6.866,stage1,0.021377964824157162,0.030422319159187697,2,0
6.867,stage1,0.021377964824157162,0.030422319159187697,2,0
6.868,stage1,0.021377964824157162,0.030422319159187697,2,0
6.869,stage1,0.021377964824157162,0.030422319159187697,2,0
6.87,stage1,0.021677786064945657,0.029541305173291156,2,0
6.871,stage1,0.021677786064945657,0.029541305173291156,2,0
6.872,stage1,0.021677786064945657,0.029541305173291156,2,0
6.873,stage1,0.021677786064945657,0.029541305173291156,2,0
6.874,stage1,0.021677786064945657,0.029541305173291156,2,0
6.875,stage1,0.021677786064945657,0.029541305173291156,2,0
6.876,stage1,0.021677786064945657,0.029541305173291156,2,0
6.877,stage1,0.021677786064945657,0.029541305173291156,2,0
6.878,stage1,0.021677786064945657,0.029541305173291156,2,0
6.879,stage1,0.021677786064945657,0.029541305173291156,2,0
6.88,stage1,0.02196877926732753,0.0286567786479266,2,0
6.881,stage1,0.02196877926732753,0.0286567786479266,2,0
6.882,stage1,0.02196877926732753,0.0286567786479266,2,0
6.883,stage1,0.02196877926732753,0.0286567786479266,2,0
6.884,stage1,0.02196877926732753,0.0286567786479266,2,0
6.885,stage1,0.02196877926732753,0.0286567786479266,2,0
6.886,stage1,0.02196877926732753,0.0286567786479266,2,0
6.887,stage1,0.02196877926732753,0.0286567786479266,2,0
6.888,stage1,0.02196877926732753,0.0286567786479266,2,0
6.889,stage1,0.02196877926732753,0.0286567786479266,2,0
6.89,stage1,0.022250911320724407,0.027769142231422798,2,0
6.891,stage1,0.022250911320724407,0.027769142231422798,2,0
6.892,stage1,0.022250911320724407,0.027769142231422798,2,0
6.893,stage1,0.022250911320724407,0.027769142231422798,2,0
6.894,stage1,0.022250911320724407,0.027769142231422798,2,0
6.895,stage1,0.022250911320724407,0.027769142231422798,2,0
6.896,stage1,0.022250911320724407,0.027769142231422798,2,0
6.897,stage1,0.022250911320724407,0.027769142231422798,2,0
6.898,stage1,0.022250911320724407,0.027769142231422798,2,0
6.899,stage1,0.022250911320724407,0.027769142231422798,2,0
6.9,stage1,0.022524153131173875,0.026878796568931135,2,0
6.901,stage1,0.022524153131173875,0.026878796568931135,2,0
6.902,stage1,0.022524153131173875,0.026878796568931135,2,0
6.903,stage1,0.022524153131173875,0.026878796568931135,2,0
6.904,stage1,0.022524153131173875,0.026878796568931135,2,0
6.905,stage1,0.022524153131173875,0.026878796568931135,2,0
6.906,stage1,0.022524153131173875,0.026878796568931135,2,0
6.907,stage1,0.022524153131173875,0.026878796568931135,2,0
6.908,stage1,0.022524153131173875,0.026878796568931135,2,0
6.909,stage1,0.022524153131173875,0.026878796568931135,2,0
6.91,stage1,0.022788479600410864,0.025986140125516175,2,0
6.911,stage1,0.022788479600410864,0.025986140125516175,2,0
6.912,stage1,0.022788479600410864,0.025986140125516175,2,0
6.913,stage1,0.022788479600410864,0.025986140125516175,2,0
6.914,stage1,0.022788479600410864,0.025986140125516175,2,0
6.915,stage1,0.022788479600410864,0.025986140125516175,2,0
6.916,stage1,0.022788479600410864,0.025986140125516175,2,0
6.917,stage1,0.022788479600410864,0.025986140125516175,2,0
6.918,stage1,0.022788479600410864,0.025986140125516175,2,0
6.919,stage1,0.022788479600410864,0.025986140125516175,2,0
6.92,stage1,0.02304386960319384,0.025091569012036453,2,0
6.921,stage1,0.02304386960319384,0.025091569012036453,2,0
6.922,stage1,0.02304386960319384,0.025091569012036453,2,0
6.923,stage1,0.02304386960319384,0.025091569012036453,2,0
6.924,stage1,0.02304386960319384,0.025091569012036453,2,0
6.925,stage1,0.02304386960319384,0.025091569012036453,2,0
6.926,stage1,0.02304386960319384,0.025091569012036453,2,0
6.927,stage1,0.02304386960319384,0.025091569012036453,2,0
6.928,stage1,0.02304386960319384,0.025091569012036453,2,0
6.929,stage1,0.02304386960319384,0.025091569012036453,2,0
6.93,stage1,0.023290305962904018,0.024195476813874534,2,0
6.931,stage1,0.023290305962904018,0.024195476813874534,2,0
6.932,stage1,0.023290305962904018,0.024195476813874534,2,0
6.933,stage1,0.023290305962904018,0.024195476813874534,2,0
6.934,stage1,0.023290305962904018,0.024195476813874534,2,0
6.935,stage1,0.023290305962904018,0.024195476813874534,2,0
6.936,stage1,0.023290305962904018,0.024195476813874534,2,0
6.937,stage1,0.023290305962904018,0.024195476813874534,2,0
6.938,stage1,0.023290305962904018,0.024195476813874534,2,0
6.939,stage1,0.023290305962904018,0.024195476813874534,2,0
6.94,stage1,0.023527775425446335,0.023298254422573474,2,0
6.941,stage1,0.023527775425446335,0.023298254422573474,2,0
6.942,stage1,0.023527775425446335,0.023298254422573474,2,0
6.943,stage1,0.023527775425446335,0.023298254422573474,2,0
6.944,stage1,0.023527775425446335,0.023298254422573474,2,0
6.945,stage1,0.023527775425446335,0.023298254422573474,2,0
6.946,stage1,0.023527775425446335,0.023298254422573474,2,0
6.947,stage1,0.023527775425446335,0.023298254422573474,2,0
6.948,stage1,0.023527775425446335,0.023298254422573474,2,0
6.949,stage1,0.023527775425446335,0.023298254422573474,2,0
6.95,stage1,0.023756268631481576,0.02240028987043464,2,0
6.951,stage1,0.023756268631481576,0.02240028987043464,2,0
6.952,stage1,0.023756268631481576,0.02240028987043464,2,0
6.953,stage1,0.023756268631481576,0.02240028987043464,2,0
6.954,stage1,0.023756268631481576,0.02240028987043464,2,0
6.955,stage1,0.023756268631481576,0.02240028987043464,2,0
6.956,stage1,0.023756268631481576,0.02240028987043464,2,0
6.957,stage1,0.023756268631481576,0.02240028987043464,2,0
6.958,stage1,0.023756268631481576,0.02240028987043464,2,0
6.959,stage1,0.023756268631481576,0.02240028987043464,2,0
6.96,stage1,0.02397578008701949,0.02150196816813,2,0
6.961,stage1,0.02397578008701949,0.02150196816813,2,0
6.962,stage1,0.02397578008701949,0.02150196816813,2,0
6.963,stage1,0.02397578008701949,0.02150196816813,2,0
6.964,stage1,0.02397578008701949,0.02150196816813,2,0
6.965,stage1,0.02397578008701949,0.02150196816813,2,0
6.966,stage1,0.02397578008701949,0.02150196816813,2,0
6.967,stage1,0.02397578008701949,0.02150196816813,2,0
6.968,stage1,0.02397578008701949,0.02150196816813,2,0
6.969,stage1,0.02397578008701949,0.02150196816813,2,0
6.97,stage1,0.024186308132403318,0.020603671145379795,2,0
6.971,stage1,0.024186308132403318,0.020603671145379795,2,0
6.972,stage1,0.024186308132403318,0.020603671145379795,2,0
6.973,stage1,0.024186308132403318,0.020603671145379795,2,0
6.974,stage1,0.024186308132403318,0.020603671145379795,2,0
6.975,stage1,0.024186308132403318,0.020603671145379795,2,0
6.976,stage1,0.024186308132403318,0.020603671145379795,2,0
6.977,stage1,0.024186308132403318,0.020603671145379795,2,0
6.978,stage1,0.024186308132403318,0.020603671145379795,2,0
6.979,stage1,0.024186308132403318,0.020603671145379795,2,0
6.98,stage1,0.024387854909716632,0.019705777294744632,2,0
6.981,stage1,0.024387854909716632,0.019705777294744632,2,0
6.982,stage1,0.024387854909716632,0.019705777294744632,2,0
6.983,stage1,0.024387854909716632,0.019705777294744632,2,0
6.984,stage1,0.024387854909716632,0.019705777294744632,2,0
6.985,stage1,0.024387854909716632,0.019705777294744632,2,0
6.986,stage1,0.024387854909716632,0.019705777294744632,2,0
6.987,stage1,0.024387854909716632,0.019705777294744632,2,0
6.988,stage1,0.024387854909716632,0.019705777294744632,2,0
6.989,stage1,0.024387854909716632,0.019705777294744632,2,0
6.99,stage1,0.024580426328643865,0.01880866161857883,2,0
6.991,stage1,0.024580426328643865,0.01880866161857883,2,0
6.992,stage1,0.024580426328643865,0.01880866161857883,2,0
6.993,stage1,0.024580426328643865,0.01880866161857883,2,0
6.994,stage1,0.024580426328643865,0.01880866161857883,2,0
6.995,stage1,0.024580426328643865,0.01880866161857883,2,0
6.996,stage1,0.024580426328643865,0.01880866161857883,2,0
6.997,stage1,0.024580426328643865,0.01880866161857883,2,0
6.998,stage1,0.024580426328643865,0.01880866161857883,2,0
6.999,stage1,0.024580426328643865,0.01880866161857883,2,0
7.0,stage1,0.024764032030816355,0.017912695479189972,2,0
7.001,stage1,0.024764032030816355,0.017912695479189972,2,0
7.002,stage1,0.024764032030816355,0.017912695479189972,2,0
7.003,stage1,0.024764032030816355,0.017912695479189972,2,0
7.004,stage1,0.024764032030816355,0.017912695479189972,2,0
7.005,stage1,0.024764032030816355,0.017912695479189972,2,0
7.006,stage1,0.024764032030816355,0.017912695479189972,2,0
7.007,stage1,0.024764032030816355,0.017912695479189972,2,0
7.008,stage1,0.024764032030816355,0.017912695479189972,2,0
7.009,stage1,0.024764032030816355,0.017912695479189972,2,0
7.01,stage1,0.024938685352676213,0.017018246452247435,2,0
7.011,stage1,0.024938685352676213,0.017018246452247435,2,0
7.012,stage1,0.024938685352676213,0.017018246452247435,2,0
7.013,stage1,0.024938685352676213,0.017018246452247435,2,0
7.014,stage1,0.024938685352676213,0.017018246452247435,2,0
7.015,stage1,0.024938685352676213,0.017018246452247435,2,0
7.016,stage1,0.024938685352676213,0.017018246452247435,2,0
7.017,stage1,0.024938685352676213,0.017018246452247435,2,0
7.018,stage1,0.024938685352676213,0.017018246452247435,2,0
7.019,stage1,0.024938685352676213,0.017018246452247435,2,0
7.02,stage1,0.02510440328689069,0.01612567818348073,3,0
7.021,stage1,0.02510440328689069,0.01612567818348073,3,0
7.022,stage1,0.02510440328689069,0.01612567818348073,3,0
7.023,stage1,0.02510440328689069,0.01612567818348073,3,0
7.024,stage1,0.02510440328689069,0.01612567818348073,3,0
7.025,stage1,0.02510440328689069,0.01612567818348073,3,0
7.026,stage1,0.02510440328689069,0.01612567818348073,3,0
7.027,stage1,0.02510440328689069,0.01612567818348073,3,0
7.028,stage1,0.02510440328689069,0.01612567818348073,3,0
7.029,stage1,0.02510440328689069,0.01612567818348073,3,0
7.03,stage1,0.025261206442350116,0.015235350248706363,3,0
7.031,stage1,0.025261206442350116,0.015235350248706363,3,0
7.032,stage1,0.025261206442350116,0.015235350248706363,3,0
7.033,stage1,0.025261206442350116,0.015235350248706363,3,0
7.034,stage1,0.025261206442350116,0.015235350248706363,3,0
7.035,stage1,0.025261206442350116,0.015235350248706363,3,0
7.036,stage1,0.025261206442350116,0.015235350248706363,3,0
7.037,stage1,0.025261206442350116,0.015235350248706363,3,0
7.038,stage1,0.025261206442350116,0.015235350248706363,3,0
7.039,stage1,0.025261206442350116,0.015235350248706363,3,0
7.04,stage1,0.025409119002782934,0.014347618017219909,3,0
7.041,stage1,0.025409119002782934,0.014347618017219909,3,0
7.042,stage1,0.025409119002782934,0.014347618017219909,3,0
7.043,stage1,0.025409119002782934,0.014347618017219909,3,0
7.044,stage1,0.025409119002782934,0.014347618017219909,3,0
7.045,stage1,0.025409119002782934,0.014347618017219909,3,0
7.046,stage1,0.025409119002782934,0.014347618017219909,3,0
7.047,stage1,0.025409119002782934,0.014347618017219909,3,0
7.048,stage1,0.025409119002782934,0.014347618017219909,3,0
7.049,stage1,0.025409119002782934,0.014347618017219909,3,0
7.05,stage1,0.025548168684021603,0.013462832518588009,3,0
7.051,stage1,0.025548168684021603,0.013462832518588009,3,0
7.052,stage1,0.025548168684021603,0.013462832518588009,3,0
7.053,stage1,0.025548168684021603,0.013462832518588009,3,0
7.054,stage1,0.025548168684021603,0.013462832518588009,3,0
7.055,stage1,0.025548168684021603,0.013462832518588009,3,0
7.056,stage1,0.025548168684021603,0.013462832518588009,3,0
7.057,stage1,0.025548168684021603,0.013462832518588009,3,0
7.058,stage1,0.025548168684021603,0.013462832518588009,3,0
7.059,stage1,0.025548168684021603,0.013462832518588009,3,0
7.06,stage1,0.02567838668995357,0.012581340312872835,3,0
7.061,stage1,0.02567838668995357,0.012581340312872835,3,0
7.062,stage1,0.02567838668995357,0.012581340312872835,3,0
7.063,stage1,0.02567838668995357,0.012581340312872835,3,0
7.064,stage1,0.02567838668995357,0.012581340312872835,3,0
7.065,stage1,0.02567838668995357,0.012581340312872835,3,0
7.066,stage1,0.02567838668995357,0.012581340312872835,3,0
7.067,stage1,0.02567838668995357,0.012581340312872835,3,0
7.068,stage1,0.02567838668995357,0.012581340312872835,3,0
7.069,stage1,0.02567838668995357,0.012581340312872835,3,0
7.07,stage1,0.02579980766719178,0.011703483364319665,3,0
7.071,stage1,0.02579980766719178,0.011703483364319665,3,0
7.072,stage1,0.02579980766719178,0.011703483364319665,3,0
7.073,stage1,0.02579980766719178,0.011703483364319665,3,0
7.074,stage1,0.02579980766719178,0.011703483364319665,3,0
7.075,stage1,0.02579980766719178,0.011703483364319665,3,0
7.076,stage1,0.02579980766719178,0.011703483364319665,3,0
7.077,stage1,0.02579980766719178,0.011703483364319665,3,0
7.078,stage1,0.02579980766719178,0.011703483364319665,3,0
7.079,stage1,0.02579980766719178,0.011703483364319665,3,0
7.08,stage1,0.02591246965849947,0.010829598918536092,3,0
7.081,stage1,0.02591246965849947,0.010829598918536092,3,0
7.082,stage1,0.02591246965849947,0.010829598918536092,3,0
7.083,stage1,0.02591246965849947,0.010829598918536092,3,0
7.084,stage1,0.02591246965849947,0.010829598918536092,3,0
7.085,stage1,0.02591246965849947,0.010829598918536092,3,0
7.086,stage1,0.02591246965849947,0.010829598918536092,3,0
7.087,stage1,0.02591246965849947,0.010829598918536092,3,0
7.088,stage1,0.02591246965849947,0.010829598918536092,3,0
7.089,stage1,0.02591246965849947,0.010829598918536092,3,0
7.09,stage1,0.026016414055004378,0.009960019383189413,3,0
7.091,stage1,0.026016414055004378,0.009960019383189413,3,0
7.092,stage1,0.026016414055004378,0.009960019383189413,3,0
7.093,stage1,0.026016414055004378,0.009960019383189413,3,0
7.094,stage1,0.026016414055004378,0.009960019383189413,3,0
7.095,stage1,0.026016414055004378,0.009960019383189413,3,0
7.096,stage1,0.026016414055004378,0.009960019383189413,3,0
7.097,stage1,0.026016414055004378,0.009960019383189413,3,0
7.098,stage1,0.026016414055004378,0.009960019383189413,3,0
7.099,stage1,0.026016414055004378,0.009960019383189413,3,0
7.1,stage1,0.026111685547237546,0.009095072212246712,3,0
7.101,stage1,0.026111685547237546,0.009095072212246712,3,0
7.102,stage1,0.026111685547237546,0.009095072212246712,3,0
7.103,stage1,0.026111685547237546,0.009095072212246712,3,0
7.104,stage1,0.026111685547237546,0.009095072212246712,3,0
7.105,stage1,0.026111685547237546,0.009095072212246712,3,0
7.106,stage1,0.026111685547237546,0.009095072212246712,3,0
7.107,stage1,0.026111685547237546,0.009095072212246712,3,0
7.108,stage1,0.026111685547237546,0.009095072212246712,3,0
7.109,stage1,0.026111685547237546,0.009095072212246712,3,0
7.11,stage1,0.02619833207503241,0.008235079793780152,3,0
7.111,stage1,0.02619833207503241,0.008235079793780152,3,0
7.112,stage1,0.02619833207503241,0.008235079793780152,3,0
7.113,stage1,0.02619833207503241,0.008235079793780152,3,0
7.114,stage1,0.02619833207503241,0.008235079793780152,3,0
7.115,stage1,0.02619833207503241,0.008235079793780152,3,0
7.116,stage1,0.02619833207503241,0.008235079793780152,3,0
7.117,stage1,0.02619833207503241,0.008235079793780152,3,0
7.118,stage1,0.02619833207503241,0.008235079793780152,3,0
7.119,stage1,0.02619833207503241,0.008235079793780152,3,0
7.12,stage1,0.026276404776319786,0.0073803593413579735,3,0
7.121,stage1,0.026276404776319786,0.0073803593413579735,3,0
7.122,stage1,0.026276404776319786,0.0073803593413579735,3,0
7.123,stage1,0.026276404776319786,0.0073803593413579735,3,0
7.124,stage1,0.026276404776319786,0.0073803593413579735,3,0
7.125,stage1,0.026276404776319786,0.0073803593413579735,3,0
7.126,stage1,0.026276404776319786,0.0073803593413579735,3,0
7.127,stage1,0.026276404776319786,0.0073803593413579735,3,0
7.128,stage1,0.026276404776319786,0.0073803593413579735,3,0
7.129,stage1,0.026276404776319786,0.0073803593413579735,3,0
7.13,stage1,0.026345957934854832,0.006531222789039738,3,0
7.131,stage1,0.026345957934854832,0.006531222789039738,3,0
7.132,stage1,0.026345957934854832,0.006531222789039738,3,0
7.133,stage1,0.026345957934854832,0.006531222789039738,3,0
7.134,stage1,0.026345957934854832,0.006531222789039738,3,0
7.135,stage1,0.026345957934854832,0.006531222789039738,3,0
7.136,stage1,0.026345957934854832,0.006531222789039738,3,0
7.137,stage1,0.026345957934854832,0.006531222789039738,3,0
7.138,stage1,0.026345957934854832,0.006531222789039738,3,0
7.139,stage1,0.026345957934854832,0.006531222789039738,3,0
7.14,stage1,0.026407048926911997,0.005687976689992347,3,0
7.141,stage1,0.026407048926911997,0.005687976689992347,3,0
7.142,stage1,0.026407048926911997,0.005687976689992347,3,0
7.143,stage1,0.026407048926911997,0.005687976689992347,3,0
7.144,stage1,0.026407048926911997,0.005687976689992347,3,0
7.145,stage1,0.026407048926911997,0.005687976689992347,3,0
7.146,stage1,0.026407048926911997,0.005687976689992347,3,0
7.147,stage1,0.026407048926911997,0.005687976689992347,3,0
7.148,stage1,0.026407048926911997,0.005687976689992347,3,0
7.149,stage1,0.026407048926911997,0.005687976689992347,3,0
7.15,stage1,0.02645973816698435,0.004850922118741429,3,0
7.151,stage1,0.02645973816698435,0.004850922118741429,3,0
7.152,stage1,0.02645973816698435,0.004850922118741429,3,0
7.153,stage1,0.02645973816698435,0.004850922118741429,3,0
7.154,stage1,0.02645973816698435,0.004850922118741429,3,0
7.155,stage1,0.02645973816698435,0.004850922118741429,3,0
7.156,stage1,0.02645973816698435,0.004850922118741429,3,0
7.157,stage1,0.02645973816698435,0.004850922118741429,3,0
7.158,stage1,0.02645973816698435,0.004850922118741429,3,0
7.159,stage1,0.02645973816698435,0.004850922118741429,3,0
7.16,stage1,0.0265040890525236,0.004020354577070692,3,0
7.161,stage1,0.0265040890525236,0.004020354577070692,3,0
7.162,stage1,0.0265040890525236,0.004020354577070692,3,0
7.163,stage1,0.0265040890525236,0.004020354577070692,3,0
7.164,stage1,0.0265040890525236,0.004020354577070692,3,0
7.165,stage1,0.0265040890525236,0.004020354577070692,3,0
7.166,stage1,0.0265040890525236,0.004020354577070692,3,0
7.167,stage1,0.0265040890525236,0.004020354577070692,3,0
7.168,stage1,0.0265040890525236,0.004020354577070692,3,0
7.169,stage1,0.0265040890525236,0.004020354577070692,3,0
7.17,stage1,0.026540167907757463,0.003196563903583603,3,0
7.171,stage1,0.026540167907757463,0.003196563903583603,3,0
7.172,stage1,0.026540167907757463,0.003196563903583603,3,0
7.173,stage1,0.026540167907757463,0.003196563903583603,3,0
7.174,stage1,0.026540167907757463,0.003196563903583603,3,0
7.175,stage1,0.026540167907757463,0.003196563903583603,3,0
7.176,stage1,0.026540167907757463,0.003196563903583603,3,0
7.177,stage1,0.026540167907757463,0.003196563903583603,3,0
7.178,stage1,0.026540167907757463,0.003196563903583603,3,0
7.179,stage1,0.026540167907757463,0.003196563903583603,3,0
7.18,stage1,0.026568043926620922,0.002379834186932103,3,0
7.181,stage1,0.026568043926620922,0.002379834186932103,3,0
7.182,stage1,0.026568043926620922,0.002379834186932103,3,0
7.183,stage1,0.026568043926620922,0.002379834186932103,3,0
7.184,stage1,0.026568043926620922,0.002379834186932103,3,0
7.185,stage1,0.026568043926620922,0.002379834186932103,3,0
7.186,stage1,0.026568043926620922,0.002379834186932103,3,0
7.187,stage1,0.026568043926620922,0.002379834186932103,3,0
7.188,stage1,0.026568043926620922,0.002379834186932103,3,0
7.189,stage1,0.026568043926620922,0.002379834186932103,3,0
7.19,stage1,0.026587789114838146,0.0015704436827074708,3,0
7.191,stage1,0.026587789114838146,0.0015704436827074708,3,0
7.192,stage1,0.026587789114838146,0.0015704436827074708,3,0
7.193,stage1,0.026587789114838146,0.0015704436827074708,3,0
7.194,stage1,0.026587789114838146,0.0015704436827074708,3,0
7.195,stage1,0.026587789114838146,0.0015704436827074708,3,0
7.196,stage1,0.026587789114838146,0.0015704436827074708,3,0
7.197,stage1,0.026587789114838146,0.0015704436827074708,3,0
7.198,stage1,0.026587789114838146,0.0015704436827074708,3,0
7.199,stage1,0.026587789114838146,0.0015704436827074708,3,0
7.2,stage1,0.026599478231191687,0.000768664734017467,3,0
7.201,stage1,0.026599478231191687,0.000768664734017467,3,0
7.202,stage1,0.026599478231191687,0.000768664734017467,3,0
7.203,stage1,0.026599478231191687,0.000768664734017467,3,0
7.204,stage1,0.026599478231191687,0.000768664734017467,3,0
7.205,stage1,0.026599478231191687,0.000768664734017467,3,0
7.206,stage1,0.026599478231191687,0.000768664734017467,3,0
7.207,stage1,0.026599478231191687,0.000768664734017467,3,0
7.208,stage1,0.026599478231191687,0.000768664734017467,3,0
7.209,stage1,0.026599478231191687,0.000768664734017467,3,0
7.21,stage1,0.02660318872801588,-2.5236304252360597e-05,3,0
7.211,stage1,0.02660318872801588,-2.5236304252360597e-05,3,0
7.212,stage1,0.02660318872801588,-2.5236304252360597e-05,3,0
7.213,stage1,0.02660318872801588,-2.5236304252360597e-05,3,0
7.214,stage1,0.02660318872801588,-2.5236304252360597e-05,3,0
7.215,stage1,0.02660318872801588,-2.5236304252360597e-05,3,0
7.216,stage1,0.02660318872801588,-2.5236304252360597e-05,3,0
7.217,stage1,0.02660318872801588,-2.5236304252360597e-05,3,0
7.218,stage1,0.02660318872801588,-2.5236304252360597e-05,3,0
7.219,stage1,0.02660318872801588,-2.5236304252360597e-05,3,0
7.22,stage1,0.026599000690951297,-0.000810999137493886,3,0
7.221,stage1,0.026599000690951297,-0.000810999137493886,3,0
7.222,stage1,0.026599000690951297,-0.000810999137493886,3,0
7.223,stage1,0.026599000690951297,-0.000810999137493886,3,0
7.224,stage1,0.026599000690951297,-0.000810999137493886,3,0
7.225,stage1,0.026599000690951297,-0.000810999137493886,3,0
7.226,stage1,0.026599000690951297,-0.000810999137493886,3,0
7.227,stage1,0.026599000690951297,-0.000810999137493886,3,0
7.228,stage1,0.026599000690951297,-0.000810999137493886,3,0
7.229,stage1,0.026599000690951297,-0.000810999137493886,3,0
7.23,stage1,0.02658699677799704,-0.001588369599748764,3,0
7.231,stage1,0.02658699677799704,-0.001588369599748764,3,0
7.232,stage1,0.02658699677799704,-0.001588369599748764,3,0
7.233,stage1,0.02658699677799704,-0.001588369599748764,3,0
7.234,stage1,0.02658699677799704,-0.001588369599748764,3,0
7.235,stage1,0.02658699677799704,-0.001588369599748764,3,0
7.236,stage1,0.02658699677799704,-0.001588369599748764,3,0
7.237,stage1,0.02658699677799704,-0.001588369599748764,3,0
7.238,stage1,0.02658699677799704,-0.001588369599748764,3,0
7.239,stage1,0.02658699677799704,-0.001588369599748764,3,0
7.24,stage1,0.02656726215789772,-0.002357099718400402,3,0
7.241,stage1,0.02656726215789772,-0.002357099718400402,3,0
7.242,stage1,0.02656726215789772,-0.002357099718400402,3,0
7.243,stage1,0.02656726215789772,-0.002357099718400402,3,0
7.244,stage1,0.02656726215789772,-0.002357099718400402,3,0
7.245,stage1,0.02656726215789772,-0.002357099718400402,3,0
7.246,stage1,0.02656726215789772,-0.002357099718400402,3,0
7.247,stage1,0.02656726215789772,-0.002357099718400402,3,0
7.248,stage1,0.02656726215789772,-0.002357099718400402,3,0
7.249,stage1,0.02656726215789772,-0.002357099718400402,3,0
7.25,stage1,0.02653988444790191,-0.0031169477751898165,3,0
7.251,stage1,0.02653988444790191,-0.0031169477751898165,3,0
7.252,stage1,0.02653988444790191,-0.0031169477751898165,3,0
7.253,stage1,0.02653988444790191,-0.0031169477751898165,3,0
7.254,stage1,0.02653988444790191,-0.0031169477751898165,3,0
7.255,stage1,0.02653988444790191,-0.0031169477751898165,3,0
7.256,stage1,0.02653988444790191,-0.0031169477751898165,3,0
7.257,stage1,0.02653988444790191,-0.0031169477751898165,3,0
7.258,stage1,0.02653988444790191,-0.0031169477751898165,3,0
7.259,stage1,0.02653988444790191,-0.0031169477751898165,3,0
7.26,stage1,0.02650495365092881,-0.0038676783635564925,3,0
7.261,stage1,0.02650495365092881,-0.0038676783635564925,3,0
7.262,stage1,0.02650495365092881,-0.0038676783635564925,3,0
7.263,stage1,0.02650495365092881,-0.0038676783635564925,3,0
7.264,stage1,0.02650495365092881,-0.0038676783635564925,3,0
7.265,stage1,0.02650495365092881,-0.0038676783635564925,3,0
7.266,stage1,0.02650495365092881,-0.0038676783635564925,3,0
7.267,stage1,0.02650495365092881,-0.0038676783635564925,3,0
7.268,stage1,0.02650495365092881,-0.0038676783635564925,3,0
7.269,stage1,0.02650495365092881,-0.0038676783635564925,3,0
7.27,stage1,0.02646256209217982,-0.004609062442315258,3,0
7.271,stage1,0.02646256209217982,-0.004609062442315258,3,0
7.272,stage1,0.02646256209217982,-0.004609062442315258,3,0
7.273,stage1,0.02646256209217982,-0.004609062442315258,3,0
7.274,stage1,0.02646256209217982,-0.004609062442315258,3,0
7.275,stage1,0.02646256209217982,-0.004609062442315258,3,0
7.276,stage1,0.02646256209217982,-0.004609062442315258,3,0
7.277,stage1,0.02646256209217982,-0.004609062442315258,3,0
7.278,stage1,0.02646256209217982,-0.004609062442315258,3,0
7.279,stage1,0.02646256209217982,-0.004609062442315258,3,0
7.28,stage1,0.026412804355231606,-0.005340877385694298,3,0
7.281,stage1,0.026412804355231606,-0.005340877385694298,3,0
7.282,stage1,0.026412804355231606,-0.005340877385694298,3,0
7.283,stage1,0.026412804355231606,-0.005340877385694298,3,0
7.284,stage1,0.026412804355231606,-0.005340877385694298,3,0
7.285,stage1,0.026412804355231606,-0.005340877385694298,3,0
7.286,stage1,0.026412804355231606,-0.005340877385694298,3,0
7.287,stage1,0.026412804355231606,-0.005340877385694298,3,0
7.288,stage1,0.026412804355231606,-0.005340877385694298,3,0
7.289,stage1,0.026412804355231606,-0.005340877385694298,3,0
7.29,stage1,0.026355777217646946,-0.006062907029726368,3,0
7.291,stage1,0.026355777217646946,-0.006062907029726368,3,0
7.292,stage1,0.026355777217646946,-0.006062907029726368,3,0
7.293,stage1,0.026355777217646946,-0.006062907029726368,3,0
7.294,stage1,0.026355777217646946,-0.006062907029726368,3,0
7.295,stage1,0.026355777217646946,-0.006062907029726368,3,0
7.296,stage1,0.026355777217646946,-0.006062907029726368,3,0
7.297,stage1,0.026355777217646946,-0.006062907029726368,3,0
7.298,stage1,0.026355777217646946,-0.006062907029726368,3,0
7.299,stage1,0.026355777217646946,-0.006062907029726368,3,0
7.3,stage1,0.026291579586139875,-0.006774941715009978,3,0
7.301,stage1,0.026291579586139875,-0.006774941715009978,3,0
7.302,stage1,0.026291579586139875,-0.006774941715009978,3,0
7.303,stage1,0.026291579586139875,-0.006774941715009978,3,0
7.304,stage1,0.026291579586139875,-0.006774941715009978,3,0
7.305,stage1,0.026291579586139875,-0.006774941715009978,3,0
7.306,stage1,0.026291579586139875,-0.006774941715009978,3,0
7.307,stage1,0.026291579586139875,-0.006774941715009978,3,0
7.308,stage1,0.026291579586139875,-0.006774941715009978,3,0
7.309,stage1,0.026291579586139875,-0.006774941715009978,3,0
7.31,stage1,0.026220312431331296,-0.007476778325856802,3,0
7.311,stage1,0.026220312431331296,-0.007476778325856802,3,0
7.312,stage1,0.026220312431331296,-0.007476778325856802,3,0
7.313,stage1,0.026220312431331296,-0.007476778325856802,3,0
7.314,stage1,0.026220312431331296,-0.007476778325856802,3,0
7.315,stage1,0.026220312431331296,-0.007476778325856802,3,0
7.316,stage1,0.026220312431331296,-0.007476778325856802,3,0
7.317,stage1,0.026220312431331296,-0.007476778325856802,3,0
7.318,stage1,0.026220312431331296,-0.007476778325856802,3,0
7.319,stage1,0.026220312431331296,-0.007476778325856802,3,0
7.32,stage1,0.02614207872213111,-0.008168220325841661,3,0
7.321,stage1,0.02614207872213111,-0.008168220325841661,3,0
7.322,stage1,0.02614207872213111,-0.008168220325841661,3,0
7.323,stage1,0.02614207872213111,-0.008168220325841661,3,0
7.324,stage1,0.02614207872213111,-0.008168220325841661,3,0
7.325,stage1,0.02614207872213111,-0.008168220325841661,3,0
7.326,stage1,0.02614207872213111,-0.008168220325841661,3,0
7.327,stage1,0.02614207872213111,-0.008168220325841661,3,0
7.328,stage1,0.02614207872213111,-0.008168220325841661,3,0
7.329,stage1,0.02614207872213111,-0.008168220325841661,3,0
7.33,stage1,0.026056983359782755,-0.008849077789772966,3,0
7.331,stage1,0.026056983359782755,-0.008849077789772966,3,0
7.332,stage1,0.026056983359782755,-0.008849077789772966,3,0
7.333,stage1,0.026056983359782755,-0.008849077789772966,3,0
7.334,stage1,0.026056983359782755,-0.008849077789772966,3,0
7.335,stage1,0.026056983359782755,-0.008849077789772966,3,0
7.336,stage1,0.026056983359782755,-0.008849077789772966,3,0
7.337,stage1,0.026056983359782755,-0.008849077789772966,3,0
7.338,stage1,0.026056983359782755,-0.008849077789772966,3,0
7.339,stage1,0.026056983359782755,-0.008849077789772966,3,0
7.34,stage1,0.02596513311160586,-0.009519167432103195,3,0
7.341,stage1,0.02596513311160586,-0.009519167432103195,3,0
7.342,stage1,0.02596513311160586,-0.009519167432103195,3,0
7.343,stage1,0.02596513311160586,-0.009519167432103195,3,0
7.344,stage1,0.02596513311160586,-0.009519167432103195,3,0
7.345,stage1,0.02596513311160586,-0.009519167432103195,3,0
7.346,stage1,0.02596513311160586,-0.009519167432103195,3,0
7.347,stage1,0.02596513311160586,-0.009519167432103195,3,0
7.348,stage1,0.02596513311160586,-0.009519167432103195,3,0
7.349,stage1,0.02596513311160586,-0.009519167432103195,3,0
7.35,stage1,0.02586663654447253,-0.01017831263180048,3,0
7.351,stage1,0.02586663654447253,-0.01017831263180048,3,0
7.352,stage1,0.02586663654447253,-0.01017831263180048,3,0
7.353,stage1,0.02586663654447253,-0.01017831263180048,3,0
7.354,stage1,0.02586663654447253,-0.01017831263180048,3,0
7.355,stage1,0.02586663654447253,-0.01017831263180048,3,0
7.356,stage1,0.02586663654447253,-0.01017831263180048,3,0
7.357,stage1,0.02586663654447253,-0.01017831263180048,3,0
7.358,stage1,0.02586663654447253,-0.01017831263180048,3,0
7.359,stage1,0.02586663654447253,-0.01017831263180048,3,0
7.36,stage1,0.02576160395805247,-0.010826343453703983,3,0
7.361,stage1,0.02576160395805247,-0.010826343453703983,3,0
7.362,stage1,0.02576160395805247,-0.010826343453703983,3,0
7.363,stage1,0.02576160395805247,-0.010826343453703983,3,0
7.364,stage1,0.02576160395805247,-0.010826343453703983,3,0
7.365,stage1,0.02576160395805247,-0.010826343453703983,3,0
7.366,stage1,0.02576160395805247,-0.010826343453703983,3,0
7.367,stage1,0.02576160395805247,-0.010826343453703983,3,0
7.368,stage1,0.02576160395805247,-0.010826343453703983,3,0
7.369,stage1,0.02576160395805247,-0.010826343453703983,3,0
7.37,stage1,0.025650147317862082,-0.011463096666387234,3,0
7.371,stage1,0.025650147317862082,-0.011463096666387234,3,0
7.372,stage1,0.025650147317862082,-0.011463096666387234,3,0
7.373,stage1,0.025650147317862082,-0.011463096666387234,3,0
7.374,stage1,0.025650147317862082,-0.011463096666387234,3,0
7.375,stage1,0.025650147317862082,-0.011463096666387234,3,0
7.376,stage1,0.025650147317862082,-0.011463096666387234,3,0
7.377,stage1,0.025650147317862082,-0.011463096666387234,3,0
7.378,stage1,0.025650147317862082,-0.011463096666387234,3,0
7.379,stage1,0.025650147317862082,-0.011463096666387234,3,0
7.38,stage1,0.02553238018815224,-0.012088415756555096,3,0
7.381,stage1,0.02553238018815224,-0.012088415756555096,3,0
7.382,stage1,0.02553238018815224,-0.012088415756555096,3,0
7.383,stage1,0.02553238018815224,-0.012088415756555096,3,0
7.384,stage1,0.02553238018815224,-0.012088415756555096,3,0
7.385,stage1,0.02553238018815224,-0.012088415756555096,3,0
7.386,stage1,0.02553238018815224,-0.012088415756555096,3,0
7.387,stage1,0.02553238018815224,-0.012088415756555096,3,0
7.388,stage1,0.02553238018815224,-0.012088415756555096,3,0
7.389,stage1,0.02553238018815224,-0.012088415756555096,3,0
7.39,stage1,0.025408417664669364,-0.012702150940001506,3,0
7.391,stage1,0.025408417664669364,-0.012702150940001506,3,0
7.392,stage1,0.025408417664669364,-0.012702150940001506,3,0
7.393,stage1,0.025408417664669364,-0.012702150940001506,3,0
7.394,stage1,0.025408417664669364,-0.012702150940001506,3,0
7.395,stage1,0.025408417664669364,-0.012702150940001506,3,0
7.396,stage1,0.025408417664669364,-0.012702150940001506,3,0
7.397,stage1,0.025408417664669364,-0.012702150940001506,3,0
7.398,stage1,0.025408417664669364,-0.012702150940001506,3,0
7.399,stage1,0.025408417664669364,-0.012702150940001506,3,0
7.4,stage1,0.025278376307323942,-0.01330415916915657,3,0
7.401,stage1,0.025278376307323942,-0.01330415916915657,3,0
7.402,stage1,0.025278376307323942,-0.01330415916915657,3,0
7.403,stage1,0.025278376307323942,-0.01330415916915657,3,0
7.404,stage1,0.025278376307323942,-0.01330415916915657,3,0
7.405,stage1,0.025278376307323942,-0.01330415916915657,3,0
7.406,stage1,0.025278376307323942,-0.01330415916915657,3,0
7.407,stage1,0.025278376307323942,-0.01330415916915657,3,0
7.408,stage1,0.025278376307323942,-0.01330415916915657,3,0
7.409,stage1,0.025278376307323942,-0.01330415916915657,3,0
7.41,stage1,0.025142374072800545,-0.013894304137253,3,0
7.411,stage1,0.025142374072800545,-0.013894304137253,3,0
7.412,stage1,0.025142374072800545,-0.013894304137253,3,0
7.413,stage1,0.025142374072800545,-0.013894304137253,3,0
7.414,stage1,0.025142374072800545,-0.013894304137253,3,0
7.415,stage1,0.025142374072800545,-0.013894304137253,3,0
7.416,stage1,0.025142374072800545,-0.013894304137253,3,0
7.417,stage1,0.025142374072800545,-0.013894304137253,3,0
7.418,stage1,0.025142374072800545,-0.013894304137253,3,0
7.419,stage1,0.025142374072800545,-0.013894304137253,3,0
7.42,stage1,0.025000530247142938,-0.014472456279143262,3,0
7.421,stage1,0.025000530247142938,-0.014472456279143262,3,0
7.422,stage1,0.025000530247142938,-0.014472456279143262,3,0
7.423,stage1,0.025000530247142938,-0.014472456279143262,3,0
7.424,stage1,0.025000530247142938,-0.014472456279143262,3,0
7.425,stage1,0.025000530247142938,-0.014472456279143262,3,0
7.426,stage1,0.025000530247142938,-0.014472456279143262,3,0
7.427,stage1,0.025000530247142938,-0.014472456279143262,3,0
7.428,stage1,0.025000530247142938,-0.014472456279143262,3,0
7.429,stage1,0.025000530247142938,-0.014472456279143262,3,0
7.43,stage1,0.024852965378347632,-0.015038492768800153,2,0
7.431,stage1,0.024852965378347632,-0.015038492768800153,2,0
7.432,stage1,0.024852965378347632,-0.015038492768800153,2,0
7.433,stage1,0.024852965378347632,-0.015038492768800153,2,0
7.434,stage1,0.024852965378347632,-0.015038492768800153,2,0
7.435,stage1,0.024852965378347632,-0.015038492768800153,2,0
7.436,stage1,0.024852965378347632,-0.015038492768800153,2,0
7.437,stage1,0.024852965378347632,-0.015038492768800153,2,0
7.438,stage1,0.024852965378347632,-0.015038492768800153,2,0
7.439,stage1,0.024852965378347632,-0.015038492768800153,2,0
7.44,stage1,0.02469980120899887,-0.015592297513534858,2,0
7.441,stage1,0.02469980120899887,-0.015592297513534858,2,0
7.442,stage1,0.02469980120899887,-0.015592297513534858,2,0
7.443,stage1,0.02469980120899887,-0.015592297513534858,2,0
7.444,stage1,0.02469980120899887,-0.015592297513534858,2,0
7.445,stage1,0.02469980120899887,-0.015592297513534858,2,0
7.446,stage1,0.02469980120899887,-0.015592297513534858,2,0
7.447,stage1,0.02469980120899887,-0.015592297513534858,2,0
7.448,stage1,0.02469980120899887,-0.015592297513534858,2,0
7.449,stage1,0.02469980120899887,-0.015592297513534858,2,0
7.45,stage1,0.0245411606089777,-0.016133761144967826,2,0
7.451,stage1,0.0245411606089777,-0.016133761144967826,2,0
7.452,stage1,0.0245411606089777,-0.016133761144967826,2,0
7.453,stage1,0.0245411606089777,-0.016133761144967826,2,0
7.454,stage1,0.0245411606089777,-0.016133761144967826,2,0
7.455,stage1,0.0245411606089777,-0.016133761144967826,2,0
7.456,stage1,0.0245411606089777,-0.016133761144967826,2,0
7.457,stage1,0.0245411606089777,-0.016133761144967826,2,0
7.458,stage1,0.0245411606089777,-0.016133761144967826,2,0
7.459,stage1,0.0245411606089777,-0.016133761144967826,2,0
7.46,stage1,0.024377167508277422,-0.016662781006789033,2,0
7.461,stage1,0.024377167508277422,-0.016662781006789033,2,0
7.462,stage1,0.024377167508277422,-0.016662781006789033,2,0
7.463,stage1,0.024377167508277422,-0.016662781006789033,2,0
7.464,stage1,0.024377167508277422,-0.016662781006789033,2,0
7.465,stage1,0.024377167508277422,-0.016662781006789033,2,0
7.466,stage1,0.024377167508277422,-0.016662781006789033,2,0
7.467,stage1,0.024377167508277422,-0.016662781006789033,2,0
7.468,stage1,0.024377167508277422,-0.016662781006789033,2,0
7.469,stage1,0.024377167508277422,-0.016662781006789033,2,0
7.47,stage1,0.024207946829957326,-0.0171792611393455,2,0
7.471,stage1,0.024207946829957326,-0.0171792611393455,2,0
7.472,stage1,0.024207946829957326,-0.0171792611393455,2,0
7.473,stage1,0.024207946829957326,-0.0171792611393455,2,0
7.474,stage1,0.024207946829957326,-0.0171792611393455,2,0
7.475,stage1,0.024207946829957326,-0.0171792611393455,2,0
7.476,stage1,0.024207946829957326,-0.0171792611393455,2,0
7.477,stage1,0.024207946829957326,-0.0171792611393455,2,0
7.478,stage1,0.024207946829957326,-0.0171792611393455,2,0
7.479,stage1,0.024207946829957326,-0.0171792611393455,2,0
7.48,stage1,0.024033624423266262,-0.017683112261095063,2,0
7.481,stage1,0.024033624423266262,-0.017683112261095063,2,0
7.482,stage1,0.024033624423266262,-0.017683112261095063,2,0
7.483,stage1,0.024033624423266262,-0.017683112261095063,2,0
7.484,stage1,0.024033624423266262,-0.017683112261095063,2,0
7.485,stage1,0.024033624423266262,-0.017683112261095063,2,0
7.486,stage1,0.024033624423266262,-0.017683112261095063,2,0
7.487,stage1,0.024033624423266262,-0.017683112261095063,2,0
7.488,stage1,0.024033624423266262,-0.017683112261095063,2,0
7.489,stage1,0.024033624423266262,-0.017683112261095063,2,0
7.49,stage1,0.023854326996967174,-0.01817425174696657,2,0
7.491,stage1,0.023854326996967174,-0.01817425174696657,2,0
7.492,stage1,0.023854326996967174,-0.01817425174696657,2,0
7.493,stage1,0.023854326996967174,-0.01817425174696657,2,0
7.494,stage1,0.023854326996967174,-0.01817425174696657,2,0
7.495,stage1,0.023854326996967174,-0.01817425174696657,2,0
7.496,stage1,0.023854326996967174,-0.01817425174696657,2,0
7.497,stage1,0.023854326996967174,-0.01817425174696657,2,0
7.498,stage1,0.023854326996967174,-0.01817425174696657,2,0
7.499,stage1,0.023854326996967174,-0.01817425174696657,2,0
7.5,stage1,0.023670182052893316,-0.01865260360366791,2,0
7.501,stage1,0.023670182052893316,-0.01865260360366791,2,0
7.502,stage1,0.023670182052893316,-0.01865260360366791,2,0
7.503,stage1,0.023670182052893316,-0.01865260360366791,2,0
7.504,stage1,0.023670182052893316,-0.01865260360366791,2,0
7.505,stage1,0.023670182052893316,-0.01865260360366791,2,0
7.506,stage1,0.023670182052893316,-0.01865260360366791,2,0
7.507,stage1,0.023670182052893316,-0.01865260360366791,2,0
7.508,stage1,0.023670182052893316,-0.01865260360366791,2,0
7.509,stage1,0.023670182052893316,-0.01865260360366791,2,0
7.51,stage1,0.02348131781976649,-0.01911809844198421,2,0
7.511,stage1,0.02348131781976649,-0.01911809844198421,2,0
7.512,stage1,0.02348131781976649,-0.01911809844198421,2,0
7.513,stage1,0.02348131781976649,-0.01911809844198421,2,0
7.514,stage1,0.02348131781976649,-0.01911809844198421,2,0
7.515,stage1,0.02348131781976649,-0.01911809844198421,2,0
7.516,stage1,0.02348131781976649,-0.01911809844198421,2,0
7.517,stage1,0.02348131781976649,-0.01911809844198421,2,0
7.518,stage1,0.02348131781976649,-0.01911809844198421,2,0
7.519,stage1,0.02348131781976649,-0.01911809844198421,2,0
7.52,stage1,0.023287863187307144,-0.019570673446109754,2,0
7.521,stage1,0.023287863187307144,-0.019570673446109754,2,0
7.522,stage1,0.023287863187307144,-0.019570673446109754,2,0
7.523,stage1,0.023287863187307144,-0.019570673446109754,2,0
7.524,stage1,0.023287863187307144,-0.019570673446109754,2,0
7.525,stage1,0.023287863187307144,-0.019570673446109754,2,0
7.526,stage1,0.023287863187307144,-0.019570673446109754,2,0
7.527,stage1,0.023287863187307144,-0.019570673446109754,2,0
7.528,stage1,0.023287863187307144,-0.019570673446109754,2,0
7.529,stage1,0.023287863187307144,-0.019570673446109754,2,0
7.53,stage1,0.02308994764066584,-0.0200102723400582,2,0
7.531,stage1,0.02308994764066584,-0.0200102723400582,2,0
7.532,stage1,0.02308994764066584,-0.0200102723400582,2,0
7.533,stage1,0.02308994764066584,-0.0200102723400582,2,0
7.534,stage1,0.02308994764066584,-0.0200102723400582,2,0
7.535,stage1,0.02308994764066584,-0.0200102723400582,2,0
7.536,stage1,0.02308994764066584,-0.0200102723400582,2,0
7.537,stage1,0.02308994764066584,-0.0200102723400582,2,0
7.538,stage1,0.02308994764066584,-0.0200102723400582,2,0
7.539,stage1,0.02308994764066584,-0.0200102723400582,2,0
7.54,stage1,0.022887701195204987,-0.02043684535119657,2,0
7.541,stage1,0.022887701195204987,-0.02043684535119657,2,0
7.542,stage1,0.022887701195204987,-0.02043684535119657,2,0
7.543,stage1,0.022887701195204987,-0.02043684535119657,2,0
7.544,stage1,0.022887701195204987,-0.02043684535119657,2,0
7.545,stage1,0.022887701195204987,-0.02043684535119657,2,0
7.546,stage1,0.022887701195204987,-0.02043684535119657,2,0
7.547,stage1,0.022887701195204987,-0.02043684535119657,2,0
7.548,stage1,0.022887701195204987,-0.02043684535119657,2,0
7.549,stage1,0.022887701195204987,-0.02043684535119657,2,0
7.55,stage1,0.022681254331659465,-0.02085034917094961,2,0
7.551,stage1,0.022681254331659465,-0.02085034917094961,2,0
7.552,stage1,0.022681254331659465,-0.02085034917094961,2,0
7.553,stage1,0.022681254331659465,-0.02085034917094961,2,0
7.554,stage1,0.022681254331659465,-0.02085034917094961,2,0
7.555,stage1,0.022681254331659465,-0.02085034917094961,2,0
7.556,stage1,0.022681254331659465,-0.02085034917094961,2,0
7.557,stage1,0.022681254331659465,-0.02085034917094961,2,0
7.558,stage1,0.022681254331659465,-0.02085034917094961,2,0
7.559,stage1,0.022681254331659465,-0.02085034917094961,2,0
7.56,stage1,0.022470737931704125,-0.02125074691272192,2,0
7.561,stage1,0.022470737931704125,-0.02125074691272192,2,0
7.562,stage1,0.022470737931704125,-0.02125074691272192,2,0
7.563,stage1,0.022470737931704125,-0.02125074691272192,2,0
7.564,stage1,0.022470737931704125,-0.02125074691272192,2,0
7.565,stage1,0.022470737931704125,-0.02125074691272192,2,0
7.566,stage1,0.022470737931704125,-0.02125074691272192,2,0
7.567,stage1,0.022470737931704125,-0.02125074691272192,2,0
7.568,stage1,0.022470737931704125,-0.02125074691272192,2,0
7.569,stage1,0.022470737931704125,-0.02125074691272192,2,0
7.57,stage1,0.0222562832139558,-0.021638008067086316,2,0
7.571,stage1,0.0222562832139558,-0.021638008067086316,2,0
7.572,stage1,0.0222562832139558,-0.021638008067086316,2,0
7.573,stage1,0.0222562832139558,-0.021638008067086316,2,0
7.574,stage1,0.0222562832139558,-0.021638008067086316,2,0
7.575,stage1,0.0222562832139558,-0.021638008067086316,2,0
7.576,stage1,0.0222562832139558,-0.021638008067086316,2,0
7.577,stage1,0.0222562832139558,-0.021638008067086316,2,0
7.578,stage1,0.0222562832139558,-0.021638008067086316,2,0
7.579,stage1,0.0222562832139558,-0.021638008067086316,2,0
7.58,stage1,0.022038021670436878,-0.02201210845428758,2,0
7.581,stage1,0.022038021670436878,-0.02201210845428758,2,0
7.582,stage1,0.022038021670436878,-0.02201210845428758,2,0
7.583,stage1,0.022038021670436878,-0.02201210845428758,2,0
7.584,stage1,0.022038021670436878,-0.02201210845428758,2,0
7.585,stage1,0.022038021670436878,-0.02201210845428758,2,0
7.586,stage1,0.022038021670436878,-0.02201210845428758,2,0
7.587,stage1,0.022038021670436878,-0.02201210845428758,2,0
7.588,stage1,0.022038021670436878,-0.02201210845428758,2,0
7.589,stage1,0.022038021670436878,-0.02201210845428758,2,0
7.59,stage1,0.02181608500352707,-0.02237303017411175,2,0
7.591,stage1,0.02181608500352707,-0.02237303017411175,2,0
7.592,stage1,0.02181608500352707,-0.02237303017411175,2,0
7.593,stage1,0.02181608500352707,-0.02237303017411175,2,0
7.594,stage1,0.02181608500352707,-0.02237303017411175,2,0
7.595,stage1,0.02181608500352707,-0.02237303017411175,2,0
7.596,stage1,0.02181608500352707,-0.02237303017411175,2,0
7.597,stage1,0.02181608500352707,-0.02237303017411175,2,0
7.598,stage1,0.02181608500352707,-0.02237303017411175,2,0
7.599,stage1,0.02181608500352707,-0.02237303017411175,2,0
7.6,stage1,0.02159060506342943,-0.02272076155317185,2,0
7.601,stage1,0.02159060506342943,-0.02272076155317185,2,0
7.602,stage1,0.02159060506342943,-0.02272076155317185,2,0
7.603,stage1,0.02159060506342943,-0.02272076155317185,2,0
7.604,stage1,0.02159060506342943,-0.02272076155317185,2,0
7.605,stage1,0.02159060506342943,-0.02272076155317185,2,0
7.606,stage1,0.02159060506342943,-0.02272076155317185,2,0
7.607,stage1,0.02159060506342943,-0.02272076155317185,2,0
7.608,stage1,0.02159060506342943,-0.02272076155317185,2,0
7.609,stage1,0.02159060506342943,-0.02272076155317185,2,0
7.61,stage1,0.021361713786176233,-0.02305529708966169,2,0
7.611,stage1,0.021361713786176233,-0.02305529708966169,2,0
7.612,stage1,0.021361713786176233,-0.02305529708966169,2,0
7.613,stage1,0.021361713786176233,-0.02305529708966169,2,0
7.614,stage1,0.021361713786176233,-0.02305529708966169,2,0
7.615,stage1,0.021361713786176233,-0.02305529708966169,2,0
7.616,stage1,0.021361713786176233,-0.02305529708966169,2,0
7.617,stage1,0.021361713786176233,-0.02305529708966169,2,0
7.618,stage1,0.021361713786176233,-0.02305529708966169,2,0
7.619,stage1,0.021361713786176233,-0.02305529708966169,2,0
7.62,stage1,0.021129543132199734,-0.02337663739563021,2,0
7.621,stage1,0.021129543132199734,-0.02337663739563021,2,0
7.622,stage1,0.021129543132199734,-0.02337663739563021,2,0
7.623,stage1,0.021129543132199734,-0.02337663739563021,2,0
7.624,stage1,0.021129543132199734,-0.02337663739563021,2,0
7.625,stage1,0.021129543132199734,-0.02337663739563021,2,0
7.626,stage1,0.021129543132199734,-0.02337663739563021,2,0
7.627,stage1,0.021129543132199734,-0.02337663739563021,2,0
7.628,stage1,0.021129543132199734,-0.02337663739563021,2,0
7.629,stage1,0.021129543132199734,-0.02337663739563021,2,0
7.63,stage1,0.0208942250254924,-0.02368478913682946,2,0
7.631,stage1,0.0208942250254924,-0.02368478913682946,2,0
7.632,stage1,0.0208942250254924,-0.02368478913682946,2,0
7.633,stage1,0.0208942250254924,-0.02368478913682946,2,0
7.634,stage1,0.0208942250254924,-0.02368478913682946,2,0
7.635,stage1,0.0208942250254924,-0.02368478913682946,2,0
7.636,stage1,0.0208942250254924,-0.02368478913682946,2,0
7.637,stage1,0.0208942250254924,-0.02368478913682946,2,0
7.638,stage1,0.0208942250254924,-0.02368478913682946,2,0
7.639,stage1,0.0208942250254924,-0.02368478913682946,2,0
7.64,stage1,0.020655891293380517,-0.02397976497019001,2,0
7.641,stage1,0.020655891293380517,-0.02397976497019001,2,0
7.642,stage1,0.020655891293380517,-0.02397976497019001,2,0
7.643,stage1,0.020655891293380517,-0.02397976497019001,2,0
7.644,stage1,0.020655891293380517,-0.02397976497019001,2,0
7.645,stage1,0.020655891293380517,-0.02397976497019001,2,0
7.646,stage1,0.020655891293380517,-0.02397976497019001,2,0
7.647,stage1,0.020655891293380517,-0.02397976497019001,2,0
7.648,stage1,0.020655891293380517,-0.02397976497019001,2,0
7.649,stage1,0.020655891293380517,-0.02397976497019001,2,0
7.65,stage1,0.02041467360693474,-0.024261583478978284,2,0
7.651,stage1,0.02041467360693474,-0.024261583478978284,2,0
7.652,stage1,0.02041467360693474,-0.024261583478978284,2,0
7.653,stage1,0.02041467360693474,-0.024261583478978284,2,0
7.654,stage1,0.02041467360693474,-0.024261583478978284,2,0
7.655,stage1,0.02041467360693474,-0.024261583478978284,2,0
7.656,stage1,0.02041467360693474,-0.024261583478978284,2,0
7.657,stage1,0.02041467360693474,-0.024261583478978284,2,0
7.658,stage1,0.02041467360693474,-0.024261583478978284,2,0
7.659,stage1,0.02041467360693474,-0.024261583478978284,2,0
7.66,stage1,0.02017070342204037,-0.02453026910569079,2,0
7.661,stage1,0.02017070342204037,-0.02453026910569079,2,0
7.662,stage1,0.02017070342204037,-0.02453026910569079,2,0
7.663,stage1,0.02017070342204037,-0.02453026910569079,2,0
7.664,stage1,0.02017070342204037,-0.02453026910569079,2,0
7.665,stage1,0.02017070342204037,-0.02453026910569079,2,0
7.666,stage1,0.02017070342204037,-0.02453026910569079,2,0
7.667,stage1,0.02017070342204037,-0.02453026910569079,2,0
7.668,stage1,0.02017070342204037,-0.02453026910569079,2,0
7.669,stage1,0.02017070342204037,-0.02453026910569079,2,0
7.67,stage1,0.01992411192114981,-0.02478585208274093,2,0
7.671,stage1,0.01992411192114981,-0.02478585208274093,2,0
7.672,stage1,0.01992411192114981,-0.02478585208274093,2,0
7.673,stage1,0.01992411192114981,-0.02478585208274093,2,0
7.674,stage1,0.01992411192114981,-0.02478585208274093,2,0
7.675,stage1,0.01992411192114981,-0.02478585208274093,2,0
7.676,stage1,0.01992411192114981,-0.02478585208274093,2,0
7.677,stage1,0.01992411192114981,-0.02478585208274093,2,0
7.678,stage1,0.01992411192114981,-0.02478585208274093,2,0
7.679,stage1,0.01992411192114981,-0.02478585208274093,2,0
7.68,stage1,0.01967502995573896,-0.02502836836099452,2,0
7.681,stage1,0.01967502995573896,-0.02502836836099452,2,0
7.682,stage1,0.01967502995573896,-0.02502836836099452,2,0
7.683,stage1,0.01967502995573896,-0.02502836836099452,2,0
7.684,stage1,0.01967502995573896,-0.02502836836099452,2,0
7.685,stage1,0.01967502995573896,-0.02502836836099452,2,0
7.686,stage1,0.01967502995573896,-0.02502836836099452,2,0
7.687,stage1,0.01967502995573896,-0.02502836836099452,2,0
7.688,stage1,0.01967502995573896,-0.02502836836099452,2,0
7.689,stage1,0.01967502995573896,-0.02502836836099452,2,0
7.69,stage1,0.019423587989488744,-0.025257859536210736,2,0
7.691,stage1,0.019423587989488744,-0.025257859536210736,2,0
7.692,stage1,0.019423587989488744,-0.025257859536210736,2,0
7.693,stage1,0.019423587989488744,-0.025257859536210736,2,0
7.694,stage1,0.019423587989488744,-0.025257859536210736,2,0
7.695,stage1,0.019423587989488744,-0.025257859536210736,2,0
7.696,stage1,0.019423587989488744,-0.025257859536210736,2,0
7.697,stage1,0.019423587989488744,-0.025257859536210736,2,0
7.698,stage1,0.019423587989488744,-0.025257859536210736,2,0
7.699,stage1,0.019423587989488744,-0.025257859536210736,2,0
7.7,stage1,0.019169916042212493,-0.025474372773445553,2,0
7.701,stage1,0.019169916042212493,-0.025474372773445553,2,0
7.702,stage1,0.019169916042212493,-0.025474372773445553,2,0
7.703,stage1,0.019169916042212493,-0.025474372773445553,2,0
7.704,stage1,0.019169916042212493,-0.025474372773445553,2,0
7.705,stage1,0.019169916042212493,-0.025474372773445553,2,0
7.706,stage1,0.019169916042212493,-0.025474372773445553,2,0
7.707,stage1,0.019169916042212493,-0.025474372773445553,2,0
7.708,stage1,0.019169916042212493,-0.025474372773445553,2,0
7.709,stage1,0.019169916042212493,-0.025474372773445553,2,0
7.71,stage1,0.01891414363454923,-0.02567796072947535,2,0
7.711,stage1,0.01891414363454923,-0.02567796072947535,2,0
7.712,stage1,0.01891414363454923,-0.02567796072947535,2,0
7.713,stage1,0.01891414363454923,-0.02567796072947535,2,0
7.714,stage1,0.01891414363454923,-0.02567796072947535,2,0
7.715,stage1,0.01891414363454923,-0.02567796072947535,2,0
7.716,stage1,0.01891414363454923,-0.02567796072947535,2,0
7.717,stage1,0.01891414363454923,-0.02567796072947535,2,0
7.718,stage1,0.01891414363454923,-0.02567796072947535,2,0
7.719,stage1,0.01891414363454923,-0.02567796072947535,2,0
7.72,stage1,0.018656399733442377,-0.025868681473298637,2,0
7.721,stage1,0.018656399733442377,-0.025868681473298637,2,0
7.722,stage1,0.018656399733442377,-0.025868681473298637,2,0
7.723,stage1,0.018656399733442377,-0.025868681473298637,2,0
7.724,stage1,0.018656399733442377,-0.025868681473298637,2,0
7.725,stage1,0.018656399733442377,-0.025868681473298637,2,0
7.726,stage1,0.018656399733442377,-0.025868681473298637,2,0
7.727,stage1,0.018656399733442377,-0.025868681473298637,2,0
7.728,stage1,0.018656399733442377,-0.025868681473298637,2,0
7.729,stage1,0.018656399733442377,-0.025868681473298637,2,0
7.73,stage1,0.018396812698422808,-0.02604659840477425,2,0
7.731,stage1,0.018396812698422808,-0.02604659840477425,2,0
7.732,stage1,0.018396812698422808,-0.02604659840477425,2,0
7.733,stage1,0.018396812698422808,-0.02604659840477425,2,0
7.734,stage1,0.018396812698422808,-0.02604659840477425,2,0
7.735,stage1,0.018396812698422808,-0.02604659840477425,2,0
7.736,stage1,0.018396812698422808,-0.02604659840477425,2,0
7.737,stage1,0.018396812698422808,-0.02604659840477425,2,0
7.738,stage1,0.018396812698422808,-0.02604659840477425,2,0
7.739,stage1,0.018396812698422808,-0.02604659840477425,2,0
7.74,stage1,0.0181355102287146,-0.026211780171454774,2,0
7.741,stage1,0.0181355102287146,-0.026211780171454774,2,0
7.742,stage1,0.0181355102287146,-0.026211780171454774,2,0
7.743,stage1,0.0181355102287146,-0.026211780171454774,2,0
7.744,stage1,0.0181355102287146,-0.026211780171454774,2,0
7.745,stage1,0.0181355102287146,-0.026211780171454774,2,0
7.746,stage1,0.0181355102287146,-0.026211780171454774,2,0
7.747,stage1,0.0181355102287146,-0.026211780171454774,2,0
7.748,stage1,0.0181355102287146,-0.026211780171454774,2,0
7.749,stage1,0.0181355102287146,-0.026211780171454774,2,0
7.75,stage1,0.017872619311181226,-0.026364300583674196,2,0
7.751,stage1,0.017872619311181226,-0.026364300583674196,2,0
7.752,stage1,0.017872619311181226,-0.026364300583674196,2,0
7.753,stage1,0.017872619311181226,-0.026364300583674196,2,0
7.754,stage1,0.017872619311181226,-0.026364300583674196,2,0
7.755,stage1,0.017872619311181226,-0.026364300583674196,2,0
7.756,stage1,0.017872619311181226,-0.026364300583674196,2,0
7.757,stage1,0.017872619311181226,-0.026364300583674196,2,0
7.758,stage1,0.017872619311181226,-0.026364300583674196,2,0
7.759,stage1,0.017872619311181226,-0.026364300583674196,2,0
7.76,stage1,0.01760826616912934,-0.026504238527949066,2,0
7.761,stage1,0.01760826616912934,-0.026504238527949066,2,0
7.762,stage1,0.01760826616912934,-0.026504238527949066,2,0
7.763,stage1,0.01760826616912934,-0.026504238527949066,2,0
7.764,stage1,0.01760826616912934,-0.026504238527949066,2,0
7.765,stage1,0.01760826616912934,-0.026504238527949066,2,0
7.766,stage1,0.01760826616912934,-0.026504238527949066,2,0
7.767,stage1,0.01760826616912934,-0.026504238527949066,2,0
7.768,stage1,0.01760826616912934,-0.026504238527949066,2,0
7.769,stage1,0.01760826616912934,-0.026504238527949066,2,0
7.77,stage1,0.01734257621198676,-0.026631677878752754,2,0
7.771,stage1,0.01734257621198676,-0.026631677878752754,2,0
7.772,stage1,0.01734257621198676,-0.026631677878752754,2,0
7.773,stage1,0.01734257621198676,-0.026631677878752754,2,0
7.774,stage1,0.01734257621198676,-0.026631677878752754,2,0
7.775,stage1,0.01734257621198676,-0.026631677878752754,2,0
7.776,stage1,0.01734257621198676,-0.026631677878752754,2,0
7.777,stage1,0.01734257621198676,-0.026631677878752754,2,0
7.778,stage1,0.01734257621198676,-0.026631677878752754,2,0
7.779,stage1,0.01734257621198676,-0.026631677878752754,2,0
7.78,stage1,0.01707567398587057,-0.026746707408722516,2,0
7.781,stage1,0.01707567398587057,-0.026746707408722516,2,0
7.782,stage1,0.01707567398587057,-0.026746707408722516,2,0
7.783,stage1,0.01707567398587057,-0.026746707408722516,2,0
7.784,stage1,0.01707567398587057,-0.026746707408722516,2,0
7.785,stage1,0.01707567398587057,-0.026746707408722516,2,0
7.786,stage1,0.01707567398587057,-0.026746707408722516,2,0
7.787,stage1,0.01707567398587057,-0.026746707408722516,2,0
7.788,stage1,0.01707567398587057,-0.026746707408722516,2,0
7.789,stage1,0.01707567398587057,-0.026746707408722516,2,0
7.79,stage1,0.01680768312506075,-0.026849420697359343,2,0
7.791,stage1,0.01680768312506075,-0.026849420697359343,2,0
7.792,stage1,0.01680768312506075,-0.026849420697359343,2,0
7.793,stage1,0.01680768312506075,-0.026849420697359343,2,0
7.794,stage1,0.01680768312506075,-0.026849420697359343,2,0
7.795,stage1,0.01680768312506075,-0.026849420697359343,2,0
7.796,stage1,0.01680768312506075,-0.026849420697359343,2,0
7.797,stage1,0.01680768312506075,-0.026849420697359343,2,0
7.798,stage1,0.01680768312506075,-0.026849420697359343,2,0
7.799,stage1,0.01680768312506075,-0.026849420697359343,2,0
7.8,stage1,0.0165387263043941,-0.02693991603828066,2,0
7.801,stage1,0.0165387263043941,-0.02693991603828066,2,0
7.802,stage1,0.0165387263043941,-0.02693991603828066,2,0
7.803,stage1,0.0165387263043941,-0.02693991603828066,2,0
7.804,stage1,0.0165387263043941,-0.02693991603828066,2,0
7.805,stage1,0.0165387263043941,-0.02693991603828066,2,0
7.806,stage1,0.0165387263043941,-0.02693991603828066,2,0
7.807,stage1,0.0165387263043941,-0.02693991603828066,2,0
7.808,stage1,0.0165387263043941,-0.02693991603828066,2,0
7.809,stage1,0.0165387263043941,-0.02693991603828066,2,0
7.81,stage1,0.01626892519259259,-0.027018296345086092,2,0
7.811,stage1,0.01626892519259259,-0.027018296345086092,2,0
7.812,stage1,0.01626892519259259,-0.027018296345086092,2,0
7.813,stage1,0.01626892519259259,-0.027018296345086092,2,0
7.814,stage1,0.01626892519259259,-0.027018296345086092,2,0
7.815,stage1,0.01626892519259259,-0.027018296345086092,2,0
7.816,stage1,0.01626892519259259,-0.027018296345086092,2,0
7.817,stage1,0.01626892519259259,-0.027018296345086092,2,0
7.818,stage1,0.01626892519259259,-0.027018296345086092,2,0
7.819,stage1,0.01626892519259259,-0.027018296345086092,2,0
7.82,stage1,0.01599840040653978,-0.02708466905589657,2,0
7.821,stage1,0.01599840040653978,-0.02708466905589657,2,0
7.822,stage1,0.01599840040653978,-0.02708466905589657,2,0
7.823,stage1,0.01599840040653978,-0.02708466905589657,2,0
7.824,stage1,0.01599840040653978,-0.02708466905589657,2,0
7.825,stage1,0.01599840040653978,-0.02708466905589657,2,0
7.826,stage1,0.01599840040653978,-0.02708466905589657,2,0
7.827,stage1,0.01599840040653978,-0.02708466905589657,2,0
7.828,stage1,0.01599840040653978,-0.02708466905589657,2,0
7.829,stage1,0.01599840040653978,-0.02708466905589657,2,0
7.83,stage1,0.0157272714665182,-0.027139146036627173,2,0
7.831,stage1,0.0157272714665182,-0.027139146036627173,2,0
7.832,stage1,0.0157272714665182,-0.027139146036627173,2,0
7.833,stage1,0.0157272714665182,-0.027139146036627173,2,0
7.834,stage1,0.0157272714665182,-0.027139146036627173,2,0
7.835,stage1,0.0157272714665182,-0.027139146036627173,2,0
7.836,stage1,0.0157272714665182,-0.027139146036627173,2,0
7.837,stage1,0.0157272714665182,-0.027139146036627173,2,0
7.838,stage1,0.0157272714665182,-0.027139146036627173,2,0
7.839,stage1,0.0157272714665182,-0.027139146036627173,2,0
7.84,stage1,0.015455656752420084,-0.027181843483054007,2,0
7.841,stage1,0.015455656752420084,-0.027181843483054007,2,0
7.842,stage1,0.015455656752420084,-0.027181843483054007,2,0
7.843,stage1,0.015455656752420084,-0.027181843483054007,2,0
7.844,stage1,0.015455656752420084,-0.027181843483054007,2,0
7.845,stage1,0.015455656752420084,-0.027181843483054007,2,0
7.846,stage1,0.015455656752420084,-0.027181843483054007,2,0
7.847,stage1,0.015455656752420084,-0.027181843483054007,2,0
7.848,stage1,0.015455656752420084,-0.027181843483054007,2,0
7.849,stage1,0.015455656752420084,-0.027181843483054007,2,0
7.85,stage1,0.015183673460943233,-0.027212881821735577,2,0
7.851,stage1,0.015183673460943233,-0.027212881821735577,2,0
7.852,stage1,0.015183673460943233,-0.027212881821735577,2,0
7.853,stage1,0.015183673460943233,-0.027212881821735577,2,0
7.854,stage1,0.015183673460943233,-0.027212881821735577,2,0
7.855,stage1,0.015183673460943233,-0.027212881821735577,2,0
7.856,stage1,0.015183673460943233,-0.027212881821735577,2,0
7.857,stage1,0.015183673460943233,-0.027212881821735577,2,0
7.858,stage1,0.015183673460943233,-0.027212881821735577,2,0
7.859,stage1,0.015183673460943233,-0.027212881821735577,2,0
7.86,stage1,0.014911437563783115,-0.027232385609848912,1,0
7.861,stage1,0.014911437563783115,-0.027232385609848912,1,0
7.862,stage1,0.014911437563783115,-0.027232385609848912,1,0
7.863,stage1,0.014911437563783115,-0.027232385609848912,1,0
7.864,stage1,0.014911437563783115,-0.027232385609848912,1,0
7.865,stage1,0.014911437563783115,-0.027232385609848912,1,0
7.866,stage1,0.014911437563783115,-0.027232385609848912,1,0
7.867,stage1,0.014911437563783115,-0.027232385609848912,1,0
7.868,stage1,0.014911437563783115,-0.027232385609848912,1,0
7.869,stage1,0.014911437563783115,-0.027232385609848912,1,0
7.87,stage1,0.014639063766831795,-0.027240483434000772,1,0
7.871,stage1,0.014639063766831795,-0.027240483434000772,1,0
7.872,stage1,0.014639063766831795,-0.027240483434000772,1,0
7.873,stage1,0.014639063766831795,-0.027240483434000772,1,0
7.874,stage1,0.014639063766831795,-0.027240483434000772,1,0
7.875,stage1,0.014639063766831795,-0.027240483434000772,1,0
7.876,stage1,0.014639063766831795,-0.027240483434000772,1,0
7.877,stage1,0.014639063766831795,-0.027240483434000772,1,0
7.878,stage1,0.014639063766831795,-0.027240483434000772,1,0
7.879,stage1,0.014639063766831795,-0.027240483434000772,1,0
7.88,stage1,0.014366665470393624,-0.027237307808074068,1,0
7.881,stage1,0.014366665470393624,-0.027237307808074068,1,0
7.882,stage1,0.014366665470393624,-0.027237307808074068,1,0
7.883,stage1,0.014366665470393624,-0.027237307808074068,1,0
7.884,stage1,0.014366665470393624,-0.027237307808074068,1,0
7.885,stage1,0.014366665470393624,-0.027237307808074068,1,0
7.886,stage1,0.014366665470393624,-0.027237307808074068,1,0
7.887,stage1,0.014366665470393624,-0.027237307808074068,1,0
7.888,stage1,0.014366665470393624,-0.027237307808074068,1,0
7.889,stage1,0.014366665470393624,-0.027237307808074068,1,0
7.89,stage1,0.014094354730427031,-0.027222995070169592,1,0
7.891,stage1,0.014094354730427031,-0.027222995070169592,1,0
7.892,stage1,0.014094354730427031,-0.027222995070169592,1,0
7.893,stage1,0.014094354730427031,-0.027222995070169592,1,0
7.894,stage1,0.014094354730427031,-0.027222995070169592,1,0
7.895,stage1,0.014094354730427031,-0.027222995070169592,1,0
7.896,stage1,0.014094354730427031,-0.027222995070169592,1,0
7.897,stage1,0.014094354730427031,-0.027222995070169592,1,0
7.898,stage1,0.014094354730427031,-0.027222995070169592,1,0
7.899,stage1,0.014094354730427031,-0.027222995070169592,1,0
7.9,stage1,0.01382224222082118,-0.027197685278702928,1,0
7.901,stage1,0.01382224222082118,-0.027197685278702928,1,0
7.902,stage1,0.01382224222082118,-0.027197685278702928,1,0
7.903,stage1,0.01382224222082118,-0.027197685278702928,1,0
7.904,stage1,0.01382224222082118,-0.027197685278702928,1,0
7.905,stage1,0.01382224222082118,-0.027197685278702928,1,0
7.906,stage1,0.01382224222082118,-0.027197685278702928,1,0
7.907,stage1,0.01382224222082118,-0.027197685278702928,1,0
7.908,stage1,0.01382224222082118,-0.027197685278702928,1,0
7.909,stage1,0.01382224222082118,-0.027197685278702928,1,0
7.91,stage1,0.013550437196715621,-0.02716152210771629,1,0
7.911,stage1,0.013550437196715621,-0.02716152210771629,1,0
7.912,stage1,0.013550437196715621,-0.02716152210771629,1,0
7.913,stage1,0.013550437196715621,-0.02716152210771629,1,0
7.914,stage1,0.013550437196715621,-0.02716152210771629,1,0
7.915,stage1,0.013550437196715621,-0.02716152210771629,1,0
7.916,stage1,0.013550437196715621,-0.02716152210771629,1,0
7.917,stage1,0.013550437196715621,-0.02716152210771629,1,0
7.918,stage1,0.013550437196715621,-0.02716152210771629,1,0
7.919,stage1,0.013550437196715621,-0.02716152210771629,1,0
7.92,stage1,0.013279047458870524,-0.027114652741464795,1,0
7.921,stage1,0.013279047458870524,-0.027114652741464795,1,0
7.922,stage1,0.013279047458870524,-0.027114652741464795,1,0
7.923,stage1,0.013279047458870524,-0.027114652741464795,1,0
7.924,stage1,0.013279047458870524,-0.027114652741464795,1,0
7.925,stage1,0.013279047458870524,-0.027114652741464795,1,0
7.926,stage1,0.013279047458870524,-0.027114652741464795,1,0
7.927,stage1,0.013279047458870524,-0.027114652741464795,1,0
7.928,stage1,0.013279047458870524,-0.027114652741464795,1,0
7.929,stage1,0.013279047458870524,-0.027114652741464795,1,0
7.93,stage1,0.013008179319094391,-0.02705722776833645,1,0
7.931,stage1,0.013008179319094391,-0.02705722776833645,1,0
7.932,stage1,0.013008179319094391,-0.02705722776833645,1,0
7.933,stage1,0.013008179319094391,-0.02705722776833645,1,0
7.934,stage1,0.013008179319094391,-0.02705722776833645,1,0
7.935,stage1,0.013008179319094391,-0.02705722776833645,1,0
7.936,stage1,0.013008179319094391,-0.02705722776833645,1,0
7.937,stage1,0.013008179319094391,-0.02705722776833645,1,0
7.938,stage1,0.013008179319094391,-0.02705722776833645,1,0
7.939,stage1,0.013008179319094391,-0.02705722776833645,1,0
7.94,stage1,0.012737937566735701,-0.02698940107416489,1,0
7.941,stage1,0.012737937566735701,-0.02698940107416489,1,0
7.942,stage1,0.012737937566735701,-0.02698940107416489,1,0
7.943,stage1,0.012737937566735701,-0.02698940107416489,1,0
7.944,stage1,0.012737937566735701,-0.02698940107416489,1,0
7.945,stage1,0.012737937566735701,-0.02698940107416489,1,0
7.946,stage1,0.012737937566735701,-0.02698940107416489,1,0
7.947,stage1,0.012737937566735701,-0.02698940107416489,1,0
7.948,stage1,0.012737937566735701,-0.02698940107416489,1,0
7.949,stage1,0.012737937566735701,-0.02698940107416489,1,0
7.95,stage1,0.012468425436244178,-0.026911329734993588,1,0
7.951,stage1,0.012468425436244178,-0.026911329734993588,1,0
7.952,stage1,0.012468425436244178,-0.026911329734993588,1,0
7.953,stage1,0.012468425436244178,-0.026911329734993588,1,0
7.954,stage1,0.012468425436244178,-0.026911329734993588,1,0
7.955,stage1,0.012468425436244178,-0.026911329734993588,1,0
7.956,stage1,0.012468425436244178,-0.026911329734993588,1,0
7.957,stage1,0.012468425436244178,-0.026911329734993588,1,0
7.958,stage1,0.012468425436244178,-0.026911329734993588,1,0
7.959,stage1,0.012468425436244178,-0.026911329734993588,1,0
7.96,stage1,0.01219974457580694,-0.02682317390934995,1,0
7.961,stage1,0.01219974457580694,-0.02682317390934995,1,0
7.962,stage1,0.01219974457580694,-0.02682317390934995,1,0
7.963,stage1,0.01219974457580694,-0.02682317390934995,1,0
7.964,stage1,0.01219974457580694,-0.02682317390934995,1,0
7.965,stage1,0.01219974457580694,-0.02682317390934995,1,0
7.966,stage1,0.01219974457580694,-0.02682317390934995,1,0
7.967,stage1,0.01219974457580694,-0.02682317390934995,1,0
7.968,stage1,0.01219974457580694,-0.02682317390934995,1,0
7.969,stage1,0.01219974457580694,-0.02682317390934995,1,0
7.97,stage1,0.01193199501706411,-0.026725096730087362,1,0
7.971,stage1,0.01193199501706411,-0.026725096730087362,1,0
7.972,stage1,0.01193199501706411,-0.026725096730087362,1,0
7.973,stage1,0.01193199501706411,-0.026725096730087362,1,0
7.974,stage1,0.01193199501706411,-0.026725096730087362,1,0
7.975,stage1,0.01193199501706411,-0.026725096730087362,1,0
7.976,stage1,0.01193199501706411,-0.026725096730087362,1,0
7.977,stage1,0.01193199501706411,-0.026725096730087362,1,0
7.978,stage1,0.01193199501706411,-0.026725096730087362,1,0
7.979,stage1,0.01193199501706411,-0.026725096730087362,1,0
7.98,stage1,0.011665275145907913,-0.02661726419585296,1,0
7.981,stage1,0.011665275145907913,-0.02661726419585296,1,0
7.982,stage1,0.011665275145907913,-0.02661726419585296,1,0
7.983,stage1,0.011665275145907913,-0.02661726419585296,1,0
7.984,stage1,0.011665275145907913,-0.02661726419585296,1,0
7.985,stage1,0.011665275145907913,-0.02661726419585296,1,0
7.986,stage1,0.011665275145907913,-0.02661726419585296,1,0
7.987,stage1,0.011665275145907913,-0.02661726419585296,1,0
7.988,stage1,0.011665275145907913,-0.02661726419585296,1,0
7.989,stage1,0.011665275145907913,-0.02661726419585296,1,0
7.99,stage1,0.011399681674368759,-0.02649984506223834,1,0
7.991,stage1,0.011399681674368759,-0.02649984506223834,1,0
7.992,stage1,0.011399681674368759,-0.02649984506223834,1,0
7.993,stage1,0.011399681674368759,-0.02649984506223834,1,0
7.994,stage1,0.011399681674368759,-0.02649984506223834,1,0
7.995,stage1,0.011399681674368759,-0.02649984506223834,1,0
7.996,stage1,0.011399681674368759,-0.02649984506223834,1,0
7.997,stage1,0.011399681674368759,-0.02649984506223834,1,0
7.998,stage1,0.011399681674368759,-0.02649984506223834,1,0
7.999,stage1,0.011399681674368759,-0.02649984506223834,1,0
8.0,stage1,0.011135309613591127,-0.0263730107326702,1,0
8.001,stage1,0.011135309613591127,-0.0263730107326702,1,0
8.002,stage1,0.011135309613591127,-0.0263730107326702,1,0
8.003,stage1,0.011135309613591127,-0.0263730107326702,1,0
8.004,stage1,0.011135309613591127,-0.0263730107326702,1,0
8.005,stage1,0.011135309613591127,-0.0263730107326702,1,0
8.006,stage1,0.011135309613591127,-0.0263730107326702,1,0
8.007,stage1,0.011135309613591127,-0.0263730107326702,1,0
8.008,stage1,0.011135309613591127,-0.0263730107326702,1,0
8.009,stage1,0.011135309613591127,-0.0263730107326702,1,0
8.01,stage1,0.01087225224790164,-0.026236935149097345,1,0
8.011,stage1,0.01087225224790164,-0.026236935149097345,1,0
8.012,stage1,0.01087225224790164,-0.026236935149097345,1,0
8.013,stage1,0.01087225224790164,-0.026236935149097345,1,0
8.014,stage1,0.01087225224790164,-0.026236935149097345,1,0
8.015,stage1,0.01087225224790164,-0.026236935149097345,1,0
8.016,stage1,0.01087225224790164,-0.026236935149097345,1,0
8.017,stage1,0.01087225224790164,-0.026236935149097345,1,0
8.018,stage1,0.01087225224790164,-0.026236935149097345,1,0
8.019,stage1,0.01087225224790164,-0.026236935149097345,1,0
8.02,stage1,0.010610601109971038,-0.02609179468253004,1,0
8.021,stage1,0.010610601109971038,-0.02609179468253004,1,0
8.022,stage1,0.010610601109971038,-0.02609179468253004,1,0
8.023,stage1,0.010610601109971038,-0.02609179468253004,1,0
8.024,stage1,0.010610601109971038,-0.02609179468253004,1,0
8.025,stage1,0.010610601109971038,-0.02609179468253004,1,0
8.026,stage1,0.010610601109971038,-0.02609179468253004,1,0
8.027,stage1,0.010610601109971038,-0.02609179468253004,1,0
8.028,stage1,0.010610601109971038,-0.02609179468253004,1,0
8.029,stage1,0.010610601109971038,-0.02609179468253004,1,0
8.03,stage1,0.010350445957071266,-0.025937768023487247,1,0
8.031,stage1,0.010350445957071266,-0.025937768023487247,1,0
8.032,stage1,0.010350445957071266,-0.025937768023487247,1,0
8.033,stage1,0.010350445957071266,-0.025937768023487247,1,0
8.034,stage1,0.010350445957071266,-0.025937768023487247,1,0
8.035,stage1,0.010350445957071266,-0.025937768023487247,1,0
8.036,stage1,0.010350445957071266,-0.025937768023487247,1,0
8.037,stage1,0.010350445957071266,-0.025937768023487247,1,0
8.038,stage1,0.010350445957071266,-0.025937768023487247,1,0
8.039,stage1,0.010350445957071266,-0.025937768023487247,1,0
8.04,stage1,0.010091874748428325,-0.025775036072406738,1,0
8.041,stage1,0.010091874748428325,-0.025775036072406738,1,0
8.042,stage1,0.010091874748428325,-0.025775036072406738,1,0
8.043,stage1,0.010091874748428325,-0.025775036072406738,1,0
8.044,stage1,0.010091874748428325,-0.025775036072406738,1,0
8.045,stage1,0.010091874748428325,-0.025775036072406738,1,0
8.046,stage1,0.010091874748428325,-0.025775036072406738,1,0
8.047,stage1,0.010091874748428325,-0.025775036072406738,1,0
8.048,stage1,0.010091874748428325,-0.025775036072406738,1,0
8.049,stage1,0.010091874748428325,-0.025775036072406738,1,0
8.05,stage1,0.00983497362367098,-0.02560378183007256,1,0
8.051,stage1,0.00983497362367098,-0.02560378183007256,1,0
8.052,stage1,0.00983497362367098,-0.02560378183007256,1,0
8.053,stage1,0.00983497362367098,-0.02560378183007256,1,0
8.054,stage1,0.00983497362367098,-0.02560378183007256,1,0
8.055,stage1,0.00983497362367098,-0.02560378183007256,1,0
8.056,stage1,0.00983497362367098,-0.02560378183007256,1,0
8.057,stage1,0.00983497362367098,-0.02560378183007256,1,0
8.058,stage1,0.00983497362367098,-0.02560378183007256,1,0
8.059,stage1,0.00983497362367098,-0.02560378183007256,1,0
8.06,stage1,0.009579826882374876,-0.025424190288113768,1,0
8.061,stage1,0.009579826882374876,-0.025424190288113768,1,0
8.062,stage1,0.009579826882374876,-0.025424190288113768,1,0
8.063,stage1,0.009579826882374876,-0.025424190288113768,1,0
8.064,stage1,0.009579826882374876,-0.025424190288113768,1,0
8.065,stage1,0.009579826882374876,-0.025424190288113768,1,0
8.066,stage1,0.009579826882374876,-0.025424190288113768,1,0
8.067,stage1,0.009579826882374876,-0.025424190288113768,1,0
8.068,stage1,0.009579826882374876,-0.025424190288113768,1,0
8.069,stage1,0.009579826882374876,-0.025424190288113768,1,0
8.07,stage1,0.009326516964701095,-0.02523644831962778,1,0
8.071,stage1,0.009326516964701095,-0.02523644831962778,1,0
8.072,stage1,0.009326516964701095,-0.02523644831962778,1,0
8.073,stage1,0.009326516964701095,-0.02523644831962778,1,0
8.074,stage1,0.009326516964701095,-0.02523644831962778,1,0
8.075,stage1,0.009326516964701095,-0.02523644831962778,1,0
8.076,stage1,0.009326516964701095,-0.02523644831962778,1,0
8.077,stage1,0.009326516964701095,-0.02523644831962778,1,0
8.078,stage1,0.009326516964701095,-0.02523644831962778,1,0
8.079,stage1,0.009326516964701095,-0.02523644831962778,1,0
8.08,stage1,0.009075124433127631,-0.025040744569981073,1,0
8.081,stage1,0.009075124433127631,-0.025040744569981073,1,0
8.082,stage1,0.009075124433127631,-0.025040744569981073,1,0
8.083,stage1,0.009075124433127631,-0.025040744569981073,1,0
8.084,stage1,0.009075124433127631,-0.025040744569981073,1,0
8.085,stage1,0.009075124433127631,-0.025040744569981073,1,0
8.086,stage1,0.009075124433127631,-0.025040744569981073,1,0
8.087,stage1,0.009075124433127631,-0.025040744569981073,1,0
8.088,stage1,0.009075124433127631,-0.025040744569981073,1,0
8.089,stage1,0.009075124433127631,-0.025040744569981073,1,0
8.09,stage1,0.008825727955271758,-0.02483726934783939,1,0
8.091,stage1,0.008825727955271758,-0.02483726934783939,1,0
8.092,stage1,0.008825727955271758,-0.02483726934783939,1,0
8.093,stage1,0.008825727955271758,-0.02483726934783939,1,0
8.094,stage1,0.008825727955271758,-0.02483726934783939,1,0
8.095,stage1,0.008825727955271758,-0.02483726934783939,1,0
8.096,stage1,0.008825727955271758,-0.02483726934783939,1,0
8.097,stage1,0.008825727955271758,-0.02483726934783939,1,0
8.098,stage1,0.008825727955271758,-0.02483726934783939,1,0
8.099,stage1,0.008825727955271758,-0.02483726934783939,1,0
8.1,stage1,0.008578404287800726,-0.024626214516478943,1,0
8.101,stage1,0.008578404287800726,-0.024626214516478943,1,0
8.102,stage1,0.008578404287800726,-0.024626214516478943,1,0
8.103,stage1,0.008578404287800726,-0.024626214516478943,1,0
8.104,stage1,0.008578404287800726,-0.024626214516478943,1,0
8.105,stage1,0.008578404287800726,-0.024626214516478943,1,0
8.106,stage1,0.008578404287800726,-0.024626214516478943,1,0
8.107,stage1,0.008578404287800726,-0.024626214516478943,1,0
8.108,stage1,0.008578404287800726,-0.024626214516478943,1,0
8.109,stage1,0.008578404287800726,-0.024626214516478943,1,0
8.11,stage1,0.008333228261427737,-0.024407773385429425,1,0
8.111,stage1,0.008333228261427737,-0.024407773385429425,1,0
8.112,stage1,0.008333228261427737,-0.024407773385429425,1,0
8.113,stage1,0.008333228261427737,-0.024407773385429425,1,0
8.114,stage1,0.008333228261427737,-0.024407773385429425,1,0
8.115,stage1,0.008333228261427737,-0.024407773385429425,1,0
8.116,stage1,0.008333228261427737,-0.024407773385429425,1,0
8.117,stage1,0.008333228261427737,-0.024407773385429425,1,0
8.118,stage1,0.008333228261427737,-0.024407773385429425,1,0
8.119,stage1,0.008333228261427737,-0.024407773385429425,1,0
8.12,stage1,0.008090272766989622,-0.024182140602499055,1,0
8.121,stage1,0.008090272766989622,-0.024182140602499055,1,0
8.122,stage1,0.008090272766989622,-0.024182140602499055,1,0
8.123,stage1,0.008090272766989622,-0.024182140602499055,1,0
8.124,stage1,0.008090272766989622,-0.024182140602499055,1,0
8.125,stage1,0.008090272766989622,-0.024182140602499055,1,0
8.126,stage1,0.008090272766989622,-0.024182140602499055,1,0
8.127,stage1,0.008090272766989622,-0.024182140602499055,1,0
8.128,stage1,0.008090272766989622,-0.024182140602499055,1,0
8.129,stage1,0.008090272766989622,-0.024182140602499055,1,0
8.13,stage1,0.00784960874260214,-0.023949512046231088,1,0
8.131,stage1,0.00784960874260214,-0.023949512046231088,1,0
8.132,stage1,0.00784960874260214,-0.023949512046231088,1,0
8.133,stage1,0.00784960874260214,-0.023949512046231088,1,0
8.134,stage1,0.00784960874260214,-0.023949512046231088,1,0
8.135,stage1,0.00784960874260214,-0.023949512046231088,1,0
8.136,stage1,0.00784960874260214,-0.023949512046231088,1,0
8.137,stage1,0.00784960874260214,-0.023949512046231088,1,0
8.138,stage1,0.00784960874260214,-0.023949512046231088,1,0
8.139,stage1,0.00784960874260214,-0.023949512046231088,1,0
8.14,stage1,0.007611305161888364,-0.023710084718840573,1,0
8.141,stage1,0.007611305161888364,-0.023710084718840573,1,0
8.142,stage1,0.007611305161888364,-0.023710084718840573,1,0
8.143,stage1,0.007611305161888364,-0.023710084718840573,1,0
8.144,stage1,0.007611305161888364,-0.023710084718840573,1,0
8.145,stage1,0.007611305161888364,-0.023710084718840573,1,0
8.146,stage1,0.007611305161888364,-0.023710084718840573,1,0
8.147,stage1,0.007611305161888364,-0.023710084718840573,1,0
8.148,stage1,0.007611305161888364,-0.023710084718840573,1,0
8.149,stage1,0.007611305161888364,-0.023710084718840573,1,0
8.15,stage1,0.007375429023275091,-0.02346405663967942,1,0
8.151,stage1,0.007375429023275091,-0.02346405663967942,1,0
8.152,stage1,0.007375429023275091,-0.02346405663967942,1,0
8.153,stage1,0.007375429023275091,-0.02346405663967942,1,0
8.154,stage1,0.007375429023275091,-0.02346405663967942,1,0
8.155,stage1,0.007375429023275091,-0.02346405663967942,1,0
8.156,stage1,0.007375429023275091,-0.02346405663967942,1,0
8.157,stage1,0.007375429023275091,-0.02346405663967942,1,0
8.158,stage1,0.007375429023275091,-0.02346405663967942,1,0
8.159,stage1,0.007375429023275091,-0.02346405663967942,1,0
8.16,stage1,0.007142045340351763,-0.02321162673927705,1,0
8.161,stage1,0.007142045340351763,-0.02321162673927705,1,0
8.162,stage1,0.007142045340351763,-0.02321162673927705,1,0
8.163,stage1,0.007142045340351763,-0.02321162673927705,1,0
8.164,stage1,0.007142045340351763,-0.02321162673927705,1,0
8.165,stage1,0.007142045340351763,-0.02321162673927705,1,0
8.166,stage1,0.007142045340351763,-0.02321162673927705,1,0
8.167,stage1,0.007142045340351763,-0.02321162673927705,1,0
8.168,stage1,0.007142045340351763,-0.02321162673927705,1,0
8.169,stage1,0.007142045340351763,-0.02321162673927705,1,0
8.17,stage1,0.00691121713328591,-0.022952994754003163,1,0
8.171,stage1,0.00691121713328591,-0.022952994754003163,1,0
8.172,stage1,0.00691121713328591,-0.022952994754003163,1,0
8.173,stage1,0.00691121713328591,-0.022952994754003163,1,0
8.174,stage1,0.00691121713328591,-0.022952994754003163,1,0
8.175,stage1,0.00691121713328591,-0.022952994754003163,1,0
8.176,stage1,0.00691121713328591,-0.022952994754003163,1,0
8.177,stage1,0.00691121713328591,-0.022952994754003163,1,0
8.178,stage1,0.00691121713328591,-0.022952994754003163,1,0
8.179,stage1,0.00691121713328591,-0.022952994754003163,1,0
8.18,stage1,0.006683005421288665,-0.02268836112139845,1,0
8.181,stage1,0.006683005421288665,-0.02268836112139845,1,0
8.182,stage1,0.006683005421288665,-0.02268836112139845,1,0
8.183,stage1,0.006683005421288665,-0.02268836112139845,1,0
8.184,stage1,0.006683005421288665,-0.02268836112139845,1,0
8.185,stage1,0.006683005421288665,-0.02268836112139845,1,0
8.186,stage1,0.006683005421288665,-0.02268836112139845,1,0
8.187,stage1,0.006683005421288665,-0.02268836112139845,1,0
8.188,stage1,0.006683005421288665,-0.02268836112139845,1,0
8.189,stage1,0.006683005421288665,-0.02268836112139845,1,0
8.19,stage1,0.0064574692161234425,-0.022417926876218137,1,0
8.191,stage1,0.0064574692161234425,-0.022417926876218137,1,0
8.192,stage1,0.0064574692161234425,-0.022417926876218137,1,0
8.193,stage1,0.0064574692161234425,-0.022417926876218137,1,0
8.194,stage1,0.0064574692161234425,-0.022417926876218137,1,0
8.195,stage1,0.0064574692161234425,-0.022417926876218137,1,0
8.196,stage1,0.0064574692161234425,-0.022417926876218137,1,0
8.197,stage1,0.0064574692161234425,-0.022417926876218137,1,0
8.198,stage1,0.0064574692161234425,-0.022417926876218137,1,0
8.199,stage1,0.0064574692161234425,-0.022417926876218137,1,0
8.2,stage1,0.006234665516650432,-0.022141893547232595,1,0
8.201,stage1,0.006234665516650432,-0.022141893547232595,1,0
8.202,stage1,0.006234665516650432,-0.022141893547232595,1,0
8.203,stage1,0.006234665516650432,-0.022141893547232595,1,0
8.204,stage1,0.006234665516650432,-0.022141893547232595,1,0
8.205,stage1,0.006234665516650432,-0.022141893547232595,1,0
8.206,stage1,0.006234665516650432,-0.022141893547232595,1,0
8.207,stage1,0.006234665516650432,-0.022141893547232595,1,0
8.208,stage1,0.006234665516650432,-0.022141893547232595,1,0
8.209,stage1,0.006234665516650432,-0.022141893547232595,1,0
8.21,stage1,0.006014649304399125,-0.021860463054828368,1,0
8.211,stage1,0.006014649304399125,-0.021860463054828368,1,0
8.212,stage1,0.006014649304399125,-0.021860463054828368,1,0
8.213,stage1,0.006014649304399125,-0.021860463054828368,1,0
8.214,stage1,0.006014649304399125,-0.021860463054828368,1,0
8.215,stage1,0.006014649304399125,-0.021860463054828368,1,0
8.216,stage1,0.006014649304399125,-0.021860463054828368,1,0
8.217,stage1,0.006014649304399125,-0.021860463054828368,1,0
8.218,stage1,0.006014649304399125,-0.021860463054828368,1,0
8.219,stage1,0.006014649304399125,-0.021860463054828368,1,0
8.22,stage1,0.0057974735401606445,-0.021573837609452116,1,0
8.221,stage1,0.0057974735401606445,-0.021573837609452116,1,0
8.222,stage1,0.0057974735401606445,-0.021573837609452116,1,0
8.223,stage1,0.0057974735401606445,-0.021573837609452116,1,0
8.224,stage1,0.0057974735401606445,-0.021573837609452116,1,0
8.225,stage1,0.0057974735401606445,-0.021573837609452116,1,0
8.226,stage1,0.0057974735401606445,-0.021573837609452116,1,0
8.227,stage1,0.0057974735401606445,-0.021573837609452116,1,0
8.228,stage1,0.0057974735401606445,-0.021573837609452116,1,0
8.229,stage1,0.0057974735401606445,-0.021573837609452116,1,0
8.23,stage1,0.00558318916159125,-0.021282219610939186,1,0
8.231,stage1,0.00558318916159125,-0.021282219610939186,1,0
8.232,stage1,0.00558318916159125,-0.021282219610939186,1,0
8.233,stage1,0.00558318916159125,-0.021282219610939186,1,0
8.234,stage1,0.00558318916159125,-0.021282219610939186,1,0
8.235,stage1,0.00558318916159125,-0.021282219610939186,1,0
8.236,stage1,0.00558318916159125,-0.021282219610939186,1,0
8.237,stage1,0.00558318916159125,-0.021282219610939186,1,0
8.238,stage1,0.00558318916159125,-0.021282219610939186,1,0
8.239,stage1,0.00558318916159125,-0.021282219610939186,1,0
8.24,stage1,0.005371845081817964,-0.020985811548767597,1,0
8.241,stage1,0.005371845081817964,-0.020985811548767597,1,0
8.242,stage1,0.005371845081817964,-0.020985811548767597,1,0
8.243,stage1,0.005371845081817964,-0.020985811548767597,1,0
8.244,stage1,0.005371845081817964,-0.020985811548767597,1,0
8.245,stage1,0.005371845081817964,-0.020985811548767597,1,0
8.246,stage1,0.005371845081817964,-0.020985811548767597,1,0
8.247,stage1,0.005371845081817964,-0.020985811548767597,1,0
8.248,stage1,0.005371845081817964,-0.020985811548767597,1,0
8.249,stage1,0.005371845081817964,-0.020985811548767597,1,0
8.25,stage1,0.005163488189036865,-0.02068481590327744,1,0
8.251,stage1,0.005163488189036865,-0.02068481590327744,1,0
8.252,stage1,0.005163488189036865,-0.02068481590327744,1,0
8.253,stage1,0.005163488189036865,-0.02068481590327744,1,0
8.254,stage1,0.005163488189036865,-0.02068481590327744,1,0
8.255,stage1,0.005163488189036865,-0.02068481590327744,1,0
8.256,stage1,0.005163488189036865,-0.02068481590327744,1,0
8.257,stage1,0.005163488189036865,-0.02068481590327744,1,0
8.258,stage1,0.005163488189036865,-0.02068481590327744,1,0
8.259,stage1,0.005163488189036865,-0.02068481590327744,1,0
8.26,stage1,0.004958163347094194,-0.020379435047894728,0,0
8.261,stage1,0.004958163347094194,-0.020379435047894728,0,0
8.262,stage1,0.004958163347094194,-0.020379435047894728,0,0
8.263,stage1,0.004958163347094194,-0.020379435047894728,0,0
8.264,stage1,0.004958163347094194,-0.020379435047894728,0,0
8.265,stage1,0.004958163347094194,-0.020379435047894728,0,0
8.266,stage1,0.004958163347094194,-0.020379435047894728,0,0
8.267,stage1,0.004958163347094194,-0.020379435047894728,0,0
8.268,stage1,0.004958163347094194,-0.020379435047894728,0,0
8.269,stage1,0.004958163347094194,-0.020379435047894728,0,0
8.27,stage1,0.004755913397040041,-0.02006987115239792,0,0
8.271,stage1,0.004755913397040041,-0.02006987115239792,0,0
8.272,stage1,0.004755913397040041,-0.02006987115239792,0,0
8.273,stage1,0.004755913397040041,-0.02006987115239792,0,0
8.274,stage1,0.004755913397040041,-0.02006987115239792,0,0
8.275,stage1,0.004755913397040041,-0.02006987115239792,0,0
8.276,stage1,0.004755913397040041,-0.02006987115239792,0,0
8.277,stage1,0.004755913397040041,-0.02006987115239792,0,0
8.278,stage1,0.004755913397040041,-0.02006987115239792,0,0
8.279,stage1,0.004755913397040041,-0.02006987115239792,0,0
8.28,stage1,0.004556779159644,-0.019756326087264398,0,0
8.281,stage1,0.004556779159644,-0.019756326087264398,0,0
8.282,stage1,0.004556779159644,-0.019756326087264398,0,0
8.283,stage1,0.004556779159644,-0.019756326087264398,0,0
8.284,stage1,0.004556779159644,-0.019756326087264398,0,0
8.285,stage1,0.004556779159644,-0.019756326087264398,0,0
8.286,stage1,0.004556779159644,-0.019756326087264398,0,0
8.287,stage1,0.004556779159644,-0.019756326087264398,0,0
8.288,stage1,0.004556779159644,-0.019756326087264398,0,0
8.289,stage1,0.004556779159644,-0.019756326087264398,0,0
8.29,stage1,0.004360799438861803,-0.019439001329133253,0,0
8.291,stage1,0.004360799438861803,-0.019439001329133253,0,0
8.292,stage1,0.004360799438861803,-0.019439001329133253,0,0
8.293,stage1,0.004360799438861803,-0.019439001329133253,0,0
8.294,stage1,0.004360799438861803,-0.019439001329133253,0,0
8.295,stage1,0.004360799438861803,-0.019439001329133253,0,0
8.296,stage1,0.004360799438861803,-0.019439001329133253,0,0
8.297,stage1,0.004360799438861803,-0.019439001329133253,0,0
8.298,stage1,0.004360799438861803,-0.019439001329133253,0,0
8.299,stage1,0.004360799438861803,-0.019439001329133253,0,0
8.3,stage1,0.004168011026241603,-0.019118097867419866,0,0
8.301,stage1,0.004168011026241603,-0.019118097867419866,0,0
8.302,stage1,0.004168011026241603,-0.019118097867419866,0,0
8.303,stage1,0.004168011026241603,-0.019118097867419866,0,0
8.304,stage1,0.004168011026241603,-0.019118097867419866,0,0
8.305,stage1,0.004168011026241603,-0.019118097867419866,0,0
8.306,stage1,0.004168011026241603,-0.019118097867419866,0,0
8.307,stage1,0.004168011026241603,-0.019118097867419866,0,0
8.308,stage1,0.004168011026241603,-0.019118097867419866,0,0
8.309,stage1,0.004168011026241603,-0.019118097867419866,0,0
8.31,stage1,0.0039784487062582,-0.018793816112116828,0,0
8.311,stage1,0.0039784487062582,-0.018793816112116828,0,0
8.312,stage1,0.0039784487062582,-0.018793816112116828,0,0
8.313,stage1,0.0039784487062582,-0.018793816112116828,0,0
8.314,stage1,0.0039784487062582,-0.018793816112116828,0,0
8.315,stage1,0.0039784487062582,-0.018793816112116828,0,0
8.316,stage1,0.0039784487062582,-0.018793816112116828,0,0
8.317,stage1,0.0039784487062582,-0.018793816112116828,0,0
8.318,stage1,0.0039784487062582,-0.018793816112116828,0,0
8.319,stage1,0.0039784487062582,-0.018793816112116828,0,0
8.32,stage1,0.0037921452625631945,-0.018466355802814766,0,0
8.321,stage1,0.0037921452625631945,-0.018466355802814766,0,0
8.322,stage1,0.0037921452625631945,-0.018466355802814766,0,0
8.323,stage1,0.0037921452625631945,-0.018466355802814766,0,0
8.324,stage1,0.0037921452625631945,-0.018466355802814766,0,0
8.325,stage1,0.0037921452625631945,-0.018466355802814766,0,0
8.326,stage1,0.0037921452625631945,-0.018466355802814766,0,0
8.327,stage1,0.0037921452625631945,-0.018466355802814766,0,0
8.328,stage1,0.0037921452625631945,-0.018466355802814766,0,0
8.329,stage1,0.0037921452625631945,-0.018466355802814766,0,0
8.33,stage1,0.003609131485138687,-0.018135915918975776,0,0
8.331,stage1,0.003609131485138687,-0.018135915918975776,0,0
8.332,stage1,0.003609131485138687,-0.018135915918975776,0,0
8.333,stage1,0.003609131485138687,-0.018135915918975776,0,0
8.334,stage1,0.003609131485138687,-0.018135915918975776,0,0
8.335,stage1,0.003609131485138687,-0.018135915918975776,0,0
8.336,stage1,0.003609131485138687,-0.018135915918975776,0,0
8.337,stage1,0.003609131485138687,-0.018135915918975776,0,0
8.338,stage1,0.003609131485138687,-0.018135915918975776,0,0
8.339,stage1,0.003609131485138687,-0.018135915918975776,0,0
8.34,stage1,0.0034294361783418557,-0.017802694591491124,0,0
8.341,stage1,0.0034294361783418557,-0.017802694591491124,0,0
8.342,stage1,0.0034294361783418557,-0.017802694591491124,0,0
8.343,stage1,0.0034294361783418557,-0.017802694591491124,0,0
8.344,stage1,0.0034294361783418557,-0.017802694591491124,0,0
8.345,stage1,0.0034294361783418557,-0.017802694591491124,0,0
8.346,stage1,0.0034294361783418557,-0.017802694591491124,0,0
8.347,stage1,0.0034294361783418557,-0.017802694591491124,0,0
8.348,stage1,0.0034294361783418557,-0.017802694591491124,0,0
8.349,stage1,0.0034294361783418557,-0.017802694591491124,0,0
8.35,stage1,0.0032530861698274053,-0.017466889015554023,0,0
8.351,stage1,0.0032530861698274053,-0.017466889015554023,0,0
8.352,stage1,0.0032530861698274053,-0.017466889015554023,0,0
8.353,stage1,0.0032530861698274053,-0.017466889015554023,0,0
8.354,stage1,0.0032530861698274053,-0.017466889015554023,0,0
8.355,stage1,0.0032530861698274053,-0.017466889015554023,0,0
8.356,stage1,0.0032530861698274053,-0.017466889015554023,0,0
8.357,stage1,0.0032530861698274053,-0.017466889015554023,0,0
8.358,stage1,0.0032530861698274053,-0.017466889015554023,0,0
8.359,stage1,0.0032530861698274053,-0.017466889015554023,0,0
8.36,stage1,0.0030801063203345844,-0.017128695364877242,0,0
8.361,stage1,0.0030801063203345844,-0.017128695364877242,0,0
8.362,stage1,0.0030801063203345844,-0.017128695364877242,0,0
8.363,stage1,0.0030801063203345844,-0.017128695364877242,0,0
8.364,stage1,0.0030801063203345844,-0.017128695364877242,0,0
8.365,stage1,0.0030801063203345844,-0.017128695364877242,0,0
8.366,stage1,0.0030801063203345844,-0.017128695364877242,0,0
8.367,stage1,0.0030801063203345844,-0.017128695364877242,0,0
8.368,stage1,0.0030801063203345844,-0.017128695364877242,0,0
8.369,stage1,0.0030801063203345844,-0.017128695364877242,0,0
8.37,stage1,0.0029105195343251873,-0.016788308707284417,0,0
8.371,stage1,0.0029105195343251873,-0.016788308707284417,0,0
8.372,stage1,0.0029105195343251873,-0.016788308707284417,0,0
8.373,stage1,0.0029105195343251873,-0.016788308707284417,0,0
8.374,stage1,0.0029105195343251873,-0.016788308707284417,0,0
8.375,stage1,0.0029105195343251873,-0.016788308707284417,0,0
8.376,stage1,0.0029105195343251873,-0.016788308707284417,0,0
8.377,stage1,0.0029105195343251873,-0.016788308707284417,0,0
8.378,stage1,0.0029105195343251873,-0.016788308707284417,0,0
8.379,stage1,0.0029105195343251873,-0.016788308707284417,0,0
8.38,stage1,0.002744346771458655,-0.01644592292170286,0,0
8.381,stage1,0.002744346771458655,-0.01644592292170286,0,0
8.382,stage1,0.002744346771458655,-0.01644592292170286,0,0
8.383,stage1,0.002744346771458655,-0.01644592292170286,0,0
8.384,stage1,0.002744346771458655,-0.01644592292170286,0,0
8.385,stage1,0.002744346771458655,-0.01644592292170286,0,0
8.386,stage1,0.002744346771458655,-0.01644592292170286,0,0
8.387,stage1,0.002744346771458655,-0.01644592292170286,0,0
8.388,stage1,0.002744346771458655,-0.01644592292170286,0,0
8.389,stage1,0.002744346771458655,-0.01644592292170286,0,0
8.39,stage1,0.002581607058890129,-0.01610173061658484,0,0
8.391,stage1,0.002581607058890129,-0.01610173061658484,0,0
8.392,stage1,0.002581607058890129,-0.01610173061658484,0,0
8.393,stage1,0.002581607058890129,-0.01610173061658484,0,0
8.394,stage1,0.002581607058890129,-0.01610173061658484,0,0
8.395,stage1,0.002581607058890129,-0.01610173061658484,0,0
8.396,stage1,0.002581607058890129,-0.01610173061658484,0,0
8.397,stage1,0.002581607058890129,-0.01610173061658484,0,0
8.398,stage1,0.002581607058890129,-0.01610173061658484,0,0
8.399,stage1,0.002581607058890129,-0.01610173061658484,0,0
8.4,stage1,0.0024223175043770404,-0.01575592304978316,0,0
8.401,stage1,0.0024223175043770404,-0.01575592304978316,0,0
8.402,stage1,0.0024223175043770404,-0.01575592304978316,0,0
8.403,stage1,0.0024223175043770404,-0.01575592304978316,0,0
8.404,stage1,0.0024223175043770404,-0.01575592304978316,0,0
8.405,stage1,0.0024223175043770404,-0.01575592304978316,0,0
8.406,stage1,0.0024223175043770404,-0.01575592304978316,0,0
8.407,stage1,0.0024223175043770404,-0.01575592304978316,0,0
8.408,stage1,0.0024223175043770404,-0.01575592304978316,0,0
8.409,stage1,0.0024223175043770404,-0.01575592304978316,0,0
8.41,stage1,0.002266493310179569,-0.015408690049906006,0,0
8.411,stage1,0.002266493310179569,-0.015408690049906006,0,0
8.412,stage1,0.002266493310179569,-0.015408690049906006,0,0
8.413,stage1,0.002266493310179569,-0.015408690049906006,0,0
8.414,stage1,0.002266493310179569,-0.015408690049906006,0,0
8.415,stage1,0.002266493310179569,-0.015408690049906006,0,0
8.416,stage1,0.002266493310179569,-0.015408690049906006,0,0
8.417,stage1,0.002266493310179569,-0.015408690049906006,0,0
8.418,stage1,0.002266493310179569,-0.015408690049906006,0,0
8.419,stage1,0.002266493310179569,-0.015408690049906006,0,0
8.42,stage1,0.0021141477877400583,-0.01506021993917502,0,0
8.421,stage1,0.0021141477877400583,-0.01506021993917502,0,0
8.422,stage1,0.0021141477877400583,-0.01506021993917502,0,0
8.423,stage1,0.0021141477877400583,-0.01506021993917502,0,0
8.424,stage1,0.0021141477877400583,-0.01506021993917502,0,0
8.425,stage1,0.0021141477877400583,-0.01506021993917502,0,0
8.426,stage1,0.0021141477877400583,-0.01506021993917502,0,0
8.427,stage1,0.0021141477877400583,-0.01506021993917502,0,0
8.428,stage1,0.0021141477877400583,-0.01506021993917502,0,0
8.429,stage1,0.0021141477877400583,-0.01506021993917502,0,0
8.43,stage1,0.0019652923731262335,-0.014710699457809503,0,0
8.431,stage1,0.0019652923731262335,-0.014710699457809503,0,0
8.432,stage1,0.0019652923731262335,-0.014710699457809503,0,0
8.433,stage1,0.0019652923731262335,-0.014710699457809503,0,0
8.434,stage1,0.0019652923731262335,-0.014710699457809503,0,0
8.435,stage1,0.0019652923731262335,-0.014710699457809503,0,0
8.436,stage1,0.0019652923731262335,-0.014710699457809503,0,0
8.437,stage1,0.0019652923731262335,-0.014710699457809503,0,0
8.438,stage1,0.0019652923731262335,-0.014710699457809503,0,0
8.439,stage1,0.0019652923731262335,-0.014710699457809503,0,0
8.44,stage1,0.0018199366432228607,-0.014360313689958765,0,0
8.441,stage1,0.0018199366432228607,-0.014360313689958765,0,0
8.442,stage1,0.0018199366432228607,-0.014360313689958765,0,0
8.443,stage1,0.0018199366432228607,-0.014360313689958765,0,0
8.444,stage1,0.0018199366432228607,-0.014360313689958765,0,0
8.445,stage1,0.0018199366432228607,-0.014360313689958765,0,0
8.446,stage1,0.0018199366432228607,-0.014360313689958765,0,0
8.447,stage1,0.0018199366432228607,-0.014360313689958765,0,0
8.448,stage1,0.0018199366432228607,-0.014360313689958765,0,0
8.449,stage1,0.0018199366432228607,-0.014360313689958765,0,0
8.45,stage1,0.0016780883326562488,-0.014009245991203602,0,0
8.451,stage1,0.0016780883326562488,-0.014009245991203602,0,0
8.452,stage1,0.0016780883326562488,-0.014009245991203602,0,0
8.453,stage1,0.0016780883326562488,-0.014009245991203602,0,0
8.454,stage1,0.0016780883326562488,-0.014009245991203602,0,0
8.455,stage1,0.0016780883326562488,-0.014009245991203602,0,0
8.456,stage1,0.0016780883326562488,-0.014009245991203602,0,0
8.457,stage1,0.0016780883326562488,-0.014009245991203602,0,0
8.458,stage1,0.0016780883326562488,-0.014009245991203602,0,0
8.459,stage1,0.0016780883326562488,-0.014009245991203602,0,0
8.46,stage1,0.001539753351435811,-0.013657677917646873,0,0
8.461,stage1,0.001539753351435811,-0.013657677917646873,0,0
8.462,stage1,0.001539753351435811,-0.013657677917646873,0,0
8.463,stage1,0.001539753351435811,-0.013657677917646873,0,0
8.464,stage1,0.001539753351435811,-0.013657677917646873,0,0
8.465,stage1,0.001539753351435811,-0.013657677917646873,0,0
8.466,stage1,0.001539753351435811,-0.013657677917646873,0,0
8.467,stage1,0.001539753351435811,-0.013657677917646873,0,0
8.468,stage1,0.001539753351435811,-0.013657677917646873,0,0
8.469,stage1,0.001539753351435811,-0.013657677917646873,0,0
8.47,stage1,0.001404935803296694,-0.0133057891566122,0,0
8.471,stage1,0.001404935803296694,-0.0133057891566122,0,0
8.472,stage1,0.001404935803296694,-0.0133057891566122,0,0
8.473,stage1,0.001404935803296694,-0.0133057891566122,0,0
8.474,stage1,0.001404935803296694,-0.0133057891566122,0,0
8.475,stage1,0.001404935803296694,-0.0133057891566122,0,0
8.476,stage1,0.001404935803296694,-0.0133057891566122,0,0
8.477,stage1,0.001404935803296694,-0.0133057891566122,0,0
8.478,stage1,0.001404935803296694,-0.0133057891566122,0,0
8.479,stage1,0.001404935803296694,-0.0133057891566122,0,0
8.48,stage1,0.0012736380047273037,-0.012953757458968804,0,0
8.481,stage1,0.0012736380047273037,-0.012953757458968804,0,0
8.482,stage1,0.0012736380047273037,-0.012953757458968804,0,0
8.483,stage1,0.0012736380047273037,-0.012953757458968804,0,0
8.484,stage1,0.0012736380047273037,-0.012953757458968804,0,0
8.485,stage1,0.0012736380047273037,-0.012953757458968804,0,0
8.486,stage1,0.0012736380047273037,-0.012953757458968804,0,0
8.487,stage1,0.0012736380047273037,-0.012953757458968804,0,0
8.488,stage1,0.0012736380047273037,-0.012953757458968804,0,0
8.489,stage1,0.0012736380047273037,-0.012953757458968804,0,0
8.49,stage1,0.0011458605046653818,-0.012601758573099506,0,0
8.491,stage1,0.0011458605046653818,-0.012601758573099506,0,0
8.492,stage1,0.0011458605046653818,-0.012601758573099506,0,0
8.493,stage1,0.0011458605046653818,-0.012601758573099506,0,0
8.494,stage1,0.0011458605046653818,-0.012601758573099506,0,0
8.495,stage1,0.0011458605046653818,-0.012601758573099506,0,0
8.496,stage1,0.0011458605046653818,-0.012601758573099506,0,0
8.497,stage1,0.0011458605046653818,-0.012601758573099506,0,0
8.498,stage1,0.0011458605046653818,-0.012601758573099506,0,0
8.499,stage1,0.0011458605046653818,-0.012601758573099506,0,0
8.5,stage1,0.0010216021048461183,-0.012249966180527955,0,0
8.501,stage1,0.0010216021048461183,-0.012249966180527955,0,0
8.502,stage1,0.0010216021048461183,-0.012249966180527955,0,0
8.503,stage1,0.0010216021048461183,-0.012249966180527955,0,0
8.504,stage1,0.0010216021048461183,-0.012249966180527955,0,0
8.505,stage1,0.0010216021048461183,-0.012249966180527955,0,0
8.506,stage1,0.0010216021048461183,-0.012249966180527955,0,0
8.507,stage1,0.0010216021048461183,-0.012249966180527955,0,0
8.508,stage1,0.0010216021048461183,-0.012249966180527955,0,0
8.509,stage1,0.0010216021048461183,-0.012249966180527955,0,0
8.51,stage1,0.0009008598807856332,-0.01189855183322011,0,0
8.511,stage1,0.0009008598807856332,-0.01189855183322011,0,0
8.512,stage1,0.0009008598807856332,-0.01189855183322011,0,0
8.513,stage1,0.0009008598807856332,-0.01189855183322011,0,0
8.514,stage1,0.0009008598807856332,-0.01189855183322011,0,0
8.515,stage1,0.0009008598807856332,-0.01189855183322011,0,0
8.516,stage1,0.0009008598807856332,-0.01189855183322011,0,0
8.517,stage1,0.0009008598807856332,-0.01189855183322011,0,0
8.518,stage1,0.0009008598807856332,-0.01189855183322011,0,0
8.519,stage1,0.0009008598807856332,-0.01189855183322011,0,0
8.52,stage1,0.0007836292033830128,-0.0115476848925741,0,0
8.521,stage1,0.0007836292033830128,-0.0115476848925741,0,0
8.522,stage1,0.0007836292033830128,-0.0115476848925741,0,0
8.523,stage1,0.0007836292033830128,-0.0115476848925741,0,0
8.524,stage1,0.0007836292033830128,-0.0115476848925741,0,0
8.525,stage1,0.0007836292033830128,-0.0115476848925741,0,0
8.526,stage1,0.0007836292033830128,-0.0115476848925741,0,0
8.527,stage1,0.0007836292033830128,-0.0115476848925741,0,0
8.528,stage1,0.0007836292033830128,-0.0115476848925741,0,0
8.529,stage1,0.0007836292033830128,-0.0115476848925741,0,0
8.53,stage1,0.0006699037611239507,-0.011197532470111534,0,0
8.531,stage1,0.0006699037611239507,-0.011197532470111534,0,0
8.532,stage1,0.0006699037611239507,-0.011197532470111534,0,0
8.533,stage1,0.0006699037611239507,-0.011197532470111534,0,0
8.534,stage1,0.0006699037611239507,-0.011197532470111534,0,0
8.535,stage1,0.0006699037611239507,-0.011197532470111534,0,0
8.536,stage1,0.0006699037611239507,-0.011197532470111534,0,0
8.537,stage1,0.0006699037611239507,-0.011197532470111534,0,0
8.538,stage1,0.0006699037611239507,-0.011197532470111534,0,0
8.539,stage1,0.0006699037611239507,-0.011197532470111534,0,0
8.54,stage1,0.0005596755828689173,-0.010848259369882388,0,0
8.541,stage1,0.0005596755828689173,-0.010848259369882388,0,0
8.542,stage1,0.0005596755828689173,-0.010848259369882388,0,0
8.543,stage1,0.0005596755828689173,-0.010848259369882388,0,0
8.544,stage1,0.0005596755828689173,-0.010848259369882388,0,0
8.545,stage1,0.0005596755828689173,-0.010848259369882388,0,0
8.546,stage1,0.0005596755828689173,-0.010848259369882388,0,0
8.547,stage1,0.0005596755828689173,-0.010848259369882388,0,0
8.548,stage1,0.0005596755828689173,-0.010848259369882388,0,0
8.549,stage1,0.0005596755828689173,-0.010848259369882388,0,0
8.55,stage1,0.00045293506120866657,-0.010500028032594649,0,0
8.551,stage1,0.00045293506120866657,-0.010500028032594649,0,0
8.552,stage1,0.00045293506120866657,-0.010500028032594649,0,0
8.553,stage1,0.00045293506120866657,-0.010500028032594649,0,0
8.554,stage1,0.00045293506120866657,-0.010500028032594649,0,0
8.555,stage1,0.00045293506120866657,-0.010500028032594649,0,0
8.556,stage1,0.00045293506120866657,-0.010500028032594649,0,0
8.557,stage1,0.00045293506120866657,-0.010500028032594649,0,0
8.558,stage1,0.00045293506120866657,-0.010500028032594649,0,0
8.559,stage1,0.00045293506120866657,-0.010500028032594649,0,0
8.56,stage1,0.0003496709763697609,-0.010152998481483213,0,0
8.561,stage1,0.0003496709763697609,-0.010152998481483213,0,0
8.562,stage1,0.0003496709763697609,-0.010152998481483213,0,0
8.563,stage1,0.0003496709763697609,-0.010152998481483213,0,0
8.564,stage1,0.0003496709763697609,-0.010152998481483213,0,0
8.565,stage1,0.0003496709763697609,-0.010152998481483213,0,0
8.566,stage1,0.0003496709763697609,-0.010152998481483213,0,0
8.567,stage1,0.0003496709763697609,-0.010152998481483213,0,0
8.568,stage1,0.0003496709763697609,-0.010152998481483213,0,0
8.569,stage1,0.0003496709763697609,-0.010152998481483213,0,0
8.57,stage1,0.00024987052065268933,-0.009807328269923168,0,0
8.571,stage1,0.00024987052065268933,-0.009807328269923168,0,0
8.572,stage1,0.00024987052065268933,-0.009807328269923168,0,0
8.573,stage1,0.00024987052065268933,-0.009807328269923168,0,0
8.574,stage1,0.00024987052065268933,-0.009807328269923168,0,0
8.575,stage1,0.00024987052065268933,-0.009807328269923168,0,0
8.576,stage1,0.00024987052065268933,-0.009807328269923168,0,0
8.577,stage1,0.00024987052065268933,-0.009807328269923168,0,0
8.578,stage1,0.00024987052065268933,-0.009807328269923168,0,0
8.579,stage1,0.00024987052065268933,-0.009807328269923168,0,0
8.58,stage1,0.00015351932338515133,-0.00946317243078191,0,0
8.581,stage1,0.00015351932338515133,-0.00946317243078191,0,0
8.582,stage1,0.00015351932338515133,-0.00946317243078191,0,0
8.583,stage1,0.00015351932338515133,-0.00946317243078191,0,0
8.584,stage1,0.00015351932338515133,-0.00946317243078191,0,0
8.585,stage1,0.00015351932338515133,-0.00946317243078191,0,0
8.586,stage1,0.00015351932338515133,-0.00946317243078191,0,0
8.587,stage1,0.00015351932338515133,-0.00946317243078191,0,0
8.588,stage1,0.00015351932338515133,-0.00946317243078191,0,0
8.589,stage1,0.00015351932338515133,-0.00946317243078191,0,0
8.59,stage1,6.060147637301468e-05,-0.00912068342753813,0,0
8.591,stage1,6.060147637301468e-05,-0.00912068342753813,0,0
8.592,stage1,6.060147637301468e-05,-0.00912068342753813,0,0
8.593,stage1,6.060147637301468e-05,-0.00912068342753813,0,0
8.594,stage1,6.060147637301468e-05,-0.00912068342753813,0,0
8.595,stage1,6.060147637301468e-05,-0.00912068342753813,0,0
8.596,stage1,6.060147637301468e-05,-0.00912068342753813,0,0
8.597,stage1,6.060147637301468e-05,-0.00912068342753813,0,0
8.598,stage1,6.060147637301468e-05,-0.00912068342753813,0,0
8.599,stage1,6.060147637301468e-05,-0.00912068342753813,0,0
8.6,stage1,-2.8900440168762006e-05,-0.008780011107168858,0,0
8.601,stage1,-2.8900440168762006e-05,-0.008780011107168858,0,0
8.602,stage1,-2.8900440168762006e-05,-0.008780011107168858,0,0
8.603,stage1,-2.8900440168762006e-05,-0.008780011107168858,0,0
8.604,stage1,-2.8900440168762006e-05,-0.008780011107168858,0,0
8.605,stage1,-2.8900440168762006e-05,-0.008780011107168858,0,0
8.606,stage1,-2.8900440168762006e-05,-0.008780011107168858,0,0
8.607,stage1,-2.8900440168762006e-05,-0.008780011107168858,0,0
8.608,stage1,-2.8900440168762006e-05,-0.008780011107168858,0,0
8.609,stage1,-2.8900440168762006e-05,-0.008780011107168858,0,0
8.61,stage1,-0.00011500533122293038,-0.008441302654808051,0,0
8.611,stage1,-0.00011500533122293038,-0.008441302654808051,0,0
8.612,stage1,-0.00011500533122293038,-0.008441302654808051,0,0
8.613,stage1,-0.00011500533122293038,-0.008441302654808051,0,0
8.614,stage1,-0.00011500533122293038,-0.008441302654808051,0,0
8.615,stage1,-0.00011500533122293038,-0.008441302654808051,0,0
8.616,stage1,-0.00011500533122293038,-0.008441302654808051,0,0
8.617,stage1,-0.00011500533122293038,-0.008441302654808051,0,0
8.618,stage1,-0.00011500533122293038,-0.008441302654808051,0,0
8.619,stage1,-0.00011500533122293038,-0.008441302654808051,0,0
8.62,stage1,-0.0001977335601322164,-0.008104702550181241,0,0
8.621,stage1,-0.0001977335601322164,-0.008104702550181241,0,0
8.622,stage1,-0.0001977335601322164,-0.008104702550181241,0,0
8.623,stage1,-0.0001977335601322164,-0.008104702550181241,0,0
8.624,stage1,-0.0001977335601322164,-0.008104702550181241,0,0
8.625,stage1,-0.0001977335601322164,-0.008104702550181241,0,0
8.626,stage1,-0.0001977335601322164,-0.008104702550181241,0,0
8.627,stage1,-0.0001977335601322164,-0.008104702550181241,0,0
8.628,stage1,-0.0001977335601322164,-0.008104702550181241,0,0
8.629,stage1,-0.0001977335601322164,-0.008104702550181241,0,0
8.63,stage1,-0.000277106921334826,-0.0077703525258197795,0,0
8.631,stage1,-0.000277106921334826,-0.0077703525258197795,0,0
8.632,stage1,-0.000277106921334826,-0.0077703525258197795,0,0
8.633,stage1,-0.000277106921334826,-0.0077703525258197795,0,0
8.634,stage1,-0.000277106921334826,-0.0077703525258197795,0,0
8.635,stage1,-0.000277106921334826,-0.0077703525258197795,0,0
8.636,stage1,-0.000277106921334826,-0.0077703525258197795,0,0
8.637,stage1,-0.000277106921334826,-0.0077703525258197795,0,0
8.638,stage1,-0.000277106921334826,-0.0077703525258197795,0,0
8.639,stage1,-0.000277106921334826,-0.0077703525258197795,0,0
8.64,stage1,-0.00035314861269100266,-0.007438391527057358,0,0
8.641,stage1,-0.00035314861269100266,-0.007438391527057358,0,0
8.642,stage1,-0.00035314861269100266,-0.007438391527057358,0,0
8.643,stage1,-0.00035314861269100266,-0.007438391527057358,0,0
8.644,stage1,-0.00035314861269100266,-0.007438391527057358,0,0
8.645,stage1,-0.00035314861269100266,-0.007438391527057358,0,0
8.646,stage1,-0.00035314861269100266,-0.007438391527057358,0,0
8.647,stage1,-0.00035314861269100266,-0.007438391527057358,0,0
8.648,stage1,-0.00035314861269100266,-0.007438391527057358,0,0
8.649,stage1,-0.00035314861269100266,-0.007438391527057358,0,0
8.65,stage1,-0.0004258832074184694,-0.007108955673810541,0,0
8.651,stage1,-0.0004258832074184694,-0.007108955673810541,0,0
8.652,stage1,-0.0004258832074184694,-0.007108955673810541,0,0
8.653,stage1,-0.0004258832074184694,-0.007108955673810541,0,0
8.654,stage1,-0.0004258832074184694,-0.007108955673810541,0,0
8.655,stage1,-0.0004258832074184694,-0.007108955673810541,0,0
8.656,stage1,-0.0004258832074184694,-0.007108955673810541,0,0
8.657,stage1,-0.0004258832074184694,-0.007108955673810541,0,0
8.658,stage1,-0.0004258832074184694,-0.007108955673810541,0,0
8.659,stage1,-0.0004258832074184694,-0.007108955673810541,0,0
8.66,stage1,-0.0004953366256545994,-0.006782178224144159,0,0
8.661,stage1,-0.0004953366256545994,-0.006782178224144159,0,0
8.662,stage1,-0.0004953366256545994,-0.006782178224144159,0,0
8.663,stage1,-0.0004953366256545994,-0.006782178224144159,0,0
8.664,stage1,-0.0004953366256545994,-0.006782178224144159,0,0
8.665,stage1,-0.0004953366256545994,-0.006782178224144159,0,0
8.666,stage1,-0.0004953366256545994,-0.006782178224144159,0,0
8.667,stage1,-0.0004953366256545994,-0.006782178224144159,0,0
8.668,stage1,-0.0004953366256545994,-0.006782178224144159,0,0
8.669,stage1,-0.0004953366256545994,-0.006782178224144159,0,0
8.67,stage1,-0.0005615361056631655,-0.00645818953962149,0,0
8.671,stage1,-0.0005615361056631655,-0.00645818953962149,0,0
8.672,stage1,-0.0005615361056631655,-0.00645818953962149,0,0
8.673,stage1,-0.0005615361056631655,-0.00645818953962149,0,0
8.674,stage1,-0.0005615361056631655,-0.00645818953962149,0,0
8.675,stage1,-0.0005615361056631655,-0.00645818953962149,0,0
8.676,stage1,-0.0005615361056631655,-0.00645818953962149,0,0
8.677,stage1,-0.0005615361056631655,-0.00645818953962149,0,0
8.678,stage1,-0.0005615361056631655,-0.00645818953962149,0,0
8.679,stage1,-0.0005615361056631655,-0.00645818953962149,0,0
8.68,stage1,-0.0006245101747035113,-0.006137117052438325,0,0
8.681,stage1,-0.0006245101747035113,-0.006137117052438325,0,0
8.682,stage1,-0.0006245101747035113,-0.006137117052438325,0,0
8.683,stage1,-0.0006245101747035113,-0.006137117052438325,0,0
8.684,stage1,-0.0006245101747035113,-0.006137117052438325,0,0
8.685,stage1,-0.0006245101747035113,-0.006137117052438325,0,0
8.686,stage1,-0.0006245101747035113,-0.006137117052438325,0,0
8.687,stage1,-0.0006245101747035113,-0.006137117052438325,0,0
8.688,stage1,-0.0006245101747035113,-0.006137117052438325,0,0
8.689,stage1,-0.0006245101747035113,-0.006137117052438325,0,0
8.69,stage1,-0.0006842886195799756,-0.00581908523433907,0,0
8.691,stage1,-0.0006842886195799756,-0.00581908523433907,0,0
8.692,stage1,-0.0006842886195799756,-0.00581908523433907,0,0
8.693,stage1,-0.0006842886195799756,-0.00581908523433907,0,0
8.694,stage1,-0.0006842886195799756,-0.00581908523433907,0,0
8.695,stage1,-0.0006842886195799756,-0.00581908523433907,0,0
8.696,stage1,-0.0006842886195799756,-0.00581908523433907,0,0
8.697,stage1,-0.0006842886195799756,-0.00581908523433907,0,0
8.698,stage1,-0.0006842886195799756,-0.00581908523433907,0,0
8.699,stage1,-0.0006842886195799756,-0.00581908523433907,0,0
8.7,stage1,-0.0007409024568893764,-0.005504215567312242,0,0
8.701,stage1,-0.0007409024568893764,-0.005504215567312242,0,0
8.702,stage1,-0.0007409024568893764,-0.005504215567312242,0,0
8.703,stage1,-0.0007409024568893764,-0.005504215567312242,0,0
8.704,stage1,-0.0007409024568893764,-0.005504215567312242,0,0
8.705,stage1,-0.0007409024568893764,-0.005504215567312242,0,0
8.706,stage1,-0.0007409024568893764,-0.005504215567312242,0,0
8.707,stage1,-0.0007409024568893764,-0.005504215567312242,0,0
8.708,stage1,-0.0007409024568893764,-0.005504215567312242,0,0
8.709,stage1,-0.0007409024568893764,-0.005504215567312242,0,0
8.71,stage1,-0.0007943839029843334,-0.0051926265160618015,0,0
8.711,stage1,-0.0007943839029843334,-0.0051926265160618015,0,0
8.712,stage1,-0.0007943839029843334,-0.0051926265160618015,0,0
8.713,stage1,-0.0007943839029843334,-0.0051926265160618015,0,0
8.714,stage1,-0.0007943839029843334,-0.0051926265160618015,0,0
8.715,stage1,-0.0007943839029843334,-0.0051926265160618015,0,0
8.716,stage1,-0.0007943839029843334,-0.0051926265160618015,0,0
8.717,stage1,-0.0007943839029843334,-0.0051926265160618015,0,0
8.718,stage1,-0.0007943839029843334,-0.0051926265160618015,0,0
8.719,stage1,-0.0007943839029843334,-0.0051926265160618015,0,0
8.72,stage1,-0.0008447663436701643,-0.004884433502249954,0,0
8.721,stage1,-0.0008447663436701643,-0.004884433502249954,0,0
8.722,stage1,-0.0008447663436701643,-0.004884433502249954,0,0
8.723,stage1,-0.0008447663436701643,-0.004884433502249954,0,0
8.724,stage1,-0.0008447663436701643,-0.004884433502249954,0,0
8.725,stage1,-0.0008447663436701643,-0.004884433502249954,0,0
8.726,stage1,-0.0008447663436701643,-0.004884433502249954,0,0
8.727,stage1,-0.0008447663436701643,-0.004884433502249954,0,0
8.728,stage1,-0.0008447663436701643,-0.004884433502249954,0,0
8.729,stage1,-0.0008447663436701643,-0.004884433502249954,0,0
8.73,stage1,-0.0008920843036530449,-0.004579748880506209,0,0
8.731,stage1,-0.0008920843036530449,-0.004579748880506209,0,0
8.732,stage1,-0.0008920843036530449,-0.004579748880506209,0,0
8.733,stage1,-0.0008920843036530449,-0.004579748880506209,0,0
8.734,stage1,-0.0008920843036530449,-0.004579748880506209,0,0
8.735,stage1,-0.0008920843036530449,-0.004579748880506209,0,0
8.736,stage1,-0.0008920843036530449,-0.004579748880506209,0,0
8.737,stage1,-0.0008920843036530449,-0.004579748880506209,0,0
8.738,stage1,-0.0008920843036530449,-0.004579748880506209,0,0
8.739,stage1,-0.0008920843036530449,-0.004579748880506209,0,0
8.74,stage1,-0.0009363734157570667,-0.004278681916196665,0,0
8.741,stage1,-0.0009363734157570667,-0.004278681916196665,0,0
8.742,stage1,-0.0009363734157570667,-0.004278681916196665,0,0
8.743,stage1,-0.0009363734157570667,-0.004278681916196665,0,0
8.744,stage1,-0.0009363734157570667,-0.004278681916196665,0,0
8.745,stage1,-0.0009363734157570667,-0.004278681916196665,0,0
8.746,stage1,-0.0009363734157570667,-0.004278681916196665,0,0
8.747,stage1,-0.0009363734157570667,-0.004278681916196665,0,0
8.748,stage1,-0.0009363734157570667,-0.004278681916196665,0,0
8.749,stage1,-0.0009363734157570667,-0.004278681916196665,0,0
8.75,stage1,-0.0009776703899277597,-0.003981338764946659,0,0
8.751,stage1,-0.0009776703899277597,-0.003981338764946659,0,0
8.752,stage1,-0.0009776703899277597,-0.003981338764946659,0,0
8.753,stage1,-0.0009776703899277597,-0.003981338764946659,0,0
8.754,stage1,-0.0009776703899277597,-0.003981338764946659,0,0
8.755,stage1,-0.0009776703899277597,-0.003981338764946659,0,0
8.756,stage1,-0.0009776703899277597,-0.003981338764946659,0,0
8.757,stage1,-0.0009776703899277597,-0.003981338764946659,0,0
8.758,stage1,-0.0009776703899277597,-0.003981338764946659,0,0
8.759,stage1,-0.0009776703899277597,-0.003981338764946659,0,0
8.76,stage1,-0.0010160129820395972,-0.0036878224539139575,0,0
8.761,stage1,-0.0010160129820395972,-0.0036878224539139575,0,0
8.762,stage1,-0.0010160129820395972,-0.0036878224539139575,0,0
8.763,stage1,-0.0010160129820395972,-0.0036878224539139575,0,0
8.764,stage1,-0.0010160129820395972,-0.0036878224539139575,0,0
8.765,stage1,-0.0010160129820395972,-0.0036878224539139575,0,0
8.766,stage1,-0.0010160129820395972,-0.0036878224539139575,0,0
8.767,stage1,-0.0010160129820395972,-0.0036878224539139575,0,0
8.768,stage1,-0.0010160129820395972,-0.0036878224539139575,0,0
8.769,stage1,-0.0010160129820395972,-0.0036878224539139575,0,0
8.77,stage1,-0.0010514399625249347,-0.003398232864800448,0,0
8.771,stage1,-0.0010514399625249347,-0.003398232864800448,0,0
8.772,stage1,-0.0010514399625249347,-0.003398232864800448,0,0
8.773,stage1,-0.0010514399625249347,-0.003398232864800448,0,0
8.774,stage1,-0.0010514399625249347,-0.003398232864800448,0,0
8.775,stage1,-0.0010514399625249347,-0.003398232864800448,0,0
8.776,stage1,-0.0010514399625249347,-0.003398232864800448,0,0
8.777,stage1,-0.0010514399625249347,-0.003398232864800448,0,0
8.778,stage1,-0.0010514399625249347,-0.003398232864800448,0,0
8.779,stage1,-0.0010514399625249347,-0.003398232864800448,0,0
8.78,stage1,-0.0010839910848416607,-0.0031126667185779086,0,0
8.781,stage1,-0.0010839910848416607,-0.0031126667185779086,0,0
8.782,stage1,-0.0010839910848416607,-0.0031126667185779086,0,0
8.783,stage1,-0.0010839910848416607,-0.0031126667185779086,0,0
8.784,stage1,-0.0010839910848416607,-0.0031126667185779086,0,0
8.785,stage1,-0.0010839910848416607,-0.0031126667185779086,0,0
8.786,stage1,-0.0010839910848416607,-0.0031126667185779086,0,0
8.787,stage1,-0.0010839910848416607,-0.0031126667185779086,0,0
8.788,stage1,-0.0010839910848416607,-0.0031126667185779086,0,0
8.789,stage1,-0.0010839910848416607,-0.0031126667185779086,0,0
8.79,stage1,-0.0011137070537967104,-0.0028312175619380213,0,0
8.791,stage1,-0.0011137070537967104,-0.0028312175619380213,0,0
8.792,stage1,-0.0011137070537967104,-0.0028312175619380213,0,0
8.793,stage1,-0.0011137070537967104,-0.0028312175619380213,0,0
8.794,stage1,-0.0011137070537967104,-0.0028312175619380213,0,0
8.795,stage1,-0.0011137070537967104,-0.0028312175619380213,0,0
8.796,stage1,-0.0011137070537967104,-0.0028312175619380213,0,0
8.797,stage1,-0.0011137070537967104,-0.0028312175619380213,0,0
8.798,stage1,-0.0011137070537967104,-0.0028312175619380213,0,0
8.799,stage1,-0.0011137070537967104,-0.0028312175619380213,0,0
8.8,stage1,-0.001140629493742644,-0.0025539757554515325,0,0
8.801,stage1,-0.001140629493742644,-0.0025539757554515325,0,0
8.802,stage1,-0.001140629493742644,-0.0025539757554515325,0,0
8.803,stage1,-0.001140629493742644,-0.0025539757554515325,0,0
8.804,stage1,-0.001140629493742644,-0.0025539757554515325,0,0
8.805,stage1,-0.001140629493742644,-0.0025539757554515325,0,0
8.806,stage1,-0.001140629493742644,-0.0025539757554515325,0,0
8.807,stage1,-0.001140629493742644,-0.0025539757554515325,0,0
8.808,stage1,-0.001140629493742644,-0.0025539757554515325,0,0
8.809,stage1,-0.001140629493742644,-0.0025539757554515325,0,0
8.81,stage1,-0.001164800916664306,-0.0022810284634233176,0,0
8.811,stage1,-0.001164800916664306,-0.0022810284634233176,0,0
8.812,stage1,-0.001164800916664306,-0.0022810284634233176,0,0
8.813,stage1,-0.001164800916664306,-0.0022810284634233176,0,0
8.814,stage1,-0.001164800916664306,-0.0022810284634233176,0,0
8.815,stage1,-0.001164800916664306,-0.0022810284634233176,0,0
8.816,stage1,-0.001164800916664306,-0.0022810284634233176,0,0
8.817,stage1,-0.001164800916664306,-0.0022810284634233176,0,0
8.818,stage1,-0.001164800916664306,-0.0022810284634233176,0,0
8.819,stage1,-0.001164800916664306,-0.0022810284634233176,0,0
8.82,stage1,-0.0011862646901724637,-0.0020124596454311554,0,0
8.821,stage1,-0.0011862646901724637,-0.0020124596454311554,0,0
8.822,stage1,-0.0011862646901724637,-0.0020124596454311554,0,0
8.823,stage1,-0.0011862646901724637,-0.0020124596454311554,0,0
8.824,stage1,-0.0011862646901724637,-0.0020124596454311554,0,0
8.825,stage1,-0.0011862646901724637,-0.0020124596454311554,0,0
8.826,stage1,-0.0011862646901724637,-0.0020124596454311554,0,0
8.827,stage1,-0.0011862646901724637,-0.0020124596454311554,0,0
8.828,stage1,-0.0011862646901724637,-0.0020124596454311554,0,0
8.829,stage1,-0.0011862646901724637,-0.0020124596454311554,0,0
8.83,stage1,-0.0012050650054211984,-0.0017483500495353043,0,0
8.831,stage1,-0.0012050650054211984,-0.0017483500495353043,0,0
8.832,stage1,-0.0012050650054211984,-0.0017483500495353043,0,0
8.833,stage1,-0.0012050650054211984,-0.0017483500495353043,0,0
8.834,stage1,-0.0012050650054211984,-0.0017483500495353043,0,0
8.835,stage1,-0.0012050650054211984,-0.0017483500495353043,0,0
8.836,stage1,-0.0012050650054211984,-0.0017483500495353043,0,0
8.837,stage1,-0.0012050650054211984,-0.0017483500495353043,0,0
8.838,stage1,-0.0012050650054211984,-0.0017483500495353043,0,0
8.839,stage1,-0.0012050650054211984,-0.0017483500495353043,0,0
8.84,stage1,-0.00122124684496569,-0.0014887772071452813,0,0
8.841,stage1,-0.00122124684496569,-0.0014887772071452813,0,0
8.842,stage1,-0.00122124684496569,-0.0014887772071452813,0,0
8.843,stage1,-0.00122124684496569,-0.0014887772071452813,0,0
8.844,stage1,-0.00122124684496569,-0.0014887772071452813,0,0
8.845,stage1,-0.00122124684496569,-0.0014887772071452813,0,0
8.846,stage1,-0.00122124684496569,-0.0014887772071452813,0,0
8.847,stage1,-0.00122124684496569,-0.0014887772071452813,0,0
8.848,stage1,-0.00122124684496569,-0.0014887772071452813,0,0
8.849,stage1,-0.00122124684496569,-0.0014887772071452813,0,0
8.85,stage1,-0.0012348559505768963,-0.0012338154295295505,0,0
8.851,stage1,-0.0012348559505768963,-0.0012338154295295505,0,0
8.852,stage1,-0.0012348559505768963,-0.0012338154295295505,0,0
8.853,stage1,-0.0012348559505768963,-0.0012338154295295505,0,0
8.854,stage1,-0.0012348559505768963,-0.0012338154295295505,0,0
8.855,stage1,-0.0012348559505768963,-0.0012338154295295505,0,0
8.856,stage1,-0.0012348559505768963,-0.0012338154295295505,0,0
8.857,stage1,-0.0012348559505768963,-0.0012338154295295505,0,0
8.858,stage1,-0.0012348559505768963,-0.0012338154295295505,0,0
8.859,stage1,-0.0012348559505768963,-0.0012338154295295505,0,0
8.86,stage1,-0.0012459387910294815,-0.000983535805953162,0,0
8.861,stage1,-0.0012459387910294815,-0.000983535805953162,0,0
8.862,stage1,-0.0012459387910294815,-0.000983535805953162,0,0
8.863,stage1,-0.0012459387910294815,-0.000983535805953162,0,0
8.864,stage1,-0.0012459387910294815,-0.000983535805953162,0,0
8.865,stage1,-0.0012459387910294815,-0.000983535805953162,0,0
8.866,stage1,-0.0012459387910294815,-0.000983535805953162,0,0
8.867,stage1,-0.0012459387910294815,-0.000983535805953162,0,0
8.868,stage1,-0.0012459387910294815,-0.000983535805953162,0,0
8.869,stage1,-0.0012459387910294815,-0.000983535805953162,0,0
8.87,stage1,-0.0012545425298791958,-0.0007380062034277263,0,0
8.871,stage1,-0.0012545425298791958,-0.0007380062034277263,0,0
8.872,stage1,-0.0012545425298791958,-0.0007380062034277263,0,0
8.873,stage1,-0.0012545425298791958,-0.0007380062034277263,0,0
8.874,stage1,-0.0012545425298791958,-0.0007380062034277263,0,0
8.875,stage1,-0.0012545425298791958,-0.0007380062034277263,0,0
8.876,stage1,-0.0012545425298791958,-0.0007380062034277263,0,0
8.877,stage1,-0.0012545425298791958,-0.0007380062034277263,0,0
8.878,stage1,-0.0012545425298791958,-0.0007380062034277263,0,0
8.879,stage1,-0.0012545425298791958,-0.0007380062034277263,0,0
8.88,stage1,-0.0012607149932457487,-0.0004972912680574623,0,0
8.881,stage1,-0.0012607149932457487,-0.0004972912680574623,0,0
8.882,stage1,-0.0012607149932457487,-0.0004972912680574623,0,0
8.883,stage1,-0.0012607149932457487,-0.0004972912680574623,0,0
8.884,stage1,-0.0012607149932457487,-0.0004972912680574623,0,0
8.885,stage1,-0.0012607149932457487,-0.0004972912680574623,0,0
8.886,stage1,-0.0012607149932457487,-0.0004972912680574623,0,0
8.887,stage1,-0.0012607149932457487,-0.0004972912680574623,0,0
8.888,stage1,-0.0012607149932457487,-0.0004972912680574623,0,0
8.889,stage1,-0.0012607149932457487,-0.0004972912680574623,0,0
8.89,stage1,-0.0012645046376170528,-0.00026145242796443414,0,0
8.891,stage1,-0.0012645046376170528,-0.00026145242796443414,0,0
8.892,stage1,-0.0012645046376170528,-0.00026145242796443414,0,0
8.893,stage1,-0.0012645046376170528,-0.00026145242796443414,0,0
8.894,stage1,-0.0012645046376170528,-0.00026145242796443414,0,0
8.895,stage1,-0.0012645046376170528,-0.00026145242796443414,0,0
8.896,stage1,-0.0012645046376170528,-0.00026145242796443414,0,0
8.897,stage1,-0.0012645046376170528,-0.00026145242796443414,0,0
8.898,stage1,-0.0012645046376170528,-0.00026145242796443414,0,0
8.899,stage1,-0.0012645046376170528,-0.00026145242796443414,0,0
8.9,stage1,-0.0012659605176905443,-3.0547897775476076e-05,0,0
8.901,stage1,-0.0012659605176905443,-3.0547897775476076e-05,0,0
8.902,stage1,-0.0012659605176905443,-3.0547897775476076e-05,0,0
8.903,stage1,-0.0012659605176905443,-3.0547897775476076e-05,0,0
8.904,stage1,-0.0012659605176905443,-3.0547897775476076e-05,0,0
8.905,stage1,-0.0012659605176905443,-3.0547897775476076e-05,0,0
8.906,stage1,-0.0012659605176905443,-3.0547897775476076e-05,0,0
8.907,stage1,-0.0012659605176905443,-3.0547897775476076e-05,0,0
8.908,stage1,-0.0012659605176905443,-3.0547897775476076e-05,0,0
8.909,stage1,-0.0012659605176905443,-3.0547897775476076e-05,0,0
8.91,stage1,-0.001265132254267105,0.000195367315347294,0,0
8.911,stage1,-0.001265132254267105,0.000195367315347294,0,0
8.912,stage1,-0.001265132254267105,0.000195367315347294,0,0
8.913,stage1,-0.001265132254267105,0.000195367315347294,0,0
8.914,stage1,-0.001265132254267105,0.000195367315347294,0,0
8.915,stage1,-0.001265132254267105,0.000195367315347294,0,0
8.916,stage1,-0.001265132254267105,0.000195367315347294,0,0
8.917,stage1,-0.001265132254267105,0.000195367315347294,0,0
8.918,stage1,-0.001265132254267105,0.000195367315347294,0,0
8.919,stage1,-0.001265132254267105,0.000195367315347294,0,0
8.92,stage1,-0.0012620700022129292,0.00041624140415105244,0,0
8.921,stage1,-0.0012620700022129292,0.00041624140415105244,0,0
8.922,stage1,-0.0012620700022129292,0.00041624140415105244,0,0
8.923,stage1,-0.0012620700022129292,0.00041624140415105244,0,0
8.924,stage1,-0.0012620700022129292,0.00041624140415105244,0,0
8.925,stage1,-0.0012620700022129292,0.00041624140415105244,0,0
8.926,stage1,-0.0012620700022129292,0.00041624140415105244,0,0
8.927,stage1,-0.0012620700022129292,0.00041624140415105244,0,0
8.928,stage1,-0.0012620700022129292,0.00041624140415105244,0,0
8.929,stage1,-0.0012620700022129292,0.00041624140415105244,0,0
8.93,stage1,-0.0012568244185044903,0.0006320257522311905,0,0
8.931,stage1,-0.0012568244185044903,0.0006320257522311905,0,0
8.932,stage1,-0.0012568244185044903,0.0006320257522311905,0,0
8.933,stage1,-0.0012568244185044903,0.0006320257522311905,0,0
8.934,stage1,-0.0012568244185044903,0.0006320257522311905,0,0
8.935,stage1,-0.0012568244185044903,0.0006320257522311905,0,0
8.936,stage1,-0.0012568244185044903,0.0006320257522311905,0,0
8.937,stage1,-0.0012568244185044903,0.0006320257522311905,0,0
8.938,stage1,-0.0012568244185044903,0.0006320257522311905,0,0
8.939,stage1,-0.0012568244185044903,0.0006320257522311905,0,0
8.94,stage1,-0.0012494466303715642,0.0008426749234843788,0,0
8.941,stage1,-0.0012494466303715642,0.0008426749234843788,0,0
8.942,stage1,-0.0012494466303715642,0.0008426749234843788,0,0
8.943,stage1,-0.0012494466303715642,0.0008426749234843788,0,0
8.944,stage1,-0.0012494466303715642,0.0008426749234843788,0,0
8.945,stage1,-0.0012494466303715642,0.0008426749234843788,0,0
8.946,stage1,-0.0012494466303715642,0.0008426749234843788,0,0
8.947,stage1,-0.0012494466303715642,0.0008426749234843788,0,0
8.948,stage1,-0.0012494466303715642,0.0008426749234843788,0,0
8.949,stage1,-0.0012494466303715642,0.0008426749234843788,0,0
8.95,stage1,-0.0012399882035530655,0.0010481466500961184,0,0
8.951,stage1,-0.0012399882035530655,0.0010481466500961184,0,0
8.952,stage1,-0.0012399882035530655,0.0010481466500961184,0,0
8.953,stage1,-0.0012399882035530655,0.0010481466500961184,0,0
8.954,stage1,-0.0012399882035530655,0.0010481466500961184,0,0
8.955,stage1,-0.0012399882035530655,0.0010481466500961184,0,0
8.956,stage1,-0.0012399882035530655,0.0010481466500961184,0,0
8.957,stage1,-0.0012399882035530655,0.0010481466500961184,0,0
8.958,stage1,-0.0012399882035530655,0.0010481466500961184,0,0
8.959,stage1,-0.0012399882035530655,0.0010481466500961184,0,0
8.96,stage1,-0.00122850111068025,0.0012484018190836376,0,0
8.961,stage1,-0.00122850111068025,0.0012484018190836376,0,0
8.962,stage1,-0.00122850111068025,0.0012484018190836376,0,0
8.963,stage1,-0.00122850111068025,0.0012484018190836376,0,0
8.964,stage1,-0.00122850111068025,0.0012484018190836376,0,0
8.965,stage1,-0.00122850111068025,0.0012484018190836376,0,0
8.966,stage1,-0.00122850111068025,0.0012484018190836376,0,0
8.967,stage1,-0.00122850111068025,0.0012484018190836376,0,0
8.968,stage1,-0.00122850111068025,0.0012484018190836376,0,0
8.969,stage1,-0.00122850111068025,0.0012484018190836376,0,0
8.97,stage1,-0.0012150376998016229,0.0014434044574155051,0,0
8.971,stage1,-0.0012150376998016229,0.0014434044574155051,0,0
8.972,stage1,-0.0012150376998016229,0.0014434044574155051,0,0
8.973,stage1,-0.0012150376998016229,0.0014434044574155051,0,0
8.974,stage1,-0.0012150376998016229,0.0014434044574155051,0,0
8.975,stage1,-0.0012150376998016229,0.0014434044574155051,0,0
8.976,stage1,-0.0012150376998016229,0.0014434044574155051,0,0
8.977,stage1,-0.0012150376998016229,0.0014434044574155051,0,0
8.978,stage1,-0.0012150376998016229,0.0014434044574155051,0,0
8.979,stage1,-0.0012150376998016229,0.0014434044574155051,0,0
8.98,stage1,-0.0011996506630636747,0.0016331217157298178,0,0
8.981,stage1,-0.0011996506630636747,0.0016331217157298178,0,0
8.982,stage1,-0.0011996506630636747,0.0016331217157298178,0,0
8.983,stage1,-0.0011996506630636747,0.0016331217157298178,0,0
8.984,stage1,-0.0011996506630636747,0.0016331217157298178,0,0
8.985,stage1,-0.0011996506630636747,0.0016331217157298178,0,0
8.986,stage1,-0.0011996506630636747,0.0016331217157298178,0,0
8.987,stage1,-0.0011996506630636747,0.0016331217157298178,0,0
8.988,stage1,-0.0011996506630636747,0.0016331217157298178,0,0
8.989,stage1,-0.0011996506630636747,0.0016331217157298178,0,0
8.99,stage1,-0.0011823930055613512,0.0018175238506732976,0,0
8.991,stage1,-0.0011823930055613512,0.0018175238506732976,0,0
8.992,stage1,-0.0011823930055613512,0.0018175238506732976,0,0
8.993,stage1,-0.0011823930055613512,0.0018175238506732976,0,0
8.994,stage1,-0.0011823930055613512,0.0018175238506732976,0,0
8.995,stage1,-0.0011823930055613512,0.0018175238506732976,0,0
8.996,stage1,-0.0011823930055613512,0.0018175238506732976,0,0
8.997,stage1,-0.0011823930055613512,0.0018175238506732976,0,0
8.998,stage1,-0.0011823930055613512,0.0018175238506732976,0,0
8.999,stage1,-0.0011823930055613512,0.0018175238506732976,0,0
9.0,stage1,-0.001163318014371932,0.0019965842058840898,0,0
9.001,stage1,-0.001163318014371932,0.0019965842058840898,0,0
9.002,stage1,-0.001163318014371932,0.0019965842058840898,0,0
9.003,stage1,-0.001163318014371932,0.0019965842058840898,0,0
9.004,stage1,-0.001163318014371932,0.0019965842058840898,0,0
9.005,stage1,-0.001163318014371932,0.0019965842058840898,0,0
9.006,stage1,-0.001163318014371932,0.0019965842058840898,0,0
9.007,stage1,-0.001163318014371932,0.0019965842058840898,0,0
9.008,stage1,-0.001163318014371932,0.0019965842058840898,0,0
9.009,stage1,-0.001163318014371932,0.0019965842058840898,0,0
9.01,stage1,-0.0011424792277857667,0.0021702791916414993,0,0
9.011,stage1,-0.0011424792277857667,0.0021702791916414993,0,0
9.012,stage1,-0.0011424792277857667,0.0021702791916414993,0,0
9.013,stage1,-0.0011424792277857667,0.0021702791916414993,0,0
9.014,stage1,-0.0011424792277857667,0.0021702791916414993,0,0
9.015,stage1,-0.0011424792277857667,0.0021702791916414993,0,0
9.016,stage1,-0.0011424792277857667,0.0021702791916414993,0,0
9.017,stage1,-0.0011424792277857667,0.0021702791916414993,0,0
9.018,stage1,-0.0011424792277857667,0.0021702791916414993,0,0
9.019,stage1,-0.0011424792277857667,0.0021702791916414993,0,0
9.02,stage1,-0.001119930404747079,0.002338588263206329,0,0
9.021,stage1,-0.001119930404747079,0.002338588263206329,0,0
9.022,stage1,-0.001119930404747079,0.002338588263206329,0,0
9.023,stage1,-0.001119930404747079,0.002338588263206329,0,0
9.024,stage1,-0.001119930404747079,0.002338588263206329,0,0
9.025,stage1,-0.001119930404747079,0.002338588263206329,0,0
9.026,stage1,-0.001119930404747079,0.002338588263206329,0,0
9.027,stage1,-0.001119930404747079,0.002338588263206329,0,0
9.028,stage1,-0.001119930404747079,0.002338588263206329,0,0
9.029,stage1,-0.001119930404747079,0.002338588263206329,0,0
9.03,stage1,-0.0010957254945178165,0.0025014938978758913,0,0
9.031,stage1,-0.0010957254945178165,0.0025014938978758913,0,0
9.032,stage1,-0.0010957254945178165,0.0025014938978758913,0,0
9.033,stage1,-0.0010957254945178165,0.0025014938978758913,0,0
9.034,stage1,-0.0010957254945178165,0.0025014938978758913,0,0
9.035,stage1,-0.0010957254945178165,0.0025014938978758913,0,0
9.036,stage1,-0.0010957254945178165,0.0025014938978758913,0,0
9.037,stage1,-0.0010957254945178165,0.0025014938978758913,0,0
9.038,stage1,-0.0010957254945178165,0.0025014938978758913,0,0
9.039,stage1,-0.0010957254945178165,0.0025014938978758913,0,0
9.04,stage1,-0.0010699186065772728,0.0026589815707781634,0,0
9.041,stage1,-0.0010699186065772728,0.0026589815707781634,0,0
9.042,stage1,-0.0010699186065772728,0.0026589815707781634,0,0
9.043,stage1,-0.0010699186065772728,0.0026589815707781634,0,0
9.044,stage1,-0.0010699186065772728,0.0026589815707781634,0,0
9.045,stage1,-0.0010699186065772728,0.0026589815707781634,0,0
9.046,stage1,-0.0010699186065772728,0.0026589815707781634,0,0
9.047,stage1,-0.0010699186065772728,0.0026589815707781634,0,0
9.048,stage1,-0.0010699186065772728,0.0026589815707781634,0,0
9.049,stage1,-0.0010699186065772728,0.0026589815707781634,0,0
9.05,stage1,-0.00104256398076997,0.0028110397294299366,0,0
9.051,stage1,-0.00104256398076997,0.0028110397294299366,0,0
9.052,stage1,-0.00104256398076997,0.0028110397294299366,0,0
9.053,stage1,-0.00104256398076997,0.0028110397294299366,0,0
9.054,stage1,-0.00104256398076997,0.0028110397294299366,0,0
9.055,stage1,-0.00104256398076997,0.0028110397294299366,0,0
9.056,stage1,-0.00104256398076997,0.0028110397294299366,0,0
9.057,stage1,-0.00104256398076997,0.0028110397294299366,0,0
9.058,stage1,-0.00104256398076997,0.0028110397294299366,0,0
9.059,stage1,-0.00104256398076997,0.0028110397294299366,0,0
9.06,stage1,-0.0010137159577140356,0.002957659767084165,0,0
9.061,stage1,-0.0010137159577140356,0.002957659767084165,0,0
9.062,stage1,-0.0010137159577140356,0.002957659767084165,0,0
9.063,stage1,-0.0010137159577140356,0.002957659767084165,0,0
9.064,stage1,-0.0010137159577140356,0.002957659767084165,0,0
9.065,stage1,-0.0010137159577140356,0.002957659767084165,0,0
9.066,stage1,-0.0010137159577140356,0.002957659767084165,0,0
9.067,stage1,-0.0010137159577140356,0.002957659767084165,0,0
9.068,stage1,-0.0010137159577140356,0.002957659767084165,0,0
9.069,stage1,-0.0010137159577140356,0.002957659767084165,0,0
9.07,stage1,-0.0009834289494820513,0.0030988359948920744,0,0
9.071,stage1,-0.0009834289494820513,0.0030988359948920744,0,0
9.072,stage1,-0.0009834289494820513,0.0030988359948920744,0,0
9.073,stage1,-0.0009834289494820513,0.0030988359948920744,0,0
9.074,stage1,-0.0009834289494820513,0.0030988359948920744,0,0
9.075,stage1,-0.0009834289494820513,0.0030988359948920744,0,0
9.076,stage1,-0.0009834289494820513,0.0030988359948920744,0,0
9.077,stage1,-0.0009834289494820513,0.0030988359948920744,0,0
9.078,stage1,-0.0009834289494820513,0.0030988359948920744,0,0
9.079,stage1,-0.0009834289494820513,0.0030988359948920744,0,0
9.08,stage1,-0.0009517574105661016,0.0032345656129059166,0,0
9.081,stage1,-0.0009517574105661016,0.0032345656129059166,0,0
9.082,stage1,-0.0009517574105661016,0.0032345656129059166,0,0
9.083,stage1,-0.0009517574105661016,0.0032345656129059166,0,0
9.084,stage1,-0.0009517574105661016,0.0032345656129059166,0,0
9.085,stage1,-0.0009517574105661016,0.0032345656129059166,0,0
9.086,stage1,-0.0009517574105661016,0.0032345656129059166,0,0
9.087,stage1,-0.0009517574105661016,0.0032345656129059166,0,0
9.088,stage1,-0.0009517574105661016,0.0032345656129059166,0,0
9.089,stage1,-0.0009517574105661016,0.0032345656129059166,0,0
9.09,stage1,-0.0009187558091384803,0.0033648486799485694,0,0
9.091,stage1,-0.0009187558091384803,0.0033648486799485694,0,0
9.092,stage1,-0.0009187558091384803,0.0033648486799485694,0,0
9.093,stage1,-0.0009187558091384803,0.0033648486799485694,0,0
9.094,stage1,-0.0009187558091384803,0.0033648486799485694,0,0
9.095,stage1,-0.0009187558091384803,0.0033648486799485694,0,0
9.096,stage1,-0.0009187558091384803,0.0033648486799485694,0,0
9.097,stage1,-0.0009187558091384803,0.0033648486799485694,0,0
9.098,stage1,-0.0009187558091384803,0.0033648486799485694,0,0
9.099,stage1,-0.0009187558091384803,0.0033648486799485694,0,0
9.1,stage1,-0.0008844785986192581,0.003489688082376485,0,0
9.101,stage1,-0.0008844785986192581,0.003489688082376485,0,0
9.102,stage1,-0.0008844785986192581,0.003489688082376485,0,0
9.103,stage1,-0.0008844785986192581,0.003489688082376485,0,0
9.104,stage1,-0.0008844785986192581,0.003489688082376485,0,0
9.105,stage1,-0.0008844785986192581,0.003489688082376485,0,0
9.106,stage1,-0.0008844785986192581,0.003489688082376485,0,0
9.107,stage1,-0.0008844785986192581,0.003489688082376485,0,0
9.108,stage1,-0.0008844785986192581,0.003489688082376485,0,0
9.109,stage1,-0.0008844785986192581,0.003489688082376485,0,0
9.11,stage1,-0.0008489801895616412,0.0036090895017627618,0,0
9.111,stage1,-0.0008489801895616412,0.0036090895017627618,0,0
9.112,stage1,-0.0008489801895616412,0.0036090895017627618,0,0
9.113,stage1,-0.0008489801895616412,0.0036090895017627618,0,0
9.114,stage1,-0.0008489801895616412,0.0036090895017627618,0,0
9.115,stage1,-0.0008489801895616412,0.0036090895017627618,0,0
9.116,stage1,-0.0008489801895616412,0.0036090895017627618,0,0
9.117,stage1,-0.0008489801895616412,0.0036090895017627618,0,0
9.118,stage1,-0.0008489801895616412,0.0036090895017627618,0,0
9.119,stage1,-0.0008489801895616412,0.0036090895017627618,0,0
9.12,stage1,-0.000812314921865787,0.003723061381527391,0,0
9.121,stage1,-0.000812314921865787,0.003723061381527391,0,0
9.122,stage1,-0.000812314921865787,0.003723061381527391,0,0
9.123,stage1,-0.000812314921865787,0.003723061381527391,0,0
9.124,stage1,-0.000812314921865787,0.003723061381527391,0,0
9.125,stage1,-0.000812314921865787,0.003723061381527391,0,0
9.126,stage1,-0.000812314921865787,0.003723061381527391,0,0
9.127,stage1,-0.000812314921865787,0.003723061381527391,0,0
9.128,stage1,-0.000812314921865787,0.003723061381527391,0,0
9.129,stage1,-0.000812314921865787,0.003723061381527391,0,0
9.13,stage1,-0.0007745370373314671,0.0038316148925419714,0,0
9.131,stage1,-0.0007745370373314671,0.0038316148925419714,0,0
9.132,stage1,-0.0007745370373314671,0.0038316148925419714,0,0
9.133,stage1,-0.0007745370373314671,0.0038316148925419714,0,0
9.134,stage1,-0.0007745370373314671,0.0038316148925419714,0,0
9.135,stage1,-0.0007745370373314671,0.0038316148925419714,0,0
9.136,stage1,-0.0007745370373314671,0.0038316148925419714,0,0
9.137,stage1,-0.0007745370373314671,0.0038316148925419714,0,0
9.138,stage1,-0.0007745370373314671,0.0038316148925419714,0,0
9.139,stage1,-0.0007745370373314671,0.0038316148925419714,0,0
9.14,stage1,-0.0007357006525596957,0.003934763897736422,0,0
9.141,stage1,-0.0007357006525596957,0.003934763897736422,0,0
9.142,stage1,-0.0007357006525596957,0.003934763897736422,0,0
9.143,stage1,-0.0007357006525596957,0.003934763897736422,0,0
9.144,stage1,-0.0007357006525596957,0.003934763897736422,0,0
9.145,stage1,-0.0007357006525596957,0.003934763897736422,0,0
9.146,stage1,-0.0007357006525596957,0.003934763897736422,0,0
9.147,stage1,-0.0007357006525596957,0.003934763897736422,0,0
9.148,stage1,-0.0007357006525596957,0.003934763897736422,0,0
9.149,stage1,-0.0007357006525596957,0.003934763897736422,0,0
9.15,stage1,-0.0006958597322131666,0.004032524915735437,0,0
9.151,stage1,-0.0006958597322131666,0.004032524915735437,0,0
9.152,stage1,-0.0006958597322131666,0.004032524915735437,0,0
9.153,stage1,-0.0006958597322131666,0.004032524915735437,0,0
9.154,stage1,-0.0006958597322131666,0.004032524915735437,0,0
9.155,stage1,-0.0006958597322131666,0.004032524915735437,0,0
9.156,stage1,-0.0006958597322131666,0.004032524915735437,0,0
9.157,stage1,-0.0006958597322131666,0.004032524915735437,0,0
9.158,stage1,-0.0006958597322131666,0.004032524915735437,0,0
9.159,stage1,-0.0006958597322131666,0.004032524915735437,0,0
9.16,stage1,-0.0006550680626450592,0.00412491708355264,0,0
9.161,stage1,-0.0006550680626450592,0.00412491708355264,0,0
9.162,stage1,-0.0006550680626450592,0.00412491708355264,0,0
9.163,stage1,-0.0006550680626450592,0.00412491708355264,0,0
9.164,stage1,-0.0006550680626450592,0.00412491708355264,0,0
9.165,stage1,-0.0006550680626450592,0.00412491708355264,0,0
9.166,stage1,-0.0006550680626450592,0.00412491708355264,0,0
9.167,stage1,-0.0006550680626450592,0.00412491708355264,0,0
9.168,stage1,-0.0006550680626450592,0.00412491708355264,0,0
9.169,stage1,-0.0006550680626450592,0.00412491708355264,0,0
9.17,stage1,-0.0006133792259054984,0.0042119621183705535,0,0
9.171,stage1,-0.0006133792259054984,0.0042119621183705535,0,0
9.172,stage1,-0.0006133792259054984,0.0042119621183705535,0,0
9.173,stage1,-0.0006133792259054984,0.0042119621183705535,0,0
9.174,stage1,-0.0006133792259054984,0.0042119621183705535,0,0
9.175,stage1,-0.0006133792259054984,0.0042119621183705535,0,0
9.176,stage1,-0.0006133792259054984,0.0042119621183705535,0,0
9.177,stage1,-0.0006133792259054984,0.0042119621183705535,0,0
9.178,stage1,-0.0006133792259054984,0.0042119621183705535,0,0
9.179,stage1,-0.0006133792259054984,0.0042119621183705535,0,0
9.18,stage1,-0.0005708465741346662,0.004293684278434706,0,0
9.181,stage1,-0.0005708465741346662,0.004293684278434706,0,0
9.182,stage1,-0.0005708465741346662,0.004293684278434706,0,0
9.183,stage1,-0.0005708465741346662,0.004293684278434706,0,0
9.184,stage1,-0.0005708465741346662,0.004293684278434706,0,0
9.185,stage1,-0.0005708465741346662,0.004293684278434706,0,0
9.186,stage1,-0.0005708465741346662,0.004293684278434706,0,0
9.187,stage1,-0.0005708465741346662,0.004293684278434706,0,0
9.188,stage1,-0.0005708465741346662,0.004293684278434706,0,0
9.189,stage1,-0.0005708465741346662,0.004293684278434706,0,0
9.19,stage1,-0.0005275232043512851,0.004370110323090322,0,0
9.191,stage1,-0.0005275232043512851,0.004370110323090322,0,0
9.192,stage1,-0.0005275232043512851,0.004370110323090322,0,0
9.193,stage1,-0.0005275232043512851,0.004370110323090322,0,0
9.194,stage1,-0.0005275232043512851,0.004370110323090322,0,0
9.195,stage1,-0.0005275232043512851,0.004370110323090322,0,0
9.196,stage1,-0.0005275232043512851,0.004370110323090322,0,0
9.197,stage1,-0.0005275232043512851,0.004370110323090322,0,0
9.198,stage1,-0.0005275232043512851,0.004370110323090322,0,0
9.199,stage1,-0.0005275232043512851,0.004370110323090322,0,0
9.2,stage1,-0.000483461933644901,0.004441269471990192,0,0
9.201,stage1,-0.000483461933644901,0.004441269471990192,0,0
9.202,stage1,-0.000483461933644901,0.004441269471990192,0,0
9.203,stage1,-0.000483461933644901,0.004441269471990192,0,0
9.204,stage1,-0.000483461933644901,0.004441269471990192,0,0
9.205,stage1,-0.000483461933644901,0.004441269471990192,0,0
9.206,stage1,-0.000483461933644901,0.004441269471990192,0,0
9.207,stage1,-0.000483461933644901,0.004441269471990192,0,0
9.208,stage1,-0.000483461933644901,0.004441269471990192,0,0
9.209,stage1,-0.000483461933644901,0.004441269471990192,0,0
9.21,stage1,-0.00043871527478011175,0.004507193363502444,0,0
9.211,stage1,-0.00043871527478011175,0.004507193363502444,0,0
9.212,stage1,-0.00043871527478011175,0.004507193363502444,0,0
9.213,stage1,-0.00043871527478011175,0.004507193363502444,0,0
9.214,stage1,-0.00043871527478011175,0.004507193363502444,0,0
9.215,stage1,-0.00043871527478011175,0.004507193363502444,0,0
9.216,stage1,-0.00043871527478011175,0.004507193363502444,0,0
9.217,stage1,-0.00043871527478011175,0.004507193363502444,0,0
9.218,stage1,-0.00043871527478011175,0.004507193363502444,0,0
9.219,stage1,-0.00043871527478011175,0.004507193363502444,0,0
9.22,stage1,-0.0003933354122205997,0.0045679160123470374,0,0
9.221,stage1,-0.0003933354122205997,0.0045679160123470374,0,0
9.222,stage1,-0.0003933354122205997,0.0045679160123470374,0,0
9.223,stage1,-0.0003933354122205997,0.0045679160123470374,0,0
9.224,stage1,-0.0003933354122205997,0.0045679160123470374,0,0
9.225,stage1,-0.0003933354122205997,0.0045679160123470374,0,0
9.226,stage1,-0.0003933354122205997,0.0045679160123470374,0,0
9.227,stage1,-0.0003933354122205997,0.0045679160123470374,0,0
9.228,stage1,-0.0003933354122205997,0.0045679160123470374,0,0
9.229,stage1,-0.0003933354122205997,0.0045679160123470374,0,0
9.23,stage1,-0.00034737417858053373,0.004623473766489898,0,0
9.231,stage1,-0.00034737417858053373,0.004623473766489898,0,0
9.232,stage1,-0.00034737417858053373,0.004623473766489898,0,0
9.233,stage1,-0.00034737417858053373,0.004623473766489898,0,0
9.234,stage1,-0.00034737417858053373,0.004623473766489898,0,0
9.235,stage1,-0.00034737417858053373,0.004623473766489898,0,0
9.236,stage1,-0.00034737417858053373,0.004623473766489898,0,0
9.237,stage1,-0.00034737417858053373,0.004623473766489898,0,0
9.238,stage1,-0.00034737417858053373,0.004623473766489898,0,0
9.239,stage1,-0.00034737417858053373,0.004623473766489898,0,0
9.24,stage1,-0.0003008830315106218,0.004673905263323685,0,0
9.241,stage1,-0.0003008830315106218,0.004673905263323685,0,0
9.242,stage1,-0.0003008830315106218,0.004673905263323685,0,0
9.243,stage1,-0.0003008830315106218,0.004673905263323685,0,0
9.244,stage1,-0.0003008830315106218,0.004673905263323685,0,0
9.245,stage1,-0.0003008830315106218,0.004673905263323685,0,0
9.246,stage1,-0.0003008830315106218,0.004673905263323685,0,0
9.247,stage1,-0.0003008830315106218,0.004673905263323685,0,0
9.248,stage1,-0.0003008830315106218,0.004673905263323685,0,0
9.249,stage1,-0.0003008830315106218,0.004673905263323685,0,0
9.25,stage1,-0.0002539130310258013,0.004719251385164246,0,0
9.251,stage1,-0.0002539130310258013,0.004719251385164246,0,0
9.252,stage1,-0.0002539130310258013,0.004719251385164246,0,0
9.253,stage1,-0.0002539130310258013,0.004719251385164246,0,0
9.254,stage1,-0.0002539130310258013,0.004719251385164246,0,0
9.255,stage1,-0.0002539130310258013,0.004719251385164246,0,0
9.256,stage1,-0.0002539130310258013,0.004719251385164246,0,0
9.257,stage1,-0.0002539130310258013,0.004719251385164246,0,0
9.258,stage1,-0.0002539130310258013,0.004719251385164246,0,0
9.259,stage1,-0.0002539130310258013,0.004719251385164246,0,0
9.26,stage1,-0.00020651481728126505,0.004759555214091863,0,0
9.261,stage1,-0.00020651481728126505,0.004759555214091863,0,0
9.262,stage1,-0.00020651481728126505,0.004759555214091863,0,0
9.263,stage1,-0.00020651481728126505,0.004759555214091863,0,0
9.264,stage1,-0.00020651481728126505,0.004759555214091863,0,0
9.265,stage1,-0.00020651481728126505,0.004759555214091863,0,0
9.266,stage1,-0.00020651481728126505,0.004759555214091863,0,0
9.267,stage1,-0.00020651481728126505,0.004759555214091863,0,0
9.268,stage1,-0.00020651481728126505,0.004759555214091863,0,0
9.269,stage1,-0.00020651481728126505,0.004759555214091863,0,0
9.27,stage1,-0.00015873858880322955,0.004794861986166412,0,0
9.271,stage1,-0.00015873858880322955,0.004794861986166412,0,0
9.272,stage1,-0.00015873858880322955,0.004794861986166412,0,0
9.273,stage1,-0.00015873858880322955,0.004794861986166412,0,0
9.274,stage1,-0.00015873858880322955,0.004794861986166412,0,0
9.275,stage1,-0.00015873858880322955,0.004794861986166412,0,0
9.276,stage1,-0.00015873858880322955,0.004794861986166412,0,0
9.277,stage1,-0.00015873858880322955,0.004794861986166412,0,0
9.278,stage1,-0.00015873858880322955,0.004794861986166412,0,0
9.279,stage1,-0.00015873858880322955,0.004794861986166412,0,0
9.28,stage1,-0.00011063408118056059,0.004825219045045595,0,0
9.281,stage1,-0.00011063408118056059,0.004825219045045595,0,0
9.282,stage1,-0.00011063408118056059,0.004825219045045595,0,0
9.283,stage1,-0.00011063408118056059,0.004825219045045595,0,0
9.284,stage1,-0.00011063408118056059,0.004825219045045595,0,0
9.285,stage1,-0.00011063408118056059,0.004825219045045595,0,0
9.286,stage1,-0.00011063408118056059,0.004825219045045595,0,0
9.287,stage1,-0.00011063408118056059,0.004825219045045595,0,0
9.288,stage1,-0.00011063408118056059,0.004825219045045595,0,0
9.289,stage1,-0.00011063408118056059,0.004825219045045595,0,0
9.29,stage1,-6.22505462230797e-05,0.004850675795035389,0,0
9.291,stage1,-6.22505462230797e-05,0.004850675795035389,0,0
9.292,stage1,-6.22505462230797e-05,0.004850675795035389,0,0
9.293,stage1,-6.22505462230797e-05,0.004850675795035389,0,0
9.294,stage1,-6.22505462230797e-05,0.004850675795035389,0,0
9.295,stage1,-6.22505462230797e-05,0.004850675795035389,0,0
9.296,stage1,-6.22505462230797e-05,0.004850675795035389,0,0
9.297,stage1,-6.22505462230797e-05,0.004850675795035389,0,0
9.298,stage1,-6.22505462230797e-05,0.004850675795035389,0,0
9.299,stage1,-6.22505462230797e-05,0.004850675795035389,0,0
9.3,stage1,-1.3636731592083487e-05,0.004871283653601842,0,0
9.301,stage1,-1.3636731592083487e-05,0.004871283653601842,0,0
9.302,stage1,-1.3636731592083487e-05,0.004871283653601842,0,0
9.303,stage1,-1.3636731592083487e-05,0.004871283653601842,0,0
9.304,stage1,-1.3636731592083487e-05,0.004871283653601842,0,0
9.305,stage1,-1.3636731592083487e-05,0.004871283653601842,0,0
9.306,stage1,-1.3636731592083487e-05,0.004871283653601842,0,0
9.307,stage1,-1.3636731592083487e-05,0.004871283653601842,0,0
9.308,stage1,-1.3636731592083487e-05,0.004871283653601842,0,0
9.309,stage1,-1.3636731592083487e-05,0.004871283653601842,0,0
9.31,stage1,3.515913909168306e-05,0.0048870960033733455,0,0
9.311,stage1,3.515913909168306e-05,0.0048870960033733455,0,0
9.312,stage1,3.515913909168306e-05,0.0048870960033733455,0,0
9.313,stage1,3.515913909168306e-05,0.0048870960033733455,0,0
9.314,stage1,3.515913909168306e-05,0.0048870960033733455,0,0
9.315,stage1,3.515913909168306e-05,0.0048870960033733455,0,0
9.316,stage1,3.515913909168306e-05,0.0048870960033733455,0,0
9.317,stage1,3.515913909168306e-05,0.0048870960033733455,0,0
9.318,stage1,3.515913909168306e-05,0.0048870960033733455,0,0
9.319,stage1,3.515913909168306e-05,0.0048870960033733455,0,0
9.32,stage1,8.408938565764953e-05,0.004898168143662432,0,0
9.321,stage1,8.408938565764953e-05,0.004898168143662432,0,0
9.322,stage1,8.408938565764953e-05,0.004898168143662432,0,0
9.323,stage1,8.408938565764953e-05,0.004898168143662432,0,0
9.324,stage1,8.408938565764953e-05,0.004898168143662432,0,0
9.325,stage1,8.408938565764953e-05,0.004898168143662432,0,0
9.326,stage1,8.408938565764953e-05,0.004898168143662432,0,0
9.327,stage1,8.408938565764953e-05,0.004898168143662432,0,0
9.328,stage1,8.408938565764953e-05,0.004898168143662432,0,0
9.329,stage1,8.408938565764953e-05,0.004898168143662432,0,0
9.33,stage1,0.00013310689030797957,0.0049045572415361205,0,0
9.331,stage1,0.00013310689030797957,0.0049045572415361205,0,0
9.332,stage1,0.00013310689030797957,0.0049045572415361205,0,0
9.333,stage1,0.00013310689030797957,0.0049045572415361205,0,0
9.334,stage1,0.00013310689030797957,0.0049045572415361205,0,0
9.335,stage1,0.00013310689030797957,0.0049045572415361205,0,0
9.336,stage1,0.00013310689030797957,0.0049045572415361205,0,0
9.337,stage1,0.00013310689030797957,0.0049045572415361205,0,0
9.338,stage1,0.00013310689030797957,0.0049045572415361205,0,0
9.339,stage1,0.00013310689030797957,0.0049045572415361205,0,0
9.34,stage1,0.00018216511604869726,0.004906322282463751,0,0
9.341,stage1,0.00018216511604869726,0.004906322282463751,0,0
9.342,stage1,0.00018216511604869726,0.004906322282463751,0,0
9.343,stage1,0.00018216511604869726,0.004906322282463751,0,0
9.344,stage1,0.00018216511604869726,0.004906322282463751,0,0
9.345,stage1,0.00018216511604869726,0.004906322282463751,0,0
9.346,stage1,0.00018216511604869726,0.004906322282463751,0,0
9.347,stage1,0.00018216511604869726,0.004906322282463751,0,0
9.348,stage1,0.00018216511604869726,0.004906322282463751,0,0
9.349,stage1,0.00018216511604869726,0.004906322282463751,0,0
9.35,stage1,0.00023121812462529968,0.004903524020571178,0,0
9.351,stage1,0.00023121812462529968,0.004903524020571178,0,0
9.352,stage1,0.00023121812462529968,0.004903524020571178,0,0
9.353,stage1,0.00023121812462529968,0.004903524020571178,0,0
9.354,stage1,0.00023121812462529968,0.004903524020571178,0,0
9.355,stage1,0.00023121812462529968,0.004903524020571178,0,0
9.356,stage1,0.00023121812462529968,0.004903524020571178,0,0
9.357,stage1,0.00023121812462529968,0.004903524020571178,0,0
9.358,stage1,0.00023121812462529968,0.004903524020571178,0,0
9.359,stage1,0.00023121812462529968,0.004903524020571178,0,0
9.36,stage1,0.000280220593959063,0.004896224928530077,0,0
9.361,stage1,0.000280220593959063,0.004896224928530077,0,0
9.362,stage1,0.000280220593959063,0.004896224928530077,0,0
9.363,stage1,0.000280220593959063,0.004896224928530077,0,0
9.364,stage1,0.000280220593959063,0.004896224928530077,0,0
9.365,stage1,0.000280220593959063,0.004896224928530077,0,0
9.366,stage1,0.000280220593959063,0.004896224928530077,0,0
9.367,stage1,0.000280220593959063,0.004896224928530077,0,0
9.368,stage1,0.000280220593959063,0.004896224928530077,0,0
9.369,stage1,0.000280220593959063,0.004896224928530077,0,0
9.37,stage1,0.0003291278350805368,0.004884489147111023,0,0
9.371,stage1,0.0003291278350805368,0.004884489147111023,0,0
9.372,stage1,0.0003291278350805368,0.004884489147111023,0,0
9.373,stage1,0.0003291278350805368,0.004884489147111023,0,0
9.374,stage1,0.0003291278350805368,0.004884489147111023,0,0
9.375,stage1,0.0003291278350805368,0.004884489147111023,0,0
9.376,stage1,0.0003291278350805368,0.004884489147111023,0,0
9.377,stage1,0.0003291278350805368,0.004884489147111023,0,0
9.378,stage1,0.0003291278350805368,0.004884489147111023,0,0
9.379,stage1,0.0003291278350805368,0.004884489147111023,0,0
9.38,stage1,0.0003778958085570069,0.004868382434428877,0,0
9.381,stage1,0.0003778958085570069,0.004868382434428877,0,0
9.382,stage1,0.0003778958085570069,0.004868382434428877,0,0
9.383,stage1,0.0003778958085570069,0.004868382434428877,0,0
9.384,stage1,0.0003778958085570069,0.004868382434428877,0,0
9.385,stage1,0.0003778958085570069,0.004868382434428877,0,0
9.386,stage1,0.0003778958085570069,0.004868382434428877,0,0
9.387,stage1,0.0003778958085570069,0.004868382434428877,0,0
9.388,stage1,0.0003778958085570069,0.004868382434428877,0,0
9.389,stage1,0.0003778958085570069,0.004868382434428877,0,0
9.39,stage1,0.0004264811404109921,0.0048479721149088766,0,0
9.391,stage1,0.0004264811404109921,0.0048479721149088766,0,0
9.392,stage1,0.0004264811404109921,0.0048479721149088766,0,0
9.393,stage1,0.0004264811404109921,0.0048479721149088766,0,0
9.394,stage1,0.0004264811404109921,0.0048479721149088766,0,0
9.395,stage1,0.0004264811404109921,0.0048479721149088766,0,0
9.396,stage1,0.0004264811404109921,0.0048479721149088766,0,0
9.397,stage1,0.0004264811404109921,0.0048479721149088766,0,0
9.398,stage1,0.0004264811404109921,0.0048479721149088766,0,0
9.399,stage1,0.0004264811404109921,0.0048479721149088766,0,0
9.4,stage1,0.0004748411375271232,0.004823327028001676,0,0
9.401,stage1,0.0004748411375271232,0.004823327028001676,0,0
9.402,stage1,0.0004748411375271232,0.004823327028001676,0,0
9.403,stage1,0.0004748411375271232,0.004823327028001676,0,0
9.404,stage1,0.0004748411375271232,0.004823327028001676,0,0
9.405,stage1,0.0004748411375271232,0.004823327028001676,0,0
9.406,stage1,0.0004748411375271232,0.004823327028001676,0,0
9.407,stage1,0.0004748411375271232,0.004823327028001676,0,0
9.408,stage1,0.0004748411375271232,0.004823327028001676,0,0
9.409,stage1,0.0004748411375271232,0.004823327028001676,0,0
9.41,stage1,0.000522933802545034,0.004794517476675423,0,0
9.411,stage1,0.000522933802545034,0.004794517476675423,0,0
9.412,stage1,0.000522933802545034,0.004794517476675423,0,0
9.413,stage1,0.000522933802545034,0.004794517476675423,0,0
9.414,stage1,0.000522933802545034,0.004794517476675423,0,0
9.415,stage1,0.000522933802545034,0.004794517476675423,0,0
9.416,stage1,0.000522933802545034,0.004794517476675423,0,0
9.417,stage1,0.000522933802545034,0.004794517476675423,0,0
9.418,stage1,0.000522933802545034,0.004794517476675423,0,0
9.419,stage1,0.000522933802545034,0.004794517476675423,0,0
9.42,stage1,0.0005707178482361749,0.004761615175712789,0,0
9.421,stage1,0.0005707178482361749,0.004761615175712789,0,0
9.422,stage1,0.0005707178482361749,0.004761615175712789,0,0
9.423,stage1,0.0005707178482361749,0.004761615175712789,0,0
9.424,stage1,0.0005707178482361749,0.004761615175712789,0,0
9.425,stage1,0.0005707178482361749,0.004761615175712789,0,0
9.426,stage1,0.0005707178482361749,0.004761615175712789,0,0
9.427,stage1,0.0005707178482361749,0.004761615175712789,0,0
9.428,stage1,0.0005707178482361749,0.004761615175712789,0,0
9.429,stage1,0.0005707178482361749,0.004761615175712789,0,0
9.43,stage1,0.0006181527113627373,0.004724693199840687,0,0
9.431,stage1,0.0006181527113627373,0.004724693199840687,0,0
9.432,stage1,0.0006181527113627373,0.004724693199840687,0,0
9.433,stage1,0.0006181527113627373,0.004724693199840687,0,0
9.434,stage1,0.0006181527113627373,0.004724693199840687,0,0
9.435,stage1,0.0006181527113627373,0.004724693199840687,0,0
9.436,stage1,0.0006181527113627373,0.004724693199840687,0,0
9.437,stage1,0.0006181527113627373,0.004724693199840687,0,0
9.438,stage1,0.0006181527113627373,0.004724693199840687,0,0
9.439,stage1,0.0006181527113627373,0.004724693199840687,0,0
9.44,stage1,0.0006651985660171535,0.004683825931720188,0,0
9.441,stage1,0.0006651985660171535,0.004683825931720188,0,0
9.442,stage1,0.0006651985660171535,0.004683825931720188,0,0
9.443,stage1,0.0006651985660171535,0.004683825931720188,0,0
9.444,stage1,0.0006651985660171535,0.004683825931720188,0,0
9.445,stage1,0.0006651985660171535,0.004683825931720188,0,0
9.446,stage1,0.0006651985660171535,0.004683825931720188,0,0
9.447,stage1,0.0006651985660171535,0.004683825931720188,0,0
9.448,stage1,0.0006651985660171535,0.004683825931720188,0,0
9.449,stage1,0.0006651985660171535,0.004683825931720188,0,0
9.45,stage1,0.0007118163364409097,0.004639089009823986,0,0
9.451,stage1,0.0007118163364409097,0.004639089009823986,0,0
9.452,stage1,0.0007118163364409097,0.004639089009823986,0,0
9.453,stage1,0.0007118163364409097,0.004639089009823986,0,0
9.454,stage1,0.0007118163364409097,0.004639089009823986,0,0
9.455,stage1,0.0007118163364409097,0.004639089009823986,0,0
9.456,stage1,0.0007118163364409097,0.004639089009823986,0,0
9.457,stage1,0.0007118163364409097,0.004639089009823986,0,0
9.458,stage1,0.0007118163364409097,0.004639089009823986,0,0
9.459,stage1,0.0007118163364409097,0.004639089009823986,0,0
9.46,stage1,0.0007579677093216864,0.004590559276228488,0,0
9.461,stage1,0.0007579677093216864,0.004590559276228488,0,0
9.462,stage1,0.0007579677093216864,0.004590559276228488,0,0
9.463,stage1,0.0007579677093216864,0.004590559276228488,0,0
9.464,stage1,0.0007579677093216864,0.004590559276228488,0,0
9.465,stage1,0.0007579677093216864,0.004590559276228488,0,0
9.466,stage1,0.0007579677093216864,0.004590559276228488,0,0
9.467,stage1,0.0007579677093216864,0.004590559276228488,0,0
9.468,stage1,0.0007579677093216864,0.004590559276228488,0,0
9.469,stage1,0.0007579677093216864,0.004590559276228488,0,0
9.47,stage1,0.0008036151455681025,0.004538314724347413,0,0
9.471,stage1,0.0008036151455681025,0.004538314724347413,0,0
9.472,stage1,0.0008036151455681025,0.004538314724347413,0,0
9.473,stage1,0.0008036151455681025,0.004538314724347413,0,0
9.474,stage1,0.0008036151455681025,0.004538314724347413,0,0
9.475,stage1,0.0008036151455681025,0.004538314724347413,0,0
9.476,stage1,0.0008036151455681025,0.004538314724347413,0,0
9.477,stage1,0.0008036151455681025,0.004538314724347413,0,0
9.478,stage1,0.0008036151455681025,0.004538314724347413,0,0
9.479,stage1,0.0008036151455681025,0.004538314724347413,0,0
9.48,stage1,0.0008487218915616165,0.0044824344466335205,0,0
9.481,stage1,0.0008487218915616165,0.0044824344466335205,0,0
9.482,stage1,0.0008487218915616165,0.0044824344466335205,0,0
9.483,stage1,0.0008487218915616165,0.0044824344466335205,0,0
9.484,stage1,0.0008487218915616165,0.0044824344466335205,0,0
9.485,stage1,0.0008487218915616165,0.0044824344466335205,0,0
9.486,stage1,0.0008487218915616165,0.0044824344466335205,0,0
9.487,stage1,0.0008487218915616165,0.0044824344466335205,0,0
9.488,stage1,0.0008487218915616165,0.0044824344466335205,0,0
9.489,stage1,0.0008487218915616165,0.0044824344466335205,0,0
9.49,stage1,0.0008932519898853933,0.004422998582274847,0,0
9.491,stage1,0.0008932519898853933,0.004422998582274847,0,0
9.492,stage1,0.0008932519898853933,0.004422998582274847,0,0
9.493,stage1,0.0008932519898853933,0.004422998582274847,0,0
9.494,stage1,0.0008932519898853933,0.004422998582274847,0,0
9.495,stage1,0.0008932519898853933,0.004422998582274847,0,0
9.496,stage1,0.0008932519898853933,0.004422998582274847,0,0
9.497,stage1,0.0008932519898853933,0.004422998582274847,0,0
9.498,stage1,0.0008932519898853933,0.004422998582274847,0,0
9.499,stage1,0.0008932519898853933,0.004422998582274847,0,0
9.5,stage1,0.0009371702895302166,0.004360088264911552,0,0
9.501,stage1,0.0009371702895302166,0.004360088264911552,0,0
9.502,stage1,0.0009371702895302166,0.004360088264911552,0,0
9.503,stage1,0.0009371702895302166,0.004360088264911552,0,0
9.504,stage1,0.0009371702895302166,0.004360088264911552,0,0
9.505,stage1,0.0009371702895302166,0.004360088264911552,0,0
9.506,stage1,0.0009371702895302166,0.004360088264911552,0,0
9.507,stage1,0.0009371702895302166,0.004360088264911552,0,0
9.508,stage1,0.0009371702895302166,0.004360088264911552,0,0
9.509,stage1,0.0009371702895302166,0.004360088264911552,0,0
9.51,stage1,0.0009804424555777795,0.00429378557039921,0,0
9.511,stage1,0.0009804424555777795,0.00429378557039921,0,0
9.512,stage1,0.0009804424555777795,0.00429378557039921,0,0
9.513,stage1,0.0009804424555777795,0.00429378557039921,0,0
9.514,stage1,0.0009804424555777795,0.00429378557039921,0,0
9.515,stage1,0.0009804424555777795,0.00429378557039921,0,0
9.516,stage1,0.0009804424555777795,0.00429378557039921,0,0
9.517,stage1,0.0009804424555777795,0.00429378557039921,0,0
9.518,stage1,0.0009804424555777795,0.00429378557039921,0,0
9.519,stage1,0.0009804424555777795,0.00429378557039921,0,0
9.52,stage1,0.0010230349783619474,0.0042241734646441065,0,0
9.521,stage1,0.0010230349783619474,0.0042241734646441065,0,0
9.522,stage1,0.0010230349783619474,0.0042241734646441065,0,0
9.523,stage1,0.0010230349783619474,0.0042241734646441065,0,0
9.524,stage1,0.0010230349783619474,0.0042241734646441065,0,0
9.525,stage1,0.0010230349783619474,0.0042241734646441065,0,0
9.526,stage1,0.0010230349783619474,0.0042241734646441065,0,0
9.527,stage1,0.0010230349783619474,0.0042241734646441065,0,0
9.528,stage1,0.0010230349783619474,0.0042241734646441065,0,0
9.529,stage1,0.0010230349783619474,0.0042241734646441065,0,0
9.53,stage1,0.001064915182108839,0.004151335751535776,0,0
9.531,stage1,0.001064915182108839,0.004151335751535776,0,0
9.532,stage1,0.001064915182108839,0.004151335751535776,0,0
9.533,stage1,0.001064915182108839,0.004151335751535776,0,0
9.534,stage1,0.001064915182108839,0.004151335751535776,0,0
9.535,stage1,0.001064915182108839,0.004151335751535776,0,0
9.536,stage1,0.001064915182108839,0.004151335751535776,0,0
9.537,stage1,0.001064915182108839,0.004151335751535776,0,0
9.538,stage1,0.001064915182108839,0.004151335751535776,0,0
9.539,stage1,0.001064915182108839,0.004151335751535776,0,0
9.54,stage1,0.0011060512330568228,0.004075357021001752,0,0
9.541,stage1,0.0011060512330568228,0.004075357021001752,0,0
9.542,stage1,0.0011060512330568228,0.004075357021001752,0,0
9.543,stage1,0.0011060512330568228,0.004075357021001752,0,0
9.544,stage1,0.0011060512330568228,0.004075357021001752,0,0
9.545,stage1,0.0011060512330568228,0.004075357021001752,0,0
9.546,stage1,0.0011060512330568228,0.004075357021001752,0,0
9.547,stage1,0.0011060512330568228,0.004075357021001752,0,0
9.548,stage1,0.0011060512330568228,0.004075357021001752,0,0
9.549,stage1,0.0011060512330568228,0.004075357021001752,0,0
9.55,stage1,0.001146412147057776,0.003996322597209154,0,0
9.551,stage1,0.001146412147057776,0.003996322597209154,0,0
9.552,stage1,0.001146412147057776,0.003996322597209154,0,0
9.553,stage1,0.001146412147057776,0.003996322597209154,0,0
9.554,stage1,0.001146412147057776,0.003996322597209154,0,0
9.555,stage1,0.001146412147057776,0.003996322597209154,0,0
9.556,stage1,0.001146412147057776,0.003996322597209154,0,0
9.557,stage1,0.001146412147057776,0.003996322597209154,0,0
9.558,stage1,0.001146412147057776,0.003996322597209154,0,0
9.559,stage1,0.001146412147057776,0.003996322597209154,0,0
9.56,stage1,0.0011859677966611932,0.003914318486937427,0,0
9.561,stage1,0.0011859677966611932,0.003914318486937427,0,0
9.562,stage1,0.0011859677966611932,0.003914318486937427,0,0
9.563,stage1,0.0011859677966611932,0.003914318486937427,0,0
9.564,stage1,0.0011859677966611932,0.003914318486937427,0,0
9.565,stage1,0.0011859677966611932,0.003914318486937427,0,0
9.566,stage1,0.0011859677966611932,0.003914318486937427,0,0
9.567,stage1,0.0011859677966611932,0.003914318486937427,0,0
9.568,stage1,0.0011859677966611932,0.003914318486937427,0,0
9.569,stage1,0.0011859677966611932,0.003914318486937427,0,0
9.57,stage1,0.00122468891768298,0.003829431328146233,0,0
9.571,stage1,0.00122468891768298,0.003829431328146233,0,0
9.572,stage1,0.00122468891768298,0.003829431328146233,0,0
9.573,stage1,0.00122468891768298,0.003829431328146233,0,0
9.574,stage1,0.00122468891768298,0.003829431328146233,0,0
9.575,stage1,0.00122468891768298,0.003829431328146233,0,0
9.576,stage1,0.00122468891768298,0.003829431328146233,0,0
9.577,stage1,0.00122468891768298,0.003829431328146233,0,0
9.578,stage1,0.00122468891768298,0.003829431328146233,0,0
9.579,stage1,0.00122468891768298,0.003829431328146233,0,0
9.58,stage1,0.0012625471152609982,0.003741748338762114,0,0
9.581,stage1,0.0012625471152609982,0.003741748338762114,0,0
9.582,stage1,0.0012625471152609982,0.003741748338762114,0,0
9.583,stage1,0.0012625471152609982,0.003741748338762114,0,0
9.584,stage1,0.0012625471152609982,0.003741748338762114,0,0
9.585,stage1,0.0012625471152609982,0.003741748338762114,0,0
9.586,stage1,0.0012625471152609982,0.003741748338762114,0,0
9.587,stage1,0.0012625471152609982,0.003741748338762114,0,0
9.588,stage1,0.0012625471152609982,0.003741748338762114,0,0
9.589,stage1,0.0012625471152609982,0.003741748338762114,0,0
9.59,stage1,0.0012995148693996708,0.0036513572657072392,0,0
9.591,stage1,0.0012995148693996708,0.0036513572657072392,0,0
9.592,stage1,0.0012995148693996708,0.0036513572657072392,0,0
9.593,stage1,0.0012995148693996708,0.0036513572657072392,0,0
9.594,stage1,0.0012995148693996708,0.0036513572657072392,0,0
9.595,stage1,0.0012995148693996708,0.0036513572657072392,0,0
9.596,stage1,0.0012995148693996708,0.0036513572657072392,0,0
9.597,stage1,0.0012995148693996708,0.0036513572657072392,0,0
9.598,stage1,0.0012995148693996708,0.0036513572657072392,0,0
9.599,stage1,0.0012995148693996708,0.0036513572657072392,0,0
9.6,stage1,0.001335565540006179,0.0035583463341931788,0,0
9.601,stage1,0.001335565540006179,0.0035583463341931788,0,0
9.602,stage1,0.001335565540006179,0.0035583463341931788,0,0
9.603,stage1,0.001335565540006179,0.0035583463341931788,0,0
9.604,stage1,0.001335565540006179,0.0035583463341931788,0,0
9.605,stage1,0.001335565540006179,0.0035583463341931788,0,0
9.606,stage1,0.001335565540006179,0.0035583463341931788,0,0
9.607,stage1,0.001335565540006179,0.0035583463341931788,0,0
9.608,stage1,0.001335565540006179,0.0035583463341931788,0,0
9.609,stage1,0.001335565540006179,0.0035583463341931788,0,0
9.61,stage1,0.0013706733714210163,0.003462804197302263,0,0
9.611,stage1,0.0013706733714210163,0.003462804197302263,0,0
9.612,stage1,0.0013706733714210163,0.003462804197302263,0,0
9.613,stage1,0.0013706733714210163,0.003462804197302263,0,0
9.614,stage1,0.0013706733714210163,0.003462804197302263,0,0
9.615,stage1,0.0013706733714210163,0.003462804197302263,0,0
9.616,stage1,0.0013706733714210163,0.003462804197302263,0,0
9.617,stage1,0.0013706733714210163,0.003462804197302263,0,0
9.618,stage1,0.0013706733714210163,0.003462804197302263,0,0
9.619,stage1,0.0013706733714210163,0.003462804197302263,0,0
9.62,stage1,0.0014048134964458885,0.003364819885878747,0,0
9.621,stage1,0.0014048134964458885,0.003364819885878747,0,0
9.622,stage1,0.0014048134964458885,0.003364819885878747,0,0
9.623,stage1,0.0014048134964458885,0.003364819885878747,0,0
9.624,stage1,0.0014048134964458885,0.003364819885878747,0,0
9.625,stage1,0.0014048134964458885,0.003364819885878747,0,0
9.626,stage1,0.0014048134964458885,0.003364819885878747,0,0
9.627,stage1,0.0014048134964458885,0.003364819885878747,0,0
9.628,stage1,0.0014048134964458885,0.003364819885878747,0,0
9.629,stage1,0.0014048134964458885,0.003364819885878747,0,0
9.63,stage1,0.0014379619398721631,0.003264482758751599,0,0
9.631,stage1,0.0014379619398721631,0.003264482758751599,0,0
9.632,stage1,0.0014379619398721631,0.003264482758751599,0,0
9.633,stage1,0.0014379619398721631,0.003264482758751599,0,0
9.634,stage1,0.0014379619398721631,0.003264482758751599,0,0
9.635,stage1,0.0014379619398721631,0.003264482758751599,0,0
9.636,stage1,0.0014379619398721631,0.003264482758751599,0,0
9.637,stage1,0.0014379619398721631,0.003264482758751599,0,0
9.638,stage1,0.0014379619398721631,0.003264482758751599,0,0
9.639,stage1,0.0014379619398721631,0.003264482758751599,0,0
9.64,stage1,0.0014700956215132962,0.0031618824533103484,0,0
9.641,stage1,0.0014700956215132962,0.0031618824533103484,0,0
9.642,stage1,0.0014700956215132962,0.0031618824533103484,0,0
9.643,stage1,0.0014700956215132962,0.0031618824533103484,0,0
9.644,stage1,0.0014700956215132962,0.0031618824533103484,0,0
9.645,stage1,0.0014700956215132962,0.0031618824533103484,0,0
9.646,stage1,0.0014700956215132962,0.0031618824533103484,0,0
9.647,stage1,0.0014700956215132962,0.0031618824533103484,0,0
9.648,stage1,0.0014700956215132962,0.0031618824533103484,0,0
9.649,stage1,0.0014700956215132962,0.0031618824533103484,0,0
9.65,stage1,0.001501192358744869,0.003057108836455048,0,0
9.651,stage1,0.001501192358744869,0.003057108836455048,0,0
9.652,stage1,0.001501192358744869,0.003057108836455048,0,0
9.653,stage1,0.001501192358744869,0.003057108836455048,0,0
9.654,stage1,0.001501192358744869,0.003057108836455048,0,0
9.655,stage1,0.001501192358744869,0.003057108836455048,0,0
9.656,stage1,0.001501192358744869,0.003057108836455048,0,0
9.657,stage1,0.001501192358744869,0.003057108836455048,0,0
9.658,stage1,0.001501192358744869,0.003057108836455048,0,0
9.659,stage1,0.001501192358744869,0.003057108836455048,0,0
9.66,stage1,0.0015312308685560836,0.0029502519559409853,0,0
9.661,stage1,0.0015312308685560836,0.0029502519559409853,0,0
9.662,stage1,0.0015312308685560836,0.0029502519559409853,0,0
9.663,stage1,0.0015312308685560836,0.0029502519559409853,0,0
9.664,stage1,0.0015312308685560836,0.0029502519559409853,0,0
9.665,stage1,0.0015312308685560836,0.0029502519559409853,0,0
9.666,stage1,0.0015312308685560836,0.0029502519559409853,0,0
9.667,stage1,0.0015312308685560836,0.0029502519559409853,0,0
9.668,stage1,0.0015312308685560836,0.0029502519559409853,0,0
9.669,stage1,0.0015312308685560836,0.0029502519559409853,0,0
9.67,stage1,0.0015601907691167607,0.0028414019921384004,0,0
9.671,stage1,0.0015601907691167607,0.0028414019921384004,0,0
9.672,stage1,0.0015601907691167607,0.0028414019921384004,0,0
9.673,stage1,0.0015601907691167607,0.0028414019921384004,0,0
9.674,stage1,0.0015601907691167607,0.0028414019921384004,0,0
9.675,stage1,0.0015601907691167607,0.0028414019921384004,0,0
9.676,stage1,0.0015601907691167607,0.0028414019921384004,0,0
9.677,stage1,0.0015601907691167607,0.0028414019921384004,0,0
9.678,stage1,0.0015601907691167607,0.0028414019921384004,0,0
9.679,stage1,0.0015601907691167607,0.0028414019921384004,0,0
9.68,stage1,0.0015880525808640948,0.0027306492102270223,0,0
9.681,stage1,0.0015880525808640948,0.0027306492102270223,0,0
9.682,stage1,0.0015880525808640948,0.0027306492102270223,0,0
9.683,stage1,0.0015880525808640948,0.0027306492102270223,0,0
9.684,stage1,0.0015880525808640948,0.0027306492102270223,0,0
9.685,stage1,0.0015880525808640948,0.0027306492102270223,0,0
9.686,stage1,0.0015880525808640948,0.0027306492102270223,0,0
9.687,stage1,0.0015880525808640948,0.0027306492102270223,0,0
9.688,stage1,0.0015880525808640948,0.0027306492102270223,0,0
9.689,stage1,0.0015880525808640948,0.0027306492102270223,0,0
9.69,stage1,0.0016147977271136094,0.002618083912844851,0,0
9.691,stage1,0.0016147977271136094,0.002618083912844851,0,0
9.692,stage1,0.0016147977271136094,0.002618083912844851,0,0
9.693,stage1,0.0016147977271136094,0.002618083912844851,0,0
9.694,stage1,0.0016147977271136094,0.002618083912844851,0,0
9.695,stage1,0.0016147977271136094,0.002618083912844851,0,0
9.696,stage1,0.0016147977271136094,0.002618083912844851,0,0
9.697,stage1,0.0016147977271136094,0.002618083912844851,0,0
9.698,stage1,0.0016147977271136094,0.002618083912844851,0,0
9.699,stage1,0.0016147977271136094,0.002618083912844851,0,0
9.7,stage1,0.0016404085341989495,0.002503796393210168,0,0
9.701,stage1,0.0016404085341989495,0.002503796393210168,0,0
9.702,stage1,0.0016404085341989495,0.002503796393210168,0,0
9.703,stage1,0.0016404085341989495,0.002503796393210168,0,0
9.704,stage1,0.0016404085341989495,0.002503796393210168,0,0
9.705,stage1,0.0016404085341989495,0.002503796393210168,0,0
9.706,stage1,0.0016404085341989495,0.002503796393210168,0,0
9.707,stage1,0.0016404085341989495,0.002503796393210168,0,0
9.708,stage1,0.0016404085341989495,0.002503796393210168,0,0
9.709,stage1,0.0016404085341989495,0.002503796393210168,0,0
9.71,stage1,0.0016648682311453393,0.002387876888735337,0,0
9.711,stage1,0.0016648682311453393,0.002387876888735337,0,0
9.712,stage1,0.0016648682311453393,0.002387876888735337,0,0
9.713,stage1,0.0016648682311453393,0.002387876888735337,0,0
9.714,stage1,0.0016648682311453393,0.002387876888735337,0,0
9.715,stage1,0.0016648682311453393,0.002387876888735337,0,0
9.716,stage1,0.0016648682311453393,0.002387876888735337,0,0
9.717,stage1,0.0016648682311453393,0.002387876888735337,0,0
9.718,stage1,0.0016648682311453393,0.002387876888735337,0,0
9.719,stage1,0.0016648682311453393,0.002387876888735337,0,0
9.72,stage1,0.0016881609488817115,0.002270415535150532,0,0
9.721,stage1,0.0016881609488817115,0.002270415535150532,0,0
9.722,stage1,0.0016881609488817115,0.002270415535150532,0,0
9.723,stage1,0.0016881609488817115,0.002270415535150532,0,0
9.724,stage1,0.0016881609488817115,0.002270415535150532,0,0
9.725,stage1,0.0016881609488817115,0.002270415535150532,0,0
9.726,stage1,0.0016881609488817115,0.002270415535150532,0,0
9.727,stage1,0.0016881609488817115,0.002270415535150532,0,0
9.728,stage1,0.0016881609488817115,0.002270415535150532,0,0
9.729,stage1,0.0016881609488817115,0.002270415535150532,0,0
9.73,stage1,0.0017102717189966974,0.0021515023211550704,0,0
9.731,stage1,0.0017102717189966974,0.0021515023211550704,0,0
9.732,stage1,0.0017102717189966974,0.0021515023211550704,0,0
9.733,stage1,0.0017102717189966974,0.0021515023211550704,0,0
9.734,stage1,0.0017102717189966974,0.0021515023211550704,0,0
9.735,stage1,0.0017102717189966974,0.0021515023211550704,0,0
9.736,stage1,0.0017102717189966974,0.0021515023211550704,0,0
9.737,stage1,0.0017102717189966974,0.0021515023211550704,0,0
9.738,stage1,0.0017102717189966974,0.0021515023211550704,0,0
9.739,stage1,0.0017102717189966974,0.0021515023211550704,0,0
9.74,stage1,0.0017311864720438417,0.00203122704361362,0,0
9.741,stage1,0.0017311864720438417,0.00203122704361362,0,0
9.742,stage1,0.0017311864720438417,0.00203122704361362,0,0
9.743,stage1,0.0017311864720438417,0.00203122704361362,0,0
9.744,stage1,0.0017311864720438417,0.00203122704361362,0,0
9.745,stage1,0.0017311864720438417,0.00203122704361362,0,0
9.746,stage1,0.0017311864720438417,0.00203122704361362,0,0
9.747,stage1,0.0017311864720438417,0.00203122704361362,0,0
9.748,stage1,0.0017311864720438417,0.00203122704361362,0,0
9.749,stage1,0.0017311864720438417,0.00203122704361362,0,0
9.75,stage1,0.0017508920354015723,0.001909679263314067,0,0
9.751,stage1,0.0017508920354015723,0.001909679263314067,0,0
9.752,stage1,0.0017508920354015723,0.001909679263314067,0,0
9.753,stage1,0.0017508920354015723,0.001909679263314067,0,0
9.754,stage1,0.0017508920354015723,0.001909679263314067,0,0
9.755,stage1,0.0017508920354015723,0.001909679263314067,0,0
9.756,stage1,0.0017508920354015723,0.001909679263314067,0,0
9.757,stage1,0.0017508920354015723,0.001909679263314067,0,0
9.758,stage1,0.0017508920354015723,0.001909679263314067,0,0
9.759,stage1,0.0017508920354015723,0.001909679263314067,0,0
9.76,stage1,0.001769376130693626,0.0017869482613034097,0,0
9.761,stage1,0.001769376130693626,0.0017869482613034097,0,0
9.762,stage1,0.001769376130693626,0.0017869482613034097,0,0
9.763,stage1,0.001769376130693626,0.0017869482613034097,0,0
9.764,stage1,0.001769376130693626,0.0017869482613034097,0,0
9.765,stage1,0.001769376130693626,0.0017869482613034097,0,0
9.766,stage1,0.001769376130693626,0.0017869482613034097,0,0
9.767,stage1,0.001769376130693626,0.0017869482613034097,0,0
9.768,stage1,0.001769376130693626,0.0017869482613034097,0,0
9.769,stage1,0.001769376130693626,0.0017869482613034097,0,0
9.77,stage1,0.0017866273707757908,0.0016631229958175772,0,0
9.771,stage1,0.0017866273707757908,0.0016631229958175772,0,0
9.772,stage1,0.0017866273707757908,0.0016631229958175772,0,0
9.773,stage1,0.0017866273707757908,0.0016631229958175772,0,0
9.774,stage1,0.0017866273707757908,0.0016631229958175772,0,0
9.775,stage1,0.0017866273707757908,0.0016631229958175772,0,0
9.776,stage1,0.0017866273707757908,0.0016631229958175772,0,0
9.777,stage1,0.0017866273707757908,0.0016631229958175772,0,0
9.778,stage1,0.0017866273707757908,0.0016631229958175772,0,0
9.779,stage1,0.0017866273707757908,0.0016631229958175772,0,0
9.78,stage1,0.0018026352562949778,0.0015382920598206154,0,0
9.781,stage1,0.0018026352562949778,0.0015382920598206154,0,0
9.782,stage1,0.0018026352562949778,0.0015382920598206154,0,0
9.783,stage1,0.0018026352562949778,0.0015382920598206154,0,0
9.784,stage1,0.0018026352562949778,0.0015382920598206154,0,0
9.785,stage1,0.0018026352562949778,0.0015382920598206154,0,0
9.786,stage1,0.0018026352562949778,0.0015382920598206154,0,0
9.787,stage1,0.0018026352562949778,0.0015382920598206154,0,0
9.788,stage1,0.0018026352562949778,0.0015382920598206154,0,0
9.789,stage1,0.0018026352562949778,0.0015382920598206154,0,0
9.79,stage1,0.0018173901718267975,0.0014125436391682266,0,0
9.791,stage1,0.0018173901718267975,0.0014125436391682266,0,0
9.792,stage1,0.0018173901718267975,0.0014125436391682266,0,0
9.793,stage1,0.0018173901718267975,0.0014125436391682266,0,0
9.794,stage1,0.0018173901718267975,0.0014125436391682266,0,0
9.795,stage1,0.0018173901718267975,0.0014125436391682266,0,0
9.796,stage1,0.0018173901718267975,0.0014125436391682266,0,0
9.797,stage1,0.0018173901718267975,0.0014125436391682266,0,0
9.798,stage1,0.0018173901718267975,0.0014125436391682266,0,0
9.799,stage1,0.0018173901718267975,0.0014125436391682266,0,0
9.8,stage1,0.0018308833815979522,0.0012859654714101854,0,0
9.801,stage1,0.0018308833815979522,0.0012859654714101854,0,0
9.802,stage1,0.0018308833815979522,0.0012859654714101854,0,0
9.803,stage1,0.0018308833815979522,0.0012859654714101854,0,0
9.804,stage1,0.0018308833815979522,0.0012859654714101854,0,0
9.805,stage1,0.0018308833815979522,0.0012859654714101854,0,0
9.806,stage1,0.0018308833815979522,0.0012859654714101854,0,0
9.807,stage1,0.0018308833815979522,0.0012859654714101854,0,0
9.808,stage1,0.0018308833815979522,0.0012859654714101854,0,0
9.809,stage1,0.0018308833815979522,0.0012859654714101854,0,0
9.81,stage1,0.0018431070247999057,0.001158644805245685,0,0
9.811,stage1,0.0018431070247999057,0.001158644805245685,0,0
9.812,stage1,0.0018431070247999057,0.001158644805245685,0,0
9.813,stage1,0.0018431070247999057,0.001158644805245685,0,0
9.814,stage1,0.0018431070247999057,0.001158644805245685,0,0
9.815,stage1,0.0018431070247999057,0.001158644805245685,0,0
9.816,stage1,0.0018431070247999057,0.001158644805245685,0,0
9.817,stage1,0.0018431070247999057,0.001158644805245685,0,0
9.818,stage1,0.0018431070247999057,0.001158644805245685,0,0
9.819,stage1,0.0018431070247999057,0.001158644805245685,0,0
9.82,stage1,0.0018540541105004288,0.001030668360645207,0,0
9.821,stage1,0.0018540541105004288,0.001030668360645207,0,0
9.822,stage1,0.0018540541105004288,0.001030668360645207,0,0
9.823,stage1,0.0018540541105004288,0.001030668360645207,0,0
9.824,stage1,0.0018540541105004288,0.001030668360645207,0,0
9.825,stage1,0.0018540541105004288,0.001030668360645207,0,0
9.826,stage1,0.0018540541105004288,0.001030668360645207,0,0
9.827,stage1,0.0018540541105004288,0.001030668360645207,0,0
9.828,stage1,0.0018540541105004288,0.001030668360645207,0,0
9.829,stage1,0.0018540541105004288,0.001030668360645207,0,0
9.83,stage1,0.0018637185121597498,0.0009021222896520325,0,0
9.831,stage1,0.0018637185121597498,0.0009021222896520325,0,0
9.832,stage1,0.0018637185121597498,0.0009021222896520325,0,0
9.833,stage1,0.0018637185121597498,0.0009021222896520325,0,0
9.834,stage1,0.0018637185121597498,0.0009021222896520325,0,0
9.835,stage1,0.0018637185121597498,0.0009021222896520325,0,0
9.836,stage1,0.0018637185121597498,0.0009021222896520325,0,0
9.837,stage1,0.0018637185121597498,0.0009021222896520325,0,0
9.838,stage1,0.0018637185121597498,0.0009021222896520325,0,0
9.839,stage1,0.0018637185121597498,0.0009021222896520325,0,0
9.84,stage1,0.0018720949617581722,0.0007730921378760417,0,0
9.841,stage1,0.0018720949617581722,0.0007730921378760417,0,0
9.842,stage1,0.0018720949617581722,0.0007730921378760417,0,0
9.843,stage1,0.0018720949617581722,0.0007730921378760417,0,0
9.844,stage1,0.0018720949617581722,0.0007730921378760417,0,0
9.845,stage1,0.0018720949617581722,0.0007730921378760417,0,0
9.846,stage1,0.0018720949617581722,0.0007730921378760417,0,0
9.847,stage1,0.0018720949617581722,0.0007730921378760417,0,0
9.848,stage1,0.0018720949617581722,0.0007730921378760417,0,0
9.849,stage1,0.0018720949617581722,0.0007730921378760417,0,0
9.85,stage1,0.001879179043542142,0.0006436628066919816,0,0
9.851,stage1,0.001879179043542142,0.0006436628066919816,0,0
9.852,stage1,0.001879179043542142,0.0006436628066919816,0,0
9.853,stage1,0.001879179043542142,0.0006436628066919816,0,0
9.854,stage1,0.001879179043542142,0.0006436628066919816,0,0
9.855,stage1,0.001879179043542142,0.0006436628066919816,0,0
9.856,stage1,0.001879179043542142,0.0006436628066919816,0,0
9.857,stage1,0.001879179043542142,0.0006436628066919816,0,0
9.858,stage1,0.001879179043542142,0.0006436628066919816,0,0
9.859,stage1,0.001879179043542142,0.0006436628066919816,0,0
9.86,stage1,0.0018849671873958696,0.0005139185161538999,0,0
9.861,stage1,0.0018849671873958696,0.0005139185161538999,0,0
9.862,stage1,0.0018849671873958696,0.0005139185161538999,0,0
9.863,stage1,0.0018849671873958696,0.0005139185161538999,0,0
9.864,stage1,0.0018849671873958696,0.0005139185161538999,0,0
9.865,stage1,0.0018849671873958696,0.0005139185161538999,0,0
9.866,stage1,0.0018849671873958696,0.0005139185161538999,0,0
9.867,stage1,0.0018849671873958696,0.0005139185161538999,0,0
9.868,stage1,0.0018849671873958696,0.0005139185161538999,0,0
9.869,stage1,0.0018849671873958696,0.0005139185161538999,0,0
9.87,stage1,0.0018894566618457233,0.000383942768636973,0,0
9.871,stage1,0.0018894566618457233,0.000383942768636973,0,0
9.872,stage1,0.0018894566618457233,0.000383942768636973,0,0
9.873,stage1,0.0018894566618457233,0.000383942768636973,0,0
9.874,stage1,0.0018894566618457233,0.000383942768636973,0,0
9.875,stage1,0.0018894566618457233,0.000383942768636973,0,0
9.876,stage1,0.0018894566618457233,0.000383942768636973,0,0
9.877,stage1,0.0018894566618457233,0.000383942768636973,0,0
9.878,stage1,0.0018894566618457233,0.000383942768636973,0,0
9.879,stage1,0.0018894566618457233,0.000383942768636973,0,0
9.88,stage1,0.0018926455667047227,0.0002538183132174781,0,0
9.881,stage1,0.0018926455667047227,0.0002538183132174781,0,0
9.882,stage1,0.0018926455667047227,0.0002538183132174781,0,0
9.883,stage1,0.0018926455667047227,0.0002538183132174781,0,0
9.884,stage1,0.0018926455667047227,0.0002538183132174781,0,0
9.885,stage1,0.0018926455667047227,0.0002538183132174781,0,0
9.886,stage1,0.0018926455667047227,0.0002538183132174781,0,0
9.887,stage1,0.0018926455667047227,0.0002538183132174781,0,0
9.888,stage1,0.0018926455667047227,0.0002538183132174781,0,0
9.889,stage1,0.0018926455667047227,0.0002538183132174781,0,0
9.89,stage1,0.0018945328253645673,0.0001236271108011839,0,0
9.891,stage1,0.0018945328253645673,0.0001236271108011839,0,0
9.892,stage1,0.0018945328253645673,0.0001236271108011839,0,0
9.893,stage1,0.0018945328253645673,0.0001236271108011839,0,0
9.894,stage1,0.0018945328253645673,0.0001236271108011839,0,0
9.895,stage1,0.0018945328253645673,0.0001236271108011839,0,0
9.896,stage1,0.0018945328253645673,0.0001236271108011839,0,0
9.897,stage1,0.0018945328253645673,0.0001236271108011839,0,0
9.898,stage1,0.0018945328253645673,0.0001236271108011839,0,0
9.899,stage1,0.0018945328253645673,0.0001236271108011839,0,0
9.9,stage1,0.0018951181767427293,-6.5496999900438555e-06,0,0
9.901,stage1,0.0018951181767427293,-6.5496999900438555e-06,0,0
9.902,stage1,0.0018951181767427293,-6.5496999900438555e-06,0,0
9.903,stage1,0.0018951181767427293,-6.5496999900438555e-06,0,0
9.904,stage1,0.0018951181767427293,-6.5496999900438555e-06,0,0
9.905,stage1,0.0018951181767427293,-6.5496999900438555e-06,0,0
9.906,stage1,0.0018951181767427293,-6.5496999900438555e-06,0,0
9.907,stage1,0.0018951181767427293,-6.5496999900438555e-06,0,0
9.908,stage1,0.0018951181767427293,-6.5496999900438555e-06,0,0
9.909,stage1,0.0018951181767427293,-6.5496999900438555e-06,0,0
9.91,stage1,0.0018944021668922625,-0.00013663183615974324,0,0
9.911,stage1,0.0018944021668922625,-0.00013663183615974324,0,0
9.912,stage1,0.0018944021668922625,-0.00013663183615974324,0,0
9.913,stage1,0.0018944021668922625,-0.00013663183615974324,0,0
9.914,stage1,0.0018944021668922625,-0.00013663183615974324,0,0
9.915,stage1,0.0018944021668922625,-0.00013663183615974324,0,0
9.916,stage1,0.0018944021668922625,-0.00013663183615974324,0,0
9.917,stage1,0.0018944021668922625,-0.00013663183615974324,0,0
9.918,stage1,0.0018944021668922625,-0.00013663183615974324,0,0
9.919,stage1,0.0018944021668922625,-0.00013663183615974324,0,0
9.92,stage1,0.0018923861402820763,-0.0002665399029014826,0,0
9.921,stage1,0.0018923861402820763,-0.0002665399029014826,0,0
9.922,stage1,0.0018923861402820763,-0.0002665399029014826,0,0
9.923,stage1,0.0018923861402820763,-0.0002665399029014826,0,0
9.924,stage1,0.0018923861402820763,-0.0002665399029014826,0,0
9.925,stage1,0.0018923861402820763,-0.0002665399029014826,0,0
9.926,stage1,0.0018923861402820763,-0.0002665399029014826,0,0
9.927,stage1,0.0018923861402820763,-0.0002665399029014826,0,0
9.928,stage1,0.0018923861402820763,-0.0002665399029014826,0,0
9.929,stage1,0.0018923861402820763,-0.0002665399029014826,0,0
9.93,stage1,0.0018890722307554279,-0.0003961954253921548,0,0
9.931,stage1,0.0018890722307554279,-0.0003961954253921548,0,0
9.932,stage1,0.0018890722307554279,-0.0003961954253921548,0,0
9.933,stage1,0.0018890722307554279,-0.0003961954253921548,0,0
9.934,stage1,0.0018890722307554279,-0.0003961954253921548,0,0
9.935,stage1,0.0018890722307554279,-0.0003961954253921548,0,0
9.936,stage1,0.0018890722307554279,-0.0003961954253921548,0,0
9.937,stage1,0.0018890722307554279,-0.0003961954253921548,0,0
9.938,stage1,0.0018890722307554279,-0.0003961954253921548,0,0
9.939,stage1,0.0018890722307554279,-0.0003961954253921548,0,0
9.94,stage1,0.001884463352174447,-0.0005255208797859206,0,0
9.941,stage1,0.001884463352174447,-0.0005255208797859206,0,0
9.942,stage1,0.001884463352174447,-0.0005255208797859206,0,0
9.943,stage1,0.001884463352174447,-0.0005255208797859206,0,0
9.944,stage1,0.001884463352174447,-0.0005255208797859206,0,0
9.945,stage1,0.001884463352174447,-0.0005255208797859206,0,0
9.946,stage1,0.001884463352174447,-0.0005255208797859206,0,0
9.947,stage1,0.001884463352174447,-0.0005255208797859206,0,0
9.948,stage1,0.001884463352174447,-0.0005255208797859206,0,0
9.949,stage1,0.001884463352174447,-0.0005255208797859206,0,0
9.95,stage1,0.0018785631887587365,-0.0006544397234062348,0,0
9.951,stage1,0.0018785631887587365,-0.0006544397234062348,0,0
9.952,stage1,0.0018785631887587365,-0.0006544397234062348,0,0
9.953,stage1,0.0018785631887587365,-0.0006544397234062348,0,0
9.954,stage1,0.0018785631887587365,-0.0006544397234062348,0,0
9.955,stage1,0.0018785631887587365,-0.0006544397234062348,0,0
9.956,stage1,0.0018785631887587365,-0.0006544397234062348,0,0
9.957,stage1,0.0018785631887587365,-0.0006544397234062348,0,0
9.958,stage1,0.0018785631887587365,-0.0006544397234062348,0,0
9.959,stage1,0.0018785631887587365,-0.0006544397234062348,0,0
9.96,stage1,0.0018713761851260802,-0.000782876424130875,0,0
9.961,stage1,0.0018713761851260802,-0.000782876424130875,0,0
9.962,stage1,0.0018713761851260802,-0.000782876424130875,0,0
9.963,stage1,0.0018713761851260802,-0.000782876424130875,0,0
9.964,stage1,0.0018713761851260802,-0.000782876424130875,0,0
9.965,stage1,0.0018713761851260802,-0.000782876424130875,0,0
9.966,stage1,0.0018713761851260802,-0.000782876424130875,0,0
9.967,stage1,0.0018713761851260802,-0.000782876424130875,0,0
9.968,stage1,0.0018713761851260802,-0.000782876424130875,0,0
9.969,stage1,0.0018713761851260802,-0.000782876424130875,0,0
9.97,stage1,0.0018629075360433638,-0.0009107564889635018,0,0
9.971,stage1,0.0018629075360433638,-0.0009107564889635018,0,0
9.972,stage1,0.0018629075360433638,-0.0009107564889635018,0,0
9.973,stage1,0.0018629075360433638,-0.0009107564889635018,0,0
9.974,stage1,0.0018629075360433638,-0.0009107564889635018,0,0
9.975,stage1,0.0018629075360433638,-0.0009107564889635018,0,0
9.976,stage1,0.0018629075360433638,-0.0009107564889635018,0,0
9.977,stage1,0.0018629075360433638,-0.0009107564889635018,0,0
9.978,stage1,0.0018629075360433638,-0.0009107564889635018,0,0
9.979,stage1,0.0018629075360433638,-0.0009107564889635018,0,0
9.98,stage1,0.0018531631758958722,-0.0010380064917857516,0,0
9.981,stage1,0.0018531631758958722,-0.0010380064917857516,0,0
9.982,stage1,0.0018531631758958722,-0.0010380064917857516,0,0
9.983,stage1,0.0018531631758958722,-0.0010380064917857516,0,0
9.984,stage1,0.0018531631758958722,-0.0010380064917857516,0,0
9.985,stage1,0.0018531631758958722,-0.0010380064917857516,0,0
9.986,stage1,0.0018531631758958722,-0.0010380064917857516,0,0
9.987,stage1,0.0018531631758958722,-0.0010380064917857516,0,0
9.988,stage1,0.0018531631758958722,-0.0010380064917857516,0,0
9.989,stage1,0.0018531631758958722,-0.0010380064917857516,0,0
9.99,stage1,0.0018421497678831856,-0.0011645541002843307,0,0
9.991,stage1,0.0018421497678831856,-0.0011645541002843307,0,0
9.992,stage1,0.0018421497678831856,-0.0011645541002843307,0,0
9.993,stage1,0.0018421497678831856,-0.0011645541002843307,0,0
9.994,stage1,0.0018421497678831856,-0.0011645541002843307,0,0
9.995,stage1,0.0018421497678831856,-0.0011645541002843307,0,0
9.996,stage1,0.0018421497678831856,-0.0011645541002843307,0,0
9.997,stage1,0.0018421497678831856,-0.0011645541002843307,0,0
9.998,stage1,0.0018421497678831856,-0.0011645541002843307,0,0
9.999,stage1,0.0018421497678831856,-0.0011645541002843307,0,0
10.0,stage1,0.0018298746929499528,-0.0012903281020480478,0,0
