time,cruise_speed,sea_state,K_T,RPM,Thrust,cavitation_margin,resistance_margin,shaft_torsional_stress,thermal_margin,SFOC
0.0000,0.0000,2.0,0.180009,0.015236,0.000015,0.583293,0.333386,0.450066,0.366633,199.998672
0.1000,0.0300,2.0,0.180000,0.000000,0.000000,0.583333,0.333333,0.446295,0.366667,200.000000
0.2001,0.0600,2.0,0.180029,0.046707,0.000143,0.583211,0.333496,0.442886,0.366565,199.995928
0.3001,0.0900,2.0,0.180040,0.065321,0.000279,0.583162,0.333561,0.439443,0.366524,199.994305
0.4001,0.1200,2.0,0.180000,0.000000,0.000000,0.583333,0.333333,0.435721,0.366667,200.000000
0.5002,0.1501,2.0,0.180000,0.000000,0.000000,0.583333,0.333333,0.432369,0.366667,200.000000
0.6002,0.1801,2.0,0.180042,0.069625,0.000317,0.583151,0.333576,0.429403,0.366515,199.993930
0.7002,0.2101,2.0,0.180042,0.068151,0.000304,0.583155,0.333571,0.426208,0.366518,199.994058
0.8003,0.2401,2.0,0.180065,0.106668,0.000745,0.583054,0.333705,0.423266,0.366434,199.990700
0.9003,0.2701,2.0,0.180056,0.091181,0.000544,0.583095,0.333651,0.420166,0.366468,199.992050
1.0003,0.3001,2.0,0.180126,0.206873,0.002803,0.582792,0.334055,0.417712,0.366216,199.981964
1.1004,0.3301,2.0,0.180143,0.233574,0.003574,0.582722,0.334148,0.414944,0.366158,199.979636
1.2004,0.3601,2.0,0.180142,0.232444,0.003539,0.582725,0.334144,0.412125,0.366160,199.979735
1.3004,0.3901,2.0,0.180197,0.322606,0.006820,0.582490,0.334458,0.409774,0.365964,199.971874
1.4005,0.4201,2.0,0.180201,0.329332,0.007107,0.582472,0.334482,0.407126,0.365949,199.971288
1.5005,0.4502,2.0,0.180186,0.305281,0.006106,0.582535,0.334398,0.404411,0.366001,199.973384
1.6005,0.4802,2.0,0.180251,0.411519,0.011100,0.582257,0.334768,0.402328,0.365770,199.964122
1.7006,0.5102,2.0,0.180240,0.392486,0.010096,0.582307,0.334702,0.399762,0.365811,199.965781
1.8006,0.5402,2.0,0.180326,0.534184,0.018711,0.581936,0.335196,0.397958,0.365502,199.953428
1.9006,0.5702,2.0,0.180330,0.540048,0.019125,0.581921,0.335217,0.395622,0.365490,199.952916
2.0007,0.6002,2.0,0.180359,0.588005,0.022676,0.581795,0.335384,0.393528,0.365385,199.948735
2.1007,0.6302,2.0,0.180379,0.620295,0.025238,0.581711,0.335497,0.391422,0.365315,199.945920
2.2007,0.6602,2.0,0.180473,0.774923,0.039409,0.581307,0.336036,0.389905,0.364978,199.932439
2.3008,0.6902,2.0,0.180469,0.767854,0.038693,0.581325,0.336011,0.387737,0.364993,199.933055
2.4008,0.7202,2.0,0.180499,0.818251,0.043946,0.581193,0.336187,0.385872,0.364883,199.928662
2.5008,0.7503,2.0,0.180542,0.888421,0.051818,0.581010,0.336432,0.384145,0.364730,199.922544
2.6009,0.7803,2.0,0.180611,1.001248,0.065841,0.580715,0.336825,0.382655,0.364484,199.912707
2.7009,0.8103,2.0,0.180649,1.063726,0.074330,0.580551,0.337043,0.380993,0.364348,199.907260
2.8009,0.8403,2.0,0.180695,1.139100,0.085258,0.580354,0.337306,0.379436,0.364184,199.900689
2.9010,0.8703,2.0,0.180742,1.215176,0.097052,0.580155,0.337571,0.377928,0.364018,199.894056
3.0010,0.9003,2.0,0.180841,1.378023,0.124875,0.579729,0.338139,0.376844,0.363663,199.879859
3.1010,0.9303,2.0,0.180812,1.330033,0.116310,0.579855,0.337972,0.374886,0.363768,199.884042
3.2011,0.9603,2.0,0.180858,1.406236,0.130054,0.579655,0.338237,0.373511,0.363602,199.877399
3.3011,0.9903,2.0,0.180900,1.474710,0.143060,0.579476,0.338476,0.372146,0.363452,199.871429
3.4011,1.0203,2.0,0.180996,1.631777,0.175250,0.579065,0.339024,0.371207,0.363110,199.857735
3.5012,1.0504,2.0,0.181065,1.745011,0.200492,0.578769,0.339419,0.370118,0.362863,199.847863
3.6012,1.0804,2.0,0.181082,1.772428,0.206861,0.578698,0.339514,0.368694,0.362803,199.845473
3.7012,1.1104,2.0,0.181115,1.827636,0.219989,0.578553,0.339707,0.367428,0.362683,199.840659
3.8013,1.1404,2.0,0.181173,1.921867,0.243336,0.578307,0.340036,0.366371,0.362478,199.832444
3.9013,1.1704,2.0,0.181276,2.090974,0.288208,0.577864,0.340625,0.365675,0.362109,199.817701
4.0013,1.2004,2.0,0.181338,2.192843,0.317082,0.577598,0.340981,0.364723,0.361887,199.808819
4.1014,1.2304,2.0,0.181393,2.281932,0.343473,0.577365,0.341291,0.363748,0.361693,199.801052
4.2014,1.2604,2.0,0.181417,2.322429,0.355820,0.577259,0.341432,0.362596,0.361605,199.797521
4.3014,1.2904,2.0,0.181507,2.470054,0.402694,0.576873,0.341947,0.361944,0.361283,199.784651
4.4015,1.3204,2.0,0.181568,2.568812,0.435683,0.576615,0.342292,0.361110,0.361068,199.776041
4.5015,1.3505,2.0,0.181636,2.680211,0.474467,0.576323,0.342680,0.360363,0.360825,199.766329
4.6015,1.3805,2.0,0.181722,2.820892,0.525831,0.575955,0.343171,0.359774,0.360518,199.754063
4.7016,1.4105,2.0,0.181769,2.898267,0.555218,0.575753,0.343441,0.358939,0.360350,199.747318
4.8016,1.4405,2.0,0.181851,3.032502,0.608113,0.575402,0.343909,0.358380,0.360057,199.735614
4.9016,1.4705,2.0,0.181901,3.115085,0.641863,0.575186,0.344197,0.357625,0.359877,199.728415
5.0017,1.5005,2.0,0.181978,3.240972,0.695083,0.574857,0.344636,0.357086,0.359603,199.717439
5.1017,1.5305,2.0,0.182059,3.374528,0.753888,0.574507,0.345102,0.356607,0.359312,199.705795
5.2017,1.5605,2.0,0.182068,3.388172,0.760031,0.574472,0.345149,0.355632,0.359282,199.704606
5.3018,1.5905,2.0,0.182175,3.564711,0.841794,0.574010,0.345765,0.355392,0.358897,199.689214
5.4018,1.6205,2.0,0.182245,3.678418,0.896695,0.573712,0.346161,0.354903,0.358649,199.679301
5.5018,1.6506,2.0,0.182315,3.792794,0.953690,0.573413,0.346560,0.354442,0.358400,199.669329
5.6019,1.6806,2.0,0.182402,3.935320,1.027203,0.573040,0.347057,0.354127,0.358089,199.656903
5.7019,1.7106,2.0,0.182533,4.149683,1.142977,0.572480,0.347805,0.354148,0.357622,199.638214
5.8019,1.7406,2.0,0.182538,4.159005,1.148153,0.572455,0.347837,0.353298,0.357602,199.637402
5.9020,1.7706,2.0,0.182673,4.379552,1.274091,0.571879,0.348606,0.353391,0.357121,199.618173
6.0020,1.8006,2.0,0.182671,4.377299,1.272771,0.571884,0.348599,0.352534,0.357126,199.618370
6.1020,1.8306,2.0,0.182793,4.576448,1.392143,0.571364,0.349293,0.352576,0.356692,199.601007
6.2021,1.8606,2.0,0.182889,4.734507,1.490752,0.570950,0.349844,0.352459,0.356347,199.587227
6.3021,1.8906,2.0,0.182984,4.890267,1.591280,0.570543,0.350387,0.352352,0.356008,199.573647
6.4021,1.9206,2.0,0.183071,5.032495,1.685987,0.570171,0.350883,0.352206,0.355698,199.561247
6.5022,1.9507,2.0,0.183158,5.173952,1.782941,0.569801,0.351377,0.352075,0.355390,199.548914
6.6022,1.9807,2.0,0.183207,5.255557,1.840127,0.569587,0.351661,0.351702,0.355212,199.541800
6.7022,2.0107,2.0,0.183289,5.389924,1.936288,0.569236,0.352130,0.351576,0.354919,199.530085
6.8023,2.0407,2.0,0.183416,5.597312,2.089602,0.568693,0.352853,0.351787,0.354467,199.512004
6.9023,2.0707,2.0,0.183471,5.687526,2.158150,0.568458,0.353168,0.351504,0.354270,199.504139
7.0023,2.1007,2.0,0.183526,5.777276,2.227464,0.568223,0.353481,0.351235,0.354075,199.496314
7.1024,2.1307,2.0,0.183619,5.929639,2.347691,0.567824,0.354012,0.351256,0.353742,199.483031
7.2024,2.1607,2.0,0.183715,6.086831,2.475106,0.567413,0.354560,0.351314,0.353400,199.469326
7.3024,2.1907,2.0,0.183848,6.305405,2.657985,0.566841,0.355323,0.351654,0.352923,199.450270
7.4025,2.2207,2.0,0.183928,6.436639,2.770983,0.566498,0.355780,0.351630,0.352637,199.438828
7.5025,2.2508,2.0,0.184037,6.614224,2.927718,0.566034,0.356400,0.351822,0.352250,199.423346
7.6025,2.2808,2.0,0.184095,6.709716,3.013819,0.565784,0.356733,0.351670,0.352042,199.415020
7.7026,2.3108,2.0,0.184206,6.891565,3.181313,0.565308,0.357367,0.351909,0.351646,199.399166
7.8026,2.3408,2.0,0.184314,7.068645,3.348865,0.564845,0.357984,0.352141,0.351260,199.383728
7.9026,2.3708,2.0,0.184380,7.176777,3.453343,0.564562,0.358361,0.352085,0.351024,199.374300
8.0027,2.4008,2.0,0.184498,7.371099,3.645228,0.564054,0.359039,0.352419,0.350601,199.357358
8.1027,2.4308,2.0,0.184560,7.472304,3.747267,0.563789,0.359392,0.352359,0.350380,199.348535
8.2027,2.4608,2.0,0.184666,7.645498,3.925235,0.563336,0.359996,0.352625,0.350003,199.333435
8.3028,2.4908,2.0,0.184763,7.803909,4.091719,0.562922,0.360548,0.352839,0.349657,199.319624
8.4028,2.5208,2.0,0.184836,7.923631,4.219894,0.562609,0.360966,0.352896,0.349396,199.309187
8.5028,2.5509,2.0,0.184986,8.169267,4.489225,0.561966,0.361822,0.353514,0.348861,199.287771
8.6029,2.5809,2.0,0.185056,8.283998,4.617954,0.561666,0.362223,0.353572,0.348611,199.277768
8.7029,2.6109,2.0,0.185170,8.471685,4.832568,0.561175,0.362877,0.353959,0.348202,199.261405
8.8029,2.6409,2.0,0.185285,8.659719,5.052601,0.560684,0.363533,0.354358,0.347792,199.245011
8.9030,2.6709,2.0,0.185385,8.823645,5.248533,0.560255,0.364105,0.354662,0.347435,199.230720
9.0030,2.7009,2.0,0.185493,9.001228,5.465113,0.559790,0.364724,0.355036,0.347048,199.215237
9.1030,2.7309,2.0,0.185572,9.130666,5.625814,0.559452,0.365175,0.355210,0.346765,199.203952
9.2031,2.7609,2.0,0.185665,9.283034,5.818057,0.559053,0.365707,0.355494,0.346433,199.190668
9.3031,2.7909,2.0,0.185779,9.469788,6.058222,0.558565,0.366358,0.355937,0.346026,199.174386
9.4031,2.8209,2.0,0.185834,9.559937,6.175942,0.558329,0.366672,0.355968,0.345830,199.166527
9.5032,2.8510,2.0,0.185946,9.743419,6.419151,0.557849,0.367312,0.356415,0.345430,199.150530
9.6032,2.8810,2.0,0.186055,9.922041,6.660570,0.557382,0.367935,0.356849,0.345041,199.134957
9.7032,2.9110,2.0,0.186171,10.111634,6.921847,0.556886,0.368596,0.357340,0.344627,199.118428
9.8033,2.9410,2.0,0.186320,10.355712,7.265854,0.556248,0.369447,0.358076,0.344095,199.097148
9.9033,2.9710,2.0,0.186387,10.465573,7.423504,0.555960,0.369831,0.358236,0.343856,199.087570
10.0033,3.0010,2.0,0.186511,10.667946,7.718488,0.555431,0.370536,0.358806,0.343415,199.069926
10.1034,3.0310,2.0,0.186670,10.928697,8.107329,0.554749,0.371446,0.359639,0.342846,199.047193
10.2034,3.0610,2.0,0.186728,11.023666,8.251406,0.554501,0.371777,0.359757,0.342639,199.038913
10.3034,3.0910,2.0,0.186870,11.256951,8.610896,0.553891,0.372590,0.360485,0.342131,199.018574
10.4035,3.1210,2.0,0.186928,11.352831,8.760949,0.553640,0.372925,0.360621,0.341922,199.010215
10.5035,3.1511,2.0,0.187061,11.569507,9.104994,0.553073,0.373680,0.361290,0.341450,198.991325
10.6035,3.1811,2.0,0.187149,11.713366,9.337210,0.552697,0.374182,0.361649,0.341136,198.978782
10.7036,3.2111,2.0,0.187278,11.925813,9.685688,0.552141,0.374923,0.362314,0.340673,198.960260
10.8036,3.2411,2.0,0.187426,12.167478,10.090147,0.551509,0.375766,0.363112,0.340146,198.939191
10.9036,3.2711,2.0,0.187459,12.222584,10.183577,0.551365,0.375958,0.363104,0.340026,198.934387
11.0037,3.3011,2.0,0.187638,12.514939,10.686732,0.550600,0.376977,0.364135,0.339389,198.908898
11.1037,3.3311,2.0,0.187745,12.690142,10.994306,0.550142,0.377588,0.364663,0.339007,198.893623
11.2037,3.3611,2.0,0.187833,12.834347,11.250865,0.549765,0.378091,0.365060,0.338693,198.881051
11.3038,3.3911,2.0,0.187920,12.978301,11.510048,0.549388,0.378593,0.365463,0.338379,198.868500
11.4038,3.4211,2.0,0.188081,13.241501,11.991872,0.548700,0.379511,0.366391,0.337806,198.845553
11.5038,3.4512,2.0,0.188178,13.399444,12.285946,0.548287,0.380062,0.366865,0.337461,198.831783
11.6039,3.4812,2.0,0.188316,13.626300,12.714823,0.547693,0.380853,0.367645,0.336967,198.812005
11.7039,3.5112,2.0,0.188425,13.805220,13.058486,0.547226,0.381477,0.368222,0.336577,198.796406
11.8039,3.5412,2.0,0.188589,14.074383,13.584490,0.546522,0.382416,0.369196,0.335990,198.772940
11.9040,3.5712,2.0,0.188650,14.173189,13.780299,0.546263,0.382760,0.369433,0.335775,198.764325
12.0040,3.6012,2.0,0.188743,14.325533,14.085071,0.545865,0.383292,0.369908,0.335443,198.751043
12.1040,3.6312,2.0,0.188897,14.577902,14.597609,0.545205,0.384172,0.370824,0.334893,198.729041
12.2041,3.6612,2.0,0.189016,14.772838,15.000061,0.544695,0.384852,0.371494,0.334468,198.712045
12.3041,3.6912,2.0,0.189169,15.023361,15.525675,0.544039,0.385725,0.372411,0.333922,198.690204
12.4041,3.7212,2.0,0.189271,15.191374,15.883484,0.543600,0.386311,0.372973,0.333556,198.675556
12.5042,3.7513,2.0,0.189375,15.362325,16.251927,0.543153,0.386907,0.373551,0.333183,198.660652
12.6042,3.7813,2.0,0.189529,15.613148,16.800522,0.542497,0.387782,0.374482,0.332636,198.638784
12.7042,3.8113,2.0,0.189567,15.676675,16.940982,0.542331,0.388004,0.374600,0.332498,198.633245
12.8043,3.8413,2.0,0.189704,15.900878,17.441597,0.541744,0.388785,0.375423,0.332009,198.613699
12.9043,3.8713,2.0,0.189816,16.083903,17.855935,0.541266,0.389424,0.376070,0.331610,198.597742
13.0043,3.9013,2.0,0.189953,16.308715,18.371852,0.540678,0.390208,0.376903,0.331120,198.578142
13.1044,3.9313,2.0,0.190044,16.457943,18.718573,0.540287,0.390728,0.377410,0.330795,198.565131
13.2044,3.9613,2.0,0.190227,16.757698,19.425321,0.539503,0.391773,0.378577,0.330142,198.538998
13.3044,3.9913,2.0,0.190323,16.914576,19.800688,0.539093,0.392321,0.379124,0.329800,198.525320
13.4045,4.0213,2.0,0.190407,17.052471,20.133750,0.538732,0.392801,0.379592,0.329499,198.513298
13.5045,4.0514,2.0,0.190543,17.276126,20.680164,0.538147,0.393581,0.380437,0.329012,198.493799
13.6045,4.0814,2.0,0.190707,17.544037,21.344834,0.537447,0.394516,0.381478,0.328428,198.470441
13.7046,4.1114,2.0,0.190846,17.772279,21.919824,0.536850,0.395312,0.382350,0.327930,198.450542
13.8046,4.1414,2.0,0.191005,18.032768,22.585892,0.536168,0.396220,0.383365,0.327362,198.427832
13.9046,4.1714,2.0,0.191157,18.281726,23.232298,0.535517,0.397088,0.384333,0.326820,198.406127
14.0047,4.2014,2.0,0.191205,18.360389,23.438542,0.535311,0.397363,0.384561,0.326648,198.399269
14.1047,4.2314,2.0,0.191287,18.494356,23.791998,0.534961,0.397830,0.385033,0.326356,198.387589
14.2047,4.2614,2.0,0.191377,18.641916,24.184549,0.534575,0.398344,0.385567,0.326035,198.374724
14.3048,4.2914,2.0,0.191575,18.967104,25.061617,0.533725,0.399478,0.386879,0.325326,198.346373
14.4048,4.3214,2.0,0.191668,19.118780,25.476349,0.533328,0.400007,0.387436,0.324995,198.333149
14.5048,4.3515,2.0,0.191806,19.344871,26.101232,0.532736,0.400796,0.388321,0.324503,198.313438
14.6049,4.3815,2.0,0.191926,19.541741,26.651877,0.532222,0.401482,0.389080,0.324074,198.296274
14.7049,4.4115,2.0,0.192067,19.772503,27.305061,0.531618,0.402287,0.389990,0.323571,198.276155
14.8049,4.4415,2.0,0.192230,20.040521,28.074213,0.530917,0.403222,0.391065,0.322986,198.252788
14.9050,4.4715,2.0,0.192330,20.203232,28.546677,0.530491,0.403789,0.391682,0.322632,198.238602
15.0050,4.5015,2.0,0.192447,20.396077,29.112052,0.529987,0.404462,0.388911,0.322211,198.221789
15.1050,4.5315,2.0,0.192548,20.561321,29.601184,0.529555,0.405038,0.389631,0.321851,198.207383
15.2051,4.5615,2.0,0.192657,20.738924,30.131719,0.529090,0.405657,0.390405,0.321464,198.191898
15.3051,4.5915,2.0,0.192821,21.008352,30.946099,0.528386,0.406597,0.391580,0.320877,198.168409
15.4051,4.6215,2.0,0.192963,21.240435,31.656848,0.527779,0.407406,0.392591,0.320371,198.148175
15.5052,4.6516,2.0,0.193147,21.542421,32.594509,0.526989,0.408459,0.393908,0.319713,198.121847
15.6052,4.6816,2.0,0.193226,21.671875,33.000918,0.526650,0.408911,0.394472,0.319431,198.110560
15.7052,4.7116,2.0,0.193381,21.926267,33.807359,0.525985,0.409798,0.395581,0.318876,198.088381
15.8053,4.7416,2.0,0.193466,22.064361,34.249463,0.525624,0.410280,0.396183,0.318575,198.076342
15.9053,4.7716,2.0,0.193574,22.242694,34.824919,0.525157,0.410902,0.396960,0.318187,198.060794
16.0053,4.8016,2.0,0.193711,22.466718,35.555044,0.524571,0.411683,0.397937,0.317698,198.041263
16.1054,4.8316,2.0,0.193849,22.692155,36.297924,0.523982,0.412469,0.398920,0.317207,198.021608
16.2054,4.8616,2.0,0.194066,23.048688,37.489523,0.523049,0.413712,0.400474,0.316430,197.990524
16.3054,4.8916,2.0,0.194107,23.115444,37.714915,0.522874,0.413945,0.400765,0.316284,197.984704
16.4055,4.9216,2.0,0.194289,23.413081,38.728621,0.522096,0.414983,0.402062,0.315636,197.958755
16.5055,4.9517,2.0,0.194367,23.541045,39.168855,0.521761,0.415429,0.402620,0.315357,197.947599
16.6055,4.9817,2.0,0.194554,23.848190,40.236378,0.520958,0.416501,0.403959,0.314687,197.920820
16.7056,5.0117,2.0,0.194669,24.036659,40.899023,0.520465,0.417158,0.404781,0.314276,197.904389
16.8056,5.0417,2.0,0.194785,24.225756,41.569690,0.519970,0.417817,0.405605,0.313864,197.887903
16.9056,5.0717,2.0,0.194920,24.448098,42.365729,0.519389,0.418593,0.406574,0.313380,197.868518
17.0057,5.1017,2.0,0.195034,24.634311,43.038637,0.518902,0.419242,0.407386,0.312974,197.852283
17.1057,5.1317,2.0,0.195200,24.906630,44.032925,0.518190,0.420192,0.408573,0.312380,197.828541
17.2057,5.1617,2.0,0.195306,25.079211,44.669348,0.517738,0.420794,0.409325,0.312004,197.813495
17.3058,5.1917,2.0,0.195415,25.258667,45.336312,0.517269,0.421419,0.410108,0.311613,197.797849
17.4058,5.2217,2.0,0.195547,25.474386,46.145066,0.516705,0.422172,0.411048,0.311143,197.779042
17.5058,5.2518,2.0,0.195724,25.765593,47.248998,0.515943,0.423187,0.412317,0.310508,197.753654
17.6059,5.2818,2.0,0.195901,26.054938,48.359750,0.515186,0.424196,0.413579,0.309877,197.728427
17.7059,5.3118,2.0,0.195992,26.203338,48.934815,0.514798,0.424714,0.414226,0.309554,197.715489
17.8059,5.3418,2.0,0.196117,26.409094,49.738177,0.514260,0.425431,0.415122,0.309105,197.697551
17.9060,5.3718,2.0,0.196264,26.649331,50.685070,0.513632,0.426269,0.416170,0.308582,197.676606
18.0060,5.4018,2.0,0.196429,26.920678,51.766128,0.512922,0.427215,0.417353,0.307990,197.652949
18.1060,5.4318,2.0,0.196531,27.087004,52.434847,0.512487,0.427795,0.418078,0.307628,197.638448
18.2061,5.4618,2.0,0.196646,27.276460,53.202192,0.511991,0.428456,0.418903,0.307215,197.621930
18.3061,5.4918,2.0,0.196828,27.573605,54.417791,0.511214,0.429492,0.420199,0.306567,197.596024
18.4061,5.5218,2.0,0.196942,27.761319,55.193344,0.510723,0.430147,0.421017,0.306158,197.579658
18.5062,5.5519,2.0,0.197112,28.038563,56.349619,0.509998,0.431114,0.422226,0.305554,197.555487
18.6062,5.5819,2.0,0.197206,28.193132,56.999874,0.509594,0.431653,0.422899,0.305217,197.542011
18.7062,5.6119,2.0,0.197299,28.345237,57.643695,0.509196,0.432183,0.423562,0.304885,197.528750
18.8063,5.6419,2.0,0.197430,28.560835,58.562952,0.508632,0.432935,0.424502,0.304416,197.509953
18.9063,5.6719,2.0,0.197659,28.934860,60.176341,0.507654,0.434240,0.426133,0.303600,197.477344
19.0063,5.7019,2.0,0.197797,29.161853,61.167047,0.507060,0.435031,0.427122,0.303106,197.457554
19.1064,5.7319,2.0,0.197876,29.290332,61.731663,0.506724,0.435479,0.427682,0.302825,197.446353
19.2064,5.7619,2.0,0.198006,29.504064,62.677154,0.506165,0.436225,0.428614,0.302360,197.427719
19.3064,5.7919,2.0,0.198199,29.820486,64.091194,0.505337,0.437328,0.429993,0.301670,197.400132
19.4065,5.8219,2.0,0.198258,29.916523,64.523744,0.505086,0.437663,0.430412,0.301461,197.391759
19.5065,5.8520,2.0,0.198401,30.151867,65.590400,0.504471,0.438484,0.431438,0.300948,197.371241
19.6065,5.8820,2.0,0.198586,30.453763,66.972561,0.503681,0.439537,0.432754,0.300290,197.344920
19.7066,5.9120,2.0,0.198691,30.627121,67.773299,0.503228,0.440141,0.433510,0.299912,197.329806
19.8066,5.9420,2.0,0.198841,30.872107,68.913690,0.502587,0.440995,0.434578,0.299378,197.308447
19.9066,5.9720,2.0,0.198974,31.089958,69.936437,0.502017,0.441755,0.435527,0.298903,197.289454
20.0067,6.0020,2.0,0.199127,31.341026,71.125279,0.501360,0.442631,0.436622,0.298356,197.267565
20.1067,6.0320,2.0,0.199298,31.620788,72.462805,0.500629,0.443606,0.437841,0.297746,197.243175
20.2067,6.0620,2.0,0.199396,31.781454,73.237062,0.500208,0.444167,0.438542,0.297396,197.229167
20.3068,6.0920,2.0,0.199551,32.035875,74.472275,0.499543,0.445054,0.439651,0.296841,197.206986
20.4068,6.1220,2.0,0.199607,32.128162,74.923102,0.499302,0.445376,0.440053,0.296640,197.198940
20.5068,6.1521,2.0,0.199807,32.455463,76.533926,0.498445,0.446517,0.441480,0.295927,197.170404
20.6069,6.1821,2.0,0.199922,32.643199,77.466289,0.497954,0.447172,0.442298,0.295518,197.154037
20.7069,6.2121,2.0,0.200049,32.852111,78.511048,0.497408,0.447900,0.443209,0.295062,197.135823
20.8069,6.2421,2.0,0.200199,33.097063,79.745747,0.496767,0.448755,0.444277,0.294528,197.114467
20.9070,6.2721,2.0,0.200355,33.352407,81.044010,0.496099,0.449645,0.445390,0.293972,197.092205
21.0070,6.3021,2.0,0.200532,33.643274,82.536804,0.495339,0.450659,0.446658,0.293338,197.066846
21.1070,6.3321,2.0,0.200603,33.759742,83.138717,0.495034,0.451066,0.447165,0.293084,197.056692
21.2071,6.3621,2.0,0.200784,34.056394,84.682593,0.494258,0.452100,0.448459,0.292437,197.030829
21.3071,6.3921,2.0,0.200908,34.259667,85.749452,0.493727,0.452809,0.449345,0.291994,197.013107
21.4071,6.4221,2.0,0.201053,34.496716,87.002792,0.493107,0.453636,0.450378,0.291478,196.992440
21.5072,6.4522,2.0,0.201234,34.792669,88.581527,0.492332,0.454668,0.451668,0.290833,196.966637
21.6072,6.4822,2.0,0.201360,34.999075,89.691764,0.491793,0.455388,0.452568,0.290383,196.948642
21.7072,6.5122,2.0,0.201524,35.268879,91.154425,0.491087,0.456329,0.453744,0.289795,196.925119
21.8073,6.5422,2.0,0.201619,35.424325,92.003002,0.490680,0.456871,0.454422,0.289456,196.911567
21.9073,6.5722,2.0,0.201743,35.627492,93.118577,0.490149,0.457579,0.455307,0.289013,196.893854
22.0073,6.6022,2.0,0.201898,35.881531,94.523842,0.489485,0.458465,0.456415,0.288459,196.871706
22.1074,6.6322,2.0,0.202053,36.135476,95.940116,0.488820,0.459351,0.457522,0.287906,196.849566
22.2074,6.6622,2.0,0.202192,36.362997,97.218829,0.488225,0.460144,0.458514,0.287410,196.829730
22.3074,6.6922,2.0,0.202294,36.530955,98.168738,0.487786,0.460730,0.459246,0.287044,196.815087
22.4075,6.7222,2.0,0.202471,36.820891,99.820432,0.487028,0.461741,0.460510,0.286412,196.789809
22.5075,6.7523,2.0,0.202617,37.059153,101.189075,0.486404,0.462572,0.461548,0.285893,196.769036
22.6075,6.7823,2.0,0.202828,37.405172,103.194928,0.485499,0.463779,0.463057,0.285138,196.738869
22.7076,6.8123,2.0,0.202950,37.604876,104.362446,0.484977,0.464475,0.463927,0.284703,196.721458
22.8076,6.8423,2.0,0.203008,37.700284,104.922770,0.484728,0.464808,0.464343,0.284495,196.713140
22.9076,6.8723,2.0,0.203167,37.960664,106.460356,0.484047,0.465716,0.465478,0.283928,196.690439
23.0077,6.9023,2.0,0.203273,38.134120,107.491469,0.483593,0.466321,0.466234,0.283550,196.675316
23.1077,6.9323,2.0,0.203441,38.410186,109.143825,0.482871,0.467283,0.467438,0.282948,196.651248
23.2077,6.9623,2.0,0.203611,38.688099,110.821250,0.482144,0.468253,0.468649,0.282342,196.627018
23.3078,6.9923,2.0,0.203780,38.965374,112.508870,0.481419,0.469220,0.469858,0.281738,196.602844
23.4078,7.0223,2.0,0.203863,39.101555,113.342865,0.481062,0.469694,0.470451,0.281441,196.590972
23.5078,7.0524,2.0,0.204008,39.338390,114.801381,0.480443,0.470520,0.471484,0.280925,196.570323
23.6079,7.0824,2.0,0.204105,39.496982,115.783788,0.480028,0.471073,0.472175,0.280579,196.556497
23.7079,7.1124,2.0,0.204308,39.829619,117.859335,0.479158,0.472233,0.473625,0.279854,196.527496
23.8079,7.1424,2.0,0.204423,40.018194,119.045016,0.478665,0.472891,0.474447,0.279443,196.511055
23.9080,7.1724,2.0,0.204582,40.278559,120.692849,0.477984,0.473799,0.475582,0.278876,196.488356
24.0080,7.2024,2.0,0.204714,40.495056,122.072570,0.477418,0.474554,0.476526,0.278404,196.469481
24.1080,7.2324,2.0,0.204880,40.768204,123.825686,0.476703,0.475507,0.477717,0.277808,196.445667
24.2081,7.2624,2.0,0.204972,40.919197,124.800716,0.476308,0.476033,0.478375,0.277479,196.432502
24.3081,7.2924,2.0,0.205124,41.168044,126.416858,0.475658,0.476901,0.479460,0.276937,196.410807
24.4081,7.3224,2.0,0.205377,41.582316,129.132877,0.474574,0.478346,0.481266,0.276034,196.374689
24.5082,7.3525,2.0,0.205416,41.646082,129.553774,0.474407,0.478568,0.481544,0.275895,196.369130
24.6082,7.3825,2.0,0.205565,41.890355,131.173137,0.473768,0.479420,0.482608,0.275362,196.347833
24.7082,7.4125,2.0,0.205798,42.271919,133.724954,0.472770,0.480751,0.484272,0.274531,196.314567
24.8083,7.4425,2.0,0.205974,42.560344,135.671956,0.472016,0.481757,0.485529,0.273902,196.289421
24.9083,7.4725,2.0,0.205993,42.591665,135.884327,0.471934,0.481866,0.485665,0.273834,196.286690
25.0083,7.5025,2.0,0.206161,42.867118,137.759949,0.471214,0.482826,0.486866,0.273234,196.262675
25.1084,7.5325,2.0,0.206327,43.138027,139.618545,0.470505,0.483771,0.488047,0.272643,196.239056
25.2084,7.5625,2.0,0.206513,43.442934,141.726921,0.469708,0.484834,0.489376,0.271978,196.212473
25.3084,7.5925,2.0,0.206574,43.542835,142.421533,0.469446,0.485183,0.489812,0.271761,196.203763
25.4085,7.6225,2.0,0.206740,43.815721,144.328516,0.468732,0.486134,0.491001,0.271166,196.179972
25.5085,7.6526,2.0,0.206915,44.102783,146.349786,0.467982,0.487136,0.492253,0.270540,196.154945
25.6085,7.6826,2.0,0.207049,44.321711,147.901804,0.467409,0.487899,0.493207,0.270063,196.135858
25.7086,7.7126,2.0,0.207168,44.517344,149.296382,0.466897,0.488581,0.494060,0.269637,196.118802
25.8086,7.7426,2.0,0.207320,44.765761,151.077723,0.466248,0.489448,0.495143,0.269095,196.097144
25.9086,7.7726,2.0,0.207426,44.940127,152.335085,0.465792,0.490056,0.495903,0.268715,196.081942
26.0087,7.8026,2.0,0.207605,45.233501,154.463709,0.465024,0.491079,0.497182,0.268076,196.056364
26.1087,7.8326,2.0,0.207749,45.468745,156.182442,0.464409,0.491899,0.498207,0.267563,196.035855
26.2087,7.8626,2.0,0.207909,45.730442,158.106902,0.463725,0.492812,0.499348,0.266993,196.013039
26.3088,7.8926,2.0,0.208029,45.927951,159.568028,0.463208,0.493501,0.500209,0.266562,195.995819
26.4088,7.9226,2.0,0.208205,46.216290,161.714555,0.462454,0.494506,0.501466,0.265934,195.970681
26.5088,7.9527,2.0,0.208366,46.480456,163.695166,0.461763,0.495427,0.502618,0.265358,195.947650
26.6089,7.9827,2.0,0.208485,46.674808,165.160931,0.461254,0.496105,0.503465,0.264934,195.930706
26.7089,8.0127,2.0,0.208636,46.921949,167.035353,0.460608,0.496967,0.504542,0.264396,195.909159
26.8089,8.0427,2.0,0.208772,47.144450,168.733002,0.460026,0.497743,0.505512,0.263911,195.889760
26.9090,8.0727,2.0,0.208915,47.379333,170.535527,0.459412,0.498562,0.506536,0.263399,195.869282
27.0090,8.1027,2.0,0.209038,47.580892,172.090849,0.458885,0.499265,0.507415,0.262959,195.851710
27.1090,8.1327,2.0,0.209215,47.870538,174.339717,0.458127,0.500275,0.508677,0.262328,195.826457
27.2091,8.1627,2.0,0.209347,48.087695,176.036469,0.457559,0.501032,0.509624,0.261855,195.807524
27.3091,8.1927,2.0,0.209559,48.435163,178.770543,0.456650,0.502244,0.511138,0.261097,195.777231
27.4091,8.2227,2.0,0.209689,48.647217,180.450690,0.456096,0.502984,0.512063,0.260635,195.758743
27.5092,8.2528,2.0,0.209798,48.825985,181.873934,0.455628,0.503607,0.512842,0.260246,195.743157
27.6092,8.2828,2.0,0.209908,49.006779,183.319682,0.455155,0.504238,0.513630,0.259852,195.727395
27.7092,8.3128,2.0,0.210043,49.227646,185.094582,0.454578,0.505008,0.514593,0.259370,195.708139
27.8093,8.3428,2.0,0.210259,49.581252,187.956144,0.453653,0.506241,0.516134,0.258599,195.677310
27.9093,8.3728,2.0,0.210376,49.773354,189.521050,0.453150,0.506911,0.516972,0.258181,195.660562
28.0093,8.4028,2.0,0.210528,50.022838,191.564260,0.452498,0.507781,0.518059,0.257637,195.638811
28.1094,8.4328,2.0,0.210606,50.150306,192.612936,0.452164,0.508225,0.518615,0.257359,195.627698
28.2094,8.4628,2.0,0.210833,50.522701,195.695032,0.451190,0.509524,0.520238,0.256547,195.595231
28.3094,8.4928,2.0,0.210965,50.737932,197.488905,0.450627,0.510275,0.521177,0.256078,195.576466
28.4095,8.5228,2.0,0.211063,50.898659,198.834501,0.450207,0.510835,0.521877,0.255728,195.562453
28.5095,8.5529,2.0,0.211228,51.169661,201.114929,0.449498,0.511780,0.523059,0.255137,195.538826
28.6095,8.5829,2.0,0.211397,51.445564,203.451624,0.448776,0.512742,0.524261,0.254536,195.514772
28.7096,8.6129,2.0,0.211536,51.674227,205.399729,0.448178,0.513540,0.525258,0.254038,195.494836
28.8096,8.6429,2.0,0.211672,51.896303,207.301717,0.447598,0.514314,0.526226,0.253554,195.475475
28.9096,8.6729,2.0,0.211824,52.145128,209.444509,0.446947,0.515182,0.527311,0.253011,195.453781
29.0097,8.7029,2.0,0.211965,52.377175,211.453995,0.446340,0.515991,0.528322,0.252505,195.433551
29.1097,8.7329,2.0,0.212124,52.636953,213.716450,0.445660,0.516897,0.529455,0.251939,195.410902
29.2097,8.7629,2.0,0.212310,52.942530,216.395135,0.444861,0.517963,0.530787,0.251273,195.384261
29.3098,8.7929,2.0,0.212333,52.980330,216.727803,0.444762,0.518095,0.530952,0.251191,195.380965
29.4098,8.8229,2.0,0.212551,53.336606,219.877379,0.443830,0.519337,0.532505,0.250414,195.349904
29.5098,8.8530,2.0,0.212710,53.597136,222.196753,0.443149,0.520246,0.533641,0.249846,195.327190
29.6099,8.8830,2.0,0.212860,53.843046,224.398577,0.442506,0.521103,0.534712,0.249310,195.305750
29.7099,8.9130,2.0,0.212986,54.049662,226.258031,0.441965,0.521824,0.535613,0.248860,195.287737
29.8099,8.9430,2.0,0.213090,54.220505,227.802094,0.441519,0.522420,0.536358,0.248488,195.272842
29.9100,8.9730,2.0,0.213300,54.564897,230.932696,0.440618,0.523621,0.537859,0.247737,195.242816
30.0100,9.0030,2.0,0.213490,54.875092,233.773107,0.439807,0.524702,0.539211,0.247061,195.215772
30.1100,9.0330,2.0,0.213537,54.952330,234.483410,0.439604,0.524972,0.539548,0.246893,195.209038
30.2101,9.0630,2.0,0.213757,55.312582,237.812504,0.438662,0.526228,0.541118,0.246107,195.177630
30.3101,9.0930,2.0,0.213867,55.493401,239.493455,0.438189,0.526859,0.541907,0.245713,195.161866
30.4101,9.1230,2.0,0.214022,55.747266,241.864765,0.437525,0.527744,0.543013,0.245160,195.139733
30.5102,9.1531,2.0,0.214138,55.938259,243.657513,0.437026,0.528410,0.543846,0.244744,195.123081
30.6102,9.1831,2.0,0.214307,56.214818,246.266715,0.436302,0.529375,0.545052,0.244141,195.098970
30.7102,9.2131,2.0,0.214504,56.537247,249.328534,0.435459,0.530499,0.546457,0.243438,195.070859
30.8103,9.2431,2.0,0.214629,56.742145,251.285409,0.434923,0.531214,0.547350,0.242992,195.052995
30.9103,9.2731,2.0,0.214811,57.040459,254.149953,0.434143,0.532254,0.548651,0.242341,195.026987
31.0103,9.3031,2.0,0.214941,57.253609,256.207980,0.433585,0.532997,0.549580,0.241877,195.008404
31.1104,9.3331,2.0,0.215066,57.457649,258.186873,0.433052,0.533709,0.550469,0.241432,194.990615
31.2104,9.3631,2.0,0.215253,57.763910,261.173361,0.432251,0.534777,0.551804,0.240765,194.963914
31.3104,9.3931,2.0,0.215360,57.939741,262.896783,0.431791,0.535390,0.552571,0.240381,194.948584
31.4105,9.4231,2.0,0.215519,58.200330,265.462785,0.431109,0.536299,0.553707,0.239813,194.925865
31.5105,9.4532,2.0,0.215632,58.385299,267.292761,0.430625,0.536944,0.554513,0.239410,194.909739
31.6105,9.4832,2.0,0.215790,58.644711,269.871250,0.429947,0.537848,0.555644,0.238845,194.887122
31.7106,9.5132,2.0,0.215914,58.847827,271.899980,0.429416,0.538557,0.556529,0.238402,194.869414
31.8106,9.5432,2.0,0.216113,59.173548,275.171334,0.428564,0.539693,0.557949,0.237692,194.841016
31.9106,9.5732,2.0,0.216194,59.306580,276.513833,0.428216,0.540157,0.558529,0.237402,194.829418
32.0107,9.6032,2.0,0.216401,59.646095,279.956894,0.427328,0.541341,0.560009,0.236662,194.799817
32.1107,9.6332,2.0,0.216519,59.838983,281.923782,0.426823,0.542013,0.560850,0.236242,194.783001
32.2107,9.6632,2.0,0.216708,60.148669,285.098072,0.426013,0.543093,0.562200,0.235567,194.756001
32.3108,9.6932,2.0,0.216843,60.369295,287.371833,0.425436,0.543863,0.563162,0.235086,194.736766
32.4108,9.7232,2.0,0.217023,60.664482,290.430101,0.424664,0.544892,0.564448,0.234442,194.711030
32.5108,9.7533,2.0,0.217137,60.851738,292.379721,0.424174,0.545545,0.565265,0.234034,194.694705
32.6109,9.7833,2.0,0.217214,60.978399,293.702662,0.423843,0.545987,0.565817,0.233758,194.683662
32.7109,9.8133,2.0,0.217408,61.295505,297.029696,0.423014,0.547093,0.567199,0.233067,194.656015
32.8109,9.8433,2.0,0.217522,61.482155,298.997985,0.422526,0.547744,0.568013,0.232660,194.639742
32.9110,9.8733,2.0,0.217689,61.756793,301.907628,0.421807,0.548701,0.569210,0.232062,194.615798
33.0110,9.9033,2.0,0.217899,62.100270,305.569200,0.420909,0.549899,0.570707,0.231313,194.585853
33.1110,9.9333,2.0,0.218020,62.298634,307.695307,0.420390,0.550591,0.571572,0.230881,194.568558
33.2111,9.9633,2.0,0.218127,62.473908,309.580927,0.419932,0.551202,0.572336,0.230499,194.553277
33.3111,9.9933,2.0,0.218265,62.700313,312.026357,0.419339,0.551992,0.573323,0.230005,194.533539
33.4111,10.0233,2.0,0.218445,62.994829,315.223910,0.418569,0.553019,0.574607,0.229363,194.507861
33.5112,10.0534,2.0,0.218555,63.174598,317.184821,0.418099,0.553646,0.575391,0.228971,194.492188
33.6112,10.0834,2.0,0.218719,63.444151,320.138107,0.417394,0.554586,0.576566,0.228384,194.468688
33.7112,10.1134,2.0,0.218897,63.735636,323.349289,0.416632,0.555602,0.577836,0.227749,194.443275
33.8113,10.1434,2.0,0.219071,64.020172,326.501610,0.415887,0.556595,0.579077,0.227128,194.418468
33.9113,10.1734,2.0,0.219202,64.235260,328.896132,0.415325,0.557345,0.580014,0.226660,194.399716
34.0113,10.2034,2.0,0.219261,64.332715,329.984380,0.415070,0.557685,0.580439,0.226447,194.391219
34.1114,10.2334,2.0,0.219489,64.704999,334.160469,0.414096,0.558983,0.582062,0.225636,194.358762
34.2114,10.2634,2.0,0.219630,64.935925,336.765997,0.413492,0.559788,0.583069,0.225132,194.338629
34.3114,10.2934,2.0,0.219788,65.195602,339.709769,0.412813,0.560694,0.584201,0.224566,194.315989
34.4115,10.3234,2.0,0.219973,65.498344,343.160265,0.412021,0.561750,0.585520,0.223907,194.289595
34.5115,10.3535,2.0,0.220009,65.557038,343.831539,0.411868,0.561954,0.585776,0.223779,194.284478
34.6115,10.3835,2.0,0.220202,65.873350,347.462125,0.411040,0.563057,0.587155,0.223089,194.256901
34.7116,10.4135,2.0,0.220386,66.175196,350.947060,0.410251,0.564110,0.588471,0.222431,194.230584
34.8116,10.4435,2.0,0.220468,66.309356,352.502390,0.409900,0.564578,0.589056,0.222139,194.218888
34.9116,10.4735,2.0,0.220709,66.705056,357.112790,0.408865,0.565958,0.590781,0.221276,194.184389
35.0117,10.5035,2.0,0.220824,66.892538,359.309191,0.408375,0.566612,0.591598,0.220868,194.168044
35.1117,10.5335,2.0,0.220987,67.159348,362.448282,0.407677,0.567542,0.592761,0.220286,194.144782
35.2117,10.5635,2.0,0.221092,67.331408,364.480925,0.407227,0.568142,0.593511,0.219911,194.129781
35.3118,10.5935,2.0,0.221282,67.643616,368.185904,0.406410,0.569231,0.594872,0.219231,194.102562
35.4118,10.6235,2.0,0.221438,67.899360,371.236872,0.405741,0.570123,0.595987,0.218673,194.080265
35.5118,10.6536,2.0,0.221561,68.100625,373.648093,0.405215,0.570825,0.596864,0.218235,194.062718
35.6119,10.6836,2.0,0.221709,68.343781,376.573156,0.404579,0.571673,0.597924,0.217705,194.041519
35.7119,10.7136,2.0,0.221859,68.588693,379.532605,0.403938,0.572527,0.598992,0.217171,194.020166
35.8119,10.7436,2.0,0.221973,68.775158,381.794732,0.403451,0.573177,0.599805,0.216764,194.003910
35.9120,10.7736,2.0,0.222143,69.054132,385.193596,0.402721,0.574150,0.601021,0.216156,193.979587
36.0120,10.8036,2.0,0.222291,69.297099,388.167901,0.402085,0.574997,0.602080,0.215627,193.958405
36.1120,10.8336,2.0,0.222456,69.567145,391.489152,0.401379,0.575939,0.603257,0.215038,193.934861
36.2121,10.8636,2.0,0.222623,69.841249,394.876989,0.400662,0.576895,0.604452,0.214441,193.910963
36.3121,10.8936,2.0,0.222709,69.981646,396.618762,0.400295,0.577384,0.605064,0.214135,193.898723
36.4121,10.9236,2.0,0.222886,70.271669,400.230799,0.399536,0.578396,0.606328,0.213503,193.873438
36.5122,10.9537,2.0,0.223083,70.595370,404.284576,0.398690,0.579525,0.607739,0.212797,193.845216
36.6122,10.9837,2.0,0.223164,70.727528,405.946380,0.398344,0.579986,0.608315,0.212509,193.833694
36.7122,11.0137,2.0,0.223310,70.967035,408.968067,0.397718,0.580821,0.609359,0.211987,193.812813
36.8123,11.0437,2.0,0.223490,71.261733,412.703807,0.396947,0.581849,0.610644,0.211345,193.787120
36.9123,11.0737,2.0,0.223658,71.537338,416.215248,0.396226,0.582810,0.611845,0.210744,193.763092
37.0123,11.1037,2.0,0.223782,71.739220,418.798302,0.395698,0.583514,0.612725,0.210304,193.745491
37.1124,11.1337,2.0,0.223970,72.048656,422.775410,0.394889,0.584593,0.614074,0.209629,193.718513
37.2124,11.1637,2.0,0.224105,72.268636,425.615966,0.394313,0.585360,0.615033,0.209150,193.699334
37.3124,11.1937,2.0,0.224253,72.511504,428.764838,0.393678,0.586207,0.616092,0.208621,193.678160
37.4125,11.2237,2.0,0.224393,72.740764,431.749583,0.393079,0.587006,0.617091,0.208121,193.658172
37.5125,11.2538,2.0,0.224596,73.073113,436.097721,0.392209,0.588165,0.618540,0.207397,193.629197
37.6125,11.2838,2.0,0.224667,73.190173,437.635213,0.391903,0.588574,0.619050,0.207141,193.618991
37.7126,11.3138,2.0,0.224761,73.343982,439.660145,0.391501,0.589110,0.619721,0.206806,193.605581
37.8126,11.3438,2.0,0.225020,73.768125,445.272106,0.390391,0.590589,0.621570,0.205882,193.568603
37.9126,11.3738,2.0,0.225106,73.908808,447.142621,0.390023,0.591080,0.622183,0.205575,193.556338
38.0127,11.4038,2.0,0.225272,74.180893,450.773145,0.389312,0.592029,0.623369,0.204982,193.532616
38.1127,11.4338,2.0,0.225457,74.484809,454.848495,0.388517,0.593089,0.624694,0.204320,193.506120
38.2127,11.4638,2.0,0.225517,74.583076,456.170751,0.388260,0.593431,0.625122,0.204105,193.497552
38.3128,11.4938,2.0,0.225677,74.844490,459.699085,0.387576,0.594343,0.626262,0.203536,193.474761
38.4128,11.5238,2.0,0.225815,75.070916,462.767923,0.386984,0.595133,0.627249,0.203042,193.455020
38.5128,11.5539,2.0,0.225988,75.355205,466.637764,0.386240,0.596124,0.628488,0.202423,193.430235
38.6129,11.5839,2.0,0.226175,75.660850,470.819155,0.385441,0.597190,0.629821,0.201756,193.403588
38.7129,11.6139,2.0,0.226326,75.909058,474.230696,0.384792,0.598055,0.630903,0.201215,193.381948
38.8129,11.6439,2.0,0.226468,76.140666,477.426969,0.384186,0.598863,0.631912,0.200711,193.361755
38.9130,11.6739,2.0,0.226565,76.300242,479.636411,0.383769,0.599420,0.632608,0.200363,193.347843
39.0130,11.7039,2.0,0.226687,76.499425,482.402567,0.383248,0.600114,0.633476,0.199929,193.330477
39.1130,11.7339,2.0,0.226908,76.861721,487.457626,0.382300,0.601378,0.635055,0.199139,193.298891
39.2131,11.7639,2.0,0.227041,77.079510,490.511132,0.381730,0.602137,0.636005,0.198664,193.279903
39.3131,11.7939,2.0,0.227218,77.370185,494.603807,0.380970,0.603151,0.637272,0.198031,193.254561
39.4131,11.8239,2.0,0.227374,77.626453,498.228417,0.380300,0.604045,0.638389,0.197472,193.232219
39.5132,11.8540,2.0,0.227506,77.842429,501.295085,0.379735,0.604798,0.639331,0.197001,193.213389
39.6132,11.8840,2.0,0.227674,78.117706,505.219645,0.379015,0.605758,0.640531,0.196401,193.189389
39.7132,11.9140,2.0,0.227807,78.335363,508.335338,0.378446,0.606517,0.641479,0.195927,193.170413
39.8133,11.9440,2.0,0.227965,78.594630,512.061200,0.377768,0.607421,0.642610,0.195362,193.147809
39.9133,11.9740,2.0,0.228077,78.777138,514.693473,0.377290,0.608057,0.643405,0.194964,193.131897
40.0133,12.0000,2.0,0.228242,79.047246,518.603603,0.376584,0.608999,0.794083,0.194375,193.108348
40.1134,12.0000,2.0,0.228400,79.306872,522.378220,0.375905,0.609905,0.791523,0.193809,193.085713
40.2134,12.0000,2.0,0.228564,79.575854,526.305693,0.375201,0.610843,0.789094,0.193223,193.062262
40.3134,12.0000,2.0,0.228670,79.749962,528.857017,0.374746,0.611450,0.786341,0.192844,193.047083
40.4135,12.0000,2.0,0.228840,80.027593,532.940201,0.374020,0.612418,0.784125,0.192239,193.022878
40.5135,12.0000,2.0,0.228956,80.217228,535.739736,0.373524,0.613080,0.781611,0.191825,193.006345
40.6135,12.0000,2.0,0.229098,80.450766,539.199129,0.372913,0.613894,0.779371,0.191316,192.985984
40.7136,12.0000,2.0,0.229263,80.721414,543.224486,0.372205,0.614838,0.777373,0.190726,192.962388
40.8136,12.0000,2.0,0.229312,80.800788,544.408327,0.371997,0.615115,0.774619,0.190553,192.955468
40.9136,12.0000,2.0,0.229466,81.053363,548.185420,0.371337,0.615995,0.772697,0.190003,192.933447
41.0137,12.0000,2.0,0.229591,81.259100,551.273344,0.370799,0.616713,0.770646,0.189554,192.915510
41.1137,12.0000,2.0,0.229695,81.428863,553.828943,0.370355,0.617305,0.768511,0.189184,192.900709
41.2137,12.0000,2.0,0.229874,81.721309,558.247603,0.369590,0.618325,0.766981,0.188547,192.875213
41.3138,12.0000,2.0,0.230043,81.999752,562.473716,0.368861,0.619296,0.765460,0.187940,192.850937
41.4138,12.0000,2.0,0.230137,82.152504,564.800051,0.368462,0.619829,0.763458,0.187607,192.837620
41.5138,12.0000,2.0,0.230275,82.378549,568.252886,0.367871,0.620617,0.761842,0.187114,192.817912
41.6139,12.0000,2.0,0.230424,82.622507,571.993134,0.367233,0.621468,0.760368,0.186583,192.796643
41.7139,12.0000,2.0,0.230551,82.831324,575.206005,0.366686,0.622196,0.758803,0.186128,192.778437
41.8139,12.0000,2.0,0.230627,82.955915,577.127969,0.366361,0.622630,0.756933,0.185856,192.767575
41.9140,12.0000,2.0,0.230788,83.219051,581.199499,0.365672,0.623548,0.755726,0.185283,192.744634
42.0140,12.0000,2.0,0.230865,83.345578,583.163211,0.365341,0.623989,0.753981,0.185007,192.733603
42.1140,12.0000,2.0,0.230951,83.486331,585.352262,0.364973,0.624480,0.752356,0.184700,192.721331
42.2141,12.0000,2.0,0.231071,83.683368,588.424740,0.364458,0.625167,0.751031,0.184270,192.704153
42.3141,12.0000,2.0,0.231155,83.821637,590.586436,0.364096,0.625649,0.749504,0.183969,192.692098
42.4141,12.0000,2.0,0.231283,84.031550,593.877076,0.363547,0.626381,0.748341,0.183512,192.673797
42.5142,12.0000,2.0,0.231408,84.236095,597.093848,0.363012,0.627095,0.747207,0.183066,192.655964
42.6142,12.0000,2.0,0.231551,84.469987,600.784625,0.362400,0.627910,0.746251,0.182556,192.635572
42.7142,12.0000,2.0,0.231685,84.689460,604.259978,0.361826,0.628676,0.745280,0.182078,192.616438
42.8143,12.0000,2.0,0.231695,84.705755,604.518483,0.361784,0.628733,0.743472,0.182042,192.615017
42.9143,12.0000,2.0,0.231852,84.963805,608.620736,0.361109,0.629633,0.742763,0.181480,192.592519
43.0143,12.0000,2.0,0.231911,85.059319,610.143250,0.360859,0.629966,0.741392,0.181271,192.584192
43.1144,12.0000,2.0,0.232058,85.300172,613.992419,0.360229,0.630806,0.740698,0.180746,192.563193
43.2144,12.0000,2.0,0.232139,85.432911,616.119816,0.359882,0.631269,0.739576,0.180457,192.551621
43.3144,12.0000,2.0,0.232185,85.508909,617.339776,0.359683,0.631534,0.738249,0.180292,192.544995
43.4145,12.0000,2.0,0.232366,85.805845,622.119912,0.358907,0.632569,0.737925,0.179644,192.519107
43.5145,12.0000,2.0,0.232415,85.886168,623.416683,0.358696,0.632849,0.736698,0.179469,192.512104
43.6145,12.0000,2.0,0.232512,86.044748,625.981514,0.358282,0.633402,0.735850,0.179124,192.498278
43.7146,12.0000,2.0,0.232589,86.171042,628.028574,0.357951,0.633843,0.734900,0.178848,192.487267
43.8146,12.0000,2.0,0.232694,86.342988,630.821890,0.357502,0.634442,0.734186,0.178474,192.472277
43.9146,12.0000,2.0,0.232818,86.546378,634.135425,0.356970,0.635152,0.733645,0.178030,192.454544
44.0147,12.0000,2.0,0.232889,86.662937,636.038926,0.356665,0.635558,0.732761,0.177776,192.444382
44.1147,12.0000,2.0,0.232994,86.834405,638.845217,0.356216,0.636156,0.732150,0.177402,192.429433
44.2147,12.0000,2.0,0.233083,86.979819,641.230803,0.355836,0.636663,0.731460,0.177086,192.416755
44.3148,12.0000,2.0,0.233199,87.169711,644.353897,0.355339,0.637325,0.730996,0.176672,192.400200
44.4148,12.0000,2.0,0.233233,87.226718,645.293214,0.355190,0.637524,0.729985,0.176547,192.395230
44.5148,12.0000,2.0,0.233283,87.308441,646.641181,0.354976,0.637809,0.729112,0.176369,192.388105
44.6149,12.0000,2.0,0.233444,87.572340,651.005313,0.354286,0.638729,0.729064,0.175794,192.365097
44.7149,12.0000,2.0,0.233484,87.637391,652.083712,0.354116,0.638956,0.728179,0.175652,192.359425
44.8149,12.0000,2.0,0.233609,87.842993,655.499037,0.353578,0.639673,0.727936,0.175204,192.341500
44.9150,12.0000,2.0,0.233668,87.938064,657.081830,0.353330,0.640005,0.727238,0.174997,192.333211
45.0150,12.0000,2.0,0.233731,88.042324,658.820186,0.353057,0.640368,0.726609,0.174770,192.324122
45.1150,12.0000,2.0,0.233824,88.194680,661.365311,0.352658,0.640900,0.726215,0.174438,192.310839
45.2151,12.0000,2.0,0.233950,88.401547,664.830280,0.352117,0.641621,0.726086,0.173987,192.292803
45.3151,12.0000,2.0,0.234031,88.533016,667.037874,0.351774,0.642080,0.725653,0.173700,192.281341
45.4151,12.0000,2.0,0.234045,88.556241,667.428314,0.351713,0.642161,0.724773,0.173650,192.279316
45.5152,12.0000,2.0,0.234122,88.682841,669.558951,0.351382,0.642602,0.724368,0.173374,192.268279
45.6152,12.0000,2.0,0.234224,88.849177,672.364394,0.350947,0.643182,0.724160,0.173011,192.253777
45.7152,12.0000,2.0,0.234238,88.872108,672.751694,0.350887,0.643262,0.723350,0.172961,192.251778
45.8153,12.0000,2.0,0.234345,89.048583,675.736683,0.350425,0.643878,0.723232,0.172576,192.236392
45.9153,12.0000,2.0,0.234405,89.146704,677.399727,0.350168,0.644220,0.722794,0.172363,192.227837
46.0153,12.0000,2.0,0.234485,89.278310,679.634056,0.349824,0.644679,0.722523,0.172076,192.216364
46.1154,12.0000,2.0,0.234520,89.334129,680.583042,0.349678,0.644873,0.721943,0.171954,192.211497
46.2154,12.0000,2.0,0.234565,89.408088,681.841601,0.349485,0.645131,0.721462,0.171793,192.205049
46.3154,12.0000,2.0,0.234617,89.494288,683.310202,0.349259,0.645432,0.721055,0.171605,192.197534
46.4155,12.0000,2.0,0.234713,89.651059,685.985887,0.348849,0.645979,0.720974,0.171263,192.183866
46.5155,12.0000,2.0,0.234799,89.791622,688.390183,0.348482,0.646469,0.720842,0.170957,192.171611
46.6155,12.0000,2.0,0.234869,89.906178,690.353296,0.348182,0.646868,0.720615,0.170707,192.161624
46.7156,12.0000,2.0,0.235001,90.122652,694.071924,0.347616,0.647623,0.720850,0.170235,192.142750
46.8156,12.0000,2.0,0.235039,90.184731,695.140493,0.347453,0.647840,0.720429,0.170100,192.137338
46.9156,12.0000,2.0,0.235038,90.183672,695.122249,0.347456,0.647836,0.719750,0.170102,192.137431
47.0157,12.0000,2.0,0.235140,90.350227,697.993913,0.347021,0.648417,0.719819,0.169739,192.122910
47.1157,12.0000,2.0,0.235178,90.412289,699.065738,0.346858,0.648633,0.719448,0.169604,192.117499
47.2157,12.0000,2.0,0.235241,90.516978,700.875937,0.346584,0.648998,0.719279,0.169376,192.108372
47.3158,12.0000,2.0,0.235315,90.637783,702.968234,0.346269,0.649420,0.719196,0.169113,192.097839
47.4158,12.0000,2.0,0.235387,90.755580,705.011950,0.345960,0.649831,0.719114,0.168856,192.087569
47.5158,12.0000,2.0,0.235416,90.802561,705.828023,0.345838,0.649994,0.718739,0.168754,192.083473
47.6159,12.0000,2.0,0.235516,90.966432,708.678867,0.345409,0.650566,0.718887,0.168396,192.069186
47.7159,12.0000,2.0,0.235505,90.948686,708.369823,0.345455,0.650504,0.718258,0.168435,192.070734
47.8159,12.0000,2.0,0.235596,91.097487,710.963682,0.345066,0.651023,0.718368,0.168111,192.057761
47.9160,12.0000,2.0,0.235730,91.317298,714.805593,0.344491,0.651789,0.718801,0.167632,192.038597
48.0160,12.0000,2.0,0.235712,91.287684,714.287279,0.344569,0.651686,0.718160,0.167696,192.041178
48.1160,12.0000,2.0,0.235802,91.436192,716.888736,0.344180,0.652204,0.718308,0.167372,192.028231
48.2161,12.0000,2.0,0.235814,91.456008,717.236283,0.344128,0.652273,0.717908,0.167329,192.026503
48.3161,12.0000,2.0,0.235882,91.566285,719.172195,0.343840,0.652658,0.717913,0.167089,192.016889
48.4161,12.0000,2.0,0.235914,91.619148,720.101298,0.343702,0.652842,0.717681,0.166974,192.012280
48.5162,12.0000,2.0,0.235962,91.697149,721.473493,0.343498,0.653114,0.717569,0.166804,192.005480
48.6162,12.0000,2.0,0.235993,91.749330,722.392337,0.343361,0.653296,0.717355,0.166690,192.000930
48.7162,12.0000,2.0,0.236080,91.891421,724.897860,0.342990,0.653792,0.717545,0.166380,191.988542
48.8163,12.0000,2.0,0.236090,91.907911,725.188957,0.342946,0.653849,0.717198,0.166344,191.987105
48.9163,12.0000,2.0,0.236185,92.063341,727.936193,0.342540,0.654391,0.717466,0.166006,191.973554
49.0163,12.0000,2.0,0.236246,92.162905,729.699212,0.342280,0.654738,0.717502,0.165788,191.964873
49.1164,12.0000,2.0,0.236271,92.204564,730.437623,0.342171,0.654884,0.717294,0.165698,191.961241
49.2164,12.0000,2.0,0.236298,92.248551,731.217785,0.342056,0.655037,0.717107,0.165602,191.957406
49.3164,12.0000,2.0,0.236367,92.361230,733.218512,0.341761,0.655430,0.717228,0.165356,191.947582
49.4165,12.0000,2.0,0.236389,92.397820,733.868896,0.341665,0.655558,0.717027,0.165276,191.944392
49.5165,12.0000,2.0,0.236472,92.533818,736.289246,0.341309,0.656032,0.717268,0.164980,191.932535
49.6165,12.0000,2.0,0.236432,92.468335,735.123270,0.341481,0.655804,0.716639,0.165123,191.938245
49.7166,12.0000,2.0,0.236522,92.615079,737.737680,0.341097,0.656315,0.716944,0.164803,191.925451
49.8166,12.0000,2.0,0.236515,92.603373,737.528919,0.341127,0.656274,0.716567,0.164828,191.926471
49.9166,12.0000,2.0,0.236573,92.698326,739.223254,0.340879,0.656606,0.716662,0.164621,191.918193
50.0167,12.0000,2.0,0.236702,92.910560,743.018638,0.340324,0.657346,0.717277,0.164159,191.899690
50.1167,12.0000,2.0,0.236730,92.955548,743.824630,0.340206,0.657503,0.717170,0.164061,191.895767
50.2167,12.0000,2.0,0.236722,92.942381,743.588679,0.340241,0.657457,0.716818,0.164090,191.896915
50.3168,12.0000,2.0,0.236738,92.969951,744.082782,0.340169,0.657553,0.716650,0.164029,191.894512
50.4168,12.0000,2.0,0.236734,92.962737,743.953473,0.340188,0.657528,0.716337,0.164045,191.895141
50.5168,12.0000,2.0,0.236848,93.148852,747.293676,0.339701,0.658177,0.716875,0.163640,191.878914
50.6169,12.0000,2.0,0.236977,93.361297,751.117222,0.339145,0.658918,0.717533,0.163176,191.860393
50.7169,12.0000,2.0,0.236955,93.325467,750.471549,0.339239,0.658793,0.717117,0.163255,191.863516
50.8169,12.0000,2.0,0.236963,93.338397,750.704515,0.339205,0.658838,0.716919,0.163226,191.862389
50.9170,12.0000,2.0,0.237032,93.451499,752.744141,0.338909,0.659232,0.717164,0.162980,191.852528
51.0170,12.0000,2.0,0.237008,93.411293,752.018712,0.339014,0.659092,0.716747,0.163068,191.856034
51.1170,12.0000,2.0,0.237083,93.534807,754.248557,0.338691,0.659523,0.717049,0.162798,191.845265
51.2171,12.0000,2.0,0.237132,93.614224,755.684375,0.338484,0.659800,0.717166,0.162625,191.838341
51.3171,12.0000,2.0,0.237162,93.663778,756.581090,0.338354,0.659972,0.717157,0.162517,191.834021
51.4171,12.0000,2.0,0.237224,93.765720,758.427793,0.338087,0.660328,0.717383,0.162295,191.825133
51.5172,12.0000,2.0,0.237245,93.800783,759.063569,0.337996,0.660450,0.717322,0.162219,191.822076
51.6172,12.0000,2.0,0.237290,93.873620,760.385309,0.337805,0.660704,0.717432,0.162060,191.815726
51.7172,12.0000,2.0,0.237283,93.861729,760.169450,0.337836,0.660663,0.717177,0.162086,191.816763
51.8173,12.0000,2.0,0.237365,93.996284,762.614307,0.337484,0.661132,0.717566,0.161792,191.805032
51.9173,12.0000,2.0,0.237420,94.087394,764.272416,0.337246,0.661450,0.717770,0.161594,191.797089
52.0173,12.0000,2.0,0.237374,94.011312,762.887659,0.337445,0.661184,0.717250,0.161760,191.803722
52.1174,12.0000,2.0,0.237409,94.068634,763.930815,0.337295,0.661384,0.717316,0.161635,191.798724
52.2174,12.0000,2.0,0.237509,94.232341,766.914666,0.336867,0.661955,0.717850,0.161278,191.784452
52.3174,12.0000,2.0,0.237494,94.207861,766.468039,0.336931,0.661870,0.717569,0.161331,191.786586
52.4175,12.0000,2.0,0.237574,94.338847,768.859614,0.336588,0.662327,0.717970,0.161046,191.775166
52.5175,12.0000,2.0,0.237548,94.297116,768.097209,0.336697,0.662181,0.717622,0.161137,191.778804
52.6175,12.0000,2.0,0.237637,94.441950,770.745190,0.336319,0.662686,0.718091,0.160821,191.766177
52.7176,12.0000,2.0,0.237626,94.425102,770.436884,0.336363,0.662627,0.717859,0.160858,191.767646
52.8176,12.0000,2.0,0.237660,94.480153,771.444538,0.336219,0.662819,0.717945,0.160738,191.762846
52.9176,12.0000,2.0,0.237729,94.593581,773.523213,0.335922,0.663215,0.718289,0.160491,191.752957
53.0177,12.0000,2.0,0.237700,94.544759,772.628107,0.336050,0.663045,0.717930,0.160597,191.757214
53.1177,12.0000,2.0,0.237710,94.562700,772.956969,0.336003,0.663107,0.717865,0.160558,191.755649
53.2177,12.0000,2.0,0.237754,94.633650,774.258305,0.335817,0.663355,0.718035,0.160403,191.749464
53.3178,12.0000,2.0,0.237809,94.724438,775.925383,0.335580,0.663671,0.718295,0.160205,191.741549
53.4178,12.0000,2.0,0.237775,94.668704,774.901728,0.335726,0.663477,0.717919,0.160327,191.746408
53.5178,12.0000,2.0,0.237870,94.823472,777.746294,0.335321,0.664017,0.718464,0.159990,191.732914
53.6179,12.0000,2.0,0.237861,94.808708,777.474675,0.335359,0.663965,0.718274,0.160022,191.734202
53.7179,12.0000,2.0,0.237939,94.936535,779.828239,0.335025,0.664411,0.718708,0.159743,191.723057
53.8179,12.0000,2.0,0.237857,94.802385,777.358358,0.335376,0.663943,0.718003,0.160035,191.734753
53.9180,12.0000,2.0,0.237932,94.925186,779.619112,0.335055,0.664371,0.718421,0.159768,191.724047
54.0180,12.0000,2.0,0.237930,94.922077,779.561828,0.335063,0.664361,0.718293,0.159775,191.724318
54.1180,12.0000,2.0,0.237981,95.006451,781.117329,0.334842,0.664655,0.718550,0.159591,191.716962
54.2181,12.0000,2.0,0.238039,95.100991,782.862419,0.334595,0.664985,0.718853,0.159385,191.708719
54.3181,12.0000,2.0,0.238051,95.119981,783.213224,0.334545,0.665051,0.718830,0.159343,191.707064
54.4181,12.0000,2.0,0.238073,95.156103,783.880785,0.334451,0.665177,0.718884,0.159265,191.703914
54.5182,12.0000,2.0,0.238099,95.200145,784.695151,0.334336,0.665330,0.718976,0.159169,191.700075
54.6182,12.0000,2.0,0.238134,95.257114,785.749292,0.334187,0.665529,0.719126,0.159044,191.695108
54.7182,12.0000,2.0,0.238121,95.234872,785.337637,0.334245,0.665451,0.718933,0.159093,191.697047
54.8183,12.0000,2.0,0.238196,95.358516,787.627696,0.333921,0.665883,0.719378,0.158823,191.686267
54.9183,12.0000,2.0,0.238218,95.393709,788.280223,0.333829,0.666005,0.719441,0.158747,191.683199
55.0183,12.0000,2.0,0.238232,95.416761,788.707828,0.333769,0.666086,0.715941,0.158696,191.681189
55.1184,12.0000,2.0,0.238259,95.461807,789.543809,0.333651,0.666243,0.716137,0.158598,191.677262
55.2184,12.0000,2.0,0.238273,95.484818,789.971035,0.333591,0.666323,0.716237,0.158548,191.675256
55.3184,12.0000,2.0,0.238348,95.607316,792.247748,0.333271,0.666750,0.716771,0.158281,191.664576
55.4185,12.0000,2.0,0.238305,95.536328,790.927923,0.333456,0.666503,0.716462,0.158436,191.670765
55.5185,12.0000,2.0,0.238319,95.560010,791.368084,0.333394,0.666585,0.716565,0.158384,191.668700
55.6185,12.0000,2.0,0.238326,95.571936,791.589793,0.333363,0.666627,0.716617,0.158358,191.667660
55.7186,12.0000,2.0,0.238339,95.591819,791.959515,0.333311,0.666696,0.716704,0.158315,191.665927
55.8186,12.0000,2.0,0.238352,95.614605,792.383351,0.333252,0.666776,0.716803,0.158265,191.663940
55.9186,12.0000,2.0,0.238383,95.665368,793.328045,0.333119,0.666953,0.717024,0.158155,191.659515
56.0187,12.0000,2.0,0.238428,95.738841,794.696546,0.332927,0.667209,0.717345,0.157994,191.653109
56.1187,12.0000,2.0,0.238460,95.791249,795.673555,0.332790,0.667392,0.717573,0.157880,191.648540
56.2187,12.0000,2.0,0.238471,95.808849,796.001815,0.332743,0.667453,0.717650,0.157842,191.647005
56.3188,12.0000,2.0,0.238465,95.799376,795.825112,0.332768,0.667420,0.717608,0.157862,191.647831
56.4188,12.0000,2.0,0.238535,95.913630,797.957768,0.332469,0.667819,0.718106,0.157613,191.637870
56.5188,12.0000,2.0,0.238549,95.936172,798.378940,0.332410,0.667897,0.718205,0.157564,191.635905
56.6189,12.0000,2.0,0.238540,95.921418,798.103260,0.332449,0.667846,0.718140,0.157596,191.637191
56.7189,12.0000,2.0,0.238543,95.926575,798.199622,0.332436,0.667864,0.718163,0.157585,191.636741
56.8189,12.0000,2.0,0.238597,96.016091,799.873162,0.332201,0.668176,0.718553,0.157390,191.628937
56.9190,12.0000,2.0,0.238604,96.027148,800.080027,0.332173,0.668214,0.718601,0.157366,191.627973
57.0190,12.0000,2.0,0.238572,95.974059,799.087099,0.332311,0.668029,0.718370,0.157482,191.632602
57.1190,12.0000,2.0,0.238631,96.071424,800.908681,0.332057,0.668369,0.718794,0.157269,191.624113
57.2191,12.0000,2.0,0.238658,96.115927,801.742107,0.331940,0.668524,0.718988,0.157172,191.620233
57.3191,12.0000,2.0,0.238640,96.085493,801.172106,0.332020,0.668418,0.718856,0.157239,191.622886
57.4191,12.0000,2.0,0.238690,96.167277,802.704380,0.331806,0.668703,0.719212,0.157061,191.615756
57.5192,12.0000,2.0,0.238656,96.112009,801.668704,0.331951,0.668510,0.718971,0.157181,191.620575
57.6192,12.0000,2.0,0.238757,96.278187,804.785133,0.331516,0.669090,0.719696,0.156819,191.606087
57.7192,12.0000,2.0,0.238771,96.300070,805.196055,0.331459,0.669166,0.719791,0.156771,191.604179
57.8193,12.0000,2.0,0.238741,96.251013,804.275041,0.331587,0.668995,0.719577,0.156878,191.608456
57.9193,12.0000,2.0,0.238775,96.307454,805.334722,0.331439,0.669192,0.719823,0.156755,191.603535
58.0193,12.0000,2.0,0.238706,96.194106,803.207419,0.331736,0.668797,0.719329,0.157002,191.613417
58.1194,12.0000,2.0,0.238760,96.281789,804.852758,0.331507,0.669102,0.719711,0.156811,191.605773
58.2194,12.0000,2.0,0.238801,96.349609,806.126742,0.331329,0.669339,0.720007,0.156663,191.599860
58.3194,12.0000,2.0,0.238792,96.335074,805.853610,0.331367,0.669288,0.719944,0.156695,191.601127
58.4195,12.0000,2.0,0.238861,96.448479,807.986122,0.331071,0.669684,0.720438,0.156448,191.591240
58.5195,12.0000,2.0,0.238915,96.536401,809.641744,0.330841,0.669990,0.720821,0.156256,191.583574
58.6195,12.0000,2.0,0.238832,96.401185,807.096381,0.331194,0.669519,0.720232,0.156551,191.595363
58.7196,12.0000,2.0,0.238857,96.441329,807.851568,0.331089,0.669659,0.720407,0.156463,191.591863
58.8196,12.0000,2.0,0.238904,96.517870,809.292638,0.330889,0.669926,0.720740,0.156296,191.585190
58.9196,12.0000,2.0,0.238959,96.609264,811.015312,0.330650,0.670244,0.721139,0.156097,191.577222
59.0197,12.0000,2.0,0.238887,96.489916,808.766164,0.330962,0.669828,0.720619,0.156357,191.587627
59.1197,12.0000,2.0,0.238945,96.585535,810.567838,0.330712,0.670162,0.721035,0.156149,191.579291
59.2197,12.0000,2.0,0.239006,96.685920,812.461885,0.330449,0.670512,0.721473,0.155930,191.570539
59.3198,12.0000,2.0,0.238913,96.533767,809.592125,0.330847,0.669981,0.720810,0.156262,191.583804
59.4198,12.0000,2.0,0.238938,96.573533,810.341568,0.330743,0.670120,0.720983,0.156175,191.580337
59.5198,12.0000,2.0,0.238977,96.637372,811.545562,0.330576,0.670342,0.721261,0.156036,191.574771
59.6199,12.0000,2.0,0.238986,96.653227,811.844739,0.330535,0.670398,0.721331,0.156001,191.573389
59.7199,12.0000,2.0,0.239039,96.740331,813.489580,0.330307,0.670702,0.721710,0.155812,191.565795
59.8199,12.0000,2.0,0.239034,96.731973,813.331664,0.330329,0.670672,0.721674,0.155830,191.566524
59.9200,12.0000,2.0,0.238985,96.651078,811.804196,0.330541,0.670390,0.721321,0.156006,191.573576
60.0200,12.0000,2.0,0.239067,96.785284,814.339233,0.330190,0.670858,0.721906,0.155714,191.561876
60.1200,12.0000,2.0,0.239045,96.750078,813.673762,0.330282,0.670736,0.721753,0.155790,191.564945
60.2201,12.0000,2.0,0.239114,96.861875,815.788069,0.329989,0.671125,0.722240,0.155547,191.555198
60.3201,12.0000,2.0,0.239067,96.785731,814.347689,0.330188,0.670860,0.721908,0.155713,191.561837
60.4201,12.0000,2.0,0.239078,96.804001,814.693149,0.330141,0.670924,0.721988,0.155673,191.560244
60.5202,12.0000,2.0,0.239126,96.881375,816.157185,0.329938,0.671193,0.722325,0.155504,191.553498
60.6202,12.0000,2.0,0.239143,96.910720,816.712851,0.329862,0.671296,0.722453,0.155440,191.550940
60.7202,12.0000,2.0,0.239145,96.913007,816.756147,0.329856,0.671304,0.722463,0.155435,191.550740
60.8203,12.0000,2.0,0.239091,96.824124,815.073753,0.330088,0.670994,0.722076,0.155629,191.558490
60.9203,12.0000,2.0,0.239169,96.952885,817.511637,0.329751,0.671443,0.722637,0.155348,191.547264
61.0203,12.0000,2.0,0.239132,96.891627,816.351285,0.329911,0.671229,0.722370,0.155482,191.552604
61.1204,12.0000,2.0,0.239181,96.972249,817.878639,0.329701,0.671510,0.722721,0.155306,191.545576
61.2204,12.0000,2.0,0.239141,96.906226,816.627740,0.329873,0.671280,0.722433,0.155450,191.551332
61.3204,12.0000,2.0,0.239208,97.016446,818.716654,0.329585,0.671664,0.722914,0.155210,191.541722
61.4205,12.0000,2.0,0.239180,96.970307,817.841835,0.329706,0.671504,0.722713,0.155310,191.545745
61.5205,12.0000,2.0,0.239175,96.962806,817.699668,0.329725,0.671477,0.722680,0.155327,191.546399
61.6205,12.0000,2.0,0.239246,97.078726,819.898415,0.329422,0.671882,0.723185,0.155074,191.536292
61.7206,12.0000,2.0,0.239241,97.071014,819.752010,0.329442,0.671855,0.723152,0.155091,191.536965
61.8206,12.0000,2.0,0.239225,97.043930,819.238030,0.329513,0.671760,0.723034,0.155150,191.539326
61.9206,12.0000,2.0,0.239297,97.162688,821.493170,0.329203,0.672174,0.723551,0.154891,191.528972
62.0207,12.0000,2.0,0.239249,97.083404,819.987208,0.329410,0.671898,0.723206,0.155064,191.535885
62.1207,12.0000,2.0,0.239272,97.122157,820.723106,0.329309,0.672033,0.723375,0.154979,191.532506
62.2207,12.0000,2.0,0.239289,97.148924,821.231616,0.329239,0.672126,0.723491,0.154921,191.530172
62.3208,12.0000,2.0,0.239271,97.119235,820.667606,0.329316,0.672023,0.723362,0.154986,191.532761
62.4208,12.0000,2.0,0.239313,97.188331,821.980592,0.329135,0.672264,0.723663,0.154835,191.526737
62.5208,12.0000,2.0,0.239291,97.152475,821.299092,0.329229,0.672139,0.723507,0.154913,191.529863
62.6209,12.0000,2.0,0.239303,97.172760,821.684596,0.329176,0.672210,0.723595,0.154869,191.528094
62.7209,12.0000,2.0,0.239366,97.275491,823.638604,0.328907,0.672568,0.724043,0.154645,191.519138
62.8209,12.0000,2.0,0.239301,97.169170,821.616366,0.329186,0.672197,0.723580,0.154877,191.528407
62.9210,12.0000,2.0,0.239268,97.114229,820.572517,0.329329,0.672005,0.723340,0.154997,191.533197
63.0210,12.0000,2.0,0.239399,97.328912,824.655801,0.328768,0.672754,0.724276,0.154529,191.514480
63.1210,12.0000,2.0,0.239435,97.389160,825.803878,0.328610,0.672964,0.724539,0.154397,191.509228
63.2211,12.0000,2.0,0.239353,97.254592,823.240871,0.328962,0.672495,0.723952,0.154691,191.520960
63.3211,12.0000,2.0,0.239314,97.191011,822.031533,0.329128,0.672273,0.723675,0.154829,191.526503
63.4211,12.0000,2.0,0.239372,97.285163,823.822721,0.328882,0.672602,0.724085,0.154624,191.518294
63.5212,12.0000,2.0,0.239380,97.299050,824.087112,0.328846,0.672650,0.724146,0.154594,191.517084
63.6212,12.0000,2.0,0.239391,97.316381,824.417132,0.328801,0.672710,0.724221,0.154556,191.515573
63.7212,12.0000,2.0,0.239370,97.282567,823.773302,0.328889,0.672593,0.724074,0.154630,191.518521
63.8213,12.0000,2.0,0.239429,97.379419,825.618195,0.328636,0.672930,0.724496,0.154419,191.510077
63.9213,12.0000,2.0,0.239435,97.388718,825.795463,0.328611,0.672963,0.724537,0.154398,191.509266
64.0213,12.0000,2.0,0.239381,97.299674,824.098993,0.328844,0.672652,0.724149,0.154592,191.517029
64.1214,12.0000,2.0,0.239455,97.421107,826.413039,0.328527,0.673076,0.724678,0.154328,191.506442
64.2214,12.0000,2.0,0.239503,97.500387,827.925889,0.328319,0.673352,0.725023,0.154155,191.499530
64.3214,12.0000,2.0,0.239453,97.417811,826.350184,0.328535,0.673064,0.724664,0.154335,191.506730
64.4215,12.0000,2.0,0.239444,97.403664,826.080409,0.328572,0.673015,0.724602,0.154366,191.507963
64.5215,12.0000,2.0,0.239457,97.424606,826.479773,0.328517,0.673088,0.724693,0.154320,191.506137
64.6215,12.0000,2.0,0.239487,97.473505,827.412731,0.328390,0.673258,0.724906,0.154214,191.501874
64.7216,12.0000,2.0,0.239422,97.367106,825.383518,0.328668,0.672887,0.724442,0.154445,191.511150
64.8216,12.0000,2.0,0.239486,97.472621,827.395865,0.328392,0.673255,0.724902,0.154215,191.501951
64.9216,12.0000,2.0,0.239476,97.455505,827.069243,0.328437,0.673196,0.724828,0.154253,191.503443
65.0217,12.0000,2.0,0.239551,97.577914,829.406876,0.328116,0.673622,0.725361,0.153986,191.492771
65.1217,12.0000,2.0,0.239495,97.487177,827.673703,0.328354,0.673306,0.724966,0.154184,191.500682
65.2217,12.0000,2.0,0.239558,97.589514,829.628594,0.328086,0.673663,0.725412,0.153961,191.491760
65.3218,12.0000,2.0,0.239479,97.461038,827.174807,0.328422,0.673215,0.724852,0.154241,191.502961
65.4218,12.0000,2.0,0.239537,97.555567,828.979818,0.328175,0.673545,0.725264,0.154035,191.494720
65.5218,12.0000,2.0,0.239535,97.552028,828.912206,0.328184,0.673532,0.725249,0.154042,191.495028
65.6219,12.0000,2.0,0.239504,97.502337,827.963119,0.328314,0.673359,0.725032,0.154151,191.499360
65.7219,12.0000,2.0,0.239542,97.564268,829.146091,0.328152,0.673575,0.725302,0.154016,191.493961
65.8219,12.0000,2.0,0.239580,97.625514,830.316940,0.327992,0.673788,0.725569,0.153882,191.488621
65.9220,12.0000,2.0,0.239538,97.558069,829.027627,0.328168,0.673553,0.725275,0.154029,191.494501
66.0220,12.0000,2.0,0.239502,97.498914,827.897762,0.328323,0.673347,0.725017,0.154158,191.499659
66.1220,12.0000,2.0,0.239559,97.591771,829.671755,0.328080,0.673671,0.725422,0.153956,191.491563
66.2221,12.0000,2.0,0.239538,97.556552,828.998641,0.328172,0.673548,0.725268,0.154033,191.494634
66.3221,12.0000,2.0,0.239560,97.593467,829.704162,0.328076,0.673677,0.725429,0.153952,191.491415
66.4221,12.0000,2.0,0.239573,97.615303,830.121679,0.328019,0.673753,0.725524,0.153904,191.489511
66.5222,12.0000,2.0,0.239529,97.542789,828.735702,0.328208,0.673500,0.725208,0.154063,191.495834
66.6222,12.0000,2.0,0.239537,97.555870,828.985606,0.328174,0.673546,0.725265,0.154034,191.494693
66.7222,12.0000,2.0,0.239606,97.669229,831.153261,0.327878,0.673941,0.725759,0.153787,191.484810
66.8223,12.0000,2.0,0.239581,97.627357,830.352196,0.327987,0.673795,0.725577,0.153878,191.488461
66.9223,12.0000,2.0,0.239524,97.533519,828.558605,0.328233,0.673468,0.725168,0.154083,191.496642
67.0223,12.0000,2.0,0.239631,97.709157,831.917564,0.327773,0.674080,0.725934,0.153700,191.481329
67.1224,12.0000,2.0,0.239620,97.691591,831.581257,0.327819,0.674019,0.725857,0.153738,191.482860
67.2224,12.0000,2.0,0.239595,97.650235,830.789827,0.327927,0.673875,0.725677,0.153828,191.486466
67.3224,12.0000,2.0,0.239581,97.627945,830.363431,0.327986,0.673797,0.725580,0.153877,191.488409
67.4225,12.0000,2.0,0.239652,97.743335,832.572128,0.327684,0.674199,0.726083,0.153625,191.478349
67.5225,12.0000,2.0,0.239641,97.726674,832.253004,0.327727,0.674141,0.726010,0.153662,191.479802
67.6225,12.0000,2.0,0.239708,97.835903,834.346478,0.327442,0.674522,0.726486,0.153424,191.470279
67.7226,12.0000,2.0,0.239653,97.745254,832.608875,0.327679,0.674206,0.726091,0.153621,191.478182
67.8226,12.0000,2.0,0.239656,97.751007,832.719100,0.327664,0.674226,0.726116,0.153609,191.477680
67.9226,12.0000,2.0,0.239644,97.730561,832.327452,0.327717,0.674155,0.726027,0.153653,191.479463
68.0227,12.0000,2.0,0.239678,97.786941,833.407695,0.327570,0.674351,0.726273,0.153530,191.474547
68.1227,12.0000,2.0,0.239677,97.784461,833.360163,0.327576,0.674343,0.726262,0.153536,191.474764
68.2227,12.0000,2.0,0.239700,97.822809,834.095361,0.327476,0.674477,0.726429,0.153452,191.471420
68.3228,12.0000,2.0,0.239650,97.741085,832.529019,0.327690,0.674192,0.726073,0.153630,191.478545
68.4228,12.0000,2.0,0.239657,97.752222,832.742375,0.327661,0.674230,0.726121,0.153606,191.477574
68.5228,12.0000,2.0,0.239660,97.756793,832.829953,0.327649,0.674246,0.726141,0.153596,191.477176
68.6229,12.0000,2.0,0.239703,97.826960,834.174961,0.327465,0.674491,0.726447,0.153443,191.471058
68.7229,12.0000,2.0,0.239728,97.868927,834.980024,0.327355,0.674637,0.726630,0.153352,191.467400
68.8229,12.0000,2.0,0.239672,97.777571,833.228112,0.327594,0.674319,0.726232,0.153551,191.475364
68.9230,12.0000,2.0,0.239677,97.785699,833.383887,0.327573,0.674347,0.726267,0.153533,191.474656
69.0230,12.0000,2.0,0.239704,97.828986,834.213810,0.327460,0.674498,0.726456,0.153439,191.470882
69.1230,12.0000,2.0,0.239691,97.807258,833.797176,0.327517,0.674422,0.726361,0.153486,191.472776
69.2231,12.0000,2.0,0.239731,97.873335,835.064627,0.327344,0.674653,0.726649,0.153342,191.467015
69.3231,12.0000,2.0,0.239637,97.719253,832.110877,0.327747,0.674115,0.725978,0.153678,191.480449
69.4231,12.0000,2.0,0.239684,97.796539,833.591671,0.327545,0.674385,0.726314,0.153509,191.473711
69.5232,12.0000,2.0,0.239689,97.804711,833.748329,0.327523,0.674413,0.726350,0.153492,191.472998
69.6232,12.0000,2.0,0.239646,97.733696,832.387492,0.327709,0.674166,0.726041,0.153646,191.479190
69.7232,12.0000,2.0,0.239691,97.807341,833.798764,0.327516,0.674423,0.726362,0.153486,191.472769
69.8233,12.0000,2.0,0.239696,97.815502,833.955234,0.327495,0.674451,0.726397,0.153468,191.472057
69.9233,12.0000,2.0,0.239721,97.856869,834.748672,0.327387,0.674595,0.726577,0.153378,191.468451
70.0233,12.0000,2.0,0.239764,97.928166,836.117229,0.327200,0.674844,0.726888,0.153223,191.462235
70.1234,12.0000,2.0,0.239726,97.865789,834.919819,0.327364,0.674626,0.726616,0.153358,191.467673
70.2234,12.0000,2.0,0.239706,97.831956,834.270783,0.327452,0.674508,0.726469,0.153432,191.470623
70.3234,12.0000,2.0,0.239739,97.886036,835.308370,0.327311,0.674697,0.726705,0.153314,191.465908
70.4235,12.0000,2.0,0.239776,97.946662,836.472461,0.327152,0.674908,0.726969,0.153182,191.460622
70.5235,12.0000,2.0,0.239717,97.850658,834.629509,0.327403,0.674574,0.726550,0.153391,191.468992
70.6235,12.0000,2.0,0.239722,97.859114,834.791745,0.327381,0.674603,0.726587,0.153373,191.468255
70.7236,12.0000,2.0,0.239770,97.937692,836.300182,0.327175,0.674877,0.726930,0.153202,191.461404
70.8236,12.0000,2.0,0.239749,97.903746,835.648336,0.327264,0.674759,0.726782,0.153276,191.464364
70.9236,12.0000,2.0,0.239779,97.952192,836.578707,0.327138,0.674928,0.726993,0.153170,191.460140
71.0237,12.0000,2.0,0.239762,97.924068,836.038529,0.327211,0.674830,0.726870,0.153231,191.462592
71.1237,12.0000,2.0,0.239787,97.964705,836.819096,0.327105,0.674971,0.727048,0.153143,191.459049
71.2237,12.0000,2.0,0.239737,97.882677,835.243913,0.327319,0.674685,0.726690,0.153322,191.466201
71.3238,12.0000,2.0,0.239771,97.938577,836.317169,0.327173,0.674880,0.726934,0.153200,191.461327
71.4238,12.0000,2.0,0.239768,97.933337,836.216530,0.327187,0.674862,0.726911,0.153211,191.461784
71.5238,12.0000,2.0,0.239740,97.887709,835.340477,0.327306,0.674703,0.726712,0.153311,191.465762
71.6239,12.0000,2.0,0.239732,97.874903,835.094712,0.327340,0.674658,0.726656,0.153339,191.466879
71.7239,12.0000,2.0,0.239803,97.991881,837.341358,0.327034,0.675066,0.727166,0.153084,191.456680
71.8239,12.0000,2.0,0.239774,97.944506,836.431058,0.327158,0.674901,0.726959,0.153187,191.460810
71.9240,12.0000,2.0,0.239757,97.915344,835.871006,0.327234,0.674799,0.726832,0.153250,191.463353
72.0240,12.0000,2.0,0.239787,97.965998,836.843956,0.327101,0.674976,0.727053,0.153140,191.458936
72.1240,12.0000,2.0,0.239827,98.031503,838.103142,0.326930,0.675204,0.727339,0.152997,191.453226
72.2241,12.0000,2.0,0.239726,97.865307,834.910564,0.327365,0.674625,0.726614,0.153360,191.467715
72.3241,12.0000,2.0,0.239752,97.908700,835.743434,0.327251,0.674776,0.726803,0.153265,191.463932
72.4241,12.0000,2.0,0.239773,97.941523,836.373760,0.327165,0.674891,0.726946,0.153193,191.461070
72.5242,12.0000,2.0,0.239848,98.064811,838.743832,0.326843,0.675320,0.727484,0.152925,191.450322
72.6242,12.0000,2.0,0.239814,98.009914,837.688011,0.326987,0.675129,0.727245,0.153044,191.455108
72.7242,12.0000,2.0,0.239831,98.038133,838.230648,0.326913,0.675227,0.727368,0.152983,191.452648
72.8243,12.0000,2.0,0.239776,97.946692,836.473045,0.327152,0.674909,0.726969,0.153182,191.460620
72.9243,12.0000,2.0,0.239779,97.951607,836.567459,0.327139,0.674926,0.726990,0.153171,191.460191
73.0243,12.0000,2.0,0.239829,98.033809,838.147492,0.326924,0.675212,0.727349,0.152992,191.453024
73.1244,12.0000,2.0,0.239819,98.018119,837.845777,0.326965,0.675158,0.727280,0.153026,191.454392
73.2244,12.0000,2.0,0.239837,98.046382,838.389318,0.326891,0.675256,0.727404,0.152965,191.451928
73.3244,12.0000,2.0,0.239816,98.013255,837.752246,0.326978,0.675141,0.727259,0.153037,191.454816
73.4245,12.0000,2.0,0.239833,98.040192,838.270258,0.326907,0.675235,0.727377,0.152978,191.452468
73.5245,12.0000,2.0,0.239831,98.037792,838.224097,0.326914,0.675226,0.727366,0.152984,191.452677
73.6245,12.0000,2.0,0.239852,98.072331,838.888534,0.326823,0.675347,0.727517,0.152908,191.449666
73.7246,12.0000,2.0,0.239855,98.077305,838.984243,0.326810,0.675364,0.727538,0.152897,191.449232
73.8246,12.0000,2.0,0.239783,97.959429,836.717727,0.327119,0.674953,0.727025,0.153154,191.459509
73.9246,12.0000,2.0,0.239766,97.931483,836.180927,0.327192,0.674856,0.726903,0.153215,191.461946
74.0247,12.0000,2.0,0.239868,98.097316,839.369368,0.326758,0.675434,0.727626,0.152854,191.447488
74.1247,12.0000,2.0,0.239875,98.109954,839.612658,0.326725,0.675478,0.727681,0.152826,191.446386
74.2247,12.0000,2.0,0.239810,98.002834,837.551900,0.327005,0.675104,0.727214,0.153060,191.455725
74.3248,12.0000,2.0,0.239786,97.964130,836.808050,0.327106,0.674969,0.727045,0.153144,191.459099
74.4248,12.0000,2.0,0.239848,98.065289,838.753035,0.326842,0.675322,0.727486,0.152924,191.450280
74.5248,12.0000,2.0,0.239875,98.110054,839.614595,0.326725,0.675478,0.727681,0.152826,191.446377
74.6249,12.0000,2.0,0.239904,98.156528,840.509582,0.326603,0.675640,0.727884,0.152725,191.442325
74.7249,12.0000,2.0,0.239867,98.095560,839.335570,0.326763,0.675428,0.727618,0.152858,191.447641
74.8249,12.0000,2.0,0.239841,98.054217,838.540020,0.326871,0.675284,0.727438,0.152948,191.451245
74.9250,12.0000,2.0,0.239827,98.031166,838.096647,0.326931,0.675203,0.727337,0.152998,191.453255
75.0250,12.0000,2.0,0.239857,98.079376,839.024108,0.326805,0.675371,0.727547,0.152893,191.449052
75.1250,12.0000,2.0,0.239849,98.066785,838.781823,0.326838,0.675327,0.727493,0.152920,191.450150
75.2251,12.0000,2.0,0.239829,98.033903,838.149286,0.326924,0.675213,0.727349,0.152992,191.453016
75.3251,12.0000,2.0,0.239924,98.189965,841.153864,0.326516,0.675757,0.728029,0.152652,191.439410
75.4251,12.0000,2.0,0.239918,98.179621,840.954521,0.326543,0.675721,0.727984,0.152674,191.440312
75.5252,12.0000,2.0,0.239900,98.149965,840.383162,0.326620,0.675617,0.727855,0.152739,191.442898
75.6252,12.0000,2.0,0.239839,98.049885,838.456696,0.326882,0.675268,0.727419,0.152957,191.451623
75.7252,12.0000,2.0,0.239894,98.141409,840.218360,0.326643,0.675588,0.727818,0.152758,191.443643
75.8253,12.0000,2.0,0.239890,98.133336,840.062874,0.326664,0.675559,0.727783,0.152775,191.444347
75.9253,12.0000,2.0,0.239885,98.126144,839.924387,0.326683,0.675534,0.727751,0.152791,191.444974
76.0253,12.0000,2.0,0.239911,98.169129,840.752357,0.326570,0.675684,0.727939,0.152697,191.441227
76.1254,12.0000,2.0,0.239894,98.141011,840.210694,0.326644,0.675586,0.727816,0.152759,191.443678
76.2254,12.0000,2.0,0.239899,98.148807,840.360854,0.326623,0.675613,0.727850,0.152742,191.442999
76.3254,12.0000,2.0,0.239897,98.146184,840.310320,0.326630,0.675604,0.727839,0.152747,191.443227
76.4255,12.0000,2.0,0.239890,98.133878,840.073318,0.326662,0.675561,0.727785,0.152774,191.444300
76.5255,12.0000,2.0,0.239827,98.030127,838.076670,0.326934,0.675200,0.727333,0.153000,191.453346
76.6255,12.0000,2.0,0.239885,98.125926,839.920194,0.326683,0.675534,0.727750,0.152792,191.444993
76.7256,12.0000,2.0,0.239867,98.096343,839.350654,0.326761,0.675430,0.727621,0.152856,191.447573
76.8256,12.0000,2.0,0.239846,98.062538,838.700114,0.326849,0.675313,0.727474,0.152930,191.450520
76.9256,12.0000,2.0,0.239938,98.212969,841.597280,0.326455,0.675837,0.728130,0.152602,191.437405
77.0257,12.0000,2.0,0.239941,98.217646,841.687456,0.326443,0.675853,0.728150,0.152592,191.436997
77.1257,12.0000,2.0,0.239931,98.201447,841.375166,0.326486,0.675797,0.728080,0.152627,191.438409
77.2257,12.0000,2.0,0.239899,98.148507,840.355079,0.326624,0.675612,0.727849,0.152742,191.443025
77.3258,12.0000,2.0,0.239934,98.205510,841.453495,0.326475,0.675811,0.728097,0.152618,191.438055
77.4258,12.0000,2.0,0.239894,98.140786,840.206366,0.326644,0.675585,0.727815,0.152759,191.443698
77.5258,12.0000,2.0,0.239901,98.152501,840.431998,0.326614,0.675626,0.727866,0.152734,191.442677
77.6259,12.0000,2.0,0.239863,98.089837,839.225422,0.326778,0.675408,0.727593,0.152870,191.448140
77.7259,12.0000,2.0,0.239910,98.166483,840.701367,0.326577,0.675675,0.727927,0.152703,191.441457
77.8259,12.0000,2.0,0.239901,98.151749,840.417522,0.326616,0.675624,0.727863,0.152735,191.442742
77.9260,12.0000,2.0,0.239860,98.085667,839.145172,0.326788,0.675393,0.727575,0.152879,191.448503
78.0260,12.0000,2.0,0.239900,98.150284,840.389307,0.326619,0.675619,0.727857,0.152738,191.442870
78.1260,12.0000,2.0,0.239900,98.150876,840.400711,0.326618,0.675621,0.727859,0.152737,191.442818
78.2261,12.0000,2.0,0.239959,98.246734,842.248386,0.326367,0.675955,0.728277,0.152528,191.434461
78.3261,12.0000,2.0,0.239932,98.203535,841.415425,0.326480,0.675804,0.728089,0.152622,191.438227
78.4261,12.0000,2.0,0.239907,98.161341,840.602302,0.326591,0.675657,0.727905,0.152714,191.441906
78.5262,12.0000,2.0,0.239915,98.175128,840.867932,0.326554,0.675705,0.727965,0.152684,191.440704
78.6262,12.0000,2.0,0.239910,98.166794,840.707370,0.326576,0.675676,0.727928,0.152702,191.441430
78.7262,12.0000,2.0,0.239904,98.156310,840.505384,0.326604,0.675640,0.727883,0.152725,191.442344
78.8263,12.0000,2.0,0.239878,98.114183,839.694078,0.326714,0.675493,0.727699,0.152817,191.446017
78.9263,12.0000,2.0,0.239907,98.162577,840.626116,0.326587,0.675661,0.727910,0.152712,191.441798
79.0263,12.0000,2.0,0.239890,98.134627,840.087748,0.326660,0.675564,0.727788,0.152773,191.444235
79.1264,12.0000,2.0,0.239876,98.111196,839.636580,0.326722,0.675482,0.727686,0.152824,191.446278
79.2264,12.0000,2.0,0.239931,98.201031,841.367151,0.326487,0.675796,0.728078,0.152628,191.438445
79.3264,12.0000,2.0,0.239928,98.196769,841.284998,0.326498,0.675781,0.728059,0.152637,191.438817
79.4265,12.0000,2.0,0.239863,98.089584,839.220563,0.326778,0.675407,0.727592,0.152871,191.448162
79.5265,12.0000,2.0,0.239915,98.174478,840.855418,0.326556,0.675703,0.727962,0.152686,191.440760
79.6265,12.0000,2.0,0.239950,98.232069,841.965555,0.326406,0.675904,0.728213,0.152560,191.435739
79.7266,12.0000,2.0,0.239953,98.236896,842.058635,0.326393,0.675921,0.728234,0.152550,191.435319
79.8266,12.0000,2.0,0.239953,98.236856,842.057875,0.326393,0.675920,0.728234,0.152550,191.435322
79.9266,12.0000,2.0,0.239924,98.189120,841.137568,0.326518,0.675754,0.728026,0.152654,191.439484
80.0267,12.0000,2.0,0.239898,98.146511,840.316630,0.326629,0.675605,0.727840,0.152747,191.443199
80.1267,12.0000,2.0,0.239891,98.136148,840.117035,0.326656,0.675569,0.727795,0.152769,191.444102
80.2267,12.0000,2.0,0.239936,98.209113,841.522947,0.326466,0.675824,0.728113,0.152610,191.437741
80.3268,12.0000,2.0,0.239938,98.212377,841.585877,0.326457,0.675835,0.728127,0.152603,191.437456
80.4268,12.0000,2.0,0.239966,98.259291,842.490604,0.326334,0.675999,0.728332,0.152501,191.433366
80.5268,12.0000,2.0,0.239962,98.251416,842.338695,0.326355,0.675971,0.728297,0.152518,191.434053
80.6269,12.0000,2.0,0.239925,98.191280,841.179200,0.326512,0.675762,0.728035,0.152649,191.439296
80.7269,12.0000,2.0,0.239892,98.137136,840.136068,0.326654,0.675573,0.727799,0.152767,191.444016
80.8269,12.0000,2.0,0.239921,98.184828,841.054869,0.326529,0.675739,0.728007,0.152663,191.439858
80.9270,12.0000,2.0,0.239938,98.213065,841.599125,0.326455,0.675837,0.728130,0.152602,191.437396
81.0270,12.0000,2.0,0.239926,98.193500,841.222000,0.326506,0.675769,0.728045,0.152644,191.439102
81.1270,12.0000,2.0,0.239916,98.176094,840.886550,0.326552,0.675709,0.727969,0.152682,191.440620
81.2271,12.0000,2.0,0.239942,98.218999,841.713547,0.326440,0.675858,0.728156,0.152589,191.436879
81.3271,12.0000,2.0,0.239920,98.182507,841.010130,0.326535,0.675731,0.727997,0.152668,191.440060
81.4271,12.0000,2.0,0.239917,98.177634,840.916231,0.326548,0.675714,0.727976,0.152679,191.440485
81.5272,12.0000,2.0,0.239946,98.225926,841.847103,0.326422,0.675882,0.728186,0.152574,191.436275
81.6272,12.0000,2.0,0.239925,98.191553,841.184476,0.326511,0.675762,0.728036,0.152648,191.439272
81.7272,12.0000,2.0,0.239946,98.225142,841.831976,0.326424,0.675880,0.728183,0.152575,191.436343
81.8273,12.0000,2.0,0.239947,98.227864,841.884468,0.326417,0.675889,0.728195,0.152569,191.436106
81.9273,12.0000,2.0,0.239905,98.158484,840.547258,0.326598,0.675647,0.727892,0.152721,191.442155
82.0273,12.0000,2.0,0.239926,98.192629,841.205203,0.326509,0.675766,0.728041,0.152646,191.439178
82.1274,12.0000,2.0,0.239985,98.289800,843.079269,0.326255,0.676105,0.728465,0.152434,191.430706
82.2274,12.0000,2.0,0.239906,98.161012,840.595973,0.326591,0.675656,0.727903,0.152715,191.441934
82.3274,12.0000,2.0,0.239878,98.114474,839.699677,0.326713,0.675494,0.727700,0.152816,191.445992
82.4275,12.0000,2.0,0.239887,98.128389,839.967620,0.326677,0.675542,0.727761,0.152786,191.444779
82.5275,12.0000,2.0,0.239945,98.224097,841.811842,0.326426,0.675876,0.728178,0.152578,191.436434
82.6275,12.0000,2.0,0.239946,98.225334,841.835680,0.326423,0.675880,0.728184,0.152575,191.436327
82.7276,12.0000,2.0,0.239942,98.219039,841.714309,0.326440,0.675858,0.728156,0.152589,191.436875
82.8276,12.0000,2.0,0.239983,98.286746,843.020337,0.326263,0.676094,0.728451,0.152441,191.430972
82.9276,12.0000,2.0,0.239865,98.093499,839.295902,0.326768,0.675421,0.727609,0.152862,191.447821
83.0277,12.0000,2.0,0.239960,98.248027,842.273316,0.326364,0.675959,0.728283,0.152525,191.434348
83.1277,12.0000,2.0,0.239996,98.307378,843.418545,0.326209,0.676166,0.728541,0.152396,191.429174
83.2277,12.0000,2.0,0.239914,98.173980,840.845813,0.326557,0.675701,0.727960,0.152687,191.440804
83.3278,12.0000,2.0,0.239938,98.212428,841.586847,0.326457,0.675835,0.728127,0.152603,191.437452
83.4278,12.0000,2.0,0.239927,98.194810,841.247235,0.326503,0.675774,0.728051,0.152641,191.438988
83.5278,12.0000,2.0,0.239923,98.188760,841.130641,0.326519,0.675753,0.728024,0.152655,191.439515
83.6279,12.0000,2.0,0.239941,98.218175,841.697648,0.326442,0.675855,0.728152,0.152590,191.436951
83.7279,12.0000,2.0,0.239995,98.306860,843.408545,0.326210,0.676165,0.728539,0.152397,191.429219
83.8279,12.0000,2.0,0.240009,98.328340,843.823250,0.326154,0.676239,0.728633,0.152350,191.427346
83.9280,12.0000,2.0,0.239943,98.220647,841.745315,0.326435,0.675864,0.728163,0.152585,191.436735
84.0280,12.0000,2.0,0.240012,98.333658,843.925930,0.326140,0.676258,0.728656,0.152339,191.426882
84.1280,12.0000,2.0,0.239955,98.241133,842.140347,0.326382,0.675935,0.728253,0.152540,191.434949
84.2281,12.0000,2.0,0.240008,98.327975,843.816199,0.326155,0.676238,0.728631,0.152351,191.427378
84.3281,12.0000,2.0,0.239953,98.236551,842.051989,0.326394,0.675919,0.728233,0.152550,191.435349
84.4281,12.0000,2.0,0.239960,98.248683,842.285964,0.326362,0.675962,0.728285,0.152524,191.434291
84.5282,12.0000,2.0,0.239968,98.261306,842.529461,0.326329,0.676006,0.728340,0.152496,191.433190
84.6282,12.0000,2.0,0.240054,98.402866,845.262985,0.325959,0.676499,0.728958,0.152188,191.420849
84.7282,12.0000,2.0,0.239984,98.287367,843.032312,0.326261,0.676097,0.728454,0.152440,191.430918
84.8283,12.0000,2.0,0.239937,98.210308,841.545987,0.326462,0.675828,0.728118,0.152608,191.437637
84.9283,12.0000,2.0,0.239988,98.294979,843.179226,0.326241,0.676123,0.728487,0.152423,191.430255
85.0283,12.0000,2.0,0.239948,98.229285,841.911872,0.326413,0.675894,0.728201,0.152566,191.435982
85.1284,12.0000,2.0,0.239945,98.223726,841.804677,0.326427,0.675875,0.728177,0.152578,191.436467
85.2284,12.0000,2.0,0.239988,98.294470,843.169388,0.326242,0.676121,0.728485,0.152424,191.430299
85.3284,12.0000,2.0,0.239962,98.251410,842.338566,0.326355,0.675971,0.728297,0.152518,191.434053
85.4285,12.0000,2.0,0.239970,98.264590,842.592820,0.326320,0.676017,0.728355,0.152489,191.432904
85.5285,12.0000,2.0,0.239962,98.252156,842.352960,0.326353,0.675974,0.728301,0.152516,191.433988
85.6285,12.0000,2.0,0.239972,98.269071,842.679282,0.326309,0.676033,0.728374,0.152480,191.432513
85.7286,12.0000,2.0,0.239976,98.274266,842.779514,0.326295,0.676051,0.728397,0.152468,191.432060
85.8286,12.0000,2.0,0.239904,98.156936,840.517438,0.326602,0.675642,0.727886,0.152724,191.442290
85.9286,12.0000,2.0,0.239984,98.287869,843.042006,0.326260,0.676098,0.728456,0.152439,191.430875
86.0287,12.0000,2.0,0.239934,98.206187,841.466534,0.326473,0.675813,0.728100,0.152617,191.437996
86.1287,12.0000,2.0,0.239920,98.183910,841.037178,0.326531,0.675736,0.728003,0.152665,191.439938
86.2287,12.0000,2.0,0.239963,98.253833,842.385318,0.326349,0.675980,0.728308,0.152513,191.433842
86.3288,12.0000,2.0,0.239968,98.261672,842.536536,0.326328,0.676007,0.728342,0.152496,191.433158
86.4288,12.0000,2.0,0.239945,98.223508,841.800484,0.326428,0.675874,0.728176,0.152579,191.436486
86.5288,12.0000,2.0,0.239992,98.300437,843.284560,0.326227,0.676142,0.728511,0.152411,191.429779
86.6289,12.0000,2.0,0.239926,98.192469,841.202125,0.326509,0.675766,0.728040,0.152646,191.439192
86.7289,12.0000,2.0,0.239955,98.239915,842.116861,0.326385,0.675931,0.728247,0.152543,191.435055
86.8289,12.0000,2.0,0.239950,98.231694,841.958321,0.326406,0.675902,0.728211,0.152561,191.435772
86.9290,12.0000,2.0,0.239966,98.259275,842.490293,0.326334,0.675999,0.728332,0.152501,191.433367
87.0290,12.0000,2.0,0.239977,98.276207,842.816952,0.326290,0.676058,0.728405,0.152464,191.431891
87.1290,12.0000,2.0,0.239938,98.212519,841.588611,0.326457,0.675836,0.728128,0.152603,191.437444
87.2291,12.0000,2.0,0.239991,98.299770,843.271697,0.326228,0.676140,0.728508,0.152413,191.429837
87.3291,12.0000,2.0,0.239971,98.267341,842.645891,0.326313,0.676027,0.728367,0.152483,191.432664
87.4291,12.0000,2.0,0.239912,98.170220,840.773363,0.326567,0.675688,0.727943,0.152695,191.441132
87.5292,12.0000,2.0,0.239910,98.167506,840.721078,0.326574,0.675679,0.727932,0.152701,191.441368
87.6292,12.0000,2.0,0.239970,98.265430,842.609036,0.326318,0.676020,0.728358,0.152487,191.432831
87.7292,12.0000,2.0,0.239964,98.255601,842.419418,0.326344,0.675986,0.728316,0.152509,191.433688
87.8293,12.0000,2.0,0.239968,98.262074,842.544288,0.326327,0.676008,0.728344,0.152495,191.433123
87.9293,12.0000,2.0,0.239971,98.266434,842.628404,0.326316,0.676024,0.728363,0.152485,191.432743
88.0293,12.0000,2.0,0.239979,98.279692,842.884210,0.326281,0.676070,0.728421,0.152456,191.431587
88.1294,12.0000,2.0,0.240001,98.316370,843.592137,0.326185,0.676198,0.728581,0.152376,191.428390
88.2294,12.0000,2.0,0.239939,98.213999,841.617139,0.326453,0.675841,0.728134,0.152600,191.437315
88.3294,12.0000,2.0,0.239937,98.211515,841.569251,0.326459,0.675832,0.728123,0.152605,191.437531
88.4295,12.0000,2.0,0.239940,98.216000,841.655712,0.326448,0.675848,0.728143,0.152595,191.437140
88.5295,12.0000,2.0,0.239983,98.285657,842.999316,0.326265,0.676091,0.728447,0.152443,191.431067
88.6295,12.0000,2.0,0.240012,98.333997,843.932483,0.326139,0.676259,0.728657,0.152338,191.426853
88.7296,12.0000,2.0,0.239961,98.250715,842.325164,0.326357,0.675969,0.728294,0.152520,191.434114
88.8296,12.0000,2.0,0.239898,98.147722,840.339954,0.326626,0.675610,0.727845,0.152744,191.443093
88.9296,12.0000,2.0,0.239923,98.188126,841.118420,0.326520,0.675751,0.728021,0.152656,191.439571
89.0297,12.0000,2.0,0.239950,98.232186,841.967812,0.326405,0.675904,0.728214,0.152560,191.435729
89.1297,12.0000,2.0,0.239959,98.246457,842.243042,0.326368,0.675954,0.728276,0.152529,191.434485
89.2297,12.0000,2.0,0.239963,98.254424,842.396704,0.326347,0.675982,0.728310,0.152511,191.433790
89.3298,12.0000,2.0,0.239977,98.277265,842.837381,0.326287,0.676061,0.728410,0.152462,191.431799
89.4298,12.0000,2.0,0.239967,98.260236,842.508827,0.326332,0.676002,0.728336,0.152499,191.433284
89.5298,12.0000,2.0,0.240009,98.328771,843.831568,0.326153,0.676241,0.728635,0.152349,191.427309
89.6299,12.0000,2.0,0.239956,98.242978,842.175944,0.326377,0.675942,0.728261,0.152536,191.434788
89.7299,12.0000,2.0,0.239951,98.234132,842.005344,0.326400,0.675911,0.728222,0.152556,191.435560
89.8299,12.0000,2.0,0.239992,98.301655,843.308075,0.326224,0.676146,0.728516,0.152408,191.429673
89.9300,12.0000,2.0,0.239931,98.201387,841.374003,0.326486,0.675797,0.728079,0.152627,191.438414
90.0300,12.0000,2.0,0.239990,98.298105,843.239549,0.326233,0.676134,0.728501,0.152416,191.429982
90.1300,12.0000,2.0,0.239982,98.284194,842.971078,0.326269,0.676086,0.728440,0.152447,191.431195
90.2301,12.0000,2.0,0.239974,98.272134,842.738381,0.326301,0.676043,0.728388,0.152473,191.432246
90.3301,12.0000,2.0,0.240028,98.359355,844.422243,0.326073,0.676348,0.728768,0.152283,191.424642
90.4301,12.0000,2.0,0.239960,98.249261,842.297113,0.326361,0.675964,0.728288,0.152523,191.434241
90.5302,12.0000,2.0,0.240042,98.383810,844.894715,0.326009,0.676433,0.728874,0.152229,191.422510
90.6302,12.0000,2.0,0.239973,98.269942,842.696083,0.326306,0.676036,0.728378,0.152478,191.432437
90.7302,12.0000,2.0,0.239941,98.217776,841.689968,0.326443,0.675854,0.728151,0.152591,191.436985
90.8303,12.0000,2.0,0.239982,98.285532,842.996894,0.326266,0.676090,0.728446,0.152444,191.431078
90.9303,12.0000,2.0,0.239948,98.228627,841.899176,0.326415,0.675892,0.728198,0.152568,191.436040
91.0303,12.0000,2.0,0.239958,98.245249,842.219746,0.326371,0.675950,0.728270,0.152531,191.434590
91.1304,12.0000,2.0,0.239993,98.303082,843.335619,0.326220,0.676151,0.728523,0.152405,191.429548
91.2304,12.0000,2.0,0.239998,98.311398,843.496142,0.326198,0.676180,0.728559,0.152387,191.428823
91.3304,12.0000,2.0,0.239963,98.252894,842.367194,0.326351,0.675976,0.728304,0.152515,191.433924
91.4305,12.0000,2.0,0.240012,98.333751,843.927729,0.326140,0.676258,0.728656,0.152339,191.426874
91.5305,12.0000,2.0,0.240017,98.342630,844.099198,0.326116,0.676289,0.728695,0.152319,191.426100
91.6305,12.0000,2.0,0.240026,98.356939,844.375570,0.326079,0.676339,0.728757,0.152288,191.424853
91.7306,12.0000,2.0,0.239999,98.311959,843.506983,0.326197,0.676182,0.728561,0.152386,191.428774
91.8306,12.0000,2.0,0.240024,98.354020,844.319188,0.326087,0.676329,0.728745,0.152294,191.425107
91.9306,12.0000,2.0,0.239925,98.192164,841.196251,0.326510,0.675765,0.728039,0.152647,191.439218
92.0307,12.0000,2.0,0.239973,98.270660,842.709935,0.326305,0.676038,0.728381,0.152476,191.432375
92.1307,12.0000,2.0,0.239957,98.243552,842.187008,0.326375,0.675944,0.728263,0.152535,191.434738
92.2307,12.0000,2.0,0.239987,98.293206,843.144999,0.326246,0.676117,0.728480,0.152427,191.430409
92.3308,12.0000,2.0,0.239966,98.259010,842.485182,0.326335,0.675998,0.728330,0.152501,191.433391
92.4308,12.0000,2.0,0.239979,98.279609,842.882600,0.326281,0.676070,0.728420,0.152457,191.431595
92.5308,12.0000,2.0,0.240042,98.382355,844.866604,0.326012,0.676428,0.728868,0.152233,191.422637
92.6309,12.0000,2.0,0.239979,98.280086,842.891809,0.326280,0.676071,0.728422,0.152455,191.431553
92.7309,12.0000,2.0,0.239997,98.309583,843.461111,0.326203,0.676174,0.728551,0.152391,191.428981
92.8309,12.0000,2.0,0.239978,98.277598,842.843791,0.326286,0.676063,0.728411,0.152461,191.431770
92.9310,12.0000,2.0,0.239987,98.293310,843.147011,0.326245,0.676117,0.728480,0.152427,191.430400
93.0310,12.0000,2.0,0.239985,98.290135,843.085732,0.326254,0.676106,0.728466,0.152434,191.430677
93.1310,12.0000,2.0,0.239999,98.312556,843.518503,0.326195,0.676184,0.728564,0.152385,191.428722
93.2311,12.0000,2.0,0.240021,98.348707,844.216567,0.326100,0.676311,0.728721,0.152306,191.425570
93.3311,12.0000,2.0,0.240036,98.373110,844.687964,0.326037,0.676396,0.728828,0.152253,191.423443
93.4311,12.0000,2.0,0.239995,98.306515,843.401893,0.326211,0.676163,0.728538,0.152398,191.429249
93.5312,12.0000,2.0,0.240004,98.320802,843.677707,0.326173,0.676213,0.728600,0.152367,191.428003
93.6312,12.0000,2.0,0.239951,98.234069,842.004124,0.326400,0.675911,0.728222,0.152556,191.435565
93.7312,12.0000,2.0,0.239984,98.287502,843.034917,0.326261,0.676097,0.728455,0.152439,191.430907
93.8313,12.0000,2.0,0.240015,98.339190,844.032764,0.326125,0.676277,0.728680,0.152327,191.426400
93.9313,12.0000,2.0,0.240013,98.335751,843.966341,0.326134,0.676265,0.728665,0.152334,191.426700
94.0313,12.0000,2.0,0.239993,98.303306,843.339936,0.326219,0.676152,0.728524,0.152405,191.429529
94.1314,12.0000,2.0,0.240014,98.337315,843.996541,0.326130,0.676271,0.728672,0.152331,191.426564
94.2314,12.0000,2.0,0.240002,98.317799,843.619727,0.326181,0.676203,0.728587,0.152373,191.428265
94.3314,12.0000,2.0,0.240024,98.353539,844.309898,0.326088,0.676327,0.728743,0.152295,191.425149
94.4315,12.0000,2.0,0.239996,98.308251,843.435405,0.326206,0.676169,0.728545,0.152394,191.429098
94.5315,12.0000,2.0,0.239977,98.276255,842.817886,0.326290,0.676058,0.728406,0.152464,191.431887
94.6315,12.0000,2.0,0.239998,98.311085,843.490106,0.326199,0.676179,0.728557,0.152388,191.428850
94.7316,12.0000,2.0,0.239899,98.148013,840.345565,0.326625,0.675611,0.727847,0.152743,191.443068
94.8316,12.0000,2.0,0.240000,98.313934,843.545107,0.326191,0.676189,0.728570,0.152382,191.428602
94.9316,12.0000,2.0,0.239877,98.112613,839.663854,0.326718,0.675487,0.727692,0.152821,191.446154
95.0317,12.0000,2.0,0.239936,98.209101,841.522718,0.326466,0.675824,0.728113,0.152610,191.437742
95.1317,12.0000,2.0,0.240002,98.318101,843.625542,0.326180,0.676204,0.728588,0.152373,191.428239
95.2317,12.0000,2.0,0.240003,98.319623,843.654942,0.326177,0.676209,0.728595,0.152369,191.428106
95.3318,12.0000,2.0,0.239953,98.237857,842.077180,0.326390,0.675924,0.728238,0.152548,191.435235
95.4318,12.0000,2.0,0.239967,98.260603,842.515897,0.326331,0.676003,0.728337,0.152498,191.433252
95.5318,12.0000,2.0,0.240031,98.364961,844.530528,0.326058,0.676367,0.728792,0.152271,191.424153
95.6319,12.0000,2.0,0.239974,98.272455,842.744573,0.326300,0.676045,0.728389,0.152472,191.432218
95.7319,12.0000,2.0,0.240058,98.409023,845.382011,0.325943,0.676521,0.728984,0.152174,191.420312
95.8319,12.0000,2.0,0.239989,98.296999,843.218206,0.326236,0.676130,0.728496,0.152419,191.430079
95.9320,12.0000,2.0,0.240002,98.317712,843.618036,0.326182,0.676202,0.728586,0.152373,191.428273
96.0320,12.0000,2.0,0.240039,98.378366,844.789522,0.326023,0.676414,0.728851,0.152241,191.422985
96.1320,12.0000,2.0,0.239994,98.304283,843.358804,0.326217,0.676156,0.728528,0.152403,191.429443
96.2321,12.0000,2.0,0.239959,98.247822,842.269359,0.326364,0.675959,0.728282,0.152526,191.434366
96.3321,12.0000,2.0,0.239987,98.292657,843.134402,0.326247,0.676115,0.728477,0.152428,191.430457
96.4321,12.0000,2.0,0.239989,98.296565,843.209821,0.326237,0.676129,0.728494,0.152420,191.430116
96.5322,12.0000,2.0,0.239949,98.230307,841.931584,0.326410,0.675898,0.728205,0.152564,191.435893
96.6322,12.0000,2.0,0.239983,98.285950,843.004960,0.326265,0.676092,0.728448,0.152443,191.431042
96.7322,12.0000,2.0,0.239968,98.261826,842.539500,0.326328,0.676008,0.728343,0.152495,191.433145
96.8323,12.0000,2.0,0.240019,98.345345,844.151638,0.326109,0.676299,0.728707,0.152313,191.425864
96.9323,12.0000,2.0,0.239992,98.301048,843.296351,0.326225,0.676144,0.728514,0.152410,191.429726
97.0323,12.0000,2.0,0.239982,98.285364,842.993668,0.326266,0.676090,0.728445,0.152444,191.431093
97.1324,12.0000,2.0,0.239988,98.294380,843.167658,0.326243,0.676121,0.728485,0.152424,191.430307
97.2324,12.0000,2.0,0.239998,98.311028,843.488998,0.326199,0.676179,0.728557,0.152388,191.428855
97.3324,12.0000,2.0,0.240010,98.330893,843.872530,0.326147,0.676248,0.728644,0.152345,191.427124
97.4325,12.0000,2.0,0.239961,98.250244,842.316086,0.326358,0.675967,0.728292,0.152521,191.434155
97.5325,12.0000,2.0,0.239960,98.248326,842.279091,0.326363,0.675960,0.728284,0.152525,191.434322
97.6325,12.0000,2.0,0.240025,98.355813,844.353820,0.326082,0.676335,0.728752,0.152290,191.424951
97.7326,12.0000,2.0,0.239979,98.280134,842.892729,0.326280,0.676071,0.728423,0.152455,191.431549
97.8326,12.0000,2.0,0.239949,98.230078,841.927156,0.326411,0.675897,0.728204,0.152564,191.435913
97.9326,12.0000,2.0,0.240005,98.323278,843.725494,0.326167,0.676222,0.728611,0.152361,191.427787
98.0327,12.0000,2.0,0.240006,98.324420,843.747561,0.326164,0.676226,0.728616,0.152359,191.427688
98.1327,12.0000,2.0,0.239945,98.224879,841.826915,0.326424,0.675879,0.728182,0.152576,191.436366
98.2327,12.0000,2.0,0.239999,98.313050,843.528037,0.326194,0.676186,0.728566,0.152384,191.428679
98.3328,12.0000,2.0,0.240015,98.338514,844.019705,0.326127,0.676275,0.728677,0.152328,191.426459
98.4328,12.0000,2.0,0.240004,98.320611,843.674011,0.326174,0.676213,0.728599,0.152367,191.428020
98.5328,12.0000,2.0,0.240012,98.333646,843.925695,0.326140,0.676258,0.728656,0.152339,191.426884
98.6329,12.0000,2.0,0.239950,98.231986,841.963960,0.326406,0.675903,0.728213,0.152560,191.435747
98.7329,12.0000,2.0,0.240003,98.318903,843.641032,0.326178,0.676207,0.728592,0.152371,191.428169
98.8329,12.0000,2.0,0.239984,98.287369,843.032354,0.326261,0.676097,0.728454,0.152440,191.430918
98.9330,12.0000,2.0,0.239978,98.278508,842.861359,0.326284,0.676066,0.728415,0.152459,191.431691
99.0330,12.0000,2.0,0.240020,98.346321,844.170476,0.326107,0.676302,0.728711,0.152311,191.425778
99.1330,12.0000,2.0,0.240038,98.376900,844.761206,0.326027,0.676409,0.728844,0.152244,191.423112
99.2331,12.0000,2.0,0.240048,98.392797,845.068390,0.325985,0.676464,0.728914,0.152210,191.421726
99.3331,12.0000,2.0,0.240033,98.368959,844.607774,0.326047,0.676381,0.728810,0.152262,191.423805
99.4331,12.0000,2.0,0.239990,98.297870,843.235026,0.326233,0.676133,0.728500,0.152417,191.430003
99.5332,12.0000,2.0,0.240004,98.321130,843.684027,0.326173,0.676214,0.728601,0.152366,191.427975
99.6332,12.0000,2.0,0.240017,98.341970,844.086446,0.326118,0.676287,0.728692,0.152321,191.426158
99.7332,12.0000,2.0,0.239997,98.309821,843.465701,0.326202,0.676175,0.728552,0.152391,191.428961
99.8333,12.0000,2.0,0.239998,98.310432,843.477494,0.326201,0.676177,0.728555,0.152389,191.428907
99.9333,12.0000,2.0,0.240019,98.345211,844.149045,0.326110,0.676298,0.728706,0.152314,191.425875
100.0333,12.0000,6.0,0.239992,98.301188,843.299054,0.142891,0.742811,0.877269,0.085743,191.429713
100.1334,12.0000,6.0,0.239972,98.267814,842.655027,0.142979,0.742695,0.873450,0.085816,191.432623
100.2334,12.0000,6.0,0.239981,98.283680,842.961162,0.142937,0.742750,0.869936,0.085781,191.431240
100.3334,12.0000,6.0,0.240013,98.336223,843.975459,0.142800,0.742934,0.866670,0.085666,191.426659
100.4335,12.0000,6.0,0.239994,98.304799,843.368760,0.142882,0.742824,0.863124,0.085735,191.429399
100.5335,12.0000,6.0,0.240005,98.321780,843.696586,0.142838,0.742883,0.859874,0.085698,191.427918
100.6335,12.0000,6.0,0.240015,98.338393,844.017364,0.142794,0.742941,0.856705,0.085662,191.426470
100.7336,12.0000,6.0,0.239983,98.286264,843.011031,0.142930,0.742759,0.853315,0.085775,191.431014
100.8336,12.0000,6.0,0.240017,98.342935,844.105079,0.142782,0.742957,0.850478,0.085652,191.426074
100.9336,12.0000,6.0,0.240006,98.324179,843.742899,0.142831,0.742892,0.847389,0.085693,191.427709
101.0337,12.0000,6.0,0.239957,98.243609,842.188115,0.143042,0.742611,0.844104,0.085868,191.434733
101.1337,12.0000,6.0,0.240039,98.377577,844.774278,0.142692,0.743078,0.841827,0.085576,191.423053
101.2337,12.0000,6.0,0.239979,98.280535,842.900470,0.142945,0.742739,0.838614,0.085788,191.431514
101.3338,12.0000,6.0,0.239944,98.222926,841.789260,0.143096,0.742539,0.835641,0.085913,191.436537
101.4338,12.0000,6.0,0.239963,98.253536,842.379591,0.143016,0.742645,0.833120,0.085847,191.433868
101.5338,12.0000,6.0,0.239964,98.254843,842.404786,0.143013,0.742650,0.830537,0.085844,191.433754
101.6339,12.0000,6.0,0.239997,98.308608,843.442296,0.142872,0.742837,0.828247,0.085727,191.429066
101.7339,12.0000,6.0,0.239987,98.292411,843.129655,0.142914,0.742781,0.825714,0.085762,191.430479
101.8339,12.0000,6.0,0.239985,98.289364,843.070855,0.142922,0.742770,0.823299,0.085769,191.430744
101.9340,12.0000,6.0,0.240014,98.337292,843.996104,0.142797,0.742937,0.821165,0.085664,191.426566
102.0340,12.0000,6.0,0.240006,98.323400,843.727864,0.142833,0.742889,0.818820,0.085694,191.427777
102.1340,12.0000,6.0,0.240005,98.322307,843.706764,0.142836,0.742885,0.816588,0.085697,191.427872
102.2341,12.0000,6.0,0.240008,98.327094,843.799179,0.142824,0.742902,0.814436,0.085686,191.427455
102.3341,12.0000,6.0,0.240014,98.337505,844.000223,0.142796,0.742938,0.812362,0.085664,191.426547
102.4341,12.0000,6.0,0.239931,98.201396,841.374179,0.143152,0.742463,0.809701,0.085960,191.438414
102.5342,12.0000,6.0,0.239984,98.288665,843.057364,0.142924,0.742768,0.808066,0.085770,191.430805
102.6342,12.0000,6.0,0.239929,98.197969,841.308129,0.143161,0.742452,0.805704,0.085968,191.438712
102.7342,12.0000,6.0,0.239997,98.308874,843.447419,0.142871,0.742838,0.804270,0.085726,191.429043
102.8343,12.0000,6.0,0.239996,98.306929,843.409885,0.142876,0.742831,0.802392,0.085730,191.429213
102.9343,12.0000,6.0,0.240028,98.359527,844.425556,0.142739,0.743015,0.800797,0.085616,191.424627
103.0343,12.0000,6.0,0.240032,98.366720,844.564513,0.142720,0.743040,0.799049,0.085600,191.424000
103.1344,12.0000,6.0,0.240002,98.317564,843.615178,0.142849,0.742869,0.797100,0.085707,191.428286
103.2344,12.0000,6.0,0.239981,98.282493,842.938251,0.142940,0.742746,0.795255,0.085784,191.431343
103.3344,12.0000,6.0,0.240011,98.331854,843.891087,0.142811,0.742918,0.793820,0.085676,191.427040
103.4345,12.0000,6.0,0.239980,98.281283,842.914912,0.142943,0.742742,0.791990,0.085786,191.431449
103.5345,12.0000,6.0,0.239996,98.307692,843.424608,0.142874,0.742834,0.790535,0.085729,191.429146
103.6345,12.0000,6.0,0.240026,98.357150,844.379647,0.142745,0.743007,0.789219,0.085621,191.424834
103.7346,12.0000,6.0,0.239979,98.280035,842.890831,0.142947,0.742738,0.787390,0.085789,191.431558
103.8346,12.0000,6.0,0.240021,98.348287,844.208459,0.142768,0.742976,0.786231,0.085640,191.425607
103.9346,12.0000,6.0,0.240017,98.341952,844.086102,0.142785,0.742954,0.784783,0.085654,191.426159
104.0347,12.0000,6.0,0.239967,98.260420,842.512376,0.142998,0.742669,0.783042,0.085832,191.433268
104.1347,12.0000,6.0,0.240026,98.356931,844.375411,0.142746,0.743006,0.782112,0.085621,191.424853
104.2347,12.0000,6.0,0.240018,98.343240,844.110978,0.142781,0.742958,0.780734,0.085651,191.426047
104.3348,12.0000,6.0,0.240000,98.313483,843.536393,0.142859,0.742854,0.779319,0.085716,191.428641
104.4348,12.0000,6.0,0.239973,98.270344,842.703838,0.142972,0.742704,0.777878,0.085810,191.432402
104.5348,12.0000,6.0,0.239970,98.265573,842.611785,0.142985,0.742687,0.776635,0.085820,191.432818
104.6349,12.0000,6.0,0.239980,98.281722,842.923377,0.142942,0.742744,0.775513,0.085785,191.431410
104.7349,12.0000,6.0,0.240013,98.335806,843.967407,0.142801,0.742932,0.774586,0.085667,191.426695
104.8349,12.0000,6.0,0.239967,98.260965,842.522890,0.142997,0.742671,0.773125,0.085831,191.433220
104.9350,12.0000,6.0,0.240010,98.330691,843.868641,0.142814,0.742914,0.772323,0.085679,191.427141
105.0350,12.0000,6.0,0.239959,98.246796,842.249579,0.143034,0.742622,0.770878,0.085861,191.434455
105.1350,12.0000,6.0,0.239991,98.298748,843.251964,0.142898,0.742803,0.770053,0.085748,191.429926
105.2351,12.0000,6.0,0.240000,98.314501,843.556041,0.142857,0.742858,0.769095,0.085714,191.428553
105.3351,12.0000,6.0,0.240071,98.431341,845.813471,0.142551,0.743265,0.768604,0.085459,191.418366
105.4351,12.0000,6.0,0.239955,98.240283,842.123967,0.143051,0.742599,0.766795,0.085876,191.435023
105.5352,12.0000,6.0,0.240042,98.382814,844.875471,0.142678,0.743096,0.766464,0.085565,191.422597
105.6352,12.0000,6.0,0.240002,98.316769,843.599832,0.142851,0.742866,0.765248,0.085709,191.428355
105.7352,12.0000,6.0,0.240010,98.329898,843.853325,0.142816,0.742912,0.764399,0.085680,191.427210
105.8353,12.0000,6.0,0.240001,98.315319,843.571834,0.142854,0.742861,0.763453,0.085712,191.428481
105.9353,12.0000,6.0,0.240011,98.331699,843.888095,0.142812,0.742918,0.762663,0.085676,191.427053
106.0353,12.0000,6.0,0.239992,98.301838,843.311612,0.142890,0.742814,0.761692,0.085741,191.429657
106.1354,12.0000,6.0,0.240041,98.382285,844.865242,0.142679,0.743094,0.761224,0.085566,191.422643
106.2354,12.0000,6.0,0.239983,98.286817,843.021707,0.142929,0.742761,0.760008,0.085774,191.430966
106.3354,12.0000,6.0,0.240032,98.366311,844.556610,0.142721,0.743039,0.759575,0.085601,191.424036
106.4355,12.0000,6.0,0.239978,98.277538,842.842643,0.142953,0.742729,0.758428,0.085794,191.431775
106.5355,12.0000,6.0,0.239995,98.306800,843.407395,0.142877,0.742831,0.757814,0.085731,191.429224
106.6355,12.0000,6.0,0.239965,98.256271,842.432336,0.143009,0.742655,0.756871,0.085841,191.433629
106.7356,12.0000,6.0,0.240011,98.332675,843.906956,0.142809,0.742921,0.756499,0.085674,191.426968
106.8356,12.0000,6.0,0.240041,98.382235,844.864283,0.142679,0.743094,0.756027,0.085566,191.422647
106.9356,12.0000,6.0,0.239995,98.306165,843.395124,0.142878,0.742829,0.755025,0.085732,191.429279
107.0357,12.0000,6.0,0.239991,98.300241,843.280790,0.142894,0.742808,0.754345,0.085745,191.429796
107.1357,12.0000,6.0,0.239963,98.254407,842.396391,0.143014,0.742648,0.753507,0.085845,191.433792
107.2357,12.0000,6.0,0.239991,98.298726,843.251530,0.142898,0.742803,0.753078,0.085748,191.429928
107.3358,12.0000,6.0,0.239949,98.230602,841.937259,0.143076,0.742565,0.752174,0.085897,191.435867
107.4358,12.0000,6.0,0.239970,98.264648,842.593943,0.142987,0.742684,0.751730,0.085822,191.432899
107.5358,12.0000,6.0,0.240005,98.321681,843.694672,0.142838,0.742883,0.751402,0.085698,191.427927
107.6359,12.0000,6.0,0.240038,98.376342,844.750413,0.142695,0.743074,0.751077,0.085579,191.423161
107.7359,12.0000,6.0,0.240083,98.450900,846.191732,0.142500,0.743334,0.750853,0.085417,191.416661
107.8359,12.0000,6.0,0.239980,98.281159,842.912508,0.142944,0.742742,0.749577,0.085786,191.431460
107.9360,12.0000,6.0,0.240042,98.382300,844.865547,0.142679,0.743094,0.749496,0.085566,191.422642
108.0360,12.0000,6.0,0.240005,98.322770,843.715694,0.142835,0.742887,0.748727,0.085696,191.427832
108.1360,12.0000,6.0,0.239993,98.303066,843.335314,0.142886,0.742818,0.748144,0.085739,191.429550
108.2361,12.0000,6.0,0.240011,98.332304,843.899787,0.142810,0.742920,0.747787,0.085675,191.427001
108.3361,12.0000,6.0,0.240000,98.313815,843.542813,0.142858,0.742856,0.747234,0.085715,191.428612
108.4361,12.0000,6.0,0.240001,98.316284,843.590470,0.142852,0.742864,0.746783,0.085710,191.428397
108.5362,12.0000,6.0,0.239985,98.290392,843.090682,0.142920,0.742774,0.746221,0.085766,191.430655
108.6362,12.0000,6.0,0.239955,98.240946,842.136751,0.143049,0.742601,0.745567,0.085874,191.434965
108.7362,12.0000,6.0,0.239951,98.233713,841.997265,0.143068,0.742576,0.745108,0.085890,191.435596
108.8363,12.0000,6.0,0.240018,98.343599,844.117913,0.142780,0.742959,0.745170,0.085650,191.426016
108.9363,12.0000,6.0,0.239990,98.297144,843.221002,0.142902,0.742797,0.744560,0.085752,191.430066
109.0363,12.0000,6.0,0.239980,98.281216,842.913609,0.142944,0.742742,0.744094,0.085786,191.431455
109.1364,12.0000,6.0,0.239998,98.311486,843.497851,0.142864,0.742847,0.743839,0.085720,191.428815
109.2364,12.0000,6.0,0.240022,98.350848,844.257916,0.142762,0.742985,0.743633,0.085635,191.425384
109.3364,12.0000,6.0,0.240004,98.320159,843.665291,0.142842,0.742878,0.743132,0.085701,191.428059
109.4365,12.0000,6.0,0.239978,98.278378,842.858846,0.142951,0.742732,0.742590,0.085793,191.431702
109.5365,12.0000,6.0,0.240036,98.372534,844.676841,0.142705,0.743060,0.742651,0.085587,191.423493
109.6365,12.0000,6.0,0.240046,98.390217,845.018527,0.142659,0.743122,0.742386,0.085549,191.421951
109.7366,12.0000,6.0,0.240013,98.336023,843.971608,0.142800,0.742933,0.741817,0.085667,191.426676
109.8366,12.0000,6.0,0.240028,98.360016,844.435008,0.142738,0.743017,0.741597,0.085615,191.424584
109.9366,12.0000,6.0,0.240036,98.373468,844.694884,0.142702,0.743064,0.741339,0.085585,191.423412
110.0367,12.0000,6.0,0.240033,98.367911,844.587530,0.142717,0.743044,0.741006,0.085597,191.423896
110.1367,12.0000,6.0,0.240017,98.342147,844.089872,0.142784,0.742954,0.740592,0.085654,191.426142
110.2367,12.0000,6.0,0.240017,98.341395,844.075348,0.142786,0.742952,0.740295,0.085655,191.426208
110.3368,12.0000,6.0,0.240014,98.337496,844.000047,0.142796,0.742938,0.739991,0.085664,191.426548
110.4368,12.0000,6.0,0.239965,98.256681,842.440244,0.143008,0.742656,0.739359,0.085840,191.433594
110.5368,12.0000,6.0,0.240020,98.346618,844.176217,0.142773,0.742970,0.739479,0.085644,191.425753
110.6369,12.0000,6.0,0.239957,98.243825,842.192274,0.143041,0.742611,0.738765,0.085868,191.434714
110.7369,12.0000,6.0,0.239974,98.271919,842.734226,0.142968,0.742709,0.738628,0.085807,191.432265
110.8369,12.0000,6.0,0.240038,98.376860,844.760430,0.142693,0.743075,0.738832,0.085578,191.423116
110.9370,12.0000,6.0,0.240024,98.353726,844.313498,0.142754,0.742995,0.738485,0.085628,191.425133
111.0370,12.0000,6.0,0.240044,98.386117,844.939291,0.142669,0.743108,0.738385,0.085558,191.422309
111.1370,12.0000,6.0,0.239990,98.298195,843.241286,0.142899,0.742801,0.737767,0.085749,191.429974
111.2371,12.0000,6.0,0.239963,98.254197,842.392340,0.143014,0.742648,0.737347,0.085845,191.433810
111.3371,12.0000,6.0,0.239991,98.299819,843.272635,0.142895,0.742807,0.737323,0.085746,191.429833
111.4371,12.0000,6.0,0.240002,98.316973,843.603772,0.142850,0.742867,0.737180,0.085708,191.428337
111.5372,12.0000,6.0,0.240001,98.315851,843.582112,0.142853,0.742863,0.736962,0.085711,191.428435
111.6372,12.0000,6.0,0.240033,98.368615,844.601133,0.142715,0.743047,0.736985,0.085596,191.423835
111.7372,12.0000,6.0,0.239988,98.293897,843.158342,0.142910,0.742786,0.736458,0.085759,191.430349
111.8373,12.0000,6.0,0.240009,98.329592,843.847410,0.142817,0.742911,0.736416,0.085681,191.427237
111.9373,12.0000,6.0,0.239968,98.262587,842.554186,0.142992,0.742677,0.735932,0.085827,191.433079
112.0373,12.0000,6.0,0.240012,98.334563,843.943404,0.142804,0.742928,0.736058,0.085670,191.426804
112.1374,12.0000,6.0,0.239999,98.312230,843.512215,0.142863,0.742850,0.735778,0.085719,191.428751
112.2374,12.0000,6.0,0.239976,98.274612,842.786183,0.142961,0.742719,0.735436,0.085801,191.432030
112.3374,12.0000,6.0,0.239991,98.300338,843.282661,0.142894,0.742809,0.735375,0.085745,191.429787
112.4375,12.0000,6.0,0.239993,98.302948,843.333033,0.142887,0.742818,0.735216,0.085739,191.429560
112.5375,12.0000,6.0,0.239990,98.298676,843.250568,0.142898,0.742803,0.735032,0.085748,191.429932
112.6375,12.0000,6.0,0.240053,98.400777,845.222614,0.142631,0.743159,0.735316,0.085526,191.421031
112.7376,12.0000,6.0,0.239996,98.307313,843.417297,0.142875,0.742833,0.734752,0.085729,191.429179
112.8376,12.0000,6.0,0.239991,98.300067,843.277413,0.142894,0.742808,0.734567,0.085745,191.429811
112.9376,12.0000,6.0,0.239935,98.207414,841.490194,0.143137,0.742484,0.734013,0.085947,191.437889
113.0377,12.0000,6.0,0.239972,98.267601,842.650919,0.142979,0.742694,0.734130,0.085816,191.432642
113.1377,12.0000,6.0,0.239991,98.299183,843.260353,0.142897,0.742804,0.734125,0.085747,191.429888
113.2377,12.0000,6.0,0.239978,98.278068,842.852871,0.142952,0.742731,0.733894,0.085793,191.431729
113.3378,12.0000,6.0,0.240041,98.381470,844.849503,0.142681,0.743091,0.734209,0.085568,191.422714
113.4378,12.0000,6.0,0.239994,98.304162,843.356458,0.142884,0.742822,0.733740,0.085736,191.429454
113.5378,12.0000,6.0,0.240038,98.376854,844.760313,0.142693,0.743075,0.733929,0.085578,191.423116
113.6379,12.0000,6.0,0.240001,98.315540,843.576116,0.142854,0.742862,0.733536,0.085712,191.428462
113.7379,12.0000,6.0,0.240000,98.314339,843.552931,0.142857,0.742857,0.733408,0.085714,191.428567
113.8379,12.0000,6.0,0.239996,98.308061,843.431725,0.142873,0.742835,0.733261,0.085728,191.429114
113.9380,12.0000,6.0,0.239999,98.312713,843.521528,0.142861,0.742852,0.733165,0.085718,191.428709
114.0380,12.0000,6.0,0.240051,98.398485,845.178314,0.142637,0.743151,0.733425,0.085531,191.421231
114.1380,12.0000,6.0,0.239928,98.196586,841.281478,0.143165,0.742447,0.732434,0.085971,191.438833
114.2381,12.0000,6.0,0.239938,98.212511,841.588453,0.143123,0.742502,0.732396,0.085936,191.437445
114.3381,12.0000,6.0,0.239982,98.285451,842.995338,0.142933,0.742757,0.732608,0.085777,191.431085
114.4381,12.0000,6.0,0.239999,98.313357,843.533962,0.142860,0.742854,0.732627,0.085716,191.428652
114.5382,12.0000,6.0,0.240020,98.347156,844.186615,0.142771,0.742972,0.732674,0.085643,191.425706
114.6382,12.0000,6.0,0.240013,98.336326,843.977452,0.142799,0.742934,0.732529,0.085666,191.426650
114.7382,12.0000,6.0,0.239987,98.293480,843.150279,0.142912,0.742785,0.732247,0.085760,191.430385
114.8383,12.0000,6.0,0.240030,98.363664,844.505476,0.142728,0.743029,0.732460,0.085607,191.424266
114.9383,12.0000,6.0,0.240030,98.364241,844.516628,0.142726,0.743031,0.732372,0.085605,191.424216
115.0383,12.0000,6.0,0.240005,98.321954,843.699935,0.142837,0.742884,0.728605,0.085698,191.427903
115.1384,12.0000,6.0,0.240028,98.360903,844.452139,0.142735,0.743020,0.728775,0.085613,191.424507
115.2384,12.0000,6.0,0.240007,98.326421,843.786194,0.142825,0.742899,0.728624,0.085688,191.427513
115.3384,12.0000,6.0,0.239982,98.284734,842.981493,0.142934,0.742754,0.728443,0.085779,191.431148
115.4385,12.0000,6.0,0.240020,98.347717,844.197443,0.142770,0.742974,0.728717,0.085641,191.425657
115.5385,12.0000,6.0,0.240002,98.318375,843.630843,0.142846,0.742871,0.728589,0.085705,191.428215
115.6385,12.0000,6.0,0.239999,98.312929,843.525711,0.142861,0.742852,0.728566,0.085717,191.428690
115.7386,12.0000,6.0,0.240044,98.386528,844.947238,0.142668,0.743109,0.728886,0.085557,191.422273
115.8386,12.0000,6.0,0.239924,98.190354,841.161363,0.143181,0.742425,0.728031,0.085984,191.439376
115.9386,12.0000,6.0,0.239956,98.242031,842.157674,0.143046,0.742605,0.728256,0.085872,191.434871
116.0387,12.0000,6.0,0.239963,98.253579,842.380408,0.143016,0.742645,0.728307,0.085847,191.433864
116.1387,12.0000,6.0,0.239988,98.294786,843.175498,0.142908,0.742789,0.728486,0.085757,191.430271
116.2387,12.0000,6.0,0.239991,98.300236,843.280676,0.142894,0.742808,0.728510,0.085745,191.429796
116.3388,12.0000,6.0,0.239953,98.237616,842.072531,0.143058,0.742590,0.728237,0.085881,191.435256
116.4388,12.0000,6.0,0.239969,98.263741,842.576442,0.142989,0.742681,0.728351,0.085824,191.432978
116.5388,12.0000,6.0,0.239973,98.269973,842.696673,0.142973,0.742703,0.728378,0.085811,191.432435
116.6389,12.0000,6.0,0.240074,98.435902,845.901674,0.142539,0.743281,0.729102,0.085449,191.417968
116.7389,12.0000,6.0,0.240054,98.403134,845.268165,0.142625,0.743167,0.728959,0.085521,191.420825
116.8389,12.0000,6.0,0.239987,98.292474,843.130882,0.142914,0.742781,0.728476,0.085762,191.430473
116.9390,12.0000,6.0,0.239988,98.294898,843.177657,0.142908,0.742790,0.728487,0.085757,191.430262
117.0390,12.0000,6.0,0.239964,98.255632,842.420016,0.143011,0.742653,0.728316,0.085842,191.433685
117.1390,12.0000,6.0,0.239941,98.217701,841.688508,0.143110,0.742520,0.728150,0.085925,191.436992
117.2391,12.0000,6.0,0.239996,98.307278,843.416613,0.142875,0.742833,0.728541,0.085730,191.429182
117.3391,12.0000,6.0,0.239969,98.263244,842.566855,0.142991,0.742679,0.728349,0.085826,191.433021
117.4391,12.0000,6.0,0.239997,98.308908,843.448086,0.142871,0.742838,0.728548,0.085726,191.429040
117.5392,12.0000,6.0,0.239950,98.233155,841.986495,0.143069,0.742574,0.728218,0.085891,191.435645
117.6392,12.0000,6.0,0.239976,98.275080,842.795222,0.142960,0.742720,0.728401,0.085800,191.431990
117.7392,12.0000,6.0,0.240004,98.320624,843.674268,0.142841,0.742879,0.728599,0.085700,191.428019
117.8393,12.0000,6.0,0.240011,98.331517,843.884590,0.142812,0.742917,0.728647,0.085677,191.427069
117.9393,12.0000,6.0,0.240012,98.334094,843.934345,0.142805,0.742926,0.728658,0.085671,191.426844
118.0393,12.0000,6.0,0.239959,98.247209,842.257543,0.143033,0.742623,0.728279,0.085860,191.434419
118.1394,12.0000,6.0,0.240025,98.355981,844.357061,0.142748,0.743003,0.728753,0.085623,191.424936
118.2394,12.0000,6.0,0.239975,98.273249,842.759886,0.142964,0.742714,0.728393,0.085804,191.432149
118.3394,12.0000,6.0,0.240019,98.344915,844.143331,0.142777,0.742964,0.728705,0.085648,191.425901
118.4395,12.0000,6.0,0.239999,98.312753,843.522307,0.142861,0.742852,0.728565,0.085718,191.428705
118.5395,12.0000,6.0,0.239957,98.244478,842.204873,0.143040,0.742614,0.728267,0.085866,191.434658
118.6395,12.0000,6.0,0.239990,98.297500,843.227878,0.142901,0.742799,0.728498,0.085751,191.430035
118.7396,12.0000,6.0,0.240011,98.331590,843.886005,0.142812,0.742917,0.728647,0.085677,191.427063
118.8396,12.0000,6.0,0.240018,98.343982,844.125315,0.142779,0.742961,0.728701,0.085650,191.425982
118.9396,12.0000,6.0,0.239995,98.306297,843.397671,0.142878,0.742829,0.728537,0.085732,191.429268
119.0397,12.0000,6.0,0.240046,98.389947,845.013307,0.142659,0.743121,0.728901,0.085549,191.421975
119.1397,12.0000,6.0,0.240030,98.363745,844.507042,0.142728,0.743030,0.728787,0.085606,191.424259
119.2397,12.0000,6.0,0.239992,98.300548,843.286711,0.142893,0.742809,0.728512,0.085744,191.429769
119.3398,12.0000,6.0,0.240022,98.350898,844.258888,0.142761,0.742985,0.728731,0.085634,191.425379
119.4398,12.0000,6.0,0.240058,98.410093,845.402690,0.142607,0.743191,0.728989,0.085505,191.420219
119.5398,12.0000,6.0,0.240059,98.411439,845.428701,0.142603,0.743196,0.728995,0.085503,191.420101
119.6399,12.0000,6.0,0.239962,98.252025,842.350442,0.143020,0.742640,0.728300,0.085850,191.434000
119.7399,12.0000,6.0,0.239971,98.267109,842.641430,0.142981,0.742693,0.728366,0.085817,191.432684
119.8399,12.0000,6.0,0.240045,98.387693,844.969745,0.142665,0.743113,0.728891,0.085554,191.422172
119.9400,12.0000,6.0,0.239967,98.260543,842.514752,0.142998,0.742670,0.728337,0.085831,191.433257
120.0400,12.0000,6.0,0.239959,98.247341,842.260079,0.143032,0.742624,0.728280,0.085860,191.434408
120.1400,12.0000,6.0,0.239985,98.289168,843.067071,0.142923,0.742770,0.728462,0.085769,191.430761
120.2401,12.0000,6.0,0.240012,98.334499,843.942176,0.142804,0.742928,0.728660,0.085670,191.426809
120.3401,12.0000,6.0,0.239996,98.308378,843.437848,0.142873,0.742837,0.728546,0.085727,191.429086
120.4401,12.0000,6.0,0.239980,98.280980,842.909051,0.142944,0.742741,0.728426,0.085787,191.431475
120.5402,12.0000,6.0,0.239979,98.279807,842.886422,0.142947,0.742737,0.728421,0.085789,191.431577
120.6402,12.0000,6.0,0.239978,98.277910,842.849825,0.142952,0.742730,0.728413,0.085794,191.431743
120.7402,12.0000,6.0,0.239973,98.269561,842.688730,0.142974,0.742701,0.728376,0.085812,191.432471
120.8403,12.0000,6.0,0.240069,98.427628,845.741679,0.142561,0.743252,0.729066,0.085467,191.418690
120.9403,12.0000,6.0,0.240009,98.328431,843.824994,0.142820,0.742906,0.728633,0.085683,191.427338
121.0403,12.0000,6.0,0.240027,98.357902,844.394175,0.142743,0.743009,0.728762,0.085619,191.424769
121.1404,12.0000,6.0,0.239985,98.289119,843.066133,0.142923,0.742769,0.728462,0.085769,191.430766
121.2404,12.0000,6.0,0.239994,98.304284,843.358827,0.142883,0.742822,0.728528,0.085736,191.429443
121.3404,12.0000,6.0,0.239978,98.277913,842.849885,0.142952,0.742730,0.728413,0.085794,191.431743
121.4405,12.0000,6.0,0.239919,98.181014,840.981366,0.143206,0.742392,0.727990,0.086005,191.440191
121.5405,12.0000,6.0,0.239958,98.244708,842.209301,0.143039,0.742614,0.728268,0.085866,191.434638
121.6405,12.0000,6.0,0.239944,98.223086,841.792336,0.143096,0.742539,0.728174,0.085913,191.436523
121.7406,12.0000,6.0,0.239931,98.201136,841.369173,0.143153,0.742463,0.728078,0.085961,191.438436
121.8406,12.0000,6.0,0.239963,98.253865,842.385936,0.143015,0.742646,0.728308,0.085846,191.433839
121.9406,12.0000,6.0,0.240040,98.379889,844.818957,0.142686,0.743086,0.728857,0.085571,191.422852
122.0407,12.0000,6.0,0.239998,98.311428,843.496721,0.142865,0.742847,0.728559,0.085721,191.428821
122.1407,12.0000,6.0,0.240039,98.378186,844.786040,0.142690,0.743080,0.728850,0.085575,191.423000
122.2407,12.0000,6.0,0.240012,98.334215,843.936678,0.142805,0.742927,0.728658,0.085671,191.426834
122.3408,12.0000,6.0,0.240024,98.352801,844.295640,0.142756,0.742991,0.728739,0.085630,191.425214
122.4408,12.0000,6.0,0.239972,98.268636,842.670882,0.142977,0.742698,0.728372,0.085814,191.432551
122.5408,12.0000,6.0,0.240016,98.339886,844.046200,0.142790,0.742946,0.728683,0.085658,191.426339
122.6409,12.0000,6.0,0.240022,98.350132,844.244078,0.142763,0.742982,0.728728,0.085636,191.425446
122.7409,12.0000,6.0,0.239982,98.284871,842.984142,0.142934,0.742755,0.728443,0.085778,191.431136
122.8409,12.0000,6.0,0.240017,98.341688,844.080993,0.142785,0.742953,0.728691,0.085655,191.426182
122.9410,12.0000,6.0,0.240017,98.342027,844.087551,0.142785,0.742954,0.728692,0.085654,191.426153
123.0410,12.0000,6.0,0.239983,98.286247,843.010702,0.142930,0.742759,0.728449,0.085775,191.431016
123.1410,12.0000,6.0,0.239965,98.257593,842.457849,0.143005,0.742659,0.728324,0.085838,191.433514
123.2411,12.0000,6.0,0.239964,98.254532,842.398801,0.143013,0.742649,0.728311,0.085845,191.433781
123.3411,12.0000,6.0,0.240002,98.318071,843.624969,0.142847,0.742870,0.728588,0.085706,191.428241
123.4411,12.0000,6.0,0.240010,98.330103,843.857281,0.142816,0.742912,0.728640,0.085680,191.427192
123.5412,12.0000,6.0,0.239975,98.274133,842.776937,0.142962,0.742717,0.728396,0.085802,191.432072
123.6412,12.0000,6.0,0.240000,98.315095,843.567514,0.142855,0.742860,0.728575,0.085713,191.428501
123.7412,12.0000,6.0,0.240017,98.342299,844.092801,0.142784,0.742955,0.728694,0.085653,191.426129
123.8413,12.0000,6.0,0.240019,98.344688,844.138942,0.142778,0.742963,0.728704,0.085648,191.425921
123.9413,12.0000,6.0,0.240047,98.391379,845.040982,0.142656,0.743126,0.728907,0.085546,191.421850
124.0413,12.0000,6.0,0.240039,98.377640,844.775499,0.142691,0.743078,0.728848,0.085576,191.423048
124.1414,12.0000,6.0,0.239969,98.263733,842.576285,0.142989,0.742681,0.728351,0.085824,191.432979
124.2414,12.0000,6.0,0.240051,98.397983,845.168611,0.142638,0.743149,0.728936,0.085532,191.421274
124.3414,12.0000,6.0,0.239984,98.287261,843.030260,0.142928,0.742763,0.728454,0.085773,191.430928
124.4415,12.0000,6.0,0.240032,98.366059,844.551746,0.142722,0.743038,0.728797,0.085601,191.424058
124.5415,12.0000,6.0,0.240002,98.317221,843.608554,0.142849,0.742867,0.728584,0.085708,191.428316
124.6415,12.0000,6.0,0.239987,98.293220,843.145263,0.142912,0.742784,0.728480,0.085760,191.430408
124.7416,12.0000,6.0,0.239945,98.223448,841.799319,0.143095,0.742540,0.728175,0.085912,191.436491
124.8416,12.0000,6.0,0.239994,98.305260,843.377664,0.142881,0.742826,0.728532,0.085734,191.429358
124.9416,12.0000,6.0,0.239952,98.235875,842.038950,0.143062,0.742584,0.728230,0.085885,191.435408
125.0417,12.0000,6.0,0.240029,98.362215,844.477477,0.142732,0.743024,0.728780,0.085610,191.424393
125.1417,12.0000,6.0,0.240046,98.389695,845.008434,0.142660,0.743120,0.728900,0.085550,191.421997
125.2417,12.0000,6.0,0.239975,98.274015,842.774663,0.142962,0.742717,0.728396,0.085802,191.432082
125.3418,12.0000,6.0,0.240009,98.328964,843.835297,0.142819,0.742908,0.728635,0.085682,191.427292
125.4418,12.0000,6.0,0.239978,98.277601,842.843866,0.142953,0.742729,0.728412,0.085794,191.431770
125.5418,12.0000,6.0,0.239981,98.282452,842.937464,0.142940,0.742746,0.728433,0.085784,191.431347
125.6419,12.0000,6.0,0.240023,98.352606,844.291873,0.142757,0.742991,0.728738,0.085631,191.425231
125.7419,12.0000,6.0,0.239999,98.311959,843.506985,0.142863,0.742849,0.728561,0.085719,191.428774
125.8419,12.0000,6.0,0.240053,98.400874,845.224488,0.142631,0.743159,0.728949,0.085526,191.421022
125.9420,12.0000,6.0,0.239985,98.289785,843.078971,0.142921,0.742772,0.728465,0.085768,191.430708
126.0420,12.0000,6.0,0.240030,98.363868,844.509418,0.142727,0.743030,0.728788,0.085606,191.424249
126.1420,12.0000,6.0,0.240003,98.318777,843.638595,0.142845,0.742873,0.728591,0.085704,191.428180
126.2421,12.0000,6.0,0.240024,98.353700,844.312996,0.142754,0.742995,0.728743,0.085628,191.425135
126.3421,12.0000,6.0,0.239986,98.291558,843.113185,0.142917,0.742778,0.728472,0.085764,191.430553
126.4421,12.0000,6.0,0.239998,98.311442,843.496997,0.142865,0.742847,0.728559,0.085720,191.428819
126.5422,12.0000,6.0,0.239996,98.308150,843.433440,0.142873,0.742836,0.728545,0.085728,191.429106
126.6422,12.0000,6.0,0.239974,98.272126,842.738223,0.142967,0.742710,0.728388,0.085806,191.432247
126.7422,12.0000,6.0,0.240020,98.347038,844.184322,0.142771,0.742971,0.728714,0.085643,191.425716
126.8423,12.0000,6.0,0.240020,98.346450,844.172980,0.142773,0.742969,0.728712,0.085644,191.425767
126.9423,12.0000,6.0,0.240018,98.343620,844.118316,0.142780,0.742959,0.728699,0.085650,191.426014
127.0423,12.0000,6.0,0.240047,98.390795,845.029697,0.142657,0.743124,0.728905,0.085548,191.421901
127.1424,12.0000,6.0,0.240044,98.386418,844.945116,0.142668,0.743109,0.728886,0.085557,191.422283
127.2424,12.0000,6.0,0.239988,98.295208,843.183636,0.142907,0.742791,0.728488,0.085756,191.430235
127.3424,12.0000,6.0,0.240011,98.332612,843.905729,0.142809,0.742921,0.728651,0.085674,191.426974
127.4425,12.0000,6.0,0.239981,98.282783,842.943857,0.142940,0.742747,0.728434,0.085783,191.431318
127.5425,12.0000,6.0,0.240001,98.315135,843.568291,0.142855,0.742860,0.728575,0.085712,191.428497
127.6425,12.0000,6.0,0.239982,98.283984,842.967025,0.142936,0.742751,0.728439,0.085780,191.431213
127.7426,12.0000,6.0,0.240049,98.394979,845.110553,0.142646,0.743139,0.728923,0.085538,191.421536
127.8426,12.0000,6.0,0.240011,98.332164,843.897082,0.142810,0.742919,0.728649,0.085675,191.427013
127.9426,12.0000,6.0,0.239993,98.303081,843.335608,0.142886,0.742818,0.728523,0.085739,191.429548
128.0427,12.0000,6.0,0.240036,98.373668,844.698744,0.142702,0.743064,0.728830,0.085585,191.423394
128.1427,12.0000,6.0,0.239934,98.205460,841.452519,0.143142,0.742478,0.728097,0.085951,191.438059
128.2427,12.0000,6.0,0.239938,98.213289,841.603452,0.143121,0.742505,0.728131,0.085934,191.437377
128.3428,12.0000,6.0,0.240024,98.353790,844.314736,0.142754,0.742995,0.728744,0.085628,191.425127
128.4428,12.0000,6.0,0.240002,98.317025,843.604774,0.142850,0.742867,0.728583,0.085708,191.428333
128.5428,12.0000,6.0,0.240007,98.326527,843.788240,0.142825,0.742900,0.728625,0.085688,191.427504
128.6429,12.0000,6.0,0.239959,98.247689,842.266794,0.143031,0.742625,0.728281,0.085859,191.434378
128.7429,12.0000,6.0,0.239999,98.312850,843.524181,0.142861,0.742852,0.728565,0.085717,191.428697
128.8429,12.0000,6.0,0.240061,98.414191,845.481903,0.142596,0.743206,0.729007,0.085497,191.419861
128.9430,12.0000,6.0,0.240025,98.355229,844.342532,0.142750,0.743000,0.728750,0.085625,191.425002
129.0430,12.0000,6.0,0.240005,98.322507,843.710625,0.142836,0.742886,0.728607,0.085696,191.427855
129.1430,12.0000,6.0,0.239986,98.292073,843.123127,0.142915,0.742780,0.728475,0.085763,191.430508
129.2431,12.0000,6.0,0.239988,98.294300,843.166114,0.142909,0.742787,0.728484,0.085758,191.430314
129.3431,12.0000,6.0,0.239935,98.207572,841.493237,0.143136,0.742485,0.728106,0.085947,191.437875
129.4431,12.0000,6.0,0.240008,98.326917,843.795766,0.142824,0.742901,0.728626,0.085687,191.427470
129.5432,12.0000,6.0,0.240026,98.356312,844.363463,0.142747,0.743004,0.728755,0.085623,191.424907
129.6432,12.0000,6.0,0.239952,98.235260,842.027097,0.143064,0.742582,0.728227,0.085887,191.435461
129.7432,12.0000,6.0,0.239980,98.280973,842.908934,0.120000,0.742741,0.728426,0.085787,191.431476
129.8433,12.0000,6.0,0.239965,98.256174,842.430470,0.120000,0.742654,0.728318,0.085841,191.433638
129.9433,12.0000,6.0,0.239970,98.265783,842.615834,0.120000,0.742688,0.728360,0.085820,191.432800
130.0433,12.0000,6.0,0.240001,98.316727,843.599030,0.120000,0.742866,0.728582,0.085709,191.428359
130.1434,12.0000,6.0,0.239936,98.209836,841.536884,0.120000,0.742493,0.728116,0.085942,191.437678
130.2434,12.0000,6.0,0.240019,98.344773,844.140574,0.120000,0.742963,0.728704,0.085648,191.425913
130.3434,12.0000,6.0,0.240023,98.351755,844.275427,0.142759,0.742988,0.728735,0.085633,191.425305
130.4435,12.0000,6.0,0.239992,98.301510,843.305266,0.142891,0.742813,0.728516,0.085742,191.429685
130.5435,12.0000,6.0,0.239924,98.190032,841.155152,0.143182,0.742424,0.728030,0.085985,191.439404
130.6435,12.0000,6.0,0.239969,98.264249,842.586249,0.142988,0.742683,0.728353,0.085823,191.432934
130.7436,12.0000,6.0,0.240037,98.375718,844.738358,0.142696,0.743071,0.728839,0.085580,191.423216
130.8436,12.0000,6.0,0.239915,98.175176,840.868860,0.143221,0.742372,0.727965,0.086017,191.440700
130.9436,12.0000,6.0,0.239989,98.296702,843.212473,0.142903,0.742796,0.728495,0.085753,191.430104
131.0437,12.0000,6.0,0.239964,98.255081,842.409378,0.143012,0.742651,0.728313,0.085843,191.433733
131.1437,12.0000,6.0,0.240024,98.354312,844.324821,0.142752,0.742997,0.728746,0.085627,191.425082
131.2437,12.0000,6.0,0.239979,98.280330,842.896520,0.142946,0.742739,0.728423,0.085788,191.431532
131.3438,12.0000,6.0,0.240012,98.334286,843.938059,0.142805,0.742927,0.728659,0.085671,191.426828
131.4438,12.0000,6.0,0.240017,98.342364,844.094054,0.142784,0.742955,0.728694,0.085653,191.426123
131.5438,12.0000,6.0,0.240056,98.405905,845.321725,0.142618,0.743177,0.728971,0.085515,191.420584
131.6439,12.0000,6.0,0.239994,98.303949,843.352344,0.142884,0.742821,0.728526,0.085737,191.429473
131.7439,12.0000,6.0,0.240011,98.332900,843.911298,0.142808,0.742922,0.728653,0.085674,191.426949
131.8439,12.0000,6.0,0.239955,98.239848,842.115564,0.143052,0.742598,0.728247,0.085877,191.435061
131.9440,12.0000,6.0,0.240036,98.373623,844.697888,0.142702,0.743064,0.728830,0.085585,191.423398
132.0440,12.0000,6.0,0.239977,98.276080,842.814500,0.142957,0.742724,0.728405,0.085798,191.431902
132.1440,12.0000,6.0,0.239983,98.286070,843.007274,0.142931,0.742759,0.728448,0.085776,191.431031
132.2441,12.0000,6.0,0.239999,98.312997,843.527016,0.142861,0.742853,0.728566,0.085717,191.428684
132.3441,12.0000,6.0,0.239952,98.235967,842.040734,0.143062,0.742584,0.728230,0.085885,191.435400
132.4441,12.0000,6.0,0.240007,98.325552,843.769416,0.142828,0.742896,0.728621,0.085690,191.427589
132.5442,12.0000,6.0,0.240029,98.362489,844.482785,0.142731,0.743025,0.728782,0.085609,191.424369
132.6442,12.0000,6.0,0.240009,98.328765,843.831445,0.142819,0.742908,0.728635,0.085683,191.427309
132.7442,12.0000,6.0,0.239951,98.234675,842.015816,0.143065,0.742580,0.728224,0.085888,191.435512
132.8443,12.0000,6.0,0.239996,98.307932,843.429234,0.142874,0.742835,0.728544,0.085728,191.429125
132.9443,12.0000,6.0,0.240023,98.351226,844.265212,0.142761,0.742986,0.728732,0.085634,191.425351
133.0443,12.0000,6.0,0.239943,98.220227,841.737213,0.143103,0.742529,0.728161,0.085919,191.436772
133.1444,12.0000,6.0,0.239967,98.260390,842.511798,0.142998,0.742669,0.728336,0.085832,191.433270
133.2444,12.0000,6.0,0.240027,98.357957,844.395242,0.142743,0.743009,0.728762,0.085619,191.424764
133.3444,12.0000,6.0,0.240008,98.327637,843.809668,0.142822,0.742904,0.728630,0.085685,191.427407
133.4445,12.0000,6.0,0.240012,98.334733,843.946685,0.142804,0.742928,0.728661,0.085670,191.426789
133.5445,12.0000,6.0,0.240057,98.407111,845.345042,0.142614,0.743181,0.728976,0.085512,191.420479
133.6445,12.0000,6.0,0.240014,98.337566,844.001390,0.142796,0.742938,0.728673,0.085664,191.426542
133.7446,12.0000,6.0,0.240020,98.347034,844.184254,0.142771,0.742971,0.728714,0.085643,191.425716
133.8446,12.0000,6.0,0.240083,98.449679,846.168106,0.142503,0.743329,0.729162,0.085419,191.416767
133.9446,12.0000,6.0,0.239993,98.303453,843.342783,0.142885,0.742819,0.728524,0.085738,191.429516
134.0447,12.0000,6.0,0.239976,98.274251,842.779220,0.142962,0.742718,0.728397,0.085802,191.432062
134.1447,12.0000,6.0,0.240013,98.335537,843.962211,0.142802,0.742931,0.728664,0.085668,191.426719
134.2447,12.0000,6.0,0.240013,98.336098,843.973054,0.142800,0.742933,0.728667,0.085667,191.426670
134.3448,12.0000,6.0,0.239984,98.287815,843.040951,0.142926,0.742765,0.728456,0.085772,191.430879
134.4448,12.0000,6.0,0.239968,98.262532,842.553125,0.142993,0.742677,0.728346,0.085827,191.433084
134.5448,12.0000,6.0,0.240070,98.429646,845.780706,0.142555,0.743259,0.729074,0.085463,191.418514
134.6449,12.0000,6.0,0.240010,98.330498,843.864903,0.142815,0.742914,0.728642,0.085679,191.427158
134.7449,12.0000,6.0,0.239978,98.277543,842.842734,0.142953,0.742729,0.728411,0.085794,191.431775
134.8449,12.0000,6.0,0.240028,98.359955,844.433831,0.142738,0.743016,0.728771,0.085615,191.424590
134.9450,12.0000,6.0,0.239997,98.308703,843.444120,0.142872,0.742838,0.728547,0.085726,191.429058
135.0450,12.0000,6.0,0.239992,98.301518,843.305424,0.142891,0.742813,0.728516,0.085742,191.429685
135.1450,12.0000,6.0,0.240017,98.342277,844.092377,0.142784,0.742955,0.728693,0.085653,191.426131
135.2451,12.0000,6.0,0.239961,98.249571,842.303097,0.143026,0.742631,0.728289,0.085855,191.434214
135.3451,12.0000,6.0,0.240011,98.331798,843.890009,0.142811,0.742918,0.728648,0.085676,191.427045
135.4451,12.0000,6.0,0.240058,98.409816,845.397326,0.142607,0.743190,0.728988,0.085506,191.420243
135.5452,12.0000,6.0,0.240014,98.337478,843.999703,0.142796,0.742938,0.728673,0.085664,191.426549
135.6452,12.0000,6.0,0.239988,98.295360,843.186576,0.142907,0.742791,0.728489,0.085756,191.430221
135.7452,12.0000,6.0,0.239984,98.288817,843.060295,0.142924,0.742768,0.728460,0.085770,191.430792
135.8453,12.0000,6.0,0.239987,98.293657,843.153698,0.142911,0.742785,0.728482,0.085759,191.430370
135.9453,12.0000,6.0,0.239992,98.301477,843.304637,0.142891,0.742812,0.728516,0.085742,191.429688
136.0453,12.0000,6.0,0.239988,98.295286,843.185147,0.142907,0.742791,0.728489,0.085756,191.430228
136.1454,12.0000,6.0,0.240028,98.359993,844.434569,0.142738,0.743017,0.728771,0.085615,191.424586
136.2454,12.0000,6.0,0.239947,98.227519,841.877811,0.143084,0.742555,0.728193,0.085903,191.436136
136.3454,12.0000,6.0,0.240026,98.357281,844.382165,0.142745,0.743007,0.728759,0.085621,191.424823
136.4455,12.0000,6.0,0.239988,98.295197,843.183436,0.142907,0.742791,0.728488,0.085756,191.430236
136.5455,12.0000,6.0,0.240011,98.333031,843.913814,0.142808,0.742923,0.728653,0.085673,191.426937
136.6455,12.0000,6.0,0.239966,98.257835,842.462509,0.143005,0.742660,0.728325,0.085837,191.433493
136.7456,12.0000,6.0,0.240040,98.380617,844.833022,0.142684,0.743088,0.728861,0.085570,191.422788
136.8456,12.0000,6.0,0.240038,98.376469,844.752863,0.142695,0.743074,0.728842,0.085579,191.423150
136.9456,12.0000,6.0,0.240029,98.362168,844.476571,0.142732,0.743024,0.728780,0.085610,191.424397
137.0457,12.0000,6.0,0.239954,98.238452,842.088642,0.143055,0.742593,0.728241,0.085880,191.435183
137.1457,12.0000,6.0,0.240025,98.355647,844.350604,0.142749,0.743001,0.728752,0.085624,191.424965
137.2457,12.0000,6.0,0.240012,98.334435,843.940926,0.142804,0.742927,0.728659,0.085670,191.426815
137.3458,12.0000,6.0,0.239951,98.233929,842.001431,0.143067,0.742577,0.728221,0.085889,191.435577
137.4458,12.0000,6.0,0.239999,98.312979,843.526671,0.142861,0.742853,0.728566,0.085717,191.428685
137.5458,12.0000,6.0,0.240011,98.332422,843.902063,0.142810,0.742920,0.728650,0.085675,191.426990
137.6459,12.0000,6.0,0.240017,98.342000,844.087030,0.142785,0.742954,0.728692,0.085654,191.426155
137.7459,12.0000,6.0,0.240005,98.323061,843.721305,0.142834,0.742888,0.728610,0.085695,191.427806
137.8459,12.0000,6.0,0.240009,98.328760,843.831355,0.142819,0.742908,0.728635,0.085683,191.427309
137.9460,12.0000,6.0,0.240045,98.387880,844.973371,0.142665,0.743114,0.728892,0.085554,191.422155
138.0460,12.0000,6.0,0.240037,98.375502,844.734194,0.142697,0.743071,0.728838,0.085581,191.423234
138.1460,12.0000,6.0,0.239912,98.170849,840.785491,0.143232,0.742357,0.727946,0.086027,191.441077
138.2461,12.0000,6.0,0.239990,98.298331,843.243914,0.142899,0.742802,0.728502,0.085749,191.429962
138.3461,12.0000,6.0,0.239995,98.305971,843.391391,0.142879,0.742828,0.728535,0.085732,191.429296
138.4461,12.0000,6.0,0.239946,98.226600,841.860096,0.143086,0.742551,0.728189,0.085905,191.436216
138.5462,12.0000,6.0,0.240003,98.318915,843.641268,0.142845,0.742873,0.728592,0.085704,191.428168
138.6462,12.0000,6.0,0.240038,98.376645,844.756267,0.142694,0.743075,0.728843,0.085578,191.423135
138.7462,12.0000,6.0,0.239967,98.259880,842.501950,0.142999,0.742667,0.728334,0.085833,191.433315
138.8463,12.0000,6.0,0.240010,98.331029,843.875164,0.142813,0.742916,0.728644,0.085678,191.427112
138.9463,12.0000,6.0,0.239972,98.268419,842.666689,0.142977,0.742697,0.728371,0.085814,191.432570
139.0463,12.0000,6.0,0.239979,98.280615,842.902021,0.142945,0.742740,0.728425,0.085788,191.431507
139.1464,12.0000,6.0,0.240045,98.388081,844.977258,0.142664,0.743114,0.728893,0.085553,191.422138
139.2464,12.0000,6.0,0.239983,98.287085,843.026866,0.142928,0.742762,0.728453,0.085774,191.430943
139.3464,12.0000,6.0,0.240014,98.337324,843.996729,0.142797,0.742937,0.728672,0.085664,191.426563
139.4465,12.0000,6.0,0.239943,98.220654,841.745439,0.143102,0.742531,0.728163,0.085918,191.436735
139.5465,12.0000,6.0,0.240057,98.407331,845.349303,0.142614,0.743182,0.728977,0.085511,191.420459
139.6465,12.0000,6.0,0.240018,98.344349,844.132391,0.142779,0.742962,0.728702,0.085649,191.425950
139.7466,12.0000,6.0,0.239994,98.305092,843.374419,0.142881,0.742825,0.728531,0.085734,191.429373
139.8466,12.0000,6.0,0.240018,98.342995,844.106250,0.142782,0.742957,0.728697,0.085652,191.426068
139.9466,12.0000,6.0,0.239957,98.243728,842.190401,0.143042,0.742611,0.728264,0.085868,191.434723
140.0467,12.0000,6.0,0.240036,98.373346,844.692533,0.142703,0.743063,0.728829,0.085586,191.423422
140.1467,12.0000,6.0,0.239990,98.298021,843.237937,0.142900,0.742800,0.728501,0.085750,191.429989
140.2467,12.0000,6.0,0.239994,98.304018,843.353682,0.142884,0.742821,0.728527,0.085737,191.429467
140.3468,12.0000,6.0,0.239985,98.289639,843.076166,0.142922,0.742771,0.728464,0.085768,191.430720
140.4468,12.0000,6.0,0.239982,98.285190,842.990307,0.142933,0.742756,0.728445,0.085778,191.431108
140.5468,12.0000,6.0,0.240021,98.348957,844.221396,0.142766,0.742978,0.728723,0.085639,191.425549
140.6469,12.0000,6.0,0.240008,98.327020,843.797751,0.142824,0.742902,0.728627,0.085687,191.427461
140.7469,12.0000,6.0,0.240020,98.346813,844.179975,0.142772,0.742971,0.728713,0.085643,191.425736
140.8469,12.0000,6.0,0.240000,98.313786,843.542251,0.142858,0.742855,0.728569,0.085715,191.428615
140.9470,12.0000,6.0,0.240016,98.339887,844.046215,0.142790,0.742946,0.728683,0.085658,191.426339
141.0470,12.0000,6.0,0.239987,98.293285,843.146525,0.142912,0.742784,0.728480,0.085760,191.430402
141.1470,12.0000,6.0,0.240068,98.425715,845.704696,0.142566,0.743246,0.729057,0.085471,191.418857
141.2471,12.0000,6.0,0.239952,98.235832,842.038130,0.143062,0.742584,0.728229,0.085885,191.435411
141.3471,12.0000,6.0,0.240038,98.377276,844.768472,0.142692,0.743077,0.728846,0.085577,191.423080
141.4471,12.0000,6.0,0.240042,98.382626,844.871832,0.142678,0.743095,0.728869,0.085565,191.422613
141.5472,12.0000,6.0,0.239974,98.271623,842.728514,0.142969,0.742708,0.728385,0.085807,191.432291
141.6472,12.0000,6.0,0.240068,98.425695,845.704321,0.142566,0.743246,0.729057,0.085471,191.418858
141.7472,12.0000,6.0,0.240030,98.364007,844.512102,0.142727,0.743031,0.728788,0.085606,191.424237
141.8473,12.0000,6.0,0.240030,98.362790,844.488593,0.142730,0.743026,0.728783,0.085609,191.424343
141.9473,12.0000,6.0,0.240001,98.315635,843.577938,0.142854,0.742862,0.728577,0.085711,191.428454
142.0473,12.0000,6.0,0.239993,98.303373,843.341236,0.142886,0.742819,0.728524,0.085738,191.429523
142.1474,12.0000,6.0,0.239994,98.303765,843.348793,0.142885,0.742820,0.728526,0.085737,191.429489
142.2474,12.0000,6.0,0.240012,98.333762,843.927942,0.142806,0.742925,0.728656,0.085672,191.426873
142.3474,12.0000,6.0,0.240043,98.384296,844.904100,0.142674,0.743101,0.728877,0.085562,191.422468
142.4475,12.0000,6.0,0.240006,98.323303,843.725978,0.142834,0.742889,0.728611,0.085695,191.427785
142.5475,12.0000,6.0,0.239972,98.268665,842.671448,0.142976,0.742698,0.728373,0.085814,191.432549
142.6475,12.0000,6.0,0.240025,98.355459,844.346988,0.142749,0.743001,0.728751,0.085625,191.424982
142.7476,12.0000,6.0,0.240028,98.360296,844.440419,0.142737,0.743018,0.728772,0.085614,191.424560
142.8476,12.0000,6.0,0.240020,98.346972,844.183058,0.142772,0.742971,0.728714,0.085643,191.425722
142.9476,12.0000,6.0,0.240023,98.351515,844.270795,0.142760,0.742987,0.728734,0.085633,191.425326
143.0477,12.0000,6.0,0.239992,98.300694,843.289525,0.142893,0.742810,0.728512,0.085744,191.429756
143.1477,12.0000,6.0,0.239972,98.267792,842.654590,0.142979,0.742695,0.728369,0.085816,191.432625
143.2477,12.0000,6.0,0.239973,98.270832,842.713249,0.142971,0.742706,0.728382,0.085809,191.432360
143.3478,12.0000,6.0,0.239950,98.232469,841.973268,0.143071,0.742572,0.728215,0.085893,191.435705
143.4478,12.0000,6.0,0.240007,98.326090,843.779799,0.142826,0.742898,0.728623,0.085689,191.427542
143.5478,12.0000,6.0,0.239997,98.310071,843.470524,0.142868,0.742842,0.728553,0.085723,191.428939
143.6479,12.0000,6.0,0.239987,98.292244,843.126440,0.142915,0.742780,0.728475,0.085762,191.430493
143.7479,12.0000,6.0,0.239910,98.166463,840.700990,0.143244,0.742342,0.727927,0.086036,191.441459
143.8479,12.0000,6.0,0.239962,98.251879,842.347617,0.143020,0.742640,0.728299,0.085850,191.434012
143.9480,12.0000,6.0,0.240034,98.370287,844.633434,0.142711,0.743052,0.728816,0.085592,191.423689
144.0480,12.0000,6.0,0.239980,98.281014,842.909725,0.142944,0.742741,0.728426,0.085787,191.431472
144.1480,12.0000,6.0,0.240011,98.332276,843.899242,0.142810,0.742920,0.728650,0.085675,191.427003
144.2481,12.0000,6.0,0.239958,98.244713,842.209392,0.143039,0.742615,0.728268,0.085866,191.434637
144.3481,12.0000,6.0,0.240044,98.386183,844.940563,0.142669,0.743108,0.728885,0.085558,191.422303
144.4481,12.0000,6.0,0.239996,98.307046,843.412142,0.142876,0.742832,0.728540,0.085730,191.429203
144.5482,12.0000,6.0,0.240009,98.328750,843.831163,0.142819,0.742908,0.728634,0.085683,191.427310
144.6482,12.0000,6.0,0.240071,98.430538,845.797948,0.142553,0.743263,0.729078,0.085461,191.418436
144.7482,12.0000,6.0,0.240046,98.390071,845.015710,0.142659,0.743121,0.728902,0.085549,191.421964
144.8483,12.0000,6.0,0.239991,98.298921,843.255309,0.142897,0.742804,0.728504,0.085748,191.429911
144.9483,12.0000,6.0,0.239982,98.284589,842.978704,0.142935,0.742754,0.728442,0.085779,191.431161
145.0483,12.0000,6.0,0.239990,98.297973,843.237010,0.142900,0.742800,0.728500,0.085750,191.429994
145.1484,12.0000,6.0,0.240016,98.339746,844.043495,0.142791,0.742946,0.728682,0.085659,191.426352
145.2484,12.0000,6.0,0.239997,98.308990,843.449665,0.142871,0.742839,0.728548,0.085726,191.429033
145.3484,12.0000,6.0,0.239988,98.294490,843.169774,0.142909,0.742788,0.728485,0.085757,191.430297
145.4485,12.0000,6.0,0.240045,98.387611,844.968173,0.142665,0.743113,0.728891,0.085554,191.422179
145.5485,12.0000,6.0,0.239996,98.308542,843.441016,0.142872,0.742837,0.728546,0.085727,191.429072
145.6485,12.0000,6.0,0.240070,98.429233,845.772712,0.142556,0.743258,0.729073,0.085464,191.418550
145.7486,12.0000,6.0,0.240003,98.318791,843.638864,0.142845,0.742873,0.728591,0.085704,191.428179
145.8486,12.0000,6.0,0.240054,98.403520,845.275631,0.142624,0.743168,0.728960,0.085520,191.420792
145.9486,12.0000,6.0,0.240011,98.332120,843.896237,0.142810,0.742919,0.728649,0.085675,191.427017
146.0487,12.0000,6.0,0.240029,98.362403,844.481111,0.142731,0.743025,0.728781,0.085609,191.424376
146.1487,12.0000,6.0,0.239978,98.278025,842.852030,0.142952,0.742731,0.728413,0.085793,191.431733
146.2487,12.0000,6.0,0.239974,98.271567,842.727441,0.142969,0.742708,0.728385,0.085807,191.432296
146.3488,12.0000,6.0,0.240014,98.337241,843.995124,0.142797,0.742937,0.728671,0.085664,191.426570
146.4488,12.0000,6.0,0.240030,98.363684,844.505861,0.142728,0.743029,0.728787,0.085607,191.424265
146.5488,12.0000,6.0,0.240001,98.316269,843.590189,0.142852,0.742864,0.728580,0.085710,191.428398
146.6489,12.0000,6.0,0.239961,98.249937,842.310166,0.143025,0.742633,0.728291,0.085855,191.434182
146.7489,12.0000,6.0,0.239958,98.246244,842.238937,0.143035,0.742620,0.728275,0.085863,191.434504
146.8489,12.0000,6.0,0.239956,98.242901,842.174450,0.143044,0.742608,0.728260,0.085870,191.434795
146.9490,12.0000,6.0,0.239946,98.225877,841.846153,0.143088,0.742549,0.728186,0.085907,191.436279
147.0490,12.0000,6.0,0.240003,98.319733,843.657051,0.142843,0.742876,0.728595,0.085702,191.428097
147.1490,12.0000,6.0,0.240034,98.370511,844.637754,0.142710,0.743053,0.728817,0.085592,191.423669
147.2491,12.0000,6.0,0.240000,98.313588,843.538428,0.142859,0.742855,0.728568,0.085716,191.428632
147.3491,12.0000,6.0,0.239931,98.201239,841.371152,0.143153,0.742463,0.728079,0.085961,191.438427
147.4491,12.0000,6.0,0.239994,98.304722,843.367268,0.142882,0.742824,0.728530,0.085735,191.429405
147.5492,12.0000,6.0,0.239995,98.306120,843.394261,0.142879,0.742829,0.728536,0.085732,191.429283
147.6492,12.0000,6.0,0.240064,98.419060,845.576040,0.142583,0.743223,0.729028,0.085486,191.419437
147.7492,12.0000,6.0,0.239956,98.241404,842.145577,0.143048,0.742603,0.728254,0.085873,191.434926
147.8493,12.0000,6.0,0.239988,98.294727,843.174357,0.142908,0.742789,0.728486,0.085757,191.430277
147.9493,12.0000,6.0,0.240052,98.399554,845.198977,0.142634,0.743155,0.728943,0.085528,191.421137
148.0493,12.0000,6.0,0.240014,98.336760,843.985843,0.142798,0.742936,0.728669,0.085665,191.426612
148.1494,12.0000,6.0,0.240017,98.342428,844.095284,0.142784,0.742955,0.728694,0.085653,191.426118
148.2494,12.0000,6.0,0.240003,98.319991,843.662048,0.142842,0.742877,0.728596,0.085702,191.428074
148.3494,12.0000,6.0,0.240010,98.330760,843.869964,0.142814,0.742915,0.728643,0.085678,191.427135
148.4495,12.0000,6.0,0.240024,98.353143,844.302249,0.142756,0.742993,0.728741,0.085630,191.425184
148.5495,12.0000,6.0,0.239975,98.273789,842.770299,0.142963,0.742716,0.728395,0.085803,191.432102
148.6495,12.0000,6.0,0.240027,98.358166,844.399275,0.142742,0.743010,0.728763,0.085619,191.424746
148.7496,12.0000,6.0,0.239958,98.245613,842.226768,0.143037,0.742618,0.728272,0.085864,191.434559
148.8496,12.0000,6.0,0.240010,98.330682,843.868470,0.142814,0.742914,0.728643,0.085679,191.427142
148.9496,12.0000,6.0,0.240005,98.323201,843.724020,0.142834,0.742888,0.728610,0.085695,191.427794
149.0497,12.0000,6.0,0.239981,98.283450,842.956719,0.142938,0.742750,0.728437,0.085781,191.431260
149.1497,12.0000,6.0,0.239999,98.313130,843.529590,0.142860,0.742853,0.728566,0.085717,191.428672
149.2497,12.0000,6.0,0.239981,98.283138,842.950702,0.142939,0.742749,0.728436,0.085782,191.431287
149.3498,12.0000,6.0,0.239967,98.260680,842.517395,0.142997,0.742670,0.728338,0.085831,191.433245
149.4498,12.0000,6.0,0.239989,98.296585,843.210211,0.142903,0.742795,0.728494,0.085753,191.430115
149.5498,12.0000,6.0,0.239966,98.259066,842.486262,0.143002,0.742665,0.728331,0.085835,191.433386
149.6499,12.0000,6.0,0.240010,98.330406,843.863132,0.142815,0.742913,0.728642,0.085679,191.427166
149.7499,12.0000,6.0,0.239965,98.256762,842.441810,0.143008,0.742657,0.728321,0.085840,191.433587
149.8499,12.0000,6.0,0.240022,98.349865,844.238936,0.142764,0.742981,0.728727,0.085637,191.425469
149.9500,12.0000,6.0,0.239964,98.255193,842.411540,0.143012,0.742651,0.728314,0.085843,191.433723
150.0500,12.0000,6.0,0.239983,98.285952,843.005010,0.142931,0.742758,0.728448,0.085776,191.431042
150.1501,12.0000,6.0,0.239981,98.283037,842.948754,0.142939,0.742748,0.728435,0.085782,191.431296
150.2501,12.0000,6.0,0.240040,98.380525,844.831235,0.142684,0.743088,0.728860,0.085570,191.422796
150.3501,12.0000,6.0,0.240010,98.330782,843.870398,0.142814,0.742915,0.728643,0.085678,191.427133
150.4502,12.0000,6.0,0.239994,98.303681,843.347184,0.142885,0.742820,0.728525,0.085737,191.429496
150.5502,12.0000,6.0,0.240015,98.339204,844.033032,0.142792,0.742944,0.728680,0.085660,191.426399
150.6502,12.0000,6.0,0.239936,98.208909,841.519006,0.143133,0.742490,0.728112,0.085944,191.437759
150.7503,12.0000,6.0,0.239999,98.312112,843.509927,0.142863,0.742850,0.728562,0.085719,191.428761
150.8503,12.0000,6.0,0.240061,98.414144,845.481007,0.142596,0.743205,0.729007,0.085497,191.419865
150.9503,12.0000,6.0,0.240004,98.320886,843.679325,0.142840,0.742880,0.728600,0.085700,191.427996
151.0504,12.0000,6.0,0.240002,98.317665,843.617130,0.142848,0.742869,0.728586,0.085707,191.428277
151.1504,12.0000,6.0,0.240017,98.341676,844.080766,0.142786,0.742953,0.728691,0.085655,191.426183
151.2504,12.0000,6.0,0.240027,98.359050,844.416343,0.142740,0.743013,0.728767,0.085617,191.424669
151.3505,12.0000,6.0,0.239939,98.214396,841.624802,0.143118,0.742509,0.728136,0.085932,191.437280
151.4505,12.0000,6.0,0.239949,98.230154,841.928621,0.143077,0.742564,0.728205,0.085898,191.435906
151.5505,12.0000,6.0,0.240006,98.324785,843.754595,0.142830,0.742894,0.728617,0.085691,191.427656
151.6506,12.0000,6.0,0.239978,98.278527,842.861717,0.142951,0.742732,0.728416,0.085792,191.431689
151.7506,12.0000,6.0,0.240040,98.379872,844.818619,0.142686,0.743086,0.728857,0.085571,191.422853
151.8506,12.0000,6.0,0.239990,98.298512,843.247409,0.142898,0.742802,0.728503,0.085749,191.429947
151.9507,12.0000,6.0,0.239941,98.217544,841.685493,0.143110,0.742520,0.728150,0.085925,191.437006
152.0507,12.0000,6.0,0.239961,98.250870,842.328165,0.143023,0.742636,0.728295,0.085853,191.434100
152.1507,12.0000,6.0,0.239916,98.176788,840.899916,0.143217,0.742378,0.727972,0.086014,191.440559
152.2508,12.0000,6.0,0.239993,98.302565,843.325643,0.142888,0.742816,0.728520,0.085740,191.429593
152.3508,12.0000,6.0,0.239994,98.304852,843.369792,0.142882,0.742824,0.728530,0.085735,191.429394
152.4508,12.0000,6.0,0.239987,98.293049,843.141964,0.142913,0.742783,0.728479,0.085761,191.430423
152.5509,12.0000,6.0,0.240033,98.368216,844.593416,0.142716,0.743045,0.728807,0.085597,191.423870
152.6509,12.0000,6.0,0.240037,98.374198,844.708994,0.142700,0.743066,0.728833,0.085584,191.423348
152.7509,12.0000,6.0,0.239995,98.305753,843.387174,0.142879,0.742827,0.728534,0.085733,191.429315
152.8510,12.0000,6.0,0.239935,98.207538,841.492579,0.143136,0.742485,0.728106,0.085947,191.437878
152.9510,12.0000,6.0,0.240019,98.345137,844.147608,0.142776,0.742965,0.728706,0.085647,191.425882
153.0510,12.0000,6.0,0.240017,98.342041,844.087817,0.142785,0.742954,0.728692,0.085654,191.426152
153.1511,12.0000,6.0,0.240009,98.329743,843.850325,0.142817,0.742911,0.728639,0.085681,191.427224
153.2511,12.0000,6.0,0.240030,98.363347,844.499357,0.142729,0.743028,0.728785,0.085607,191.424294
153.3511,12.0000,6.0,0.239964,98.256032,842.427727,0.143010,0.742654,0.728317,0.085841,191.433650
153.4512,12.0000,6.0,0.240061,98.414711,845.491964,0.142594,0.743207,0.729009,0.085495,191.419816
153.5512,12.0000,6.0,0.239971,98.266302,842.625857,0.142983,0.742690,0.728362,0.085819,191.432755
153.6512,12.0000,6.0,0.240023,98.351735,844.275047,0.142759,0.742988,0.728735,0.085633,191.425306
153.7513,12.0000,6.0,0.239949,98.229907,841.923856,0.143078,0.742563,0.728204,0.085898,191.435928
153.8513,12.0000,6.0,0.239972,98.267761,842.653998,0.142979,0.742695,0.728369,0.085816,191.432628
153.9513,12.0000,6.0,0.240046,98.390093,845.016125,0.142659,0.743122,0.728902,0.085549,191.421962
154.0514,12.0000,6.0,0.239992,98.301229,843.299858,0.142891,0.742812,0.728515,0.085743,191.429710
154.1514,12.0000,6.0,0.240026,98.356271,844.362658,0.142747,0.743004,0.728754,0.085623,191.424911
154.2514,12.0000,6.0,0.240007,98.326122,843.780423,0.142826,0.742898,0.728623,0.085688,191.427539
154.3515,12.0000,6.0,0.239997,98.309027,843.450373,0.142871,0.742839,0.728549,0.085726,191.429030
154.4515,12.0000,6.0,0.240042,98.382467,844.868774,0.142679,0.743095,0.728869,0.100000,191.422627
154.5515,12.0000,6.0,0.239993,98.302442,843.323267,0.142888,0.742816,0.728520,0.097778,191.429604
154.6516,12.0000,6.0,0.239946,98.225238,841.833839,0.143090,0.742547,0.728183,0.095556,191.436335
154.7516,12.0000,6.0,0.239975,98.274113,842.776562,0.142962,0.742717,0.728396,0.093333,191.432074
154.8516,12.0000,6.0,0.240017,98.341835,844.083842,0.142785,0.742953,0.728692,0.091111,191.426170
154.9517,12.0000,6.0,0.240012,98.334051,843.933521,0.142805,0.742926,0.728658,0.088889,191.426848
155.0517,12.0000,6.0,0.239952,98.235923,842.039873,0.143062,0.742584,0.728230,0.086667,191.435403
155.1517,12.0000,6.0,0.239978,98.278059,842.852690,0.142952,0.742731,0.728414,0.084444,191.431730
155.2518,12.0000,6.0,0.239982,98.285190,842.990299,0.142933,0.742756,0.728445,0.082222,191.431108
155.3518,12.0000,6.0,0.239989,98.296003,843.198975,0.142905,0.742793,0.728492,0.080000,191.430165
155.4518,12.0000,6.0,0.239958,98.245481,842.224204,0.143037,0.742617,0.728271,0.085864,191.434570
155.5519,12.0000,6.0,0.239981,98.282858,842.945295,0.142939,0.742748,0.728434,0.085783,191.431311
155.6519,12.0000,6.0,0.239978,98.277846,842.848584,0.142952,0.742730,0.728413,0.085794,191.431748
155.7519,12.0000,6.0,0.240024,98.352853,844.296647,0.142756,0.742992,0.728740,0.085630,191.425209
155.8520,12.0000,6.0,0.240025,98.354733,844.332951,0.142751,0.742998,0.728748,0.085626,191.425045
155.9520,12.0000,6.0,0.239996,98.306986,843.410982,0.142876,0.742832,0.728540,0.085730,191.429208
156.0520,12.0000,6.0,0.239988,98.294675,843.173350,0.142908,0.742789,0.728486,0.085757,191.430281
156.1521,12.0000,6.0,0.240004,98.321273,843.686796,0.142839,0.742882,0.728602,0.085699,191.427962
156.2521,12.0000,6.0,0.239975,98.273448,842.763732,0.142964,0.742715,0.728393,0.085803,191.432132
156.3521,12.0000,6.0,0.239965,98.256936,842.445160,0.143007,0.742657,0.728321,0.085839,191.433571
156.4522,12.0000,6.0,0.239971,98.267266,842.644456,0.142980,0.742693,0.728366,0.085817,191.432671
156.5522,12.0000,6.0,0.239981,98.282537,842.939101,0.142940,0.742746,0.728433,0.085783,191.431339
156.6522,12.0000,6.0,0.239964,98.256104,842.429115,0.143009,0.742654,0.728318,0.085841,191.433644
156.7523,12.0000,6.0,0.240005,98.322381,843.708177,0.142836,0.742885,0.728607,0.085697,191.427866
156.8523,12.0000,6.0,0.240022,98.350764,844.256284,0.142762,0.742984,0.728730,0.085635,191.425391
156.9523,12.0000,6.0,0.239952,98.234923,842.020591,0.143065,0.742580,0.728225,0.085887,191.435491
157.0524,12.0000,6.0,0.240001,98.315534,843.575999,0.142854,0.742861,0.728577,0.085712,191.428463
157.1524,12.0000,6.0,0.239993,98.303281,843.339464,0.142886,0.742819,0.728523,0.085738,191.429531
157.2524,12.0000,6.0,0.240010,98.331354,843.881432,0.142813,0.742917,0.728646,0.085677,191.427083
157.3525,12.0000,6.0,0.240000,98.313631,843.539259,0.142859,0.742855,0.728569,0.085716,191.428628
157.4525,12.0000,6.0,0.239956,98.241598,842.149330,0.143047,0.742604,0.728255,0.085873,191.434909
157.5525,12.0000,6.0,0.239961,98.251159,842.333730,0.143022,0.742637,0.728296,0.085852,191.434075
157.6526,12.0000,6.0,0.240001,98.315750,843.580156,0.142853,0.742862,0.728578,0.085711,191.428444
157.7526,12.0000,6.0,0.240031,98.365718,844.545151,0.142723,0.743037,0.728796,0.085602,191.424087
157.8526,12.0000,6.0,0.239932,98.203569,841.416079,0.143147,0.742471,0.728089,0.085956,191.438224
157.9527,12.0000,6.0,0.240011,98.331565,843.885517,0.142812,0.742917,0.728647,0.085677,191.427065
158.0527,12.0000,6.0,0.240036,98.373760,844.700527,0.142702,0.743065,0.728831,0.085585,191.423386
158.1527,12.0000,6.0,0.239995,98.306628,843.404059,0.142877,0.742830,0.728538,0.085731,191.429239
158.2528,12.0000,6.0,0.240017,98.341789,844.082956,0.142785,0.742953,0.728691,0.085654,191.426174
158.3528,12.0000,6.0,0.239979,98.279126,842.873278,0.142949,0.742735,0.728418,0.085791,191.431637
158.4528,12.0000,6.0,0.239996,98.308311,843.436552,0.142873,0.742836,0.728545,0.085727,191.429092
158.5529,12.0000,6.0,0.239951,98.233234,841.988013,0.143069,0.742574,0.728218,0.085891,191.435638
158.6529,12.0000,6.0,0.239928,98.197062,841.290650,0.143164,0.742448,0.728060,0.085970,191.438791
158.7529,12.0000,6.0,0.240029,98.361418,844.462084,0.142734,0.743022,0.728777,0.085612,191.424462
158.8530,12.0000,6.0,0.239970,98.265030,842.601307,0.142986,0.742685,0.728357,0.085822,191.432866
158.9530,12.0000,6.0,0.239986,98.291503,843.112137,0.142917,0.742778,0.728472,0.085764,191.430558
159.0530,12.0000,6.0,0.239958,98.244958,842.214118,0.143038,0.742615,0.728269,0.085865,191.434616
159.1531,12.0000,6.0,0.239957,98.243781,842.191431,0.143042,0.742611,0.728264,0.085868,191.434718
159.2531,12.0000,6.0,0.239995,98.305588,843.383989,0.142880,0.742827,0.728534,0.085733,191.429330
159.3531,12.0000,6.0,0.239978,98.277801,842.847718,0.142953,0.742730,0.728412,0.085794,191.431752
159.4532,12.0000,6.0,0.240012,98.333179,843.916672,0.142808,0.742923,0.728654,0.085673,191.426924
159.5532,12.0000,6.0,0.240014,98.336907,843.988671,0.142798,0.742936,0.728670,0.085665,191.426599
159.6532,12.0000,6.0,0.240010,98.330323,843.861524,0.142815,0.742913,0.728641,0.085679,191.427173
159.7533,12.0000,6.0,0.240007,98.326210,843.782118,0.142826,0.742899,0.728623,0.085688,191.427532
159.8533,12.0000,6.0,0.240048,98.393169,845.075571,0.142651,0.743132,0.728915,0.085542,191.421694
159.9533,12.0000,6.0,0.239967,98.260901,842.521648,0.142997,0.742671,0.728339,0.085831,191.433226
160.0534,14.0000,4.0,0.240123,98.516423,847.459582,0.308995,0.710229,0.877465,0.118607,191.410948
160.1534,14.0000,4.0,0.240283,98.778132,852.534804,0.308311,0.711141,0.874950,0.118037,191.388131
160.2534,14.0000,4.0,0.240409,98.984523,856.549928,0.307771,0.711861,0.872285,0.117587,191.370138
160.3535,14.0000,4.0,0.240447,99.047507,857.777457,0.307606,0.712081,0.869082,0.117449,191.364646
160.4535,14.0000,4.0,0.240600,99.297810,862.666018,0.306951,0.712954,0.866782,0.116904,191.342824
160.5535,14.0000,4.0,0.240769,99.573730,868.074002,0.306230,0.713916,0.864677,0.116303,191.318768
160.6536,14.0000,4.0,0.240859,99.721219,870.972974,0.305844,0.714430,0.862094,0.115981,191.305909
160.7536,14.0000,4.0,0.240964,99.893193,874.360469,0.305394,0.715030,0.859697,0.115606,191.290916
160.8536,14.0000,4.0,0.241064,100.057814,877.610447,0.304964,0.715604,0.857346,0.115247,191.276564
160.9537,14.0000,4.0,0.241171,100.232461,881.066165,0.304507,0.716213,0.855115,0.114867,191.261337
161.0537,14.0000,4.0,0.241301,100.446726,885.316840,0.303946,0.716960,0.853130,0.114400,191.242657
161.1537,14.0000,4.0,0.241394,100.598102,888.327210,0.303550,0.717488,0.850943,0.114070,191.229459
161.2538,14.0000,4.0,0.241508,100.784767,892.047713,0.303062,0.718139,0.848980,0.113663,191.213185
161.3538,14.0000,4.0,0.241618,100.964797,895.644744,0.302591,0.718767,0.847057,0.113271,191.197489
161.4538,14.0000,4.0,0.241699,101.098760,898.326917,0.302241,0.719234,0.845000,0.112979,191.185810
161.5539,14.0000,4.0,0.241840,101.328918,900.000000,0.301639,0.720037,0.843428,0.112477,191.165744
161.6539,14.0000,4.0,0.242015,101.615551,900.000000,0.300889,0.721037,0.842165,0.111852,191.140754
161.7539,14.0000,4.0,0.241973,101.546422,900.000000,0.301070,0.720795,0.839413,0.112003,191.146781
161.8540,14.0000,4.0,0.242136,101.814835,900.000000,0.300368,0.721731,0.838194,0.111418,191.123380
161.9540,14.0000,4.0,0.242202,101.921946,900.000000,0.300088,0.722105,0.836330,0.111184,191.114041
162.0540,14.0000,4.0,0.242340,102.148129,900.000000,0.299496,0.722894,0.835043,0.110691,191.094322
162.1541,14.0000,4.0,0.242420,102.278899,900.000000,0.299154,0.723350,0.833396,0.110406,191.082921
162.2541,14.0000,4.0,0.242536,102.470008,900.000000,0.298654,0.724016,0.832067,0.109990,191.066259
162.3541,14.0000,4.0,0.242642,102.644093,900.000000,0.298199,0.724623,0.830717,0.109610,191.051082
162.4542,14.0000,4.0,0.242705,102.746423,900.000000,0.297931,0.724980,0.780000,0.109387,191.042160
162.5542,14.0000,4.0,0.242825,102.942994,900.000000,0.297417,0.725666,0.782857,0.108959,191.025022
162.6542,14.0000,4.0,0.242809,102.916896,900.000000,0.297486,0.725575,0.785714,0.109016,191.027298
162.7543,14.0000,4.0,0.243018,103.259506,900.000000,0.296589,0.726770,0.788571,0.108269,190.997428
162.8543,14.0000,4.0,0.243069,103.342784,900.000000,0.296372,0.727060,0.791429,0.108088,190.990167
162.9543,14.0000,4.0,0.243177,103.520171,900.000000,0.295908,0.727679,0.794286,0.107701,190.974702
163.0544,14.0000,4.0,0.243193,103.545753,900.000000,0.295841,0.727768,0.797143,0.107645,190.972471
163.1544,14.0000,4.0,0.243289,103.703920,900.000000,0.295427,0.728319,0.800000,0.107300,190.958682
163.2544,14.0000,4.0,0.243403,103.889733,900.000000,0.294941,0.728967,0.802857,0.106895,190.942482
163.3545,14.0000,4.0,0.243480,104.016849,900.000000,0.294609,0.729411,0.805714,0.106618,190.931399
163.4545,14.0000,4.0,0.243571,104.165427,900.000000,0.294220,0.729929,0.808571,0.106294,190.918446
163.5545,14.0000,4.0,0.243676,104.337403,900.000000,0.293770,0.730529,0.811429,0.105920,190.903452
163.6546,14.0000,4.0,0.243668,104.325170,900.000000,0.293802,0.730486,0.814286,0.105946,190.904519
163.7546,14.0000,4.0,0.243830,104.590747,900.000000,0.293108,0.731412,0.817143,0.105367,190.881365
163.8546,14.0000,4.0,0.243879,104.669486,900.000000,0.292902,0.731687,0.820000,0.105196,190.874500
163.9547,14.0000,4.0,0.243949,104.784312,900.000000,0.292601,0.732087,0.812587,0.104946,190.864489
164.0547,14.0000,4.0,0.243985,104.844805,900.000000,0.292443,0.732298,0.811472,0.104814,190.859215
164.1547,14.0000,4.0,0.244120,105.065824,900.000000,0.291865,0.733069,0.811091,0.104332,190.839946
164.2548,14.0000,4.0,0.244105,105.040748,900.000000,0.291931,0.732981,0.809670,0.104387,190.842132
164.3548,14.0000,4.0,0.244271,105.313145,900.000000,0.291218,0.733931,0.809579,0.103793,190.818383
164.4548,14.0000,4.0,0.244278,105.323900,900.000000,0.291190,0.733969,0.808379,0.103769,190.817445
164.5549,14.0000,4.0,0.244396,105.517486,900.000000,0.290684,0.734644,0.808006,0.103348,190.800568
164.6549,14.0000,4.0,0.244461,105.623708,900.000000,0.290406,0.735014,0.807283,0.103116,190.791307
164.7549,14.0000,4.0,0.244569,105.801560,900.000000,0.289941,0.735635,0.806901,0.102728,190.775801
164.8550,14.0000,4.0,0.244597,105.846149,900.000000,0.289824,0.735790,0.805967,0.102631,190.771914
164.9550,14.0000,4.0,0.244648,105.930973,900.000000,0.289602,0.736086,0.805236,0.102446,190.764518
165.0550,14.0000,4.0,0.244721,106.049566,900.000000,0.289292,0.736500,0.804680,0.102188,190.754179
165.1551,14.0000,4.0,0.244841,106.246390,900.000000,0.288777,0.737186,0.804491,0.101759,190.737019
165.2551,14.0000,4.0,0.244883,106.316062,900.000000,0.288595,0.737429,0.803773,0.101607,190.730945
165.3551,14.0000,4.0,0.244919,106.375135,900.000000,0.288441,0.737635,0.803035,0.101478,190.725795
165.4552,14.0000,4.0,0.244987,106.486448,900.000000,0.288149,0.738023,0.802549,0.101236,190.716090
165.5552,14.0000,4.0,0.245009,106.522468,900.000000,0.288055,0.738149,0.801759,0.101157,190.712950
165.6552,14.0000,4.0,0.245131,106.721524,900.000000,0.287535,0.738843,0.801703,0.100723,190.695595
165.7553,14.0000,4.0,0.245126,106.714116,900.000000,0.287554,0.738817,0.800769,0.100739,190.696241
165.8553,14.0000,4.0,0.245263,106.938453,900.000000,0.286967,0.739599,0.800868,0.100250,190.676682
165.9553,14.0000,4.0,0.245304,107.004816,900.000000,0.286794,0.739831,0.800301,0.100106,190.670897
166.0554,14.0000,4.0,0.245431,107.214035,900.000000,0.286246,0.740560,0.800377,0.099650,190.652656
166.1554,14.0000,4.0,0.245383,107.134779,900.000000,0.286454,0.740284,0.799216,0.099822,190.659566
166.2554,14.0000,4.0,0.245471,107.278561,900.000000,0.286078,0.740785,0.799048,0.099509,190.647030
166.3555,14.0000,4.0,0.245585,107.466344,900.000000,0.285586,0.741440,0.799091,0.099100,190.630659
166.4555,14.0000,4.0,0.245623,107.527574,900.000000,0.285426,0.741654,0.798601,0.098966,190.625320
166.5555,14.0000,4.0,0.245620,107.523624,900.000000,0.285437,0.741640,0.797846,0.098975,190.625665
166.6556,14.0000,4.0,0.245703,107.658932,900.000000,0.285083,0.742112,0.797717,0.098680,190.613868
166.7556,14.0000,4.0,0.245750,107.736017,900.000000,0.284881,0.742381,0.797351,0.098512,190.607148
166.8556,14.0000,4.0,0.245812,107.837094,900.000000,0.284617,0.742733,0.797107,0.098292,190.598335
166.9557,14.0000,4.0,0.245834,107.874054,900.000000,0.284520,0.742862,0.796601,0.098211,190.595113
167.0557,14.0000,4.0,0.245905,107.989438,900.000000,0.284218,0.743265,0.796453,0.097960,190.585053
167.1557,14.0000,4.0,0.245910,107.997855,900.000000,0.284196,0.743294,0.795855,0.097941,190.584319
167.2558,14.0000,4.0,0.246013,108.167320,900.000000,0.283753,0.743885,0.795974,0.097572,190.569545
167.3558,14.0000,4.0,0.246073,108.264835,900.000000,0.283498,0.744225,0.795796,0.097359,190.561043
167.4558,14.0000,4.0,0.246101,108.311711,900.000000,0.283375,0.744388,0.795411,0.097257,190.556956
167.5559,14.0000,4.0,0.246108,108.322067,900.000000,0.283348,0.744425,0.794882,0.097235,190.556053
167.6559,14.0000,4.0,0.246235,108.530987,900.000000,0.282802,0.745153,0.795232,0.096779,190.537839
167.7559,14.0000,4.0,0.246264,108.577543,900.000000,0.282680,0.745315,0.794889,0.096678,190.533780
167.8560,14.0000,4.0,0.246277,108.599800,900.000000,0.282622,0.745393,0.794453,0.096629,190.531840
167.9560,14.0000,4.0,0.246337,108.697895,900.000000,0.282365,0.745735,0.794361,0.096416,190.523287
168.0560,14.0000,4.0,0.246345,108.711768,900.000000,0.282329,0.745784,0.793914,0.096385,190.522078
168.1561,14.0000,4.0,0.246405,108.809470,900.000000,0.282073,0.746124,0.793846,0.096172,190.513560
168.2561,14.0000,4.0,0.246465,108.906865,900.000000,0.281819,0.746464,0.793788,0.095960,190.505068
168.3561,14.0000,4.0,0.246562,109.067279,900.000000,0.281399,0.747023,0.794017,0.095610,190.491083
168.4562,14.0000,4.0,0.246549,109.045083,900.000000,0.281457,0.746946,0.793462,0.095659,190.493018
168.5562,14.0000,4.0,0.246631,109.179379,900.000000,0.281106,0.747414,0.793600,0.095366,190.481310
168.6562,14.0000,4.0,0.246637,109.189884,900.000000,0.281078,0.747451,0.793209,0.095343,190.480394
168.7563,14.0000,4.0,0.246703,109.297760,900.000000,0.280796,0.747827,0.793254,0.095108,190.470989
168.8563,14.0000,4.0,0.246733,109.345998,900.000000,0.280670,0.747995,0.793049,0.095003,190.466783
168.9563,14.0000,4.0,0.246804,109.463580,900.000000,0.280363,0.748405,0.793157,0.094747,190.456532
169.0564,14.0000,4.0,0.246802,109.459209,900.000000,0.280374,0.748390,0.792743,0.094756,190.456913
169.1564,14.0000,4.0,0.246810,109.472521,900.000000,0.280339,0.748437,0.792416,0.094727,190.455752
169.2564,14.0000,4.0,0.246855,109.546432,900.000000,0.280146,0.748694,0.792363,0.094566,190.449308
169.3565,14.0000,4.0,0.246920,109.652513,900.000000,0.279868,0.749064,0.792459,0.094335,190.440060
169.4565,14.0000,4.0,0.246936,109.679436,900.000000,0.279798,0.749158,0.792219,0.094276,190.437713
169.5565,14.0000,4.0,0.247024,109.824396,900.000000,0.279419,0.749664,0.792503,0.093960,190.425074
169.6566,14.0000,4.0,0.247035,109.841819,900.000000,0.279373,0.749724,0.792239,0.093922,190.423555
169.7566,14.0000,4.0,0.247159,110.044294,900.000000,0.278844,0.750431,0.792790,0.093481,190.405903
169.8566,14.0000,4.0,0.247070,109.898378,900.000000,0.279225,0.749922,0.791831,0.093799,190.418624
169.9567,14.0000,4.0,0.247165,110.054400,900.000000,0.278817,0.750466,0.792196,0.093459,190.405022
170.0567,14.0000,4.0,0.247160,110.046037,900.000000,0.278839,0.750437,0.791852,0.093477,190.405751
170.1567,14.0000,4.0,0.247214,110.135253,900.000000,0.278606,0.750748,0.791941,0.093283,190.397973
170.2568,14.0000,4.0,0.247268,110.223764,900.000000,0.278374,0.751056,0.792034,0.093090,190.390256
170.3568,14.0000,4.0,0.247227,110.156485,900.000000,0.278550,0.750822,0.791456,0.093236,190.396122
170.4568,14.0000,4.0,0.247339,110.339954,900.000000,0.278070,0.751462,0.791978,0.092836,190.380126
170.5569,14.0000,4.0,0.247423,110.477924,900.000000,0.277710,0.751943,0.792308,0.092536,190.368097
170.6569,14.0000,4.0,0.247384,110.414090,900.000000,0.277877,0.751720,0.791765,0.092675,190.373663
170.7569,14.0000,4.0,0.247439,110.503061,900.000000,0.277644,0.752030,0.791895,0.092481,190.365906
170.8570,14.0000,4.0,0.247494,110.593958,900.000000,0.277406,0.752347,0.792039,0.092283,190.357981
170.9570,14.0000,4.0,0.247490,110.586498,900.000000,0.277426,0.752321,0.791761,0.092299,190.358631
171.0570,14.0000,4.0,0.247508,110.616981,900.000000,0.277346,0.752428,0.791655,0.092233,190.355974
171.1571,14.0000,4.0,0.247487,110.582934,900.000000,0.277435,0.752309,0.791273,0.092307,190.358942
171.2571,14.0000,4.0,0.247607,110.778828,900.000000,0.276923,0.752992,0.791899,0.091880,190.341863
171.3571,14.0000,4.0,0.247614,110.790552,900.000000,0.276892,0.753033,0.791728,0.091854,190.340841
171.4572,14.0000,4.0,0.247616,110.794390,900.000000,0.276882,0.753046,0.791528,0.091846,190.340507
171.5572,14.0000,4.0,0.247681,110.899557,900.000000,0.276607,0.753413,0.791775,0.091617,190.331338
171.6572,14.0000,4.0,0.247688,110.911643,900.000000,0.276575,0.753455,0.791622,0.091590,190.330284
171.7573,14.0000,4.0,0.247718,110.961412,900.000000,0.276445,0.753629,0.791638,0.091482,190.325945
171.8573,14.0000,4.0,0.247781,111.064565,900.000000,0.276175,0.753989,0.791892,0.091257,190.316952
171.9573,14.0000,4.0,0.247750,111.013168,900.000000,0.276310,0.753809,0.791477,0.091369,190.321433
172.0574,14.0000,4.0,0.247850,111.177717,900.000000,0.275879,0.754383,0.792007,0.091010,190.307087
172.1574,14.0000,4.0,0.247803,111.100165,900.000000,0.276082,0.754113,0.791488,0.091180,190.313848
172.2574,14.0000,4.0,0.247852,111.181054,900.000000,0.275871,0.754395,0.791663,0.091003,190.306796
172.3575,14.0000,4.0,0.247958,111.353923,900.000000,0.275418,0.754998,0.792243,0.090626,190.291724
172.4575,14.0000,4.0,0.247960,111.357186,900.000000,0.275410,0.755009,0.792089,0.090619,190.291440
172.5575,14.0000,4.0,0.247954,111.348202,900.000000,0.275433,0.754978,0.791885,0.090639,190.292223
172.6576,14.0000,4.0,0.247948,111.338268,900.000000,0.275459,0.754943,0.791682,0.090661,190.293089
172.7576,14.0000,4.0,0.247986,111.400278,900.000000,0.275297,0.755159,0.791795,0.090525,190.287683
172.8576,14.0000,4.0,0.248030,111.471335,900.000000,0.275111,0.755407,0.791952,0.090371,190.281488
172.9577,14.0000,4.0,0.248053,111.509965,900.000000,0.275010,0.755542,0.791972,0.090286,190.278120
173.0577,14.0000,4.0,0.248074,111.543458,900.000000,0.274923,0.755659,0.791973,0.090213,190.275200
173.1577,14.0000,4.0,0.248099,111.585873,900.000000,0.274812,0.755807,0.792016,0.090121,190.271502
173.2578,14.0000,4.0,0.248118,111.615616,900.000000,0.274734,0.755910,0.792008,0.090056,190.268909
173.3578,14.0000,4.0,0.248104,111.592669,900.000000,0.274794,0.755830,0.791773,0.090106,190.270909
173.4578,14.0000,4.0,0.248155,111.676896,900.000000,0.274574,0.756124,0.792009,0.089922,190.263566
173.5579,14.0000,4.0,0.248222,111.785931,900.000000,0.274288,0.756504,0.792356,0.089685,190.254060
173.6579,14.0000,4.0,0.248175,111.708793,900.000000,0.274490,0.756235,0.791895,0.089853,190.260785
173.7579,14.0000,4.0,0.248233,111.804279,900.000000,0.274240,0.756568,0.792189,0.089645,190.252460
173.8580,14.0000,4.0,0.248236,111.808859,900.000000,0.274229,0.756584,0.792090,0.089635,190.252061
173.9580,14.0000,4.0,0.248286,111.891053,900.000000,0.274014,0.756871,0.792333,0.089456,190.244895
174.0580,14.0000,4.0,0.248292,111.901247,900.000000,0.273987,0.756906,0.792264,0.089433,190.244006
174.1581,14.0000,4.0,0.248370,112.029301,900.000000,0.273652,0.757353,0.792712,0.089154,190.232842
174.2581,14.0000,4.0,0.248361,112.015079,900.000000,0.273689,0.757303,0.792542,0.089185,190.234082
174.3581,14.0000,4.0,0.248327,111.958050,900.000000,0.273838,0.757105,0.792189,0.089310,190.239054
174.4582,14.0000,4.0,0.248408,112.090667,900.000000,0.273491,0.757567,0.792665,0.089021,190.227492
174.5582,14.0000,4.0,0.248384,112.051420,900.000000,0.273594,0.757430,0.792394,0.089106,190.230914
174.6582,14.0000,4.0,0.248410,112.093937,900.000000,0.273483,0.757578,0.792482,0.089014,190.227207
174.7583,14.0000,4.0,0.248456,112.170703,900.000000,0.273282,0.757846,0.792722,0.088846,190.220514
174.8583,14.0000,4.0,0.248451,112.162248,900.000000,0.273304,0.757817,0.792592,0.088865,190.221251
174.9583,14.0000,4.0,0.248513,112.262903,900.000000,0.273041,0.758168,0.792941,0.088645,190.212476
175.0584,14.0000,4.0,0.248481,112.210567,900.000000,0.273178,0.757985,0.789148,0.088759,190.217039
175.1584,14.0000,4.0,0.248504,112.248989,900.000000,0.273077,0.758119,0.789316,0.088676,190.213689
175.2584,14.0000,4.0,0.248522,112.277379,900.000000,0.273003,0.758218,0.789439,0.088614,190.211214
175.3585,14.0000,4.0,0.248543,112.311798,900.000000,0.272913,0.758338,0.789589,0.088539,190.208213
175.4585,14.0000,4.0,0.248611,112.424548,900.000000,0.272618,0.758731,0.790081,0.088293,190.198383
175.5585,14.0000,4.0,0.248615,112.430168,900.000000,0.272603,0.758751,0.790105,0.088281,190.197893
175.6586,14.0000,4.0,0.248665,112.513001,900.000000,0.272387,0.759040,0.790466,0.088100,190.190671
175.7586,14.0000,4.0,0.248700,112.569302,900.000000,0.272240,0.759236,0.790712,0.087977,190.185763
175.8586,14.0000,4.0,0.248616,112.432444,900.000000,0.272598,0.758759,0.790115,0.088276,190.197694
175.9587,14.0000,4.0,0.248667,112.515211,900.000000,0.272381,0.759048,0.790476,0.088095,190.190479
176.0587,14.0000,4.0,0.248645,112.480243,900.000000,0.272472,0.758926,0.790324,0.088172,190.193527
176.1587,14.0000,4.0,0.248674,112.527193,900.000000,0.272350,0.759089,0.790528,0.088069,190.189434
176.2588,14.0000,4.0,0.248695,112.561252,900.000000,0.272261,0.759208,0.790677,0.087995,190.186464
176.3588,14.0000,4.0,0.248698,112.566248,900.000000,0.272248,0.759226,0.790699,0.087984,190.186029
176.4588,14.0000,4.0,0.248714,112.592531,900.000000,0.272179,0.759317,0.790813,0.087927,190.183737
176.5589,14.0000,4.0,0.248757,112.663606,900.000000,0.271993,0.759565,0.791123,0.087772,190.177541
176.6589,14.0000,4.0,0.248740,112.635357,900.000000,0.272067,0.759467,0.791000,0.087833,190.180004
176.7589,14.0000,4.0,0.248818,112.763356,900.000000,0.271732,0.759913,0.791558,0.087554,190.168844
176.8590,14.0000,4.0,0.248779,112.700104,900.000000,0.271897,0.759692,0.791282,0.087692,190.174359
176.9590,14.0000,4.0,0.248908,112.910904,900.000000,0.271346,0.760427,0.792201,0.087233,190.155981
177.0590,14.0000,4.0,0.248823,112.771984,900.000000,0.271709,0.759943,0.791595,0.087536,190.168092
177.1591,14.0000,4.0,0.248854,112.821980,900.000000,0.271579,0.760117,0.791813,0.087427,190.163733
177.2591,14.0000,4.0,0.248827,112.777140,900.000000,0.271696,0.759961,0.791618,0.087524,190.167643
177.3591,14.0000,4.0,0.248932,112.950446,900.000000,0.271243,0.760565,0.792373,0.087147,190.152533
177.4592,14.0000,4.0,0.248928,112.944059,900.000000,0.271259,0.760543,0.792346,0.087161,190.153090
177.5592,14.0000,4.0,0.248917,112.925587,900.000000,0.271308,0.760479,0.792265,0.087201,190.154700
177.6592,14.0000,4.0,0.248881,112.865774,900.000000,0.271464,0.760270,0.792004,0.087331,190.159915
177.7593,14.0000,4.0,0.248942,112.965741,900.000000,0.271203,0.760619,0.792440,0.087113,190.151200
177.8593,14.0000,4.0,0.248914,112.920953,900.000000,0.271320,0.760462,0.792245,0.087211,190.155104
177.9593,14.0000,4.0,0.249006,113.071687,900.000000,0.270926,0.760988,0.792902,0.086882,190.141963
178.0594,14.0000,4.0,0.248999,113.060304,900.000000,0.270955,0.760948,0.792852,0.086907,190.142955
178.1594,14.0000,4.0,0.248990,113.045625,900.000000,0.270994,0.760897,0.792788,0.086939,190.144235
178.2594,14.0000,4.0,0.248926,112.939780,900.000000,0.271271,0.760528,0.792327,0.087170,190.153463
178.3595,14.0000,4.0,0.248983,113.032915,900.000000,0.271027,0.760853,0.792733,0.086967,190.145343
178.4595,14.0000,4.0,0.249046,113.136705,900.000000,0.270755,0.761215,0.793185,0.086741,190.136294
178.5595,14.0000,4.0,0.249074,113.182939,900.000000,0.270635,0.761376,0.793387,0.086640,190.132263
178.6596,14.0000,4.0,0.249083,113.197481,900.000000,0.270597,0.761427,0.793450,0.086608,190.130996
178.7596,14.0000,4.0,0.249012,113.081903,900.000000,0.270899,0.761024,0.792946,0.086860,190.141072
178.8596,14.0000,4.0,0.249082,113.195819,900.000000,0.270601,0.761421,0.793443,0.086612,190.131140
178.9597,14.0000,4.0,0.249115,113.250514,900.000000,0.270458,0.761612,0.793681,0.086493,190.126372
179.0597,14.0000,4.0,0.249045,113.135581,900.000000,0.270758,0.761211,0.793180,0.086743,190.136392
179.1597,14.0000,4.0,0.249107,113.236627,900.000000,0.270494,0.761563,0.793621,0.086523,190.127583
179.2598,14.0000,4.0,0.249127,113.269008,900.000000,0.270409,0.761676,0.793762,0.086452,190.124760
179.3598,14.0000,4.0,0.249120,113.258342,900.000000,0.270437,0.761639,0.793716,0.086476,190.125689
179.4598,14.0000,4.0,0.249084,113.198611,900.000000,0.270594,0.761431,0.793455,0.086606,190.130897
179.5599,14.0000,4.0,0.249141,113.292550,900.000000,0.270348,0.761758,0.793865,0.086401,190.122707
179.6599,14.0000,4.0,0.249152,113.309865,900.000000,0.270303,0.761819,0.793940,0.086363,190.121197
179.7599,14.0000,4.0,0.249168,113.336004,900.000000,0.270234,0.761910,0.794054,0.086306,190.118919
179.8600,14.0000,4.0,0.249165,113.332198,900.000000,0.270244,0.761897,0.794037,0.086315,190.119250
179.9600,14.0000,4.0,0.249179,113.354971,900.000000,0.270185,0.761976,0.794137,0.086265,190.117265
180.0600,14.0000,4.0,0.249202,113.391678,900.000000,0.270089,0.762104,0.794297,0.086185,190.114065
180.1601,14.0000,4.0,0.249226,113.432121,900.000000,0.269983,0.762245,0.794473,0.086097,190.110539
180.2601,14.0000,4.0,0.249213,113.410907,900.000000,0.270038,0.762171,0.794381,0.086143,190.112388
180.3601,14.0000,4.0,0.249220,113.421575,900.000000,0.270010,0.762208,0.794427,0.086120,190.111458
180.4602,14.0000,4.0,0.249245,113.462405,900.000000,0.269904,0.762351,0.794605,0.086031,190.107898
180.5602,14.0000,4.0,0.249193,113.377274,900.000000,0.270126,0.762054,0.794234,0.086216,190.115320
180.6602,14.0000,4.0,0.249275,113.512510,900.000000,0.269773,0.762525,0.794823,0.085922,190.103530
180.7603,14.0000,4.0,0.249270,113.503777,900.000000,0.269795,0.762495,0.794785,0.085941,190.104291
180.8603,14.0000,4.0,0.249280,113.520747,900.000000,0.269751,0.762554,0.794859,0.085904,190.102812
180.9603,14.0000,4.0,0.249317,113.581570,900.000000,0.269592,0.762766,0.795125,0.085771,190.097509
181.0604,14.0000,4.0,0.249237,113.450478,900.000000,0.269935,0.762309,0.794553,0.086057,190.108938
181.1604,14.0000,4.0,0.249246,113.463830,900.000000,0.269900,0.762356,0.794611,0.086028,190.107774
181.2604,14.0000,4.0,0.249323,113.590435,900.000000,0.269569,0.762797,0.795163,0.085752,190.096736
181.3605,14.0000,4.0,0.249323,113.590435,900.000000,0.269569,0.762797,0.795163,0.085752,190.096736
181.4605,14.0000,4.0,0.249337,113.613169,900.000000,0.269509,0.762876,0.795262,0.085702,190.094754
181.5605,14.0000,4.0,0.249326,113.595250,900.000000,0.269556,0.762814,0.795184,0.085741,190.096316
181.6606,14.0000,4.0,0.249368,113.665099,900.000000,0.269373,0.763058,0.795489,0.085589,190.090227
181.7606,14.0000,4.0,0.249385,113.691870,900.000000,0.269303,0.763151,0.795605,0.085531,190.087893
181.8606,14.0000,4.0,0.249379,113.682626,900.000000,0.269328,0.763119,0.795565,0.085551,190.088699
181.9607,14.0000,4.0,0.249364,113.658409,900.000000,0.269391,0.763034,0.795459,0.085604,190.090810
182.0607,14.0000,4.0,0.249316,113.578927,900.000000,0.269599,0.762757,0.795113,0.085777,190.097740
182.1607,14.0000,4.0,0.249411,113.735474,900.000000,0.269189,0.763303,0.795795,0.085436,190.084091
182.2608,14.0000,4.0,0.249433,113.770640,900.000000,0.269097,0.763426,0.795949,0.085359,190.081025
182.3608,14.0000,4.0,0.249423,113.754166,900.000000,0.269141,0.763368,0.795877,0.085395,190.082462
182.4608,14.0000,4.0,0.249384,113.690186,900.000000,0.269308,0.763145,0.795598,0.085534,190.088040
182.5609,14.0000,4.0,0.249438,113.779935,900.000000,0.269073,0.763458,0.795989,0.085339,190.080215
182.6609,14.0000,4.0,0.249451,113.801197,900.000000,0.269018,0.763532,0.796082,0.085292,190.078361
182.7609,14.0000,4.0,0.249480,113.847889,900.000000,0.268895,0.763695,0.796285,0.085191,190.074290
182.8610,14.0000,4.0,0.249413,113.737772,900.000000,0.269183,0.763311,0.795805,0.085431,190.083891
182.9610,14.0000,4.0,0.249440,113.781739,900.000000,0.269068,0.763464,0.795997,0.085335,190.080058
183.0610,14.0000,4.0,0.249476,113.841765,900.000000,0.268911,0.763674,0.796259,0.085204,190.074824
183.1611,14.0000,4.0,0.249462,113.818471,900.000000,0.268972,0.763592,0.796157,0.085255,190.076855
183.2611,14.0000,4.0,0.249433,113.770793,900.000000,0.269097,0.763426,0.795949,0.085359,190.081012
183.3611,14.0000,4.0,0.249486,113.858310,900.000000,0.268868,0.763731,0.796331,0.085168,190.073382
183.4612,14.0000,4.0,0.249498,113.877297,900.000000,0.268818,0.763798,0.796414,0.085126,190.071727
183.5612,14.0000,4.0,0.249489,113.863411,900.000000,0.268855,0.763749,0.796353,0.085157,190.072937
183.6612,14.0000,4.0,0.249500,113.880508,900.000000,0.268810,0.763809,0.796428,0.085119,190.071447
183.7613,14.0000,4.0,0.249492,113.866977,900.000000,0.268845,0.763762,0.796369,0.085149,190.072626
183.8613,14.0000,4.0,0.249551,113.964081,900.000000,0.268591,0.764100,0.796792,0.084937,190.064160
183.9613,14.0000,4.0,0.249484,113.855259,900.000000,0.268876,0.763721,0.796318,0.085175,190.073648
184.0614,14.0000,4.0,0.249500,113.880927,900.000000,0.268809,0.763810,0.796429,0.085119,190.071410
184.1614,14.0000,4.0,0.249524,113.920717,900.000000,0.268705,0.763949,0.796603,0.085032,190.067941
184.2614,14.0000,4.0,0.249557,113.973867,900.000000,0.268566,0.764134,0.796835,0.084916,190.063307
184.3615,14.0000,4.0,0.249490,113.864680,900.000000,0.268851,0.763754,0.796359,0.085154,190.072827
184.4615,14.0000,4.0,0.249502,113.883542,900.000000,0.268802,0.763819,0.796441,0.085113,190.071182
184.5615,14.0000,4.0,0.249485,113.856560,900.000000,0.268873,0.763725,0.796323,0.085172,190.073534
184.6616,14.0000,4.0,0.249554,113.969354,900.000000,0.268578,0.764119,0.796815,0.084926,190.063701
184.7616,14.0000,4.0,0.249525,113.920961,900.000000,0.268704,0.763950,0.796604,0.085031,190.067920
184.8616,14.0000,4.0,0.249552,113.966691,900.000000,0.268585,0.764109,0.796803,0.084932,190.063933
184.9617,14.0000,4.0,0.249590,114.027916,900.000000,0.268425,0.764323,0.797070,0.084798,190.058595
185.0617,14.0000,4.0,0.249555,113.971587,900.000000,0.268572,0.764126,0.796825,0.084921,190.063506
185.1617,14.0000,4.0,0.249587,114.023936,900.000000,0.268435,0.764309,0.797053,0.084807,190.058942
185.2618,14.0000,4.0,0.249576,114.006003,900.000000,0.268482,0.764246,0.796975,0.084846,190.060505
185.3618,14.0000,4.0,0.249611,114.063066,900.000000,0.268333,0.764445,0.797223,0.084722,190.055530
185.4618,14.0000,4.0,0.249610,114.061601,900.000000,0.268336,0.764440,0.797217,0.084725,190.055658
185.5619,14.0000,4.0,0.249580,114.011528,900.000000,0.268467,0.764266,0.796999,0.084834,190.060024
185.6619,14.0000,4.0,0.249601,114.045868,900.000000,0.268378,0.764385,0.797149,0.084759,190.057030
185.7619,14.0000,4.0,0.249643,114.114562,900.000000,0.268198,0.764625,0.797448,0.084609,190.051041
185.8620,14.0000,4.0,0.249628,114.090017,900.000000,0.268262,0.764539,0.797341,0.084663,190.053181
185.9620,14.0000,4.0,0.249578,114.008373,900.000000,0.268476,0.764255,0.796985,0.084841,190.060299
186.0620,14.0000,4.0,0.249645,114.118777,900.000000,0.268187,0.764640,0.797466,0.084600,190.050673
186.1621,14.0000,4.0,0.249597,114.039443,900.000000,0.268394,0.764363,0.797121,0.084773,190.057590
186.2621,14.0000,4.0,0.249678,114.171881,900.000000,0.268048,0.764825,0.797698,0.084484,190.046044
186.3621,14.0000,4.0,0.249670,114.159947,900.000000,0.268079,0.764783,0.797646,0.084510,190.047084
186.4622,14.0000,4.0,0.249653,114.130629,900.000000,0.268156,0.764681,0.797518,0.084574,190.049640
186.5622,14.0000,4.0,0.249653,114.131297,900.000000,0.268154,0.764683,0.797521,0.084573,190.049582
186.6622,14.0000,4.0,0.249646,114.120194,900.000000,0.268183,0.764645,0.797473,0.084597,190.050550
186.7623,14.0000,4.0,0.249678,114.171691,900.000000,0.268048,0.764824,0.797697,0.084485,190.046060
186.8623,14.0000,4.0,0.249650,114.126256,900.000000,0.268167,0.764666,0.797499,0.084584,190.050021
186.9623,14.0000,4.0,0.249673,114.163516,900.000000,0.268070,0.764796,0.797661,0.084503,190.046773
187.0624,14.0000,4.0,0.249696,114.202190,900.000000,0.267969,0.764931,0.797830,0.084418,190.043401
187.1624,14.0000,4.0,0.249657,114.137272,900.000000,0.268138,0.764704,0.797547,0.084560,190.049061
187.2624,14.0000,4.0,0.249659,114.141238,900.000000,0.268128,0.764718,0.797564,0.084551,190.048715
187.3625,14.0000,4.0,0.249645,114.118931,900.000000,0.268186,0.764640,0.797467,0.084600,190.050660
187.4625,14.0000,4.0,0.249653,114.131945,900.000000,0.268152,0.764686,0.797524,0.084571,190.049525
187.5625,14.0000,4.0,0.249634,114.100186,900.000000,0.268235,0.764575,0.797385,0.084641,190.052294
187.6626,14.0000,4.0,0.249716,114.234455,900.000000,0.267884,0.765043,0.797971,0.084348,190.040588
187.7626,14.0000,4.0,0.249753,114.294686,900.000000,0.267727,0.765253,0.798233,0.084217,190.035337
187.8626,14.0000,4.0,0.249745,114.281706,900.000000,0.267761,0.765208,0.798177,0.084245,190.036469
187.9627,14.0000,4.0,0.249655,114.135257,900.000000,0.268144,0.764697,0.797538,0.084564,190.049237
188.0627,14.0000,4.0,0.249731,114.258849,900.000000,0.267821,0.765128,0.798077,0.084295,190.038461
188.1627,14.0000,4.0,0.249756,114.299681,900.000000,0.267714,0.765271,0.798255,0.084206,190.034901
188.2628,14.0000,4.0,0.249702,114.211630,900.000000,0.267944,0.764964,0.797871,0.084398,190.042578
188.3628,14.0000,4.0,0.249723,114.245364,900.000000,0.267856,0.765081,0.798018,0.084324,190.039637
188.4628,14.0000,4.0,0.249662,114.145645,900.000000,0.268117,0.764733,0.797583,0.084542,190.048331
188.5629,14.0000,4.0,0.249735,114.265053,900.000000,0.267804,0.765150,0.798104,0.084281,190.037920
188.6629,14.0000,4.0,0.249697,114.204144,900.000000,0.267964,0.764937,0.797838,0.084414,190.043231
188.7629,14.0000,4.0,0.249739,114.272839,900.000000,0.267784,0.765177,0.798138,0.084264,190.037242
188.8630,14.0000,4.0,0.249689,114.190263,900.000000,0.268000,0.764889,0.797778,0.084444,190.044441
188.9630,14.0000,4.0,0.249756,114.300864,900.000000,0.267711,0.765275,0.798260,0.084203,190.034798
189.0630,14.0000,4.0,0.249774,114.330277,900.000000,0.267634,0.765377,0.798388,0.084139,190.032234
189.1631,14.0000,4.0,0.249722,114.245156,900.000000,0.267856,0.765080,0.798017,0.084325,190.039655
189.2631,14.0000,4.0,0.249715,114.232666,900.000000,0.267889,0.765037,0.797963,0.084352,190.040744
189.3631,14.0000,4.0,0.249687,114.186844,900.000000,0.268009,0.764877,0.797763,0.084452,190.044739
189.4632,14.0000,4.0,0.249748,114.286393,900.000000,0.267748,0.765224,0.798197,0.084235,190.036060
189.5632,14.0000,4.0,0.249741,114.275639,900.000000,0.267777,0.765187,0.798150,0.084258,190.036997
189.6632,14.0000,4.0,0.249714,114.232111,900.000000,0.267890,0.765035,0.797960,0.084353,190.040792
189.7633,14.0000,4.0,0.249779,114.337194,900.000000,0.267616,0.765401,0.798418,0.084124,190.031631
189.8633,14.0000,4.0,0.249754,114.296864,900.000000,0.267721,0.765261,0.798243,0.084212,190.035147
189.9633,14.0000,4.0,0.249738,114.270335,900.000000,0.267790,0.765168,0.798127,0.084270,190.037460
190.0634,14.0000,4.0,0.249757,114.301093,900.000000,0.267710,0.765276,0.798261,0.084203,190.034778
190.1634,14.0000,4.0,0.249809,114.387029,900.000000,0.267485,0.765575,0.798636,0.084015,190.027286
190.2634,14.0000,4.0,0.249798,114.368193,900.000000,0.267535,0.765510,0.798554,0.084057,190.028928
190.3635,14.0000,4.0,0.249778,114.336071,900.000000,0.267619,0.765398,0.798414,0.084127,190.031729
190.4635,14.0000,4.0,0.249803,114.377997,900.000000,0.267509,0.765544,0.798596,0.084035,190.028073
190.5635,14.0000,4.0,0.249752,114.293410,900.000000,0.267730,0.765249,0.798228,0.084220,190.035448
190.6636,14.0000,4.0,0.249791,114.357432,900.000000,0.267563,0.765472,0.798507,0.084080,190.029866
190.7636,14.0000,4.0,0.249797,114.367483,900.000000,0.267536,0.765507,0.798550,0.084058,190.028990
190.8636,14.0000,4.0,0.249781,114.340875,900.000000,0.267606,0.765414,0.798435,0.084116,190.031310
190.9637,14.0000,4.0,0.249811,114.390337,900.000000,0.267477,0.765587,0.798650,0.084008,190.026998
191.0637,14.0000,4.0,0.249776,114.333687,900.000000,0.267625,0.765389,0.798403,0.084132,190.031937
191.1637,14.0000,4.0,0.249818,114.402292,900.000000,0.267445,0.765628,0.798702,0.083982,190.025955
191.2638,14.0000,4.0,0.249822,114.408435,900.000000,0.267429,0.765650,0.798729,0.083969,190.025420
191.3638,14.0000,4.0,0.249719,114.238975,900.000000,0.267872,0.765059,0.797990,0.084338,190.040194
191.4638,14.0000,4.0,0.249846,114.448289,900.000000,0.267325,0.765789,0.798903,0.083882,190.021945
191.5639,14.0000,4.0,0.249719,114.240284,900.000000,0.267869,0.765063,0.797996,0.084335,190.040080
191.6639,14.0000,4.0,0.249796,114.365706,900.000000,0.267541,0.765501,0.798543,0.084062,190.029145
191.7639,14.0000,4.0,0.249848,114.451571,900.000000,0.267316,0.765800,0.798917,0.083875,190.021659
191.8640,14.0000,4.0,0.249810,114.388187,900.000000,0.267482,0.765579,0.798641,0.084013,190.027185
191.9640,14.0000,4.0,0.249777,114.334442,900.000000,0.267623,0.765392,0.798406,0.084130,190.031871
192.0640,14.0000,4.0,0.249790,114.356719,900.000000,0.267565,0.765470,0.798504,0.084082,190.029929
192.1641,14.0000,4.0,0.249857,114.466360,900.000000,0.267278,0.765852,0.798982,0.083843,190.020370
192.2641,14.0000,4.0,0.249770,114.322503,900.000000,0.267654,0.765350,0.798354,0.084156,190.032912
192.3641,14.0000,4.0,0.249865,114.478546,900.000000,0.267246,0.765894,0.799035,0.083816,190.019307
192.4642,14.0000,4.0,0.249831,114.422817,900.000000,0.267392,0.765700,0.798792,0.083937,190.024166
192.5642,14.0000,4.0,0.249798,114.369384,900.000000,0.267531,0.765514,0.798559,0.084054,190.028824
192.6642,14.0000,4.0,0.249819,114.403236,900.000000,0.267443,0.765632,0.798706,0.083980,190.025873
192.7643,14.0000,4.0,0.249808,114.384877,900.000000,0.267491,0.765568,0.798626,0.084020,190.027474
192.8643,14.0000,4.0,0.249867,114.482354,900.000000,0.267236,0.765908,0.799051,0.083808,190.018975
192.9643,14.0000,4.0,0.249865,114.478927,900.000000,0.267245,0.765896,0.799036,0.083815,190.019274
193.0644,14.0000,4.0,0.249792,114.359570,900.000000,0.267557,0.765479,0.798516,0.084075,190.029680
193.1644,14.0000,4.0,0.249834,114.428530,900.000000,0.267377,0.765720,0.798817,0.083925,190.023668
193.2644,14.0000,4.0,0.249822,114.408693,900.000000,0.267429,0.765651,0.798730,0.083968,190.025397
193.3645,14.0000,4.0,0.249890,114.519630,900.000000,0.267138,0.766038,0.799214,0.083726,190.015725
193.4645,14.0000,4.0,0.249811,114.390514,900.000000,0.267476,0.765587,0.798651,0.084008,190.026982
193.5645,14.0000,4.0,0.249903,114.541256,900.000000,0.267082,0.766113,0.799308,0.083679,190.013840
193.6646,14.0000,4.0,0.249855,114.462368,900.000000,0.267288,0.765838,0.798964,0.083851,190.020718
193.7646,14.0000,4.0,0.249822,114.408887,900.000000,0.267428,0.765651,0.798731,0.083968,190.025380
193.8646,14.0000,4.0,0.249839,114.436033,900.000000,0.267357,0.765746,0.798849,0.083909,190.023014
193.9647,14.0000,4.0,0.249837,114.432693,900.000000,0.267366,0.765734,0.798835,0.083916,190.023305
194.0647,14.0000,4.0,0.249824,114.411885,900.000000,0.267420,0.765662,0.798744,0.083961,190.025119
194.1647,14.0000,4.0,0.249868,114.483163,900.000000,0.267234,0.765910,0.799055,0.083806,190.018905
194.2648,14.0000,4.0,0.249829,114.419796,900.000000,0.267400,0.765689,0.798779,0.083944,190.024429
194.3648,14.0000,4.0,0.249802,114.374910,900.000000,0.267517,0.765533,0.798583,0.084042,190.028343
194.4648,14.0000,4.0,0.249858,114.467646,900.000000,0.267274,0.765856,0.798987,0.083840,190.020258
194.5649,14.0000,4.0,0.249816,114.399155,900.000000,0.267454,0.765618,0.798689,0.083989,190.026229
194.6649,14.0000,4.0,0.249850,114.454324,900.000000,0.267309,0.765810,0.798929,0.083869,190.021419
194.7649,14.0000,4.0,0.249847,114.449079,900.000000,0.267323,0.765792,0.798906,0.083880,190.021876
194.8650,14.0000,4.0,0.249850,114.453542,900.000000,0.267311,0.765807,0.798926,0.083871,190.021487
194.9650,14.0000,4.0,0.249939,114.599688,900.000000,0.266929,0.766317,0.799563,0.083552,190.008746
195.0650,14.0000,4.0,0.249881,114.504966,900.000000,0.267177,0.765987,0.799150,0.083758,190.017004
195.1651,14.0000,4.0,0.249888,114.516888,900.000000,0.267146,0.766028,0.799202,0.083732,190.015964
195.2651,14.0000,4.0,0.249828,114.418243,900.000000,0.267404,0.765684,0.798772,0.083947,190.024565
195.3651,14.0000,4.0,0.249864,114.476777,900.000000,0.267251,0.765888,0.799027,0.083820,190.019461
195.4652,14.0000,4.0,0.249892,114.522623,900.000000,0.267131,0.766048,0.799227,0.083720,190.015464
195.5652,14.0000,4.0,0.249855,114.462984,900.000000,0.267287,0.765840,0.798967,0.083850,190.020664
195.6652,14.0000,4.0,0.249916,114.561936,900.000000,0.267028,0.766185,0.799398,0.083634,190.012037
195.7653,14.0000,4.0,0.249853,114.458693,900.000000,0.267298,0.765825,0.798948,0.083859,190.021038
195.8653,14.0000,4.0,0.249882,114.506774,900.000000,0.267172,0.765993,0.799158,0.083754,190.016846
195.9653,14.0000,4.0,0.249874,114.494027,900.000000,0.267205,0.765948,0.799102,0.083782,190.017958
196.0654,14.0000,4.0,0.249899,114.533755,900.000000,0.267101,0.766087,0.799275,0.083696,190.014494
196.1654,14.0000,4.0,0.249875,114.495696,900.000000,0.267201,0.765954,0.799109,0.083779,190.017812
196.2654,14.0000,4.0,0.249888,114.516330,900.000000,0.267147,0.766026,0.799199,0.083734,190.016013
196.3655,14.0000,4.0,0.249890,114.520195,900.000000,0.267137,0.766040,0.799216,0.083725,190.015676
196.4655,14.0000,4.0,0.249876,114.497383,900.000000,0.267197,0.765960,0.799117,0.083775,190.017665
196.5655,14.0000,4.0,0.249915,114.560432,900.000000,0.267032,0.766180,0.799392,0.083638,190.012168
196.6656,14.0000,4.0,0.249909,114.550145,900.000000,0.267059,0.766144,0.799347,0.083660,190.013065
196.7656,14.0000,4.0,0.249900,114.535818,900.000000,0.267096,0.766094,0.799284,0.083691,190.014314
196.8656,14.0000,4.0,0.249891,114.520723,900.000000,0.267136,0.766041,0.799218,0.083724,190.015630
196.9657,14.0000,4.0,0.249929,114.584046,900.000000,0.266970,0.766262,0.799495,0.083586,190.010109
197.0657,14.0000,4.0,0.249899,114.534375,900.000000,0.267100,0.766089,0.799278,0.083694,190.014440
197.1657,14.0000,4.0,0.249898,114.532755,900.000000,0.267104,0.766083,0.799271,0.083698,190.014581
197.2658,14.0000,4.0,0.249912,114.555224,900.000000,0.267045,0.766162,0.799369,0.083649,190.012622
197.3658,14.0000,4.0,0.249961,114.636695,900.000000,0.266832,0.766446,0.799724,0.083471,190.005519
197.4658,14.0000,4.0,0.249870,114.486700,900.000000,0.267225,0.765923,0.799070,0.083798,190.018596
197.5659,14.0000,4.0,0.249935,114.594040,900.000000,0.266944,0.766297,0.799538,0.083564,190.009238
197.6659,14.0000,4.0,0.249855,114.462694,900.000000,0.267287,0.765839,0.798966,0.083851,190.020689
197.7659,14.0000,4.0,0.249921,114.570000,900.000000,0.267007,0.766213,0.799433,0.083617,190.011334
197.8660,14.0000,4.0,0.249963,114.639652,900.000000,0.266825,0.766456,0.799737,0.083465,190.005261
197.9660,14.0000,4.0,0.249931,114.587071,900.000000,0.266962,0.766273,0.799508,0.083579,190.009846
198.0660,14.0000,4.0,0.249922,114.572886,900.000000,0.266999,0.766223,0.799446,0.083610,190.011082
198.1661,14.0000,4.0,0.249901,114.538029,900.000000,0.267090,0.766102,0.799294,0.083686,190.014121
198.2661,14.0000,4.0,0.249920,114.569278,900.000000,0.267009,0.766211,0.799430,0.083618,190.011397
198.3661,14.0000,4.0,0.249913,114.556777,900.000000,0.267041,0.766167,0.799376,0.083646,190.012487
198.4662,14.0000,4.0,0.249897,114.531714,900.000000,0.267107,0.766080,0.799266,0.083700,190.014672
198.5662,14.0000,4.0,0.249913,114.558132,900.000000,0.267038,0.766172,0.799382,0.083643,190.012369
198.6662,14.0000,4.0,0.249929,114.584138,900.000000,0.266970,0.766263,0.799495,0.083586,190.010101
198.7663,14.0000,4.0,0.249901,114.537431,900.000000,0.267092,0.766100,0.799291,0.083688,190.014173
198.8663,14.0000,4.0,0.249901,114.537031,900.000000,0.267093,0.766098,0.799290,0.083689,190.014208
198.9663,14.0000,4.0,0.249885,114.510866,900.000000,0.267161,0.766007,0.799176,0.083746,190.016489
199.0664,14.0000,4.0,0.249939,114.599929,900.000000,0.266928,0.766318,0.799564,0.083551,190.008725
199.1664,14.0000,4.0,0.249945,114.609155,900.000000,0.266904,0.766350,0.799604,0.083531,190.007920
199.2664,14.0000,4.0,0.249936,114.594949,900.000000,0.266941,0.766300,0.799542,0.083562,190.009159
199.3665,14.0000,4.0,0.249959,114.633082,900.000000,0.266842,0.766433,0.799708,0.083479,190.005834
199.4665,14.0000,4.0,0.249933,114.590657,900.000000,0.266953,0.766285,0.799523,0.083572,190.009533
199.5665,14.0000,4.0,0.249943,114.607287,900.000000,0.266909,0.766343,0.799596,0.083535,190.008083
199.6666,14.0000,4.0,0.249942,114.604283,900.000000,0.266917,0.766333,0.799583,0.083542,190.008345
199.7666,14.0000,4.0,0.249930,114.585900,900.000000,0.266965,0.766269,0.799503,0.083582,190.009948
199.8666,14.0000,4.0,0.249918,114.565306,900.000000,0.267019,0.766197,0.799413,0.083627,190.011743
199.9667,14.0000,4.0,0.250002,114.703907,900.000000,0.266656,0.766680,0.800017,0.083325,189.999659
200.0667,14.0000,4.0,0.249922,114.571937,900.000000,0.267002,0.766220,0.799442,0.083612,190.011165
200.1667,14.0000,4.0,0.249916,114.562560,900.000000,0.267026,0.766187,0.799401,0.083633,190.011983
200.2668,14.0000,4.0,0.249950,114.618856,900.000000,0.266879,0.766384,0.799646,0.083510,190.007074
200.3668,14.0000,4.0,0.249946,114.611034,900.000000,0.266899,0.766356,0.799612,0.083527,190.007756
200.4668,14.0000,4.0,0.249896,114.529472,900.000000,0.267113,0.766072,0.799257,0.083705,190.014867
200.5669,14.0000,4.0,0.249974,114.657100,900.000000,0.266779,0.766517,0.799813,0.083427,190.003740
200.6669,14.0000,4.0,0.249937,114.597494,900.000000,0.266935,0.766309,0.799553,0.083557,190.008937
200.7669,14.0000,4.0,0.249907,114.547880,900.000000,0.267065,0.766136,0.799337,0.083665,190.013262
200.8670,14.0000,4.0,0.249978,114.664074,900.000000,0.266761,0.766541,0.799843,0.083412,190.003132
200.9670,14.0000,4.0,0.249962,114.637111,900.000000,0.266831,0.766447,0.799726,0.083470,190.005483
201.0670,14.0000,4.0,0.249905,114.543777,900.000000,0.267075,0.766122,0.799319,0.083674,190.013620
201.1671,14.0000,4.0,0.249998,114.697026,900.000000,0.266674,0.766656,0.799987,0.083340,190.000259
201.2671,14.0000,4.0,0.249965,114.642255,900.000000,0.266818,0.766465,0.799748,0.083459,190.005034
201.3671,14.0000,4.0,0.249945,114.609940,900.000000,0.266902,0.766353,0.799607,0.083530,190.007852
201.4672,14.0000,4.0,0.249995,114.691080,900.000000,0.266690,0.766636,0.799961,0.083353,190.000778
201.5672,14.0000,4.0,0.249952,114.620640,900.000000,0.266874,0.766390,0.799654,0.083506,190.006919
201.6672,14.0000,4.0,0.249947,114.612363,900.000000,0.266896,0.766361,0.799618,0.083524,190.007641
201.7673,14.0000,4.0,0.249928,114.581830,900.000000,0.266976,0.766255,0.799485,0.083591,190.010303
201.8673,14.0000,4.0,0.249966,114.645003,900.000000,0.266811,0.766475,0.799760,0.083453,190.004795
201.9673,14.0000,4.0,0.249964,114.640792,900.000000,0.266822,0.766460,0.799742,0.083462,190.005162
202.0674,14.0000,4.0,0.249950,114.618734,900.000000,0.266879,0.766383,0.799646,0.083510,190.007085
202.1674,14.0000,4.0,0.249926,114.579526,900.000000,0.266982,0.766247,0.799475,0.083596,190.010503
202.2674,14.0000,4.0,0.249955,114.626534,900.000000,0.266859,0.766410,0.799680,0.083493,190.006405
202.3675,14.0000,4.0,0.249950,114.617548,900.000000,0.266882,0.766379,0.799641,0.083513,190.007189
202.4675,14.0000,4.0,0.249912,114.555351,900.000000,0.267045,0.766162,0.799369,0.083649,190.012611
202.5675,14.0000,4.0,0.249908,114.549409,900.000000,0.267061,0.766142,0.799344,0.083662,190.013129
202.6676,14.0000,4.0,0.249971,114.652220,900.000000,0.266792,0.766500,0.799792,0.083437,190.004166
202.7676,14.0000,4.0,0.249875,114.494819,900.000000,0.267203,0.765951,0.799106,0.083781,190.017888
202.8676,14.0000,4.0,0.249961,114.636123,900.000000,0.266834,0.766444,0.799722,0.083473,190.005569
202.9677,14.0000,4.0,0.249941,114.602875,900.000000,0.266921,0.766328,0.799577,0.083545,190.008468
203.0677,14.0000,4.0,0.249996,114.693107,900.000000,0.266685,0.766643,0.799970,0.083348,190.000601
203.1677,14.0000,4.0,0.249941,114.603926,900.000000,0.266918,0.766332,0.799581,0.083543,190.008376
203.2678,14.0000,4.0,0.249977,114.662466,900.000000,0.266765,0.766536,0.799836,0.083415,190.003272
203.3678,14.0000,4.0,0.249945,114.610528,900.000000,0.266901,0.766355,0.799610,0.083528,190.007801
203.4678,14.0000,4.0,0.249962,114.636932,900.000000,0.266832,0.766447,0.799725,0.083471,190.005499
203.5679,14.0000,4.0,0.249981,114.668946,900.000000,0.266748,0.766558,0.799865,0.083401,190.002707
203.6679,14.0000,4.0,0.249945,114.609825,900.000000,0.266903,0.766352,0.799607,0.083530,190.007862
203.7679,14.0000,4.0,0.249990,114.683619,900.000000,0.266710,0.766610,0.799929,0.083369,190.001428
203.8680,14.0000,4.0,0.249930,114.584934,900.000000,0.266968,0.766265,0.799498,0.083584,190.010032
203.9680,14.0000,4.0,0.249970,114.650166,900.000000,0.266797,0.766493,0.799783,0.083442,190.004345
204.0680,14.0000,4.0,0.249989,114.682376,900.000000,0.266713,0.766605,0.799923,0.083372,190.001537
204.1681,14.0000,4.0,0.249982,114.670043,900.000000,0.266745,0.766562,0.799869,0.083399,190.002612
204.2681,14.0000,4.0,0.250021,114.733651,900.000000,0.266579,0.766784,0.800147,0.083260,189.997066
204.3681,14.0000,4.0,0.249939,114.600434,900.000000,0.266927,0.766319,0.799566,0.083550,190.008681
204.4682,14.0000,4.0,0.249921,114.570416,900.000000,0.267006,0.766215,0.799435,0.083616,190.011298
204.5682,14.0000,4.0,0.249933,114.590415,900.000000,0.266953,0.766285,0.799522,0.083572,190.009554
204.6682,14.0000,4.0,0.249984,114.673902,900.000000,0.266735,0.766576,0.799886,0.083390,190.002275
204.7683,14.0000,4.0,0.249980,114.666516,900.000000,0.266754,0.766550,0.799854,0.083406,190.002919
204.8683,14.0000,4.0,0.249968,114.647462,900.000000,0.266804,0.766483,0.799771,0.083448,190.004580
204.9683,14.0000,4.0,0.249931,114.586923,900.000000,0.266962,0.766272,0.799507,0.083580,190.009859
205.0684,14.0000,4.0,0.249989,114.682126,900.000000,0.266713,0.766604,0.799922,0.083372,190.001558
205.1684,14.0000,4.0,0.249929,114.583250,900.000000,0.266972,0.766260,0.799491,0.083588,190.010179
205.2684,14.0000,4.0,0.250002,114.703127,900.000000,0.266658,0.766678,0.800014,0.083327,189.999727
205.3685,14.0000,4.0,0.250054,114.788737,900.000000,0.266435,0.766976,0.800387,0.083140,189.992264
205.4685,14.0000,4.0,0.249979,114.664864,900.000000,0.266759,0.766544,0.799847,0.083410,190.003063
205.5685,14.0000,4.0,0.249986,114.676366,900.000000,0.266728,0.766584,0.799897,0.083385,190.002061
205.6686,14.0000,4.0,0.249953,114.623227,900.000000,0.266867,0.766399,0.799665,0.083501,190.006693
205.7686,14.0000,4.0,0.249913,114.558012,900.000000,0.267038,0.766172,0.799381,0.083643,190.012379
205.8686,14.0000,4.0,0.249951,114.619030,900.000000,0.266878,0.766384,0.799647,0.083510,190.007059
205.9687,14.0000,4.0,0.249936,114.595157,900.000000,0.266941,0.766301,0.799543,0.083562,190.009141
206.0687,14.0000,4.0,0.249926,114.578079,900.000000,0.266986,0.766241,0.799469,0.083599,190.010630
206.1687,14.0000,4.0,0.250023,114.737167,900.000000,0.266569,0.766796,0.800162,0.083252,189.996760
206.2688,14.0000,4.0,0.249979,114.665304,900.000000,0.266757,0.766546,0.799849,0.083409,190.003025
206.3688,14.0000,4.0,0.249982,114.671250,900.000000,0.266742,0.766566,0.799875,0.083396,190.002507
206.4688,14.0000,4.0,0.249962,114.637411,900.000000,0.266830,0.766448,0.799727,0.083470,190.005457
206.5689,14.0000,4.0,0.249966,114.644808,900.000000,0.266811,0.766474,0.799759,0.083454,190.004812
206.6689,14.0000,4.0,0.250001,114.702261,900.000000,0.266661,0.766675,0.800010,0.083328,189.999803
206.7689,14.0000,4.0,0.249971,114.652992,900.000000,0.266790,0.766503,0.799795,0.083436,190.004098
206.8690,14.0000,4.0,0.249989,114.681711,900.000000,0.266715,0.766603,0.799920,0.083373,190.001595
206.9690,14.0000,4.0,0.249967,114.645937,900.000000,0.266808,0.766478,0.799764,0.083451,190.004713
207.0690,14.0000,4.0,0.249963,114.639183,900.000000,0.266826,0.766455,0.799735,0.083466,190.005302
207.1691,14.0000,4.0,0.249931,114.586491,900.000000,0.266964,0.766271,0.799505,0.083581,190.009896
207.2691,14.0000,4.0,0.249914,114.558489,900.000000,0.267037,0.766173,0.799383,0.083642,190.012337
207.3691,14.0000,4.0,0.249966,114.644831,900.000000,0.266811,0.766474,0.799760,0.083454,190.004810
207.4692,14.0000,4.0,0.249976,114.661261,900.000000,0.266768,0.766532,0.799831,0.083418,190.003377
207.5692,14.0000,4.0,0.249936,114.594649,900.000000,0.266942,0.766299,0.799541,0.083563,190.009185
207.6692,14.0000,4.0,0.249974,114.657745,900.000000,0.266777,0.766519,0.799816,0.083425,190.003684
207.7693,14.0000,4.0,0.249977,114.662663,900.000000,0.266764,0.766536,0.799837,0.083415,190.003255
207.8693,14.0000,4.0,0.249910,114.552676,900.000000,0.267052,0.766153,0.799358,0.083654,190.012844
207.9693,14.0000,4.0,0.249948,114.615214,900.000000,0.266888,0.766371,0.799630,0.083518,190.007392
208.0694,14.0000,4.0,0.249989,114.681821,900.000000,0.266714,0.766603,0.799921,0.083373,190.001585
208.1694,14.0000,4.0,0.249989,114.681293,900.000000,0.266716,0.766601,0.799918,0.083374,190.001631
208.2694,14.0000,4.0,0.249942,114.604732,900.000000,0.266916,0.766334,0.799585,0.083541,190.008306
208.3695,14.0000,4.0,0.249982,114.670808,900.000000,0.266743,0.766565,0.799873,0.083397,190.002545
208.4695,14.0000,4.0,0.250009,114.714471,900.000000,0.266629,0.766717,0.800063,0.083302,189.998738
208.5695,14.0000,4.0,0.250002,114.702662,900.000000,0.266660,0.766676,0.800012,0.083328,189.999768
208.6696,14.0000,4.0,0.249975,114.659497,900.000000,0.266773,0.766525,0.799823,0.083422,190.003531
208.7696,14.0000,4.0,0.249964,114.641309,900.000000,0.266820,0.766462,0.799744,0.083461,190.005117
208.8696,14.0000,4.0,0.249960,114.633682,900.000000,0.266840,0.766435,0.799711,0.083478,190.005782
208.9697,14.0000,4.0,0.249993,114.688976,900.000000,0.266696,0.766628,0.799952,0.083357,190.000961
209.0697,14.0000,4.0,0.249985,114.675770,900.000000,0.266730,0.766582,0.799894,0.083386,190.002112
209.1697,14.0000,4.0,0.249999,114.697910,900.000000,0.266672,0.766659,0.799991,0.083338,190.000182
209.2698,14.0000,4.0,0.249984,114.673454,900.000000,0.266736,0.766574,0.799884,0.083391,190.002314
209.3698,14.0000,4.0,0.250005,114.708212,900.000000,0.266645,0.766695,0.800036,0.083315,189.999284
209.4698,14.0000,4.0,0.249983,114.672413,900.000000,0.266739,0.766570,0.799880,0.083393,190.002405
209.5699,14.0000,4.0,0.250004,114.707322,900.000000,0.266648,0.766692,0.800032,0.083317,189.999362
209.6699,14.0000,4.0,0.250007,114.712028,900.000000,0.266635,0.766709,0.800052,0.083307,189.998951
209.7699,14.0000,4.0,0.249956,114.628654,900.000000,0.266853,0.766418,0.799689,0.083489,190.006220
209.8700,14.0000,4.0,0.249926,114.578863,900.000000,0.266984,0.766244,0.799472,0.083597,190.010561
209.9700,14.0000,4.0,0.250029,114.746829,900.000000,0.266544,0.766830,0.800204,0.083231,189.995917
210.0700,14.0000,4.0,0.249990,114.682866,900.000000,0.266711,0.766607,0.799925,0.083371,190.001494
210.1701,14.0000,4.0,0.249930,114.584684,900.000000,0.266968,0.766265,0.799497,0.083585,190.010054
210.2701,14.0000,4.0,0.249960,114.635087,900.000000,0.266836,0.766440,0.799717,0.083475,190.005659
210.3701,14.0000,4.0,0.250006,114.709737,900.000000,0.266641,0.766701,0.800042,0.083312,189.999151
210.4702,14.0000,4.0,0.249974,114.657521,900.000000,0.266778,0.766519,0.799815,0.083426,190.003704
210.5702,14.0000,4.0,0.249967,114.646258,900.000000,0.266807,0.766479,0.799766,0.083450,190.004685
210.6702,14.0000,4.0,0.250026,114.742257,900.000000,0.266556,0.766814,0.800184,0.083241,189.996316
210.7703,14.0000,4.0,0.249951,114.620196,900.000000,0.266875,0.766388,0.799652,0.083507,190.006958
210.8703,14.0000,4.0,0.249959,114.632995,900.000000,0.266842,0.766433,0.799708,0.083479,190.005842
210.9703,14.0000,4.0,0.249990,114.683811,900.000000,0.266709,0.766610,0.799929,0.083369,190.001411
211.0704,14.0000,4.0,0.249996,114.693099,900.000000,0.266685,0.766643,0.799970,0.083348,190.000602
211.1704,14.0000,4.0,0.249999,114.698724,900.000000,0.266670,0.766662,0.799994,0.083336,190.000111
211.2704,14.0000,4.0,0.250012,114.719795,900.000000,0.266615,0.766736,0.800086,0.083290,189.998274
211.3705,14.0000,4.0,0.249991,114.684484,900.000000,0.266707,0.766613,0.799932,0.083367,190.001353
211.4705,14.0000,4.0,0.250000,114.699343,900.000000,0.266668,0.766664,0.799997,0.083335,190.000057
211.5705,14.0000,4.0,0.249977,114.662227,900.000000,0.266765,0.766535,0.799835,0.083416,190.003293
211.6706,14.0000,4.0,0.249987,114.678633,900.000000,0.266723,0.766592,0.799907,0.083380,190.001863
211.7706,14.0000,4.0,0.249989,114.681181,900.000000,0.266716,0.766601,0.799918,0.083374,190.001641
211.8706,14.0000,4.0,0.249992,114.686862,900.000000,0.266701,0.766621,0.799943,0.083362,190.001145
211.9707,14.0000,4.0,0.250009,114.715033,900.000000,0.266627,0.766719,0.800066,0.083301,189.998689
212.0707,14.0000,4.0,0.250003,114.704458,900.000000,0.266655,0.766682,0.800019,0.083324,189.999611
212.1707,14.0000,4.0,0.249987,114.679203,900.000000,0.266721,0.766594,0.799909,0.083379,190.001813
212.2708,14.0000,4.0,0.249961,114.636823,900.000000,0.266832,0.766446,0.799725,0.083471,190.005508
212.3708,14.0000,4.0,0.249988,114.680947,900.000000,0.266716,0.766600,0.799917,0.083375,190.001661
212.4708,14.0000,4.0,0.249986,114.676444,900.000000,0.266728,0.766585,0.799897,0.083385,190.002054
212.5709,14.0000,4.0,0.249993,114.687781,900.000000,0.266699,0.766624,0.799947,0.083360,190.001065
212.6709,14.0000,4.0,0.250054,114.788721,900.000000,0.266435,0.766976,0.800387,0.083140,189.992265
212.7709,14.0000,4.0,0.249971,114.652477,900.000000,0.266791,0.766501,0.799793,0.083437,190.004143
212.8710,14.0000,4.0,0.250000,114.700046,900.000000,0.266667,0.766667,0.800000,0.083333,189.999996
212.9710,14.0000,4.0,0.250020,114.732619,900.000000,0.266581,0.766780,0.800142,0.083262,189.997156
213.0710,14.0000,4.0,0.249990,114.684356,900.000000,0.266708,0.766612,0.799932,0.083367,190.001364
213.1711,14.0000,4.0,0.250059,114.796605,900.000000,0.266414,0.767004,0.800421,0.083123,189.991578
213.2711,14.0000,4.0,0.249976,114.661064,900.000000,0.266769,0.766531,0.799830,0.083418,190.003395
213.3711,14.0000,4.0,0.249998,114.696421,900.000000,0.266676,0.766654,0.799984,0.083341,190.000312
213.4712,14.0000,4.0,0.249964,114.640524,900.000000,0.266822,0.766459,0.799741,0.083463,190.005185
213.5712,14.0000,4.0,0.249977,114.663132,900.000000,0.266763,0.766538,0.799839,0.083414,190.003214
213.6712,14.0000,4.0,0.249996,114.693396,900.000000,0.266684,0.766644,0.799971,0.083348,190.000576
213.7713,14.0000,4.0,0.250014,114.723503,900.000000,0.266605,0.766749,0.800102,0.083282,189.997951
213.8713,14.0000,4.0,0.249998,114.697378,900.000000,0.266674,0.766658,0.799989,0.083339,190.000229
213.9713,14.0000,4.0,0.250027,114.744611,900.000000,0.266550,0.766822,0.800194,0.083236,189.996111
214.0714,14.0000,4.0,0.249986,114.677136,900.000000,0.266726,0.766587,0.799900,0.083383,190.001993
214.1714,14.0000,4.0,0.249979,114.665503,900.000000,0.266757,0.766546,0.799850,0.083409,190.003008
214.2714,14.0000,4.0,0.250072,114.817534,900.000000,0.266359,0.767077,0.800512,0.083077,189.989753
214.3715,14.0000,4.0,0.250001,114.702268,900.000000,0.266661,0.766675,0.800010,0.083328,189.999802
214.4715,14.0000,4.0,0.249968,114.646800,900.000000,0.266806,0.766481,0.799768,0.083449,190.004638
214.5715,14.0000,4.0,0.249968,114.648276,900.000000,0.266802,0.766486,0.799775,0.083446,190.004509
214.6716,14.0000,4.0,0.249961,114.636068,900.000000,0.266834,0.766444,0.799721,0.083473,190.005574
214.7716,14.0000,4.0,0.250018,114.730240,900.000000,0.266588,0.766772,0.800132,0.083267,189.997364
214.8716,14.0000,4.0,0.249979,114.665401,900.000000,0.266757,0.766546,0.799849,0.083409,190.003017
214.9717,14.0000,4.0,0.249994,114.690192,900.000000,0.266692,0.766632,0.799957,0.083355,190.000855
215.0717,14.0000,4.0,0.249988,114.680851,900.000000,0.266717,0.766600,0.799917,0.083375,190.001669
215.1717,14.0000,4.0,0.250013,114.720801,900.000000,0.266612,0.766739,0.800091,0.083288,189.998186
215.2718,14.0000,4.0,0.249965,114.642086,900.000000,0.266818,0.766465,0.799748,0.083460,190.005049
215.3718,14.0000,4.0,0.249958,114.630840,900.000000,0.266848,0.766425,0.799699,0.083484,190.006030
215.4718,14.0000,4.0,0.249998,114.696025,900.000000,0.266677,0.766653,0.799983,0.083342,190.000347
215.5719,14.0000,4.0,0.250009,114.715048,900.000000,0.266627,0.766719,0.800066,0.083301,189.998688
215.6719,14.0000,4.0,0.250001,114.701815,900.000000,0.266662,0.766673,0.800008,0.083329,189.999842
215.7719,14.0000,4.0,0.249966,114.644901,900.000000,0.266811,0.766475,0.799760,0.083453,190.004804
215.8720,14.0000,4.0,0.250012,114.719430,900.000000,0.266616,0.766734,0.800085,0.083291,189.998306
215.9720,14.0000,4.0,0.249969,114.648544,900.000000,0.266801,0.766487,0.799776,0.083445,190.004486
216.0720,14.0000,4.0,0.249975,114.659838,900.000000,0.266772,0.766527,0.799825,0.083421,190.003501
216.1721,14.0000,4.0,0.249963,114.638894,900.000000,0.266826,0.766454,0.799734,0.083467,190.005327
216.2721,14.0000,4.0,0.250031,114.751323,900.000000,0.266532,0.766846,0.800224,0.083221,189.995525
216.3721,14.0000,4.0,0.250011,114.718108,900.000000,0.266619,0.766730,0.800079,0.083294,189.998421
216.4722,14.0000,4.0,0.250010,114.716856,900.000000,0.266623,0.766725,0.800073,0.083297,189.998530
216.5722,14.0000,4.0,0.250030,114.749135,900.000000,0.266538,0.766838,0.800214,0.083226,189.995716
216.6722,14.0000,4.0,0.250078,114.827572,900.000000,0.266333,0.767112,0.800556,0.083055,189.988878
216.7723,14.0000,4.0,0.249940,114.601641,900.000000,0.266924,0.766324,0.799571,0.083548,190.008575
216.8723,14.0000,4.0,0.249970,114.650345,900.000000,0.266797,0.766494,0.799784,0.083442,190.004329
216.9723,14.0000,4.0,0.249974,114.656614,900.000000,0.266780,0.766515,0.799811,0.083428,190.003783
217.0724,14.0000,4.0,0.249966,114.645039,900.000000,0.266810,0.766475,0.799760,0.083453,190.004792
217.1724,14.0000,4.0,0.249960,114.633857,900.000000,0.266840,0.766436,0.799712,0.083477,190.005767
217.2724,14.0000,4.0,0.249983,114.672906,900.000000,0.266738,0.766572,0.799882,0.083392,190.002362
217.3725,14.0000,4.0,0.249956,114.627210,900.000000,0.266857,0.766413,0.799683,0.083492,190.006346
217.4725,14.0000,4.0,0.250003,114.704942,900.000000,0.266654,0.766684,0.800022,0.083323,189.999569
217.5725,14.0000,4.0,0.249994,114.690923,900.000000,0.266690,0.766635,0.799960,0.083353,190.000791
217.6726,14.0000,4.0,0.250008,114.712535,900.000000,0.266634,0.766710,0.800055,0.083306,189.998907
217.7726,14.0000,4.0,0.250009,114.714014,900.000000,0.266630,0.766716,0.800061,0.083303,189.998778
217.8726,14.0000,4.0,0.250012,114.718920,900.000000,0.266617,0.766733,0.800082,0.083292,189.998350
217.9727,14.0000,4.0,0.249982,114.670240,900.000000,0.266745,0.766563,0.799870,0.083398,190.002595
218.0727,14.0000,4.0,0.250058,114.795106,900.000000,0.266418,0.766998,0.800415,0.083126,189.991708
218.1727,14.0000,4.0,0.250001,114.700907,900.000000,0.266664,0.766670,0.800004,0.083331,189.999921
218.2728,14.0000,4.0,0.249937,114.596197,900.000000,0.266938,0.766305,0.799548,0.083560,190.009050
218.3728,14.0000,4.0,0.249963,114.639336,900.000000,0.266825,0.766455,0.799736,0.083466,190.005289
218.4728,14.0000,4.0,0.249941,114.602561,900.000000,0.266922,0.766327,0.799575,0.083546,190.008495
218.5729,14.0000,4.0,0.249994,114.690583,900.000000,0.266691,0.766634,0.799959,0.083354,190.000821
218.6729,14.0000,4.0,0.249990,114.683755,900.000000,0.266709,0.766610,0.799929,0.083369,190.001416
218.7729,14.0000,4.0,0.249980,114.666551,900.000000,0.266754,0.766550,0.799854,0.083406,190.002916
218.8730,14.0000,4.0,0.250055,114.790644,900.000000,0.266430,0.766983,0.800395,0.083136,189.992097
218.9730,14.0000,4.0,0.250011,114.717671,900.000000,0.266620,0.766728,0.800077,0.083295,189.998459
219.0730,14.0000,4.0,0.250016,114.726649,900.000000,0.266597,0.766760,0.800116,0.083275,189.997677
219.1731,14.0000,4.0,0.249966,114.643911,900.000000,0.266813,0.766471,0.799755,0.083456,190.004890
219.2731,14.0000,4.0,0.249964,114.640626,900.000000,0.266822,0.766460,0.799741,0.083463,190.005176
219.3731,14.0000,4.0,0.249995,114.692542,900.000000,0.266686,0.766641,0.799967,0.083350,190.000650
219.4732,14.0000,4.0,0.250000,114.699468,900.000000,0.266668,0.766665,0.799998,0.083334,190.000046
219.5732,14.0000,4.0,0.249938,114.598117,900.000000,0.266933,0.766311,0.799556,0.083555,190.008883
219.6732,14.0000,4.0,0.249989,114.682031,900.000000,0.266714,0.766604,0.799922,0.083372,190.001567
219.7733,14.0000,4.0,0.249995,114.691861,900.000000,0.266688,0.766638,0.799965,0.083351,190.000710
219.8733,14.0000,4.0,0.249988,114.680511,900.000000,0.266718,0.766599,0.799915,0.083376,190.001699
219.9733,14.0000,4.0,0.249970,114.650708,900.000000,0.266796,0.766495,0.799785,0.083441,190.004297
220.0734,14.0000,4.0,0.249978,114.664509,900.000000,0.266759,0.766543,0.799845,0.083411,190.003094
220.1734,14.0000,4.0,0.249989,114.682749,900.000000,0.266712,0.766607,0.799925,0.083371,190.001504
220.2734,14.0000,4.0,0.249998,114.696237,900.000000,0.266677,0.766654,0.799984,0.083342,190.000328
220.3735,14.0000,4.0,0.250013,114.722040,900.000000,0.266609,0.766744,0.800096,0.083285,189.998078
220.4735,14.0000,4.0,0.250028,114.745946,900.000000,0.266546,0.766827,0.800200,0.083233,189.995994
220.5735,14.0000,4.0,0.249986,114.677287,900.000000,0.266726,0.766587,0.799901,0.083383,190.001980
220.6736,14.0000,4.0,0.249981,114.669297,900.000000,0.266747,0.766560,0.799866,0.083400,190.002677
220.7736,14.0000,4.0,0.250009,114.714086,900.000000,0.266630,0.766716,0.800061,0.083303,189.998772
220.8736,14.0000,4.0,0.250014,114.722843,900.000000,0.266607,0.766746,0.800100,0.083284,189.998008
220.9737,14.0000,4.0,0.249982,114.670687,900.000000,0.266743,0.766564,0.799872,0.083397,190.002556
221.0737,14.0000,4.0,0.250020,114.732012,900.000000,0.266583,0.766778,0.800140,0.083264,189.997209
221.1737,14.0000,4.0,0.250025,114.741565,900.000000,0.266558,0.766812,0.800181,0.083243,189.996376
221.2738,14.0000,4.0,0.250035,114.757263,900.000000,0.266517,0.766866,0.800250,0.083209,189.995008
221.3738,14.0000,4.0,0.250050,114.781686,900.000000,0.266453,0.766952,0.800356,0.083155,189.992878
221.4738,14.0000,4.0,0.249969,114.649540,900.000000,0.266799,0.766491,0.799780,0.083443,190.004399
221.5739,14.0000,4.0,0.249996,114.693645,900.000000,0.266683,0.766645,0.799972,0.083347,190.000554
221.6739,14.0000,4.0,0.249996,114.693602,900.000000,0.266683,0.766644,0.799972,0.083347,190.000558
221.7739,14.0000,4.0,0.249993,114.688221,900.000000,0.266697,0.766626,0.799949,0.083359,190.001027
221.8740,14.0000,4.0,0.249976,114.660748,900.000000,0.266769,0.766530,0.799829,0.083419,190.003422
221.9740,14.0000,4.0,0.249951,114.619018,900.000000,0.266878,0.766384,0.799647,0.083510,190.007060
222.0740,14.0000,4.0,0.249999,114.698014,900.000000,0.266672,0.766660,0.799991,0.083338,190.000173
222.1741,14.0000,4.0,0.249973,114.655045,900.000000,0.266784,0.766510,0.799804,0.083431,190.003919
222.2741,14.0000,4.0,0.249999,114.697844,900.000000,0.266672,0.766659,0.799991,0.083338,190.000188
222.3741,14.0000,4.0,0.249972,114.653923,900.000000,0.266787,0.766506,0.799799,0.083434,190.004017
222.4742,14.0000,4.0,0.249963,114.638722,900.000000,0.266827,0.766453,0.799733,0.083467,190.005342
222.5742,14.0000,4.0,0.250003,114.705498,900.000000,0.266652,0.766686,0.800024,0.083321,189.999521
222.6742,14.0000,4.0,0.250001,114.701407,900.000000,0.266663,0.766672,0.800006,0.083330,189.999877
222.7743,14.0000,4.0,0.250014,114.722902,900.000000,0.266607,0.766747,0.800100,0.083283,189.998003
222.8743,14.0000,4.0,0.250063,114.803307,900.000000,0.266396,0.767027,0.800450,0.083108,189.990993
222.9743,14.0000,4.0,0.250005,114.707953,900.000000,0.266646,0.766694,0.800035,0.083316,189.999307
223.0744,14.0000,4.0,0.250011,114.718417,900.000000,0.266618,0.766731,0.800080,0.083293,189.998394
223.1744,14.0000,4.0,0.249964,114.640357,900.000000,0.266823,0.766459,0.799740,0.083463,190.005200
223.2744,14.0000,4.0,0.249957,114.629962,900.000000,0.266850,0.766422,0.799695,0.083486,190.006106
223.3745,14.0000,4.0,0.250045,114.773520,900.000000,0.266474,0.766923,0.800320,0.083173,189.993590
223.4745,14.0000,4.0,0.249968,114.648275,900.000000,0.266802,0.766486,0.799775,0.083446,190.004510
223.5745,14.0000,4.0,0.249965,114.642321,900.000000,0.266818,0.766466,0.799749,0.083459,190.005029
223.6746,14.0000,4.0,0.249996,114.692632,900.000000,0.266686,0.766641,0.799968,0.083349,190.000642
223.7746,14.0000,4.0,0.249994,114.690145,900.000000,0.266692,0.766632,0.799957,0.083355,190.000859
223.8746,14.0000,4.0,0.249969,114.649596,900.000000,0.266798,0.766491,0.799780,0.083443,190.004394
223.9747,14.0000,4.0,0.249988,114.679539,900.000000,0.266720,0.766595,0.799911,0.083378,190.001784
224.0747,14.0000,4.0,0.250034,114.756322,900.000000,0.266519,0.766863,0.800246,0.083211,189.995090
224.1747,14.0000,4.0,0.249972,114.654617,900.000000,0.266785,0.766508,0.799802,0.083432,190.003957
224.2748,14.0000,4.0,0.249954,114.625297,900.000000,0.266862,0.766406,0.799674,0.083496,190.006513
224.3748,14.0000,4.0,0.250026,114.742173,900.000000,0.266556,0.766814,0.800184,0.083241,189.996323
224.4748,14.0000,4.0,0.250012,114.719720,900.000000,0.266615,0.766735,0.800086,0.083290,189.998281
224.5749,14.0000,4.0,0.249978,114.664141,900.000000,0.266760,0.766542,0.799844,0.083411,190.003126
224.6749,14.0000,4.0,0.249949,114.616119,900.000000,0.266886,0.766374,0.799634,0.083516,190.007313
224.7749,14.0000,4.0,0.249974,114.658056,900.000000,0.266776,0.766520,0.799817,0.083425,190.003657
224.8750,14.0000,4.0,0.249995,114.692610,900.000000,0.266686,0.766641,0.799968,0.083349,190.000644
224.9750,14.0000,4.0,0.250033,114.753687,900.000000,0.266526,0.766854,0.800234,0.083216,189.995319
225.0750,14.0000,4.0,0.249966,114.643632,900.000000,0.266814,0.766470,0.799754,0.083456,190.004914
225.1751,14.0000,4.0,0.249995,114.691292,900.000000,0.266689,0.766636,0.799962,0.083352,190.000759
225.2751,14.0000,4.0,0.250018,114.729331,900.000000,0.266590,0.766769,0.800128,0.083269,189.997443
225.3751,14.0000,4.0,0.249925,114.576566,900.000000,0.266990,0.766236,0.799462,0.083602,190.010761
225.4752,14.0000,4.0,0.250029,114.747373,900.000000,0.266543,0.766832,0.800207,0.083230,189.995870
225.5752,14.0000,4.0,0.249961,114.636616,900.000000,0.266832,0.766446,0.799724,0.083471,190.005526
225.6752,14.0000,4.0,0.250008,114.712391,900.000000,0.266634,0.766710,0.800054,0.083306,189.998920
225.7753,14.0000,4.0,0.250005,114.708178,900.000000,0.266645,0.766695,0.800036,0.083316,189.999287
225.8753,14.0000,4.0,0.250031,114.750125,900.000000,0.266536,0.766841,0.800219,0.083224,189.995630
225.9753,14.0000,4.0,0.250014,114.723494,900.000000,0.266605,0.766749,0.800102,0.083282,189.997952
226.0754,14.0000,4.0,0.249925,114.577133,900.000000,0.266988,0.766238,0.799464,0.083601,190.010712
226.1754,14.0000,4.0,0.249974,114.656809,900.000000,0.266780,0.766516,0.799812,0.083427,190.003766
226.2754,14.0000,4.0,0.250002,114.703008,900.000000,0.266659,0.766677,0.800013,0.083327,189.999738
226.3755,14.0000,4.0,0.249992,114.686397,900.000000,0.266702,0.766619,0.799941,0.083363,190.001186
226.4755,14.0000,4.0,0.250012,114.720075,900.000000,0.266614,0.766737,0.800088,0.083290,189.998250
226.5755,14.0000,4.0,0.250022,114.735710,900.000000,0.266573,0.766791,0.800156,0.083255,189.996887
226.6756,14.0000,4.0,0.250016,114.726712,900.000000,0.266597,0.766760,0.800116,0.083275,189.997671
226.7756,14.0000,4.0,0.249991,114.685622,900.000000,0.266704,0.766617,0.799937,0.083365,190.001254
226.8756,14.0000,4.0,0.249941,114.604064,900.000000,0.266918,0.766332,0.799582,0.083542,190.008364
226.9757,14.0000,4.0,0.249984,114.673652,900.000000,0.266736,0.766575,0.799885,0.083391,190.002297
227.0757,14.0000,4.0,0.250011,114.717290,900.000000,0.266621,0.766727,0.800075,0.083296,189.998493
227.1757,14.0000,4.0,0.249965,114.641993,900.000000,0.266818,0.766464,0.799747,0.083460,190.005057
227.2758,14.0000,4.0,0.250017,114.728123,900.000000,0.266593,0.766765,0.800123,0.083272,189.997548
227.3758,14.0000,4.0,0.250026,114.742022,900.000000,0.266557,0.766813,0.800183,0.083242,189.996336
227.4758,14.0000,4.0,0.250002,114.702988,900.000000,0.266659,0.766677,0.800013,0.083327,189.999740
227.5759,14.0000,4.0,0.249904,114.543497,900.000000,0.267076,0.766121,0.799318,0.083674,190.013645
227.6759,14.0000,4.0,0.249959,114.632823,900.000000,0.266842,0.766432,0.799707,0.083480,190.005857
227.7759,14.0000,4.0,0.250056,114.791078,900.000000,0.266428,0.766984,0.800397,0.083135,189.992059
227.8760,14.0000,4.0,0.249981,114.669482,900.000000,0.266746,0.766560,0.799867,0.083400,190.002661
227.9760,14.0000,4.0,0.249938,114.597642,900.000000,0.266934,0.766310,0.799554,0.083556,190.008924
228.0760,14.0000,4.0,0.250036,114.758651,900.000000,0.266513,0.766871,0.800256,0.083205,189.994887
228.1761,14.0000,4.0,0.249999,114.697595,900.000000,0.266673,0.766658,0.799990,0.083339,190.000210
228.2761,14.0000,4.0,0.250032,114.752213,900.000000,0.266530,0.766849,0.800228,0.083220,189.995448
228.3761,14.0000,4.0,0.250007,114.710852,900.000000,0.266638,0.766705,0.800047,0.083310,189.999054
228.4762,14.0000,4.0,0.250012,114.719969,900.000000,0.266614,0.766736,0.800087,0.083290,189.998259
228.5762,14.0000,4.0,0.250009,114.715229,900.000000,0.266627,0.766720,0.800066,0.083300,189.998672
228.6762,14.0000,4.0,0.250020,114.731989,900.000000,0.266583,0.766778,0.800139,0.083264,189.997211
228.7763,14.0000,4.0,0.250068,114.811022,900.000000,0.266376,0.767054,0.800484,0.083091,189.990321
228.8763,14.0000,4.0,0.250028,114.745737,900.000000,0.266547,0.766826,0.800199,0.083234,189.996012
228.9763,14.0000,4.0,0.249950,114.618205,900.000000,0.266881,0.766381,0.799643,0.083512,190.007131
229.0764,14.0000,4.0,0.250012,114.719589,900.000000,0.266615,0.766735,0.800085,0.083291,189.998292
229.1764,14.0000,4.0,0.250033,114.754365,900.000000,0.266524,0.766856,0.800237,0.083215,189.995260
229.2764,14.0000,4.0,0.250035,114.757460,900.000000,0.266516,0.766867,0.800250,0.083208,189.994990
229.3765,14.0000,4.0,0.249985,114.676028,900.000000,0.266729,0.766583,0.799895,0.083386,190.002090
229.4765,14.0000,4.0,0.250034,114.755638,900.000000,0.266521,0.766861,0.800243,0.083212,189.995149
229.5765,14.0000,4.0,0.250027,114.743811,900.000000,0.266552,0.766819,0.800191,0.083238,189.996180
229.6766,14.0000,4.0,0.250077,114.826082,900.000000,0.266337,0.767106,0.800550,0.083059,189.989008
229.7766,14.0000,4.0,0.249976,114.659988,900.000000,0.266771,0.766527,0.799826,0.083421,190.003488
229.8766,14.0000,4.0,0.249983,114.672149,900.000000,0.266740,0.766570,0.799879,0.083394,190.002428
229.9767,14.0000,4.0,0.249989,114.682244,900.000000,0.266713,0.766605,0.799923,0.083372,190.001548
230.0767,14.0000,4.0,0.249984,114.673070,900.000000,0.266737,0.766573,0.799883,0.083392,190.002348
230.1767,14.0000,4.0,0.249971,114.653110,900.000000,0.266789,0.766503,0.799796,0.083436,190.004088
230.2768,14.0000,4.0,0.249914,114.559507,900.000000,0.267034,0.766177,0.799388,0.083640,190.012249
230.3768,14.0000,4.0,0.249985,114.675935,900.000000,0.266730,0.766583,0.799895,0.083386,190.002098
230.4768,14.0000,4.0,0.250010,114.716167,900.000000,0.266624,0.766723,0.800070,0.083298,189.998590
230.5769,14.0000,4.0,0.249984,114.673067,900.000000,0.266737,0.766573,0.799883,0.083392,190.002348
230.6769,14.0000,4.0,0.250058,114.794526,900.000000,0.266419,0.766996,0.800412,0.083127,189.991759
230.7769,14.0000,4.0,0.249999,114.698453,900.000000,0.266671,0.766661,0.799993,0.083337,190.000135
230.8770,14.0000,4.0,0.250038,114.762364,900.000000,0.266504,0.766884,0.800272,0.083197,189.994563
230.9770,14.0000,4.0,0.250007,114.710911,900.000000,0.266638,0.766705,0.800048,0.083310,189.999049
231.0770,14.0000,4.0,0.250024,114.739187,900.000000,0.266564,0.766803,0.800171,0.083248,189.996584
231.1771,14.0000,4.0,0.250007,114.711855,900.000000,0.266636,0.766708,0.800052,0.083307,189.998966
231.2771,14.0000,4.0,0.250040,114.766359,900.000000,0.266493,0.766898,0.800289,0.083189,189.994215
231.3771,14.0000,4.0,0.250000,114.700743,900.000000,0.266665,0.766669,0.800003,0.083332,189.999935
231.4772,14.0000,4.0,0.250014,114.722777,900.000000,0.266607,0.766746,0.800099,0.083284,189.998014
231.5772,14.0000,4.0,0.250010,114.716313,900.000000,0.266624,0.766724,0.800071,0.083298,189.998578
231.6772,14.0000,4.0,0.249990,114.683608,900.000000,0.266710,0.766610,0.799929,0.083369,190.001429
231.7773,14.0000,4.0,0.250011,114.718296,900.000000,0.266619,0.766730,0.800080,0.083293,189.998405
231.8773,14.0000,4.0,0.250067,114.809790,900.000000,0.266380,0.767050,0.800479,0.083094,189.990428
231.9773,14.0000,4.0,0.249991,114.684575,900.000000,0.266707,0.766613,0.799933,0.083367,190.001345
232.0774,14.0000,4.0,0.250012,114.719092,900.000000,0.266617,0.766733,0.800083,0.083292,189.998335
232.1774,14.0000,4.0,0.250037,114.761031,900.000000,0.266507,0.766880,0.800266,0.083200,189.994679
232.2774,14.0000,4.0,0.250034,114.755178,900.000000,0.266522,0.766859,0.800241,0.083213,189.995189
232.3775,14.0000,4.0,0.249999,114.698774,900.000000,0.266670,0.766662,0.799995,0.083336,190.000107
232.4775,14.0000,4.0,0.249926,114.579042,900.000000,0.266983,0.766245,0.799473,0.083597,190.010546
232.5775,14.0000,4.0,0.250015,114.724069,900.000000,0.266604,0.766751,0.800105,0.083281,189.997902
232.6776,14.0000,4.0,0.249931,114.587282,900.000000,0.266961,0.766274,0.799509,0.083579,190.009827
232.7776,14.0000,4.0,0.250044,114.771774,900.000000,0.266479,0.766917,0.800313,0.083177,189.993742
232.8776,14.0000,4.0,0.250004,114.706773,900.000000,0.266649,0.766690,0.800030,0.083319,189.999410
232.9777,14.0000,4.0,0.250029,114.748304,900.000000,0.266540,0.766835,0.800211,0.083228,189.995789
233.0777,14.0000,4.0,0.249971,114.653236,900.000000,0.266789,0.766504,0.799796,0.083435,190.004077
233.1777,14.0000,4.0,0.249952,114.620737,900.000000,0.266874,0.766390,0.799654,0.083506,190.006910
233.2778,14.0000,4.0,0.250007,114.711420,900.000000,0.266637,0.766706,0.800050,0.083308,189.999004
233.3778,14.0000,4.0,0.249998,114.696723,900.000000,0.266675,0.766655,0.799986,0.083340,190.000286
233.4778,14.0000,4.0,0.249984,114.673846,900.000000,0.266735,0.766575,0.799886,0.083390,190.002280
233.5779,14.0000,4.0,0.250002,114.702676,900.000000,0.266660,0.766676,0.800012,0.083328,189.999767
233.6779,14.0000,4.0,0.250084,114.836834,900.000000,0.266309,0.767144,0.800596,0.083035,189.988070
233.7779,14.0000,4.0,0.250025,114.740207,900.000000,0.266562,0.766807,0.800175,0.083246,189.996495
233.8780,14.0000,4.0,0.250031,114.750975,900.000000,0.266533,0.766844,0.800222,0.083222,189.995556
233.9780,14.0000,4.0,0.250025,114.740716,900.000000,0.266560,0.766809,0.800177,0.083245,189.996450
234.0780,14.0000,4.0,0.250044,114.772511,900.000000,0.266477,0.766920,0.800316,0.083175,189.993678
234.1781,14.0000,4.0,0.249993,114.689052,900.000000,0.266695,0.766628,0.799952,0.083357,190.000954
234.2781,14.0000,4.0,0.249936,114.595836,900.000000,0.266939,0.766303,0.799546,0.083560,190.009081
234.3781,14.0000,4.0,0.249993,114.689162,900.000000,0.266695,0.766629,0.799953,0.083357,190.000945
234.4782,14.0000,4.0,0.250024,114.739196,900.000000,0.266564,0.766803,0.800171,0.083248,189.996583
234.5782,14.0000,4.0,0.249970,114.650137,900.000000,0.266797,0.766493,0.799783,0.083442,190.004347
234.6782,14.0000,4.0,0.249994,114.689826,900.000000,0.266693,0.766631,0.799956,0.083356,190.000887
234.7783,14.0000,4.0,0.249978,114.664072,900.000000,0.266761,0.766541,0.799843,0.083412,190.003132
234.8783,14.0000,4.0,0.250045,114.773779,900.000000,0.266474,0.766924,0.800322,0.083173,189.993568
234.9783,14.0000,4.0,0.250022,114.736167,900.000000,0.266572,0.766793,0.800158,0.083255,189.996847
235.0784,14.0000,4.0,0.250019,114.731287,900.000000,0.266585,0.766776,0.800136,0.083265,189.997272
235.1784,14.0000,4.0,0.250018,114.729807,900.000000,0.266589,0.766771,0.800130,0.083268,189.997401
235.2784,14.0000,4.0,0.249998,114.696880,900.000000,0.266675,0.766656,0.799986,0.083340,190.000272
235.3785,14.0000,4.0,0.250005,114.708636,900.000000,0.266644,0.766697,0.800038,0.083315,189.999247
235.4785,14.0000,4.0,0.249963,114.639514,900.000000,0.266825,0.766456,0.799736,0.083465,190.005273
235.5785,14.0000,4.0,0.249933,114.589467,900.000000,0.266956,0.766281,0.799518,0.083574,190.009637
235.6786,14.0000,4.0,0.250004,114.706308,900.000000,0.266650,0.766689,0.800027,0.083320,189.999450
235.7786,14.0000,4.0,0.250009,114.715019,900.000000,0.266627,0.766719,0.800065,0.083301,189.998691
235.8786,14.0000,4.0,0.250036,114.759297,900.000000,0.266512,0.766873,0.800258,0.083204,189.994830
235.9787,14.0000,4.0,0.250047,114.777415,900.000000,0.266464,0.766937,0.800337,0.083165,189.993251
236.0787,14.0000,4.0,0.250047,114.777363,900.000000,0.266464,0.766936,0.800337,0.083165,189.993255
236.1787,14.0000,4.0,0.249969,114.648976,900.000000,0.266800,0.766489,0.799778,0.083445,190.004448
236.2788,14.0000,4.0,0.249989,114.681278,900.000000,0.266716,0.766601,0.799918,0.083374,190.001632
236.3788,14.0000,4.0,0.250014,114.722922,900.000000,0.266607,0.766747,0.800100,0.083283,189.998002
236.4788,14.0000,4.0,0.250077,114.825514,900.000000,0.266338,0.767104,0.800547,0.083060,189.989057
236.5789,14.0000,4.0,0.250045,114.772937,900.000000,0.266476,0.766921,0.800318,0.083174,189.993641
236.6789,14.0000,4.0,0.250034,114.754915,900.000000,0.266523,0.766858,0.800239,0.083214,189.995212
236.7789,14.0000,4.0,0.249988,114.679569,900.000000,0.266720,0.766595,0.799911,0.083378,190.001781
236.8790,14.0000,4.0,0.249972,114.654812,900.000000,0.266785,0.766509,0.799803,0.083432,190.003940
236.9790,14.0000,4.0,0.250023,114.738430,900.000000,0.266566,0.766801,0.800168,0.083250,189.996650
237.0790,14.0000,4.0,0.249966,114.643964,900.000000,0.266813,0.766471,0.799756,0.083455,190.004885
237.1791,14.0000,4.0,0.249992,114.687088,900.000000,0.266700,0.766622,0.799944,0.083361,190.001126
237.2791,14.0000,4.0,0.249996,114.693283,900.000000,0.266684,0.766643,0.799971,0.083348,190.000586
237.3791,14.0000,4.0,0.250048,114.778680,900.000000,0.266461,0.766941,0.800343,0.083162,189.993140
237.4792,14.0000,4.0,0.249989,114.681312,900.000000,0.266716,0.766601,0.799919,0.083374,190.001629
237.5792,14.0000,4.0,0.249925,114.577096,900.000000,0.266988,0.766238,0.799464,0.083601,190.010715
237.6792,14.0000,4.0,0.250015,114.724292,900.000000,0.266603,0.766751,0.800106,0.083280,189.997882
237.7793,14.0000,4.0,0.249978,114.664131,900.000000,0.266760,0.766542,0.799844,0.083412,190.003127
237.8793,14.0000,4.0,0.250001,114.701225,900.000000,0.266663,0.766671,0.800005,0.083331,189.999893
237.9793,14.0000,4.0,0.249997,114.694769,900.000000,0.266680,0.766648,0.799977,0.083345,190.000456
238.0794,14.0000,4.0,0.249991,114.685431,900.000000,0.266705,0.766616,0.799936,0.083365,190.001270
238.1794,14.0000,4.0,0.250024,114.738644,900.000000,0.266566,0.766801,0.800168,0.083249,189.996631
238.2794,14.0000,4.0,0.249953,114.622495,900.000000,0.266869,0.766396,0.799662,0.083502,190.006757
238.3795,14.0000,4.0,0.249984,114.673298,900.000000,0.266737,0.766574,0.799884,0.083392,190.002328
238.4795,14.0000,4.0,0.250020,114.733361,900.000000,0.266579,0.766783,0.800145,0.083261,189.997091
238.5795,14.0000,4.0,0.249981,114.668466,900.000000,0.266749,0.766557,0.799863,0.083402,190.002749
238.6796,14.0000,4.0,0.249950,114.618740,900.000000,0.266879,0.766383,0.799646,0.083510,190.007085
238.7796,14.0000,4.0,0.250020,114.732618,900.000000,0.266581,0.766780,0.800142,0.083262,189.997156
238.8796,14.0000,4.0,0.250034,114.755355,900.000000,0.266522,0.766860,0.800241,0.083213,189.995174
238.9797,14.0000,4.0,0.249998,114.696961,900.000000,0.266675,0.766656,0.799987,0.083340,190.000265
239.0797,14.0000,4.0,0.249940,114.601178,900.000000,0.266925,0.766322,0.799569,0.083549,190.008616
239.1797,14.0000,4.0,0.250021,114.734529,900.000000,0.266576,0.766787,0.800151,0.083258,189.996990
239.2798,14.0000,4.0,0.249949,114.616245,900.000000,0.266886,0.766375,0.799635,0.083516,190.007302
239.3798,14.0000,4.0,0.250009,114.714689,900.000000,0.266628,0.766718,0.800064,0.083301,189.998719
239.4798,14.0000,4.0,0.249972,114.654885,900.000000,0.266785,0.766509,0.799803,0.083432,190.003933
239.5799,14.0000,4.0,0.249964,114.641276,900.000000,0.266820,0.766462,0.799744,0.083461,190.005120
239.6799,14.0000,4.0,0.249986,114.677182,900.000000,0.266726,0.766587,0.799901,0.083383,190.001989
239.7799,14.0000,4.0,0.249994,114.690121,900.000000,0.266693,0.766632,0.799957,0.083355,190.000861
239.8800,14.0000,4.0,0.249980,114.667085,900.000000,0.266753,0.766552,0.799857,0.083405,190.002870
239.9800,14.0000,4.0,0.250018,114.728739,900.000000,0.266591,0.766767,0.800125,0.083271,189.997494
240.0800,13.9920,3.0,0.249985,114.676189,900.000000,0.275062,0.749917,0.900000,0.100052,190.002076
240.1801,13.9820,3.0,0.250028,114.745677,900.000000,0.274881,0.750159,0.900000,0.099900,189.996018
240.2801,13.9720,3.0,0.250005,114.707898,900.000000,0.274979,0.750028,0.900000,0.099983,189.999311
240.3801,13.9620,3.0,0.249973,114.655144,900.000000,0.275117,0.749844,0.900000,0.100098,190.003911
240.4802,13.9520,3.0,0.249965,114.641931,900.000000,0.275152,0.749797,0.900000,0.100127,190.005063
240.5802,13.9420,3.0,0.249937,114.597094,900.000000,0.275269,0.749641,0.900000,0.100224,190.008972
240.6802,13.9320,3.0,0.249992,114.687294,900.000000,0.275033,0.749956,0.900000,0.100028,190.001108
240.7803,13.9220,3.0,0.249968,114.647375,900.000000,0.275138,0.749816,0.900000,0.100115,190.004588
240.8803,13.9120,3.0,0.249901,114.537913,900.000000,0.275424,0.749435,0.900000,0.100353,190.014131
240.9803,13.9020,3.0,0.249951,114.620237,900.000000,0.275209,0.749722,0.900000,0.100174,190.006954
241.0804,13.8920,3.0,0.249934,114.591566,900.000000,0.275284,0.749622,0.900000,0.100236,190.009454
241.1804,13.8820,3.0,0.250003,114.704102,900.000000,0.274989,0.750014,0.900000,0.099991,189.999642
241.2804,13.8720,3.0,0.249895,114.527995,900.000000,0.275450,0.749400,0.900000,0.100375,190.014996
241.3805,13.8620,3.0,0.249895,114.528011,900.000000,0.275450,0.749400,0.900000,0.100375,190.014995
241.4805,13.8520,3.0,0.249964,114.641659,900.000000,0.275153,0.749797,0.900000,0.100127,190.005086
241.5805,13.8419,3.0,0.249963,114.639231,900.000000,0.275159,0.749788,0.900000,0.100132,190.005298
241.6806,13.8319,3.0,0.249889,114.518535,900.000000,0.275475,0.749367,0.897752,0.100396,190.015821
241.7806,13.8219,3.0,0.249883,114.507742,900.000000,0.275503,0.749330,0.895271,0.100419,190.016762
241.8806,13.8119,3.0,0.249910,114.552901,900.000000,0.275385,0.749487,0.893094,0.100321,190.012825
241.9807,13.8019,3.0,0.249809,114.387668,900.000000,0.275817,0.748911,0.890059,0.100681,190.027230
242.0807,13.7919,3.0,0.249812,114.392098,900.000000,0.275805,0.748926,0.887820,0.100671,190.026844
242.1807,13.7819,3.0,0.249848,114.451467,900.000000,0.275650,0.749133,0.885877,0.100542,190.021668
242.2808,13.7719,3.0,0.249892,114.522565,900.000000,0.275464,0.749381,0.884039,0.100387,190.015469
242.3808,13.7619,3.0,0.249818,114.402082,900.000000,0.275779,0.748961,0.881419,0.100649,190.025974
242.4808,13.7519,3.0,0.249821,114.406953,900.000000,0.275766,0.748978,0.879398,0.100639,190.025549
242.5809,13.7419,3.0,0.249839,114.435884,900.000000,0.275691,0.749079,0.877531,0.100576,190.023027
242.6809,13.7319,3.0,0.249854,114.461086,900.000000,0.275625,0.749167,0.875698,0.100521,190.020830
242.7809,13.7219,3.0,0.249758,114.302714,900.000000,0.276039,0.748615,0.873112,0.100866,190.034637
242.8810,13.7119,3.0,0.249759,114.305808,900.000000,0.276031,0.748625,0.871277,0.100859,190.034367
242.9810,13.7019,3.0,0.249800,114.372133,900.000000,0.275858,0.748857,0.869763,0.100715,190.028585
243.0810,13.6919,3.0,0.249682,114.178595,900.000000,0.276364,0.748182,0.867161,0.101136,190.045458
243.1811,13.6819,3.0,0.249743,114.279064,900.000000,0.276101,0.748532,0.865884,0.100917,190.036699
243.2811,13.6719,3.0,0.249664,114.149062,900.000000,0.276441,0.748079,0.863645,0.101201,190.048033
243.3811,13.6619,3.0,0.249681,114.176716,900.000000,0.276369,0.748175,0.862134,0.101141,190.045622
243.4812,13.6519,3.0,0.249652,114.130406,900.000000,0.276490,0.748014,0.860342,0.101241,190.049659
243.5812,13.6419,3.0,0.249612,114.064919,900.000000,0.276661,0.747785,0.858504,0.101384,190.055369
243.6812,13.6319,3.0,0.249593,114.033295,900.000000,0.276744,0.747675,0.856853,0.101453,190.058126
243.7813,13.6219,3.0,0.249613,114.065255,900.000000,0.276660,0.747786,0.855517,0.101383,190.055340
243.8813,13.6119,3.0,0.249615,114.069559,900.000000,0.276649,0.747801,0.854096,0.101374,190.054964
243.9813,13.6019,3.0,0.249561,113.981015,900.000000,0.276881,0.747493,0.852306,0.101567,190.062684
244.0814,13.5919,3.0,0.249547,113.958105,900.000000,0.276940,0.747413,0.850837,0.101617,190.064681
244.1814,13.5819,3.0,0.249542,113.949642,900.000000,0.276963,0.747383,0.849464,0.101635,190.065419
244.2814,13.5719,3.0,0.249474,113.838381,900.000000,0.277254,0.746995,0.847677,0.101878,190.075119
244.3815,13.5619,3.0,0.249505,113.889227,900.000000,0.277121,0.747173,0.846628,0.101767,190.070686
244.4815,13.5519,3.0,0.249486,113.857900,900.000000,0.277203,0.747063,0.845253,0.101835,190.073418
244.5815,13.5418,3.0,0.249519,113.911221,900.000000,0.277063,0.747249,0.844277,0.101719,190.068769
244.6816,13.5318,3.0,0.249405,113.725765,900.000000,0.277548,0.746602,0.842290,0.102123,190.084938
244.7816,13.5218,3.0,0.249380,113.684628,900.000000,0.277656,0.746459,0.840961,0.102213,190.088524
244.8816,13.5118,3.0,0.249395,113.708380,900.000000,0.277594,0.746542,0.839944,0.102161,190.086453
244.9817,13.5018,3.0,0.249373,113.672733,900.000000,0.277687,0.746418,0.838695,0.102239,190.089561
245.0817,13.4918,3.0,0.249308,113.566321,900.000000,0.277965,0.746046,0.837165,0.102471,190.098839
245.1817,13.4818,3.0,0.249288,113.533674,900.000000,0.278051,0.745933,0.835983,0.102542,190.101685
245.2818,13.4718,3.0,0.249293,113.541112,900.000000,0.278031,0.745959,0.835001,0.102526,190.101036
245.3818,13.4618,3.0,0.249226,113.432372,900.000000,0.278316,0.745579,0.833538,0.102763,190.110517
245.4818,13.4518,3.0,0.249214,113.412399,900.000000,0.278368,0.745510,0.832486,0.102806,190.112258
245.5819,13.4418,3.0,0.249204,113.396066,900.000000,0.278410,0.745453,0.831474,0.102842,190.113682
245.6819,13.4318,3.0,0.249206,113.399536,900.000000,0.278401,0.745465,0.830571,0.102834,190.113380
245.7819,13.4218,3.0,0.249132,113.277160,900.000000,0.278721,0.745038,0.829142,0.103101,190.124049
245.8820,13.4118,3.0,0.249068,113.172426,900.000000,0.278995,0.744673,0.827813,0.103329,190.133180
245.9820,13.4018,3.0,0.249039,113.125382,900.000000,0.279118,0.744509,0.826756,0.103432,190.137281
246.0820,13.3918,3.0,0.249032,113.114425,900.000000,0.279147,0.744471,0.825878,0.103456,190.138237
246.1821,13.3818,3.0,0.249004,113.067444,900.000000,0.279270,0.744307,0.824864,0.103558,190.142333
246.2821,13.3718,3.0,0.249012,113.080608,900.000000,0.279236,0.744353,0.824131,0.103530,190.141185
246.3821,13.3618,3.0,0.248953,112.983666,900.000000,0.279489,0.744015,0.822938,0.103741,190.149637
246.4822,13.3518,3.0,0.248939,112.962284,900.000000,0.279545,0.743940,0.822094,0.103788,190.151501
246.5822,13.3418,3.0,0.248909,112.912575,900.000000,0.279675,0.743767,0.821144,0.103896,190.155835
246.6822,13.3318,3.0,0.248891,112.882664,900.000000,0.279753,0.743662,0.820299,0.103961,190.158443
246.7823,13.3218,3.0,0.248916,112.923783,900.000000,0.279646,0.743806,0.819781,0.103871,190.154858
246.8823,13.3118,3.0,0.248867,112.843287,900.000000,0.279856,0.743525,0.818751,0.104047,190.161876
246.9823,13.3018,3.0,0.248818,112.763096,900.000000,0.280066,0.743245,0.817738,0.104222,190.168867
247.0824,13.2918,3.0,0.248774,112.690912,900.000000,0.280255,0.742994,0.816777,0.104379,190.175160
247.1824,13.2818,3.0,0.248745,112.643556,900.000000,0.280379,0.742828,0.815940,0.104482,190.179289
247.2824,13.2718,3.0,0.248738,112.632443,900.000000,0.280408,0.742790,0.815276,0.104506,190.180258
247.3825,13.2618,3.0,0.248716,112.595693,900.000000,0.280504,0.742662,0.814516,0.104587,190.183462
247.4825,13.2518,3.0,0.248640,112.471127,900.000000,0.280830,0.742227,0.813388,0.104858,190.194322
247.5825,13.2417,3.0,0.248638,112.467956,900.000000,0.280838,0.742216,0.812804,0.104865,190.194598
247.6826,13.2317,3.0,0.248544,112.313779,900.000000,0.281241,0.741678,0.811575,0.105201,190.208040
247.7826,13.2217,3.0,0.248581,112.374785,900.000000,0.281082,0.741891,0.811298,0.105068,190.202721
247.8826,13.2117,3.0,0.248566,112.350760,900.000000,0.281144,0.741807,0.810664,0.105120,190.204816
247.9827,13.2017,3.0,0.248503,112.246723,900.000000,0.281417,0.741445,0.809694,0.105347,190.213886
248.0827,13.1917,3.0,0.248535,112.299251,900.000000,0.281279,0.741628,0.809420,0.105233,190.209307
248.1827,13.1817,3.0,0.248420,112.111690,900.000000,0.281770,0.740974,0.808111,0.105641,190.225659
248.2828,13.1717,3.0,0.248422,112.113585,900.000000,0.281765,0.740980,0.807640,0.105637,190.225494
248.3828,13.1617,3.0,0.248381,112.047521,900.000000,0.281938,0.740750,0.806885,0.105781,190.231254
248.4828,13.1517,3.0,0.248346,111.990540,900.000000,0.282087,0.740551,0.806181,0.105906,190.236221
248.5829,13.1417,3.0,0.248313,111.935729,900.000000,0.282230,0.740360,0.805498,0.106025,190.241000
248.6829,13.1317,3.0,0.248287,111.892342,900.000000,0.282343,0.740209,0.804875,0.106120,190.244783
248.7829,13.1217,3.0,0.248276,111.874582,900.000000,0.282390,0.740147,0.804375,0.106158,190.246331
248.8830,13.1117,3.0,0.248258,111.845929,900.000000,0.282465,0.740047,0.803838,0.106221,190.248829
248.9830,13.1017,3.0,0.248182,111.721453,900.000000,0.282790,0.739613,0.802893,0.106492,190.259682
249.0830,13.0917,3.0,0.248173,111.706523,900.000000,0.282829,0.739561,0.802436,0.106525,190.260983
249.1831,13.0817,3.0,0.248093,111.574534,900.000000,0.283175,0.739100,0.801478,0.106812,190.272491
249.2831,13.0717,3.0,0.248103,111.591462,900.000000,0.283130,0.739159,0.801179,0.106775,190.271015
249.3831,13.0617,3.0,0.248022,111.458288,900.000000,0.283479,0.738695,0.800235,0.107066,190.282625
249.4832,13.0517,3.0,0.248043,111.493829,900.000000,0.283386,0.738819,0.800035,0.106988,190.279527
249.5832,13.0417,3.0,0.248042,111.492425,900.000000,0.283389,0.738814,0.799683,0.106991,190.279649
249.6832,13.0317,3.0,0.247936,111.318080,900.000000,0.283845,0.738206,0.798585,0.107371,190.294849
249.7833,13.0217,3.0,0.247837,111.156544,900.000000,0.284268,0.737643,0.797552,0.107723,190.308933
249.8833,13.0117,3.0,0.247852,111.180455,900.000000,0.284205,0.737726,0.797335,0.107671,190.306848
249.9833,13.0017,3.0,0.247871,111.210845,900.000000,0.284126,0.737832,0.797154,0.107605,190.304198
250.0834,12.9917,3.0,0.247814,111.118005,900.000000,0.284369,0.737508,0.796444,0.107807,190.312292
250.1834,12.9817,3.0,0.247769,111.043609,900.000000,0.284563,0.737249,0.795822,0.107969,190.318779
250.2834,12.9717,3.0,0.247755,111.022124,900.000000,0.284620,0.737174,0.795438,0.108016,190.320652
250.3835,12.9617,3.0,0.247703,110.936160,900.000000,0.284844,0.736874,0.794780,0.108204,190.328146
250.4835,12.9517,3.0,0.247689,110.912792,900.000000,0.284906,0.736793,0.794402,0.108255,190.330184
250.5835,12.9416,3.0,0.247643,110.837571,900.000000,0.285102,0.736530,0.793804,0.108419,190.336742
250.6836,12.9316,3.0,0.247624,110.807109,900.000000,0.285182,0.736424,0.793409,0.108485,190.339398
250.7836,12.9216,3.0,0.247552,110.688120,900.000000,0.285493,0.736009,0.792634,0.108744,190.349772
250.8836,12.9116,3.0,0.247531,110.654335,900.000000,0.285582,0.735891,0.792236,0.108818,190.352717
250.9837,12.9016,3.0,0.247457,110.532348,900.000000,0.285901,0.735466,0.791461,0.109084,190.363352
251.0837,12.8916,3.0,0.247410,110.456005,900.000000,0.286100,0.735200,0.790890,0.109250,190.370008
251.1837,12.8816,3.0,0.247443,110.509537,900.000000,0.285960,0.735386,0.790892,0.109134,190.365341
251.2838,12.8716,3.0,0.247359,110.372878,900.000000,0.286318,0.734910,0.790070,0.109431,190.377256
251.3838,12.8616,3.0,0.247339,110.339933,900.000000,0.286404,0.734795,0.789705,0.109503,190.380128
251.4838,12.8516,3.0,0.247280,110.243252,900.000000,0.286657,0.734458,0.789069,0.109714,190.388557
251.5839,12.8416,3.0,0.247220,110.144874,900.000000,0.286914,0.734115,0.788430,0.109928,190.397134
251.6839,12.8316,3.0,0.247200,110.111645,900.000000,0.287001,0.733999,0.788081,0.110001,190.400031
251.7839,12.8216,3.0,0.247205,110.119555,900.000000,0.286980,0.734026,0.787915,0.109984,190.399341
251.8840,12.8116,3.0,0.247139,110.011945,900.000000,0.287262,0.733651,0.787252,0.110218,190.408723
251.9840,12.8016,3.0,0.247031,109.834807,900.000000,0.287725,0.733033,0.786290,0.110604,190.424167
252.0840,12.7916,3.0,0.247037,109.845589,900.000000,0.287697,0.733071,0.786151,0.110581,190.423227
252.1841,12.7816,3.0,0.247059,109.881212,900.000000,0.287604,0.733195,0.786126,0.110503,190.420121
252.2841,12.7716,3.0,0.246959,109.716932,900.000000,0.288033,0.732622,0.785234,0.110861,190.434444
252.3841,12.7616,3.0,0.246871,109.572905,900.000000,0.288410,0.732120,0.784434,0.111175,190.447000
252.4842,12.7516,3.0,0.246944,109.692672,900.000000,0.288097,0.732538,0.784789,0.110914,190.436559
252.5842,12.7416,3.0,0.246867,109.567016,900.000000,0.288425,0.732099,0.784078,0.111188,190.447514
252.6842,12.7316,3.0,0.246805,109.464063,900.000000,0.288695,0.731740,0.783469,0.111412,190.456490
252.7843,12.7216,3.0,0.246755,109.383452,900.000000,0.288906,0.731459,0.782963,0.111588,190.463518
252.8843,12.7116,3.0,0.246760,109.390394,900.000000,0.288887,0.731484,0.782841,0.111573,190.462912
252.9843,12.7016,3.0,0.246670,109.243228,900.000000,0.289272,0.730970,0.782052,0.111894,190.475743
253.0844,12.6916,3.0,0.246681,109.261591,900.000000,0.289224,0.731034,0.781988,0.111854,190.474142
253.1844,12.6816,3.0,0.246622,109.164942,900.000000,0.289477,0.730697,0.781426,0.112064,190.482568
253.2844,12.6716,3.0,0.246572,109.083524,900.000000,0.289690,0.730413,0.780934,0.112242,190.489667
253.3845,12.6616,3.0,0.246529,109.011831,900.000000,0.289878,0.730163,0.780487,0.112398,190.495917
253.4845,12.6516,3.0,0.246478,108.928882,900.000000,0.290094,0.729874,0.779995,0.112579,190.503149
253.5845,12.6415,3.0,0.246474,108.922800,900.000000,0.290110,0.729853,0.779841,0.112592,190.503679
253.6846,12.6315,3.0,0.246375,108.759952,900.000000,0.290536,0.729285,0.779007,0.112947,190.517877
253.7846,12.6215,3.0,0.246311,108.654641,900.000000,0.290812,0.728918,0.778427,0.113176,190.527058
253.8846,12.6115,3.0,0.246338,108.698797,900.000000,0.290696,0.729072,0.778502,0.113080,190.523209
253.9847,12.6015,3.0,0.246297,108.631795,900.000000,0.290872,0.728838,0.778095,0.113226,190.529050
254.0847,12.5915,3.0,0.246251,108.556227,900.000000,0.291069,0.728574,0.777653,0.113391,190.535638
254.1847,12.5815,3.0,0.246207,108.484409,900.000000,0.291257,0.728324,0.777230,0.113547,190.541900
254.2848,12.5715,3.0,0.246143,108.379632,900.000000,0.291531,0.727959,0.776667,0.113776,190.551035
254.3848,12.5615,3.0,0.246135,108.366499,900.000000,0.291565,0.727913,0.776505,0.113804,190.552180
254.4848,12.5515,3.0,0.246067,108.256144,900.000000,0.291854,0.727528,0.775923,0.114045,190.561801
254.5849,12.5415,3.0,0.246012,108.165199,900.000000,0.292092,0.727211,0.775427,0.114243,190.569730
254.6849,12.5315,3.0,0.245975,108.104928,900.000000,0.292250,0.727001,0.775068,0.114375,190.574984
254.7849,12.5215,3.0,0.246004,108.152362,900.000000,0.292125,0.727166,0.775180,0.114271,190.570849
254.8850,12.5115,3.0,0.245847,107.895228,900.000000,0.292798,0.726269,0.773967,0.114832,190.593267
254.9850,12.5015,3.0,0.245873,107.937456,900.000000,0.292688,0.726417,0.774062,0.114740,190.589585
255.0850,12.4915,3.0,0.245764,107.758845,900.000000,0.293155,0.725794,0.769742,0.115129,190.605157
255.1851,12.4815,3.0,0.245769,107.767570,900.000000,0.293132,0.725824,0.769780,0.115110,190.604397
255.2851,12.4715,3.0,0.245717,107.681329,900.000000,0.293357,0.725523,0.769404,0.115298,190.611916
255.3851,12.4615,3.0,0.245623,107.528637,900.000000,0.293757,0.724991,0.768739,0.115631,190.625228
255.4852,12.4515,3.0,0.245656,107.582071,900.000000,0.293617,0.725177,0.768972,0.115514,190.620569
255.5852,12.4415,3.0,0.245590,107.473202,900.000000,0.293902,0.724798,0.768497,0.115752,190.630061
255.6852,12.4315,3.0,0.245494,107.316684,900.000000,0.294311,0.724252,0.767815,0.116093,190.643707
255.7853,12.4215,3.0,0.245541,107.392921,900.000000,0.294112,0.724518,0.768147,0.115927,190.637060
255.8853,12.4115,3.0,0.245516,107.351850,900.000000,0.294219,0.724374,0.767968,0.116016,190.640641
255.9853,12.4015,3.0,0.245474,107.283624,900.000000,0.294398,0.724136,0.767671,0.116165,190.646589
256.0854,12.3915,3.0,0.245396,107.155947,900.000000,0.294732,0.723691,0.767114,0.116443,190.657720
256.1854,12.3815,3.0,0.245343,107.069047,900.000000,0.294959,0.723388,0.766735,0.116632,190.665297
256.2854,12.3715,3.0,0.245338,107.061764,900.000000,0.294978,0.723363,0.766703,0.116648,190.665932
256.3855,12.3615,3.0,0.245306,107.007955,900.000000,0.295119,0.723175,0.766469,0.116766,190.670623
256.4855,12.3515,3.0,0.245245,106.908863,900.000000,0.295378,0.722830,0.766037,0.116982,190.679262
256.5855,12.3414,3.0,0.245138,106.733328,900.000000,0.295837,0.722217,0.765272,0.117364,190.694566
256.6856,12.3314,3.0,0.245129,106.718565,900.000000,0.295876,0.722166,0.765207,0.117396,190.695853
256.7856,12.3214,3.0,0.245092,106.658441,900.000000,0.296033,0.721956,0.764945,0.117527,190.701095
256.8856,12.3114,3.0,0.244980,106.473827,900.000000,0.296516,0.721312,0.764140,0.117930,190.717190
256.9857,12.3014,3.0,0.245005,106.515497,900.000000,0.296407,0.721458,0.764322,0.117839,190.713557
257.0857,12.2914,3.0,0.245016,106.533278,900.000000,0.296360,0.721520,0.764400,0.117800,190.712007
257.1857,12.2814,3.0,0.244922,106.379106,900.000000,0.296763,0.720982,0.763728,0.118136,190.725449
257.2858,12.2714,3.0,0.244903,106.348142,900.000000,0.296844,0.720874,0.763593,0.118204,190.728148
257.3858,12.2614,3.0,0.244819,106.210862,900.000000,0.297203,0.720395,0.762994,0.118503,190.740117
257.4858,12.2514,3.0,0.244767,106.125186,900.000000,0.297428,0.720097,0.762621,0.118690,190.747586
257.5859,12.2414,3.0,0.244736,106.074928,900.000000,0.297559,0.719921,0.762402,0.118799,190.751968
257.6859,12.2314,3.0,0.244655,105.941978,900.000000,0.297907,0.719458,0.761822,0.119089,190.763559
257.7859,12.2214,3.0,0.244606,105.861374,900.000000,0.298118,0.719177,0.761471,0.119265,190.770586
257.8860,12.2114,3.0,0.244629,105.899563,900.000000,0.298018,0.719310,0.761637,0.119181,190.767257
257.9860,12.2014,3.0,0.244588,105.831441,900.000000,0.298196,0.719072,0.761340,0.119330,190.773196
258.0860,12.1914,3.0,0.244471,105.639739,900.000000,0.298697,0.718404,0.760505,0.119748,190.789909
258.1861,12.1814,3.0,0.244485,105.664059,900.000000,0.298634,0.718488,0.760611,0.119695,190.787789
258.2861,12.1714,3.0,0.244408,105.537571,900.000000,0.298965,0.718047,0.760059,0.119970,190.798817
258.3861,12.1614,3.0,0.244376,105.485067,900.000000,0.299102,0.717864,0.759830,0.120085,190.803394
258.4862,12.1514,3.0,0.244335,105.417144,900.000000,0.299279,0.717627,0.759534,0.120233,190.809316
258.5862,12.1414,3.0,0.244306,105.369807,900.000000,0.299403,0.717462,0.759328,0.120336,190.813443
258.6862,12.1314,3.0,0.244233,105.250082,900.000000,0.299716,0.717045,0.758806,0.120597,190.823881
258.7863,12.1214,3.0,0.244228,105.242214,900.000000,0.299737,0.717017,0.758772,0.120614,190.824567
258.8863,12.1114,3.0,0.244149,105.112840,900.000000,0.300075,0.716566,0.758208,0.120896,190.835847
258.9863,12.1014,3.0,0.244113,105.054146,900.000000,0.300229,0.716361,0.757952,0.121024,190.840964
259.0864,12.0914,3.0,0.244023,104.906747,900.000000,0.300614,0.715847,0.757309,0.121345,190.853815
259.1864,12.0814,3.0,0.244069,104.981724,900.000000,0.300418,0.716109,0.757636,0.121182,190.847278
259.2864,12.0714,3.0,0.243972,104.822571,900.000000,0.300835,0.715554,0.756942,0.121529,190.861153
259.3865,12.0614,3.0,0.243934,104.759928,900.000000,0.300998,0.715335,0.756669,0.121665,190.866615
259.4865,12.0514,3.0,0.243817,104.568978,900.000000,0.301498,0.714669,0.755837,0.122082,190.883263
259.5865,12.0413,3.0,0.243795,104.533273,900.000000,0.301591,0.714545,0.755681,0.122159,190.886376
259.6866,12.0313,3.0,0.243812,104.561236,900.000000,0.301518,0.714642,0.755803,0.122098,190.883938
259.7866,12.0213,3.0,0.243738,104.438533,900.000000,0.301839,0.714215,0.755268,0.122366,190.894635
259.8866,12.0113,3.0,0.243624,104.253262,900.000000,0.302324,0.713568,0.754461,0.122770,190.910788
259.9867,12.0013,3.0,0.243669,104.325544,900.000000,0.302135,0.713821,0.754776,0.122612,190.904486
260.0867,11.9913,3.0,0.243574,104.171035,900.000000,0.302539,0.713282,0.754102,0.122949,190.917957
260.1867,11.9813,3.0,0.243588,104.193303,900.000000,0.302480,0.713359,0.754199,0.122900,190.916015
260.2868,11.9713,3.0,0.243496,104.042778,900.000000,0.302874,0.712834,0.753543,0.123228,190.929139
260.3868,11.9613,3.0,0.243459,103.981758,900.000000,0.303034,0.712622,0.753277,0.123361,190.934459
260.4868,11.9513,3.0,0.243442,103.954744,900.000000,0.303104,0.712527,0.753159,0.123420,190.936814
260.5869,11.9413,3.0,0.243333,103.775117,900.000000,0.303574,0.711901,0.752376,0.123812,190.952475
260.6869,11.9313,3.0,0.243283,103.694468,900.000000,0.303785,0.711620,0.752025,0.123988,190.959506
260.7869,11.9213,3.0,0.243261,103.658329,900.000000,0.303880,0.711494,0.751867,0.124066,190.962657
260.8870,11.9113,3.0,0.243246,103.633480,900.000000,0.303945,0.711407,0.751759,0.124121,190.964823
260.9870,11.9013,3.0,0.243134,103.449471,900.000000,0.304426,0.710765,0.750957,0.124522,190.980866
261.0870,11.8913,3.0,0.243077,103.356434,900.000000,0.304669,0.710441,0.750551,0.124724,190.988977
261.1871,11.8813,3.0,0.243107,103.404770,900.000000,0.304543,0.710609,0.750762,0.124619,190.984763
261.2871,11.8713,3.0,0.243017,103.257113,900.000000,0.304929,0.710095,0.750118,0.124941,190.997636
261.3871,11.8613,3.0,0.242976,103.191257,900.000000,0.305101,0.709865,0.749831,0.125084,191.003378
261.4872,11.8513,3.0,0.242885,103.041565,900.000000,0.305493,0.709343,0.749179,0.125411,191.016429
261.5872,11.8413,3.0,0.242874,103.023925,900.000000,0.305539,0.709281,0.749102,0.125449,191.017966
261.6872,11.8313,3.0,0.242848,102.980896,900.000000,0.305652,0.709131,0.748914,0.125543,191.021718
261.7873,11.8213,3.0,0.242830,102.951127,900.000000,0.305729,0.709027,0.748784,0.125608,191.024313
261.8873,11.8113,3.0,0.242731,102.789314,900.000000,0.306153,0.708463,0.748079,0.125961,191.038421
261.9873,11.8013,3.0,0.242758,102.833946,900.000000,0.306036,0.708619,0.748274,0.125863,191.034530
262.0874,11.7913,3.0,0.242640,102.639987,900.000000,0.306543,0.707942,0.747428,0.126286,191.051440
262.1874,11.7813,3.0,0.242593,102.563134,900.000000,0.306744,0.707674,0.747093,0.126453,191.058140
262.2874,11.7713,3.0,0.242614,102.597168,900.000000,0.306655,0.707793,0.747241,0.126379,191.055173
262.3875,11.7613,3.0,0.242526,102.453822,900.000000,0.307030,0.707293,0.746616,0.126692,191.067670
262.4875,11.7513,3.0,0.242456,102.338535,900.000000,0.307332,0.706891,0.746114,0.126943,191.077721
262.5875,11.7412,3.0,0.242421,102.281207,900.000000,0.307482,0.706691,0.745864,0.127068,191.082720
262.6876,11.7312,3.0,0.242420,102.279385,900.000000,0.307486,0.706685,0.745856,0.127072,191.082878
262.7876,11.7212,3.0,0.242376,102.207749,900.000000,0.307674,0.706435,0.745544,0.127228,191.089124
262.8876,11.7112,3.0,0.242259,102.016249,900.000000,0.308175,0.705767,0.744709,0.127645,191.105820
262.9877,11.7012,3.0,0.242236,101.977560,900.000000,0.308276,0.705632,0.744540,0.127730,191.109193
263.0877,11.6912,3.0,0.242192,101.906725,900.000000,0.308461,0.705385,0.744232,0.127884,191.115368
263.1877,11.6812,3.0,0.242112,101.775384,900.000000,0.308805,0.704927,0.743659,0.128170,191.126819
263.2878,11.6712,3.0,0.242093,101.744336,900.000000,0.308886,0.704819,0.743524,0.128238,191.129526
263.3878,11.6612,3.0,0.242048,101.669755,900.000000,0.309081,0.704559,0.743199,0.128401,191.136028
263.4878,11.6512,3.0,0.242035,101.648814,900.000000,0.309136,0.704486,0.743107,0.128446,191.137854
263.5879,11.6412,3.0,0.241990,101.574437,900.000000,0.309330,0.704226,0.742783,0.128608,191.144339
263.6879,11.6312,3.0,0.241895,101.419814,900.000000,0.309735,0.703687,0.742109,0.128945,191.157819
263.7879,11.6212,3.0,0.241851,101.347733,900.000000,0.309923,0.703436,0.741795,0.129103,191.164103
263.8880,11.6112,3.0,0.241831,101.313751,900.000000,0.310012,0.703317,0.741647,0.129177,191.167066
263.9880,11.6012,3.0,0.241745,101.173331,899.822028,0.310379,0.702828,0.741035,0.129483,191.179309
264.0880,11.5912,3.0,0.241733,101.154027,899.434849,0.310430,0.702760,0.740950,0.129525,191.180992
264.1881,11.5812,3.0,0.241665,101.042155,897.192996,0.310722,0.702370,0.740463,0.129769,191.190745
264.2881,11.5712,3.0,0.241590,100.919986,894.748609,0.311042,0.701944,0.739930,0.130035,191.201396
264.3881,11.5612,3.0,0.241543,100.842472,893.199735,0.311245,0.701674,0.739592,0.130204,191.208154
264.4882,11.5512,3.0,0.241569,100.884477,894.038868,0.311135,0.701820,0.739775,0.130112,191.204492
264.5882,11.5412,3.0,0.241472,100.726066,890.876718,0.311549,0.701268,0.739085,0.130458,191.218303
264.6882,11.5312,3.0,0.241479,100.737621,891.107154,0.311519,0.701308,0.739135,0.130432,191.217295
264.7883,11.5212,3.0,0.241365,100.551592,887.401625,0.312005,0.700659,0.738324,0.130838,191.233514
264.8883,11.5112,3.0,0.241342,100.513459,886.643187,0.312105,0.700526,0.738158,0.130921,191.236839
264.9883,11.5012,3.0,0.241358,100.540113,887.173277,0.312035,0.700619,0.738274,0.130863,191.234515
265.0884,11.4912,3.0,0.241205,100.289146,882.189524,0.312692,0.699744,0.737180,0.131410,191.256395
265.1884,11.4812,3.0,0.241132,100.168617,879.801958,0.313007,0.699324,0.736655,0.131673,191.266903
265.2884,11.4712,3.0,0.241181,100.249286,881.399523,0.312796,0.699605,0.737006,0.131497,191.259870
265.3885,11.4612,3.0,0.241068,100.065023,877.752934,0.313278,0.698963,0.736203,0.131898,191.275935
265.4885,11.4512,3.0,0.241045,100.026693,876.995504,0.313378,0.698829,0.736036,0.131982,191.279277
265.5885,11.4411,3.0,0.240980,99.919756,874.884397,0.313658,0.698456,0.735570,0.132215,191.288600
265.6886,11.4311,3.0,0.240958,99.883742,874.174110,0.313752,0.698330,0.735413,0.132294,191.291740
265.7886,11.4211,3.0,0.240873,99.744049,871.422227,0.314118,0.697843,0.734804,0.132598,191.303919
265.8886,11.4111,3.0,0.240848,99.703780,870.629915,0.314223,0.697703,0.734629,0.132686,191.307430
265.9887,11.4011,3.0,0.240819,99.656430,869.698816,0.314347,0.697538,0.734422,0.132789,191.311558
266.0887,11.3911,3.0,0.240726,99.504647,866.718111,0.314744,0.697008,0.733760,0.133120,191.324791
266.1887,11.3811,3.0,0.240688,99.441143,865.472823,0.314910,0.696787,0.733484,0.133258,191.330328
266.2888,11.3711,3.0,0.240650,99.379825,864.271406,0.315070,0.696573,0.733216,0.133392,191.335673
266.3888,11.3611,3.0,0.240569,99.246763,861.667697,0.315418,0.696109,0.732636,0.133682,191.347274
266.4888,11.3511,3.0,0.240552,99.218048,861.106422,0.315493,0.696009,0.732511,0.133744,191.349778
266.5889,11.3411,3.0,0.240520,99.166051,860.090633,0.315629,0.695828,0.732284,0.133858,191.354311
266.6889,11.3311,3.0,0.240456,99.061033,858.041204,0.315904,0.695461,0.731827,0.134087,191.363467
266.7889,11.3211,3.0,0.240411,98.988305,856.623619,0.316094,0.695208,0.731510,0.134245,191.369808
266.8890,11.3111,3.0,0.240371,98.921707,855.326733,0.316268,0.694975,0.731219,0.134390,191.375614
266.9890,11.3011,3.0,0.240303,98.810709,853.167806,0.316559,0.694588,0.730735,0.134632,191.385291
267.0890,11.2911,3.0,0.240296,98.798808,852.936533,0.316590,0.694547,0.730684,0.134658,191.386329
267.1891,11.2811,3.0,0.240270,98.756779,852.120042,0.316700,0.694400,0.730500,0.134750,191.389993
267.2891,11.2711,3.0,0.240164,98.582453,848.738381,0.317156,0.693792,0.729740,0.135130,191.405192
267.3891,11.2611,3.0,0.240144,98.550591,848.121159,0.317239,0.693681,0.729602,0.135199,191.407969
267.4892,11.2511,3.0,0.240074,98.434976,845.883768,0.317541,0.693278,0.729098,0.135451,191.418049
267.5892,11.2411,3.0,0.240044,98.385825,844.933651,0.317670,0.693107,0.728883,0.135558,191.422334
267.6892,11.2311,3.0,0.240032,98.366401,844.558357,0.317721,0.693039,0.728799,0.135601,191.424028
267.7893,11.2211,3.0,0.239951,98.234076,842.004249,0.318067,0.692577,0.728222,0.135889,191.435564
267.8893,11.2111,3.0,0.239833,98.040471,838.275614,0.318573,0.691902,0.727378,0.136311,191.452444
267.9893,11.2011,3.0,0.239852,98.072310,838.888129,0.318490,0.692013,0.727517,0.136242,191.449668
268.0894,11.1911,3.0,0.239828,98.031692,838.106763,0.318596,0.691872,0.727340,0.136330,191.453209
268.1894,11.1811,3.0,0.239735,97.879377,835.180567,0.318995,0.691340,0.726676,0.136662,191.466489
268.2894,11.1711,3.0,0.239723,97.860617,834.820583,0.319044,0.691275,0.726594,0.136703,191.468124
268.3895,11.1611,3.0,0.239623,97.696679,831.678661,0.319473,0.690703,0.725879,0.137060,191.482417
268.4895,11.1511,3.0,0.239550,97.577229,829.393773,0.319785,0.690287,0.725358,0.137321,191.492831
268.5895,11.1410,3.0,0.239551,97.578856,829.424881,0.319781,0.690292,0.725366,0.137317,191.492689
268.6896,11.1310,3.0,0.239445,97.404238,826.091351,0.320237,0.689683,0.724604,0.137698,191.507913
268.7896,11.1210,3.0,0.239442,97.400310,826.016448,0.320248,0.689670,0.724587,0.137706,191.508255
268.8896,11.1110,3.0,0.239440,97.396849,825.950471,0.320257,0.689658,0.724572,0.137714,191.508557
268.9897,11.1010,3.0,0.239294,97.157201,821.388884,0.320884,0.688822,0.723527,0.138236,191.529451
269.0897,11.0910,3.0,0.239264,97.108869,820.470729,0.321010,0.688653,0.723317,0.138342,191.533664
269.1897,11.0810,3.0,0.239223,97.041371,819.189485,0.321186,0.688418,0.723023,0.138489,191.539549
269.2898,11.0710,3.0,0.239204,97.009909,818.592685,0.321269,0.688308,0.722885,0.138557,191.542292
269.3898,11.0610,3.0,0.239146,96.914866,816.791373,0.321517,0.687977,0.722471,0.138764,191.550578
269.4898,11.0510,3.0,0.239151,96.923161,816.948475,0.321496,0.688006,0.722507,0.138746,191.549855
269.5899,11.0410,3.0,0.239089,96.820948,815.013672,0.321763,0.687649,0.722062,0.138969,191.558767
269.6899,11.0310,3.0,0.239026,96.717995,813.067620,0.322032,0.687290,0.721613,0.139194,191.567742
269.7899,11.0210,3.0,0.238966,96.620490,811.227072,0.322287,0.686950,0.721188,0.139406,191.576243
269.8900,11.0110,3.0,0.238925,96.552823,809.951209,0.322464,0.686714,0.720893,0.139554,191.582143
269.9900,11.0010,3.0,0.238838,96.409992,807.262019,0.322838,0.686216,0.720270,0.139865,191.594595
270.0900,10.9910,3.0,0.238841,96.415857,807.372342,0.322823,0.686237,0.720296,0.139852,191.594084
270.1901,10.9810,3.0,0.238732,96.237276,804.017250,0.323290,0.685614,0.719517,0.140241,191.609653
270.2901,10.9710,3.0,0.238743,96.254507,804.340605,0.323245,0.685674,0.719592,0.140204,191.608151
270.3901,10.9610,3.0,0.238705,96.191882,803.165709,0.323408,0.685456,0.719319,0.140340,191.613611
270.4902,10.9510,3.0,0.238626,96.062932,800.749710,0.323746,0.685006,0.718757,0.140621,191.624853
270.5902,10.9410,3.0,0.238565,95.963370,798.887266,0.324006,0.684659,0.718323,0.140838,191.633534
270.6902,10.9310,3.0,0.238534,95.911966,797.926692,0.324140,0.684479,0.718099,0.140950,191.638015
270.7903,10.9210,3.0,0.238385,95.668623,793.388648,0.324777,0.683631,0.717038,0.141481,191.659231
270.8903,10.9110,3.0,0.238433,95.746540,794.840021,0.324573,0.683902,0.717378,0.141311,191.652438
270.9903,10.9010,3.0,0.238371,95.645465,792.957571,0.324837,0.683550,0.716938,0.141531,191.661250
271.0904,10.8910,3.0,0.238324,95.568287,791.521949,0.325039,0.683281,0.716601,0.141699,191.667978
271.1904,10.8810,3.0,0.238298,95.525810,790.732473,0.325150,0.683133,0.716416,0.141792,191.671682
271.2904,10.8710,3.0,0.238225,95.406389,788.515427,0.325463,0.682716,0.715895,0.142052,191.682093
271.3905,10.8610,3.0,0.238144,95.272742,786.038622,0.325812,0.682250,0.715313,0.142344,191.693745
271.4905,10.8510,3.0,0.238125,95.242287,785.474863,0.325892,0.682144,0.715180,0.142410,191.696400
271.5905,10.8409,3.0,0.238082,95.172320,784.180596,0.326075,0.681900,0.714875,0.142563,191.702500
271.6906,10.8309,3.0,0.238035,95.094255,782.738014,0.326279,0.681628,0.714535,0.142733,191.709306
271.7906,10.8209,3.0,0.237987,95.016152,781.296288,0.326483,0.681355,0.714194,0.142903,191.716116
271.8906,10.8109,3.0,0.237965,94.979553,780.621238,0.326579,0.681228,0.714035,0.142983,191.719307
271.9907,10.8009,3.0,0.237851,94.792792,777.181925,0.327068,0.680576,0.713221,0.143390,191.735589
272.0907,10.7909,3.0,0.237840,94.775370,776.861547,0.327113,0.680516,0.713145,0.143428,191.737108
272.1907,10.7809,3.0,0.237825,94.750555,776.405345,0.327178,0.680429,0.713036,0.143482,191.739272
272.2908,10.7709,3.0,0.237684,94.518783,772.152109,0.327784,0.679621,0.712026,0.143987,191.759478
272.3908,10.7609,3.0,0.237693,94.533934,772.429717,0.327745,0.679674,0.712092,0.143954,191.758157
272.4908,10.7509,3.0,0.237620,94.415103,770.253940,0.328056,0.679259,0.711574,0.144213,191.768518
272.5909,10.7409,3.0,0.237578,94.345240,768.976443,0.328238,0.679016,0.711270,0.144365,191.774609
272.6909,10.7309,3.0,0.237512,94.237921,767.016491,0.328519,0.678641,0.710802,0.144599,191.783965
272.7909,10.7209,3.0,0.237485,94.194053,766.216187,0.328634,0.678488,0.710611,0.144695,191.787790
272.8910,10.7109,3.0,0.237498,94.213946,766.579046,0.328582,0.678558,0.710697,0.144651,191.786055
272.9910,10.7009,3.0,0.237354,93.977998,762.281782,0.329199,0.677735,0.709669,0.145166,191.806626
273.0910,10.6909,3.0,0.237307,93.902059,760.901760,0.329397,0.677470,0.709338,0.145331,191.813247
273.1911,10.6809,3.0,0.237254,93.814748,759.316880,0.329626,0.677166,0.708957,0.145521,191.820859
273.2911,10.6709,3.0,0.237297,93.885504,760.601092,0.329441,0.677412,0.709265,0.145367,191.814690
273.3911,10.6609,3.0,0.237181,93.695289,757.151631,0.329938,0.676749,0.708436,0.145782,191.831274
273.4912,10.6509,3.0,0.237145,93.636381,756.085250,0.330092,0.676544,0.708180,0.145910,191.836410
273.5912,10.6409,3.0,0.237084,93.536767,754.283973,0.330353,0.676196,0.707745,0.146127,191.845094
273.6912,10.6309,3.0,0.237019,93.428912,752.336559,0.330635,0.675820,0.707275,0.146362,191.854498
273.7913,10.6209,3.0,0.236991,93.383588,751.519083,0.330753,0.675662,0.707078,0.146461,191.858449
273.8913,10.6109,3.0,0.237024,93.437456,752.490721,0.330613,0.675850,0.707312,0.146344,191.853753
273.9913,10.6009,3.0,0.236942,93.303331,750.072819,0.330963,0.675382,0.706728,0.146636,191.865446
274.0914,10.5909,3.0,0.236824,93.110250,746.600162,0.331468,0.674709,0.705886,0.147057,191.882280
274.1914,10.5809,3.0,0.236820,93.104431,746.495650,0.331484,0.674689,0.705861,0.147070,191.882787
274.2914,10.5709,3.0,0.236726,92.949618,743.718350,0.331889,0.674149,0.705186,0.147407,191.896284
274.3915,10.5609,3.0,0.236648,92.821503,741.424633,0.332224,0.673702,0.704627,0.147686,191.907454
274.4915,10.5509,3.0,0.236684,92.880411,742.478783,0.332070,0.673907,0.704884,0.147558,191.902318
274.5915,10.5408,3.0,0.236639,92.806541,741.157030,0.332263,0.673650,0.704562,0.147719,191.908758
274.6916,10.5308,3.0,0.236586,92.719926,739.609013,0.332489,0.673348,0.704185,0.147908,191.916310
274.7916,10.5208,3.0,0.236490,92.563205,736.812860,0.332899,0.672801,0.703501,0.148249,191.929973
274.8916,10.5108,3.0,0.236450,92.497421,735.641033,0.333071,0.672572,0.703215,0.148393,191.935709
274.9917,10.5008,3.0,0.236429,92.462297,735.015809,0.333163,0.672449,0.703061,0.148469,191.938771
275.0917,10.4908,3.0,0.236368,92.363420,733.257433,0.333422,0.672104,0.702630,0.148685,191.947391
275.1917,10.4808,3.0,0.236295,92.243187,731.122626,0.333736,0.671685,0.702106,0.148947,191.957874
275.2918,10.4708,3.0,0.236208,92.100927,728.601447,0.334108,0.671189,0.701486,0.149257,191.970277
275.3918,10.4608,3.0,0.236212,92.106574,728.701426,0.334094,0.671209,0.701511,0.149245,191.969784
275.4918,10.4508,3.0,0.236192,92.073818,728.121600,0.334179,0.671094,0.701368,0.149316,191.972640
275.5919,10.4408,3.0,0.236073,91.878964,724.677998,0.334689,0.670415,0.700519,0.149741,191.989628
275.6919,10.4308,3.0,0.236079,91.889746,724.868286,0.334661,0.670452,0.700566,0.149717,191.988688
275.7919,10.4208,3.0,0.236020,91.793338,723.167784,0.334913,0.670116,0.700145,0.149927,191.997093
275.8920,10.4108,3.0,0.235984,91.733209,722.108397,0.335070,0.669907,0.699883,0.150058,192.002336
275.9920,10.4008,3.0,0.235938,91.658231,720.788651,0.335266,0.669645,0.699556,0.150222,192.008873
276.0920,10.3908,3.0,0.235841,91.498828,717.987618,0.335683,0.669089,0.698861,0.150569,192.022770
276.1921,10.3808,3.0,0.235763,91.371611,715.756774,0.336016,0.668646,0.698307,0.150847,192.033861
276.2921,10.3708,3.0,0.235747,91.344680,715.285046,0.336086,0.668552,0.698190,0.150905,192.036209
276.3921,10.3608,3.0,0.235740,91.334699,715.110261,0.336112,0.668517,0.698146,0.150927,192.037079
276.4922,10.3508,3.0,0.235647,91.182019,712.439707,0.336512,0.667984,0.697480,0.151260,192.050391
276.5922,10.3408,3.0,0.235593,91.093282,710.890312,0.336744,0.667675,0.697094,0.151453,192.058127
276.6922,10.3308,3.0,0.235509,90.955772,708.493219,0.337103,0.667195,0.696494,0.151753,192.070116
276.7923,10.3208,3.0,0.235569,91.053318,710.193148,0.336848,0.667536,0.696919,0.151540,192.061611
276.8923,10.3108,3.0,0.235491,90.925806,707.971474,0.337182,0.667091,0.696364,0.151818,192.072728
276.9923,10.3008,3.0,0.235440,90.841841,706.510753,0.337401,0.666798,0.695998,0.152001,192.080049
277.0924,10.2908,3.0,0.235396,90.770548,705.271886,0.337588,0.666549,0.695687,0.152157,192.086264
277.1924,10.2808,3.0,0.235335,90.669803,703.523410,0.337851,0.666198,0.695248,0.152376,192.095048
277.2924,10.2708,3.0,0.235260,90.547547,701.405039,0.338171,0.665772,0.694715,0.152643,192.105706
277.3925,10.2608,3.0,0.235213,90.470362,700.069562,0.338373,0.665503,0.694378,0.152811,192.112436
277.4925,10.2508,3.0,0.235155,90.375950,698.438045,0.338620,0.665173,0.693967,0.153017,192.120667
277.5925,10.2407,3.0,0.235199,90.447834,699.680049,0.338432,0.665424,0.694280,0.152860,192.114400
277.6926,10.2307,3.0,0.235086,90.262652,696.483122,0.338916,0.664778,0.693473,0.153264,192.130545
277.7926,10.2207,3.0,0.235005,90.130417,694.205524,0.339262,0.664317,0.692896,0.153552,192.142074
277.8926,10.2107,3.0,0.234984,90.095623,693.606976,0.339353,0.664196,0.692745,0.153628,192.145107
277.9927,10.2007,3.0,0.234890,89.940538,690.942754,0.339759,0.663655,0.692069,0.153966,192.158628
278.0927,10.1907,3.0,0.234917,89.985031,691.706488,0.339642,0.663810,0.692263,0.153869,192.154749
278.1927,10.1807,3.0,0.234801,89.795468,688.456046,0.340138,0.663149,0.691436,0.154282,192.171276
278.2928,10.1707,3.0,0.234787,89.772283,688.059113,0.340199,0.663068,0.691335,0.154332,192.173297
278.3928,10.1607,3.0,0.234755,89.719227,687.151276,0.340338,0.662883,0.691104,0.154448,192.177923
278.4928,10.1507,3.0,0.234684,89.603858,685.179640,0.340639,0.662481,0.690601,0.154700,192.187981
278.5929,10.1407,3.0,0.234626,89.508026,683.544426,0.340890,0.662147,0.690183,0.154908,192.196336
278.6929,10.1307,3.0,0.234573,89.422517,682.087306,0.341114,0.661848,0.689810,0.155095,192.203791
278.7929,10.1207,3.0,0.234522,89.337822,680.645847,0.341335,0.661553,0.689441,0.155279,192.211175
278.8930,10.1107,3.0,0.234456,89.230468,678.821330,0.341616,0.661179,0.688973,0.155513,192.220535
278.9930,10.1007,3.0,0.234410,89.155481,677.548592,0.341812,0.660917,0.688646,0.155677,192.227072
279.0930,10.0907,3.0,0.234420,89.170578,677.804725,0.341773,0.660970,0.688712,0.155644,192.225756
279.1931,10.0807,3.0,0.234322,89.009808,675.080163,0.342193,0.660409,0.688011,0.155994,192.239773
279.2931,10.0707,3.0,0.234251,88.894574,673.131264,0.342495,0.660007,0.687509,0.156245,192.249819
279.3931,10.0607,3.0,0.234210,88.826671,671.984396,0.342672,0.659770,0.687213,0.156393,192.255739
279.4932,10.0507,3.0,0.234209,88.826119,671.975076,0.342674,0.659769,0.687211,0.156395,192.255787
279.5932,10.0407,3.0,0.234147,88.723488,670.243865,0.342942,0.659411,0.686763,0.156618,192.264735
279.6932,10.0307,3.0,0.234094,88.636324,668.775621,0.343170,0.659107,0.686383,0.156808,192.272334
279.7933,10.0207,3.0,0.234019,88.514025,666.718718,0.343490,0.658680,0.685850,0.157075,192.282997
279.8933,10.0107,3.0,0.233995,88.474156,666.048975,0.343594,0.658541,0.685676,0.157162,192.286473
279.9933,10.0007,3.0,0.233908,88.331889,663.662340,0.343966,0.658045,0.685056,0.157472,192.298876
280.0934,9.9907,3.0,0.233870,88.269660,662.619970,0.344129,0.657828,0.684785,0.157608,192.304302
280.1934,9.9807,3.0,0.233858,88.249697,662.285791,0.344181,0.657758,0.684698,0.157651,192.306042
280.2934,9.9707,3.0,0.233805,88.163481,660.843649,0.344407,0.657458,0.684322,0.157839,192.313559
280.3935,9.9607,3.0,0.233699,87.989225,657.934505,0.344863,0.656850,0.683562,0.158219,192.328751
280.4935,9.9507,3.0,0.233653,87.914091,656.682496,0.345059,0.656588,0.683235,0.158383,192.335302
280.5935,9.9406,3.0,0.233633,87.880843,656.128911,0.345146,0.656472,0.683090,0.158455,192.338200
280.6936,9.9306,3.0,0.233632,87.880249,656.119024,0.345148,0.656470,0.683087,0.158456,192.338252
280.7936,9.9206,3.0,0.233471,87.616693,651.740467,0.345837,0.655551,0.681939,0.159031,192.361230
280.8936,9.9106,3.0,0.233489,87.644910,652.208428,0.345763,0.655649,0.682062,0.158969,192.358770
280.9937,9.9006,3.0,0.233388,87.480708,649.488024,0.346193,0.655077,0.681346,0.159327,192.373086
281.0937,9.8906,3.0,0.233361,87.436304,648.753513,0.346309,0.654922,0.681152,0.159424,192.376957
281.1937,9.8806,3.0,0.233320,87.368303,647.629628,0.346487,0.654685,0.680856,0.159572,192.382885
281.2938,9.8706,3.0,0.233268,87.283998,646.237848,0.346707,0.654391,0.680488,0.159756,192.390236
281.3938,9.8606,3.0,0.233215,87.196827,644.800600,0.346935,0.654087,0.680108,0.159946,192.397835
281.4938,9.8506,3.0,0.233182,87.142365,643.903597,0.347078,0.653897,0.679871,0.160065,192.402584
281.5939,9.8406,3.0,0.233116,87.033724,642.116449,0.347362,0.653518,0.679397,0.160301,192.412055
281.6939,9.8306,3.0,0.233038,86.905840,640.016494,0.347696,0.653072,0.678840,0.160580,192.423205
281.7939,9.8206,3.0,0.233056,86.936428,640.518399,0.347616,0.653178,0.678973,0.160513,192.420538
281.8940,9.8106,3.0,0.233006,86.853544,639.158903,0.347833,0.652889,0.678612,0.160694,192.427764
281.9940,9.8006,3.0,0.232959,86.776519,637.897038,0.348034,0.652621,0.678276,0.160862,192.434480
282.0940,9.7906,3.0,0.232836,86.575779,634.615248,0.348559,0.651921,0.677401,0.161300,192.451981
282.1941,9.7806,3.0,0.232843,86.586212,634.785564,0.348532,0.651957,0.677446,0.161277,192.451071
282.2941,9.7706,3.0,0.232804,86.523510,633.762358,0.348696,0.651738,0.677173,0.161413,192.456538
282.3941,9.7606,3.0,0.232702,86.356591,631.043193,0.349133,0.651156,0.676445,0.161777,192.471091
282.4942,9.7506,3.0,0.232684,86.327045,630.562591,0.349210,0.651053,0.676317,0.161842,192.473667
282.5942,9.7406,3.0,0.232631,86.239203,629.135010,0.349440,0.650747,0.675934,0.162033,192.481325
282.6942,9.7306,3.0,0.232641,86.255550,629.400522,0.349397,0.650804,0.676005,0.161997,192.479900
282.7943,9.7206,3.0,0.232593,86.178088,628.142890,0.349600,0.650534,0.675667,0.162166,192.486653
282.8943,9.7106,3.0,0.232434,85.917061,623.915854,0.350282,0.649624,0.674529,0.162735,192.509411
282.9943,9.7006,3.0,0.232511,86.043386,625.959466,0.349952,0.650064,0.675080,0.162460,192.498397
283.0944,9.6906,3.0,0.232357,85.791335,621.885836,0.350611,0.649185,0.673981,0.163009,192.520372
283.1944,9.6806,3.0,0.232365,85.804533,622.098741,0.350577,0.649231,0.674039,0.162981,192.519221
283.2944,9.6706,3.0,0.232315,85.722421,620.774766,0.350791,0.648945,0.673681,0.163159,192.526380
283.3945,9.6606,3.0,0.232206,85.542505,617.879538,0.351262,0.648317,0.672897,0.163552,192.542066
283.4945,9.6506,3.0,0.232201,85.535342,617.764432,0.351281,0.648292,0.672865,0.163567,192.542690
283.5945,9.6405,3.0,0.232133,85.423687,615.971842,0.351573,0.647903,0.672379,0.163811,192.552425
283.6946,9.6305,3.0,0.232103,85.375160,615.193718,0.351700,0.647734,0.672167,0.163916,192.556656
283.7946,9.6205,3.0,0.232044,85.277353,613.627132,0.351955,0.647393,0.671741,0.164130,192.565183
283.8946,9.6105,3.0,0.232023,85.244009,613.093580,0.352043,0.647276,0.671596,0.164202,192.568090
283.9947,9.6005,3.0,0.231939,85.106330,610.893436,0.352403,0.646796,0.670995,0.164502,192.580093
284.0947,9.5905,3.0,0.231882,85.012530,609.397145,0.352648,0.646469,0.670586,0.164707,192.588271
284.1947,9.5805,3.0,0.231871,84.994087,609.103192,0.352696,0.646405,0.670506,0.164747,192.589879
284.2948,9.5705,3.0,0.231805,84.886659,607.392634,0.352977,0.646030,0.670038,0.164981,192.599245
284.3948,9.5605,3.0,0.231760,84.812582,606.214752,0.353171,0.645772,0.669715,0.165143,192.605703
284.4948,9.5505,3.0,0.231668,84.661110,603.810399,0.353567,0.645244,0.669055,0.165473,192.618909
284.5949,9.5405,3.0,0.231606,84.560421,602.215222,0.353831,0.644892,0.668616,0.165692,192.627688
284.6949,9.5305,3.0,0.231571,84.502638,601.300917,0.353982,0.644691,0.668364,0.165818,192.632726
284.7949,9.5205,3.0,0.231519,84.418320,599.968189,0.354202,0.644397,0.667996,0.166002,192.640077
284.8950,9.5105,3.0,0.231513,84.407004,599.789465,0.354232,0.644357,0.667947,0.166027,192.641063
284.9950,9.5005,3.0,0.231469,84.334823,598.650146,0.354421,0.644106,0.667632,0.166184,192.647356
285.0950,9.4905,3.0,0.231384,84.196594,596.471843,0.354782,0.643624,0.667030,0.166485,192.659408
285.1951,9.4805,3.0,0.231383,84.194219,596.434456,0.354788,0.643615,0.667019,0.166490,192.659615
285.2951,9.4705,3.0,0.231331,84.109415,595.100422,0.355010,0.643320,0.666650,0.166675,192.667008
285.3951,9.4605,3.0,0.231247,83.971477,592.934266,0.355371,0.642839,0.666048,0.166976,192.679034
285.4952,9.4505,3.0,0.231164,83.836525,590.819465,0.355724,0.642368,0.665460,0.167270,192.690800
285.5952,9.4405,3.0,0.231188,83.874697,591.417204,0.355624,0.642501,0.665626,0.167187,192.687472
285.6952,9.4305,3.0,0.231088,83.711183,588.859222,0.356052,0.641931,0.664914,0.167543,192.701728
285.7953,9.4205,3.0,0.231044,83.638844,587.729640,0.356241,0.641679,0.664598,0.167701,192.708034
285.8953,9.4105,3.0,0.230980,83.533855,586.092463,0.356516,0.641312,0.664141,0.167930,192.717188
285.9953,9.4005,3.0,0.230913,83.424641,584.392252,0.356801,0.640932,0.663665,0.168168,192.726710
286.0954,9.3905,3.0,0.230846,83.313992,582.672623,0.357091,0.640546,0.663182,0.168409,192.736356
286.1954,9.3805,3.0,0.230860,83.337357,583.035496,0.357030,0.640627,0.663284,0.168358,192.734319
286.2954,9.3705,3.0,0.230767,83.184830,580.669038,0.357429,0.640095,0.662619,0.168690,192.747617
286.3955,9.3605,3.0,0.230834,83.295260,582.381801,0.357140,0.640480,0.663101,0.168450,192.737990
286.4955,9.3505,3.0,0.230658,83.006260,577.905672,0.357896,0.639473,0.661841,0.169080,192.763186
286.5955,9.3404,3.0,0.230603,82.915972,576.511397,0.358132,0.639158,0.661447,0.169276,192.771057
286.6956,9.3304,3.0,0.230607,82.922623,576.614033,0.358114,0.639181,0.661476,0.169262,192.770478
286.7956,9.3204,3.0,0.230588,82.891853,576.139273,0.358195,0.639074,0.661342,0.169329,192.773160
286.8956,9.3104,3.0,0.230493,82.736886,573.751670,0.358600,0.638533,0.660666,0.169667,192.786671
286.9957,9.3004,3.0,0.230459,82.680535,572.884894,0.358748,0.638337,0.660421,0.169790,192.791584
287.0957,9.2904,3.0,0.230335,82.478009,569.776020,0.359277,0.637630,0.659538,0.170231,192.809241
287.1957,9.2804,3.0,0.230321,82.454571,569.416879,0.359339,0.637549,0.659436,0.170282,192.811284
287.2958,9.2704,3.0,0.230259,82.353024,567.862369,0.359604,0.637195,0.658993,0.170503,192.820137
287.3958,9.2604,3.0,0.230184,82.230207,565.985582,0.359925,0.636766,0.658458,0.170771,192.830845
287.4958,9.2504,3.0,0.230196,82.249061,566.273457,0.359876,0.636832,0.658540,0.170730,192.829201
287.5959,9.2404,3.0,0.230074,82.049321,563.228013,0.360398,0.636135,0.657669,0.171165,192.846615
287.6959,9.2304,3.0,0.230052,82.013600,562.684384,0.360492,0.636011,0.657514,0.171243,192.849730
287.7959,9.2204,3.0,0.230026,81.971095,562.037910,0.360603,0.635863,0.657328,0.171336,192.853436
287.8960,9.2104,3.0,0.229967,81.874632,560.572392,0.360855,0.635526,0.656908,0.171546,192.861845
287.9960,9.2004,3.0,0.229955,81.854257,560.263120,0.360909,0.635455,0.656819,0.171591,192.863622
288.0960,9.1904,3.0,0.229902,81.767953,558.954247,0.361134,0.635154,0.656443,0.171779,192.871146
288.1961,9.1804,3.0,0.229870,81.715599,558.161123,0.361271,0.634972,0.656214,0.171893,192.875711
288.2961,9.1704,3.0,0.229816,81.626761,556.816798,0.361504,0.634662,0.655827,0.172086,192.883456
288.3961,9.1604,3.0,0.229778,81.564412,555.874454,0.361667,0.634444,0.655555,0.172222,192.888892
288.4962,9.1504,3.0,0.229693,81.425504,553.778310,0.362030,0.633960,0.654950,0.172525,192.901002
288.5962,9.1404,3.0,0.229652,81.358998,552.776377,0.362204,0.633728,0.654660,0.172670,192.906800
288.6962,9.1304,3.0,0.229609,81.287624,551.702265,0.362391,0.633479,0.654349,0.172826,192.913023
288.7963,9.1204,3.0,0.229548,81.187352,550.195332,0.362653,0.633129,0.653912,0.173044,192.921765
288.8963,9.1104,3.0,0.229481,81.078629,548.564096,0.362937,0.632750,0.653438,0.173281,192.931244
288.9963,9.1004,3.0,0.229433,81.000083,547.387391,0.363143,0.632476,0.653095,0.173452,192.938092
289.0964,9.0904,3.0,0.229369,80.894042,545.801109,0.363420,0.632107,0.652633,0.173683,192.947337
289.1964,9.0804,3.0,0.229357,80.874213,545.504785,0.363472,0.632037,0.652547,0.173727,192.949066
289.2964,9.0704,3.0,0.229291,80.766642,543.898865,0.363753,0.631662,0.652078,0.173961,192.958444
289.3965,9.0604,3.0,0.229224,80.656392,542.255823,0.364042,0.631278,0.651597,0.174201,192.968057
289.4965,9.0504,3.0,0.229174,80.574645,541.039418,0.364256,0.630993,0.651241,0.174380,192.975184
289.5965,9.0403,3.0,0.229107,80.465441,539.416948,0.364541,0.630612,0.650765,0.174618,192.984704
289.6966,9.0303,3.0,0.229124,80.493105,539.827694,0.364469,0.630708,0.650885,0.174557,192.982292
289.7966,9.0203,3.0,0.229047,80.366294,537.946352,0.364800,0.630266,0.650333,0.174834,192.993348
289.8966,9.0103,3.0,0.228968,80.237421,536.038344,0.365138,0.629817,0.649771,0.175115,193.004584
289.9967,9.0003,3.0,0.228969,80.239185,536.064429,0.365133,0.629823,0.649778,0.175111,193.004430
290.0967,8.9903,3.0,0.228877,80.088930,533.844763,0.365526,0.629299,0.649123,0.175438,193.017530
290.1967,8.9803,3.0,0.228802,79.964820,532.015377,0.365851,0.628866,0.648582,0.175709,193.028351
290.2968,8.9703,3.0,0.228826,80.004396,532.598343,0.365747,0.629004,0.648755,0.175623,193.024900
290.3968,8.9603,3.0,0.228728,79.844669,530.247841,0.366165,0.628447,0.648059,0.175971,193.038826
290.4968,8.9503,3.0,0.228682,79.769266,529.140333,0.366362,0.628184,0.647730,0.176135,193.045400
290.5969,8.9403,3.0,0.228646,79.709955,528.270132,0.366517,0.627977,0.647471,0.176264,193.050571
290.6969,8.9303,3.0,0.228630,79.683209,527.877990,0.366587,0.627884,0.647355,0.176323,193.052902
290.7969,8.9203,3.0,0.228545,79.545263,525.858166,0.366948,0.627403,0.646754,0.176623,193.064929
290.8970,8.9103,3.0,0.228458,79.402486,523.772338,0.367321,0.626905,0.646131,0.176934,193.077377
290.9970,8.9003,3.0,0.228462,79.407814,523.850088,0.367307,0.626924,0.646154,0.176923,193.076912
291.0970,8.8903,3.0,0.228380,79.274547,521.907391,0.367656,0.626459,0.645573,0.177213,193.088531
291.1971,8.8803,3.0,0.228403,79.311368,522.443725,0.367560,0.626587,0.645734,0.177133,193.085321
291.2971,8.8703,3.0,0.228295,79.135089,519.878935,0.368021,0.625972,0.644966,0.177517,193.100690
291.3971,8.8603,3.0,0.228177,78.941565,517.071688,0.368527,0.625298,0.644122,0.177939,193.117562
291.4972,8.8503,3.0,0.228206,78.989355,517.764106,0.368402,0.625464,0.644330,0.177835,193.113395
291.5972,8.8403,3.0,0.228205,78.986885,517.728308,0.368408,0.625456,0.644319,0.177840,193.113611
291.6972,8.8303,3.0,0.228144,78.886618,516.276248,0.368671,0.625106,0.643882,0.178059,193.122352
291.7973,8.8203,3.0,0.228101,78.817535,515.277174,0.368851,0.624865,0.643581,0.178209,193.128375
291.8973,8.8103,3.0,0.227964,78.593163,512.040079,0.369438,0.624083,0.642603,0.178698,193.147937
291.9973,8.8003,3.0,0.227973,78.607921,512.252634,0.369400,0.624134,0.642667,0.178666,193.146650
292.0974,8.7903,3.0,0.227874,78.444375,509.899994,0.369827,0.623564,0.641955,0.179023,193.160909
292.1974,8.7803,3.0,0.227853,78.409849,509.404133,0.369918,0.623443,0.641804,0.179098,193.163919
292.2974,8.7703,3.0,0.227757,78.253145,507.157100,0.370327,0.622897,0.641121,0.179440,193.177581
292.3975,8.7603,3.0,0.227726,78.202726,506.435359,0.370459,0.622721,0.640901,0.179549,193.181977
292.4975,8.7503,3.0,0.227675,78.119292,505.242310,0.370678,0.622430,0.640537,0.179731,193.189251
292.5975,8.7402,3.0,0.227673,78.116186,505.197927,0.370686,0.622419,0.640524,0.179738,193.189522
292.6976,8.7302,3.0,0.227620,78.029446,503.959415,0.370913,0.622117,0.640146,0.179927,193.197084
292.7976,8.7202,3.0,0.227554,77.921403,502.419177,0.371195,0.621740,0.639675,0.180163,193.206504
292.8976,8.7102,3.0,0.227455,77.758190,500.097669,0.371622,0.621171,0.638963,0.180518,193.220733
292.9977,8.7002,3.0,0.227437,77.728278,499.672876,0.371700,0.621066,0.638833,0.180584,193.223341
293.0977,8.6902,3.0,0.227373,77.624701,498.203582,0.371971,0.620705,0.638381,0.180809,193.232371
293.1977,8.6802,3.0,0.227373,77.623637,498.188494,0.371974,0.620701,0.638377,0.180812,193.232464
293.2978,8.6702,3.0,0.227332,77.557207,497.247487,0.372148,0.620470,0.638087,0.180956,193.238256
293.3978,8.6602,3.0,0.227279,77.469260,496.003277,0.372378,0.620163,0.637704,0.181148,193.245923
293.4978,8.6502,3.0,0.227173,77.296822,493.568992,0.372829,0.619562,0.636952,0.181524,193.260957
293.5979,8.6402,3.0,0.227063,77.115747,491.020269,0.373302,0.618930,0.636163,0.181919,193.276744
293.6979,8.6302,3.0,0.227043,77.082515,490.553346,0.373389,0.618814,0.636018,0.181991,193.279641
293.7979,8.6202,3.0,0.227090,77.160083,491.643615,0.373186,0.619085,0.636356,0.181822,193.272879
293.8980,8.6102,3.0,0.226984,76.987076,489.213816,0.373639,0.618482,0.635602,0.182199,193.287962
293.9980,8.6002,3.0,0.226924,76.887739,487.821828,0.373899,0.618135,0.635169,0.182416,193.296623
294.0980,8.5902,3.0,0.226947,76.925543,488.351297,0.373800,0.618267,0.635334,0.182333,193.293327
294.1981,8.5802,3.0,0.226885,76.824802,486.941100,0.374063,0.617916,0.634895,0.182553,193.302110
294.2981,8.5702,3.0,0.226797,76.680899,484.930822,0.374440,0.617414,0.634267,0.182866,193.314656
294.3981,8.5602,3.0,0.226738,76.583138,483.567884,0.374695,0.617073,0.633841,0.183079,193.323179
294.4982,8.5502,3.0,0.226693,76.509334,482.540412,0.374888,0.616815,0.633519,0.183240,193.329613
294.5982,8.5402,3.0,0.226654,76.445426,481.651747,0.375056,0.616593,0.633241,0.183380,193.335185
294.6982,8.5302,3.0,0.226646,76.432199,481.467931,0.375090,0.616546,0.633183,0.183408,193.336338
294.7983,8.5202,3.0,0.226560,76.291447,479.514489,0.375458,0.616056,0.632570,0.183715,193.348610
294.8983,8.5102,3.0,0.226519,76.224751,478.590453,0.375633,0.615823,0.632279,0.183861,193.354424
294.9983,8.5002,3.0,0.226483,76.165039,477.764039,0.375789,0.615615,0.632018,0.183991,193.359630
295.0984,8.4902,3.0,0.226361,75.966216,475.018330,0.376309,0.614921,0.631152,0.184424,193.376965
295.1984,8.4802,3.0,0.226370,75.980566,475.216195,0.376271,0.614971,0.631214,0.184393,193.375714
295.2984,8.4702,3.0,0.226288,75.846216,473.365604,0.376623,0.614503,0.630629,0.184686,193.387427
295.3985,8.4602,3.0,0.226170,75.653261,470.715072,0.377127,0.613830,0.629788,0.185106,193.404249
295.4985,8.4502,3.0,0.226132,75.590778,469.858616,0.377291,0.613612,0.629515,0.185242,193.409697
295.5985,8.4401,3.0,0.226116,75.564400,469.497325,0.377360,0.613520,0.629400,0.185300,193.411997
295.6986,8.4301,3.0,0.226113,75.559985,469.436876,0.377371,0.613505,0.629381,0.185310,193.412381
295.7986,8.4201,3.0,0.226051,75.457232,468.031135,0.377640,0.613146,0.628933,0.185533,193.421340
295.8986,8.4101,3.0,0.226003,75.378876,466.960826,0.377845,0.612873,0.628591,0.185704,193.428171
295.9987,8.4001,3.0,0.226007,75.385321,467.048802,0.377828,0.612896,0.628620,0.185690,193.427609
296.0987,8.3901,3.0,0.225859,75.142434,463.739693,0.378464,0.612049,0.627561,0.186220,193.448785
296.1987,8.3801,3.0,0.225846,75.122631,463.470492,0.378515,0.611980,0.627474,0.186263,193.450512
296.2988,8.3701,3.0,0.225807,75.057337,462.583551,0.378686,0.611752,0.627190,0.186405,193.456204
296.3988,8.3601,3.0,0.225725,74.923414,460.767429,0.379036,0.611285,0.626606,0.186697,193.467880
296.4988,8.3501,3.0,0.225698,74.879755,460.176271,0.379151,0.611133,0.626416,0.186792,193.471687
296.5989,8.3401,3.0,0.225599,74.716452,457.968971,0.379578,0.610563,0.625704,0.187148,193.485924
296.6989,8.3301,3.0,0.225640,74.785054,458.895490,0.379398,0.610802,0.626003,0.186999,193.479943
296.7989,8.3201,3.0,0.225527,74.598587,456.379660,0.379886,0.610152,0.625190,0.187405,193.496200
296.8990,8.3101,3.0,0.225559,74.652346,457.104155,0.379745,0.610339,0.625424,0.187288,193.491513
296.9990,8.3001,3.0,0.225446,74.467259,454.612581,0.380229,0.609694,0.624618,0.187691,193.507650
297.0990,8.2901,3.0,0.225429,74.438392,454.224690,0.380305,0.609593,0.624492,0.187754,193.510166
297.1991,8.2801,3.0,0.225346,74.302430,452.400336,0.380661,0.609119,0.623899,0.188051,193.522020
297.2991,8.2701,3.0,0.225297,74.221662,451.318605,0.380872,0.608838,0.623547,0.188227,193.529062
297.3991,8.2601,3.0,0.225230,74.112102,449.853640,0.381158,0.608455,0.623069,0.188465,193.538614
297.4992,8.2501,3.0,0.225201,74.065363,449.229516,0.381281,0.608292,0.622866,0.188567,193.542688
297.5992,8.2401,3.0,0.225157,73.993410,448.269671,0.381469,0.608042,0.622552,0.188724,193.548962
297.6992,8.2301,3.0,0.225074,73.856399,446.445261,0.381827,0.607564,0.621955,0.189023,193.560907
297.7993,8.2201,3.0,0.225044,73.807460,445.794653,0.381955,0.607393,0.621741,0.189129,193.565173
297.8993,8.2101,3.0,0.224979,73.701308,444.385301,0.382233,0.607023,0.621279,0.189361,193.574428
297.9993,8.2001,3.0,0.225018,73.764896,445.229228,0.382067,0.607245,0.621556,0.189222,193.568884
298.0994,8.1901,3.0,0.224895,73.563525,442.559847,0.382593,0.606542,0.620678,0.189661,193.586441
298.1994,8.1801,3.0,0.224895,73.563372,442.557816,0.382594,0.606542,0.620677,0.189661,193.586454
298.2994,8.1701,3.0,0.224792,73.394427,440.325436,0.383036,0.605953,0.619941,0.190030,193.601183
298.3995,8.1601,3.0,0.224756,73.335269,439.545293,0.383190,0.605746,0.619683,0.190159,193.606341
298.4995,8.1501,3.0,0.224657,73.174333,437.426984,0.383611,0.605185,0.618981,0.190509,193.620372
298.5995,8.1400,3.0,0.224634,73.136143,436.925183,0.383711,0.605052,0.618815,0.190593,193.623702
298.6996,8.1300,3.0,0.224604,73.087119,436.281504,0.383839,0.604881,0.618601,0.190699,193.627976
298.7996,8.1200,3.0,0.224596,73.073986,436.109176,0.383874,0.604835,0.618544,0.190728,193.629121
298.8996,8.1100,3.0,0.224505,72.923879,434.142170,0.384266,0.604312,0.617890,0.191055,193.642208
298.9997,8.1000,3.0,0.224490,72.900059,433.830506,0.384329,0.604229,0.617786,0.191107,193.644284
299.0997,8.0900,3.0,0.224417,72.781002,432.274682,0.384640,0.603813,0.617267,0.191367,193.654664
299.1997,8.0800,3.0,0.224397,72.748428,431.849566,0.384725,0.603700,0.617125,0.191438,193.657504
299.2998,8.0700,3.0,0.224296,72.582197,429.683915,0.385160,0.603120,0.616400,0.191800,193.671997
299.3998,8.0600,3.0,0.224321,72.622751,430.211671,0.385054,0.603262,0.616577,0.191712,193.668461
299.4998,8.0500,3.0,0.224183,72.397060,427.279358,0.385644,0.602474,0.615593,0.192203,193.688138
299.5999,8.0400,3.0,0.224124,72.301096,426.036048,0.385895,0.602140,0.615175,0.192413,193.696504
299.6999,8.0300,3.0,0.224061,72.197006,424.689812,0.386167,0.601777,0.614721,0.192639,193.705579
299.7999,8.0200,3.0,0.224119,72.292148,425.920222,0.385919,0.602109,0.615136,0.192432,193.697284
299.9000,8.0100,3.0,0.224023,72.134657,423.884616,0.386330,0.601559,0.614449,0.192775,193.711015
300.0000,8.0000,3.0,0.223938,71.995066,422.085076,0.386696,0.601073,0.613841,0.193080,193.723185
